W,win,start,end,year,sym,n_days,K,rule_sum_bp,rule_bp_per_day,rnd_mean,rnd_sd,pct
42,0,2008-01-01,2008-02-27,2008,EURUSD,21,2,224.03082828414273,10.668134680197273,8.548482844322363,326.60936582639135,0.762
42,0,2008-01-01,2008-02-27,2008,GBPUSD,21,10,-622.2833462731579,-29.632540298721807,-15.917505701268526,261.8751098380411,0.008
42,0,2008-01-01,2008-02-27,2008,USDCHF,21,4,-70.82153551894461,-3.372454072330696,-2.704285549869556,341.2696896171053,0.432
42,0,2008-01-01,2008-02-27,2008,USDCAD,21,8,-471.53896122878837,-22.454236248989922,-19.781086385491164,307.73796450441824,0.072
42,0,2008-01-01,2008-02-27,2008,EURJPY,21,2,232.98033977299096,11.09430189395195,-21.463862577099132,244.39903128975058,0.852
42,0,2008-01-01,2008-02-27,2008,GBPJPY,21,4,2.39138596793471,0.11387552228260522,5.754197513939941,275.61696070126504,0.48
42,0,2008-01-01,2008-02-27,2008,XAGUSD,21,0,1354.181335502626,64.48482550012505,-60.111114259899196,1366.2054918062975,0.522
42,1,2008-01-30,2008-03-27,2008,EURUSD,42,2,676.8958777881058,16.116568518764424,22.590052626459784,528.3593233270356,0.88
42,1,2008-01-30,2008-03-27,2008,GBPUSD,42,10,-558.2099937370059,-13.290714136595378,8.605700493132383,344.6793659189288,0.052
42,1,2008-01-30,2008-03-27,2008,AUDUSD,41,4,239.08581524662637,5.831361347478692,32.13883944223601,470.166180010163,0.658
42,1,2008-01-30,2008-03-27,2008,USDCHF,42,4,609.2116640395404,14.505039619989057,-56.39025354984474,638.5079692163301,0.83
42,1,2008-01-30,2008-03-27,2008,USDCAD,42,8,-948.9317802638444,-22.59361381580582,-14.803847496437763,448.2180389464098,0.002
42,1,2008-01-30,2008-03-27,2008,EURJPY,42,4,28.82944793506789,0.6864154270254259,16.217425967500162,392.9802090025662,0.536
42,1,2008-01-30,2008-03-27,2008,GBPJPY,42,4,314.0443045820291,7.477245347191169,14.506407621464222,562.942055602286,0.686
42,1,2008-01-30,2008-03-27,2008,XAGUSD,42,2,-868.4825205642677,-20.678155251530182,-31.45195264650523,1877.6298747217106,0.316
42,2,2008-02-28,2008-04-25,2008,EURUSD,42,1,397.0670879985706,9.453978285680254,4.1209259266433875,433.44629529378415,0.756
42,2,2008-02-28,2008-04-25,2008,GBPUSD,42,4,-158.71586760596796,-3.7789492287135227,3.8950893522171497,276.48623220223226,0.294
42,2,2008-02-28,2008-04-25,2008,AUDUSD,42,6,-615.0255910757338,-14.64346645418414,-16.055016689260626,479.4893109346508,0.108
42,2,2008-02-28,2008-04-25,2008,USDJPY,40,4,462.4116570917372,11.56029142729343,5.683724020692894,523.2084108318966,0.806
42,2,2008-02-28,2008-04-25,2008,USDCHF,42,5,534.127903851702,12.71733104408814,-2.005741061478957,608.1758022773612,0.804
42,2,2008-02-28,2008-04-25,2008,USDCAD,42,2,-748.3912029687037,-17.818838165921516,7.247939705441344,356.04788699793977,0.004
42,2,2008-02-28,2008-04-25,2008,EURJPY,42,4,1.010971127509876,0.024070741131187526,3.5747461964357297,482.041343313898,0.538
42,2,2008-02-28,2008-04-25,2008,GBPJPY,42,6,410.285168773707,9.768694494612072,-3.8401309992430397,609.73543895667,0.738
42,2,2008-02-28,2008-04-25,2008,XAGUSD,42,3,-1989.141166267965,-47.36050395876107,-12.121551732567605,1785.2115295515964,0.162
42,3,2008-03-28,2008-05-26,2008,EURUSD,42,2,-95.82317430305038,-2.281504150072628,-4.367533133151129,287.7978720413648,0.39
42,3,2008-03-28,2008-05-26,2008,GBPUSD,42,11,-747.1937868675053,-17.790328258750126,-41.88621269138246,307.9804112053054,0.008
42,3,2008-03-28,2008-05-26,2008,AUDUSD,42,7,-235.73886253141163,-5.612830060271706,23.349512030246487,378.85583118107513,0.25
42,3,2008-03-28,2008-05-26,2008,USDJPY,42,4,-95.56659708791535,-2.2753951687598892,-11.390852719706274,401.1073188236983,0.446
42,3,2008-03-28,2008-05-26,2008,USDCHF,42,6,-121.79860027256926,-2.899966673156411,-7.581311443658275,450.52743163011684,0.412
42,3,2008-03-28,2008-05-26,2008,USDCAD,42,5,-269.8173658513992,-6.424222996461886,10.579467063197136,291.4978767166621,0.174
42,3,2008-03-28,2008-05-26,2008,EURJPY,42,6,-152.74468714079546,-3.6367782652570346,-36.755831473959574,384.92260387624475,0.38
42,3,2008-03-28,2008-05-26,2008,GBPJPY,42,8,-268.8472936436426,-6.401126039134348,-55.58016974401181,461.25584647561305,0.344
42,3,2008-03-28,2008-05-26,2008,XAGUSD,42,3,-300.9868063234661,-7.166352531511098,-88.91699963818995,1441.303008685009,0.454
42,4,2008-04-28,2008-06-24,2008,EURUSD,42,6,-445.2639897013709,-10.601523564318356,1.4742490872272682,299.7951241736061,0.074
42,4,2008-04-28,2008-06-24,2008,GBPUSD,42,16,-718.4722742269598,-17.10648271968952,-10.974097203890034,304.265143023261,0.008
42,4,2008-04-28,2008-06-24,2008,AUDUSD,42,3,-396.84806130117926,-9.448763364313791,-6.000916234139327,285.2085715733422,0.098
42,4,2008-04-28,2008-06-24,2008,USDJPY,42,4,-22.457442453114993,-0.5347010107884522,-5.271492050220826,338.72785736830144,0.484
42,4,2008-04-28,2008-06-24,2008,USDCHF,42,4,-46.41309815244235,-1.1050737655343417,-21.654841359505074,331.29306855276843,0.492
42,4,2008-04-28,2008-06-24,2008,USDCAD,42,5,-146.50834285498465,-3.4882938774996344,-14.970122649520267,339.95889921809993,0.37
42,4,2008-04-28,2008-06-24,2008,EURJPY,42,8,-113.05181867668105,-2.691709968492406,-8.896103921394584,320.9327108682534,0.396
42,4,2008-04-28,2008-06-24,2008,GBPJPY,42,6,-152.92016890114132,-3.640956402408127,-16.19642826822163,376.8646427123955,0.354
42,4,2008-04-28,2008-06-24,2008,XAGUSD,42,8,-1671.693336887608,-39.80222230684781,-248.31976536120143,1204.9489733045516,0.126
42,5,2008-05-27,2008-07-23,2008,EURUSD,42,8,-477.75032298195316,-11.375007690046504,-3.5614909704526543,352.0662657580866,0.098
42,5,2008-05-27,2008-07-23,2008,GBPUSD,42,9,-228.6770779999767,-5.444692333332778,-17.823003911348653,249.75322846191392,0.204
42,5,2008-05-27,2008-07-23,2008,AUDUSD,42,2,-427.3777770222656,-10.17566135767299,-10.335681091140795,293.7402929287755,0.09
42,5,2008-05-27,2008-07-23,2008,USDJPY,42,4,-22.882239971126047,-0.544815237407763,4.77000409170847,425.1088650976259,0.456
42,5,2008-05-27,2008-07-23,2008,USDCHF,42,6,-153.88829234725236,-3.664006960648866,-6.9141307251722735,464.456454180318,0.374
42,5,2008-05-27,2008-07-23,2008,USDCAD,42,4,-140.50534370846768,-3.3453653263920877,-60.84857701714544,325.0380027628665,0.462
42,5,2008-05-27,2008-07-23,2008,EURJPY,42,5,123.05404343426312,2.9298581770062646,-21.788301574509646,273.7123044234305,0.696
42,5,2008-05-27,2008-07-23,2008,GBPJPY,42,5,192.19123808092954,4.575981859069751,-20.821356238590447,288.5201402277238,0.764
42,5,2008-05-27,2008-07-23,2008,XAUUSD,39,4,-1039.3847681660213,-26.650891491436443,-17.520596243935596,786.464172837007,0.098
42,5,2008-05-27,2008-07-23,2008,XAGUSD,42,8,-1225.1005097330433,-29.16905975554865,-218.2882961840798,1482.3608019839392,0.248
42,6,2008-06-25,2008-08-21,2008,EURUSD,42,4,443.7730291958167,10.566024504662304,-20.5373149546378,506.05089012831303,0.778
42,6,2008-06-25,2008-08-21,2008,GBPUSD,42,4,318.3404338370009,7.579534138976212,-4.81392341698806,504.6939303269291,0.694
42,6,2008-06-25,2008-08-21,2008,AUDUSD,42,2,871.6475468964261,20.75351302134348,33.29696228191692,849.3331177812012,0.758
42,6,2008-06-25,2008-08-21,2008,USDJPY,42,2,-112.1374344427873,-2.6699389153044595,-10.028007370361154,332.8877544715515,0.36
42,6,2008-06-25,2008-08-21,2008,USDCHF,42,4,377.2364529392222,8.981820308076719,-14.844896031275225,520.9559973538747,0.744
42,6,2008-06-25,2008-08-21,2008,USDCAD,42,4,334.34073246036104,7.960493630008596,-11.176360750618493,463.65452035525874,0.744
42,6,2008-06-25,2008-08-21,2008,EURJPY,42,9,-262.9267628083155,-6.260161019245608,17.237738093072508,354.0275170222013,0.234
42,6,2008-06-25,2008-08-21,2008,GBPJPY,42,3,84.39622760190994,2.009433990521665,-33.58342083175844,408.117243139647,0.576
42,6,2008-06-25,2008-08-21,2008,XAUUSD,42,2,694.6456694942997,16.539182607007135,37.813848744473255,1421.9617235677206,0.696
42,6,2008-06-25,2008-08-21,2008,XAGUSD,42,4,1711.3017601440893,40.74528000343069,-128.76053148960023,2413.288402753543,0.764
42,7,2008-07-24,2008-09-19,2008,EURUSD,42,1,797.4276175597208,18.98637184666002,-63.17488537542343,787.10831381594,0.864
42,7,2008-07-24,2008-09-19,2008,GBPUSD,42,3,589.7951333920926,14.042741271240299,73.24413179638121,773.1293840041427,0.724
42,7,2008-07-24,2008-09-19,2008,AUDUSD,42,1,1354.4713873203045,32.24931874572154,-143.00867486149295,1300.3200119739545,0.876
42,7,2008-07-24,2008-09-19,2008,USDJPY,42,4,34.34876795518903,0.8178278084568817,-35.7362429366671,385.32244876571264,0.624
42,7,2008-07-24,2008-09-19,2008,USDCHF,42,1,625.0243207177434,14.881531445660558,21.60218929700428,645.0307218555398,0.814
42,7,2008-07-24,2008-09-19,2008,USDCAD,42,3,182.97330443633425,4.3565072484841485,-32.216158368433696,506.7963741079214,0.66
42,7,2008-07-24,2008-09-19,2008,EURJPY,42,7,217.50582732929098,5.178710174506928,26.023744816156455,728.1625910374414,0.59
42,7,2008-07-24,2008-09-19,2008,GBPJPY,42,1,419.42905878276565,9.98640616149442,39.74411490127085,1019.9912981932818,0.616
42,7,2008-07-24,2008-09-19,2008,XAUUSD,42,2,443.23528419949236,10.553221052368865,151.73557983631324,1506.930982026363,0.586
42,7,2008-07-24,2008-09-19,2008,XAGUSD,42,3,2595.25033143198,61.79167455790429,-326.16888642881344,3027.348074378473,0.82
42,8,2008-08-22,2008-10-20,2008,EURUSD,42,2,874.3575767980733,20.81803754281127,-4.095722872220456,813.214863560488,0.848
42,8,2008-08-22,2008-10-20,2008,GBPUSD,42,4,-338.5627518893805,-8.061017902128107,-2.93123392133561,850.4108068679755,0.336
42,8,2008-08-22,2008-10-20,2008,AUDUSD,42,0,2049.2732169259302,48.79221945061739,-254.10987889881534,2035.4938854665033,0.562
42,8,2008-08-22,2008-10-20,2008,USDJPY,42,3,466.90497377823056,11.11678508995787,-18.90396650207385,579.7974489222289,0.768
42,8,2008-08-22,2008-10-20,2008,USDCHF,42,4,-427.1101625677869,-10.169289584947308,10.276923169008024,609.436870068696,0.234
42,8,2008-08-22,2008-10-20,2008,USDCAD,42,4,843.5275482149477,20.08398924321304,15.878836504260551,972.7349900800791,0.756
42,8,2008-08-22,2008-10-20,2008,EURJPY,42,0,1633.0724372698003,38.882677077852385,32.66144874539601,1634.380989112184,0.49
42,8,2008-08-22,2008-10-20,2008,GBPJPY,42,0,1416.4869644021485,33.72588010481306,101.98706143695469,1414.2255929221546,0.464
42,8,2008-08-22,2008-10-20,2008,XAUUSD,42,2,-57.35504207621449,-1.3655962399098687,31.91971477347561,1713.2173165044626,0.476
42,8,2008-08-22,2008-10-20,2008,XAGUSD,42,6,-2394.3317277918195,-57.00789828075761,-550.2585777334873,3212.4388320626713,0.312
42,9,2008-09-22,2008-11-18,2008,EURUSD,42,2,1108.1626473342083,26.38482493652877,-43.50304764348883,964.2570979257246,0.834
42,9,2008-09-22,2008-11-18,2008,GBPUSD,42,4,764.3986992271296,18.19996902921737,-9.159578511315917,1117.1838972859177,0.746
42,9,2008-09-22,2008-11-18,2008,AUDUSD,42,4,1765.6128519764015,42.03840123753337,-79.11838161819003,1944.708031401094,0.826
42,9,2008-09-22,2008-11-18,2008,USDJPY,42,0,986.1822180047675,23.480529000113513,27.61310210413349,986.7828354961638,0.486
42,9,2008-09-22,2008-11-18,2008,USDCHF,42,4,-141.29944056322776,-3.364272394362566,3.290868115860976,564.8670573709251,0.406
42,9,2008-09-22,2008-11-18,2008,USDCAD,42,2,1350.96939312019,32.1659379314331,-93.76112897066774,1442.5132217986954,0.828
42,9,2008-09-22,2008-11-18,2008,EURJPY,42,0,2247.249899973361,53.50594999936574,-17.977999199786908,2249.4285412075333,0.504
42,9,2008-09-22,2008-11-18,2008,GBPJPY,42,0,2898.9120157579555,69.0217146609037,-11.595648063031826,2901.7920687865962,0.502
42,9,2008-09-22,2008-11-18,2008,XAUUSD,42,1,1083.205425329536,25.790605364988952,-110.15017855970113,1562.4704786122165,0.638
42,9,2008-09-22,2008-11-18,2008,XAGUSD,42,10,-3434.4356576732293,-81.77227756364832,-393.4181317321084,2840.566321183156,0.142
42,10,2008-10-21,2008-12-17,2008,EURUSD,42,5,1262.166228249438,30.05157686308186,32.90149164263447,1313.7081173384324,0.79
42,10,2008-10-21,2008-12-17,2008,GBPUSD,42,1,1597.9467401662791,38.04635095633998,-4.766833881289523,1354.3637216663142,0.772
42,10,2008-10-21,2008-12-17,2008,AUDUSD,42,7,1291.7276761770622,30.755420861358623,-25.97559456138572,1698.2394318496297,0.774
42,10,2008-10-21,2008-12-17,2008,USDJPY,42,2,1416.3439402686784,33.722474768301865,-71.28509396915095,1133.0085042567598,0.914
42,10,2008-10-21,2008-12-17,2008,USDCHF,42,1,1301.697741971585,30.99280338027583,33.07053111054588,1301.8925287490454,0.758
42,10,2008-10-21,2008-12-17,2008,USDCAD,42,5,188.38513202503657,4.485360286310394,-71.97225208953087,1234.6770598044252,0.596
42,10,2008-10-21,2008-12-17,2008,EURJPY,42,5,1745.846757046038,41.56777992966757,34.14796121491855,1416.1341389999188,0.888
42,10,2008-10-21,2008-12-17,2008,GBPJPY,42,2,2489.0346878162045,59.262730662290586,-15.794537185172048,1715.6668547511886,0.928
42,10,2008-10-21,2008-12-17,2008,XAUUSD,42,1,2394.7166164654773,57.01706229679708,-19.002749891586106,1955.2503687904023,0.826
42,10,2008-10-21,2008-12-17,2008,XAGUSD,42,7,-600.6752002074583,-14.30179048112996,-370.5877986809683,2135.4855678945164,0.482
42,11,2008-11-19,2009-01-15,2008,EURUSD,42,6,149.02964610312995,3.54832490721738,-8.485564699345941,1006.624513803724,0.566
42,11,2008-11-19,2009-01-15,2008,GBPUSD,42,6,-470.20746020932575,-11.195415719269661,-32.2977714301005,816.7791446082034,0.32
42,11,2008-11-19,2009-01-15,2008,AUDUSD,42,4,564.5914083288187,13.442652579257588,-78.44686074888817,1039.228361141467,0.724
42,11,2008-11-19,2009-01-15,2008,USDJPY,42,5,624.2423206383406,14.862912396150968,17.799482854162363,663.0513127830951,0.822
42,11,2008-11-19,2009-01-15,2008,USDCHF,42,2,520.7134223601911,12.397938627623597,78.96458713819813,1055.3674073439063,0.598
42,11,2008-11-19,2009-01-15,2008,USDCAD,42,6,-218.956387600227,-5.213247323814929,1.9029397294618102,838.7849080252962,0.406
42,11,2008-11-19,2009-01-15,2008,EURJPY,42,6,740.135348705505,17.622270207273928,4.6472560117984685,986.2233857498151,0.77
42,11,2008-11-19,2009-01-15,2008,GBPJPY,42,4,-42.16179591448795,-1.0038522836782846,10.549523047443142,1007.1542780977069,0.48
42,11,2008-11-19,2009-01-15,2008,XAUUSD,42,2,1295.5592997233546,30.846649993413205,-43.76788862142991,1172.0636183493623,0.846
42,11,2008-11-19,2009-01-15,2008,XAGUSD,42,6,-1861.6523622832394,-44.32505624483903,-190.7660499427329,2053.60390360994,0.208
42,12,2008-12-18,2009-02-13,2008,EURUSD,42,1,-378.22651813302735,-9.005393288881603,71.87740670064227,784.9455512268127,0.386
42,12,2008-12-18,2009-02-13,2008,GBPUSD,42,7,-1213.4744817731137,-28.892249566026514,-45.0184565455973,935.6173222070397,0.106
42,12,2008-12-18,2009-02-13,2008,AUDUSD,42,1,-395.1458857975555,-9.408235376132273,14.300048126987015,662.5607879514663,0.318
42,12,2008-12-18,2009-02-13,2008,USDJPY,42,5,-538.5523865277011,-12.822675869707169,-0.6070652436931732,496.45882800752446,0.142
42,12,2008-12-18,2009-02-13,2008,USDCHF,42,1,8.753988007165397,0.2084282858848904,25.69729706874939,663.769393827571,0.51
42,12,2008-12-18,2009-02-13,2008,USDCAD,42,4,-270.9967794444584,-6.452304272487105,1.4043096044315588,594.1304667441581,0.336
42,12,2008-12-18,2009-02-13,2008,EURJPY,42,1,-39.14363320534649,-0.931991266793964,5.32589984799828,782.9721519192606,0.49
42,12,2008-12-18,2009-02-13,2008,GBPJPY,42,6,-2125.227945422101,-50.60066536719288,25.78493732239185,1144.5321977201506,0.014
42,12,2008-12-18,2009-02-13,2008,XAUUSD,42,4,-68.60024442359725,-1.6333391529427916,0.6972926690390341,1020.7986710556164,0.502
42,12,2008-12-18,2009-02-13,2008,XAGUSD,42,4,-90.69439311059435,-2.1593903121570084,-180.04372504863048,1705.9588156112816,0.53
42,13,2009-01-16,2009-03-16,2009,EURUSD,42,1,242.06382051577611,5.7634242979946695,-47.45846566266485,459.46400263828656,0.702
42,13,2009-01-16,2009-03-16,2009,GBPUSD,42,6,-302.66681254876505,-7.206352679732501,-30.109626258783127,759.169030440819,0.364
42,13,2009-01-16,2009-03-16,2009,AUDUSD,42,5,-428.39153317281836,-10.199798408876628,-72.41799623583205,723.3284074673825,0.326
42,13,2009-01-16,2009-03-16,2009,USDJPY,42,2,436.345839178682,10.389186647111476,13.628208017906346,718.6631151265987,0.632
42,13,2009-01-16,2009-03-16,2009,USDCHF,42,4,185.93923700195253,4.427124690522679,-1.0579594422790086,445.461044188265,0.634
42,13,2009-01-16,2009-03-16,2009,USDCAD,42,4,-309.7892533132956,-7.375934602697514,7.873462718861363,464.82461982732104,0.26
42,13,2009-01-16,2009-03-16,2009,EURJPY,42,1,1121.842571047457,26.710537405891834,-8.2104804665918,801.4825007515947,0.92
42,13,2009-01-16,2009-03-16,2009,GBPJPY,42,5,-769.7170313859314,-18.326595985379317,33.499311099501035,1023.3494199846897,0.206
42,13,2009-01-16,2009-03-16,2009,XAUUSD,42,4,-423.5036030253105,-10.08341911965025,20.88783433757468,1237.2959151834273,0.364
42,13,2009-01-16,2009-03-16,2009,XAGUSD,42,2,188.6540267050776,4.491762540597086,-201.03436468941533,2045.1035482748896,0.578
42,14,2009-02-16,2009-04-14,2009,EURUSD,42,1,259.94616507194314,6.1891944064748365,-29.998715619829653,567.6957696360399,0.582
42,14,2009-02-16,2009-04-14,2009,GBPUSD,42,5,470.1823680299343,11.194818286427008,12.251313556001207,598.8359886001765,0.762
42,14,2009-02-16,2009-04-14,2009,AUDUSD,42,5,289.4851921156983,6.892504574183293,19.83752598526158,780.3817166093419,0.6
42,14,2009-02-16,2009-04-14,2009,USDJPY,42,2,539.4686229343534,12.84449102224651,-41.36546162631012,639.3738035326226,0.774
42,14,2009-02-16,2009-04-14,2009,USDCHF,42,5,-491.3843289943872,-11.699626880818743,-8.832438886922041,521.0784582495626,0.196
42,14,2009-02-16,2009-04-14,2009,USDCAD,42,2,-11.218052215557883,-0.2670964813228067,-32.09535896442614,465.6226769098693,0.498
42,14,2009-02-16,2009-04-14,2009,EURJPY,42,1,1446.572115014903,34.44219321464055,-86.15934664025507,950.1845976462769,0.958
42,14,2009-02-16,2009-04-14,2009,GBPJPY,42,1,1292.233972911651,30.767475545515502,18.071646454277833,717.0106441035861,0.962
42,14,2009-02-16,2009-04-14,2009,XAUUSD,42,3,-659.3006273223228,-15.69763398386483,-6.508268548257486,874.402298694581,0.252
42,14,2009-02-16,2009-04-14,2009,XAGUSD,42,3,-1935.8785733137406,-46.09234698366049,-77.6429765215747,1129.9595159726107,0.034
42,15,2009-03-17,2009-05-13,2009,EURUSD,42,4,110.32449535017065,2.626773698813587,-58.46409230812783,650.4290493812179,0.572
42,15,2009-03-17,2009-05-13,2009,GBPUSD,42,3,155.98598170425896,3.713951945339499,-3.5850944058727987,505.868445473595,0.604
42,15,2009-03-17,2009-05-13,2009,AUDUSD,42,2,1249.032737551154,29.738874703598906,22.137644386304093,909.1196551989888,0.91
42,15,2009-03-17,2009-05-13,2009,USDJPY,42,3,-9.291800781265152,-0.22123335193488458,-18.361448740088253,486.41086324074263,0.496
42,15,2009-03-17,2009-05-13,2009,USDCHF,42,7,-779.7150629153477,-18.564644355127328,-53.87451727411012,682.4802317628086,0.146
42,15,2009-03-17,2009-05-13,2009,USDCAD,42,3,152.10372779814776,3.6215173285273274,-37.162681322115255,585.2853291310828,0.624
42,15,2009-03-17,2009-05-13,2009,EURJPY,42,4,-244.81568815398913,-5.82894495604736,48.40492993739903,675.9682877831302,0.318
42,15,2009-03-17,2009-05-13,2009,GBPJPY,42,7,346.02181837106053,8.238614723120488,25.856724223823832,894.0198572342218,0.622
42,15,2009-03-17,2009-05-13,2009,XAUUSD,42,3,179.25124940281512,4.267886890543217,2.071331542573702,658.7773127176381,0.598
42,15,2009-03-17,2009-05-13,2009,XAGUSD,42,3,-387.97326983465473,-9.237458805587018,-188.12287810842216,1381.87518162054,0.444
42,16,2009-04-15,2009-06-11,2009,EURUSD,42,4,302.5219475599243,7.20290351333153,-16.74649528967594,508.9070000549653,0.692
42,16,2009-04-15,2009-06-11,2009,GBPUSD,42,2,820.5006334762031,19.535729368481025,-25.66858601458787,794.0044743658705,0.808
42,16,2009-04-15,2009-06-11,2009,AUDUSD,42,2,1222.968297594677,29.118292799873263,-56.568450038009644,845.3671730716408,0.936
42,16,2009-04-15,2009-06-11,2009,USDJPY,42,2,-319.9173571767761,-7.617079932780383,-5.440500191363729,403.92493216933855,0.242
42,16,2009-04-15,2009-06-11,2009,USDCHF,42,6,-60.47604901276463,-1.4399059288753484,-50.25241073437754,521.3095675582006,0.49
42,16,2009-04-15,2009-06-11,2009,USDCAD,42,2,711.0053210734294,16.92869812079594,-37.27784359521967,668.3168987173028,0.842
42,16,2009-04-15,2009-06-11,2009,EURJPY,42,6,-127.42800541534199,-3.034000128936714,-61.07199624249568,619.7317149989037,0.472
42,16,2009-04-15,2009-06-11,2009,GBPJPY,42,8,358.9972685354692,8.547554012749266,-2.167583477436463,785.320945627899,0.678
42,16,2009-04-15,2009-06-11,2009,XAUUSD,42,1,428.560216421328,10.203814676698286,-35.20845801756021,683.1844376713009,0.702
42,16,2009-04-15,2009-06-11,2009,XAGUSD,42,1,1382.8977481795405,32.92613686141763,-14.982398899952255,1764.4324515735377,0.712
42,17,2009-05-14,2009-07-10,2009,EURUSD,42,7,-157.98698414600344,-3.7615948606191294,-19.132715235429966,435.0369970380952,0.376
42,17,2009-05-14,2009-07-10,2009,GBPUSD,42,3,531.4277076342047,12.653040657957254,35.73362795188335,684.6556545119689,0.732
42,17,2009-05-14,2009-07-10,2009,AUDUSD,42,5,632.817192752837,15.06707601792469,-63.871180526025434,741.089591325501,0.816
42,17,2009-05-14,2009-07-10,2009,USDJPY,42,6,-386.44388625735826,-9.201044910889483,-23.618001272279415,504.2525011406079,0.244
42,17,2009-05-14,2009-07-10,2009,USDCHF,42,5,-482.62973724014614,-11.491184220003479,6.189827314734987,396.45187707666685,0.102
42,17,2009-05-14,2009-07-10,2009,USDCAD,42,1,591.2485644960902,14.077346773716434,34.44225842235263,727.7072122137862,0.728
42,17,2009-05-14,2009-07-10,2009,EURJPY,42,7,-141.6141968359539,-3.3717665913322357,37.50406705606824,651.8263644566123,0.394
42,17,2009-05-14,2009-07-10,2009,GBPJPY,42,2,804.1088719392285,19.145449331886393,-34.777115771693566,788.2381187700582,0.842
42,17,2009-05-14,2009-07-10,2009,XAUUSD,42,1,317.63606165122485,7.56276337264821,55.53856260730851,620.7408064242262,0.67
42,17,2009-05-14,2009-07-10,2009,XAGUSD,42,3,887.9060694181866,21.140620700433015,-109.5365241510173,1547.6791732188474,0.732
42,18,2009-06-12,2009-08-10,2009,EURUSD,42,10,-644.5279668180937,-15.345903971859373,4.675213657966738,480.7614624773016,0.106
42,18,2009-06-12,2009-08-10,2009,GBPUSD,42,12,-796.8489238634893,-18.972593425321172,-35.40490012493047,505.01375252872435,0.068
42,18,2009-06-12,2009-08-10,2009,AUDUSD,42,8,-231.1189751087812,-5.502832740685267,-34.85548402847498,601.8936858151449,0.4
42,18,2009-06-12,2009-08-10,2009,USDJPY,42,6,-52.11522496464474,-1.2408386896343986,5.4479510406794285,453.0840735958349,0.46
42,18,2009-06-12,2009-08-10,2009,USDCHF,42,10,-1035.2987054473056,-24.649969177316798,-65.33207411530108,494.45638543119645,0.024
42,18,2009-06-12,2009-08-10,2009,USDCAD,42,2,101.29013320369853,2.411669838183298,-39.95727255166464,768.8442646608321,0.586
42,18,2009-06-12,2009-08-10,2009,EURJPY,42,10,-1117.210228365708,-26.600243532516856,-0.1761923889565278,653.120017796929,0.046
42,18,2009-06-12,2009-08-10,2009,GBPJPY,42,2,-256.6150375584016,-6.109881846628609,-0.9897698669129227,594.222302429393,0.338
42,18,2009-06-12,2009-08-10,2009,XAUUSD,42,4,-335.0206741182285,-7.976682717100679,11.908806874842488,550.880921737797,0.27
42,18,2009-06-12,2009-08-10,2009,XAGUSD,42,6,-1383.3748008543876,-32.9374952584378,-113.29278475110974,1438.0667422921235,0.182
42,19,2009-07-13,2009-09-08,2009,EURUSD,42,7,56.95113959656098,1.355979514203833,-26.331853869285496,342.5583141408823,0.62
42,19,2009-07-13,2009-09-08,2009,GBPUSD,42,14,-782.0529090249315,-18.620307357736465,-37.519002473376766,456.3690002249818,0.048
42,19,2009-07-13,2009-09-08,2009,AUDUSD,42,5,5.663795251824311,0.13485226790057883,1.5699693782481499,518.8159338515592,0.5
42,19,2009-07-13,2009-09-08,2009,USDJPY,42,2,-205.39621232851624,-4.8903860078218155,8.459174330767375,356.86727936468895,0.28
42,19,2009-07-13,2009-09-08,2009,USDCHF,42,13,-314.8185504781565,-7.4956797732894405,7.901101160379885,402.56813421875125,0.222
42,19,2009-07-13,2009-09-08,2009,USDCAD,42,3,67.38898094355177,1.6044995462750422,6.953620258284557,561.792802594367,0.54
42,19,2009-07-13,2009-09-08,2009,EURJPY,42,12,-864.7092619288861,-20.588315760211575,-0.6664603049258112,470.85099417371134,0.028
42,19,2009-07-13,2009-09-08,2009,GBPJPY,42,6,-944.7616832679779,-22.494325792094713,33.55025927786105,616.3825714542456,0.056
42,19,2009-07-13,2009-09-08,2009,XAUUSD,42,9,-654.5140987955433,-15.583669018941507,-57.4008260920174,627.28921436512,0.178
42,19,2009-07-13,2009-09-08,2009,XAGUSD,42,3,335.3002395520615,7.983339036953845,-7.479539919907023,1537.5869836190175,0.578
42,20,2009-08-11,2009-10-07,2009,EURUSD,42,4,261.16215588929776,6.218146568792804,-8.031658042814586,299.745726633447,0.804
42,20,2009-08-11,2009-10-07,2009,GBPUSD,42,9,-638.3212701810161,-15.198125480500384,-15.741756783202462,407.2405911599423,0.066
42,20,2009-08-11,2009-10-07,2009,AUDUSD,42,2,445.5835932860199,10.609133173476664,-8.089837938052298,467.0590685668488,0.792
42,20,2009-08-11,2009-10-07,2009,USDJPY,42,1,331.2552921233778,7.887030764842328,14.413171993386626,432.2801745653746,0.692
42,20,2009-08-11,2009-10-07,2009,USDCHF,42,8,-5.46423449813058,-0.13010082138406143,-10.519769271052416,307.75832087791224,0.504
42,20,2009-08-11,2009-10-07,2009,USDCAD,42,6,-99.00752038846802,-2.3573219140111434,6.434115711584054,389.4766316063,0.404
42,20,2009-08-11,2009-10-07,2009,EURJPY,42,13,-652.6445719453759,-15.539156474889902,-39.4316918513163,410.15503731297656,0.066
42,20,2009-08-11,2009-10-07,2009,GBPJPY,42,5,180.3716617044825,4.29456337391625,-22.071054400832306,562.8099363258167,0.618
42,20,2009-08-11,2009-10-07,2009,XAUUSD,42,6,93.77478854451155,2.2327330605836084,-53.03799245657804,653.3232139719925,0.574
42,20,2009-08-11,2009-10-07,2009,XAGUSD,42,2,1607.709948240259,38.27880829143474,-47.46246629628133,1676.2036137980388,0.8
42,21,2009-09-09,2009-11-05,2009,EURUSD,42,0,259.8161567040147,6.186098969143207,-9.35338164134453,259.90777911329184,0.518
42,21,2009-09-09,2009-11-05,2009,GBPUSD,42,7,-638.2314164133429,-15.195986105079593,-7.801688753588453,459.3014069005335,0.104
42,21,2009-09-09,2009-11-05,2009,AUDUSD,42,0,598.9125563290643,14.259822769739625,2.395650225316256,599.5075726359995,0.498
42,21,2009-09-09,2009-11-05,2009,USDJPY,42,3,33.6622048898853,0.8014810688067929,-9.71794130610881,344.29116618886474,0.546
42,21,2009-09-09,2009-11-05,2009,USDCHF,42,0,284.4742735502503,6.773196989291674,-14.792662224613014,284.3739202340287,0.526
42,21,2009-09-09,2009-11-05,2009,USDCAD,42,7,-696.2117193352482,-16.5764695079821,-2.993490362850507,513.2622493328159,0.1
42,21,2009-09-09,2009-11-05,2009,EURJPY,42,11,-719.4848200957231,-17.13059095466007,8.977809417149764,518.1965098100914,0.076
42,21,2009-09-09,2009-11-05,2009,GBPJPY,42,3,395.15627062760564,9.40848263399061,-1.2032542950827319,727.8091536377261,0.71
42,21,2009-09-09,2009-11-05,2009,XAUUSD,42,0,874.9072100318257,20.8311240483768,-41.99554608152763,874.7739474820761,0.524
42,21,2009-09-09,2009-11-05,2009,XAGUSD,42,7,-1587.108948257649,-37.788308291848786,-154.43021565894176,1288.1693216329704,0.154
42,22,2009-10-08,2009-12-04,2009,EURUSD,42,4,-175.9447373518295,-4.189160413138798,-14.11968738858631,249.94999619326435,0.27
42,22,2009-10-08,2009-12-04,2009,GBPUSD,42,6,-445.0285850704755,-10.595918692154179,-31.530804349571383,441.7971732365473,0.192
42,22,2009-10-08,2009-12-04,2009,AUDUSD,42,4,-141.185446626756,-3.361558253018,0.30061326333309446,434.9275073778567,0.37
42,22,2009-10-08,2009-12-04,2009,USDJPY,42,6,-535.0938919141963,-12.740330759861816,-37.463899998779965,649.2441575021275,0.238
42,22,2009-10-08,2009-12-04,2009,USDCHF,42,4,-68.3465206407833,-1.6272981104948403,-10.957252416332725,250.95141777099838,0.424
42,22,2009-10-08,2009-12-04,2009,USDCAD,42,4,-756.2039485431673,-18.00485591769446,8.365841915427136,475.02984103906664,0.062
42,22,2009-10-08,2009-12-04,2009,EURJPY,42,6,-500.39566095403677,-11.914182403667542,1.136841043414648,682.0305567678533,0.22
42,22,2009-10-08,2009-12-04,2009,GBPJPY,42,4,-393.7415611759455,-9.37479907561775,2.1881926210424663,863.674715157963,0.348
42,22,2009-10-08,2009-12-04,2009,XAUUSD,42,0,1071.7736544657632,25.518420344422935,77.16770312153496,1070.0626056272445,0.464
42,22,2009-10-08,2009-12-04,2009,XAGUSD,42,6,-1072.5919080607778,-25.537902572875662,-130.6688134613135,1128.3127513100685,0.204
42,23,2009-11-06,2010-01-04,2009,EURUSD,42,5,-21.67311907070752,-0.5160266445406553,45.84985596071361,345.0502824634635,0.422
42,23,2009-11-06,2010-01-04,2009,GBPUSD,42,3,180.13435410652124,4.2889131930124105,-20.202388655509008,314.7570338451445,0.736
42,23,2009-11-06,2010-01-04,2009,AUDUSD,41,5,-320.2230519336209,-7.810318339844413,-28.016812075093135,456.5279934262755,0.282
42,23,2009-11-06,2010-01-04,2009,USDJPY,42,6,18.140151616382383,0.4319083718186282,-17.899527003563943,551.837895231718,0.522
42,23,2009-11-06,2010-01-04,2009,USDCHF,42,5,-130.14210830726273,-3.0986216263633986,-42.44543834629034,329.67414705885665,0.408
42,23,2009-11-06,2010-01-04,2009,USDCAD,42,11,-202.28739083363692,-4.8163664484199264,19.782548644862683,391.10553383492174,0.278
42,23,2009-11-06,2010-01-04,2009,EURJPY,42,5,-62.775965191609714,-1.4946658378954694,-38.26975866692137,457.40931681592355,0.494
42,23,2009-11-06,2010-01-04,2009,GBPJPY,42,2,333.3636697442222,7.93723023200529,50.70819507035632,472.43790094892466,0.722
42,23,2009-11-06,2010-01-04,2009,XAUUSD,42,1,177.20705789635556,4.219215664198942,2.8119119624284283,785.0915649602262,0.658
42,23,2009-11-06,2010-01-04,2009,XAGUSD,42,4,-337.47752172644533,-8.035179088724888,-128.222150510309,1125.150192228176,0.43
42,24,2009-12-07,2010-02-02,2009,EURUSD,42,3,40.69524688024853,0.968934449529727,-4.993088820864113,408.8816851953674,0.542
42,24,2009-12-07,2010-02-02,2009,GBPUSD,42,2,57.66583184541537,1.3729959963194136,-25.693233513134203,351.91513957670054,0.574
42,24,2009-12-07,2010-02-02,2009,AUDUSD,41,3,-286.74512086219374,-6.993783435663262,-7.103165940735823,592.8590684699728,0.31
42,24,2009-12-07,2010-02-02,2009,USDJPY,42,4,5.733023946614544,0.13650057015748915,23.742830621140417,415.05856109592384,0.47
42,24,2009-12-07,2010-02-02,2009,USDCHF,42,3,-53.63859678618799,-1.2771094472901903,16.134000772302027,346.8768628549943,0.416
42,24,2009-12-07,2010-02-02,2009,USDCAD,42,11,-145.47910121901478,-3.4637881242622566,-28.389443012228515,384.278792885598,0.378
42,24,2009-12-07,2010-02-02,2009,EURJPY,42,6,105.11956301433781,2.5028467384366144,-64.30669846968699,559.5221363828314,0.63
42,24,2009-12-07,2010-02-02,2009,GBPJPY,42,4,-211.40494742865033,-5.03345112925358,-12.46001007800809,469.57143366150717,0.36
42,24,2009-12-07,2010-02-02,2009,XAUUSD,42,9,-1656.848512118272,-39.448774098054095,-95.12242012834398,733.3447462210546,0.016
42,24,2009-12-07,2010-02-02,2009,XAGUSD,42,5,-816.8822443326458,-19.449577246015377,-75.25223172939894,1361.5515671216629,0.284
42,25,2010-01-05,2010-03-03,2010,EURUSD,42,2,-32.77005793730182,-0.7802394746976624,-0.44143876575604735,443.7903289744444,0.492
42,25,2010-01-05,2010-03-03,2010,GBPUSD,42,3,356.40525815213914,8.485839479812837,14.911150258896356,473.75795200320266,0.726
42,25,2010-01-05,2010-03-03,2010,AUDUSD,42,3,-313.4998780561732,-7.464282810861267,-33.86140690476319,493.6683168547335,0.286
42,25,2010-01-05,2010-03-03,2010,USDJPY,42,3,-556.136034430553,-13.241334153108404,-21.519307446323964,331.53800937180927,0.054
42,25,2010-01-05,2010-03-03,2010,USDCHF,42,2,-13.073384099210323,-0.31127104998119814,10.323426421364449,390.0357665752599,0.488
42,25,2010-01-05,2010-03-03,2010,USDCAD,42,2,70.82949937321166,1.6864166517431347,-3.030308579625537,431.69358763651843,0.572
42,25,2010-01-05,2010-03-03,2010,EURJPY,42,2,454.60257821813605,10.82387090995562,35.50679093886467,634.7121857276047,0.698
42,25,2010-01-05,2010-03-03,2010,GBPJPY,42,3,183.81437899160585,4.3765328331334725,-12.981672344954076,639.999092592,0.604
42,25,2010-01-05,2010-03-03,2010,XAUUSD,42,9,-726.9174291039843,-17.30755783580915,-27.1867727179133,721.0927493081796,0.182
42,25,2010-01-05,2010-03-03,2010,XAGUSD,42,5,56.15410271966479,1.3370024457063046,-143.10631836695825,1440.8118986829625,0.556
42,26,2010-02-03,2010-04-01,2010,EURUSD,42,2,-75.35355102026607,-1.794132167149192,-1.0536302530775938,268.98823298162154,0.4
42,26,2010-02-03,2010-04-01,2010,GBPUSD,42,2,787.1793042548688,18.742364387020686,10.28639740541585,408.87827294633917,0.98
42,26,2010-02-03,2010-04-01,2010,AUDUSD,42,1,169.59112584635955,4.037883948722846,-29.428538967152022,382.6170499683423,0.656
42,26,2010-02-03,2010-04-01,2010,USDJPY,42,5,-202.56972611110123,-4.8230887169309815,-22.155818210110322,430.0455209567271,0.356
42,26,2010-02-03,2010-04-01,2010,USDCHF,42,1,260.1858692949497,6.194901649879755,24.552438558524617,321.0477834139539,0.698
42,26,2010-02-03,2010-04-01,2010,USDCAD,42,1,320.07609353850603,7.620859369964429,6.83538873690221,369.3334955665933,0.788
42,26,2010-02-03,2010-04-01,2010,EURJPY,42,5,426.4399003768362,10.153330961353243,2.9876808934408707,596.9297447617131,0.734
42,26,2010-02-03,2010-04-01,2010,GBPJPY,42,1,922.8374417975695,21.97232004279927,53.35776112707585,887.2873971856151,0.792
42,26,2010-02-03,2010-04-01,2010,XAUUSD,42,2,-19.582769152842317,-0.46625640840100757,-3.649351746700846,443.21770507918814,0.476
42,26,2010-02-03,2010-04-01,2010,XAGUSD,42,3,409.1685595532806,9.742108560792396,-58.474913507542674,1444.5090519793132,0.608
42,27,2010-03-04,2010-04-30,2010,EURUSD,42,6,-431.99357042402346,-10.285561200571987,-3.5327278358498284,357.73395794349733,0.114
42,27,2010-03-04,2010-04-30,2010,GBPUSD,42,3,53.91314573547329,1.2836463270350784,-20.129642042186592,298.0982470291145,0.606
42,27,2010-03-04,2010-04-30,2010,AUDUSD,42,2,119.97464407495336,2.8565391446417467,6.466934535785138,231.8502331141452,0.658
42,27,2010-03-04,2010-04-30,2010,USDJPY,42,3,198.65427453638299,4.72986367943769,-10.471630527979316,375.51076065838026,0.69
42,27,2010-03-04,2010-04-30,2010,USDCHF,42,6,-345.31844873307523,-8.22186782697798,-2.8427935823930275,316.3502543317984,0.148
42,27,2010-03-04,2010-04-30,2010,USDCAD,42,0,134.92007069712983,3.212382635645948,2.6984014139425954,135.02817974548313,0.49
42,27,2010-03-04,2010-04-30,2010,EURJPY,42,6,-480.6235014163811,-11.443416700390026,6.619353397116507,479.34032767176416,0.158
42,27,2010-03-04,2010-04-30,2010,GBPJPY,42,1,155.82633919511414,3.7101509332170033,-15.126843868838748,545.0064600117781,0.58
42,27,2010-03-04,2010-04-30,2010,XAUUSD,42,2,-89.13528274668137,-2.122268636825747,-17.866515640521612,469.94187410149607,0.438
42,27,2010-03-04,2010-04-30,2010,XAGUSD,42,0,798.8762585186204,19.02086329806239,-3.195505034074482,799.6699376559483,0.502
42,28,2010-04-02,2010-05-31,2010,EURUSD,42,4,623.0959189157242,14.835617117041052,41.244239015816305,661.0563987912602,0.77
42,28,2010-04-02,2010-05-31,2010,GBPUSD,42,3,255.90947727604663,6.0930827922868245,-22.9361737663043,491.5456825933787,0.678
42,28,2010-04-02,2010-05-31,2010,AUDUSD,42,3,480.6511177537515,11.444074232232179,-50.93659499448764,864.7751989771331,0.664
42,28,2010-04-02,2010-05-31,2010,USDJPY,42,5,-558.659232944987,-13.301410308213978,-5.273983925871084,391.2288009094903,0.072
42,28,2010-04-02,2010-05-31,2010,USDCHF,42,5,228.11439325694545,5.43129507754632,7.974251609517257,525.2157313854465,0.648
42,28,2010-04-02,2010-05-31,2010,USDCAD,42,1,166.15836824402473,3.9561516248577315,8.34211007595429,448.97755213208467,0.58
42,28,2010-04-02,2010-05-31,2010,EURJPY,42,1,550.6983451897956,13.1118653616618,32.22291582787574,987.9903340891085,0.54
42,28,2010-04-02,2010-05-31,2010,GBPJPY,42,3,417.8452809016271,9.948697164324455,38.960681480185485,773.4064242705855,0.626
42,28,2010-04-02,2010-05-31,2010,XAUUSD,42,1,715.2930903993322,17.030787866650765,13.425709990311494,576.1192184340787,0.894
42,28,2010-04-02,2010-05-31,2010,XAGUSD,42,5,-1777.0424575894322,-42.31053470451029,-126.76657002026074,1123.310138359553,0.068
42,29,2010-05-03,2010-06-29,2010,EURUSD,42,5,570.8658710517996,13.592044548852371,-24.75183365274485,600.960757675088,0.822
42,29,2010-05-03,2010-06-29,2010,GBPUSD,42,2,542.3210467298676,12.912405874520656,-22.31964681550021,500.057547798903,0.844
42,29,2010-05-03,2010-06-29,2010,AUDUSD,42,2,145.86481011665097,3.4729716694440707,-56.22926441105454,1028.085047336761,0.558
42,29,2010-05-03,2010-06-29,2010,USDJPY,42,9,-722.2199012091099,-17.195711933550236,30.85347836162489,475.24361228671575,0.056
42,29,2010-05-03,2010-06-29,2010,USDCHF,42,1,966.6155758331042,23.014656567454864,21.61408034365705,997.9099659641331,0.764
42,29,2010-05-03,2010-06-29,2010,USDCAD,42,6,-639.1791759921,-15.218551809335715,-35.114951577484774,589.8388291621934,0.154
42,29,2010-05-03,2010-06-29,2010,EURJPY,42,6,1061.9640283569222,25.28485781802196,66.61636042686256,916.0416278519472,0.844
42,29,2010-05-03,2010-06-29,2010,GBPJPY,42,4,83.51680188208394,1.9884952829067604,-31.592222039959665,760.0916537091957,0.564
42,29,2010-05-03,2010-06-29,2010,XAUUSD,42,2,487.22163791023024,11.600515188338814,30.58623547875252,459.03560959036434,0.834
42,29,2010-05-03,2010-06-29,2010,XAGUSD,42,8,-3315.9557274706913,-78.95132684454026,-170.0026776744441,1353.8731816256986,0.004
42,30,2010-06-01,2010-07-28,2010,EURUSD,42,7,-98.58828184980234,-2.347340044042913,5.666677027931459,503.6688949839291,0.43
42,30,2010-06-01,2010-07-28,2010,GBPUSD,42,1,433.625886720258,10.324425874291856,-8.14784616182373,428.8442464955016,0.83
42,30,2010-06-01,2010-07-28,2010,AUDUSD,42,5,-288.3773927112208,-6.86612839788621,-88.81366687891845,696.8400247330167,0.402
42,30,2010-06-01,2010-07-28,2010,USDJPY,42,4,-23.331235569813053,-0.5555056088050727,-19.35292093539065,359.777458515951,0.52
42,30,2010-06-01,2010-07-28,2010,USDCHF,42,1,495.4688342228077,11.796877005304944,-22.23566170195614,801.6710667274882,0.62
42,30,2010-06-01,2010-07-28,2010,USDCAD,42,11,-1207.5853903024556,-28.75203310243942,-41.19829354580438,503.73069724658205,0.012
42,30,2010-06-01,2010-07-28,2010,EURJPY,42,11,-172.2418446211253,-4.100996300502983,-52.32234971960172,544.6936298110128,0.402
42,30,2010-06-01,2010-07-28,2010,GBPJPY,42,13,-1033.3049189255948,-24.60249806965702,21.395774706975516,494.26278281042244,0.024
42,30,2010-06-01,2010-07-28,2010,XAUUSD,42,3,150.10133157028332,3.5738412278638885,17.1771304574585,507.8677352829846,0.592
42,30,2010-06-01,2010-07-28,2010,XAGUSD,42,8,-1696.27631653896,-40.387531346165716,-127.82700125350995,862.8439675332526,0.03
42,31,2010-06-30,2010-08-26,2010,EURUSD,42,5,124.57104484072731,2.965977258112555,9.415332567272426,540.3895325734376,0.57
42,31,2010-06-30,2010-08-26,2010,GBPUSD,42,1,161.7174005141634,3.850414297956271,-8.003653237653362,416.53302595969825,0.622
42,31,2010-06-30,2010-08-26,2010,AUDUSD,42,5,104.4261628763865,2.4863372113425357,-30.95862645344492,564.5902280888415,0.588
42,31,2010-06-30,2010-08-26,2010,USDJPY,42,0,486.32086033249414,11.579068103154622,25.288684737289696,486.1493020735589,0.474
42,31,2010-06-30,2010-08-26,2010,USDCHF,42,4,21.425744360659458,0.5101367704918919,-12.842991008270266,404.7334839503974,0.544
42,31,2010-06-30,2010-08-26,2010,USDCAD,42,9,-269.1285972601349,-6.407823744288926,-30.95427862940094,451.7417766398525,0.302
42,31,2010-06-30,2010-08-26,2010,EURJPY,42,6,161.7771376674077,3.8518366111287543,-51.377195037139366,542.0442630161447,0.65
42,31,2010-06-30,2010-08-26,2010,GBPJPY,42,17,-709.3625818244864,-16.88958528153539,-62.460663022498295,529.8784462760127,0.11
42,31,2010-06-30,2010-08-26,2010,XAUUSD,42,4,-180.51482689955458,-4.297972069037014,6.71903335738607,467.59643802053387,0.36
42,31,2010-06-30,2010-08-26,2010,XAGUSD,42,10,-540.7915972251778,-12.875990410123283,-341.80428885852405,964.9184831379114,0.408
42,32,2010-07-29,2010-09-24,2010,EURUSD,42,4,356.3487898046942,8.484494995349863,-44.011246535630846,565.4228432206039,0.772
42,32,2010-07-29,2010-09-24,2010,GBPUSD,42,2,-163.39200946585507,-3.890285939663216,2.3393836934927177,376.2934346310559,0.334
42,32,2010-07-29,2010-09-24,2010,AUDUSD,42,2,199.17033062319769,4.742150729123755,14.223899507914776,627.0711669536612,0.608
42,32,2010-07-29,2010-09-24,2010,USDJPY,42,3,36.66815054814267,0.8730512035272064,-10.585649993903088,296.81668862510855,0.558
42,32,2010-07-29,2010-09-24,2010,USDCHF,42,4,184.4781260020926,4.392336333383158,-17.931420529149676,445.5077521853776,0.636
42,32,2010-07-29,2010-09-24,2010,USDCAD,42,4,-22.730877978972288,-0.5412113804517211,-26.87358291085301,375.2175553398262,0.484
42,32,2010-07-29,2010-09-24,2010,EURJPY,42,2,132.47938487640423,3.154271068485815,25.83977665736064,684.838592838947,0.57
42,32,2010-07-29,2010-09-24,2010,GBPJPY,42,6,-292.32331747863947,-6.9600789875866536,-8.21995932969883,490.24094337818303,0.292
42,32,2010-07-29,2010-09-24,2010,XAUUSD,42,3,301.8239395509604,7.186284275022866,-7.887823572643798,493.5396750776384,0.728
42,32,2010-07-29,2010-09-24,2010,XAGUSD,42,5,1236.4373854470505,29.438985367786916,-169.266648655615,922.2392537097837,0.934
42,33,2010-08-27,2010-10-25,2010,EURUSD,42,1,672.9627225537572,16.022921965565647,17.753287479295604,753.067027390127,0.68
42,33,2010-08-27,2010-10-25,2010,GBPUSD,42,2,-57.921916716176305,-1.379093255147055,7.386304525519947,292.30592091407976,0.404
42,33,2010-08-27,2010-10-25,2010,AUDUSD,42,1,515.3608056392478,12.270495372363044,-34.83683063666251,744.3752852144947,0.692
42,33,2010-08-27,2010-10-25,2010,USDJPY,42,4,86.86389309662505,2.068187930872025,2.789450051180445,360.41328259969265,0.598
42,33,2010-08-27,2010-10-25,2010,USDCHF,42,0,500.01385377471235,11.90509175654077,-2.0000554150988483,500.510614768526,0.502
42,33,2010-08-27,2010-10-25,2010,USDCAD,42,4,-385.3138374315743,-9.174138986466055,-32.331553828043035,347.7329701840897,0.162
42,33,2010-08-27,2010-10-25,2010,EURJPY,42,4,-437.9126941963615,-10.426492718960988,-39.14804351733022,560.7951474967483,0.294
42,33,2010-08-27,2010-10-25,2010,GBPJPY,42,2,-263.3481122060157,-6.270193147762278,5.12535521933469,467.3902821120617,0.264
42,33,2010-08-27,2010-10-25,2010,XAUUSD,42,0,819.0113834181345,19.50027103376511,65.52091067345076,817.2039531445491,0.46
42,33,2010-08-27,2010-10-25,2010,XAGUSD,42,0,2314.6064605120173,55.109677631238505,212.9437943671056,2307.09848387821,0.454
42,34,2010-09-27,2010-11-23,2010,EURUSD,42,1,630.5520957367278,15.013145136588756,-7.752111959514221,610.7031359818677,0.782
42,34,2010-09-27,2010-11-23,2010,GBPUSD,42,4,-424.19017664741466,-10.09976611065273,-9.65979153577015,299.84711182100347,0.084
42,34,2010-09-27,2010-11-23,2010,AUDUSD,42,5,389.25816227436445,9.268051482722964,-18.89143870492898,484.0902586631978,0.784
42,34,2010-09-27,2010-11-23,2010,USDJPY,42,2,358.37813759671906,8.532812799921881,10.354654483709027,380.75778996887533,0.798
42,34,2010-09-27,2010-11-23,2010,USDCHF,42,3,-93.44032788216347,-2.2247697114800826,24.470321949203374,416.38022304355064,0.38
42,34,2010-09-27,2010-11-23,2010,USDCAD,42,8,-478.5950530503381,-11.395120310722335,-15.816220606528052,342.8254418948987,0.1
42,34,2010-09-27,2010-11-23,2010,EURJPY,42,8,-751.9278495003593,-17.903044035722843,4.476496336669676,401.7010923149561,0.022
42,34,2010-09-27,2010-11-23,2010,GBPJPY,42,4,-304.57565311749175,-7.251801264702185,13.758485171958359,419.53264695573495,0.222
42,34,2010-09-27,2010-11-23,2010,XAUUSD,42,4,609.8460132240696,14.520143172001656,-39.157041757261545,680.6524609596013,0.834
42,34,2010-09-27,2010-11-23,2010,XAGUSD,42,0,2602.1406007648657,61.95572858963966,20.817124806118912,2604.6632978667803,0.496
42,35,2010-10-26,2010-12-22,2010,EURUSD,42,1,506.5351293473347,12.060360222555587,10.430736770971318,472.637694755585,0.84
42,35,2010-10-26,2010-12-22,2010,GBPUSD,42,4,-80.11793234627243,-1.907569817768391,-1.5126354842557084,365.5618264970278,0.422
42,35,2010-10-26,2010-12-22,2010,AUDUSD,42,10,-35.34650218247214,-0.8415833852969558,-25.457479700072646,502.11337953688303,0.492
42,35,2010-10-26,2010-12-22,2010,USDJPY,42,1,-11.986609338869684,-0.2853954604492782,-24.440688584748155,338.952634527833,0.504
42,35,2010-10-26,2010-12-22,2010,USDCHF,42,4,-55.80200838968423,-1.3286192473734342,0.7108801782890459,435.04622841350147,0.448
42,35,2010-10-26,2010-12-22,2010,USDCAD,42,7,-314.7364483870208,-7.493724961595733,8.575032278029738,305.8476245130437,0.13
42,35,2010-10-26,2010-12-22,2010,EURJPY,42,6,-351.582486713443,-8.37101158841531,-30.52447911624517,394.1758701268514,0.216
42,35,2010-10-26,2010-12-22,2010,GBPJPY,42,6,-157.6755473786576,-3.7541796994918477,4.301497971130511,371.15817721718673,0.33
42,35,2010-10-26,2010-12-22,2010,XAUUSD,42,8,-63.631170776653654,-1.5150278756346107,-34.444481954339494,628.8211808806831,0.482
42,35,2010-10-26,2010-12-22,2010,XAGUSD,42,0,2269.0159018349714,54.02418813892789,72.60850885871909,2270.1251294649237,0.484
42,36,2010-11-24,2011-01-20,2010,EURUSD,42,5,94.52504337868196,2.250596270920999,-15.330619411082749,485.4907146679158,0.59
42,36,2010-11-24,2011-01-20,2010,GBPUSD,42,2,126.86386471424896,3.020568207482118,4.272021920106792,311.2705818712268,0.63
42,36,2010-11-24,2011-01-20,2010,AUDUSD,42,10,-142.16562283374617,-3.384895781755861,-42.399425685635784,453.8879594628065,0.402
42,36,2010-11-24,2011-01-20,2010,USDJPY,42,1,-21.932284831361486,-0.5221972578895592,-9.1363919178314,192.7487655158948,0.48
42,36,2010-11-24,2011-01-20,2010,USDCHF,42,4,-102.61002184536875,-2.4430957582230652,-26.13683933617315,442.33779843426123,0.434
42,36,2010-11-24,2011-01-20,2010,USDCAD,42,4,-91.9932505098709,-2.19031548833026,-18.553833256572588,239.3131110172578,0.372
42,36,2010-11-24,2011-01-20,2010,EURJPY,42,4,-29.127386937170627,-0.6935092127897768,-21.82308661461901,373.1803864142846,0.458
42,36,2010-11-24,2011-01-20,2010,GBPJPY,42,4,-15.598720797067202,-0.37139811421588576,-18.616968716379255,450.32396820717497,0.506
42,36,2010-11-24,2011-01-20,2010,XAUUSD,42,7,-11.380264165955339,-0.27095867061798423,-43.94261542055564,500.4404263925608,0.532
42,36,2010-11-24,2011-01-20,2010,XAGUSD,42,3,220.9303247906392,5.260245828348552,-21.02358715072821,1123.015914175336,0.578
42,37,2010-12-23,2011-02-18,2010,EURUSD,42,5,65.93503785583144,1.5698818537102723,5.550598061071409,450.7536649958825,0.558
42,37,2010-12-23,2011-02-18,2010,GBPUSD,42,1,94.86186063045773,2.2586157292966127,-12.264145061492263,341.07071727426836,0.592
42,37,2010-12-23,2011-02-18,2010,AUDUSD,42,8,-383.3625450419254,-9.127679643855366,-18.425282596890746,420.9251408745556,0.208
42,37,2010-12-23,2011-02-18,2010,USDJPY,42,4,-322.95111673098353,-7.689312303118656,-16.28502179065592,313.185501535859,0.17
42,37,2010-12-23,2011-02-18,2010,USDCHF,42,8,-823.8045649849867,-19.614394404404443,-41.46213408395884,514.4806405655471,0.072
42,37,2010-12-23,2011-02-18,2010,USDCAD,42,8,-225.01783046481353,-5.357567392019369,-10.8973902475628,209.99373247156558,0.176
42,37,2010-12-23,2011-02-18,2010,EURJPY,42,3,6.824573674774143,0.16248984939938435,-41.45450250576849,404.17462115202255,0.57
42,37,2010-12-23,2011-02-18,2010,GBPJPY,42,1,63.11809273033191,1.5028117316745693,14.269480523829802,435.6606121718224,0.586
42,37,2010-12-23,2011-02-18,2010,XAUUSD,42,4,405.84883356659884,9.663067465871402,15.857468168065926,522.0414010254109,0.762
42,37,2010-12-23,2011-02-18,2010,XAGUSD,42,4,90.17240513127717,2.146962026935171,-48.6793912661625,1359.9099239122181,0.516
42,37,2010-12-23,2011-02-18,2010,UKOIL,35,0,934.7577395445954,26.70736398698844,15.007125267128874,938.7644988598645,0.492
42,38,2011-01-21,2011-03-21,2011,EURUSD,42,4,273.84639300652566,6.5201522144410875,-3.826228517852893,408.93844042893073,0.732
42,38,2011-01-21,2011-03-21,2011,GBPUSD,42,3,-63.881623186531904,-1.5209910282507597,-5.2642681270862495,213.11770687661416,0.394
42,38,2011-01-21,2011-03-21,2011,AUDUSD,42,6,-464.103229367527,-11.050076889703023,-11.63967902919893,444.34159254088644,0.162
42,38,2011-01-21,2011-03-21,2011,USDJPY,42,8,-198.29725104359915,-4.721363120085694,-5.2265689464806835,417.8520674116619,0.332
42,38,2011-01-21,2011-03-21,2011,USDCHF,42,5,-166.67964114710657,-3.968562884454918,46.5224824639955,497.6882861387736,0.348
42,38,2011-01-21,2011-03-21,2011,USDCAD,42,8,-384.50420324507513,-9.154861982025599,-14.442655297139718,272.8470820485197,0.09
42,38,2011-01-21,2011-03-21,2011,EURJPY,42,4,-257.70007279912477,-6.1357160190267805,-53.563565076090285,460.38407818646135,0.304
42,38,2011-01-21,2011-03-21,2011,GBPJPY,42,1,146.33437434492626,3.484151770117292,-23.70838071805067,260.6447155817168,0.758
42,38,2011-01-21,2011-03-21,2011,XAUUSD,42,1,365.4963647658331,8.702294399186503,-26.862337238894526,504.0835575692122,0.72
42,38,2011-01-21,2011-03-21,2011,XAGUSD,42,1,1638.0042756582907,39.00010180138787,-21.456579804996714,2043.0357129742838,0.702
42,38,2011-01-21,2011-03-21,2011,UKOIL,42,0,1828.2844465112482,43.53058205979163,-14.626275572090002,1830.0569133308095,0.504
42,39,2011-02-21,2011-04-19,2011,EURUSD,42,4,210.01975233428027,5.00047029367334,27.174534612193206,303.4219685859955,0.716
42,39,2011-02-21,2011-04-19,2011,GBPUSD,42,7,-580.7843680175167,-13.828199238512303,-3.8470319138202447,300.11716874474945,0.028
42,39,2011-02-21,2011-04-19,2011,AUDUSD,42,4,299.07409827724587,7.120811863743949,-6.61125549479276,442.5037153423737,0.766
42,39,2011-02-21,2011-04-19,2011,USDJPY,42,6,-59.92799957520904,-1.4268571327430724,-24.27051591393866,526.6344616822271,0.466
42,39,2011-02-21,2011-04-19,2011,USDCHF,42,0,480.485126906145,11.44012206919393,-36.516869644867015,479.57529161750404,0.538
42,39,2011-02-21,2011-04-19,2011,USDCAD,42,4,11.814638520401076,0.28130091715240657,-6.341482129067521,296.06760526223434,0.538
42,39,2011-02-21,2011-04-19,2011,EURJPY,42,4,-156.3843353745459,-3.7234365565368073,11.163136415779835,669.8511783223865,0.414
42,39,2011-02-21,2011-04-19,2011,GBPJPY,42,4,-344.719183976841,-8.207599618496214,-13.094248474991172,645.7099052703587,0.324
42,39,2011-02-21,2011-04-19,2011,XAUUSD,42,4,442.3972554989517,10.533267988070278,-18.778693674043616,529.0799378956862,0.8
42,39,2011-02-21,2011-04-19,2011,XAGUSD,42,0,3079.5542728471296,73.32272078207451,295.6372101933245,3068.400776628136,0.452
42,39,2011-02-21,2011-04-19,2011,UKOIL,42,2,1370.2491811321454,32.62498050314632,67.38342594314474,1298.7208475016273,0.796
42,40,2011-03-22,2011-05-18,2011,EURUSD,42,1,113.97125788781852,2.7136013782813935,10.139578978147863,408.31757070808857,0.654
42,40,2011-03-22,2011-05-18,2011,GBPUSD,42,8,-392.7179573752437,-9.350427556553422,-20.84007170893123,320.7245044336438,0.136
42,40,2011-03-22,2011-05-18,2011,AUDUSD,42,1,504.8230879624848,12.019597332440114,20.86256752725177,604.8748350579705,0.742
42,40,2011-03-22,2011-05-18,2011,USDJPY,42,2,-269.64540865973714,-6.420128777612789,-37.76274000324267,530.0721348202102,0.328
42,40,2011-03-22,2011-05-18,2011,USDCHF,42,2,97.50380818191752,2.3215192424266076,-10.517310416881909,468.61071275005617,0.584
42,40,2011-03-22,2011-05-18,2011,USDCAD,42,5,-97.2373525092641,-2.315175059744383,-31.961441991328424,262.94947202803553,0.41
42,40,2011-03-22,2011-05-18,2011,EURJPY,42,1,718.2876443290288,17.102086769738783,-43.63144624775901,581.3542295174585,0.886
42,40,2011-03-22,2011-05-18,2011,GBPJPY,42,4,-11.788006212880653,-0.2806668145923965,-21.144434356157745,573.3005792963851,0.514
42,40,2011-03-22,2011-05-18,2011,XAUUSD,42,5,97.22631048150465,2.314912154321539,-53.681789866526074,527.6487200502193,0.58
42,40,2011-03-22,2011-05-18,2011,XAGUSD,42,1,1748.0582276244427,41.62043399105816,225.2116738832214,2798.8948140123266,0.736
42,40,2011-03-22,2011-05-18,2011,UKOIL,41,3,861.8811241154901,21.021490832085124,-3.264838934819985,1114.677975420562,0.77
42,41,2011-04-20,2011-06-16,2011,EURUSD,42,3,-572.4008007922923,-13.62859049505458,-29.853352812963767,588.5331299384618,0.192
42,41,2011-04-20,2011-06-16,2011,GBPUSD,42,7,-524.7447745375707,-12.493923203275493,-20.36504233175038,338.5453420313221,0.078
42,41,2011-04-20,2011-06-16,2011,AUDUSD,42,5,185.397012492946,4.414214583165381,-23.33676262985051,432.8186759622203,0.678
42,41,2011-04-20,2011-06-16,2011,USDJPY,42,5,-278.5682298435678,-6.6325769010373286,-3.031662097483644,296.5403550557162,0.188
42,41,2011-04-20,2011-06-16,2011,USDCHF,42,4,53.45897461078316,1.2728327288281704,4.5069197529152465,523.0804445471063,0.522
42,41,2011-04-20,2011-06-16,2011,USDCAD,42,5,-277.0445190604372,-6.596298072867553,6.608245689729249,247.71189192476118,0.116
42,41,2011-04-20,2011-06-16,2011,EURJPY,42,3,422.39383577061324,10.056996089776506,-1.8042804772071395,504.4596538768918,0.786
42,41,2011-04-20,2011-06-16,2011,GBPJPY,42,7,84.6482341777604,2.0154341470895334,14.363727386447193,353.09091063664505,0.576
42,41,2011-04-20,2011-06-16,2011,XAUUSD,42,4,-318.7309803966412,-7.588832866586695,-18.41120754052073,428.75504160421457,0.232
42,41,2011-04-20,2011-06-16,2011,XAGUSD,42,4,-718.5078881440372,-17.107330670096125,-255.111499355037,2518.1644997140183,0.468
42,41,2011-04-20,2011-06-16,2011,UKOIL,41,4,-466.7825772734559,-11.38494090910868,-24.035197481278825,1147.8811492460857,0.39
42,42,2011-05-19,2011-07-15,2011,EURUSD,42,8,-860.0631033945023,-20.47769293796434,-12.87191367851755,503.91674662165144,0.044
42,42,2011-05-19,2011-07-15,2011,GBPUSD,42,6,-655.8871567082741,-15.616360874006526,8.013676382149349,311.8788530485332,0.018
42,42,2011-05-19,2011-07-15,2011,AUDUSD,42,12,-538.5405524586423,-12.82239410615815,-45.81263127219186,409.02707814913157,0.118
42,42,2011-05-19,2011-07-15,2011,USDJPY,42,6,-291.8940855134651,-6.949859178892026,-23.950522492291633,296.0916724885857,0.196
42,42,2011-05-19,2011-07-15,2011,USDCHF,42,4,161.5718825221988,3.846949583861876,-28.60349680213509,546.964996097803,0.618
42,42,2011-05-19,2011-07-15,2011,USDCAD,42,5,-373.8089085664608,-8.900212108725256,-42.578411333969036,299.76433787211437,0.14
42,42,2011-05-19,2011-07-15,2011,EURJPY,42,10,46.14382376196166,1.0986624705228967,-40.95040385822964,505.32537913166794,0.576
42,42,2011-05-19,2011-07-15,2011,GBPJPY,42,6,48.61097545395114,1.1574041774750272,-5.322364321902896,293.76350098772764,0.574
42,42,2011-05-19,2011-07-15,2011,XAUUSD,42,5,-384.45299446879227,-9.153642725447435,-3.4525755581356172,532.001323331106,0.246
42,42,2011-05-19,2011-07-15,2011,XAGUSD,42,5,362.53256524376553,8.63172774389918,-127.00392851719197,1395.4544430825931,0.632
42,42,2011-05-19,2011-07-15,2011,UKOIL,42,5,-2208.1764567284417,-52.575629922105755,-38.18177293657926,1120.1796902404953,0.032
42,43,2011-06-17,2011-08-15,2011,EURUSD,42,13,-822.7510467966099,-19.58931063801452,11.708707668246207,453.5219635302536,0.03
42,43,2011-06-17,2011-08-15,2011,GBPUSD,42,6,-252.5436387483478,-6.012943779722566,-2.8097214106818282,297.16897770527993,0.21
42,43,2011-06-17,2011-08-15,2011,AUDUSD,42,8,-866.908990427289,-20.640690248268786,-1.868764379641718,662.5062013055898,0.094
42,43,2011-06-17,2011-08-15,2011,USDJPY,42,2,131.551842181011,3.1321867185955004,-5.118736925814453,373.63189716841,0.628
42,43,2011-06-17,2011-08-15,2011,USDCHF,42,2,493.5253835189735,11.750604369499369,38.452332433836276,783.8435867902044,0.724
42,43,2011-06-17,2011-08-15,2011,USDCAD,42,4,-580.3632975041959,-13.818173750099902,5.825710553852465,456.2423150015171,0.11
42,43,2011-06-17,2011-08-15,2011,EURJPY,42,8,131.1412234361781,3.1224100818137646,-11.270052305975671,541.1253887341487,0.578
42,43,2011-06-17,2011-08-15,2011,GBPJPY,42,0,337.40264996051104,8.033396427631216,-26.992211996840883,336.6580549814017,0.54
42,43,2011-06-17,2011-08-15,2011,XAUUSD,42,2,915.4627825788788,21.796732918544734,53.97698786034339,1048.347547208413,0.748
42,43,2011-06-17,2011-08-15,2011,XAGUSD,42,3,613.0322759824559,14.596006571010854,-45.2328694064357,1347.0519008234298,0.66
42,43,2011-06-17,2011-08-15,2011,UKOIL,42,3,-1184.0604111091675,-28.191914550218275,-26.48820589498525,1209.0990729206314,0.158
42,44,2011-07-18,2011-09-13,2011,EURUSD,42,12,-548.0544075339911,-13.048914465095027,5.291374726731769,454.63062185149494,0.12
42,44,2011-07-18,2011-09-13,2011,GBPUSD,42,6,44.326389429843516,1.0553902245200837,12.16068509005068,319.99279044681424,0.548
42,44,2011-07-18,2011-09-13,2011,AUDUSD,42,3,-821.2281381157464,-19.553050907517772,-21.426975867909107,730.2770873889831,0.136
42,44,2011-07-18,2011-09-13,2011,USDJPY,42,1,115.99829704358247,2.761864215323392,-22.287655064371933,253.1060509511335,0.624
42,44,2011-07-18,2011-09-13,2011,USDCHF,42,1,998.7929288409917,23.780784020023614,-30.95581518540684,1456.9327812798397,0.662
42,44,2011-07-18,2011-09-13,2011,USDCAD,42,7,-480.9236514269959,-11.450563129214189,-37.004312798514086,375.97473592842476,0.138
42,44,2011-07-18,2011-09-13,2011,EURJPY,42,4,222.52467191132644,5.298206474079201,5.2344036816774135,461.6778291351685,0.656
42,44,2011-07-18,2011-09-13,2011,GBPJPY,42,0,489.72167337775545,11.66003984232751,-5.876660080533064,490.1768343159506,0.506
42,44,2011-07-18,2011-09-13,2011,XAUUSD,42,0,1498.183698798923,35.671040447593406,-59.92734795195692,1498.4839059352494,0.52
42,44,2011-07-18,2011-09-13,2011,XAGUSD,42,4,-500.71705824627634,-11.921834720149437,-89.28450239743957,1066.6474601345599,0.362
42,44,2011-07-18,2011-09-13,2011,UKOIL,42,2,-752.2793846833475,-17.911413921032086,-54.82107457726277,965.9349989217754,0.254
42,45,2011-08-16,2011-10-12,2011,EURUSD,42,5,-83.9552376530545,-1.9989342298346309,9.306476535362258,535.465272248539,0.426
42,45,2011-08-16,2011-10-12,2011,GBPUSD,42,3,99.88791353846365,2.378283655677706,-28.482329125826517,400.59597593923746,0.598
42,45,2011-08-16,2011-10-12,2011,AUDUSD,42,4,-385.5753036842499,-9.180364373434521,-61.31000746320167,823.2781584416563,0.366
42,45,2011-08-16,2011-10-12,2011,USDJPY,42,4,-378.6745130579683,-9.01605983471353,-3.8786657118577086,153.12918819199967,0.008
42,45,2011-08-16,2011-10-12,2011,USDCHF,42,1,840.1646377877482,20.00391994732734,-31.863621759745396,1334.9987756264998,0.576
42,45,2011-08-16,2011-10-12,2011,USDCAD,42,8,-63.916031932488806,-1.5218102841068764,-7.422932163881167,513.2799842534416,0.466
42,45,2011-08-16,2011-10-12,2011,EURJPY,42,4,32.601504046609136,0.7762262868240271,-29.424960346491332,548.0714624856365,0.534
42,45,2011-08-16,2011-10-12,2011,GBPJPY,42,0,355.91921079102815,8.47426692359591,-15.66044527480524,355.930622847296,0.522
42,45,2011-08-16,2011-10-12,2011,XAUUSD,42,3,258.38329294603636,6.151983165381818,61.01191644760511,1182.2465652691897,0.534
42,45,2011-08-16,2011-10-12,2011,XAGUSD,42,4,1035.7548567820872,24.66082992338303,-198.589767319387,2804.2801635558576,0.606
42,45,2011-08-16,2011-10-12,2011,UKOIL,42,2,-1152.7155140215007,-27.445607476702396,-81.63373608263836,1001.7178970581782,0.16
42,46,2011-09-14,2011-11-10,2011,EURUSD,42,4,-506.2459051578496,-12.053473932329753,-24.93493208899926,490.9063147554394,0.156
42,46,2011-09-14,2011-11-10,2011,GBPUSD,42,3,-41.174127770916414,-0.9803363754980099,10.014693886936188,325.2909217870534,0.46
42,46,2011-09-14,2011-11-10,2011,AUDUSD,42,4,-15.635913250206226,-0.37228364881443393,41.59026869978885,918.1671689137837,0.48
42,46,2011-09-14,2011-11-10,2011,USDJPY,42,6,-678.4908723478677,-16.154544579711136,-22.301275086671467,316.27568538098404,0.006
42,46,2011-09-14,2011-11-10,2011,USDCHF,42,2,-101.26464088870422,-2.4110628783024817,12.20480050001525,626.7739530110915,0.418
42,46,2011-09-14,2011-11-10,2011,USDCAD,42,4,-35.94172025419792,-0.8557552441475694,-19.053254682394815,581.7653050941229,0.486
42,46,2011-09-14,2011-11-10,2011,EURJPY,42,4,-508.1629710286951,-12.099118357826073,-0.5480463832428013,469.5126994403498,0.144
42,46,2011-09-14,2011-11-10,2011,GBPJPY,42,3,30.66122580911801,0.7300291859313812,-23.092996170901312,395.6080379120817,0.548
42,46,2011-09-14,2011-11-10,2011,XAUUSD,42,4,589.2243639101822,14.029151521671006,-71.09230627851059,1193.1769692284854,0.686
42,46,2011-09-14,2011-11-10,2011,XAGUSD,42,2,2513.756298396202,59.85134043800481,155.8921848363441,2698.504128029272,0.752
42,46,2011-09-14,2011-11-10,2011,UKOIL,25,2,-735.784216953224,-29.431368678128962,-15.82059917592613,1018.3451514456589,0.252
42,47,2011-10-13,2011-12-09,2011,EURUSD,42,4,-266.32241441743616,-6.341009867081813,-26.710081163101336,384.8784117025852,0.256
42,47,2011-10-13,2011-12-09,2011,GBPUSD,42,4,-192.55329936716277,-4.584602365884828,-8.043877892247727,308.25655853616155,0.284
42,47,2011-10-13,2011-12-09,2011,AUDUSD,42,7,-599.7250219206994,-14.279167188588081,-21.339344534955913,717.0942530317335,0.212
42,47,2011-10-13,2011-12-09,2011,USDJPY,42,9,-380.11171845082833,-9.050279010734007,-26.926857077984074,362.3501018629629,0.176
42,47,2011-10-13,2011-12-09,2011,USDCHF,42,2,-100.29567771125178,-2.387992326458376,-27.323941327073612,447.90999447863703,0.448
42,47,2011-10-13,2011-12-09,2011,USDCAD,42,8,-443.9072382014009,-10.569219957176212,6.974525007026343,455.89785538081725,0.16
42,47,2011-10-13,2011-12-09,2011,EURJPY,42,4,-236.48362028832253,-5.630562387817203,-7.894872940460658,382.6890482526294,0.296
42,47,2011-10-13,2011-12-09,2011,GBPJPY,42,4,-244.95277716319796,-5.832208980076142,-8.894971597152056,436.7700963646507,0.29
42,47,2011-10-13,2011-12-09,2011,XAUUSD,42,4,722.3024982381949,17.19767852948083,15.134872863497257,757.9470543527776,0.816
42,47,2011-10-13,2011-12-09,2011,XAGUSD,42,2,208.89663022089516,4.9737292909736945,37.708782712378174,1123.497307171853,0.56
42,47,2011-10-13,2011-12-09,2011,UKOIL,23,4,-764.7281816369878,-33.249051375521205,12.416400225506337,528.3397114823291,0.08
42,48,2011-11-11,2012-01-09,2011,EURUSD,42,0,626.07011955099,14.906431417880713,-20.034243825631673,626.3761792283734,0.516
42,48,2011-11-11,2012-01-09,2011,GBPUSD,42,5,-339.19834786422825,-8.076151139624482,-7.0372322744786,303.0342227598122,0.138
42,48,2011-11-11,2012-01-09,2011,AUDUSD,42,9,-335.2684117784707,-7.98258123282073,-45.037091185543616,653.1828888771448,0.33
42,48,2011-11-11,2012-01-09,2011,USDJPY,42,9,207.42949704936007,4.9387975487942875,-19.80750028059107,198.8791837626206,0.88
42,48,2011-11-11,2012-01-09,2011,USDCHF,42,0,466.05956509586207,11.096656311806239,5.59271478115034,466.4927338127799,0.494
42,48,2011-11-11,2012-01-09,2011,USDCAD,42,10,-145.33900269468174,-3.46045244511147,-35.81447435464268,438.04800492926705,0.41
42,48,2011-11-11,2012-01-09,2011,EURJPY,42,0,730.6215336384481,17.39575080091543,-70.13966722929102,727.975376503046,0.548
42,48,2011-11-11,2012-01-09,2011,GBPJPY,42,3,-153.34632826759756,-3.651103053990418,-11.086999584337399,305.5338716082518,0.344
42,48,2011-11-11,2012-01-09,2011,XAUUSD,42,3,530.0698148534632,12.620709877463408,-39.03048225155486,913.3931788711182,0.702
42,48,2011-11-11,2012-01-09,2011,XAGUSD,42,1,8.849241368141648,0.21069622305099162,103.60416536982854,1255.2656737859022,0.464
42,48,2011-11-11,2012-01-09,2011,WTI,23,6,-1819.0690846199248,-79.08996020086629,-33.78907905264166,846.2709492975696,0.012
42,48,2011-11-11,2012-01-09,2011,UKOIL,38,8,-997.355919136606,-26.246208398331735,-49.79837064233599,913.994934023977,0.158
42,49,2011-12-12,2012-02-07,2011,EURUSD,42,1,311.78694364475564,7.423498658208468,13.424384140372629,558.835187047383,0.578
42,49,2011-12-12,2012-02-07,2011,GBPUSD,42,5,-197.07557111645352,-4.692275502772703,2.4305964782627063,295.6978389734364,0.252
42,49,2011-12-12,2012-02-07,2011,AUDUSD,42,4,566.6706311612196,13.492157884790943,-32.419278466332386,404.44957457780856,0.93
42,49,2011-12-12,2012-02-07,2011,USDJPY,42,3,126.0481170180888,3.0011456432878285,6.891898508337721,196.35236254777777,0.688
42,49,2011-12-12,2012-02-07,2011,USDCHF,42,3,514.1866288328654,12.24253878173489,2.036110681031747,446.05475308465094,0.864
42,49,2011-12-12,2012-02-07,2011,USDCAD,42,5,388.10146669168336,9.240511111706747,4.502437483335167,292.575410431157,0.912
42,49,2011-12-12,2012-02-07,2011,EURJPY,42,3,31.027270657396343,0.7387445394618177,2.0704468063325074,511.80811471873733,0.542
42,49,2011-12-12,2012-02-07,2011,GBPJPY,42,3,-111.8765531216229,-2.663727455276736,8.408766603107335,339.4795576998557,0.358
42,49,2011-12-12,2012-02-07,2011,XAUUSD,42,1,1096.7451622788205,26.112980054257633,-26.834722694715563,1210.9468362629614,0.776
42,49,2011-12-12,2012-02-07,2011,XAGUSD,42,1,1947.4131513558368,46.36697979418659,13.928052798249213,2095.429842673797,0.716
42,49,2011-12-12,2012-02-07,2011,WTI,42,11,-2433.308426782901,-57.9359149234024,-196.6527587863917,899.9087247001821,0.004
42,49,2011-12-12,2012-02-07,2011,UKOIL,40,7,-406.4482687050936,-10.16120671762734,25.291171512539787,885.8259631145584,0.322
42,50,2012-01-10,2012-03-07,2012,EURUSD,42,2,-263.87452041915213,-6.2827266766464795,-4.015377516725561,330.82259989713486,0.224
42,50,2012-01-10,2012-03-07,2012,GBPUSD,42,2,-96.66222457589258,-2.301481537521252,-1.602653623521076,245.49533906463535,0.37
42,50,2012-01-10,2012-03-07,2012,AUDUSD,42,1,615.0148541494003,14.64321081308096,3.6378697770841684,502.4433075625508,0.868
42,50,2012-01-10,2012-03-07,2012,USDJPY,42,1,517.578942874646,12.323308163682048,-9.350009910522123,500.1981589258648,0.724
42,50,2012-01-10,2012-03-07,2012,USDCHF,42,4,148.73404296516657,3.5412867372658705,-32.07718178534567,400.4507398507658,0.68
42,50,2012-01-10,2012-03-07,2012,USDCAD,42,2,174.11664826966052,4.145634482610965,-15.690483470270468,198.45229753317005,0.81
42,50,2012-01-10,2012-03-07,2012,EURJPY,42,3,-20.950032557095767,-0.4988102989784706,-3.423199244894091,619.5204466240157,0.474
42,50,2012-01-10,2012-03-07,2012,GBPJPY,42,1,258.0458985239648,6.143949964856305,-16.193931776074976,593.9970346537576,0.63
42,50,2012-01-10,2012-03-07,2012,XAUUSD,42,2,377.0825088809702,8.978154973356434,-27.35124572035869,622.6131572378747,0.726
42,50,2012-01-10,2012-03-07,2012,XAGUSD,42,2,517.0500363668936,12.310715151592703,12.896141929177444,1240.0906898949772,0.588
42,50,2012-01-10,2012-03-07,2012,WTI,42,10,-663.9209992878458,-15.807642840186805,-90.34940906327914,762.3558342195308,0.23
42,50,2012-01-10,2012-03-07,2012,UKOIL,42,2,790.5509015937832,18.822640514137696,43.85727773768749,850.6540019114252,0.722
42,51,2012-02-08,2012-04-05,2012,EURUSD,42,8,-542.9717733721382,-12.92789936600329,-35.394683513524754,366.61561798711466,0.072
42,51,2012-02-08,2012-04-05,2012,GBPUSD,42,10,-736.0993401403568,-17.52617476524659,7.057860525784059,298.6131654331359,0.008
42,51,2012-02-08,2012-04-05,2012,AUDUSD,42,1,353.295128646762,8.411788777303858,-14.29847135588377,291.10639541982755,0.86
42,51,2012-02-08,2012-04-05,2012,USDJPY,42,1,615.3141117206342,14.650335993348433,-4.8251738986619745,646.986835035109,0.75
42,51,2012-02-08,2012-04-05,2012,USDCHF,42,10,-833.6147374011493,-19.847969938122603,-43.11193674031919,358.2673666589145,0.012
42,51,2012-02-08,2012-04-05,2012,USDCAD,42,6,-343.57188726547474,-8.18028303013035,-10.730566445131037,177.98568822469053,0.034
42,51,2012-02-08,2012-04-05,2012,EURJPY,42,0,558.5739031973701,13.29937864755643,22.3429561278948,558.6858306412743,0.48
42,51,2012-02-08,2012-04-05,2012,GBPJPY,42,0,659.147702661772,15.69399292051838,-23.729317295823787,659.3801466381339,0.518
42,51,2012-02-08,2012-04-05,2012,XAUUSD,42,1,185.82045633095595,4.424296579308475,13.429896309223336,523.3880350331574,0.576
42,51,2012-02-08,2012-04-05,2012,XAGUSD,42,3,-521.8225076303199,-12.424345419769523,-23.506337289660916,921.0000619543883,0.306
42,51,2012-02-08,2012-04-05,2012,WTI,41,6,180.47630987924782,4.40186121656702,2.1484586260707363,735.6148865268282,0.592
42,51,2012-02-08,2012-04-05,2012,UKOIL,42,5,-357.1392776229236,-8.503316133879133,-56.48912291747061,579.1574120491179,0.336
42,51,2012-02-08,2012-04-05,2012,US500,40,2,201.92815958604268,5.048203989651067,-10.373858629564344,343.7480505796024,0.67
42,51,2012-02-08,2012-04-05,2012,USTECH,37,0,815.7476366228308,22.04723342223867,-13.146178852893675,822.3537674994008,0.508
42,52,2012-03-08,2012-05-04,2012,EURUSD,42,11,-754.0046066001415,-17.9524906333367,-29.14572555363352,293.5412271964609,0.006
42,52,2012-03-08,2012-05-04,2012,GBPUSD,42,9,-421.6744336479187,-10.039867467807587,-6.193324633843848,255.00543903549655,0.048
42,52,2012-03-08,2012-05-04,2012,AUDUSD,42,4,136.2944802293505,3.245106672127393,4.32700348323863,303.57971458774307,0.674
42,52,2012-03-08,2012-05-04,2012,USDJPY,42,1,258.2926042054249,6.149823909652973,-35.365584851639355,406.1457593215242,0.79
42,52,2012-03-08,2012-05-04,2012,USDCHF,42,15,-1023.3273063344664,-24.364935865106343,-45.390165092950284,318.768847295294,0.0
42,52,2012-03-08,2012-05-04,2012,USDCAD,42,7,-362.6962264228898,-8.635624438640233,-2.5542675479527124,252.60997936807044,0.094
42,52,2012-03-08,2012-05-04,2012,EURJPY,42,1,321.2082753645835,7.6478160801091315,9.054190952415015,518.675226548807,0.686
42,52,2012-03-08,2012-05-04,2012,GBPJPY,42,3,-144.1301069124106,-3.431669212200253,-25.017075233947406,482.43336114607456,0.424
42,52,2012-03-08,2012-05-04,2012,XAUUSD,42,5,-146.93433766117383,-3.4984366109803293,18.19633951061278,445.76595037877433,0.372
42,52,2012-03-08,2012-05-04,2012,XAGUSD,42,4,308.2477449514927,7.3392320226545875,-52.86101920087069,659.9959134418367,0.71
42,52,2012-03-08,2012-05-04,2012,WTI,40,2,-587.6316744927075,-14.690791862317687,7.644952311837793,641.2422623681829,0.204
42,52,2012-03-08,2012-05-04,2012,UKOIL,41,5,-285.69088537082433,-6.968070374898154,-18.31453543082608,671.1702794946149,0.352
42,52,2012-03-08,2012-05-04,2012,US500,41,4,-215.41413121583352,-5.254003200386183,-31.02928012180103,418.24421682389556,0.312
42,52,2012-03-08,2012-05-04,2012,USTECH,40,1,559.7724160611643,13.994310401529109,-71.8258033598307,782.8795296043877,0.66
42,53,2012-04-06,2012-06-04,2012,EURUSD,42,5,107.08329377756317,2.5496022327991232,13.27158674757739,362.10265143806055,0.572
42,53,2012-04-06,2012-06-04,2012,GBPUSD,42,1,394.0904329355122,9.383105546083623,-38.76241609743923,510.2963528472069,0.754
42,53,2012-04-06,2012-06-04,2012,AUDUSD,42,4,298.70830025785233,7.112102387091722,-8.07963868549029,404.55605798790265,0.772
42,53,2012-04-06,2012-06-04,2012,USDJPY,42,1,333.9145398333801,7.95034618650905,-1.5001966523620094,221.80183394574797,0.936
42,53,2012-04-06,2012-06-04,2012,USDCHF,42,7,153.2060758802885,3.64776371143544,-7.681610994116227,350.5571762567692,0.652
42,53,2012-04-06,2012-06-04,2012,USDCAD,42,3,153.70109437955554,3.6595498661798938,18.361021958864523,344.1232550851806,0.62
42,53,2012-04-06,2012-06-04,2012,EURJPY,42,1,887.3992042398545,21.1285524819013,9.609456941216791,641.5833927278586,0.932
42,53,2012-04-06,2012-06-04,2012,GBPJPY,42,7,275.95156752968956,6.570275417373561,4.403054611571148,471.08989324330145,0.694
42,53,2012-04-06,2012-06-04,2012,XAUUSD,42,6,-403.8526808832665,-9.615540021030155,-71.67910796472327,661.1425096087166,0.31
42,53,2012-04-06,2012-06-04,2012,XAGUSD,42,2,1035.9762908735588,24.666102163656163,34.10716398854565,961.4425322640722,0.816
42,53,2012-04-06,2012-06-04,2012,WTI,41,2,750.1677609089326,18.296774656315428,-4.01613351444088,1388.563643226962,0.708
42,53,2012-04-06,2012-06-04,2012,UKOIL,41,0,2108.6974897625464,51.43164609176942,-16.869579918100374,2110.7418085993822,0.504
42,53,2012-04-06,2012-06-04,2012,US500,42,5,-13.487329066395603,-0.32112688253322863,-4.071904098521999,610.3424517209871,0.488
42,53,2012-04-06,2012-06-04,2012,USTECH,40,1,591.0068137017537,14.775170342543841,-62.621780871445154,640.9361232004993,0.772
42,54,2012-05-07,2012-07-03,2012,EURUSD,42,4,273.97632233002776,6.523245769762566,-22.004904789991304,358.65378436426204,0.772
42,54,2012-05-07,2012-07-03,2012,GBPUSD,42,4,-66.0772739650757,-1.5732684277398978,5.92397849599233,336.2153081769387,0.444
42,54,2012-05-07,2012-07-03,2012,AUDUSD,42,1,554.7437495785986,13.208184513776157,31.255620474628664,603.4930930650911,0.782
42,54,2012-05-07,2012-07-03,2012,USDJPY,42,5,-301.2949381352081,-7.17368900321924,-21.83003727829011,246.04041979786095,0.122
42,54,2012-05-07,2012-07-03,2012,USDCHF,42,4,271.8083830725703,6.47162816839453,9.855800247347613,375.03949586351126,0.75
42,54,2012-05-07,2012-07-03,2012,USDCAD,42,10,-396.4157215759706,-9.438469561332633,-29.11982143099627,292.4697656577999,0.1
42,54,2012-05-07,2012-07-03,2012,EURJPY,42,3,397.0562654546765,9.453720606063726,1.229326014156024,474.79441311374626,0.784
42,54,2012-05-07,2012-07-03,2012,GBPJPY,42,7,282.0194002161768,6.714747624194685,9.251594247043602,503.46236811277606,0.694
42,54,2012-05-07,2012-07-03,2012,XAUUSD,42,7,-956.0614301632663,-22.763367384839675,-19.706914399330763,827.3691108305379,0.142
42,54,2012-05-07,2012-07-03,2012,XAGUSD,42,6,-1025.2745603114367,-24.41129905503421,-15.930065723654044,957.1454791169748,0.148
42,54,2012-05-07,2012-07-03,2012,WTI,42,3,642.6049968001046,15.300118971431061,-2.3007197170923974,1554.4911101428036,0.63
42,54,2012-05-07,2012-07-03,2012,UKOIL,40,0,1133.7121325193846,28.342803312984614,-31.743939710542755,1134.4026005937094,0.514
42,54,2012-05-07,2012-07-03,2012,US500,42,5,176.7108695679771,4.207401656380408,-78.53244674488471,681.5395491199756,0.638
42,54,2012-05-07,2012-07-03,2012,USTECH,41,3,373.91446822658435,9.11986507869718,24.98293621186196,658.4261610024714,0.696
42,55,2012-06-05,2012-08-01,2012,EURUSD,42,4,-7.332663491401021,-0.17458722598573861,-32.92618702827289,311.3562325439646,0.558
42,55,2012-06-05,2012-08-01,2012,GBPUSD,42,8,-671.583074267909,-15.990073196854976,-2.195220736629759,264.349032690192,0.008
42,55,2012-06-05,2012-08-01,2012,AUDUSD,42,1,317.3298143370324,7.555471769929343,-14.709144271226648,387.84012257543856,0.772
42,55,2012-06-05,2012-08-01,2012,USDJPY,42,12,-676.0538732064664,-16.09652079063015,-8.502968476213011,267.886353638739,0.004
42,55,2012-06-05,2012-08-01,2012,USDCHF,42,4,-11.103146329852393,-0.26436062690124745,-30.75941222713056,324.2786404842481,0.522
42,55,2012-06-05,2012-08-01,2012,USDCAD,42,9,-591.6395263875758,-14.086655390180375,-2.9966156792270047,275.84689775681863,0.014
42,55,2012-06-05,2012-08-01,2012,EURJPY,42,4,-82.0162397825344,-1.9527676138698666,-4.853065401191657,444.22238259936324,0.44
42,55,2012-06-05,2012-08-01,2012,GBPJPY,42,6,-565.4551226891226,-13.463217206883872,-39.87460322002883,353.9935714399187,0.068
42,55,2012-06-05,2012-08-01,2012,XAUUSD,42,14,-971.5912532998964,-23.133125078568963,-75.93408662630868,592.7185944931717,0.054
42,55,2012-06-05,2012-08-01,2012,XAGUSD,42,10,-1194.9969718433504,-28.452308853413104,-93.42989626005175,911.3272475867897,0.116
42,55,2012-06-05,2012-08-01,2012,WTI,42,5,-1012.153362885507,-24.098889592512073,11.469306871658256,1101.496647491115,0.182
42,55,2012-06-05,2012-08-01,2012,UKOIL,38,5,-756.2506127695981,-19.901331914989424,29.63409378777657,1182.9602605611733,0.266
42,55,2012-06-05,2012-08-01,2012,US500,42,3,-336.1937687957796,-8.004613542756656,-44.29305746748159,520.0050454754203,0.29
42,55,2012-06-05,2012-08-01,2012,USTECH,41,7,-857.346810319792,-20.910897812677852,-102.06151771760304,673.1504429351415,0.134
42,56,2012-07-04,2012-08-30,2012,EURUSD,42,2,127.22630685916485,3.029197782361068,0.438828601374229,330.1311725976534,0.658
42,56,2012-07-04,2012-08-30,2012,GBPUSD,42,6,-379.2403155459141,-9.029531322521764,-22.870885903618404,266.1618379077164,0.086
42,56,2012-07-04,2012-08-30,2012,AUDUSD,42,1,237.62104774390198,5.657643993902428,-23.938367359894286,322.69442032822735,0.732
42,56,2012-07-04,2012-08-30,2012,USDJPY,42,8,-330.5897275664457,-7.871183989677278,-25.013451446550178,196.6027679357973,0.06
42,56,2012-07-04,2012-08-30,2012,USDCHF,42,2,139.68729075779146,3.325887875185511,2.7589440254220716,333.04214694002457,0.664
42,56,2012-07-04,2012-08-30,2012,USDCAD,42,0,189.98689784624153,4.523497567767656,1.519895182769933,190.17108443341425,0.496
42,56,2012-07-04,2012-08-30,2012,EURJPY,42,4,59.40900148714195,1.4145000354081416,-12.559088439411244,477.9418696938378,0.554
42,56,2012-07-04,2012-08-30,2012,GBPJPY,42,6,-428.01992911905427,-10.190950693310816,-10.396997310409885,314.4480644781507,0.09
42,56,2012-07-04,2012-08-30,2012,XAUUSD,42,9,365.5496820976184,8.703563859467105,5.033170019428753,459.16188826718246,0.79
42,56,2012-07-04,2012-08-30,2012,XAGUSD,42,5,1343.3501569511861,31.984527546456814,-7.86180989809033,941.8467955245545,0.938
42,56,2012-07-04,2012-08-30,2012,WTI,42,3,513.5043785160148,12.22629472657178,-23.643241687204615,835.1064523251599,0.722
42,56,2012-07-04,2012-08-30,2012,UKOIL,38,5,96.71039960260606,2.545010515858054,-14.006311226031444,972.3248969989379,0.53
42,56,2012-07-04,2012-08-30,2012,US500,42,2,-200.80482478997493,-4.781067256904165,-38.313617803794536,421.8121064176693,0.358
42,56,2012-07-04,2012-08-30,2012,USTECH,41,6,-506.9724239154049,-12.365181071107436,-28.82572682054391,595.0350328211576,0.23
42,57,2012-08-02,2012-09-28,2012,EURUSD,42,1,257.5916576776837,6.133134706611517,-7.344263787337079,437.0809034600348,0.692
42,57,2012-08-02,2012-09-28,2012,GBPUSD,42,1,269.7177777160167,6.42185185038135,-6.119984196528134,286.32074325595687,0.804
42,57,2012-08-02,2012-09-28,2012,AUDUSD,42,6,-336.2296520295235,-8.005467905464846,-19.811368555512967,315.7852303652106,0.164
42,57,2012-08-02,2012-09-28,2012,USDJPY,42,6,-130.54936926934133,-3.1083183159366983,-14.048358034740717,207.7619963125843,0.31
42,57,2012-08-02,2012-09-28,2012,USDCHF,42,1,198.26285715363142,4.720544217943605,17.873984923241466,371.8719458117571,0.654
42,57,2012-08-02,2012-09-28,2012,USDCAD,42,0,210.54672934758824,5.013017365418768,20.21248601736847,209.78417348994174,0.452
42,57,2012-08-02,2012-09-28,2012,EURJPY,42,3,123.68369511623315,2.944849883719837,-4.527307286613228,426.50678719907563,0.626
42,57,2012-08-02,2012-09-28,2012,GBPJPY,42,3,-8.903234003807512,-0.21198176199541696,-20.721203719976884,285.98290411198286,0.502
42,57,2012-08-02,2012-09-28,2012,XAUUSD,42,1,1008.2681681229494,24.00638495530832,22.16834826987597,775.725844341428,0.91
42,57,2012-08-02,2012-09-28,2012,XAGUSD,42,1,2106.702316693784,50.159578968899616,-213.2875573305927,1753.7533405692302,0.892
42,57,2012-08-02,2012-09-28,2012,WTI,42,1,1101.5573058288076,26.227554900685895,-36.69059093162132,1037.0918666789723,0.76
42,57,2012-08-02,2012-09-28,2012,UKOIL,36,1,322.96477973211256,8.97124388144757,-50.239675541479045,812.6167284553098,0.612
42,57,2012-08-02,2012-09-28,2012,US500,42,2,77.76863811240567,1.8516342407715636,-33.138231821899794,368.58236925355465,0.58
42,57,2012-08-02,2012-09-28,2012,USTECH,41,4,-26.933717749885318,-0.6569199451191541,-36.54997642075796,449.27452027424226,0.532
42,58,2012-08-31,2012-10-29,2012,EURUSD,42,2,-66.72431935677031,-1.588674270399293,-3.4925729725909056,331.1795199516653,0.468
42,58,2012-08-31,2012-10-29,2012,GBPUSD,42,1,107.53351149060535,2.56032170215727,-5.875870734995168,262.5204649191687,0.624
42,58,2012-08-31,2012-10-29,2012,AUDUSD,42,6,-626.1825194205226,-14.909107605250536,-18.85998074986891,327.5764938782434,0.04
42,58,2012-08-31,2012-10-29,2012,USDJPY,42,8,71.23434417299579,1.6960558136427568,-22.8477889687291,241.36116821407842,0.62
42,58,2012-08-31,2012-10-29,2012,USDCHF,42,4,-131.15660684947295,-3.12277635355888,-11.37457472713177,283.96633338991984,0.326
42,58,2012-08-31,2012-10-29,2012,USDCAD,42,3,299.2849335262466,7.125831750624919,13.59719437263281,292.93500061337795,0.812
42,58,2012-08-31,2012-10-29,2012,EURJPY,42,4,-73.27232509739108,-1.7445791689855017,5.570308901376569,453.7998054633765,0.472
42,58,2012-08-31,2012-10-29,2012,GBPJPY,42,4,-65.03439400106694,-1.5484379524063558,-16.39127922789738,296.95918581758633,0.458
42,58,2012-08-31,2012-10-29,2012,XAUUSD,42,1,837.0296960800604,19.929278478096677,49.17996817385556,836.7776712191869,0.706
42,58,2012-08-31,2012-10-29,2012,XAGUSD,42,1,1837.8206671950948,43.75763493321654,148.31985187741537,1610.1106122943643,0.788
42,58,2012-08-31,2012-10-29,2012,WTI,42,3,1185.5607527158381,28.22763696942472,-28.22445783027481,970.1840736963824,0.868
42,58,2012-08-31,2012-10-29,2012,UKOIL,36,5,-236.95859935630958,-6.582183315453044,55.661590445676325,866.0384430993258,0.392
42,58,2012-08-31,2012-10-29,2012,US500,42,1,428.0145915891794,10.190823609266177,-1.1276332510534284,600.4089496372695,0.638
42,58,2012-08-31,2012-10-29,2012,USTECH,40,3,543.4926019193779,13.587315047984447,-30.711417999850827,563.85302893634,0.82
42,59,2012-10-01,2012-11-27,2012,EURUSD,42,4,-368.1576831079019,-8.765659121616713,10.74494359388087,280.9644745451333,0.106
42,59,2012-10-01,2012-11-27,2012,GBPUSD,42,4,-143.05631509871995,-3.406102740445713,-3.209402242611115,173.44018442716813,0.206
42,59,2012-10-01,2012-11-27,2012,AUDUSD,42,4,-136.77043718658365,-3.256438980632944,4.026886298372457,205.72258813963074,0.256
42,59,2012-10-01,2012-11-27,2012,USDJPY,42,3,349.3112990518416,8.316935691710515,-0.33241640469244704,320.8026290745309,0.846
42,59,2012-10-01,2012-11-27,2012,USDCHF,42,6,-366.40530292763583,-8.72393578399133,4.487502768625107,250.10018008308597,0.068
42,59,2012-10-01,2012-11-27,2012,USDCAD,42,4,109.2569717586457,2.601356470443945,-3.7364765436707748,189.85379075929023,0.708
42,59,2012-10-01,2012-11-27,2012,EURJPY,42,8,-605.4686302746157,-14.415919768443231,-49.793023833485364,495.75585398830185,0.132
42,59,2012-10-01,2012-11-27,2012,GBPJPY,42,6,-316.8067250233683,-7.5430172624611505,-6.765162186768954,400.39123655175877,0.24
42,59,2012-10-01,2012-11-27,2012,XAUUSD,42,2,78.2819528105959,1.8638560192999023,-18.27121831153019,398.76560775575956,0.564
42,59,2012-10-01,2012-11-27,2012,XAGUSD,42,2,899.4391496349085,21.415217848450204,-45.83191220623088,846.4696075190697,0.848
42,59,2012-10-01,2012-11-27,2012,WTI,42,3,434.4116719265643,10.343135045870579,-31.75062515971205,767.1180569841188,0.682
42,59,2012-10-01,2012-11-27,2012,UKOIL,39,5,-284.9256759014709,-7.305786561576178,-77.47486372940612,795.2083853549227,0.418
42,59,2012-10-01,2012-11-27,2012,US500,42,2,51.03683984749081,1.215162853511686,-29.80344126576209,440.7932975830876,0.568
42,59,2012-10-01,2012-11-27,2012,USTECH,39,1,759.498910305872,19.474331033483896,23.584985691559947,756.2811744726795,0.81
42,60,2012-10-30,2012-12-26,2012,EURUSD,42,4,144.7000663129933,3.445239674118888,-22.114223235476913,268.42774597903326,0.73
42,60,2012-10-30,2012-12-26,2012,GBPUSD,42,5,-46.69623116290517,-1.1118150276882184,-11.44426435107725,184.7095204083921,0.43
42,60,2012-10-30,2012-12-26,2012,AUDUSD,42,4,92.76383797548513,2.2086628089401223,-3.979892498611468,184.19127658422394,0.704
42,60,2012-10-30,2012-12-26,2012,USDJPY,42,0,719.6342072454275,17.134147791557798,80.5990312114879,715.8225984071089,0.444
42,60,2012-10-30,2012-12-26,2012,USDCHF,42,2,164.44539951949847,3.915366655226154,-3.793334311844791,262.4515789774221,0.736
42,60,2012-10-30,2012-12-26,2012,USDCAD,42,5,-137.2169929350497,-3.267071260358326,4.552731460154355,144.26427241692735,0.164
42,60,2012-10-30,2012-12-26,2012,EURJPY,42,4,327.26572647777687,7.792041106613735,-26.595588875546884,636.67307596242,0.688
42,60,2012-10-30,2012-12-26,2012,GBPJPY,42,2,409.54087780339773,9.750973281033279,13.477759914616522,517.0113133333588,0.756
42,60,2012-10-30,2012-12-26,2012,XAUUSD,42,2,-124.04253792434251,-2.9533937601033933,-8.297935309381822,373.3107322291785,0.37
42,60,2012-10-30,2012-12-26,2012,XAGUSD,42,2,678.1857381848732,16.14727948059222,-51.28972260155928,1076.42174765721,0.71
42,60,2012-10-30,2012-12-26,2012,WTI,42,5,-57.74789622859731,-1.3749499102046978,-59.14372971312589,573.0290054076668,0.474
42,60,2012-10-30,2012-12-26,2012,UKOIL,33,6,-754.5037462055761,-22.86374988501746,-40.418450626963995,555.5743019375667,0.104
42,60,2012-10-30,2012-12-26,2012,US500,41,5,-201.3830678746234,-4.911782143283498,-21.151134234910714,500.7263978455675,0.368
42,60,2012-10-30,2012-12-26,2012,USTECH,39,5,-148.04275212696282,-3.795968003255457,-79.12205385465937,640.2026667323843,0.478
42,61,2012-11-28,2013-01-24,2012,EURUSD,42,4,-63.43772531567856,-1.51042203132568,-17.041133688037487,276.6623847739418,0.436
42,61,2012-11-28,2013-01-24,2012,GBPUSD,42,5,58.85736363307951,1.4013658007876073,-16.421291736655146,213.6172517546485,0.63
42,61,2012-11-28,2013-01-24,2012,AUDUSD,42,8,-483.60286455135747,-11.514353917889464,-1.7270990381122102,217.3771445390485,0.008
42,61,2012-11-28,2013-01-24,2012,USDJPY,42,0,990.9017250892671,23.592898216411122,11.890820701071206,991.82269670104,0.494
42,61,2012-11-28,2013-01-24,2012,USDCHF,42,1,154.01799339678445,3.66709508087582,-13.753016830509477,210.08564570213184,0.822
42,61,2012-11-28,2013-01-24,2012,USDCAD,42,11,-211.9451870116026,-5.046313976466728,-28.172687555365105,195.20834566528328,0.192
42,61,2012-11-28,2013-01-24,2012,EURJPY,42,0,1326.2757690003803,31.577994500009055,10.610206152003041,1327.5615534955814,0.496
42,61,2012-11-28,2013-01-24,2012,GBPJPY,42,0,842.7987573198636,20.066637079044373,-40.45434035135345,842.6703854079188,0.524
42,61,2012-11-28,2013-01-24,2012,XAUUSD,42,2,-278.23291259889885,-6.62459315711664,-3.840836610539636,410.106256080858,0.254
42,61,2012-11-28,2013-01-24,2012,XAGUSD,42,2,-76.77634780674583,-1.828008281112996,-27.478331981071417,1014.8953068289601,0.494
42,61,2012-11-28,2013-01-24,2012,WTI,42,4,794.9232080563115,18.9267430489598,-45.22059189085653,606.355193968233,0.908
42,61,2012-11-28,2013-01-24,2012,UKOIL,26,8,-894.7224820469598,-34.4124031556523,-56.66371171779466,469.12978335767195,0.03
42,61,2012-11-28,2013-01-24,2012,US500,40,6,47.88132181014538,1.1970330452536344,-61.41326626570645,421.1504014052991,0.578
42,61,2012-11-28,2013-01-24,2012,USTECH,39,7,-744.6107441820743,-19.092583184155753,-95.96400973570695,526.2215422450304,0.122
42,62,2012-12-27,2013-02-22,2012,EURUSD,42,5,-259.2659685577469,-6.172999251374925,-6.438635994874028,330.53061716404477,0.244
42,62,2012-12-27,2013-02-22,2012,GBPUSD,42,3,488.8797582138482,11.639994243186862,36.66400967848819,359.05724540959596,0.882
42,62,2012-12-27,2013-02-22,2012,AUDUSD,42,8,-417.4634776761318,-9.93960661133647,8.910709210180594,228.9846011857371,0.03
42,62,2012-12-27,2013-02-22,2012,USDJPY,42,0,876.237688257585,20.86280210137107,10.514852259091018,877.0520879257035,0.494
42,62,2012-12-27,2013-02-22,2012,USDCHF,42,5,-425.44840955662266,-10.129724037062445,-9.030388722229613,305.84982518680465,0.074
42,62,2012-12-27,2013-02-22,2012,USDCAD,42,7,13.492778534352741,0.32125663177030334,-33.291415914235145,236.87605273221504,0.59
42,62,2012-12-27,2013-02-22,2012,EURJPY,42,0,858.2584986085863,20.434726157347292,-20.59820396660606,858.8705850073085,0.512
42,62,2012-12-27,2013-02-22,2012,GBPJPY,42,1,333.14449126471294,7.932011696778879,17.298939144129474,548.8857943128631,0.678
42,62,2012-12-27,2013-02-22,2012,XAUUSD,42,6,39.21873691261053,0.9337794503002508,-44.74045375142628,492.8208025484434,0.566
42,62,2012-12-27,2013-02-22,2012,XAGUSD,42,2,67.52990039603412,1.6078547713341458,-82.68578541785942,922.0416322791981,0.56
42,62,2012-12-27,2013-02-22,2012,WTI,42,1,963.7420828253817,22.946240067270992,-25.39272412942421,736.7714968622721,0.878
42,62,2012-12-27,2013-02-22,2012,UKOIL,22,3,210.5215445422066,9.569161115554847,-4.376371955005074,607.0158799234581,0.586
42,62,2012-12-27,2013-02-22,2012,US500,41,2,309.7938393440829,7.555947301075193,-27.652037728189587,447.0807151650071,0.728
42,62,2012-12-27,2013-02-22,2012,USTECH,39,7,-1022.0342123614231,-26.206005445164696,-63.98662880520828,486.4966763002578,0.012
42,63,2013-01-25,2013-03-25,2013,EURUSD,42,3,223.10163297550105,5.311943642273834,0.24189795391856933,349.89322980732436,0.71
42,63,2013-01-25,2013-03-25,2013,GBPUSD,42,1,315.02503825700546,7.500596148976321,28.501439448253937,430.16626009305173,0.618
42,63,2013-01-25,2013-03-25,2013,AUDUSD,42,4,174.37966446600555,4.151896773000132,8.873866019986028,215.6948529043986,0.772
42,63,2013-01-25,2013-03-25,2013,USDJPY,42,2,236.74895780450902,5.636879947726405,-11.004171488928241,355.146470275555,0.746
42,63,2013-01-25,2013-03-25,2013,USDCHF,42,4,-186.95744873292088,-4.451367826974307,-20.031945206751764,300.1032073938021,0.308
42,63,2013-01-25,2013-03-25,2013,USDCAD,42,0,190.42935638193927,4.534032294808078,-6.855456829749813,190.49651000567903,0.518
42,63,2013-01-25,2013-03-25,2013,EURJPY,42,5,95.70922058398965,2.278790966285468,-24.638702589566506,644.9489125252409,0.564
42,63,2013-01-25,2013-03-25,2013,GBPJPY,42,4,-506.36589163804376,-12.056330753286757,-20.02266742082899,450.32887084573065,0.15
42,63,2013-01-25,2013-03-25,2013,XAUUSD,42,6,16.45238736755499,0.3917235087513093,-31.59798639250004,464.79173361729204,0.536
42,63,2013-01-25,2013-03-25,2013,XAGUSD,42,3,311.53514415699635,7.417503432309437,-52.314508040668265,773.6354929253661,0.618
42,63,2013-01-25,2013-03-25,2013,WTI,42,2,436.8319329620597,10.400760308620468,-29.938941942106048,611.9909757675216,0.75
42,63,2013-01-25,2013-03-25,2013,UKOIL,28,1,-39.84615635431932,-1.4230770126542613,21.31986516308716,868.4831669302214,0.432
42,63,2013-01-25,2013-03-25,2013,US500,42,2,-23.639261780119114,-0.5628395661933122,-11.596553953066055,304.5879438394035,0.5
42,63,2013-01-25,2013-03-25,2013,USTECH,41,10,-759.2471453575454,-18.518223057501107,-130.75154388923718,418.44976012409154,0.078
42,64,2013-02-25,2013-04-23,2013,EURUSD,42,1,12.336218915645937,0.29371949799156993,3.498568777372423,214.4395830055508,0.49
42,64,2013-02-25,2013-04-23,2013,GBPUSD,42,5,-188.20125535906197,-4.480982270453857,3.5862489618389235,235.0774441036432,0.216
42,64,2013-02-25,2013-04-23,2013,AUDUSD,42,6,-94.33834775153686,-2.2461511369413536,-7.122577302459003,286.41821353224947,0.376
42,64,2013-02-25,2013-04-23,2013,USDJPY,42,6,-285.2496219551023,-6.791657665597675,9.364308197235623,647.2540526763544,0.34
42,64,2013-02-25,2013-04-23,2013,USDCHF,42,1,154.45375163366066,3.6774702769919205,7.837797995299074,174.02684721327122,0.742
42,64,2013-02-25,2013-04-23,2013,USDCAD,42,4,-66.13557377778028,-1.5746565185185781,-10.861871482875763,177.53273304460407,0.372
42,64,2013-02-25,2013-04-23,2013,EURJPY,42,8,-78.0727136146723,-1.8588741336826737,-33.17557978704601,831.1896057881884,0.506
42,64,2013-02-25,2013-04-23,2013,GBPJPY,42,5,-677.4711238632668,-16.130264853887304,-9.770193166395714,712.5431980630384,0.216
42,64,2013-02-25,2013-04-23,2013,XAUUSD,41,8,-245.06654628031163,-5.977232836105162,-76.13727674585324,1252.2434212559333,0.49
42,64,2013-02-25,2013-04-23,2013,XAGUSD,41,2,1987.8737840646231,48.48472644060056,34.08482917929025,1760.8950395305096,0.828
42,64,2013-02-25,2013-04-23,2013,WTI,40,2,-168.1157281750573,-4.202893204376433,12.868537500244583,790.1022616346256,0.448
42,64,2013-02-25,2013-04-23,2013,UKOIL,38,3,-681.270664263657,-17.928175375359395,-77.69466734211856,1079.5673277254757,0.294
42,64,2013-02-25,2013-04-23,2013,US500,40,8,-450.99468604343144,-11.274867151085786,-68.48414955718894,418.8092011200657,0.172
42,64,2013-02-25,2013-04-23,2013,USTECH,39,11,-727.4173537500583,-18.651727019232265,-117.40496132281073,470.6174334342011,0.092
42,65,2013-03-26,2013-05-22,2013,EURUSD,42,4,-198.31242935895642,-4.721724508546582,7.76661028174664,268.6158125594377,0.232
42,65,2013-03-26,2013-05-22,2013,GBPUSD,42,5,18.25459182438466,0.43463313867582526,-13.757291549373367,288.30362688026213,0.534
42,65,2013-03-26,2013-05-22,2013,AUDUSD,42,3,385.0933754381243,9.168889891383913,16.866373929829884,493.10405998362626,0.73
42,65,2013-03-26,2013-05-22,2013,USDJPY,42,6,-267.1600373697546,-6.360953270708443,79.33216153294408,717.8126014638055,0.33
42,65,2013-03-26,2013-05-22,2013,USDCHF,42,2,531.0024685897947,12.642915918804636,7.777483483405607,424.03333101558417,0.872
42,65,2013-03-26,2013-05-22,2013,USDCAD,42,7,-458.92568523326975,-10.926802029363566,-22.291381602156722,299.0012066954406,0.078
42,65,2013-03-26,2013-05-22,2013,EURJPY,42,5,96.3100080272742,2.293095429220814,21.242375790631808,760.2247868745039,0.504
42,65,2013-03-26,2013-05-22,2013,GBPJPY,42,2,41.52348449282425,0.9886543926862917,4.793565042188641,663.7376134419713,0.516
42,65,2013-03-26,2013-05-22,2013,XAUUSD,41,9,-339.493233969054,-8.280322779733025,-4.670293900245131,1357.7181154318573,0.432
42,65,2013-03-26,2013-05-22,2013,XAGUSD,41,2,2254.316997094569,54.983341392550464,82.13037512729895,1902.7038196676149,0.84
42,65,2013-03-26,2013-05-22,2013,WTI,38,2,-872.4014491340747,-22.957932871949335,-34.63642272066026,884.8397251331194,0.178
42,65,2013-03-26,2013-05-22,2013,UKOIL,29,3,-380.29400038568133,-13.113586220195907,-72.21047865602199,810.6237210690707,0.364
42,65,2013-03-26,2013-05-22,2013,US500,40,6,212.20207174767518,5.305051793691879,-77.26499188681463,434.16278398704986,0.752
42,65,2013-03-26,2013-05-22,2013,USTECH,36,6,112.7504584508479,3.1319571791902194,-88.24291530492478,479.0933050572001,0.672
42,66,2013-04-24,2013-06-20,2013,EURUSD,42,4,-279.5496333073364,-6.6559436501746765,-2.2460581465484575,321.3950139236636,0.212
42,66,2013-04-24,2013-06-20,2013,GBPUSD,42,2,-303.432942444575,-7.224593867727977,1.1373894358158032,370.6147106644988,0.23
42,66,2013-04-24,2013-06-20,2013,AUDUSD,42,0,1080.0040090981288,25.714381169003065,21.60008018196258,1080.8693970647826,0.49
42,66,2013-04-24,2013-06-20,2013,USDJPY,42,3,-609.7512077604863,-14.517885899059198,-12.383431907990078,666.2169915790902,0.196
42,66,2013-04-24,2013-06-20,2013,USDCHF,42,2,85.94945373184362,2.0464155650438958,-22.158101264530224,523.2456283731644,0.59
42,66,2013-04-24,2013-06-20,2013,USDCAD,42,5,-802.2412792480541,-19.100982839239382,-18.03992347210856,378.9410248803667,0.01
42,66,2013-04-24,2013-06-20,2013,EURJPY,42,3,-51.005453849875785,-1.2144155678541853,-0.1485473830874257,399.3196562853488,0.452
42,66,2013-04-24,2013-06-20,2013,GBPJPY,42,3,72.73001535426229,1.7316670322443404,-18.371497416047745,373.4223304125972,0.596
42,66,2013-04-24,2013-06-20,2013,XAUUSD,42,4,226.00899099097398,5.381166452166047,125.77606729451482,817.0949678006872,0.548
42,66,2013-04-24,2013-06-20,2013,XAGUSD,42,2,1254.369553364036,29.86594174676276,-130.0084280333438,1039.6525832363343,0.89
42,66,2013-04-24,2013-06-20,2013,WTI,40,5,-1409.1892223156433,-35.22973055789108,-67.97476744793623,885.2249395307336,0.066
42,66,2013-04-24,2013-06-20,2013,UKOIL,31,5,-914.0905913927637,-29.486793270734314,-10.786556926455267,757.8142039792235,0.112
42,66,2013-04-24,2013-06-20,2013,US500,42,3,154.9021602021082,3.688146671478767,-22.80969524054441,551.3702996364275,0.606
42,66,2013-04-24,2013-06-20,2013,USTECH,39,3,97.60866127075676,2.5027861864296606,-9.105928809076424,578.0872728940582,0.572
42,67,2013-05-23,2013-07-19,2013,EURUSD,42,4,-467.60667998703497,-11.13349238064369,-15.647517950711379,406.5604412417802,0.126
42,67,2013-05-23,2013-07-19,2013,GBPUSD,42,2,-658.8689341048314,-15.687355573924558,31.955498807317394,485.98766397967717,0.08
42,67,2013-05-23,2013-07-19,2013,AUDUSD,42,0,508.8623203109476,12.115769531213038,-18.319043531194115,509.04176716432534,0.518
42,67,2013-05-23,2013-07-19,2013,USDJPY,42,2,-948.571556560683,-22.58503706096864,-18.901994333051196,665.013175635979,0.106
42,67,2013-05-23,2013-07-19,2013,USDCHF,42,2,-869.3358874878704,-20.698473511615962,-4.351061444168125,594.3846914981112,0.072
42,67,2013-05-23,2013-07-19,2013,USDCAD,42,4,-405.09129600386416,-9.645030857234861,32.46423148172443,347.62186631827,0.11
42,67,2013-05-23,2013-07-19,2013,EURJPY,42,4,-7.87160240895464,-0.18741910497511047,23.489244332281054,369.5377177559758,0.488
42,67,2013-05-23,2013-07-19,2013,GBPJPY,42,8,-80.37020975707404,-1.913576422787477,10.44538259393314,398.2348032396648,0.398
42,67,2013-05-23,2013-07-19,2013,XAUUSD,42,3,534.8774956242091,12.735178467243074,52.39218962206197,1068.7949291529742,0.598
42,67,2013-05-23,2013-07-19,2013,XAGUSD,42,0,1194.7436230060637,28.44627673823961,-28.673846952145535,1195.5956813576997,0.512
42,67,2013-05-23,2013-07-19,2013,WTI,42,6,387.91684648093224,9.236115392403148,1.7055859711693555,930.9969545478828,0.65
42,67,2013-05-23,2013-07-19,2013,UKOIL,42,6,39.02090570374375,0.9290691834224702,-0.3298961543686801,735.983608790528,0.518
42,67,2013-05-23,2013-07-19,2013,US500,42,6,-139.76722555361252,-3.3277910846098218,-39.49185084641466,491.8982397860166,0.448
42,67,2013-05-23,2013-07-19,2013,USTECH,42,6,-485.0751020015642,-11.549407190513433,-25.910841207194295,556.567458738809,0.196
42,68,2013-06-21,2013-08-19,2013,EURUSD,42,4,-2.8119375294934024,-0.06695089355936672,-17.164388792772453,292.27694082973443,0.52
42,68,2013-06-21,2013-08-19,2013,GBPUSD,42,4,-62.024479276949364,-1.476773316117842,-23.453045336737972,376.98871894719997,0.47
42,68,2013-06-21,2013-08-19,2013,AUDUSD,42,7,-774.557854607245,-18.44185368112488,5.434777977857779,427.84792638120956,0.034
42,68,2013-06-21,2013-08-19,2013,USDJPY,42,2,-574.2018983019872,-13.671473769094932,-3.3209627393560304,396.99110866230995,0.088
42,68,2013-06-21,2013-08-19,2013,USDCHF,42,2,-330.5672466651953,-7.870648730123698,-0.3315292253620755,357.7729453002318,0.176
42,68,2013-06-21,2013-08-19,2013,USDCAD,42,4,-155.58016032270564,-3.7042895314929916,-16.291714962156895,247.12558865498733,0.3
42,68,2013-06-21,2013-08-19,2013,EURJPY,42,8,-437.72472362961,-10.42201722927643,-14.393228168945171,314.96558689852134,0.084
42,68,2013-06-21,2013-08-19,2013,GBPJPY,42,12,-682.1264838857073,-16.24110675918351,2.787203938564278,401.6104417394016,0.034
42,68,2013-06-21,2013-08-19,2013,XAUUSD,42,3,-88.08588894349344,-2.097283070083177,-15.387618409254076,886.5385475852923,0.48
42,68,2013-06-21,2013-08-19,2013,XAGUSD,42,3,0.5458457051068333,0.01299632631206746,-134.20646977100213,1599.3041683147565,0.538
42,68,2013-06-21,2013-08-19,2013,WTI,41,5,564.733052927987,13.77397690068261,11.183782066584936,895.5725469538881,0.704
42,68,2013-06-21,2013-08-19,2013,UKOIL,41,4,174.99229002968306,4.268104634870318,-47.92368729281445,565.9590282271056,0.628
42,68,2013-06-21,2013-08-19,2013,US500,42,4,72.09728417232824,1.7166020041030534,4.928974080267999,469.28806807483016,0.564
42,68,2013-06-21,2013-08-19,2013,USTECH,42,3,85.68581966181102,2.040138563376453,-17.242891282263866,575.7409313919637,0.542
42,69,2013-07-22,2013-09-17,2013,EURUSD,42,5,29.471963115004264,0.7017134075001016,-9.684686563213196,183.37326546706188,0.596
42,69,2013-07-22,2013-09-17,2013,GBPUSD,42,3,332.0326556579243,7.905539420426769,-7.575645420474205,266.5254227806851,0.89
42,69,2013-07-22,2013-09-17,2013,AUDUSD,42,11,-189.8257273692367,-4.519660175458016,-69.16649777221339,503.0395192943646,0.426
42,69,2013-07-22,2013-09-17,2013,USDJPY,42,4,-797.0200155358012,-18.976667036566695,-23.28897120759398,369.2384537447903,0.01
42,69,2013-07-22,2013-09-17,2013,USDCHF,42,4,-79.96035853243485,-1.903818060296068,-9.003031708402887,277.14160869085134,0.382
42,69,2013-07-22,2013-09-17,2013,USDCAD,42,6,-201.99291846360026,-4.8093552015142915,-6.211372171716585,266.0949882436111,0.234
42,69,2013-07-22,2013-09-17,2013,EURJPY,42,10,-960.2200436390301,-22.862381991405478,-28.154761670584648,350.0219363281554,0.006
42,69,2013-07-22,2013-09-17,2013,GBPJPY,42,10,-662.0169927895062,-15.7623093521311,-5.957035770763397,434.92363695027774,0.058
42,69,2013-07-22,2013-09-17,2013,XAUUSD,42,3,-192.61878318946285,-4.58616150451102,-58.729716259318494,981.0887568957106,0.456
42,69,2013-07-22,2013-09-17,2013,XAGUSD,42,4,-387.0522016657716,-9.2155286110898,-64.37130504477082,1665.4783378027441,0.414
42,69,2013-07-22,2013-09-17,2013,WTI,41,7,-680.0409886829821,-16.58636557763371,-38.481617526129874,694.5745682253695,0.17
42,69,2013-07-22,2013-09-17,2013,UKOIL,41,2,-468.10893057532587,-11.417290989642094,-28.999123240652153,766.5481368586645,0.286
42,69,2013-07-22,2013-09-17,2013,US500,42,2,-290.50714848487365,-6.916836868687468,10.531857609059001,447.828890218339,0.28
42,69,2013-07-22,2013-09-17,2013,USTECH,42,2,-13.928315317626968,-0.33162655518159445,-16.07008471712642,423.6903342144663,0.474
42,70,2013-08-20,2013-10-16,2013,EURUSD,42,6,-243.33764940283902,-5.793753557210453,3.697709748660337,242.28332417196847,0.166
42,70,2013-08-20,2013-10-16,2013,GBPUSD,42,0,193.22768668353586,4.600659206750854,-9.274928960809724,193.1982549747622,0.524
42,70,2013-08-20,2013-10-16,2013,AUDUSD,42,4,808.7455771410091,19.25584707478593,-41.018217069936306,383.1432452093552,0.988
42,70,2013-08-20,2013-10-16,2013,USDJPY,42,4,-761.7550014366765,-18.137023843730393,3.7879728459587985,334.4553302602024,0.012
42,70,2013-08-20,2013-10-16,2013,USDCHF,42,4,-295.2053443578933,-7.028698675187935,-25.157890277753967,315.22869168968276,0.204
42,70,2013-08-20,2013-10-16,2013,USDCAD,42,5,-123.75417634677147,-2.9465280082564638,-18.51867685656579,251.27940477365658,0.316
42,70,2013-08-20,2013-10-16,2013,EURJPY,42,7,-532.203018902368,-12.67150045005638,0.13523849280022615,296.83064523347844,0.044
42,70,2013-08-20,2013-10-16,2013,GBPJPY,42,4,-175.1063089482384,-4.169197832100914,-1.5889975899530628,343.7405758778056,0.314
42,70,2013-08-20,2013-10-16,2013,XAUUSD,42,3,-3.4154497790986937,-0.08132023283568318,-19.796515337805847,673.3875886200478,0.518
42,70,2013-08-20,2013-10-16,2013,XAGUSD,42,3,-233.70191377970679,-5.564331280469209,-50.387943557192074,1067.43706967686,0.452
42,70,2013-08-20,2013-10-16,2013,WTI,42,6,107.0762711009081,2.5494350262120977,-32.77438066218834,661.4605123163594,0.59
42,70,2013-08-20,2013-10-16,2013,UKOIL,42,4,-765.6718039212814,-18.230281045744796,-26.28782712229822,679.6864014800625,0.152
42,70,2013-08-20,2013-10-16,2013,US500,41,3,-528.461771637417,-12.889311503351633,-23.919815237350868,437.63432572680523,0.132
42,70,2013-08-20,2013-10-16,2013,USTECH,39,4,-329.88058224957376,-8.458476467937789,-54.330361592273945,454.0136443043675,0.27
42,71,2013-09-18,2013-11-14,2013,EURUSD,42,5,-208.60236973120658,-4.966723088838252,7.307271193849887,301.9224049512314,0.248
42,71,2013-09-18,2013-11-14,2013,GBPUSD,42,6,-290.17071411406414,-6.908826526525337,-2.9399895694902507,267.7297204938382,0.148
42,71,2013-09-18,2013-11-14,2013,AUDUSD,42,1,193.58062721121024,4.609062552647863,15.956944082204023,358.4066029312135,0.68
42,71,2013-09-18,2013-11-14,2013,USDJPY,42,6,-241.53256039778677,-5.750775247566351,-20.19831702017367,280.2025636959367,0.214
42,71,2013-09-18,2013-11-14,2013,USDCHF,42,5,-322.7925003119606,-7.685535721713348,-39.006815495971125,347.50941835783965,0.226
42,71,2013-09-18,2013-11-14,2013,USDCAD,42,5,-181.46258103754445,-4.3205376437510585,3.671702144707861,172.9328172566289,0.164
42,71,2013-09-18,2013-11-14,2013,EURJPY,42,6,-441.77831965796804,-10.518531420427811,0.6954648858139845,329.64473434678695,0.092
42,71,2013-09-18,2013-11-14,2013,GBPJPY,42,4,-187.16794457565388,-4.456379632753664,-11.898351825562585,299.6343953496068,0.316
42,71,2013-09-18,2013-11-14,2013,XAUUSD,42,7,-1055.303183117491,-25.126266264702167,-39.86243046926783,776.1671056751118,0.108
42,71,2013-09-18,2013-11-14,2013,XAGUSD,42,6,-580.0896200766575,-13.811657620872799,-142.94786544198607,1018.0486692531548,0.356
42,71,2013-09-18,2013-11-14,2013,WTI,42,2,982.1299112168145,23.384045505162252,-1.9894433089481827,724.369159966496,0.902
42,71,2013-09-18,2013-11-14,2013,UKOIL,42,9,-587.1704940018661,-13.980249857187289,-66.12953191372881,566.2970234289701,0.162
42,71,2013-09-18,2013-11-14,2013,US500,41,2,30.96738680242029,0.7553021171322022,-44.154036154696804,459.60071341494967,0.556
42,71,2013-09-18,2013-11-14,2013,USTECH,38,2,309.73438938456957,8.150904983804462,2.6571623264086,541.8826469526665,0.696
42,72,2013-10-17,2013-12-13,2013,EURUSD,42,4,-97.4357939165044,-2.3198998551548664,-9.453336424013463,323.96374167288815,0.418
42,72,2013-10-17,2013-12-13,2013,GBPUSD,42,8,-384.18716429411467,-9.147313435574159,-12.611444041123292,243.84819527929187,0.068
42,72,2013-10-17,2013-12-13,2013,AUDUSD,42,1,362.4809266958937,8.630498254664136,13.076970833551801,510.97882109328947,0.692
42,72,2013-10-17,2013-12-13,2013,USDJPY,42,5,189.8300950643096,4.519764168197848,-10.461605874854998,329.5899271185524,0.716
42,72,2013-10-17,2013-12-13,2013,USDCHF,42,6,-101.90651878905508,-2.4263456854536924,3.8902508073800295,319.61889665700227,0.362
42,72,2013-10-17,2013-12-13,2013,USDCAD,42,4,13.648818173570163,0.32497186127548006,-0.41690013619850924,195.11001693565458,0.53
42,72,2013-10-17,2013-12-13,2013,EURJPY,42,4,206.44857745739586,4.915442320414187,-23.92289602278537,410.3412040859973,0.708
42,72,2013-10-17,2013-12-13,2013,GBPJPY,42,3,525.5438199136465,12.512948093182061,-14.343947263244017,462.2537357833069,0.84
42,72,2013-10-17,2013-12-13,2013,XAUUSD,42,6,-818.3075825867177,-19.483513871112326,-19.497279876771064,659.4603931800734,0.128
42,72,2013-10-17,2013-12-13,2013,XAGUSD,42,4,-228.00014710730863,-5.428574931126396,-65.0231974914605,1017.4579434001962,0.422
42,72,2013-10-17,2013-12-13,2013,WTI,42,1,344.20045833898257,8.195249008071013,-22.179339639249203,798.5201664711368,0.666
42,72,2013-10-17,2013-12-13,2013,UKOIL,42,6,-240.6273471300863,-5.72922255071634,-26.592508639935595,630.2410515612111,0.382
42,72,2013-10-17,2013-12-13,2013,US500,42,1,388.6316200869579,9.253133811594235,-13.382852516753045,440.43708100010605,0.744
42,72,2013-10-17,2013-12-13,2013,USTECH,41,0,679.4097403819221,16.57096927760786,-16.305833769166124,679.8942767563609,0.512
42,73,2013-11-15,2014-01-13,2013,EURUSD,42,2,-75.58515036914768,-1.799646437360659,-20.23742479424127,187.40141458175611,0.39
42,73,2013-11-15,2014-01-13,2013,GBPUSD,42,4,-47.53039993557566,-1.1316761889422775,11.626369338257017,179.12295525224584,0.366
42,73,2013-11-15,2014-01-13,2013,AUDUSD,42,1,392.59280472802845,9.347447731619726,-12.96696396493205,451.2403842112253,0.714
42,73,2013-11-15,2014-01-13,2013,USDJPY,42,0,290.0700932345579,6.906430791298997,3.4808411188146953,290.33969244357047,0.494
42,73,2013-11-15,2014-01-13,2013,USDCHF,42,3,-62.868375806173646,-1.496866090623182,-19.004747625043333,265.5339563056346,0.446
42,73,2013-11-15,2014-01-13,2013,USDCAD,42,4,227.74008354128688,5.422382941459212,-10.956181426804433,253.6533572396125,0.792
42,73,2013-11-15,2014-01-13,2013,EURJPY,42,0,455.6553382313777,10.848936624556611,34.6298057055847,454.79252004416355,0.462
42,73,2013-11-15,2014-01-13,2013,GBPJPY,42,0,502.5082013439286,11.964480984379252,36.18059049676286,501.7059647236561,0.464
42,73,2013-11-15,2014-01-13,2013,XAUUSD,41,4,194.37412027916645,4.740832201930889,14.252952106830639,527.9570167140503,0.658
42,73,2013-11-15,2014-01-13,2013,XAGUSD,41,5,241.92813332427295,5.900686178640804,-123.54453007784232,863.1965122528054,0.65
42,73,2013-11-15,2014-01-13,2013,WTI,42,2,-109.82963433289201,-2.614991293640286,18.71141786006595,822.5786862529201,0.44
42,73,2013-11-15,2014-01-13,2013,UKOIL,40,2,330.8751119796533,8.271877799491332,-4.854347271127171,480.64803855915596,0.722
42,73,2013-11-15,2014-01-13,2013,US500,40,2,-162.73757352006285,-4.068439338001571,-9.65366116576903,256.9584881211861,0.288
42,73,2013-11-15,2014-01-13,2013,USTECH,40,0,307.42908287640034,7.685727071910009,-7.378297989033607,307.6483328582011,0.512
42,74,2013-12-16,2014-02-11,2013,EURUSD,42,1,-35.98096878078616,-0.8566897328758609,6.949845609309703,134.60028483233074,0.34
42,74,2013-12-16,2014-02-11,2013,GBPUSD,42,10,-189.9819513019113,-4.52337979290265,-1.5063064976863154,220.21497207930685,0.208
42,74,2013-12-16,2014-02-11,2013,AUDUSD,42,4,-404.98839304302305,-9.642580786738645,-27.405139280309253,328.8771111318824,0.138
42,74,2013-12-16,2014-02-11,2013,USDJPY,42,3,18.669336493454566,0.44450801174891824,-32.62473720369437,274.0651246797783,0.564
42,74,2013-12-16,2014-02-11,2013,USDCHF,42,2,-57.89994698911235,-1.378570166407437,18.414908883003275,207.70443952533884,0.38
42,74,2013-12-16,2014-02-11,2013,USDCAD,42,4,239.09787545350673,5.692806558416827,-13.283361689507785,305.40948035072546,0.758
42,74,2013-12-16,2014-02-11,2013,EURJPY,42,3,-8.105732749442737,-0.19299363689149374,1.6111627455550828,303.13816313252687,0.482
42,74,2013-12-16,2014-02-11,2013,GBPJPY,42,3,330.1670808792653,7.861120973315841,-25.185450158186356,386.6292959863846,0.808
42,74,2013-12-16,2014-02-11,2013,XAUUSD,41,3,94.08139184673449,2.2946680938227924,-38.99026643487288,554.3890728125037,0.572
42,74,2013-12-16,2014-02-11,2013,XAGUSD,41,10,-1206.5130178087059,-29.427146775822095,-124.42588456246271,797.5248045448179,0.084
42,74,2013-12-16,2014-02-11,2013,WTI,42,2,-164.31509464019138,-3.9122641580997946,-43.878402450882234,823.0655599293348,0.424
42,74,2013-12-16,2014-02-11,2013,UKOIL,40,2,792.5999425885673,19.81499856471418,-25.86904287306361,514.3902411080111,0.932
42,74,2013-12-16,2014-02-11,2013,US500,40,2,-60.71132396918969,-1.5177830992297423,-40.823973581034366,611.3959075565177,0.51
42,74,2013-12-16,2014-02-11,2013,USTECH,39,2,269.0836192018267,6.8995799795340185,-16.359272696829876,586.7209145918786,0.684
42,75,2014-01-14,2014-03-12,2014,EURUSD,42,1,156.76545986850874,3.732510949250208,-2.335440419517792,227.51030650158444,0.718
42,75,2014-01-14,2014-03-12,2014,GBPUSD,42,8,-102.42075087564254,-2.4385893065629176,0.6973891234957228,258.0317910083291,0.348
42,75,2014-01-14,2014-03-12,2014,AUDUSD,42,5,-525.636358439718,-12.515151391421858,-6.560802577404809,404.6442951987077,0.118
42,75,2014-01-14,2014-03-12,2014,USDJPY,42,8,230.89616306839335,5.497527692104604,-23.248197329204224,294.93765822657645,0.812
42,75,2014-01-14,2014-03-12,2014,USDCHF,42,1,325.41226859240953,7.7479111569621315,10.464139398775318,292.295753144442,0.828
42,75,2014-01-14,2014-03-12,2014,USDCAD,42,6,-229.64540435508093,-5.467747722740022,-14.735852344290233,258.6854099274397,0.208
42,75,2014-01-14,2014-03-12,2014,EURJPY,42,6,197.75129827736808,4.70836424469924,-1.9399786825963232,373.5616990198654,0.686
42,75,2014-01-14,2014-03-12,2014,GBPJPY,42,6,194.1853445799197,4.623460585236184,24.560745745921324,414.8503402635292,0.652
42,75,2014-01-14,2014-03-12,2014,XAUUSD,42,0,872.7147528379598,20.778922686618092,20.945154068111037,873.3371490403188,0.488
42,75,2014-01-14,2014-03-12,2014,XAGUSD,42,6,-482.4427885991935,-11.486733061885559,-92.24476871036501,953.3152880856086,0.354
42,75,2014-01-14,2014-03-12,2014,WTI,42,2,-407.5143611470237,-9.702722884452944,-64.48528189885968,617.7477901366706,0.304
42,75,2014-01-14,2014-03-12,2014,UKOIL,42,2,245.75387034422596,5.851282627243475,-2.764492006521821,318.3466117535383,0.752
42,75,2014-01-14,2014-03-12,2014,US500,42,2,126.4686282113524,3.0111578145560096,-8.26296108758164,520.8231286830732,0.608
42,75,2014-01-14,2014-03-12,2014,USTECH,41,2,362.04351399811173,8.830329609710041,-73.47377874880831,523.7413847441817,0.796
42,76,2014-02-12,2014-04-10,2014,EURUSD,42,4,-151.95963019495034,-3.618086433213103,-5.942837381815387,204.00585892972683,0.232
42,76,2014-02-12,2014-04-10,2014,GBPUSD,42,2,45.53927104443781,1.0842683582009003,19.01676876434998,262.68406766911244,0.494
42,76,2014-02-12,2014-04-10,2014,AUDUSD,42,5,138.83475049642766,3.305589297533992,-14.619362817379503,295.1290630697536,0.688
42,76,2014-02-12,2014-04-10,2014,USDJPY,42,12,231.13656979472225,5.503251661779101,-12.671144039966693,298.8539316954616,0.806
42,76,2014-02-12,2014-04-10,2014,USDCHF,42,3,-168.176453937975,-4.0042012842375,-12.74329264662547,205.2961696501014,0.242
42,76,2014-02-12,2014-04-10,2014,USDCAD,42,9,-316.08812489987207,-7.52590773571124,-16.215546338517875,275.1245708887267,0.152
42,76,2014-02-12,2014-04-10,2014,EURJPY,42,4,247.177386881487,5.885175878130643,-7.128339793217606,261.81570811379055,0.85
42,76,2014-02-12,2014-04-10,2014,GBPJPY,42,7,-249.09015299962965,-5.93071792856261,-0.11559784516710533,338.9519992396642,0.24
42,76,2014-02-12,2014-04-10,2014,XAUUSD,42,1,139.61346421892154,3.3241301004505126,19.20513912632118,474.3568235666124,0.59
42,76,2014-02-12,2014-04-10,2014,XAGUSD,42,2,1089.3443182857734,25.936769482994606,-33.25326559560139,999.7378345050786,0.828
42,76,2014-02-12,2014-04-10,2014,WTI,42,2,-300.89264853006125,-7.164110679287172,-28.72115366260156,587.632076414435,0.32
42,76,2014-02-12,2014-04-10,2014,UKOIL,42,1,132.16180883219198,3.146709734099809,10.587841588167162,266.3000690878846,0.68
42,76,2014-02-12,2014-04-10,2014,US500,42,5,-447.7182038255232,-10.659957233941029,-21.38057014755475,376.5358322506323,0.126
42,76,2014-02-12,2014-04-10,2014,USTECH,42,3,87.28277629915758,2.0781613404561328,-22.76552776814655,527.838189737124,0.552
42,77,2014-03-13,2014-05-09,2014,EURUSD,42,9,-213.28755603543775,-5.078275143700899,-13.596526110999832,190.03805184291815,0.168
42,77,2014-03-13,2014-05-09,2014,GBPUSD,42,2,-16.977105286356725,-0.40421679253230297,-12.830350432772109,157.19944768854268,0.488
42,77,2014-03-13,2014-05-09,2014,AUDUSD,42,10,27.894977345615853,0.664166127276568,-3.1882703871380134,283.4896671941559,0.546
42,77,2014-03-13,2014-05-09,2014,USDJPY,42,12,77.16528165911397,1.837268610931285,-13.360914552939068,263.9015571601745,0.61
42,77,2014-03-13,2014-05-09,2014,USDCHF,42,8,-331.46180679648467,-7.891947780868683,-17.905745070285608,236.54682298969712,0.108
42,77,2014-03-13,2014-05-09,2014,USDCAD,42,5,-57.56047812402285,-1.3704875743814964,-10.86414215315348,245.44205931533205,0.43
42,77,2014-03-13,2014-05-09,2014,EURJPY,42,7,-77.55727945846998,-1.846601891868333,-19.84200534147838,222.72768653906058,0.402
42,77,2014-03-13,2014-05-09,2014,GBPJPY,42,6,-120.27311896337817,-2.863645689604242,5.954969110636216,269.5185587863143,0.322
42,77,2014-03-13,2014-05-09,2014,XAUUSD,41,5,-656.139091134581,-16.003392466697097,-42.55364042676052,540.3165224027995,0.14
42,77,2014-03-13,2014-05-09,2014,XAGUSD,41,1,1052.518477370021,25.67118237487856,7.850594379063611,626.6919879970737,0.968
42,77,2014-03-13,2014-05-09,2014,WTI,41,4,-521.0256684761291,-12.707943133564125,-56.16691846735918,490.9906437253874,0.2
42,77,2014-03-13,2014-05-09,2014,UKOIL,41,1,-188.77730833941442,-4.604324593644254,-13.448442254278824,258.9315556429876,0.29
42,77,2014-03-13,2014-05-09,2014,US500,41,8,-654.9801330181206,-15.975125195563916,-23.288098958095723,394.50416330529686,0.058
42,77,2014-03-13,2014-05-09,2014,USTECH,41,7,-1057.9819968816641,-25.80443894833327,-115.32389208295723,584.5298691197611,0.07
42,78,2014-04-11,2014-06-09,2014,EURUSD,42,6,192.22437704261495,4.576770881967023,1.2053960237811772,162.0269277158316,0.868
42,78,2014-04-11,2014-06-09,2014,GBPUSD,42,3,-8.34887467808822,-0.1987827304306719,-7.055946917360707,112.52196799789851,0.504
42,78,2014-04-11,2014-06-09,2014,AUDUSD,42,15,-390.54902612482016,-9.298786336305241,-33.08080210740756,252.66104393552416,0.086
42,78,2014-04-11,2014-06-09,2014,USDJPY,42,7,-15.404318801818839,-0.3667694952814009,-14.418224706213342,151.7999244582305,0.516
42,78,2014-04-11,2014-06-09,2014,USDCHF,42,5,228.7470925227688,5.44635934578021,-14.021314166954005,182.83863037654783,0.89
42,78,2014-04-11,2014-06-09,2014,USDCAD,42,3,-126.62507031818413,-3.0148826266234314,-3.86928741704385,143.35289403335656,0.224
42,78,2014-04-11,2014-06-09,2014,EURJPY,42,6,-124.71582610428385,-2.969424431054377,2.4085942700066414,173.4684189933234,0.246
42,78,2014-04-11,2014-06-09,2014,GBPJPY,42,4,-88.02175471925507,-2.0957560647441684,3.2732778687744664,189.79064196438608,0.328
42,78,2014-04-11,2014-06-09,2014,XAUUSD,41,8,-74.93678599502864,-1.8277264876836254,-23.447018439137054,434.61115340018813,0.47
42,78,2014-04-11,2014-06-09,2014,XAGUSD,41,4,-133.879728057579,-3.265359220916561,-93.66270641123496,441.0604810436259,0.456
42,78,2014-04-11,2014-06-09,2014,WTI,41,4,-416.3047265347335,-10.15377381792033,-17.3576042291888,440.03280434805356,0.19
42,78,2014-04-11,2014-06-09,2014,UKOIL,41,5,-335.4286636644635,-8.181186918645452,-25.96268187827503,321.6103786066719,0.178
42,78,2014-04-11,2014-06-09,2014,US500,41,6,11.914259729407549,0.2905917007172573,-35.68450272431289,352.3840835324645,0.536
42,78,2014-04-11,2014-06-09,2014,USTECH,41,5,-234.32560897662745,-5.715258755527499,-45.1986620401721,476.83009418864845,0.348
42,79,2014-05-12,2014-07-08,2014,EURUSD,42,3,84.44519819623049,2.010599957053107,3.4071602338690403,109.7377362012711,0.764
42,79,2014-05-12,2014-07-08,2014,GBPUSD,42,4,161.2210938454076,3.838597472509705,-0.3045473854117481,170.96922918041844,0.816
42,79,2014-05-12,2014-07-08,2014,AUDUSD,42,9,-166.3788899548557,-3.961402141782279,-27.826402527209773,230.24895351656338,0.272
42,79,2014-05-12,2014-07-08,2014,USDJPY,42,5,-129.938492005564,-3.0937736191800953,-10.225456600301648,136.7012750311355,0.188
42,79,2014-05-12,2014-07-08,2014,USDCHF,42,3,92.26371254882137,2.196755060686223,-8.11007793688819,126.21675690985029,0.782
42,79,2014-05-12,2014-07-08,2014,USDCAD,42,2,164.72920475096163,3.9221239226419433,-3.4740011518369656,183.15772265733204,0.774
42,79,2014-05-12,2014-07-08,2014,EURJPY,42,2,71.85654319513674,1.7108700760746842,-5.579419686822417,141.960219810582,0.68
42,79,2014-05-12,2014-07-08,2014,GBPJPY,42,4,68.34426499372373,1.6272444046124697,-6.248951123316795,178.53756384261175,0.65
42,79,2014-05-12,2014-07-08,2014,XAUUSD,42,5,-354.3034603356548,-8.435796674658448,-10.70566060310678,514.4699636039878,0.264
42,79,2014-05-12,2014-07-08,2014,XAGUSD,42,5,-104.61285160208286,-2.490782181001973,-78.74780319144058,822.3520489439069,0.482
42,79,2014-05-12,2014-07-08,2014,WTI,38,1,-213.60728797258045,-5.621244420331064,17.762060224050124,503.58599553366446,0.312
42,79,2014-05-12,2014-07-08,2014,UKOIL,42,7,-521.3637096114965,-12.413421657416583,23.68349371393959,526.1279937743138,0.174
42,79,2014-05-12,2014-07-08,2014,US500,42,2,268.8048699827551,6.40011595197036,-1.8804817060305137,320.8771099654257,0.77
42,79,2014-05-12,2014-07-08,2014,USTECH,42,1,847.0315064825207,20.1674168210124,-70.80354389417687,568.365901073425,0.96
42,80,2014-06-10,2014-08-06,2014,EURUSD,42,4,9.246050957407018,0.2201440704144528,-1.9811524212699305,142.7532713493834,0.526
42,80,2014-06-10,2014-08-06,2014,GBPUSD,42,2,204.478524212312,4.868536290769334,2.429969774815983,189.32650456099896,0.866
42,80,2014-06-10,2014-08-06,2014,AUDUSD,42,8,-22.55464011016505,-0.5370152407182155,-8.885275469456435,188.56795252461103,0.466
42,80,2014-06-10,2014-08-06,2014,USDJPY,42,4,-53.26752391021873,-1.2682743788147317,2.034622667549245,148.88728643374645,0.334
42,80,2014-06-10,2014-08-06,2014,USDCHF,42,4,18.041097790226942,0.42954994738635577,-8.422714109198548,151.48147618862473,0.562
42,80,2014-06-10,2014-08-06,2014,USDCAD,42,4,311.79707716418085,7.423739932480497,2.2104830842712238,229.98458767081303,0.92
42,80,2014-06-10,2014-08-06,2014,EURJPY,42,4,22.921904779143965,0.5457596375986659,-8.902732999237301,174.42652753154138,0.566
42,80,2014-06-10,2014-08-06,2014,GBPJPY,42,7,181.85829135096824,4.3299593178801965,-26.213681407624566,174.49481634439303,0.878
42,80,2014-06-10,2014-08-06,2014,XAUUSD,42,2,-493.33715916481924,-11.746122837257602,-10.242287965021161,560.7738422557849,0.258
42,80,2014-06-10,2014-08-06,2014,XAGUSD,42,3,775.0244912112098,18.452964076457377,70.42314376838317,971.2202692652204,0.704
42,80,2014-06-10,2014-08-06,2014,WTI,38,3,126.83662950120389,3.3378060395053653,-9.344527357078547,759.7162447552454,0.572
42,80,2014-06-10,2014-08-06,2014,UKOIL,42,3,-65.39489120016697,-1.5570212190515944,-35.81725936044885,678.1803306801053,0.502
42,80,2014-06-10,2014-08-06,2014,US500,42,3,108.25899038290073,2.577595009116684,-43.07472446900564,302.8322449631986,0.65
42,80,2014-06-10,2014-08-06,2014,USTECH,42,2,264.19109419741994,6.290264147557617,-32.19191172385226,359.38350840540244,0.788
42,81,2014-07-09,2014-09-04,2014,EURUSD,42,1,383.5200649183059,9.131430117102521,17.353034276145205,258.3898271140671,0.924
42,81,2014-07-09,2014-09-04,2014,GBPUSD,42,1,330.2205305081573,7.862393583527555,18.98776932350046,305.0961548735254,0.824
42,81,2014-07-09,2014-09-04,2014,AUDUSD,42,9,-154.8888280300805,-3.6878292388114406,-12.600292691561746,173.31763350707172,0.226
42,81,2014-07-09,2014-09-04,2014,USDJPY,42,1,338.54890757057683,8.060688275489925,19.0823411157285,281.246716575783,0.848
42,81,2014-07-09,2014-09-04,2014,USDCHF,42,1,320.38913256540957,7.628312680128799,-1.9409163266403398,224.28411919215685,0.892
42,81,2014-07-09,2014-09-04,2014,USDCAD,42,4,46.16689561895338,1.099211800451271,-15.710716955984001,190.08774898293402,0.63
42,81,2014-07-09,2014-09-04,2014,EURJPY,42,7,-229.0764751288394,-5.454201788781891,-15.37581413470574,175.10661590405792,0.102
42,81,2014-07-09,2014-09-04,2014,GBPJPY,42,6,-100.30312629468828,-2.388169673683054,2.1804386746564153,166.16899096757223,0.264
42,81,2014-07-09,2014-09-04,2014,XAUUSD,42,5,330.84102030831207,7.877167150197907,-27.053061761843832,421.6300060411891,0.802
42,81,2014-07-09,2014-09-04,2014,XAGUSD,42,2,817.1185417731314,19.455203375550745,-13.37452013720975,575.6718948609066,0.93
42,81,2014-07-09,2014-09-04,2014,WTI,42,3,326.4598524471811,7.772853629694788,-92.78804513556624,664.0122811232673,0.746
42,81,2014-07-09,2014-09-04,2014,UKOIL,42,0,646.4062648769552,15.390625354213219,-41.37000095212513,645.7271167544551,0.532
42,81,2014-07-09,2014-09-04,2014,US500,42,6,-263.5836195677838,-6.275800465899614,-21.76514112028719,362.03464294106163,0.274
42,81,2014-07-09,2014-09-04,2014,USTECH,42,4,181.66253652481288,4.325298488686021,7.42542315607527,448.3325219864196,0.628
42,82,2014-08-07,2014-10-03,2014,EURUSD,42,0,664.1145878703359,15.812252092150853,23.90812516333209,664.3487833851517,0.482
42,82,2014-08-07,2014-10-03,2014,GBPUSD,42,0,535.0138299805985,12.738424523347584,10.700276599611971,535.4425270285336,0.49
42,82,2014-08-07,2014-10-03,2014,AUDUSD,42,4,335.31043215292084,7.983581717926687,-41.96670317839885,466.0502939491935,0.748
42,82,2014-08-07,2014-10-03,2014,USDJPY,42,0,723.0518147631926,17.215519399123632,-66.52076695821371,720.7064242085179,0.546
42,82,2014-08-07,2014-10-03,2014,USDCHF,42,0,636.5877442282796,15.156851053054275,61.112423445914835,634.2821576500818,0.452
42,82,2014-08-07,2014-10-03,2014,USDCAD,42,4,46.900573592752764,1.1166803236369707,1.9732848048242726,232.53208335626547,0.558
42,82,2014-08-07,2014-10-03,2014,EURJPY,42,9,-265.0710954992414,-6.3112165595057474,-16.755217202521145,259.8873966060884,0.168
42,82,2014-08-07,2014-10-03,2014,GBPJPY,42,3,-158.8401089339095,-3.781907355569274,-11.078339364311141,313.79096320231497,0.356
42,82,2014-08-07,2014-10-03,2014,XAUUSD,42,4,908.0993296473694,21.621412610651653,12.35544818399926,460.52377897627827,0.986
42,82,2014-08-07,2014-10-03,2014,XAGUSD,42,0,1721.2144241260683,40.98129581252543,96.38800775105982,1720.2345361898808,0.472
42,82,2014-08-07,2014-10-03,2014,WTI,42,2,177.28978315653856,4.221185313250918,3.7080469559471565,590.9557107792327,0.61
42,82,2014-08-07,2014-10-03,2014,UKOIL,42,0,1241.603078679078,29.56197806378757,29.79847388829787,1242.4885559080283,0.488
42,82,2014-08-07,2014-10-03,2014,US500,42,4,-209.50227074994515,-4.988149303570123,-34.00226393401035,376.99084314828684,0.354
42,82,2014-08-07,2014-10-03,2014,USTECH,42,5,-225.94345439041444,-5.379606056914629,-34.788506050169396,407.91436876972136,0.338
42,83,2014-09-05,2014-11-03,2014,EURUSD,42,3,138.82823871680193,3.3054342551619507,-15.90048985620321,281.28076482605445,0.706
42,83,2014-09-05,2014-11-03,2014,GBPUSD,42,1,170.3292242274434,4.0554577197010335,-2.4420388406069384,155.1847433742448,0.874
42,83,2014-09-05,2014-11-03,2014,AUDUSD,42,3,209.25121740217298,4.982171842908881,-29.381569312983068,430.73157382512903,0.662
42,83,2014-09-05,2014-11-03,2014,USDJPY,42,4,94.56892167778791,2.2516409923282836,-16.881976396761193,644.7081966441895,0.54
42,83,2014-09-05,2014-11-03,2014,USDCHF,42,5,105.06222505163447,2.5014815488484397,-6.87956205061487,279.1611435256021,0.67
42,83,2014-09-05,2014-11-03,2014,USDCAD,42,5,175.71445130492157,4.183677412021942,-21.139914495830997,229.0352528203761,0.8
42,83,2014-09-05,2014-11-03,2014,EURJPY,42,6,176.7053876471051,4.207271134454883,-9.724219877310363,436.42812104648016,0.626
42,83,2014-09-05,2014-11-03,2014,GBPJPY,42,4,-382.8333539621517,-9.115079856241707,-10.013301233552614,635.9383033367832,0.294
42,83,2014-09-05,2014-11-03,2014,XAUUSD,42,4,195.8568326366685,4.663257919920679,-25.38793788481799,690.5786634297717,0.604
42,83,2014-09-05,2014-11-03,2014,XAGUSD,42,2,1435.7678621310802,34.18494909835905,-73.29860310877109,1131.751803401684,0.872
42,83,2014-09-05,2014-11-03,2014,WTI,42,2,1276.2099278646197,30.385950663443325,60.09303499537973,1212.9444318464118,0.804
42,83,2014-09-05,2014-11-03,2014,UKOIL,42,0,1875.152936586655,44.64649849015845,-30.00244698538649,1876.7906316140522,0.508
42,83,2014-09-05,2014-11-03,2014,US500,42,2,160.42929377917258,3.8197450899802994,-41.34796996989458,659.6134865186247,0.614
42,83,2014-09-05,2014-11-03,2014,USTECH,42,4,-152.25401470153855,-3.6250955881318703,8.349052467694035,798.5362245347376,0.412
42,84,2014-10-06,2014-12-02,2014,EURUSD,42,4,-105.62174813352262,-2.5148035269886337,15.131018214487241,250.6882742856825,0.324
42,84,2014-10-06,2014-12-02,2014,GBPUSD,42,4,-21.45479339598303,-0.5108284141900722,-5.199419856717046,226.86709413264555,0.48
42,84,2014-10-06,2014-12-02,2014,AUDUSD,42,4,-71.61412479597531,-1.7050982094279836,-12.049574588623502,306.33412726618263,0.408
42,84,2014-10-06,2014-12-02,2014,USDJPY,42,4,178.14341949195398,4.241509987903666,-17.13529061759436,656.0870754840851,0.546
42,84,2014-10-06,2014-12-02,2014,USDCHF,42,7,-338.97762217544977,-8.070895766082137,-12.061249726921465,308.3313292783829,0.156
42,84,2014-10-06,2014-12-02,2014,USDCAD,42,3,-41.4503273204206,-0.9869125552481095,6.810147342672409,227.04589250733667,0.428
42,84,2014-10-06,2014-12-02,2014,EURJPY,42,2,600.3317690675162,14.293613549226578,-9.586836079440078,599.3026094501581,0.768
42,84,2014-10-06,2014-12-02,2014,GBPJPY,42,2,-33.738104626599544,-0.8032882053952273,-6.051845894084705,590.0733922742328,0.494
42,84,2014-10-06,2014-12-02,2014,XAUUSD,42,5,-795.7480240180686,-18.94638152423973,-60.56515795891564,731.0592841558863,0.17
42,84,2014-10-06,2014-12-02,2014,XAGUSD,42,3,56.7924620343272,1.3522014770077906,-93.61936394901527,987.4447920054853,0.542
42,84,2014-10-06,2014-12-02,2014,WTI,42,0,2705.654110375402,64.4203359613191,205.62971238853055,2700.5307476517173,0.462
42,84,2014-10-06,2014-12-02,2014,UKOIL,42,0,2515.480191647834,59.89238551542462,-221.36225686500939,2508.2308086352477,0.544
42,84,2014-10-06,2014-12-02,2014,US500,42,1,343.540254065585,8.179529858704404,-34.997233960930295,702.1873366623129,0.692
42,84,2014-10-06,2014-12-02,2014,USTECH,42,1,542.2949172235956,12.911783743418942,-67.09525306141906,901.5075192750284,0.748
42,85,2014-11-04,2014-12-31,2014,EURUSD,42,5,0.36317071791700073,0.008646921855166684,-13.990566241366759,267.8176231067397,0.524
42,85,2014-11-04,2014-12-31,2014,GBPUSD,42,5,-134.81704686399053,-3.2099296872378695,3.0525377016579944,215.28752568887637,0.274
42,85,2014-11-04,2014-12-31,2014,AUDUSD,42,3,529.1494528886964,12.598796497349914,12.861667704770289,421.6678723096911,0.894
42,85,2014-11-04,2014-12-31,2014,USDJPY,42,2,149.0156799559692,3.5479923799040285,6.366484506363282,388.56456845865273,0.608
42,85,2014-11-04,2014-12-31,2014,USDCHF,42,7,-137.81649963939182,-3.2813452295093293,-28.224643478516494,299.13550578724414,0.352
42,85,2014-11-04,2014-12-31,2014,USDCAD,42,4,-40.23724212389368,-0.958029574378421,-13.285790130582843,228.8550895081387,0.462
42,85,2014-11-04,2014-12-31,2014,EURJPY,42,5,389.4456968111276,9.272516590741134,-15.054839018197256,380.60783173562004,0.834
42,85,2014-11-04,2014-12-31,2014,GBPJPY,42,3,53.23829619109018,1.2675784807402424,10.71016035552221,281.12614137821413,0.57
42,85,2014-11-04,2014-12-31,2014,XAUUSD,42,5,-872.3037869257045,-20.769137783945343,-8.148863686060027,542.9578582549931,0.062
42,85,2014-11-04,2014-12-31,2014,XAGUSD,42,4,-943.1471346968975,-22.45588415944994,-117.7944628006775,974.4133909884802,0.208
42,85,2014-11-04,2014-12-31,2014,WTI,41,0,3781.7117550517924,92.23687207443396,-60.507388080828704,3785.0145739394998,0.508
42,85,2014-11-04,2014-12-31,2014,UKOIL,41,0,3807.6491218425426,92.86949077664738,76.15298243685085,3810.700123230985,0.49
42,85,2014-11-04,2014-12-31,2014,US500,41,2,-103.95407125193064,-2.5354651524861134,-12.242255681413361,405.8999584557995,0.372
42,85,2014-11-04,2014-12-31,2014,USTECH,41,4,-191.66770597710183,-4.674822097002484,-22.894149498320417,445.1929118590514,0.334
42,86,2014-12-03,2015-01-29,2014,EURUSD,42,4,566.2391630164003,13.481884833723816,26.373072722047905,502.0636730244799,0.84
42,86,2014-12-03,2015-01-29,2014,GBPUSD,42,2,178.2414213720032,4.2438433660000765,-19.054200888232053,304.0022717348808,0.664
42,86,2014-12-03,2015-01-29,2014,AUDUSD,42,2,723.0950652102385,17.216549171672348,1.596018158922816,638.955997634296,0.822
42,86,2014-12-03,2015-01-29,2014,USDJPY,42,9,-419.4597731927379,-9.98713745696995,-34.94419461607112,412.20732138920016,0.188
42,86,2014-12-03,2015-01-29,2014,USDCHF,42,6,-2212.187759528911,-52.67113713164074,-49.31250539610596,1583.494766116364,0.082
42,86,2014-12-03,2015-01-29,2014,USDCAD,42,3,894.0363254325874,21.286579176966367,-19.51749395790166,532.4153241168289,0.98
42,86,2014-12-03,2015-01-29,2014,EURJPY,42,5,757.3180671197982,18.031382550471385,-7.07000406417101,551.779300346568,0.906
42,86,2014-12-03,2015-01-29,2014,GBPJPY,42,3,232.80216675422537,5.542908732243461,-29.26736840593617,421.60629146642395,0.69
42,86,2014-12-03,2015-01-29,2014,XAUUSD,42,8,-256.54223440797466,-6.108148438285111,-39.95442016368915,713.658753671238,0.354
42,86,2014-12-03,2015-01-29,2014,XAGUSD,42,4,-1071.4960561459648,-25.51181086061821,-39.35947487706585,1229.175749591686,0.216
42,86,2014-12-03,2015-01-29,2014,WTI,40,0,4010.28697470158,100.2571743675395,48.12344369641894,4014.0142469075404,0.494
42,86,2014-12-03,2015-01-29,2014,UKOIL,40,0,3582.325934453599,89.55814836133997,186.28094859158713,3581.0622058119093,0.474
42,86,2014-12-03,2015-01-29,2014,US500,40,5,-773.4438209407275,-19.33609552351819,-15.048330937491619,593.3176433436734,0.104
42,86,2014-12-03,2015-01-29,2014,USTECH,40,5,-410.71031512842586,-10.267757878210647,-48.866908783574225,613.7866156392228,0.272
42,87,2015-01-01,2015-02-27,2015,EURUSD,42,4,424.57791473114906,10.108997969789263,0.5181122010194358,508.05486592071946,0.792
42,87,2015-01-01,2015-02-27,2015,GBPUSD,42,1,467.8207543734949,11.138589389845116,0.08432720029906796,389.23829393844306,0.846
42,87,2015-01-01,2015-02-27,2015,AUDUSD,42,3,341.89936503683003,8.140461072305477,-18.32047291996429,428.97005287275226,0.736
42,87,2015-01-01,2015-02-27,2015,USDJPY,42,8,-125.65319325995114,-2.9917426966655034,2.2405589197355766,307.32516092356417,0.342
42,87,2015-01-01,2015-02-27,2015,USDCHF,42,2,-1989.242939746521,-47.36292713682193,-36.08789236896209,1286.2676654450274,0.066
42,87,2015-01-01,2015-02-27,2015,USDCAD,42,1,628.6897292823381,14.968803078150907,64.56546589390888,649.7151700251637,0.676
42,87,2015-01-01,2015-02-27,2015,EURJPY,42,4,482.686270672702,11.492530254111951,-28.623036886522474,591.1917176584486,0.778
42,87,2015-01-01,2015-02-27,2015,GBPJPY,42,1,431.00695302062167,10.262070310014801,-35.70071158381068,610.4094672968267,0.706
42,87,2015-01-01,2015-02-27,2015,XAUUSD,42,5,-85.30669262185907,-2.0311117290918825,-23.193559464139128,717.6432911852052,0.466
42,87,2015-01-01,2015-02-27,2015,XAGUSD,42,2,-187.463228787789,-4.463410209233071,3.4661397065328092,1221.4219008762805,0.444
42,87,2015-01-01,2015-02-27,2015,WTI,41,1,221.1435496020215,5.393745112244427,-41.61366199187598,1357.2823980462776,0.61
42,87,2015-01-01,2015-02-27,2015,UKOIL,41,1,1627.5511285552138,39.69636898915156,-6.867858749513529,2861.0899607499864,0.73
42,87,2015-01-01,2015-02-27,2015,US500,41,6,-544.0463998464382,-13.269424386498494,21.9021268258304,511.8602955719119,0.148
42,87,2015-01-01,2015-02-27,2015,USTECH,41,2,774.2372834766935,18.88383618235838,2.0621690094194536,537.7631833060875,0.914
42,88,2015-01-30,2015-03-30,2015,EURUSD,42,4,101.38292075560952,2.4138790656097506,4.493198686251206,570.7859125880441,0.562
42,88,2015-01-30,2015-03-30,2015,GBPUSD,42,2,312.8963930797052,7.449914120945362,11.344738011750287,391.49672920805256,0.728
42,88,2015-01-30,2015-03-30,2015,AUDUSD,42,8,-394.81190397811184,-9.400283428050281,-28.513763169147737,401.2835853686248,0.19
42,88,2015-01-30,2015-03-30,2015,USDJPY,42,2,-131.64124697885237,-3.13431540425839,-20.324494126684744,222.13860918340103,0.322
42,88,2015-01-30,2015-03-30,2015,USDCHF,42,1,314.2296913725385,7.481659318393774,4.534980247397293,606.154567893732,0.63
42,88,2015-01-30,2015-03-30,2015,USDCAD,42,8,-323.10194879822996,-7.6929035428149986,-36.46204513759977,377.9416764743295,0.21
42,88,2015-01-30,2015-03-30,2015,EURJPY,42,6,-2.16909637109546,-0.051645151692749046,-7.656237912538847,446.00401711987473,0.512
42,88,2015-01-30,2015-03-30,2015,GBPJPY,42,2,4.685491369428231,0.11155931831971978,-0.1536154985967405,387.04991683155185,0.492
42,88,2015-01-30,2015-03-30,2015,XAUUSD,42,1,-44.52340520235737,-1.060081076246604,-20.073137881536052,653.0193515742507,0.504
42,88,2015-01-30,2015-03-30,2015,XAGUSD,42,2,-9.325306364513608,-0.22203110391699066,10.680518862260298,923.9640946734274,0.492
42,88,2015-01-30,2015-03-30,2015,WTI,42,6,-2495.1525294941266,-59.40839355938397,-170.2053969199045,2091.826293985616,0.124
42,88,2015-01-30,2015-03-30,2015,UKOIL,42,4,-1174.2621714714217,-27.958623130271945,2.71724200069781,1989.782969873384,0.31
42,88,2015-01-30,2015-03-30,2015,US500,42,6,-739.4903118208987,-17.606912186211872,-29.550679844537317,456.79034859129683,0.066
42,88,2015-01-30,2015-03-30,2015,USTECH,42,4,286.0658224255852,6.811091010132982,16.62536436686547,553.3592420799242,0.678
42,89,2015-03-02,2015-04-28,2015,EURUSD,42,5,-105.05187700421544,-2.5012351667670343,-7.309909861356098,631.0658649306912,0.426
42,89,2015-03-02,2015-04-28,2015,GBPUSD,42,6,460.49844623876464,10.964248719970588,-24.49738675101631,399.4069746783327,0.888
42,89,2015-03-02,2015-04-28,2015,AUDUSD,42,14,-727.4291005663879,-17.3197404896759,-68.83514753343238,542.3151585339839,0.116
42,89,2015-03-02,2015-04-28,2015,USDJPY,42,5,-237.72153187880104,-5.660036473304787,-8.65564297396398,234.51044437506096,0.174
42,89,2015-03-02,2015-04-28,2015,USDCHF,42,3,-183.70579079347684,-4.3739473998446865,-17.342358873836798,560.5935011760645,0.358
42,89,2015-03-02,2015-04-28,2015,USDCAD,42,8,89.07483732737214,2.120829460175527,6.0150196991314315,398.13603745339583,0.576
42,89,2015-03-02,2015-04-28,2015,EURJPY,42,6,-84.72693039562225,-2.0173078665624344,12.133709935953245,465.18595737387017,0.418
42,89,2015-03-02,2015-04-28,2015,GBPJPY,42,2,162.44792146749285,3.867807653987925,-7.293144081926791,320.00368349108163,0.718
42,89,2015-03-02,2015-04-28,2015,XAUUSD,41,3,-64.40564522958928,-1.570869395843641,12.005772649474615,590.9123423923188,0.438
42,89,2015-03-02,2015-04-28,2015,XAGUSD,41,2,-991.9718447345817,-24.194435237428824,-19.07496935116848,808.2723189703654,0.11
42,89,2015-03-02,2015-04-28,2015,WTI,41,6,-804.5599432181509,-19.623413249223194,-23.755582787424494,1875.8955918828933,0.344
42,89,2015-03-02,2015-04-28,2015,UKOIL,41,4,-580.4929013687254,-14.158363448017692,-86.30500554634669,1501.4467513044283,0.382
42,89,2015-03-02,2015-04-28,2015,US500,42,6,-561.369030302302,-13.365929292911952,-44.02941093173719,397.5566765967271,0.096
42,89,2015-03-02,2015-04-28,2015,USTECH,41,6,-240.94887557087793,-5.876801843192145,-40.55369281737655,496.2193565345306,0.338
42,90,2015-03-31,2015-05-27,2015,EURUSD,42,6,-507.11392267632596,-12.074141016102999,-8.135912130118449,532.8140438868985,0.178
42,90,2015-03-31,2015-05-27,2015,GBPUSD,42,5,311.99150757561114,7.428369227990741,-20.540064030239574,470.6587342926547,0.756
42,90,2015-03-31,2015-05-27,2015,AUDUSD,42,8,-463.7535049658543,-11.041750118234626,-12.004958228420572,496.12663637577816,0.17
42,90,2015-03-31,2015-05-27,2015,USDJPY,42,7,5.7386559887352036,0.13663466639845723,-16.80909436104439,305.3529257893918,0.542
42,90,2015-03-31,2015-05-27,2015,USDCHF,42,3,-272.66299089372285,-6.491975973660068,5.435218545908677,492.143475074366,0.29
42,90,2015-03-31,2015-05-27,2015,USDCAD,42,2,284.7098469071829,6.7788058787424506,-14.309309886531345,409.61646379335286,0.752
42,90,2015-03-31,2015-05-27,2015,EURJPY,42,5,-15.854162007047648,-0.3774800477868488,-5.416545418986785,486.38693613099406,0.486
42,90,2015-03-31,2015-05-27,2015,GBPJPY,42,1,561.0255969503447,13.35775230834154,22.72186087578811,521.8820641072762,0.782
42,90,2015-03-31,2015-05-27,2015,XAUUSD,41,6,-970.5583596739384,-23.6721551139985,-22.97833873651843,440.95411928991984,0.02
42,90,2015-03-31,2015-05-27,2015,XAGUSD,41,4,-585.2059624221989,-14.273316156638998,-100.56025532867518,851.2853125604356,0.292
42,90,2015-03-31,2015-05-27,2015,WTI,41,1,488.2567130753607,11.908700318911237,98.1603669146071,1858.143232359831,0.532
42,90,2015-03-31,2015-05-27,2015,UKOIL,41,2,997.1803766852787,24.321472602079968,-53.274764484991046,1448.0160554409465,0.716
42,90,2015-03-31,2015-05-27,2015,US500,42,8,-670.3044215618595,-15.959629084806178,-19.388132049674248,304.339664792972,0.01
42,90,2015-03-31,2015-05-27,2015,USTECH,41,8,-573.4108383655285,-13.985630204037282,-68.07165208327976,444.0824947992832,0.138
42,91,2015-04-29,2015-06-25,2015,EURUSD,42,4,-380.2606449912182,-9.05382488074329,-16.636432164315934,482.3626633593834,0.224
42,91,2015-04-29,2015-06-25,2015,GBPUSD,42,4,-18.33430334605207,-0.43653103204885885,-7.471110701111949,437.167417124001,0.486
42,91,2015-04-29,2015-06-25,2015,AUDUSD,42,1,-106.23816085576198,-2.529480020375285,-6.239447811523731,351.8085519958724,0.426
42,91,2015-04-29,2015-06-25,2015,USDJPY,42,3,134.02915923139312,3.1911704578903124,14.623233210458052,339.0965214529462,0.596
42,91,2015-04-29,2015-06-25,2015,USDCHF,42,4,-256.60677437245295,-6.109685104106022,-13.008466795752836,413.915683843648,0.272
42,91,2015-04-29,2015-06-25,2015,USDCAD,42,2,-132.39951262401206,-3.1523693481907635,1.0455619484100915,306.321839276273,0.37
42,91,2015-04-29,2015-06-25,2015,EURJPY,42,1,612.3766007914485,14.58039525693925,-8.607129182117031,512.5873576866971,0.802
42,91,2015-04-29,2015-06-25,2015,GBPJPY,42,0,664.6745161878288,15.825583718757828,31.904376777015788,664.5732754850834,0.476
42,91,2015-04-29,2015-06-25,2015,XAUUSD,42,5,-509.0083676304634,-12.119246848344366,-43.037365699548026,418.3518936472805,0.144
42,91,2015-04-29,2015-06-25,2015,XAGUSD,42,4,130.22319968102914,3.1005523733578366,-74.61601969405599,829.1471442039102,0.596
42,91,2015-04-29,2015-06-25,2015,WTI,42,8,-1215.6545267947563,-28.94415539987515,-128.00718072026726,883.8092735559029,0.102
42,91,2015-04-29,2015-06-25,2015,UKOIL,42,2,-399.3824046322235,-9.509104872195797,14.56147475510138,549.7955287995821,0.238
42,91,2015-04-29,2015-06-25,2015,US500,42,13,-1045.025010429805,-24.88154786737631,-42.744912835978525,353.63359187254815,0.002
42,91,2015-04-29,2015-06-25,2015,USTECH,42,13,-1232.0386321376823,-29.334253146135293,-73.71563985921166,469.2302340573823,0.002
42,92,2015-05-28,2015-07-24,2015,EURUSD,42,4,-229.96098314176749,-5.475261503375417,-6.281826058295701,427.68284513419917,0.32
42,92,2015-05-28,2015-07-24,2015,GBPUSD,42,5,-369.03518022724626,-8.78655191017253,7.627432244914427,305.8206363399191,0.118
42,92,2015-05-28,2015-07-24,2015,AUDUSD,42,2,489.06411909770566,11.64438378804061,-21.896518864968172,455.35257364541667,0.846
42,92,2015-05-28,2015-07-24,2015,USDJPY,42,6,-134.61193627117447,-3.2050461016946303,-30.815320878986284,261.87415341945973,0.338
42,92,2015-05-28,2015-07-24,2015,USDCHF,42,5,-5.810438295807309,-0.13834376894779307,-9.004815440471441,347.97271655625934,0.48
42,92,2015-05-28,2015-07-24,2015,USDCAD,42,2,123.51368980750021,2.9408021382738148,-18.38256038835542,414.6972482532349,0.63
42,92,2015-05-28,2015-07-24,2015,EURJPY,42,1,135.28303602257935,3.2210246672042704,0.4973726050336445,392.42055270135546,0.676
42,92,2015-05-28,2015-07-24,2015,GBPJPY,42,3,-183.90748695450614,-4.378749689393003,15.21937003164663,368.0763767402544,0.26
42,92,2015-05-28,2015-07-24,2015,XAUUSD,42,2,839.5102667858232,19.988339685376744,-60.59321570342143,564.7994447083927,0.962
42,92,2015-05-28,2015-07-24,2015,XAGUSD,42,1,623.4392035127775,14.843790559828035,-36.58442596282409,744.8823585544446,0.804
42,92,2015-05-28,2015-07-24,2015,WTI,42,9,706.6190494369221,16.82426308183148,-125.61729032510577,1241.4986307476481,0.742
42,92,2015-05-28,2015-07-24,2015,UKOIL,42,2,800.5472289108911,19.060648307402168,-34.31755395195703,1040.328720708722,0.736
42,92,2015-05-28,2015-07-24,2015,US500,42,13,-735.2173188523744,-17.505174258389868,-61.60212766401334,437.9145823395637,0.07
42,92,2015-05-28,2015-07-24,2015,USTECH,42,11,-722.1131231890763,-17.19316959973991,-35.84362106209932,633.1190212041555,0.146
42,93,2015-06-26,2015-08-24,2015,EURUSD,42,2,540.335511998171,12.86513123805169,7.729559970812106,448.08320291099113,0.872
42,93,2015-06-26,2015-08-24,2015,GBPUSD,42,8,-453.215930382172,-10.79085548528981,-24.867538377241093,222.57880076657622,0.026
42,93,2015-06-26,2015-08-24,2015,AUDUSD,42,9,-45.60943609856099,-1.0859389547276426,-55.21880037653132,394.55794551059546,0.498
42,93,2015-06-26,2015-08-24,2015,USDJPY,42,9,374.87794248893994,8.925665297355712,-21.094094746682817,421.94195228049307,0.81
42,93,2015-06-26,2015-08-24,2015,USDCHF,42,2,553.4409212566486,13.177164791824968,-4.119212327574216,488.6087601201713,0.856
42,93,2015-06-26,2015-08-24,2015,USDCAD,42,1,515.6768166130314,12.278019443167414,-7.371747888813681,417.2417764158425,0.888
42,93,2015-06-26,2015-08-24,2015,EURJPY,42,6,-235.85725494208657,-5.615648927192537,8.231874573530593,313.69847347541776,0.226
42,93,2015-06-26,2015-08-24,2015,GBPJPY,42,5,-335.91135390736275,-7.9978893787467324,-4.9899458526787095,454.76992696388794,0.242
42,93,2015-06-26,2015-08-24,2015,XAUUSD,42,1,811.4696590415698,19.320706167656425,-36.50934344592191,812.9250474218968,0.794
42,93,2015-06-26,2015-08-24,2015,XAGUSD,42,1,-293.2467042481235,-6.982064386860083,-40.66839169649108,574.5390233429321,0.376
42,93,2015-06-26,2015-08-24,2015,WTI,42,1,4312.546308400934,102.67967400954606,-51.10676894319005,2132.235062226695,0.994
42,93,2015-06-26,2015-08-24,2015,UKOIL,42,1,3833.5139898387633,91.27414261520865,146.4485673265115,2023.2865182192206,0.954
42,93,2015-06-26,2015-08-24,2015,US500,42,8,694.0613514322474,16.525270272196366,-101.8703977945779,1008.425708151121,0.726
42,93,2015-06-26,2015-08-24,2015,USTECH,42,4,841.605920156798,20.038236194209475,-21.58010445601864,1355.9489522120489,0.658
42,94,2015-07-27,2015-09-22,2015,EURUSD,42,2,382.4504516981093,9.105963135669269,-5.187626690490524,350.54877033716485,0.862
42,94,2015-07-27,2015-09-22,2015,GBPUSD,42,8,-218.17502186794513,-5.194643377808218,-22.856270262060985,284.474715256153,0.266
42,94,2015-07-27,2015-09-22,2015,AUDUSD,42,8,-404.90729366899905,-9.640649849261882,17.44158787279306,491.2764159889147,0.204
42,94,2015-07-27,2015-09-22,2015,USDJPY,42,4,325.4598764048827,7.749044676306731,-14.979264655052479,406.90669890346834,0.762
42,94,2015-07-27,2015-09-22,2015,USDCHF,42,2,-100.98258845265251,-2.404347344110774,19.08670547108908,367.7439590848757,0.384
42,94,2015-07-27,2015-09-22,2015,USDCAD,42,3,-27.530730454346102,-0.6554935822463358,-21.91866740039786,202.43728996727722,0.484
42,94,2015-07-27,2015-09-22,2015,EURJPY,42,8,-181.58897214794888,-4.323546955903545,-8.258703524160175,393.8630256322409,0.324
42,94,2015-07-27,2015-09-22,2015,GBPJPY,42,2,248.40057006543026,5.914299287272149,34.34522876959444,515.5190440706011,0.528
42,94,2015-07-27,2015-09-22,2015,XAUUSD,42,2,-407.4003418330272,-9.7000081388816,-7.19972204280716,444.37231628940316,0.204
42,94,2015-07-27,2015-09-22,2015,XAGUSD,42,5,-2716.006256867968,-64.66681563971353,-185.6435222733706,876.1619049027895,0.0
42,94,2015-07-27,2015-09-22,2015,WTI,42,5,-1705.0101624368926,-40.59548005802125,105.18803689410389,2028.1534320411047,0.172
42,94,2015-07-27,2015-09-22,2015,UKOIL,42,5,-2328.547638396016,-55.441610438000374,50.18819491018707,1911.9965200932247,0.114
42,94,2015-07-27,2015-09-22,2015,US500,42,4,524.401121342079,12.485740984335214,1.4522015660623802,833.228157897991,0.688
42,94,2015-07-27,2015-09-22,2015,USTECH,42,2,-136.82298140350747,-3.2576900334168446,131.8863407388854,853.6219340604962,0.404
42,95,2015-08-25,2015-10-21,2015,EURUSD,42,6,120.51999751215173,2.869523750289327,-7.65585843525826,376.5383963976857,0.606
42,95,2015-08-25,2015-10-21,2015,GBPUSD,42,4,-220.40721698400148,-5.247790880571464,-21.774384958158226,362.59734470471955,0.296
42,95,2015-08-25,2015-10-21,2015,AUDUSD,42,2,426.50235384397416,10.154817948666052,-3.219572241045176,410.9230951282882,0.848
42,95,2015-08-25,2015-10-21,2015,USDJPY,42,6,-124.68390008998153,-2.9686642878567033,-31.066689414182,251.61775155211714,0.37
42,95,2015-08-25,2015-10-21,2015,USDCHF,42,2,-178.23747472300673,-4.243749398166827,-15.241016384660018,409.24993461527976,0.386
42,95,2015-08-25,2015-10-21,2015,USDCAD,42,5,-378.0874110714343,-9.00208121598653,-7.914240141958198,317.4509391505674,0.128
42,95,2015-08-25,2015-10-21,2015,EURJPY,42,8,-239.91724242368693,-5.712315295802069,-5.701069499710244,339.1623294722535,0.258
42,95,2015-08-25,2015-10-21,2015,GBPJPY,42,3,225.4711966480558,5.36836182495371,1.6216812100893339,353.99723840297105,0.746
42,95,2015-08-25,2015-10-21,2015,XAUUSD,42,4,-447.31189067959394,-10.650283111418904,-18.151739561294082,525.8863089669945,0.2
42,95,2015-08-25,2015-10-21,2015,XAGUSD,42,8,-2094.7999121598195,-49.87618838475761,-214.83657421508653,1047.3105087047616,0.026
42,95,2015-08-25,2015-10-21,2015,WTI,42,12,-4778.630553816166,-113.77691794800396,-182.2328125369176,1925.694686410894,0.006
42,95,2015-08-25,2015-10-21,2015,UKOIL,42,10,-5608.16760977225,-133.52780023267263,-143.62725039588832,2031.2362396666288,0.004
42,95,2015-08-25,2015-10-21,2015,US500,42,5,-637.5949820449612,-15.180832905832409,-51.943600124890686,789.6101600096016,0.22
42,95,2015-08-25,2015-10-21,2015,USTECH,42,5,-1189.9527680577644,-28.332208763280104,-40.60145576085531,950.1856637744963,0.11
42,96,2015-09-23,2015-11-19,2015,EURUSD,42,6,296.5753658760659,7.061318235144427,-3.5023017344573044,401.13036982713226,0.758
42,96,2015-09-23,2015-11-19,2015,GBPUSD,42,4,-309.7705514044622,-7.3754893191538615,-20.87855171530592,244.12293633056885,0.126
42,96,2015-09-23,2015-11-19,2015,AUDUSD,42,2,108.6952659410334,2.5879825224055573,-8.519760019184806,407.4459630789292,0.622
42,96,2015-09-23,2015-11-19,2015,USDJPY,42,6,130.21148181709918,3.1002733765976,10.276267419077678,234.92611292932375,0.682
42,96,2015-09-23,2015-11-19,2015,USDCHF,42,2,235.0405558739871,5.5962037112854075,-40.31646251808335,429.7790331947445,0.72
42,96,2015-09-23,2015-11-19,2015,USDCAD,42,3,18.043737313191084,0.42961279317121626,-17.69001764147849,319.59119729263807,0.526
42,96,2015-09-23,2015-11-19,2015,EURJPY,42,6,-151.51069189450814,-3.6073974260597175,2.302771228855129,267.16662772509454,0.294
42,96,2015-09-23,2015-11-19,2015,GBPJPY,42,3,235.7627851297248,5.613399645945829,-0.2313105676046789,236.54758746282732,0.82
42,96,2015-09-23,2015-11-19,2015,XAUUSD,42,4,280.88737488641385,6.687794640152711,-43.858892011940384,693.9636626542265,0.664
42,96,2015-09-23,2015-11-19,2015,XAGUSD,42,5,99.97274749166442,2.3803035117062956,-146.72218230211962,1125.5121455768247,0.596
42,96,2015-09-23,2015-11-19,2015,WTI,42,11,-327.94256897512923,-7.808156404169743,-137.85353762860285,1543.8877257416902,0.47
42,96,2015-09-23,2015-11-19,2015,UKOIL,42,11,-297.8105663195561,-7.09072776951324,-173.0132216679582,1344.52696385302,0.46
42,96,2015-09-23,2015-11-19,2015,US500,42,6,-68.07759417226845,-1.6208950993397249,23.204669446380063,620.8021396605865,0.426
42,96,2015-09-23,2015-11-19,2015,USTECH,42,4,518.851587213086,12.353609219359189,-28.802189082846148,767.0807189208417,0.75
42,97,2015-10-22,2015-12-18,2015,EURUSD,42,2,-143.50131654230145,-3.4166980129119393,13.333479082898547,527.4961806094587,0.404
42,97,2015-10-22,2015-12-18,2015,GBPUSD,42,3,-7.60474321034998,-0.1810653145321424,-2.1214760522321767,230.03645658880333,0.484
42,97,2015-10-22,2015-12-18,2015,AUDUSD,42,5,-655.0847626928387,-15.597256254591397,-40.543581123226524,324.22010590565725,0.026
42,97,2015-10-22,2015-12-18,2015,USDJPY,42,2,225.68708319764528,5.373501980896316,-14.647313543799816,206.79382449678712,0.862
42,97,2015-10-22,2015-12-18,2015,USDCHF,42,2,-106.4013021573794,-2.533364337080462,-24.389607267405175,500.1977630088341,0.412
42,97,2015-10-22,2015-12-18,2015,USDCAD,42,1,668.7699035848085,15.92309294249544,12.4927044053865,412.65957093395764,0.982
42,97,2015-10-22,2015-12-18,2015,EURJPY,42,2,-323.0380102454752,-7.6913811963208385,-0.8756897521486894,405.0241559221803,0.212
42,97,2015-10-22,2015-12-18,2015,GBPJPY,42,3,272.49918316818315,6.488075789718646,-8.152486248456459,291.0988612829725,0.794
42,97,2015-10-22,2015-12-18,2015,XAUUSD,42,1,310.7208288933672,7.3981149736516,23.71460838546618,743.0795892736451,0.514
42,97,2015-10-22,2015-12-18,2015,XAGUSD,42,1,678.1255752720066,16.14584703028587,39.16816969523211,979.9500303546786,0.552
42,97,2015-10-22,2015-12-18,2015,WTI,42,4,2367.1493920870253,56.360699811595836,32.286045572891645,1750.0900742772862,0.888
42,97,2015-10-22,2015-12-18,2015,UKOIL,42,6,2366.124448468426,56.33629639210538,-106.12508654998703,1570.4339461006537,0.944
42,97,2015-10-22,2015-12-18,2015,US500,42,7,-151.95393923864026,-3.6179509342533396,-11.646801159082443,610.699161823351,0.402
42,97,2015-10-22,2015-12-18,2015,USTECH,42,7,179.06391829120744,4.26342662598113,-52.094931455147886,817.0731585135355,0.588
42,98,2015-11-20,2016-01-19,2015,EURUSD,42,3,-301.09904078525886,-7.169024780601402,-4.57808836566987,329.51958003886534,0.228
42,98,2015-11-20,2016-01-19,2015,GBPUSD,42,2,669.1811076300634,15.932883515001508,-1.9753983489415168,497.2004990200038,0.906
42,98,2015-11-20,2016-01-19,2015,AUDUSD,42,8,45.38623529133575,1.0806246497937084,-59.65866781185808,445.62174664160506,0.604
42,98,2015-11-20,2016-01-19,2015,USDJPY,42,1,443.43904859013253,10.558072585479346,-5.907607809008783,335.4445671602384,0.872
42,98,2015-11-20,2016-01-19,2015,USDCHF,42,2,-259.7411720189153,-6.184313619497983,0.5204665385770458,344.32311224492554,0.276
42,98,2015-11-20,2016-01-19,2015,USDCAD,42,0,917.9531127097783,21.85602649308996,-29.37449960671291,918.4018618590438,0.516
42,98,2015-11-20,2016-01-19,2015,EURJPY,42,2,-243.23677897899444,-5.791351880452249,-20.92499864190126,395.7130748725898,0.294
42,98,2015-11-20,2016-01-19,2015,GBPJPY,42,3,891.0468128683723,21.215400306389817,-39.706471172463644,596.4698586572182,0.946
42,98,2015-11-20,2016-01-19,2015,XAUUSD,41,7,-128.699267715766,-3.13900652965283,-5.106013144065098,439.53593456308664,0.414
42,98,2015-11-20,2016-01-19,2015,XAGUSD,41,7,-1126.7511124349355,-27.481734449632572,-219.50590718399997,682.2609593962534,0.092
42,98,2015-11-20,2016-01-19,2015,WTI,41,0,3362.699459860417,82.01705999659553,-201.76196759162505,3360.0028279432545,0.53
42,98,2015-11-20,2016-01-19,2015,UKOIL,41,0,4181.527640531583,101.98847903735567,234.16554786976863,4179.14709547435,0.472
42,98,2015-11-20,2016-01-19,2015,US500,41,5,470.95587835707914,11.486728740416565,30.244210133057646,710.2905723810828,0.714
42,98,2015-11-20,2016-01-19,2015,USTECH,41,9,253.33745099778912,6.178962219458271,-59.0849438745892,859.0450959121894,0.644
42,99,2015-12-21,2016-02-17,2015,EURUSD,42,6,-49.45561205487807,-1.177514572735192,-35.89626880225544,344.68502440519234,0.508
42,99,2015-12-21,2016-02-17,2015,GBPUSD,42,1,161.73576873075712,3.850851636446598,-3.1658705341888758,328.15874145329536,0.612
42,99,2015-12-21,2016-02-17,2015,AUDUSD,42,5,181.78196058868372,4.328141918778184,-11.997306254311049,477.8405271695216,0.636
42,99,2015-12-21,2016-02-17,2015,USDJPY,42,2,78.2307604335372,1.8626371531794572,-23.97754057836706,475.0590189711607,0.586
42,99,2015-12-21,2016-02-17,2015,USDCHF,42,2,58.88497548517392,1.4020232258374743,-15.352482196586225,370.77783204211954,0.59
42,99,2015-12-21,2016-02-17,2015,USDCAD,42,1,-28.53287275925649,-0.6793541133156308,0.37065943499768583,440.1768828187085,0.438
42,99,2015-12-21,2016-02-17,2015,EURJPY,42,3,-347.17974007091505,-8.266184287402739,-51.81880403561263,410.9388635591652,0.226
42,99,2015-12-21,2016-02-17,2015,GBPJPY,42,0,986.4429489002879,23.486736878578284,-59.18657693401727,985.651895887012,0.53
42,99,2015-12-21,2016-02-17,2015,XAUUSD,41,7,785.3045986305597,19.15377069830633,-26.099099381865777,776.3380442909977,0.834
42,99,2015-12-21,2016-02-17,2015,XAGUSD,41,9,-1080.0676404100764,-26.34311318073357,-235.89742626229472,793.433251357646,0.14
42,99,2015-12-21,2016-02-17,2015,WTI,41,2,-314.9448114637237,-7.681580767407895,-56.115451737996004,2148.3741424475047,0.442
42,99,2015-12-21,2016-02-17,2015,UKOIL,41,3,-1233.753580479785,-30.09155074340939,-104.28954631337594,2583.3773556423653,0.348
42,99,2015-12-21,2016-02-17,2015,US500,41,1,751.6883503380867,18.333862203367968,9.239760089451195,820.8157792507645,0.714
42,99,2015-12-21,2016-02-17,2015,USTECH,41,2,478.5891669295787,11.67290651047753,22.02659167572959,1076.123823421683,0.642
42,100,2016-01-20,2016-03-17,2016,EURUSD,42,6,-410.5467693005985,-9.774923078585678,-25.592404044677544,433.85263684756245,0.192
42,100,2016-01-20,2016-03-17,2016,GBPUSD,42,2,-650.7944874389259,-15.49510684378395,-8.176190288208739,467.12063049202146,0.094
42,100,2016-01-20,2016-03-17,2016,AUDUSD,42,1,316.2594895897662,7.529987847375385,25.221443117551186,546.1378855636666,0.59
42,100,2016-01-20,2016-03-17,2016,USDJPY,42,4,204.2902509307799,4.864053593589998,-22.96000427151132,522.2988700833984,0.636
42,100,2016-01-20,2016-03-17,2016,USDCHF,42,3,287.40107345145435,6.842882701225103,-2.3580279675362488,486.77438433723404,0.724
42,100,2016-01-20,2016-03-17,2016,USDCAD,42,1,52.236646643623715,1.2437296819910408,1.9812021318352946,470.15335162564514,0.548
42,100,2016-01-20,2016-03-17,2016,EURJPY,42,2,-356.8982362617315,-8.49757705385075,-19.026533288546318,487.114544697686,0.292
42,100,2016-01-20,2016-03-17,2016,GBPJPY,42,0,318.2553929128084,7.5775093550668675,7.638129429907401,318.48236392170344,0.488
42,100,2016-01-20,2016-03-17,2016,XAUUSD,42,0,1491.2205593936499,35.50525141413452,29.824411187873007,1492.4154478541134,0.49
42,100,2016-01-20,2016-03-17,2016,XAGUSD,42,4,819.2245926957871,19.50534744513779,-120.49619834722142,972.4672664953872,0.832
42,100,2016-01-20,2016-03-17,2016,WTI,42,7,-2197.5385578747437,-52.322346616065325,25.41527859447738,2515.5034061374804,0.184
42,100,2016-01-20,2016-03-17,2016,UKOIL,42,5,-2702.2342231624093,-64.33891007529546,-152.47232577136882,2495.7358909497393,0.152
42,100,2016-01-20,2016-03-17,2016,US500,42,3,231.9200013527446,5.521904794112967,8.472830001088886,624.2754555829988,0.654
42,100,2016-01-20,2016-03-17,2016,USTECH,42,7,-677.3996087768206,-16.128562113733825,23.83969708352242,907.7038159816764,0.232
42,101,2016-02-18,2016-04-15,2016,EURUSD,42,3,-490.0234713152518,-11.667225507505995,-3.2406619334290316,314.4363967435854,0.078
42,101,2016-02-18,2016-04-15,2016,GBPUSD,42,7,-750.042291774508,-17.858149804154955,8.287073077037839,445.8412596665984,0.044
42,101,2016-02-18,2016-04-15,2016,AUDUSD,42,2,631.3680849758648,15.032573451806305,-4.26720829991089,531.0080533688791,0.87
42,101,2016-02-18,2016-04-15,2016,USDJPY,42,6,634.4057960314001,15.104899905509527,-0.9059824980207172,411.4035441539544,0.942
42,101,2016-02-18,2016-04-15,2016,USDCHF,42,2,140.77212876263326,3.351717351491268,3.541879590278135,287.6466601441485,0.64
42,101,2016-02-18,2016-04-15,2016,USDCAD,42,0,642.8085983761023,15.304966628002436,-53.99592226359259,641.1782541793024,0.542
42,101,2016-02-18,2016-04-15,2016,EURJPY,42,2,-89.95060388548663,-2.1416810448925387,-43.7590863504618,479.7858221200296,0.488
42,101,2016-02-18,2016-04-15,2016,GBPJPY,42,2,246.29069214491022,5.864064098688338,9.8245264791146,578.990198309199,0.62
42,101,2016-02-18,2016-04-15,2016,XAUUSD,41,5,-160.32241023145048,-3.9103026885719627,-52.98981368448919,500.76912091024303,0.388
42,101,2016-02-18,2016-04-15,2016,XAGUSD,41,4,-350.27675063431406,-8.543335381324733,-121.38822721564118,900.4853188989499,0.428
42,101,2016-02-18,2016-04-15,2016,WTI,41,9,-2783.7833118328913,-67.89715394714369,-131.52754878343217,2084.077146816546,0.106
42,101,2016-02-18,2016-04-15,2016,UKOIL,41,6,-1010.0106692377091,-24.634406566773393,-23.9493323435738,1887.944797756408,0.312
42,101,2016-02-18,2016-04-15,2016,US500,41,2,289.6355996636746,7.06428291862621,-24.89007301993272,501.1894960871351,0.678
42,101,2016-02-18,2016-04-15,2016,USTECH,41,7,-209.07500356479883,-5.0993903308487525,-43.40991475822226,509.5789577209798,0.394
42,102,2016-03-18,2016-05-16,2016,EURUSD,42,6,-328.10675910246147,-7.812065692915749,20.02029113121819,268.4918128903927,0.094
42,102,2016-03-18,2016-05-16,2016,GBPUSD,42,7,-516.6636885459033,-12.301516393950077,26.43439029419451,366.1978406043647,0.074
42,102,2016-03-18,2016-05-16,2016,AUDUSD,42,5,-184.38500320115133,-4.390119123836937,-21.431136320892737,499.26061448916914,0.384
42,102,2016-03-18,2016-05-16,2016,USDJPY,42,6,174.8160634977962,4.162287226138004,-33.65403744497729,567.0939375614165,0.65
42,102,2016-03-18,2016-05-16,2016,USDCHF,42,3,-155.91338654589487,-3.712223489187973,-2.193103110383361,278.91618823145865,0.298
42,102,2016-03-18,2016-05-16,2016,USDCAD,42,1,-31.31941920999494,-0.7457004573808319,-8.994717984786705,308.31516866226775,0.498
42,102,2016-03-18,2016-05-16,2016,EURJPY,42,3,-223.61685160336935,-5.324210752461175,-7.298545910109661,345.30574923725555,0.262
42,102,2016-03-18,2016-05-16,2016,GBPJPY,42,7,-290.8829885725768,-6.925785442204209,9.790439568507766,673.12648802895,0.336
42,102,2016-03-18,2016-05-16,2016,XAUUSD,41,8,-595.6589464564091,-14.528266986741686,-7.676240778743691,554.4217788007834,0.152
42,102,2016-03-18,2016-05-16,2016,XAGUSD,41,2,-404.62481776366053,-9.868897994235622,-42.71055156221937,1188.5358220304943,0.412
42,102,2016-03-18,2016-05-16,2016,WTI,41,4,-677.5021487994354,-16.524442653644765,-122.86199183993752,1788.631784916744,0.364
42,102,2016-03-18,2016-05-16,2016,UKOIL,41,4,-497.46983177409004,-12.133410531075366,110.5454726350956,1585.118888943127,0.354
42,102,2016-03-18,2016-05-16,2016,US500,41,5,-70.49960345844025,-1.7195025233765915,-32.531104042173475,285.12183218209213,0.446
42,102,2016-03-18,2016-05-16,2016,USTECH,41,1,280.00945590857907,6.8294989245994895,17.837626131728754,422.5005041627788,0.698
42,103,2016-04-18,2016-06-14,2016,EURUSD,42,6,-182.51173718844544,-4.345517552105844,-12.663337240228003,331.7110993113457,0.318
42,103,2016-04-18,2016-06-14,2016,GBPUSD,42,6,-153.75041582415975,-3.6607241862895177,-13.489771135645139,340.3127218202005,0.328
42,103,2016-04-18,2016-06-14,2016,AUDUSD,42,4,-316.7421938224977,-7.541480805297565,-48.08187448605347,529.4675448740161,0.344
42,103,2016-04-18,2016-06-14,2016,USDJPY,42,8,-385.0410671984166,-9.167644457105158,-55.25914444916803,546.7419402917719,0.304
42,103,2016-04-18,2016-06-14,2016,USDCHF,42,4,-167.3082252090217,-3.983529171643374,0.308628844812838,388.0787894647539,0.348
42,103,2016-04-18,2016-06-14,2016,USDCAD,42,2,-265.82988163681495,-6.329282896114641,-13.752475783988498,362.9428158988594,0.254
42,103,2016-04-18,2016-06-14,2016,EURJPY,42,4,295.0425399057118,7.024822378707424,-7.909763226650479,317.24293395294154,0.838
42,103,2016-04-18,2016-06-14,2016,GBPJPY,42,8,-358.8556295146213,-8.54418165511003,-50.00933511062426,684.7484163952304,0.33
42,103,2016-04-18,2016-06-14,2016,XAUUSD,42,5,-701.0214347624483,-16.690986541963053,0.26178151137212263,653.7038061812792,0.144
42,103,2016-04-18,2016-06-14,2016,XAGUSD,42,2,257.6525963948405,6.134585628448583,19.713612965406632,1219.9834600081692,0.544
42,103,2016-04-18,2016-06-14,2016,WTI,42,0,1768.9785791638024,42.11853759913815,-21.227742949965627,1770.6227170353932,0.506
42,103,2016-04-18,2016-06-14,2016,UKOIL,42,0,1428.7991315631157,34.01902694197894,28.575982631262313,1429.944002845818,0.49
42,103,2016-04-18,2016-06-14,2016,US500,42,6,-452.92457845998985,-10.783918534761662,-29.723402230743844,327.7774494698676,0.104
42,103,2016-04-18,2016-06-14,2016,USTECH,42,2,-382.7579075520608,-9.113283513144305,-26.26308706736614,640.3437182361874,0.272
42,104,2016-05-17,2016-07-13,2016,EURUSD,42,3,-116.71988140630043,-2.7790447953881054,-6.399421632410438,278.2951435323045,0.374
42,104,2016-05-17,2016-07-13,2016,GBPUSD,42,7,481.4520207513782,11.463143351223291,-6.289260199401255,993.4630484783592,0.658
42,104,2016-05-17,2016-07-13,2016,AUDUSD,42,3,-17.326680803366003,-0.41254001912776195,-26.911829307086556,362.3751629441066,0.52
42,104,2016-05-17,2016-07-13,2016,USDJPY,42,6,-165.84555948179627,-3.9487037971856256,-37.24745250583752,555.6990783743832,0.414
42,104,2016-05-17,2016-07-13,2016,USDCHF,42,2,45.035663063804705,1.07227769199535,-0.586689135983459,366.65007180623513,0.558
42,104,2016-05-17,2016-07-13,2016,USDCAD,42,4,-103.11670912824057,-2.4551597411485853,-1.993716404030646,335.052270875859,0.394
42,104,2016-05-17,2016-07-13,2016,EURJPY,42,3,626.2784162246799,14.911390862492377,15.039844306623017,637.8937426435106,0.8
42,104,2016-05-17,2016-07-13,2016,GBPJPY,42,3,917.7145169583355,21.85034564186513,-99.96370643526406,1289.4360407010786,0.726
42,104,2016-05-17,2016-07-13,2016,XAUUSD,42,2,-222.74382381668767,-5.3034243765878015,-23.801689874487913,787.1127144912491,0.404
42,104,2016-05-17,2016-07-13,2016,XAGUSD,42,2,1310.3718408111586,31.199329543122822,-30.02553301755662,1666.3637948452856,0.732
42,104,2016-05-17,2016-07-13,2016,WTI,42,9,-1303.7183338550274,-31.040912710833986,19.529602871828445,1243.0533697839023,0.156
42,104,2016-05-17,2016-07-13,2016,UKOIL,42,11,-1565.8854077501207,-37.2829858988124,-144.96657087010624,1281.5596268341549,0.134
42,104,2016-05-17,2016-07-13,2016,US500,42,7,-961.0736162625973,-22.88270514910946,-9.637606808831412,594.7993805082501,0.054
42,104,2016-05-17,2016-07-13,2016,USTECH,42,3,-566.0146863343715,-13.47654015081837,6.996833982201911,655.2348945643741,0.186
42,105,2016-06-15,2016-08-11,2016,EURUSD,42,3,-305.09456367820445,-7.264156278052487,1.5541043368808063,233.06008966617065,0.1
42,105,2016-06-15,2016-08-11,2016,GBPUSD,42,4,171.42380799821208,4.081519238052668,16.200621619578616,948.5530581319234,0.562
42,105,2016-06-15,2016-08-11,2016,AUDUSD,42,4,231.21408358456853,5.505097228204012,15.177461353240002,343.65466433611584,0.736
42,105,2016-06-15,2016-08-11,2016,USDJPY,42,4,-17.16624002260518,-0.40872000053821855,-4.760934340317104,631.8813431289791,0.5
42,105,2016-06-15,2016-08-11,2016,USDCHF,42,4,-193.20996561208025,-4.600237276478102,-27.619178908378807,273.0526547898148,0.276
42,105,2016-06-15,2016-08-11,2016,USDCAD,42,5,-83.64060195686879,-1.9914429037349712,-17.726329282769054,267.2401425259749,0.432
42,105,2016-06-15,2016-08-11,2016,EURJPY,42,4,26.526557919683714,0.6315847123734217,-34.54422935408441,650.7211842548711,0.538
42,105,2016-06-15,2016-08-11,2016,GBPJPY,42,4,364.876200340387,8.687528579533025,-9.332680166231325,1318.898749071548,0.53
42,105,2016-06-15,2016-08-11,2016,XAUUSD,42,4,586.2103350375298,13.957388929464996,-9.71770935735805,610.5837266928975,0.822
42,105,2016-06-15,2016-08-11,2016,XAGUSD,42,1,1124.8723812818246,26.782675744805346,28.572000913716305,1434.7624915243812,0.6
42,105,2016-06-15,2016-08-11,2016,WTI,42,9,-1050.3615928736488,-25.008609354134496,-52.09388365027013,1434.9626781362365,0.262
42,105,2016-06-15,2016-08-11,2016,UKOIL,42,13,-1222.3121630976793,-29.102670549944747,-153.47361283230538,1533.0448017404851,0.252
42,105,2016-06-15,2016-08-11,2016,US500,42,6,-611.815263609756,-14.567030085946572,-41.0066158455928,503.6129199697531,0.116
42,105,2016-06-15,2016-08-11,2016,USTECH,42,2,286.1119745360784,6.812189869906628,-31.837428758279515,661.7955041995186,0.652
42,106,2016-07-14,2016-09-09,2016,EURUSD,42,3,-32.63427060638412,-0.7770064430091457,-15.961913327046595,241.52001211211945,0.478
42,106,2016-07-14,2016-09-09,2016,GBPUSD,42,5,-637.6719956521956,-15.182666563147516,-19.430313094297002,347.93398368717504,0.042
42,106,2016-07-14,2016-09-09,2016,AUDUSD,42,7,-234.19487264473892,-5.576068396303308,-1.2760081199530178,326.28880595059695,0.236
42,106,2016-07-14,2016-09-09,2016,USDJPY,42,7,-380.01334498303436,-9.047936785310341,-12.905704727025782,525.6412678470335,0.248
42,106,2016-07-14,2016-09-09,2016,USDCHF,42,5,-214.68464500717437,-5.111539166837485,-6.734785930872351,307.6109438010214,0.266
42,106,2016-07-14,2016-09-09,2016,USDCAD,42,5,-385.9358465168855,-9.18894872659251,3.5144761699063354,306.4420712993455,0.102
42,106,2016-07-14,2016-09-09,2016,EURJPY,42,5,-313.67568450421726,-7.468468678671839,1.2600150190852792,357.68434729601296,0.21
42,106,2016-07-14,2016-09-09,2016,GBPJPY,42,5,-737.2921581737326,-17.55457519461268,-51.51148458940765,625.783601036269,0.164
42,106,2016-07-14,2016-09-09,2016,XAUUSD,42,9,-186.48726738975063,-4.440173033089301,-74.48327451754817,419.8269120003662,0.394
42,106,2016-07-14,2016-09-09,2016,XAGUSD,42,5,-370.80547469979905,-8.828701778566645,-203.1463780132893,895.2383651092001,0.396
42,106,2016-07-14,2016-09-09,2016,WTI,42,1,-129.68508551106433,-3.0877401312158175,-39.258468488515305,1124.7402322210544,0.504
42,106,2016-07-14,2016-09-09,2016,UKOIL,42,3,-183.15076899291537,-4.360732595069414,-24.14778201809946,1499.040065064016,0.454
42,106,2016-07-14,2016-09-09,2016,US500,42,5,183.68500735727346,4.373452556125558,2.6914182402384776,315.5400219297472,0.606
42,106,2016-07-14,2016-09-09,2016,USTECH,42,1,752.4603011842547,17.91572145676797,-8.433999301659888,600.3422308579864,0.872
42,107,2016-08-12,2016-10-10,2016,EURUSD,42,5,97.06076078415353,2.3109704948607983,-0.13786197118541121,224.65869595416342,0.668
42,107,2016-08-12,2016-10-10,2016,GBPUSD,42,4,40.14091992341485,0.9557361886527345,10.269067286782796,524.755876623077,0.51
42,107,2016-08-12,2016-10-10,2016,AUDUSD,42,8,-443.7189139231309,-10.56473604578883,-17.23292516762288,313.5922751601892,0.094
42,107,2016-08-12,2016-10-10,2016,USDJPY,42,7,-545.1545134206114,-12.979869367157413,-11.268821413279372,421.30016455136,0.106
42,107,2016-08-12,2016-10-10,2016,USDCHF,42,7,-185.7655040636875,-4.42298819199256,-10.719211719666939,296.2482856144711,0.296
42,107,2016-08-12,2016-10-10,2016,USDCAD,42,6,-344.16238703853855,-8.194342548536632,17.07577081247862,304.4822791847829,0.122
42,107,2016-08-12,2016-10-10,2016,EURJPY,42,4,-446.1303687567519,-10.622151637065523,-4.435565691900468,298.17352658586725,0.082
42,107,2016-08-12,2016-10-10,2016,GBPJPY,42,2,-271.9823023598716,-6.475769103806466,-19.765542533928997,575.5858101715282,0.32
42,107,2016-08-12,2016-10-10,2016,XAUUSD,42,7,-51.463100567564354,-1.2253119182753418,-42.78993551465773,553.6564568893567,0.516
42,107,2016-08-12,2016-10-10,2016,XAGUSD,42,6,789.228827953247,18.791162570315404,-101.88966171762512,1194.1112772405713,0.782
42,107,2016-08-12,2016-10-10,2016,WTI,42,3,-144.33591544627802,-3.436569415387572,-35.40192612354747,1208.1847458465813,0.448
42,107,2016-08-12,2016-10-10,2016,UKOIL,42,3,139.8739288088176,3.330331638305181,-57.41409232401978,1231.8582519695087,0.56
42,107,2016-08-12,2016-10-10,2016,US500,42,10,-339.73089098336186,-8.088830737699093,-57.168644943045535,335.58719332699314,0.22
42,107,2016-08-12,2016-10-10,2016,USTECH,42,4,-143.91220357764655,-3.426481037563013,-20.404759114081383,291.7456968064284,0.342
42,108,2016-09-12,2016-11-08,2016,EURUSD,42,3,135.5523995904427,3.227438085486731,24.195522154086863,261.04732517056095,0.648
42,108,2016-09-12,2016-11-08,2016,GBPUSD,42,2,140.87891030895295,3.3542597692607847,-0.7868284999046464,612.707651883786,0.532
42,108,2016-09-12,2016-11-08,2016,AUDUSD,42,5,40.76077739002935,0.9704946997626035,-32.8368255011141,306.7808008115279,0.618
42,108,2016-09-12,2016-11-08,2016,USDJPY,42,6,-189.19128322915535,-4.504554362598936,23.60302800665914,337.8132575498728,0.274
42,108,2016-09-12,2016-11-08,2016,USDCHF,42,6,-340.65335948876765,-8.110794273542087,-10.75441481457948,275.03797988215126,0.13
42,108,2016-09-12,2016-11-08,2016,USDCAD,42,5,59.446923508903836,1.4154029406881865,-7.10642850637486,264.85387937904795,0.588
42,108,2016-09-12,2016-11-08,2016,EURJPY,42,9,-555.7718132744913,-13.23266222082122,-3.8052698491700374,315.08873403634664,0.034
42,108,2016-09-12,2016-11-08,2016,GBPJPY,42,2,-33.939001407032066,-0.808071462072192,-7.0987393056224315,460.9398642088924,0.474
42,108,2016-09-12,2016-11-08,2016,XAUUSD,42,3,-103.876538540252,-2.4732509176250477,-10.966846741104135,535.3260351489507,0.462
42,108,2016-09-12,2016-11-08,2016,XAGUSD,42,3,210.3264819986955,5.007773380921321,-134.17325386622386,1076.9654925672241,0.602
42,108,2016-09-12,2016-11-08,2016,WTI,42,3,-201.38985603897035,-4.794996572356437,43.59360562480561,1463.1412171520087,0.434
42,108,2016-09-12,2016-11-08,2016,UKOIL,42,3,894.0858647248862,21.287758683925862,-37.09295364348081,1382.194562367069,0.736
42,108,2016-09-12,2016-11-08,2016,US500,42,8,-615.6690451719801,-14.65878678980905,-23.18749857197846,402.1925879629824,0.066
42,108,2016-09-12,2016-11-08,2016,USTECH,42,8,-642.3694198207895,-15.294509995733083,-26.0999554058742,524.8332043399413,0.126
42,109,2016-10-11,2016-12-07,2016,EURUSD,42,0,343.28610129233164,8.173478602198372,-1.3731444051693285,343.62715413227403,0.502
42,109,2016-10-11,2016-12-07,2016,GBPUSD,42,1,33.19301283863433,0.7903098294912936,-16.82787310837982,300.2321063772489,0.558
42,109,2016-10-11,2016-12-07,2016,AUDUSD,42,3,-48.70281597127897,-1.1595908564590232,-39.90858132640713,363.34252582402473,0.498
42,109,2016-10-11,2016-12-07,2016,USDJPY,42,2,985.0156334308298,23.452753176924517,20.44326033215369,694.1429908224965,0.944
42,109,2016-10-11,2016-12-07,2016,USDCHF,42,4,-198.78679152961266,-4.733018845943159,-42.5744552407982,336.11965066275843,0.326
42,109,2016-10-11,2016-12-07,2016,USDCAD,42,5,127.59423839260958,3.037958056966895,-13.352916961970863,282.4824169595497,0.682
42,109,2016-10-11,2016-12-07,2016,EURJPY,42,7,391.82350754480154,9.329131132019084,-9.50611838062614,369.0139551237337,0.85
42,109,2016-10-11,2016-12-07,2016,GBPJPY,42,1,996.4275275315232,23.724464941226742,43.36689419681479,1017.0544456135638,0.702
42,109,2016-10-11,2016-12-07,2016,XAUUSD,42,2,-304.12319609412015,-7.241028478431432,36.8669040148196,695.3865181591551,0.342
42,109,2016-10-11,2016-12-07,2016,XAGUSD,42,2,-863.6789467310073,-20.563784445976363,-56.038786897638865,968.2437617985147,0.248
42,109,2016-10-11,2016-12-07,2016,WTI,42,2,-1296.2428937172135,-30.862926040886038,-62.10077134736785,1538.5253885684795,0.258
42,109,2016-10-11,2016-12-07,2016,UKOIL,42,2,-745.5058649189806,-17.750139640928108,-51.80774766378468,1636.275700033208,0.358
42,109,2016-10-11,2016-12-07,2016,US500,42,4,205.94474538167572,4.903446318611326,-40.96654167000718,386.42419624235004,0.726
42,109,2016-10-11,2016-12-07,2016,USTECH,42,9,-995.1767792581368,-23.69468522043183,-67.59259598871687,526.7373640931968,0.048
42,110,2016-11-09,2017-01-05,2016,EURUSD,42,0,375.08782060751696,8.93066239541707,-18.00421538916081,375.0306886525153,0.524
42,110,2016-11-09,2017-01-05,2016,GBPUSD,42,3,-202.70274828872573,-4.826255911636327,-44.671554280426584,327.3313081066887,0.338
42,110,2016-11-09,2017-01-05,2016,AUDUSD,42,1,-1.309301169687913,-0.03117383737352174,2.6644645077582956,560.4098326961905,0.514
42,110,2016-11-09,2017-01-05,2016,USDJPY,42,0,954.3892217261188,22.72355289824092,-15.270227547617901,955.222752928895,0.508
42,110,2016-11-09,2017-01-05,2016,USDCHF,42,3,-49.66875826308084,-1.1825894824543057,6.591665944178297,421.1442500721024,0.464
42,110,2016-11-09,2017-01-05,2016,USDCAD,42,4,-441.69613104926646,-10.51657454879206,-17.99764719620019,290.83006339726785,0.084
42,110,2016-11-09,2017-01-05,2016,EURJPY,42,1,564.0124987270513,13.428869017310744,-10.33755738230265,513.2942301637678,0.764
42,110,2016-11-09,2017-01-05,2016,GBPJPY,42,2,803.0807355991222,19.120969895217197,-75.86174068230146,750.7986315209336,0.85
42,110,2016-11-09,2017-01-05,2016,XAUUSD,42,1,-14.117720798539992,-0.33613620948904743,-32.023351577368594,1022.5911857456751,0.482
42,110,2016-11-09,2017-01-05,2016,XAGUSD,42,3,-378.26583026939824,-9.00632929212853,-20.582066882010267,1219.9067736886616,0.406
42,110,2016-11-09,2017-01-05,2016,WTI,40,1,-87.65885215208465,-2.1914713038021163,6.347218218984089,1389.7305934956848,0.52
42,110,2016-11-09,2017-01-05,2016,UKOIL,40,1,-200.84357288343858,-5.021089322085965,-46.47194100868344,1663.4773022919471,0.488
42,110,2016-11-09,2017-01-05,2016,US500,40,1,584.9146030949872,14.62286507737468,-14.859651218558408,374.96018990997135,0.96
42,110,2016-11-09,2017-01-05,2016,USTECH,40,5,-503.1587540698788,-12.57896885174697,-24.740633761903226,444.91779093392194,0.134
42,111,2016-12-08,2017-02-03,2016,EURUSD,42,1,324.73137410716674,7.73169938350397,-25.3183787492053,442.8154957051652,0.752
42,111,2016-12-08,2017-02-03,2016,GBPUSD,42,6,-436.51592795640875,-10.393236379914494,9.570521145513506,407.60675593833923,0.138
42,111,2016-12-08,2017-02-03,2016,AUDUSD,42,1,363.4087937302848,8.652590326911543,-3.1212797016440508,627.4711825868169,0.756
42,111,2016-12-08,2017-02-03,2016,USDJPY,42,1,341.1383130481349,8.122340786860354,28.265788840624197,494.114778420156,0.692
42,111,2016-12-08,2017-02-03,2016,USDCHF,42,3,133.07860141508155,3.1685381289305132,9.776268707172072,295.97451197279577,0.644
42,111,2016-12-08,2017-02-03,2016,USDCAD,42,2,-413.0027000708002,-9.833397620733338,-8.396319884507315,301.7449580655698,0.112
42,111,2016-12-08,2017-02-03,2016,EURJPY,42,1,63.241679487388474,1.5057542735092493,11.266645407260553,120.16499756813917,0.576
42,111,2016-12-08,2017-02-03,2016,GBPJPY,42,5,151.45682131837617,3.6061147932946707,-36.19643934908651,500.7309145492102,0.646
42,111,2016-12-08,2017-02-03,2016,XAUUSD,42,1,266.332124118217,6.341241050433738,-15.590635554419608,659.6054476582077,0.688
42,111,2016-12-08,2017-02-03,2016,XAGUSD,42,3,347.7348678753553,8.279401616079888,-37.410669474246475,915.870407733384,0.656
42,111,2016-12-08,2017-02-03,2016,WTI,40,8,-978.9871630934813,-24.474679077337033,-99.35852755998515,829.7322895224737,0.152
42,111,2016-12-08,2017-02-03,2016,UKOIL,40,7,-1005.607373048708,-25.1401843262177,-82.08893882741907,725.6737891329517,0.104
42,111,2016-12-08,2017-02-03,2016,US500,40,4,135.08563909665048,3.377140977416262,-11.937815383926951,212.03433137505718,0.778
42,111,2016-12-08,2017-02-03,2016,USTECH,40,1,627.2059152876617,15.680147882191543,-8.265168147535322,391.99919182196606,0.968
42,112,2017-01-06,2017-03-06,2017,EURUSD,42,4,-10.126506390740452,-0.2411072950176298,-9.923255593686473,207.2367425544347,0.506
42,112,2017-01-06,2017-03-06,2017,GBPUSD,42,4,145.64678749261367,3.46778065458604,3.715406058840992,426.38762983675724,0.632
42,112,2017-01-06,2017-03-06,2017,AUDUSD,42,2,-4.456757530194382,-0.10611327452843768,-14.171649214551053,320.11889461238786,0.534
42,112,2017-01-06,2017-03-06,2017,USDJPY,42,8,120.45508137105871,2.8679781278823504,2.182264478991572,369.2296360945156,0.618
42,112,2017-01-06,2017-03-06,2017,USDCHF,42,6,60.38522966489468,1.4377435634498734,-18.92469063097722,213.56523945886903,0.648
42,112,2017-01-06,2017-03-06,2017,USDCAD,42,6,-49.4776004685444,-1.1780381063939143,11.797146212386755,290.28920610006145,0.43
42,112,2017-01-06,2017-03-06,2017,EURJPY,42,3,150.33236515139603,3.5793420274141914,-6.941364849645829,224.56636136394562,0.75
42,112,2017-01-06,2017-03-06,2017,GBPJPY,42,7,484.93153644957215,11.545988963085051,-24.555382400158884,444.1876042775243,0.87
42,112,2017-01-06,2017-03-06,2017,XAUUSD,42,1,378.65165237497155,9.015515532737417,-19.284294011308752,420.675959423023,0.792
42,112,2017-01-06,2017-03-06,2017,XAGUSD,42,1,447.26116245508103,10.64907529654955,-67.76897813717434,707.8761738248197,0.74
42,112,2017-01-06,2017-03-06,2017,WTI,42,9,-2035.9256381712323,-48.474419956457915,-83.7307980798021,747.3819676760866,0.008
42,112,2017-01-06,2017-03-06,2017,UKOIL,42,13,-2109.256769144783,-50.22039926535198,-158.0809392736144,828.8541915573584,0.004
42,112,2017-01-06,2017-03-06,2017,US500,42,4,348.89555226473743,8.307036958684225,-17.17539460950382,281.85215872926426,0.9
42,112,2017-01-06,2017-03-06,2017,USTECH,42,0,768.4918531373086,18.297425074697824,-18.443804475295412,769.0399204289192,0.512
42,113,2017-02-06,2017-04-04,2017,EURUSD,42,4,-278.39952298301955,-6.628560071024275,-20.0104524281625,266.7682732934036,0.19
42,113,2017-02-06,2017-04-04,2017,GBPUSD,42,4,35.5600831737771,0.8466686469946929,12.902103129759277,290.51926495015306,0.528
42,113,2017-02-06,2017-04-04,2017,AUDUSD,42,4,-448.41317306098455,-10.676504120499633,11.130194330768985,302.6746859673131,0.074
42,113,2017-02-06,2017-04-04,2017,USDJPY,42,10,-20.372980611795487,-0.4850709669475116,-6.92887238899381,339.112194021238,0.476
42,113,2017-02-06,2017-04-04,2017,USDCHF,42,4,-178.12679695840808,-4.241114213295431,-6.570338935675097,247.11760799714887,0.266
42,113,2017-02-06,2017-04-04,2017,USDCAD,42,6,-207.25533662121538,-4.9346508719337,-21.30471688665411,272.8659846113792,0.274
42,113,2017-02-06,2017-04-04,2017,EURJPY,42,4,108.72870631581722,2.588778721805172,-19.403115930466264,326.3175565649948,0.654
42,113,2017-02-06,2017-04-04,2017,GBPJPY,42,4,238.29207794585892,5.673620903472831,-8.848711210862012,217.11762121087338,0.862
42,113,2017-02-06,2017-04-04,2017,XAUUSD,42,4,-124.95180338030355,-2.975042937626275,-4.479802359105471,466.64550715864846,0.384
42,113,2017-02-06,2017-04-04,2017,XAGUSD,42,2,-305.0579129445348,-7.2632836415365425,-26.000392042222344,788.7956570501163,0.338
42,113,2017-02-06,2017-04-04,2017,WTI,42,3,-926.2074830114973,-22.052559119321366,-42.13659745684789,1179.9211488057479,0.26
42,113,2017-02-06,2017-04-04,2017,UKOIL,42,8,-1121.4786584925635,-26.70187282125151,-124.43659239651609,933.6784038537687,0.16
42,113,2017-02-06,2017-04-04,2017,US500,42,1,132.47450155124292,3.154154798839117,-17.127545360140896,311.41371204909603,0.562
42,113,2017-02-06,2017-04-04,2017,USTECH,42,2,385.7298442307933,9.184043910256984,-13.411770124568132,367.2468441905475,0.814
42,114,2017-03-07,2017-05-03,2017,EURUSD,42,3,-408.5242564728139,-9.726768011257473,3.0668040894891906,314.3586112149206,0.108
42,114,2017-03-07,2017-05-03,2017,GBPUSD,42,3,200.49449372810565,4.7736784220977535,-25.540924577081054,371.1607723532469,0.702
42,114,2017-03-07,2017-05-03,2017,AUDUSD,42,6,-286.4410036267966,-6.820023895876109,-17.78868439746518,315.5020080301119,0.19
42,114,2017-03-07,2017-05-03,2017,USDJPY,42,6,112.26289652902071,2.6729261078338262,-7.56518314261005,405.3512687160315,0.604
42,114,2017-03-07,2017-05-03,2017,USDCHF,42,5,-268.6810603995583,-6.397168104751389,-18.336338112873317,222.63686041083974,0.136
42,114,2017-03-07,2017-05-03,2017,USDCAD,42,4,142.80785457152825,3.4001870136078156,-1.8988625739726448,244.08465840847379,0.73
42,114,2017-03-07,2017-05-03,2017,EURJPY,42,3,-116.28895844316861,-2.768784724837348,15.31179174227668,518.353174010464,0.43
42,114,2017-03-07,2017-05-03,2017,GBPJPY,42,1,404.3656354285951,9.627753224490359,-4.7072478107727,500.27249004157767,0.684
42,114,2017-03-07,2017-05-03,2017,XAUUSD,41,4,-315.78454928285294,-7.70206217763056,-35.78124949446209,520.352328361098,0.316
42,114,2017-03-07,2017-05-03,2017,XAGUSD,41,3,-176.20199431892175,-4.297609617534677,-82.95886323011531,876.9905161210197,0.452
42,114,2017-03-07,2017-05-03,2017,WTI,41,4,-620.1664743028788,-15.126011568362896,-103.00795333175205,1342.9903215663744,0.368
42,114,2017-03-07,2017-05-03,2017,UKOIL,41,4,-1029.955223404753,-25.120859107433002,-74.17693578235095,1195.8252522483076,0.21
42,114,2017-03-07,2017-05-03,2017,US500,41,2,-64.16851879750782,-1.565085824329459,-3.8779531838862416,201.09452026631467,0.41
42,114,2017-03-07,2017-05-03,2017,USTECH,41,4,247.6481486918811,6.0401987485824655,9.91355069260547,372.3402428329758,0.688
42,115,2017-04-05,2017-05-28,2017,EURUSD,38,2,-57.475783464673626,-1.5125206174914112,10.791335326071682,322.1877558955312,0.42
42,115,2017-04-05,2017-05-28,2017,GBPUSD,38,0,293.84862255073637,7.732858488177273,9.403155921623561,293.9922729371851,0.484
42,115,2017-04-05,2017-05-28,2017,AUDUSD,38,5,-150.8677129147428,-3.9702029714406004,-23.892031469671128,261.85017522543745,0.32
42,115,2017-04-05,2017-05-28,2017,USDJPY,38,3,-72.55065439226121,-1.9092277471647687,-16.09765663604274,375.8774648558223,0.442
42,115,2017-04-05,2017-05-28,2017,USDCHF,38,6,-99.70232165344346,-2.623745306669565,1.7978213937912377,313.95153746729716,0.382
42,115,2017-04-05,2017-05-28,2017,USDCAD,38,4,109.42734797810888,2.879667052055497,-14.773820381498812,263.2730658836751,0.672
42,115,2017-04-05,2017-05-28,2017,EURJPY,38,1,-7.475346566882422,-0.19671964649690585,3.724781604893289,574.1533289268594,0.506
42,115,2017-04-05,2017-05-28,2017,GBPJPY,38,1,113.7242984744235,2.9927446966953553,12.283536438008673,577.5330084243326,0.53
42,115,2017-04-05,2017-05-28,2017,XAUUSD,37,1,-369.3787522286269,-9.98320951969262,-6.5636234273910325,328.5239540888886,0.152
42,115,2017-04-05,2017-05-28,2017,XAGUSD,37,1,-221.6741642418587,-5.991193628158343,2.686386487676442,1016.3740364188911,0.41
42,115,2017-04-05,2017-05-28,2017,WTI,37,4,-1060.01682429836,-28.649103359415136,-56.800668748798266,1189.8668294634788,0.208
42,115,2017-04-05,2017-05-28,2017,UKOIL,37,4,-1578.217760099048,-42.65453405673103,-54.67870178246003,998.4282534580096,0.062
42,115,2017-04-05,2017-05-28,2017,US500,37,1,263.48304555635576,7.121163393415021,-25.030070974159877,208.95192268400214,0.89
42,115,2017-04-05,2017-05-28,2017,USTECH,37,2,532.1175767248151,14.381556127697705,2.8138281462650925,465.14079053821183,0.854
42,116,2017-05-04,2017-06-21,2017,EURUSD,35,1,308.10933318082067,8.803123805166305,11.086230043228602,293.2369931200479,0.804
42,116,2017-05-04,2017-06-21,2017,GBPUSD,35,5,-315.4522178670451,-9.012920510487001,-14.163550135217985,240.8297145055325,0.124
42,116,2017-05-04,2017-06-21,2017,AUDUSD,35,3,10.459478110602674,0.298842231731505,-17.542496666697474,206.07204247374395,0.55
42,116,2017-05-04,2017-06-21,2017,USDJPY,35,3,-203.62420997989207,-5.8178345708540595,-8.319173058688696,268.17700633234995,0.256
42,116,2017-05-04,2017-06-21,2017,USDCHF,35,4,61.82846854371664,1.7665276726776182,-0.19398014852552842,312.8265042516821,0.552
42,116,2017-05-04,2017-06-21,2017,USDCAD,35,1,-51.47825937091176,-1.4708074105974789,-7.080265310940169,226.60391100114137,0.42
42,116,2017-05-04,2017-06-21,2017,EURJPY,35,1,-26.265624308796543,-0.7504464088227584,-0.05049141046295904,131.15717122685905,0.41
42,116,2017-05-04,2017-06-21,2017,GBPJPY,35,1,-88.96791856791162,-2.5419405305117606,-0.13123481940981582,314.7005274842355,0.454
42,116,2017-05-04,2017-06-21,2017,XAUUSD,35,3,-317.4650125148523,-9.07042892899578,-50.02261167334675,358.6981706460088,0.236
42,116,2017-05-04,2017-06-21,2017,XAGUSD,35,4,-1012.4553484650363,-28.927295670429608,-124.11716272309178,677.7719321016951,0.104
42,116,2017-05-04,2017-06-21,2017,WTI,35,4,-1161.2696021897175,-33.17913149113478,79.29369724896736,1190.8799012934928,0.162
42,116,2017-05-04,2017-06-21,2017,UKOIL,35,4,-1398.1518097836295,-39.947194565246555,40.688602177093884,1219.1542110629061,0.122
42,116,2017-05-04,2017-06-21,2017,US500,35,0,203.69138258055426,5.819753788015836,5.703358712255517,203.81543734953206,0.486
42,116,2017-05-04,2017-06-21,2017,USTECH,35,0,291.1975826108793,8.319930931739409,1.1647903304435168,291.4868857960649,0.498
42,117,2017-05-29,2017-07-16,2017,EURUSD,35,2,263.08221537875556,7.516634725107302,-7.749581198190393,236.01426608223795,0.848
42,117,2017-05-29,2017-07-16,2017,GBPUSD,35,8,-213.1795689354367,-6.090844826726762,3.846752209128117,319.3296933289533,0.264
42,117,2017-05-29,2017-07-16,2017,AUDUSD,35,1,516.7963691841688,14.76561054811911,11.158506394169532,249.80073976865756,0.952
42,117,2017-05-29,2017-07-16,2017,USDJPY,35,4,-65.01334269163091,-1.8575240769037402,-9.496949031097873,282.9057347503695,0.412
42,117,2017-05-29,2017-07-16,2017,USDCHF,35,5,114.85096076822607,3.2814560219493165,-17.290188162433697,204.94342304513063,0.742
42,117,2017-05-29,2017-07-16,2017,USDCAD,35,0,607.4839087783024,17.356683107951497,36.449034526698135,606.9967523978027,0.47
42,117,2017-05-29,2017-07-16,2017,EURJPY,35,2,182.72813490297807,5.220803854370802,0.9459242412756983,400.3651448923876,0.558
42,117,2017-05-29,2017-07-16,2017,GBPJPY,35,2,155.65883789035587,4.447395368295882,34.01387177564341,402.4368671542851,0.532
42,117,2017-05-29,2017-07-16,2017,XAUUSD,35,2,79.24866193787057,2.264247483939159,-27.083326238699918,336.0959476200411,0.64
42,117,2017-05-29,2017-07-16,2017,XAGUSD,35,4,-195.3419447120273,-5.581198420343637,-106.75538446797101,708.0188075913458,0.446
42,117,2017-05-29,2017-07-16,2017,WTI,35,3,-502.999773980361,-14.3714221137246,-54.06705096974541,1145.9569703770617,0.358
42,117,2017-05-29,2017-07-16,2017,UKOIL,35,7,-680.217454013629,-19.4347844003894,-90.60041393975072,1014.6936065351698,0.3
42,117,2017-05-29,2017-07-16,2017,US500,35,2,-23.749145155116423,-0.6785470044318979,-1.1569031800924794,194.9969724645136,0.456
42,117,2017-05-29,2017-07-16,2017,USTECH,35,2,71.75936437921875,2.0502675536919646,-24.529015316653304,442.13984605864397,0.596
42,117,2017-05-29,2017-07-16,2017,BTCUSD,40,8,601.1283576814146,15.028208942035366,-1295.76105797006,2864.5732046291814,0.734
42,118,2017-06-22,2017-08-10,2017,EURUSD,36,1,483.374840128881,13.427078892468916,-0.4126049669909298,389.469703253522,0.804
42,118,2017-06-22,2017-08-10,2017,GBPUSD,36,3,-41.43602939489788,-1.151000816524941,-1.0458108836857973,322.0366066386061,0.458
42,118,2017-06-22,2017-08-10,2017,AUDUSD,36,0,417.97154478863234,11.61032068857312,-1.6718861791545319,418.38679720295573,0.502
42,118,2017-06-22,2017-08-10,2017,USDJPY,36,2,64.2508253956901,1.7847451498802807,1.4700941158294982,255.63184119185067,0.572
42,118,2017-06-22,2017-08-10,2017,USDCHF,36,5,88.88703089627782,2.469084191563273,-6.604304914328272,287.48969288715034,0.646
42,118,2017-06-22,2017-08-10,2017,USDCAD,36,0,448.2392549842352,12.451090416228755,3.5859140398738782,448.67380946956183,0.496
42,118,2017-06-22,2017-08-10,2017,EURJPY,36,3,287.69853049068774,7.991625846963548,-0.34004018536991043,409.944760223553,0.686
42,118,2017-06-22,2017-08-10,2017,GBPJPY,36,4,-113.77269136186175,-3.160352537829493,-19.991283937299617,368.6814465953263,0.396
42,118,2017-06-22,2017-08-10,2017,XAUUSD,36,3,-9.782611458179389,-0.2717392071716497,-13.006824537580378,406.50942310485044,0.49
42,118,2017-06-22,2017-08-10,2017,XAGUSD,36,1,51.79936903998896,1.4388713622219156,11.357242826101489,669.8786099068833,0.512
42,118,2017-06-22,2017-08-10,2017,WTI,36,1,46.22471727174903,1.2840199242152508,-3.4587523580918713,1072.3208237974914,0.518
42,118,2017-06-22,2017-08-10,2017,UKOIL,36,5,15.953154795996312,0.44314318877767533,-45.24457130933926,1051.5305521574658,0.516
42,118,2017-06-22,2017-08-10,2017,US500,36,2,-193.1900112236474,-5.366389200656872,9.142248166785533,240.9942581924425,0.21
42,118,2017-06-22,2017-08-10,2017,USTECH,36,2,-10.836279474018454,-0.30100776316717925,-21.803559780554814,583.2621355397615,0.504
42,118,2017-06-22,2017-08-10,2017,BTCUSD,42,10,-4604.366214639066,-109.62776701521587,-1658.178772654016,3840.4961941645224,0.226
42,119,2017-07-17,2017-09-05,2017,EURUSD,37,0,392.84152334797875,10.61733846886429,18.85639312070298,392.7816872162741,0.476
42,119,2017-07-17,2017-09-05,2017,GBPUSD,37,1,-94.59820778133744,-2.5567083184145254,4.122848924602989,208.93790782773414,0.374
42,119,2017-07-17,2017-09-05,2017,AUDUSD,37,6,-326.1940119291222,-8.816054376462763,-26.724046455257504,266.3061340024807,0.14
42,119,2017-07-17,2017-09-05,2017,USDJPY,37,3,113.6691868849104,3.0721401860786597,-12.295859899953117,208.36596161687189,0.736
42,119,2017-07-17,2017-09-05,2017,USDCHF,37,4,-250.20262459967722,-6.762233097288574,4.26763501121151,293.47836174907087,0.198
42,119,2017-07-17,2017-09-05,2017,USDCAD,37,6,-336.5752694240654,-9.09662890335312,18.791697448653977,261.7231749749681,0.088
42,119,2017-07-17,2017-09-05,2017,EURJPY,37,9,-522.6528384383787,-14.12575239022645,-5.9157526162894145,275.64240276229776,0.038
42,119,2017-07-17,2017-09-05,2017,GBPJPY,37,3,-180.65701147029338,-4.882621931629551,7.021490133091318,319.92205789895127,0.3
42,119,2017-07-17,2017-09-05,2017,XAUUSD,37,3,251.56542656618115,6.799065582869761,27.093657992726335,402.4118002929105,0.686
42,119,2017-07-17,2017-09-05,2017,XAGUSD,37,1,220.5506216648826,5.960827612564395,-31.18193946747144,539.333757545749,0.702
42,119,2017-07-17,2017-09-05,2017,WTI,37,3,-779.6384933660199,-21.071310631514052,-39.87720032802676,836.6633825667572,0.19
42,119,2017-07-17,2017-09-05,2017,UKOIL,37,4,220.9208743862192,5.970834442870789,-47.70059159931708,831.1923419771117,0.612
42,119,2017-07-17,2017-09-05,2017,US500,37,3,-162.35642106159784,-4.388011380043185,-21.649903689240823,194.83243241496683,0.258
42,119,2017-07-17,2017-09-05,2017,USTECH,37,4,-730.6971630803058,-19.7485719751434,-32.78092904192061,346.5512106273608,0.016
42,119,2017-07-17,2017-09-05,2017,BTCUSD,41,3,-297.60411368994664,-7.2586369192669915,-473.23566720655856,5109.605311210149,0.526
42,120,2017-08-11,2017-09-29,2017,EURUSD,36,1,109.33228717088824,3.0370079769691176,-6.236091698422479,200.95531803170257,0.682
42,120,2017-08-11,2017-09-29,2017,GBPUSD,36,2,267.6588634520872,7.434968429224644,46.08103567338489,418.95166120246375,0.636
42,120,2017-08-11,2017-09-29,2017,AUDUSD,36,7,-490.33535910642524,-13.620426641845146,-16.923532316560802,229.65333631677595,0.016
42,120,2017-08-11,2017-09-29,2017,USDJPY,36,3,60.19303535019136,1.6720287597275378,-18.29185477461316,301.42495435439196,0.61
42,120,2017-08-11,2017-09-29,2017,USDCHF,36,3,-477.9969713853015,-13.277693649591708,-16.232410292875286,226.86247821697543,0.016
42,120,2017-08-11,2017-09-29,2017,USDCAD,36,6,-343.67245248872695,-9.546457013575749,-24.45471312204651,340.28874831190547,0.2
42,120,2017-08-11,2017-09-29,2017,EURJPY,36,8,-211.00299053047388,-5.861194181402052,2.6324201350633474,319.69447436614945,0.236
42,120,2017-08-11,2017-09-29,2017,GBPJPY,36,1,580.0457254980962,16.112381263836006,40.25545607361347,633.2397785683249,0.638
42,120,2017-08-11,2017-09-29,2017,XAUUSD,36,1,401.43678463349,11.151021795374723,20.3667533814363,462.41977327269046,0.772
42,120,2017-08-11,2017-09-29,2017,XAGUSD,36,1,99.03728429516943,2.7510356748658173,-40.301733546406496,668.7035311083911,0.624
42,120,2017-08-11,2017-09-29,2017,WTI,36,6,-1083.8094080490607,-30.10581689025169,-73.35389832003736,762.1785325176306,0.088
42,120,2017-08-11,2017-09-29,2017,UKOIL,36,4,283.3458131233738,7.870717031204827,-27.312844283142713,841.7412854218989,0.636
42,120,2017-08-11,2017-09-29,2017,US500,36,4,102.07731478757937,2.835480966321649,-7.810280467533873,239.94759263381587,0.688
42,120,2017-08-11,2017-09-29,2017,USTECH,36,5,-722.9935147606653,-20.08315318779626,-50.49023522539445,359.5342503109095,0.038
42,120,2017-08-11,2017-09-29,2017,BTCUSD,41,3,1709.9123735327453,41.70517984226208,-270.51322539869017,2805.067582991986,0.748
42,121,2017-09-06,2017-10-25,2017,EURUSD,36,1,-28.11718387717189,-0.7810328854769969,9.961012302108188,150.8516908553196,0.4
42,121,2017-09-06,2017-10-25,2017,GBPUSD,36,4,-102.87022547928487,-2.8575062633134687,-12.027260584907038,403.63124431306875,0.408
42,121,2017-09-06,2017-10-25,2017,AUDUSD,36,1,48.793730860616066,1.3553814127948907,-17.86446256079262,257.3423086502077,0.638
42,121,2017-09-06,2017-10-25,2017,USDJPY,36,1,101.33077504768082,2.814743751324467,9.224570277284334,305.01587547979926,0.53
42,121,2017-09-06,2017-10-25,2017,USDCHF,36,1,-4.52241043128053,-0.12562251198001473,14.334311548871801,224.03233517364265,0.46
42,121,2017-09-06,2017-10-25,2017,USDCAD,36,1,180.8163953880735,5.022677649668708,-37.069694780412405,386.65459154074443,0.748
42,121,2017-09-06,2017-10-25,2017,EURJPY,36,3,202.23493613503936,5.617637114862204,-25.381518915057395,266.3889950393531,0.778
42,121,2017-09-06,2017-10-25,2017,GBPJPY,36,2,294.76783287878055,8.187995357743905,-3.46473153516799,673.3740463149237,0.59
42,121,2017-09-06,2017-10-25,2017,XAUUSD,36,1,-30.101701785413123,-0.8361583829281423,-25.300912618340373,378.332756263833,0.476
42,121,2017-09-06,2017-10-25,2017,XAGUSD,36,6,-1031.3999940725123,-28.649999835347565,-133.69879867015572,561.265733603922,0.048
42,121,2017-09-06,2017-10-25,2017,WTI,36,5,33.77945805012823,0.9383182791702285,-80.44404258794559,748.9479289390604,0.584
42,121,2017-09-06,2017-10-25,2017,UKOIL,36,1,572.7584289279727,15.909956359110351,-53.4000388968328,547.5616202633341,0.844
42,121,2017-09-06,2017-10-25,2017,US500,36,1,335.82526148882306,9.32847948580064,-4.691090703966872,277.72512111071285,0.816
42,121,2017-09-06,2017-10-25,2017,USTECH,36,2,38.38557181809275,1.0662658838359098,-3.823471027567027,253.7591463668264,0.538
42,121,2017-09-06,2017-10-25,2017,BTCUSD,42,6,881.448969912941,20.986880236022404,-620.5926146960343,3500.9407783309102,0.664
42,122,2017-10-02,2017-11-19,2017,EURUSD,35,4,-309.4324831348344,-8.840928089566697,0.6319951031898159,212.3301340987191,0.08
42,122,2017-10-02,2017-11-19,2017,GBPUSD,35,8,-525.8754197240614,-15.02501199211604,-0.47179781831551465,280.7738790308109,0.036
42,122,2017-10-02,2017-11-19,2017,AUDUSD,35,0,347.62116613249464,9.932033318071275,18.07630063888972,347.498536636425,0.474
42,122,2017-10-02,2017-11-19,2017,USDJPY,35,2,-86.35408300997797,-2.467259514570799,5.163313242795423,176.3267544566233,0.298
42,122,2017-10-02,2017-11-19,2017,USDCHF,35,0,215.04906063725014,6.144258875350004,-5.161177455294002,215.20242772337565,0.512
42,122,2017-10-02,2017-11-19,2017,USDCAD,35,1,239.06761928055164,6.830503408015761,-20.987242163301218,233.1278359780429,0.864
42,122,2017-10-02,2017-11-19,2017,EURJPY,35,7,-280.20180611741307,-8.005765889068945,-3.8706211635452927,235.1580963555978,0.124
42,122,2017-10-02,2017-11-19,2017,GBPJPY,35,4,-599.4786624174451,-17.127961783355573,20.472630097286245,259.71217819756464,0.01
42,122,2017-10-02,2017-11-19,2017,XAUUSD,35,4,-345.9047367455652,-9.88299247844472,-34.98420423025597,226.7271521928028,0.08
42,122,2017-10-02,2017-11-19,2017,XAGUSD,35,10,-878.9233006101288,-25.112094303146534,-243.49906275065567,509.2644335965504,0.104
42,122,2017-10-02,2017-11-19,2017,WTI,35,2,720.2641793367461,20.578976552478462,27.373369826282126,839.4379685282103,0.772
42,122,2017-10-02,2017-11-19,2017,UKOIL,35,2,634.7156901179377,18.134734003369648,11.64529881741501,866.951765853266,0.74
42,122,2017-10-02,2017-11-19,2017,US500,35,0,236.89181847704407,6.768337670772688,-4.73783636954088,237.08163566974127,0.51
42,122,2017-10-02,2017-11-19,2017,USTECH,35,1,539.6817010250373,15.419477172143925,12.365556454046816,409.4435715865664,0.864
42,122,2017-10-02,2017-11-19,2017,BTCUSD,42,3,5661.126552997826,134.7887274523292,-127.31880716479381,3639.5623826892156,0.952
42,123,2017-10-26,2017-12-13,2017,EURUSD,35,8,-620.5024086744606,-17.72864024784173,-17.880948356303843,233.59181988096796,0.004
42,123,2017-10-26,2017-12-13,2017,GBPUSD,35,5,-4.986049202076231,-0.14245854863074944,-3.565293614762045,248.68979059840896,0.486
42,123,2017-10-26,2017-12-13,2017,AUDUSD,35,0,98.70841027176283,2.820240293478938,-0.7896672821741024,98.80410510871899,0.504
42,123,2017-10-26,2017-12-13,2017,USDJPY,35,4,-387.750150931531,-11.078575740900884,-11.88867360132832,210.14321686749088,0.036
42,123,2017-10-26,2017-12-13,2017,USDCHF,35,4,-106.70417095280132,-3.0486905986514663,-9.082712428107321,180.90071391385487,0.298
42,123,2017-10-26,2017-12-13,2017,USDCAD,35,4,-444.2716944774043,-12.693476985068694,-8.099966009541403,198.5792076080402,0.018
42,123,2017-10-26,2017-12-13,2017,EURJPY,35,9,-538.4095410136308,-15.383129743246595,-25.304626413579594,253.4131399822728,0.016
42,123,2017-10-26,2017-12-13,2017,GBPJPY,35,5,-663.859773000778,-18.967422085736512,-11.135151891370084,267.61279879693205,0.006
42,123,2017-10-26,2017-12-13,2017,XAUUSD,35,10,-449.02568322656236,-12.82930523504464,-55.03224438267697,305.83644026677047,0.1
42,123,2017-10-26,2017-12-13,2017,XAGUSD,35,9,-453.6220795964127,-12.96063084561179,-206.45013420017057,601.2775273469479,0.362
42,123,2017-10-26,2017-12-13,2017,WTI,35,2,426.4008401867369,12.182881148192482,-41.625781452798535,795.8839743662154,0.686
42,123,2017-10-26,2017-12-13,2017,UKOIL,35,3,-27.48567234980601,-0.7853049242801717,-77.17523452569675,791.4740369738522,0.512
42,123,2017-10-26,2017-12-13,2017,US500,35,0,409.72419886856517,11.706405681959005,1.3642420526593924e-15,410.1345386798383,0.5
42,123,2017-10-26,2017-12-13,2017,USTECH,35,2,376.135105707593,10.746717305931229,-3.171733892459777,495.38628171506184,0.702
42,123,2017-10-26,2017-12-13,2017,BTCUSD,42,0,11379.794700974071,270.947492880335,637.2685032545479,11373.316180118407,0.472
42,124,2017-11-20,2018-01-08,2017,EURUSD,36,9,-221.85145506532342,-6.162540418481206,-16.97447080570929,212.37303533371863,0.164
42,124,2017-11-20,2018-01-08,2017,GBPUSD,36,2,126.82498494067369,3.522916248352047,2.1320424646897713,220.320255292497,0.682
42,124,2017-11-20,2018-01-08,2017,AUDUSD,36,1,186.4647009943379,5.179575027620498,-2.052161173483951,293.4798823743189,0.638
42,124,2017-11-20,2018-01-08,2017,USDJPY,36,7,-335.52961499074803,-9.320267083076335,-6.314414754297215,193.46174703199415,0.056
42,124,2017-11-20,2018-01-08,2017,USDCHF,36,9,-274.0518404419547,-7.612551123387631,-13.562817868995625,214.7581748201332,0.112
42,124,2017-11-20,2018-01-08,2017,USDCAD,36,5,-265.125871466992,-7.364607540749778,-29.954102993770356,278.6007190579936,0.184
42,124,2017-11-20,2018-01-08,2017,EURJPY,36,7,-166.4079238305663,-4.622442328626842,-16.490379529941187,215.80160658816396,0.23
42,124,2017-11-20,2018-01-08,2017,GBPJPY,36,4,-241.00995317218118,-6.694720921449477,-19.363903752078073,269.93960743348,0.222
42,124,2017-11-20,2018-01-08,2017,XAUUSD,36,7,-146.87550248923236,-4.079875069145343,-23.401525352126313,370.2899577321978,0.342
42,124,2017-11-20,2018-01-08,2017,XAGUSD,36,5,-402.818706290748,-11.189408508076333,-149.86821996503537,779.9635695412389,0.402
42,124,2017-11-20,2018-01-08,2017,WTI,36,4,356.418981635004,9.900527267639,-26.416751565514772,714.2979337254949,0.692
42,124,2017-11-20,2018-01-08,2017,UKOIL,34,2,66.96498311299142,1.9695583268526888,-11.121589242535808,676.7849988578823,0.528
42,124,2017-11-20,2018-01-08,2017,US500,34,0,635.5868373157248,18.693730509286024,-71.18572577936118,632.2203931108214,0.556
42,124,2017-11-20,2018-01-08,2017,USTECH,34,2,384.5129171845836,11.3092034466054,-13.589160820992639,486.69318174348086,0.756
42,124,2017-11-20,2018-01-08,2017,BTCUSD,42,3,4622.670663372933,110.06358722316506,-349.3855209129876,6129.210138247175,0.744
42,125,2017-12-14,2018-02-01,2017,EURUSD,36,5,539.6118439357292,14.989217887103589,-22.415903270357912,318.25874814791086,0.958
42,125,2017-12-14,2018-02-01,2017,GBPUSD,36,2,483.7011341078616,13.436142614107267,-9.850783395520654,404.627395998049,0.862
42,125,2017-12-14,2018-02-01,2017,AUDUSD,36,1,522.8343991898968,14.52317775527491,10.728315919727233,370.1167286806959,0.922
42,125,2017-12-14,2018-02-01,2017,USDJPY,36,5,201.29505227327144,5.591529229813095,-24.977018483966518,266.0695425743143,0.788
42,125,2017-12-14,2018-02-01,2017,USDCHF,36,5,366.20057266625395,10.172238129618165,-8.247015220200105,346.7007536223277,0.86
42,125,2017-12-14,2018-02-01,2017,USDCAD,36,1,281.5752868624241,7.821535746178447,19.771991449510633,267.0011182466374,0.79
42,125,2017-12-14,2018-02-01,2017,EURJPY,36,7,45.20218015497004,1.2556161154158343,4.8557440360535855,306.481018242355,0.54
42,125,2017-12-14,2018-02-01,2017,GBPJPY,36,4,37.24970430391815,1.0347140084421709,-3.6044939435223724,254.74112266420232,0.57
42,125,2017-12-14,2018-02-01,2017,XAUUSD,36,1,197.00025468510367,5.472229296808435,12.517523421167322,516.6973850142549,0.542
42,125,2017-12-14,2018-02-01,2017,XAGUSD,36,3,-416.11142456772984,-11.55865068243694,-83.78254952858325,585.6324731266103,0.338
42,125,2017-12-14,2018-02-01,2017,WTI,36,2,1376.079917213562,38.22444214482117,-2.4790534131435487,936.8408877274758,0.918
42,125,2017-12-14,2018-02-01,2017,UKOIL,34,0,1081.9139994940574,31.820999985119336,-30.293591985833604,1082.5729207972597,0.514
42,125,2017-12-14,2018-02-01,2017,US500,34,0,580.7264349673046,17.080189263744252,25.551963138561405,580.745055155682,0.478
42,125,2017-12-14,2018-02-01,2017,USTECH,34,0,765.553512830005,22.516279789117796,45.93321076980031,764.9395965220995,0.47
42,125,2017-12-14,2018-02-01,2017,BTCUSD,42,3,1587.7105462614427,37.80263205384387,3.6885409157272733,3614.1833412904502,0.662
42,126,2018-01-09,2018-02-26,2018,EURUSD,35,1,230.86209725612883,6.596059921603681,14.027883498452779,344.42117858854994,0.64
42,126,2018-01-09,2018-02-26,2018,GBPUSD,35,1,341.26699036691446,9.7504854390547,31.769254712000716,357.35585632041307,0.764
42,126,2018-01-09,2018-02-26,2018,AUDUSD,35,1,-80.22959221422548,-2.292274063263585,5.471670815888607,305.2203124825402,0.386
42,126,2018-01-09,2018-02-26,2018,USDJPY,35,0,546.825470387936,15.623584868226743,17.498415052413954,547.0927906478008,0.484
42,126,2018-01-09,2018-02-26,2018,USDCHF,35,1,459.9082711571695,13.140236318776271,41.50627012097446,440.1216251184665,0.74
42,126,2018-01-09,2018-02-26,2018,USDCAD,35,1,196.36098310558168,5.610313803016619,-3.0003252915844185,211.23174944285745,0.814
42,126,2018-01-09,2018-02-26,2018,EURJPY,35,7,-417.453076424468,-11.9272307549848,5.135914096909272,317.12201065712765,0.106
42,126,2018-01-09,2018-02-26,2018,GBPJPY,35,5,-514.9678434442014,-14.713366955548613,-15.10712606032053,376.115085884607,0.092
42,126,2018-01-09,2018-02-26,2018,XAUUSD,35,3,-411.80556575073086,-11.765873307163739,4.6851683228990435,302.63021107753866,0.084
42,126,2018-01-09,2018-02-26,2018,XAGUSD,35,3,-680.7858211483638,-19.451023461381823,-62.887426729439554,491.1727525610005,0.11
42,126,2018-01-09,2018-02-26,2018,WTI,35,1,-449.9447184649804,-12.855563384713726,-14.908843769237686,583.3607767018018,0.234
42,126,2018-01-09,2018-02-26,2018,UKOIL,35,1,-228.21324362495156,-6.52037838928433,-12.040999475825803,706.2297852040916,0.43
42,126,2018-01-09,2018-02-26,2018,US500,35,1,-880.7604815061406,-25.164585185889734,-5.840711892399966,506.1013987531242,0.02
42,126,2018-01-09,2018-02-26,2018,USTECH,35,1,-1022.8537509302633,-29.22439288372181,-19.217070170771905,540.5089232845115,0.026
42,126,2018-01-09,2018-02-26,2018,BTCUSD,42,3,4352.457475352923,103.62993988935531,-335.2817570969813,4515.406010998351,0.86
42,127,2018-02-02,2018-03-23,2018,EURUSD,36,5,-353.46434113924744,-9.818453920534651,-21.739443673763766,273.63274236470073,0.114
42,127,2018-02-02,2018-03-23,2018,GBPUSD,36,6,-104.50456988324868,-2.90290471897913,-26.01634443700379,312.20935692115984,0.432
42,127,2018-02-02,2018-03-23,2018,AUDUSD,36,3,-51.92196325096303,-1.4422767569711954,-21.844846025550115,293.7364435681799,0.48
42,127,2018-02-02,2018-03-23,2018,USDJPY,36,2,366.3045390828107,10.17512608563363,-17.106882068486307,315.8997820005132,0.856
42,127,2018-02-02,2018-03-23,2018,USDCHF,36,1,13.251222337526425,0.36808950937573404,-9.180643181156855,190.3058843495562,0.558
42,127,2018-02-02,2018-03-23,2018,USDCAD,36,1,238.02798925898907,6.6118885905274745,-5.3814655051483715,438.2430641296597,0.71
42,127,2018-02-02,2018-03-23,2018,EURJPY,36,3,-125.96234374634597,-3.4989539929540547,9.515961691041861,284.6901851995108,0.322
42,127,2018-02-02,2018-03-23,2018,GBPJPY,36,5,-571.2908229143928,-15.8691895253998,-24.714183837550664,391.71879863874705,0.1
42,127,2018-02-02,2018-03-23,2018,XAUUSD,36,8,-776.9359817444763,-21.581555048457673,-36.40710096399525,385.3344087188463,0.032
42,127,2018-02-02,2018-03-23,2018,XAGUSD,36,5,-816.7951468996356,-22.688754080545433,-100.90998097431375,554.3837493409791,0.106
42,127,2018-02-02,2018-03-23,2018,WTI,36,6,-1029.6537507034836,-28.60149307509677,-46.599309934038395,1077.4996328165694,0.194
42,127,2018-02-02,2018-03-23,2018,UKOIL,36,2,488.9156612238804,13.580990589552234,-26.36469884541996,766.0337673910317,0.738
42,127,2018-02-02,2018-03-23,2018,US500,36,5,-1063.2274900812738,-29.53409694670205,-29.85951320811081,712.285758971738,0.078
42,127,2018-02-02,2018-03-23,2018,USTECH,36,5,-1278.8365335235824,-35.52323704232173,-27.640961340888897,872.1209026345109,0.082
42,127,2018-02-02,2018-03-23,2018,BTCUSD,42,4,-980.5089283290948,-23.345450674502256,-345.0196243279247,3809.5713448442307,0.434
42,128,2018-02-27,2018-04-17,2018,EURUSD,36,7,-187.02991362408483,-5.195275378446801,-12.738988590128393,220.57969520475837,0.214
42,128,2018-02-27,2018-04-17,2018,GBPUSD,36,5,176.245782678708,4.8957161855196665,-16.734936802283762,265.63248498865346,0.758
42,128,2018-02-27,2018-04-17,2018,AUDUSD,36,3,195.88157512257646,5.441154864516013,4.747926184826002,254.31665936131276,0.776
42,128,2018-02-27,2018-04-17,2018,USDJPY,36,5,-150.79539354169017,-4.188760931713616,-26.808921522270122,219.2947610535856,0.296
42,128,2018-02-27,2018-04-17,2018,USDCHF,36,0,296.40467849084587,8.233463291412384,18.969899423414134,296.0932602824601,0.468
42,128,2018-02-27,2018-04-17,2018,USDCAD,36,1,470.60218914938696,13.072283031927416,15.030135692630939,410.64200144430407,0.848
42,128,2018-02-27,2018-04-17,2018,EURJPY,36,5,-125.63840872101248,-3.4899557978059024,10.996367202402356,239.24082105928062,0.28
42,128,2018-02-27,2018-04-17,2018,GBPJPY,36,3,-106.03287608329704,-2.9453576689804732,-1.3747797984673853,341.0616976857713,0.398
42,128,2018-02-27,2018-04-17,2018,XAUUSD,35,7,-105.38805211413475,-3.0110872032609928,-2.474835549010242,331.60014438147823,0.392
42,128,2018-02-27,2018-04-17,2018,XAGUSD,35,11,-1143.5796668889236,-32.67370476825496,-263.0764689873689,479.7876765387472,0.034
42,128,2018-02-27,2018-04-17,2018,WTI,35,5,156.54976491925103,4.472850426264316,7.0351268470041175,928.8796440192807,0.556
42,128,2018-02-27,2018-04-17,2018,UKOIL,35,1,1194.9795691189738,34.14227340339925,3.4465965484345245,927.9876144676965,0.838
42,128,2018-02-27,2018-04-17,2018,US500,35,4,-376.24146170083327,-10.749756048595236,23.007326359010396,607.1018843355197,0.274
42,128,2018-02-27,2018-04-17,2018,USTECH,35,4,-422.69358834938515,-12.07695966712529,37.39927946833325,803.8808228148399,0.302
42,128,2018-02-27,2018-04-17,2018,BTCUSD,42,1,-121.42870161735732,-2.8911595623180313,-140.35816192524274,3290.938273945824,0.528
42,129,2018-03-25,2018-05-11,2018,EURUSD,35,4,163.81763125027507,4.680503750007859,-5.226277720253397,273.8967014273279,0.7
42,129,2018-03-25,2018-05-11,2018,GBPUSD,35,1,359.00684729912507,10.257338494260717,24.439988781620166,412.83173815262967,0.69
42,129,2018-03-25,2018-05-11,2018,AUDUSD,35,2,-38.94110045817591,-1.1126028702335975,14.976113826133135,292.50765633657215,0.406
42,129,2018-03-25,2018-05-11,2018,USDJPY,35,3,-86.27393189304846,-2.4649694826585273,-13.460073708023922,262.5944279988713,0.38
42,129,2018-03-25,2018-05-11,2018,USDCHF,35,0,547.0410660748394,15.62974474499541,19.693478378694216,547.2339764045246,0.482
42,129,2018-03-25,2018-05-11,2018,USDCAD,35,4,-4.762557590433996,-0.13607307401239987,-7.072113450269899,273.31003219776954,0.496
42,129,2018-03-25,2018-05-11,2018,EURJPY,35,6,-421.91535975023504,-12.05472456429243,-8.429270343533455,265.9045858140142,0.052
42,129,2018-03-25,2018-05-11,2018,GBPJPY,35,2,-105.14883153876826,-3.004252329679093,3.9904114110218707,329.93174856655276,0.386
42,129,2018-03-25,2018-05-11,2018,XAUUSD,34,3,-90.85659722090844,-2.6722528594384833,1.440705612713442,274.2494462200318,0.374
42,129,2018-03-25,2018-05-11,2018,XAGUSD,34,11,-1284.1905222924333,-37.770309479189216,-221.22240630641224,545.1799381979025,0.018
42,129,2018-03-25,2018-05-11,2018,WTI,34,0,715.880460864341,21.055307672480616,-8.590565530372086,716.5458200671615,0.506
42,129,2018-03-25,2018-05-11,2018,UKOIL,34,0,934.4936583515239,27.48510759857423,-52.33164486768535,933.9616508053247,0.528
42,129,2018-03-25,2018-05-11,2018,US500,34,5,-497.08242977669835,-14.62007146402054,-13.834697174942056,449.24651991756485,0.142
42,129,2018-03-25,2018-05-11,2018,USTECH,34,3,-46.7370453865628,-1.3746189819577292,-71.25795119294054,614.4231985517902,0.502
42,129,2018-03-25,2018-05-11,2018,BTCUSD,42,1,682.2864985524865,16.24491663220206,-128.84886193142057,2817.6803301608647,0.572
42,130,2018-04-18,2018-06-05,2018,EURUSD,35,1,389.2260918499645,11.120745481427557,-10.66013832058436,422.51028101170454,0.772
42,130,2018-04-18,2018-06-05,2018,GBPUSD,35,1,339.49330697862126,9.69980877081775,51.561886264397394,518.5078836981895,0.566
42,130,2018-04-18,2018-06-05,2018,AUDUSD,35,4,62.74261634098461,1.7926461811709888,4.220574325775029,296.44044557846524,0.592
42,130,2018-04-18,2018-06-05,2018,USDJPY,35,2,60.68316975763711,1.733804850218203,-9.998249941425348,264.61673666731315,0.6
42,130,2018-04-18,2018-06-05,2018,USDCHF,35,1,311.4749097323717,8.89928313521062,-13.11760182650853,377.69685673214303,0.72
42,130,2018-04-18,2018-06-05,2018,USDCAD,35,5,-366.93767935789475,-10.48393369593985,-17.88761187516064,252.83403423690643,0.08
42,130,2018-04-18,2018-06-05,2018,EURJPY,35,1,21.776814774564833,0.6221947078447095,-18.162256298302303,318.11823402427245,0.56
42,130,2018-04-18,2018-06-05,2018,GBPJPY,35,1,-82.28262801425748,-2.350932228978785,-6.746078966743814,383.3803282636883,0.458
42,130,2018-04-18,2018-06-05,2018,XAUUSD,35,1,40.64338120911747,1.1612394631176421,-17.5938243734162,288.6133429511474,0.57
42,130,2018-04-18,2018-06-05,2018,XAGUSD,35,9,-844.7083130888581,-24.13452323111023,-251.33943355965,520.2353197661105,0.128
42,130,2018-04-18,2018-06-05,2018,WTI,35,3,123.72048914762931,3.5348711185036947,-101.77931176572486,931.8708969049609,0.596
42,130,2018-04-18,2018-06-05,2018,UKOIL,35,1,579.0640511853932,16.544687176725517,41.960247017378514,947.3224895000358,0.714
42,130,2018-04-18,2018-06-05,2018,US500,35,5,49.767316839056605,1.4219233382587602,17.94125203956409,368.16250548766897,0.536
42,130,2018-04-18,2018-06-05,2018,USTECH,35,3,771.2860102297266,22.036743149420758,13.974117121814182,626.8724483068281,0.86
42,130,2018-04-18,2018-06-05,2018,BTCUSD,42,2,1076.9521462308444,25.641717767401058,-168.52584550323954,2496.4909837465666,0.704
42,131,2018-05-13,2018-06-29,2018,EURUSD,35,2,46.971149672961516,1.3420328477989005,12.61002678031062,219.467749753317,0.534
42,131,2018-05-13,2018-06-29,2018,GBPUSD,35,0,248.8395873031934,7.109702494376955,2.9860750476383218,249.07086573372683,0.494
42,131,2018-05-13,2018-06-29,2018,AUDUSD,35,4,-105.80389615552946,-3.0229684615865557,-16.704159274495957,322.90186586855344,0.414
42,131,2018-05-13,2018-06-29,2018,USDJPY,35,4,-115.28180199378485,-3.293765771250996,-22.261444819252638,240.03719128268634,0.348
42,131,2018-05-13,2018-06-29,2018,USDCHF,35,4,-249.14192470604866,-7.118340705887104,-6.2937490189677545,178.3614670428256,0.084
42,131,2018-05-13,2018-06-29,2018,USDCAD,35,4,78.83571769632263,2.2524490770377894,-4.90630143565681,269.5375726447114,0.614
42,131,2018-05-13,2018-06-29,2018,EURJPY,35,1,259.26357439512896,7.4075306970036845,-11.920233598557433,287.2614037920616,0.776
42,131,2018-05-13,2018-06-29,2018,GBPJPY,35,4,-69.03471168365313,-1.9724203338186608,-16.617472181334275,359.937749325778,0.444
42,131,2018-05-13,2018-06-29,2018,XAUUSD,35,2,251.56264607449094,7.187504173556884,17.049231388102893,386.92520002179396,0.696
42,131,2018-05-13,2018-06-29,2018,XAGUSD,35,7,-328.71161973298615,-9.391760563799604,-150.3486164102435,529.1404142571847,0.372
42,131,2018-05-13,2018-06-29,2018,WTI,35,4,-348.8880287096497,-9.968229391704277,-31.363392351079323,1384.6197268248652,0.422
42,131,2018-05-13,2018-06-29,2018,UKOIL,35,4,-164.0734765065416,-4.687813614472617,-29.04438596477677,889.953599452933,0.416
42,131,2018-05-13,2018-06-29,2018,US500,35,4,-199.02145230278495,-5.686327208650998,-7.13958200105079,295.1773704993575,0.268
42,131,2018-05-13,2018-06-29,2018,USTECH,35,0,150.8317232200507,4.309477806287163,3.016634464401014,150.95258199202254,0.49
42,131,2018-05-13,2018-06-29,2018,BTCUSD,42,1,3364.849445332253,80.11546298410126,-158.13698208287659,2115.954541060352,0.938
42,132,2018-06-06,2018-07-24,2018,EURUSD,35,6,-161.34676487672084,-4.609907567906309,-20.5734676009955,230.74297021385598,0.3
42,132,2018-06-06,2018-07-24,2018,GBPUSD,35,0,190.25432674114603,5.435837906889887,8.371190376610427,190.26042698248213,0.478
42,132,2018-06-06,2018-07-24,2018,AUDUSD,35,5,-366.3056318695692,-10.465875196273405,-28.94852358945581,302.2585210719337,0.158
42,132,2018-06-06,2018-07-24,2018,USDJPY,35,2,98.86479499764204,2.8247084285040582,0.5549863398291136,190.5211506618301,0.698
42,132,2018-06-06,2018-07-24,2018,USDCHF,35,3,-183.68710763146868,-5.248203075184819,-10.832837540455909,159.49749869719145,0.152
42,132,2018-06-06,2018-07-24,2018,USDCAD,35,3,152.05969990980853,4.344562854565958,9.85010834216148,254.59803704480387,0.696
42,132,2018-06-06,2018-07-24,2018,EURJPY,35,3,32.87928032868172,0.9394080093909064,5.675755121770653,251.58006325213586,0.532
42,132,2018-06-06,2018-07-24,2018,GBPJPY,35,5,-344.55614569675066,-9.844461305621447,10.526882694985838,254.92799288565138,0.088
42,132,2018-06-06,2018-07-24,2018,XAUUSD,35,2,311.39070681115953,8.896877337461701,1.2427633737151627,368.5282328033618,0.76
42,132,2018-06-06,2018-07-24,2018,XAGUSD,35,2,366.23940629482746,10.46398303699507,-67.35024237287884,493.9273439884606,0.81
42,132,2018-06-06,2018-07-24,2018,WTI,35,2,-842.6368089887694,-24.075337399679125,11.844132774964438,1236.4453286794355,0.278
42,132,2018-06-06,2018-07-24,2018,UKOIL,35,6,-1394.9667792279429,-39.85619369222694,-54.192359491109805,923.5711162970829,0.076
42,132,2018-06-06,2018-07-24,2018,US500,35,8,-459.3652388798988,-13.124721110854251,-41.6112212750053,308.68769552128686,0.088
42,132,2018-06-06,2018-07-24,2018,USTECH,35,2,-141.3775505463185,-4.039358587037672,6.529464620705341,484.8601073609104,0.392
42,132,2018-06-06,2018-07-24,2018,BTCUSD,42,3,2323.1346013927287,55.31272860458878,-363.35629865476966,3237.543048124264,0.766
42,133,2018-07-01,2018-08-17,2018,EURUSD,35,8,-82.79647319378361,-2.365613519822389,-21.208024378968112,224.8166567123094,0.402
42,133,2018-07-01,2018-08-17,2018,GBPUSD,35,2,191.85250343337893,5.481500098096541,10.944523694730382,267.61957282429756,0.69
42,133,2018-07-01,2018-08-17,2018,AUDUSD,35,10,-446.86857026402816,-12.767673436115091,-2.9906266511450315,291.6408802266052,0.062
42,133,2018-07-01,2018-08-17,2018,USDJPY,35,1,59.36046223354457,1.6960132066727018,-7.641219634158583,185.28200708023056,0.704
42,133,2018-07-01,2018-08-17,2018,USDCHF,35,5,-203.54687612336792,-5.815625032096226,-8.308944424421153,127.50155915455304,0.066
42,133,2018-07-01,2018-08-17,2018,USDCAD,35,1,83.78079972851167,2.3937371351003334,-4.569079024787718,102.16776672063659,0.764
42,133,2018-07-01,2018-08-17,2018,EURJPY,35,3,-19.66472159798925,-0.5618491885139786,9.573235436801776,305.8442165096561,0.464
42,133,2018-07-01,2018-08-17,2018,GBPJPY,35,4,-35.52410611927322,-1.0149744605506634,-5.9763667847588895,316.05682349252817,0.46
42,133,2018-07-01,2018-08-17,2018,XAUUSD,35,0,550.2236035215101,15.72067438632886,11.004472070430202,550.6644878899431,0.49
42,133,2018-07-01,2018-08-17,2018,XAGUSD,35,0,821.0267962678286,23.4579084647951,-13.136428740285254,821.7438532477544,0.508
42,133,2018-07-01,2018-08-17,2018,WTI,35,1,-566.9477778812775,-16.19850793946507,-53.57668636482497,756.9437800109117,0.284
42,133,2018-07-01,2018-08-17,2018,UKOIL,35,5,-1719.6341825934946,-49.13240521695699,-41.232113442427305,762.6887144239327,0.006
42,133,2018-07-01,2018-08-17,2018,US500,35,4,-59.61370561304038,-1.7032487318011538,-1.9330875751176508,323.99444233279394,0.43
42,133,2018-07-01,2018-08-17,2018,USTECH,35,3,-51.72189508924027,-1.4777684311211505,27.167925086297757,486.52873722384754,0.426
42,133,2018-07-01,2018-08-17,2018,BTCUSD,42,4,-3321.1869479288866,-79.07587971259254,-244.55061452295584,3010.4692012329456,0.174
42,134,2018-07-25,2018-09-11,2018,EURUSD,35,7,-444.52774316258865,-12.700792661788247,-6.231445435891881,286.4532799122278,0.056
42,134,2018-07-25,2018-09-11,2018,GBPUSD,35,3,96.39040948204705,2.7540116994870587,-26.5981444100738,307.2251007677269,0.648
42,134,2018-07-25,2018-09-11,2018,AUDUSD,35,6,70.92877774836282,2.0265365070960804,10.28180219617115,333.92537628337635,0.576
42,134,2018-07-25,2018-09-11,2018,USDJPY,35,8,-329.67153373528294,-9.419186678150941,-4.5110707184077885,185.27423131639804,0.034
42,134,2018-07-25,2018-09-11,2018,USDCHF,35,7,-117.00990114253904,-3.3431400326439724,-6.624957090117689,201.09123200558858,0.298
42,134,2018-07-25,2018-09-11,2018,USDCAD,35,3,-23.787092999090213,-0.6796312285454347,-18.456109680984483,191.10957462038945,0.49
42,134,2018-07-25,2018-09-11,2018,EURJPY,35,4,-451.630432962559,-12.903726656073113,-4.510117973604883,351.7560281147745,0.118
42,134,2018-07-25,2018-09-11,2018,GBPJPY,35,4,65.43850903847895,1.8696716868136845,21.463593115863603,340.66080458350814,0.538
42,134,2018-07-25,2018-09-11,2018,XAUUSD,35,1,253.30956910809905,7.237416260231401,-5.126646100537373,256.1553692501717,0.844
42,134,2018-07-25,2018-09-11,2018,XAGUSD,35,0,900.7451974013837,25.735577068610965,7.205961579211077,901.6184427972628,0.496
42,134,2018-07-25,2018-09-11,2018,WTI,35,1,184.75435256346395,5.278695787527542,38.00091866368514,530.961094152055,0.62
42,134,2018-07-25,2018-09-11,2018,UKOIL,35,3,-174.8732808479864,-4.996379452799611,22.834509273770422,788.4950431920049,0.428
42,134,2018-07-25,2018-09-11,2018,US500,35,0,256.8092415461553,7.337406901318723,-24.653687188430908,255.87913262427563,0.548
42,134,2018-07-25,2018-09-11,2018,USTECH,35,8,-238.09448502341246,-6.802699572097499,-21.226692683884014,455.35554523366415,0.322
42,134,2018-07-25,2018-09-11,2018,BTCUSD,42,3,-5592.944883669536,-133.16535437308417,-179.31555331961408,2372.6653455378987,0.0
42,135,2018-08-19,2018-10-05,2018,EURUSD,35,6,-301.68977090015915,-8.619707740004547,-16.545090172716016,253.94617725933347,0.122
42,135,2018-08-19,2018-10-05,2018,GBPUSD,35,1,22.739406071789944,0.6496973163368556,-3.8244485662817387,216.53768494018485,0.528
42,135,2018-08-19,2018-10-05,2018,AUDUSD,35,4,6.847359876997459,0.1956388536284988,5.56969675223082,376.0388478277578,0.484
42,135,2018-08-19,2018-10-05,2018,USDJPY,35,7,-149.4562467405762,-4.270178478302177,18.329327658377288,196.75670122372017,0.22
42,135,2018-08-19,2018-10-05,2018,USDCHF,35,3,230.25153916023498,6.578615404578143,-33.8346215102773,362.239518370944,0.742
42,135,2018-08-19,2018-10-05,2018,USDCAD,35,8,-314.3581839842102,-8.981662399548863,-26.97284759949499,260.0978569415949,0.142
42,135,2018-08-19,2018-10-05,2018,EURJPY,35,3,-407.3284862741082,-11.637956750688804,7.579230689890011,352.2975774306784,0.142
42,135,2018-08-19,2018-10-05,2018,GBPJPY,35,1,138.66718345492308,3.9619195272835164,-11.861400319824021,347.0507608641429,0.594
42,135,2018-08-19,2018-10-05,2018,XAUUSD,35,4,-207.02298874882487,-5.91494253568071,-18.986450156331752,252.85941359668783,0.232
42,135,2018-08-19,2018-10-05,2018,XAGUSD,35,1,50.47739638301361,1.4422113252289603,-11.211442397104628,487.46408912308925,0.542
42,135,2018-08-19,2018-10-05,2018,WTI,35,1,426.97796567537205,12.199370447867773,-93.946132478332,746.319975546286,0.792
42,135,2018-08-19,2018-10-05,2018,UKOIL,35,1,737.5696376094111,21.073418217411746,-24.881415692056414,955.3432573808901,0.802
42,135,2018-08-19,2018-10-05,2018,US500,35,2,78.27952757067986,2.236557930590853,-0.23465591148861495,180.01339011799092,0.626
42,135,2018-08-19,2018-10-05,2018,USTECH,35,9,-460.98459625030085,-13.170988464294311,-70.2114233053349,505.3523374474156,0.218
42,135,2018-08-19,2018-10-05,2018,BTCUSD,42,5,-2584.2083414817325,-61.528770035279344,-302.3541091956345,1574.838770503836,0.08
42,136,2018-09-12,2018-10-30,2018,EURUSD,35,3,239.4722097860498,6.84206313674428,20.53637534906076,264.1575714809556,0.778
42,136,2018-09-12,2018-10-30,2018,GBPUSD,35,1,372.16063363180683,10.633160960908766,2.236031757837308,364.60792297217876,0.76
42,136,2018-09-12,2018-10-30,2018,AUDUSD,35,6,-499.4454451479911,-14.269869861371175,-14.88744367222448,291.2169922272545,0.05
42,136,2018-09-12,2018-10-30,2018,USDJPY,35,1,-26.940094517115654,-0.7697169862033044,7.964539519828671,139.8918311196657,0.384
42,136,2018-09-12,2018-10-30,2018,USDCHF,35,1,241.6036016349202,6.902960046712006,1.360177828732686,308.1023397797305,0.8
42,136,2018-09-12,2018-10-30,2018,USDCAD,35,8,-270.29146410935834,-7.722613260267381,-25.56387281372158,232.32035995102973,0.156
42,136,2018-09-12,2018-10-30,2018,EURJPY,35,1,62.80311383913488,1.7943746811181394,-28.544143198070103,323.21934411736845,0.578
42,136,2018-09-12,2018-10-30,2018,GBPJPY,35,1,421.624935585935,12.046426731026715,-21.547244698848704,421.9798604460854,0.734
42,136,2018-09-12,2018-10-30,2018,XAUUSD,35,6,-488.4040349376965,-13.954400998219901,-28.1315915841079,312.5694093617166,0.058
42,136,2018-09-12,2018-10-30,2018,XAGUSD,35,2,-480.110173018449,-13.717433514812829,-46.08878914495562,315.16781844866887,0.08
42,136,2018-09-12,2018-10-30,2018,WTI,35,1,518.5369004437173,14.815340012677638,-30.903427960452056,1086.8251334484505,0.678
42,136,2018-09-12,2018-10-30,2018,UKOIL,35,1,611.3019178120192,17.465769080343403,-34.53812721523531,912.9003650150687,0.742
42,136,2018-09-12,2018-10-30,2018,US500,35,3,602.303561600849,17.208673188595686,-1.212651221037202,635.3052172760529,0.768
42,136,2018-09-12,2018-10-30,2018,USTECH,35,3,482.903137069887,13.797232487711057,-23.45164789460392,802.604356037601,0.728
42,136,2018-09-12,2018-10-30,2018,BTCUSD,42,4,-949.3524587921565,-22.603629971241823,-261.36793409856193,694.5123231311734,0.168
42,137,2018-10-07,2018-11-23,2018,EURUSD,35,1,36.42317149334055,1.0406620426668727,0.08724061410035802,154.37681827405325,0.556
42,137,2018-10-07,2018-11-23,2018,GBPUSD,35,2,96.17234259347771,2.747781216956506,-8.530152772658528,288.57214535517375,0.678
42,137,2018-10-07,2018-11-23,2018,AUDUSD,35,3,-345.42918130852485,-9.869405180243566,-21.817136353076418,270.7556523177466,0.136
42,137,2018-10-07,2018-11-23,2018,USDJPY,35,4,-305.903487529374,-8.7400996436964,-0.4783136617258506,182.21337290905353,0.062
42,137,2018-10-07,2018-11-23,2018,USDCHF,35,1,-21.037466474428953,-0.60107047069797,3.6242981559873004,155.07388475675182,0.394
42,137,2018-10-07,2018-11-23,2018,USDCAD,35,3,39.73813313391252,1.1353752323975006,5.522870306500448,149.85216635604087,0.602
42,137,2018-10-07,2018-11-23,2018,EURJPY,35,6,-172.79884814029663,-4.937109946865618,-1.6670599663229326,247.5587423539395,0.252
42,137,2018-10-07,2018-11-23,2018,GBPJPY,35,4,-287.49859264294025,-8.214245504084007,0.34138812554544345,425.12098450826966,0.244
42,137,2018-10-07,2018-11-23,2018,XAUUSD,35,6,-628.8965514761834,-17.968472899319526,-24.2313147805729,353.6670928017836,0.05
42,137,2018-10-07,2018-11-23,2018,XAGUSD,35,3,-437.6721380890696,-12.504918231116275,-54.05778784731483,427.772916609155,0.196
42,137,2018-10-07,2018-11-23,2018,WTI,35,1,2574.6928592819795,73.56265312234227,-87.4671262708075,2185.638407673707,0.872
42,137,2018-10-07,2018-11-23,2018,UKOIL,35,1,2467.6063934318163,70.5030398123376,-19.961185424599197,1977.7964157649315,0.848
42,137,2018-10-07,2018-11-23,2018,US500,35,3,254.55006478282831,7.2728589937950945,32.13513602775481,687.1755175609495,0.648
42,137,2018-10-07,2018-11-23,2018,USTECH,35,3,714.7327880119079,20.420936800340225,-8.466323392405602,862.4700146699807,0.782
42,137,2018-10-07,2018-11-23,2018,BTCUSD,42,3,2795.0522432853963,66.54886293536659,-348.1270540404967,3165.5489873083125,0.706
42,138,2018-10-31,2018-12-18,2018,EURUSD,35,6,-239.50003341461434,-6.842858097560409,-1.2641220333283696,205.2517856428737,0.122
42,138,2018-10-31,2018-12-18,2018,GBPUSD,35,4,-132.63022303324323,-3.7894349438069495,-19.63181191766174,364.4167510029375,0.388
42,138,2018-10-31,2018-12-18,2018,AUDUSD,35,4,87.47825768949387,2.4993787911283962,-16.44036628336021,293.3622728842108,0.668
42,138,2018-10-31,2018-12-18,2018,USDJPY,35,5,-292.3862297338963,-8.353892278111323,0.3920649213852687,159.10163916652303,0.03
42,138,2018-10-31,2018-12-18,2018,USDCHF,35,1,-113.57215713067968,-3.244918775162277,-2.452464507968956,115.37822772127863,0.224
42,138,2018-10-31,2018-12-18,2018,USDCAD,35,0,257.8078252654426,7.365937864726932,-23.718319924420722,256.97156425903484,0.546
42,138,2018-10-31,2018-12-18,2018,EURJPY,35,10,-196.582964753155,-5.616656135804429,2.091774279381285,218.31198076342403,0.178
42,138,2018-10-31,2018-12-18,2018,GBPJPY,35,4,-237.08548390623565,-6.77387096874959,-74.09693575274005,390.73593745141415,0.348
42,138,2018-10-31,2018-12-18,2018,XAUUSD,35,6,-149.9149615295402,-4.28328461512972,-19.27713308345262,289.54206268261174,0.328
42,138,2018-10-31,2018-12-18,2018,XAGUSD,35,5,-479.89991453491604,-13.711426129569029,-161.52462194633915,498.4869506371054,0.28
42,138,2018-10-31,2018-12-18,2018,WTI,35,0,3403.5270258971937,97.24362931134839,272.2821620717755,3396.0159730496757,0.46
42,138,2018-10-31,2018-12-18,2018,UKOIL,35,0,2929.5020376999737,83.70005821999925,0.0,2932.435941327325,0.5
42,138,2018-10-31,2018-12-18,2018,US500,35,6,-121.38167294822863,-3.468047798520818,-46.01857912134412,745.026468285808,0.466
42,138,2018-10-31,2018-12-18,2018,USTECH,35,6,-764.5119356187604,-21.843198160536012,-5.997879206545559,978.8240898390128,0.222
42,138,2018-10-31,2018-12-18,2018,BTCUSD,42,2,4691.671878923821,111.70647330771003,-182.5907011371149,4100.525021139588,0.864
42,139,2018-11-25,2019-01-11,2018,EURUSD,35,12,-441.64491945864944,-12.618426270247127,-28.576327884296237,251.1598971431785,0.036
42,139,2018-11-25,2019-01-11,2018,GBPUSD,35,6,-378.8079148194022,-10.823083280554348,-18.028537894582303,249.86933738741573,0.078
42,139,2018-11-25,2019-01-11,2018,AUDUSD,35,3,167.185599698623,4.776731419960657,12.33399626295224,365.29821318639995,0.668
42,139,2018-11-25,2019-01-11,2018,USDJPY,35,3,158.3713060141605,4.524894457547442,-2.823085861572576,328.106415732716,0.672
42,139,2018-11-25,2019-01-11,2018,USDCHF,35,2,-24.499760235071953,-0.6999931495734844,-5.82854048156547,130.0790778124237,0.418
42,139,2018-11-25,2019-01-11,2018,USDCAD,35,1,74.72181850883734,2.1349091002524956,-7.40327957330344,312.66750927328087,0.67
42,139,2018-11-25,2019-01-11,2018,EURJPY,35,5,188.95727459923947,5.398779274263985,-7.239945181501867,334.36576390384005,0.732
42,139,2018-11-25,2019-01-11,2018,GBPJPY,35,1,415.6796323007035,11.876560922877243,-9.247634942820682,391.47298531774385,0.852
42,139,2018-11-25,2019-01-11,2018,XAUUSD,35,3,419.94721731474164,11.998491923278332,-18.94237802234326,320.0986997844025,0.898
42,139,2018-11-25,2019-01-11,2018,XAGUSD,35,3,491.1217675847885,14.032050502422528,-45.11154648429748,620.4697405924284,0.764
42,139,2018-11-25,2019-01-11,2018,WTI,35,2,-357.48100672504916,-10.21374304928712,72.61543726738616,1982.0968751763771,0.41
42,139,2018-11-25,2019-01-11,2018,UKOIL,33,1,-628.1613492715194,-19.035192402167254,-75.36990767932691,1212.8594678949187,0.214
42,139,2018-11-25,2019-01-11,2018,US500,35,4,41.44235157246115,1.1840671877846043,52.77089497732907,1144.8134963219545,0.496
42,139,2018-11-25,2019-01-11,2018,USTECH,35,4,-946.5946584952302,-27.04556167129229,-3.9874184415648197,1311.4151901876671,0.226
42,139,2018-11-25,2019-01-11,2018,BTCUSD,42,6,-3428.3363127464304,-81.6270550653912,-591.7664698323498,3254.436623760347,0.19
42,140,2018-12-19,2019-02-05,2018,EURUSD,35,12,-620.6029490538565,-17.731512830110187,-40.92765245578643,241.63076776806008,0.004
42,140,2018-12-19,2019-02-05,2018,GBPUSD,35,3,-347.55396659516276,-9.930113331290364,-13.613086959544239,276.32893592075504,0.124
42,140,2018-12-19,2019-02-05,2018,AUDUSD,35,1,-0.6493432740628364,-0.018552664973223897,1.706965145566317,311.1352700121615,0.49
42,140,2018-12-19,2019-02-05,2018,USDJPY,35,2,399.88560076436363,11.425302878981817,-18.71735125692095,284.9526956418646,0.92
42,140,2018-12-19,2019-02-05,2018,USDCHF,35,3,-112.18903644913539,-3.205401041403868,-4.908738040159642,194.87774923686962,0.312
42,140,2018-12-19,2019-02-05,2018,USDCAD,35,1,8.598656622934705,0.24567590351242014,8.091475279256445,274.6612051127457,0.516
42,140,2018-12-19,2019-02-05,2018,EURJPY,35,1,236.13156679650692,6.746616194185912,8.954992643301726,323.3890570615205,0.672
42,140,2018-12-19,2019-02-05,2018,GBPJPY,35,1,89.46552050767852,2.556157728790815,9.04292782050011,363.39507995771396,0.56
42,140,2018-12-19,2019-02-05,2018,XAUUSD,35,0,516.3370837889191,14.752488108254832,-8.2613933406227,516.7880350996539,0.508
42,140,2018-12-19,2019-02-05,2018,XAGUSD,35,0,811.9258509443762,23.197881455553606,-16.238517018887528,812.576432660095,0.51
42,140,2018-12-19,2019-02-05,2018,WTI,35,3,-639.7482623342776,-18.27852178097936,-26.411878747489087,1485.6996986337986,0.37
42,140,2018-12-19,2019-02-05,2018,UKOIL,33,3,-1318.500061658428,-39.95454732298266,-5.029216945815329,1315.0628588077586,0.166
42,140,2018-12-19,2019-02-05,2018,US500,35,1,369.37569203478364,10.553591200993818,-32.41279624164408,932.7066126347703,0.692
42,140,2018-12-19,2019-02-05,2018,USTECH,35,1,353.01606251475744,10.086173214707355,11.431563516715048,1147.3800834429967,0.65
42,140,2018-12-19,2019-02-05,2018,BTCUSD,42,6,-4033.9073484842615,-96.04541305914908,-613.7550974467197,1635.252079394148,0.018
42,141,2019-01-13,2019-03-01,2019,EURUSD,35,7,-283.65511788783493,-8.104431939652427,-7.480300753641581,174.0361472897366,0.046
42,141,2019-01-13,2019-03-01,2019,GBPUSD,35,6,-146.22716006292637,-4.177918858940753,-21.96379082415824,303.48673437111336,0.348
42,141,2019-01-13,2019-03-01,2019,AUDUSD,35,6,-298.640065862869,-8.532573310367686,-22.89850972510843,322.1408735664354,0.198
42,141,2019-01-13,2019-03-01,2019,USDJPY,35,1,222.6474266338773,6.361355046682209,-14.051916404349827,147.83567044630098,0.954
42,141,2019-01-13,2019-03-01,2019,USDCHF,35,1,-54.57607542387879,-1.5593164406822513,2.919482271177636,179.00039758968745,0.432
42,141,2019-01-13,2019-03-01,2019,USDCAD,35,5,195.68270777201377,5.590934507771822,-15.445881060239676,212.6239319488117,0.822
42,141,2019-01-13,2019-03-01,2019,EURJPY,35,3,90.73913383679947,2.5925466810514135,-16.36162724218895,169.76856153254167,0.712
42,141,2019-01-13,2019-03-01,2019,GBPJPY,35,5,-59.43512580792809,-1.6981464516550882,-6.167982075591276,346.31595772439476,0.446
42,141,2019-01-13,2019-03-01,2019,XAUUSD,35,1,367.92322893224775,10.51209225520708,-31.695140608985014,384.837831879746,0.836
42,141,2019-01-13,2019-03-01,2019,XAGUSD,35,3,327.9024613435068,9.368641752671623,-69.05892052327928,551.0112631971174,0.748
42,141,2019-01-13,2019-03-01,2019,WTI,35,1,808.5109410410056,23.100312601171588,-23.096049590762807,718.5752439578628,0.844
42,141,2019-01-13,2019-03-01,2019,UKOIL,35,2,285.36488717219686,8.153282490634195,4.30318522778672,742.5255864853428,0.614
42,141,2019-01-13,2019-03-01,2019,US500,35,1,874.9886485066506,24.99967567161859,-23.096579024106717,493.18314731247915,0.992
42,141,2019-01-13,2019-03-01,2019,USTECH,35,1,811.3794708190596,23.182270594830275,-5.290339463572092,525.8458584175568,0.968
42,141,2019-01-13,2019-03-01,2019,BTCUSD,42,5,-92.84234303644412,-2.2105319770581935,-587.7750666234584,1221.7804734933625,0.646
42,142,2019-02-06,2019-03-26,2019,EURUSD,35,4,44.19220942414369,1.262634554975534,5.636899000306612,192.04079977951568,0.602
42,142,2019-02-06,2019-03-26,2019,GBPUSD,35,6,-229.6732318653086,-6.562092339008817,-0.7423843013667647,308.6728635042295,0.226
42,142,2019-02-06,2019-03-26,2019,AUDUSD,35,7,-455.5288004859068,-13.015108585311623,-29.004633418278072,304.06205994649866,0.084
42,142,2019-02-06,2019-03-26,2019,USDJPY,35,3,-91.41239885769974,-2.611782824505707,-9.468930528851091,158.83064046407344,0.298
42,142,2019-02-06,2019-03-26,2019,USDCHF,35,1,129.8807565459597,3.710878758455992,-8.195487005140215,138.56788898859955,0.806
42,142,2019-02-06,2019-03-26,2019,USDCAD,35,5,155.328663562794,4.437961816079828,-5.156108422387719,225.93783061057437,0.758
42,142,2019-02-06,2019-03-26,2019,EURJPY,35,3,-142.76175443192534,-4.078907269483581,-12.290707776387197,190.50307672844397,0.26
42,142,2019-02-06,2019-03-26,2019,GBPJPY,35,5,-142.91629530136305,-4.083322722896087,-12.005138320801455,366.79752468728935,0.388
42,142,2019-02-06,2019-03-26,2019,XAUUSD,35,3,-240.6450421115471,-6.875572631758488,-11.335954552481374,363.8918102996149,0.272
42,142,2019-02-06,2019-03-26,2019,XAGUSD,35,3,-41.27436653537088,-1.1792676152963109,-86.26803505527616,484.85280179410955,0.536
42,142,2019-02-06,2019-03-26,2019,WTI,35,0,1103.487856791724,31.52822447976354,4.413951427166904,1104.5841658644886,0.498
42,142,2019-02-06,2019-03-26,2019,UKOIL,35,0,950.6009722278664,27.16002777793904,19.01201944455733,951.3626718470578,0.49
42,142,2019-02-06,2019-03-26,2019,US500,35,0,313.89329847834824,8.968379956524236,2.511146387826786,314.1976085967749,0.496
42,142,2019-02-06,2019-03-26,2019,USTECH,35,0,489.2447089990559,13.978420257115882,29.354682539943354,488.85237155905037,0.47
42,142,2019-02-06,2019-03-26,2019,BTCUSD,42,7,-1236.8347417251798,-29.4484462315519,-732.9860946733628,1222.843240658425,0.338
42,143,2019-03-03,2019-04-19,2019,EURUSD,35,4,33.47564591900647,0.9564470262573277,-5.380299129929899,190.85223232519758,0.598
42,143,2019-03-03,2019-04-19,2019,GBPUSD,35,3,221.75356285953572,6.3358160817010205,6.042344120955987,187.3255997540658,0.864
42,143,2019-03-03,2019-04-19,2019,AUDUSD,35,5,-155.35670112177613,-4.438762889193604,-7.467987938748623,149.76342952271872,0.17
42,143,2019-03-03,2019-04-19,2019,USDJPY,35,8,-532.2403259909673,-15.20686645688478,-20.274661912423895,164.87740197540708,0.0
42,143,2019-03-03,2019-04-19,2019,USDCHF,35,4,139.75724497755883,3.9930641422159665,3.3583271014036318,220.88954661482705,0.712
42,143,2019-03-03,2019-04-19,2019,USDCAD,35,4,24.06418992918897,0.6875482836911134,3.009151822159976,147.65088302191182,0.538
42,143,2019-03-03,2019-04-19,2019,EURJPY,35,7,-539.8653251164606,-15.424723574756015,3.1422436624519623,237.88161457964887,0.006
42,143,2019-03-03,2019-04-19,2019,GBPJPY,35,3,-159.68048337178794,-4.5622995249082265,2.0815986313991797,220.79235281100728,0.254
42,143,2019-03-03,2019-04-19,2019,XAUUSD,34,6,116.18215426621795,3.4171221843005277,-19.879132059611024,310.1170286515495,0.672
42,143,2019-03-03,2019-04-19,2019,XAGUSD,34,4,-54.50926087928323,-1.6032135552730362,-90.8327413200023,349.5931018461943,0.544
42,143,2019-03-03,2019-04-19,2019,WTI,34,0,1407.1718181576744,41.387406416402186,39.40081090841488,1408.0288321982393,0.486
42,143,2019-03-03,2019-04-19,2019,UKOIL,34,0,1043.491955918412,30.690939879953294,-16.695871294694594,1044.403306429612,0.508
42,143,2019-03-03,2019-04-19,2019,US500,34,0,367.17200905341923,10.799176736865272,-10.280816253495738,367.3956289149037,0.514
42,143,2019-03-03,2019-04-19,2019,USTECH,34,0,740.7252315697878,21.786036222640817,8.88870277883745,741.4136821932218,0.494
42,143,2019-03-03,2019-04-19,2019,BTCUSD,42,2,2654.623281182283,63.20531621862578,-157.53105503695622,2713.3660810024016,0.798
42,144,2019-03-27,2019-05-14,2019,EURUSD,35,4,16.735859252336795,0.4781674072096227,-11.690800648573568,134.21492483348428,0.582
42,144,2019-03-27,2019-05-14,2019,GBPUSD,35,5,15.820055280676534,0.452001579447901,1.5482717625012588,209.35817962094316,0.492
42,144,2019-03-27,2019-05-14,2019,AUDUSD,35,4,110.40049444802526,3.15429984137215,-0.8473441736165932,240.8272315905316,0.674
42,144,2019-03-27,2019-05-14,2019,USDJPY,35,6,-133.023090455986,-3.8006597273138856,3.472047041963539,175.98322037060933,0.222
42,144,2019-03-27,2019-05-14,2019,USDCHF,35,3,-51.73195378385145,-1.4780558223957558,-20.60941930759162,203.39656307149613,0.448
42,144,2019-03-27,2019-05-14,2019,USDCAD,35,6,-48.59813571588754,-1.3885181633110726,-20.507331182467517,127.09130430859075,0.416
42,144,2019-03-27,2019-05-14,2019,EURJPY,35,8,-185.62917715182417,-5.3036907757664045,-11.108622599424463,195.78390269703215,0.19
42,144,2019-03-27,2019-05-14,2019,GBPJPY,35,6,125.82539638328039,3.5950113252365825,-26.582680009534904,291.6383444321983,0.696
42,144,2019-03-27,2019-05-14,2019,XAUUSD,34,5,263.4135617299983,7.747457697941127,-21.404594994484693,336.622309536023,0.78
42,144,2019-03-27,2019-05-14,2019,XAGUSD,34,6,28.48601001061095,0.8378238238414986,-170.6672174293103,344.69697711307384,0.726
42,144,2019-03-27,2019-05-14,2019,WTI,34,1,376.933583186418,11.086281858424059,-30.48848124220226,902.4075487712119,0.596
42,144,2019-03-27,2019-05-14,2019,UKOIL,34,1,111.21790561296456,3.2711148709695457,30.710769784808996,656.8813405005668,0.544
42,144,2019-03-27,2019-05-14,2019,US500,34,3,325.2400587407267,9.565884080609608,-4.3599513328973405,411.63101981136043,0.738
42,144,2019-03-27,2019-05-14,2019,USTECH,34,3,-274.85586885678543,-8.08399614284663,-34.46274584305928,591.392263366895,0.37
42,144,2019-03-27,2019-05-14,2019,BTCUSD,42,0,7596.7542636441685,180.87510151533735,243.0961364366134,7600.468001269533,0.484
42,145,2019-04-21,2019-06-07,2019,EURUSD,35,5,63.18858582748552,1.8053881664995863,-2.5951558198836313,174.44295627486596,0.62
42,145,2019-04-21,2019-06-07,2019,GBPUSD,35,2,-60.585733581559424,-1.7310209594731265,-2.3947528918107865,274.7178875904344,0.452
42,145,2019-04-21,2019-06-07,2019,AUDUSD,35,1,59.619862055860494,1.7034246301674427,3.0934598296779927,349.41048842299165,0.5
42,145,2019-04-21,2019-06-07,2019,USDJPY,35,1,265.28214242940203,7.579489783697201,7.939137812091228,210.51678983135199,0.816
42,145,2019-04-21,2019-06-07,2019,USDCHF,35,1,145.5892122432112,4.1596917783774625,8.40772832537337,248.33218378343838,0.602
42,145,2019-04-21,2019-06-07,2019,USDCAD,35,5,-20.79507082998464,-0.5941448808567039,-12.048890928899795,187.13665067201995,0.466
42,145,2019-04-21,2019-06-07,2019,EURJPY,35,2,107.49248048684103,3.071213728195458,2.696109520874588,196.75091391056498,0.662
42,145,2019-04-21,2019-06-07,2019,GBPJPY,35,4,353.0654275783224,10.087583645094925,14.476880347629715,334.25916294314646,0.83
42,145,2019-04-21,2019-06-07,2019,XAUUSD,35,7,-112.48943050550996,-3.2139837287288557,-61.8433120913201,385.74056864273047,0.464
42,145,2019-04-21,2019-06-07,2019,XAGUSD,35,3,-98.68528838237376,-2.8195796680678216,-77.71764152234519,438.66837379480495,0.496
42,145,2019-04-21,2019-06-07,2019,WTI,35,1,895.0110201773728,25.57174343363922,94.33312100104814,1391.8617679581942,0.618
42,145,2019-04-21,2019-06-07,2019,UKOIL,35,3,643.1245502014875,18.37498714861393,-123.56802218367886,1385.7825530433124,0.652
42,145,2019-04-21,2019-06-07,2019,US500,35,3,-113.33505233506952,-3.2381443524305578,-5.020186183574984,445.1704015790173,0.414
42,145,2019-04-21,2019-06-07,2019,USTECH,35,3,-741.1003149544023,-21.174294712982924,43.826653245616924,600.567849691484,0.088
42,145,2019-04-21,2019-06-07,2019,BTCUSD,42,1,4224.083571575267,100.5734183708397,-286.38604965562945,4467.433501159426,0.73
42,146,2019-05-15,2019-07-02,2019,EURUSD,35,3,20.549725286857957,0.5871350081959417,-0.2210850655400336,173.80922483900073,0.548
42,146,2019-05-15,2019-07-02,2019,GBPUSD,35,2,137.91768529593864,3.940505294169675,7.850211742888676,253.00322517173657,0.622
42,146,2019-05-15,2019-07-02,2019,AUDUSD,35,6,-415.60921956912193,-11.874549130546342,-0.9657710783562756,238.18976206085725,0.036
42,146,2019-05-15,2019-07-02,2019,USDJPY,35,1,65.51834000474827,1.8719525715642362,4.024142078712639,168.95878311484125,0.558
42,146,2019-05-15,2019-07-02,2019,USDCHF,35,1,217.44220731259475,6.212634494645564,-32.65197246245189,235.6612031190714,0.834
42,146,2019-05-15,2019-07-02,2019,USDCAD,35,3,109.35693008009852,3.1244837165742436,-1.3774763860813133,210.38589330029833,0.66
42,146,2019-05-15,2019-07-02,2019,EURJPY,35,3,-65.34267144381323,-1.8669334698232352,-12.553137274738445,155.4853153814503,0.362
42,146,2019-05-15,2019-07-02,2019,GBPJPY,35,1,243.99674121331952,6.9713354632377005,12.658920998596546,238.81657458984614,0.728
42,146,2019-05-15,2019-07-02,2019,XAUUSD,35,6,802.1867114397922,22.919620326851206,-17.13602722335936,631.4689747125716,0.882
42,146,2019-05-15,2019-07-02,2019,XAGUSD,35,3,-81.70604836051734,-2.3344585245862097,-114.86977107167223,490.1999896716695,0.538
42,146,2019-05-15,2019-07-02,2019,WTI,35,1,-256.5065205609566,-7.328757730313045,-87.12429554792618,1453.17921639246,0.38
42,146,2019-05-15,2019-07-02,2019,UKOIL,35,3,609.4414837938505,17.412613822681443,37.53995620007031,1543.6818612433342,0.624
42,146,2019-05-15,2019-07-02,2019,US500,35,1,135.0625706437845,3.8589305898224144,-19.360911590879237,523.342713055413,0.592
42,146,2019-05-15,2019-07-02,2019,USTECH,35,3,132.760594841518,3.7931598526148003,23.022977144491097,660.0081250694974,0.56
42,146,2019-05-15,2019-07-02,2019,BTCUSD,42,4,2285.2596479060167,54.4109439977623,-70.72162772358786,3409.0998693694023,0.728
42,147,2019-06-09,2019-07-26,2019,EURUSD,35,3,-88.9952889312209,-2.5427225408920258,-3.8799513922299154,176.83952414799555,0.326
42,147,2019-06-09,2019-07-26,2019,GBPUSD,35,2,177.5790207369167,5.073686306769049,-11.563584945951721,216.28913092834887,0.802
42,147,2019-06-09,2019-07-26,2019,AUDUSD,35,12,-350.4908263873868,-10.014023611068193,-41.992708077007606,274.288174101118,0.13
42,147,2019-06-09,2019-07-26,2019,USDJPY,35,7,-76.32864882420573,-2.1808185378344493,-19.535836562076476,184.50070447572793,0.386
42,147,2019-06-09,2019-07-26,2019,USDCHF,35,3,79.0167858280937,2.2576224522312485,14.911317926492083,243.14298022217105,0.596
42,147,2019-06-09,2019-07-26,2019,USDCAD,35,1,102.4478504841421,2.92708144240406,-2.4826820403071013,184.93515542175928,0.632
42,147,2019-06-09,2019-07-26,2019,EURJPY,35,6,-18.78607747958307,-0.5367450708452306,-11.447636484010811,142.66639733691838,0.504
42,147,2019-06-09,2019-07-26,2019,GBPJPY,35,2,68.16719824456327,1.9476342355589504,-4.363971223625376,171.49892305542167,0.652
42,147,2019-06-09,2019-07-26,2019,XAUUSD,35,2,552.4304723785108,15.783727782243165,-7.705801811667559,543.5705624836584,0.79
42,147,2019-06-09,2019-07-26,2019,XAGUSD,35,4,458.7709838578578,13.107742395938795,-66.717469387255,753.6232934545487,0.698
42,147,2019-06-09,2019-07-26,2019,WTI,35,2,-1695.3789121135123,-48.439397488957496,18.95923269425462,1202.1128684589376,0.07
42,147,2019-06-09,2019-07-26,2019,UKOIL,35,2,-645.3555060425263,-18.43872874407218,-18.437306536008972,826.3277290281873,0.252
42,147,2019-06-09,2019-07-26,2019,US500,35,1,422.6029162028642,12.07436903436755,-19.388175429804726,315.42796314084626,0.904
42,147,2019-06-09,2019-07-26,2019,USTECH,35,3,395.05877752001567,11.287393643429018,15.092876632695805,407.45954011290286,0.828
42,147,2019-06-09,2019-07-26,2019,BTCUSD,42,4,908.4001736513986,21.62857556312854,-56.718252577167554,3420.8004800781014,0.6
42,148,2019-07-03,2019-08-20,2019,EURUSD,35,5,-99.66269996632313,-2.847505713323518,-13.41631293900877,183.23968837793413,0.312
42,148,2019-07-03,2019-08-20,2019,GBPUSD,35,0,348.6065845686881,9.960188130533945,9.76098436792327,348.8188974744425,0.486
42,148,2019-07-03,2019-08-20,2019,AUDUSD,35,6,174.12837217819137,4.975096347948325,-31.12292743456551,294.35271882810133,0.77
42,148,2019-07-03,2019-08-20,2019,USDJPY,35,7,-13.139634780844705,-0.375418136595563,-15.313271969216531,266.54579739388464,0.506
42,148,2019-07-03,2019-08-20,2019,USDCHF,35,4,-11.96856451865792,-0.34195898624736915,-16.179298649361733,217.95419472069503,0.508
42,148,2019-07-03,2019-08-20,2019,USDCAD,35,1,97.87856639733045,2.7965304684951557,-6.347365864953628,159.87578240346167,0.68
42,148,2019-07-03,2019-08-20,2019,EURJPY,35,3,317.502510869603,9.071500310560085,-3.7386284570695,220.1691921220356,0.934
42,148,2019-07-03,2019-08-20,2019,GBPJPY,35,1,490.9080029153579,14.025942940438796,19.223467963103957,473.78592375846546,0.816
42,148,2019-07-03,2019-08-20,2019,XAUUSD,35,4,380.2607817217917,10.864593763479764,24.13908865541379,584.8888450256958,0.684
42,148,2019-07-03,2019-08-20,2019,XAGUSD,35,2,1004.5359021856837,28.701025776733818,34.633223778525235,847.9121877102774,0.846
42,148,2019-07-03,2019-08-20,2019,WTI,35,3,-1632.0721445504703,-46.63063270144201,-79.66291598787296,967.0465391626636,0.048
42,148,2019-07-03,2019-08-20,2019,UKOIL,35,3,-789.1544353519145,-22.54726958148327,-34.37534055664059,959.3864905481895,0.236
42,148,2019-07-03,2019-08-20,2019,US500,35,1,214.88957811153628,6.1397022317581795,-18.819673462908845,404.401565692554,0.622
42,148,2019-07-03,2019-08-20,2019,USTECH,35,1,194.3151395095474,5.5518611288442115,-19.150024202109204,454.7589707592874,0.662
42,148,2019-07-03,2019-08-20,2019,BTCUSD,42,4,-4379.946386440703,-104.28443777239768,-187.83617591671177,2635.8998365888524,0.062
42,149,2019-07-28,2019-09-13,2019,EURUSD,35,6,-141.97303124700835,-4.056372321343096,0.7865584022486385,186.49948259607575,0.23
42,149,2019-07-28,2019-09-13,2019,GBPUSD,35,3,48.138599468243015,1.3753885562355148,-10.475616214075583,384.59659965096023,0.534
42,149,2019-07-28,2019-09-13,2019,AUDUSD,35,1,378.89098280128064,10.825456651465162,-6.0205332815007,327.52729927234606,0.786
42,149,2019-07-28,2019-09-13,2019,USDJPY,35,4,76.26061823329412,2.1788748066655463,-9.363021851335578,295.62557592575075,0.586
42,149,2019-07-28,2019-09-13,2019,USDCHF,35,2,-182.94378905426728,-5.226965401550494,1.0562892988826051,216.50042905317113,0.23
42,149,2019-07-28,2019-09-13,2019,USDCAD,35,3,-101.04680356632429,-2.887051530466408,-9.362381938585287,131.60890863981263,0.254
42,149,2019-07-28,2019-09-13,2019,EURJPY,35,3,267.062855860479,7.630367310299399,-34.6752174439319,316.59400370080226,0.802
42,149,2019-07-28,2019-09-13,2019,GBPJPY,35,1,687.9067607753087,19.654478879294533,-6.620122624331596,770.9807758591243,0.666
42,149,2019-07-28,2019-09-13,2019,XAUUSD,35,3,484.3458498372371,13.83845285249249,0.5699757921646815,680.5880473771955,0.716
42,149,2019-07-28,2019-09-13,2019,XAGUSD,35,0,679.9010385711813,19.425743959176607,-16.317624925708355,680.3859253260008,0.512
42,149,2019-07-28,2019-09-13,2019,WTI,35,5,-1626.7226016634806,-46.47778861895659,-46.27839191859281,1112.6801139495842,0.076
42,149,2019-07-28,2019-09-13,2019,UKOIL,35,4,-1116.099668330348,-31.88856195229566,34.82018423054903,1060.4672055683318,0.154
42,149,2019-07-28,2019-09-13,2019,US500,35,2,379.094235665695,10.831263876162714,-30.126002900045712,552.9937706425533,0.756
42,149,2019-07-28,2019-09-13,2019,USTECH,35,2,332.23739995678636,9.492497141622467,74.88094875212282,629.5216132409947,0.63
42,149,2019-07-28,2019-09-13,2019,BTCUSD,42,6,-3797.6303041274623,-90.41976914589196,-80.88126601988175,2335.70729309514,0.056
42,150,2019-08-21,2019-10-08,2019,EURUSD,35,4,5.494350396429493,0.1569814398979855,-10.46104767130024,140.86077293870113,0.526
42,150,2019-08-21,2019-10-08,2019,GBPUSD,35,4,-243.9036712356767,-6.968676321019335,-13.342607577513917,270.8769015800002,0.204
42,150,2019-08-21,2019-10-08,2019,AUDUSD,35,2,-102.37024430954855,-2.9248641231299586,-15.419277398845281,219.18056216649308,0.328
42,150,2019-08-21,2019-10-08,2019,USDJPY,35,4,-43.065378585896134,-1.230439388168461,-23.77159328717796,198.1956258934065,0.462
42,150,2019-08-21,2019-10-08,2019,USDCHF,35,1,-83.72648551509876,-2.392185300431393,-4.267906042875023,144.7879823694567,0.37
42,150,2019-08-21,2019-10-08,2019,USDCAD,35,10,-421.70688933882127,-12.048768266823465,-23.94515512790372,157.10643323161554,0.0
42,150,2019-08-21,2019-10-08,2019,EURJPY,35,6,-250.1482271589661,-7.147092204541889,-20.613907404455947,237.32014131216044,0.158
42,150,2019-08-21,2019-10-08,2019,GBPJPY,35,4,122.75656075722496,3.5073303073492847,-38.79603930840111,400.8889757159147,0.626
42,150,2019-08-21,2019-10-08,2019,XAUUSD,35,5,94.5010685204177,2.7000305291547915,-48.16956473570304,434.3971207756092,0.642
42,150,2019-08-21,2019-10-08,2019,XAGUSD,35,1,641.0883777703224,18.31681079343778,-14.912944622575214,830.4658181594159,0.82
42,150,2019-08-21,2019-10-08,2019,WTI,35,8,-429.8383772441533,-12.281096492690095,-49.94434635354245,1381.4110685904361,0.378
42,150,2019-08-21,2019-10-08,2019,UKOIL,35,3,-940.0746490807951,-26.859275688022716,-9.838243313548672,1271.7378834349065,0.228
42,150,2019-08-21,2019-10-08,2019,US500,35,2,-101.94645936104658,-2.912755981744188,5.854257930847464,467.5571205802727,0.404
42,150,2019-08-21,2019-10-08,2019,USTECH,35,2,-126.18708687200163,-3.6053453392000465,-18.07689717325136,466.0072234470794,0.418
42,150,2019-08-21,2019-10-08,2019,BTCUSD,42,9,-2686.9248187447038,-63.97440044630247,-397.2321734378917,2168.068139310711,0.18
42,151,2019-09-15,2019-11-01,2019,EURUSD,35,3,87.90072337265765,2.51144923921879,-22.323481831023425,180.3033751279917,0.7
42,151,2019-09-15,2019-11-01,2019,GBPUSD,35,2,113.92504328632147,3.255001236752042,13.13854943681358,467.39085656752724,0.532
42,151,2019-09-15,2019-11-01,2019,AUDUSD,35,2,-302.3308908803216,-8.638025453723474,1.356477163710806,225.85098409471462,0.098
42,151,2019-09-15,2019-11-01,2019,USDJPY,35,2,-276.72963487707807,-7.906560996487944,1.8749131807846857,156.89505748491166,0.036
42,151,2019-09-15,2019-11-01,2019,USDCHF,35,9,-5.161479843190261,-0.14747085266257887,-7.035692711734046,187.2696323985253,0.514
42,151,2019-09-15,2019-11-01,2019,USDCAD,35,8,-252.2203989695601,-7.206297113416003,-11.111959914104515,156.80100639386552,0.07
42,151,2019-09-15,2019-11-01,2019,EURJPY,35,4,-361.51482088134793,-10.328994882324226,-9.989737861237924,273.3401312484646,0.104
42,151,2019-09-15,2019-11-01,2019,GBPJPY,35,4,4.950130031698723,0.14143228661996352,6.456065645714078,560.5752719319247,0.512
42,151,2019-09-15,2019-11-01,2019,XAUUSD,35,11,-214.3100632332598,-6.123144663807423,-33.01938891638471,422.3572317012891,0.316
42,151,2019-09-15,2019-11-01,2019,XAGUSD,35,4,414.34027440478127,11.838293554422322,-95.62738362456933,710.4050547287225,0.756
42,151,2019-09-15,2019-11-01,2019,WTI,35,6,-1078.8161524917641,-30.82331864262183,-136.36751344539115,1496.6781659168066,0.298
42,151,2019-09-15,2019-11-01,2019,UKOIL,35,4,-1659.0469953769575,-47.401342725055926,-121.03722112345265,1369.5771497094627,0.136
42,151,2019-09-15,2019-11-01,2019,US500,35,3,-463.99632212801606,-13.257037775086173,-25.742866643994084,400.53215204363016,0.142
42,151,2019-09-15,2019-11-01,2019,USTECH,35,2,-496.51671908099354,-14.186191973742673,-1.352917481011531,477.82855545470676,0.156
42,151,2019-09-15,2019-11-01,2019,BTCUSD,42,9,-2211.481436559611,-52.65431991808598,-595.4468366005364,2975.7432839963844,0.306
42,152,2019-10-09,2019-11-26,2019,EURUSD,35,6,-194.6025348354437,-5.56007242386982,-4.1108078072456555,172.14049412379293,0.14
42,152,2019-10-09,2019-11-26,2019,GBPUSD,35,3,123.69091646176692,3.534026184621912,-47.33260418138787,485.4341022708486,0.57
42,152,2019-10-09,2019-11-26,2019,AUDUSD,35,2,-203.80086472819278,-5.8228818493769365,-12.535113701753131,216.28449909522755,0.23
42,152,2019-10-09,2019-11-26,2019,USDJPY,35,5,-219.99793380017059,-6.285655251433445,-4.639215230891694,158.8906947999003,0.088
42,152,2019-10-09,2019-11-26,2019,USDCHF,35,16,-113.14704813248022,-3.2327728037851493,-38.34521564290468,155.62454213685493,0.31
42,152,2019-10-09,2019-11-26,2019,USDCAD,35,2,-81.00516483579918,-2.3144332810228336,2.6058372269540913,194.2837733686772,0.354
42,152,2019-10-09,2019-11-26,2019,EURJPY,35,2,-174.53567658232876,-4.986733616637965,1.1482892447984805,290.3611882843403,0.374
42,152,2019-10-09,2019-11-26,2019,GBPJPY,35,5,194.22096000311532,5.549170285803295,32.101590074394856,568.8251293310716,0.544
42,152,2019-10-09,2019-11-26,2019,XAUUSD,35,8,-361.073956843335,-10.316398766952428,-29.50801355756908,376.3331530721269,0.212
42,152,2019-10-09,2019-11-26,2019,XAGUSD,35,4,-39.71705190815409,-1.1347729116615455,-110.15871375422547,646.5827005870847,0.542
42,152,2019-10-09,2019-11-26,2019,WTI,35,1,-502.9100549365192,-14.368858712471978,-12.856469105329708,673.0791497732238,0.352
42,152,2019-10-09,2019-11-26,2019,UKOIL,35,3,-792.6710046628956,-22.647742990368446,-69.40697340420849,563.1511767070695,0.1
42,152,2019-10-09,2019-11-26,2019,US500,35,2,220.07209450724005,6.287774128778287,-24.225208383154538,510.993340420001,0.66
42,152,2019-10-09,2019-11-26,2019,USTECH,35,1,312.7202787516119,8.93486510718891,-16.45528964545648,552.3998099664328,0.688
42,152,2019-10-09,2019-11-26,2019,BTCUSD,42,4,-429.6758372802766,-10.230377078101824,-87.18721624772252,2676.2809439694493,0.454
42,153,2019-11-03,2019-12-20,2019,EURUSD,35,4,-242.4851393492527,-6.928146838550077,-14.42398546464224,176.29770227550284,0.086
42,153,2019-11-03,2019-12-20,2019,GBPUSD,35,6,-153.17924265644393,-4.376549790184113,-25.899434579705797,330.97645125770686,0.316
42,153,2019-11-03,2019-12-20,2019,AUDUSD,35,2,-271.67325430621906,-7.7620929801776875,-17.081018232360183,189.5485792105016,0.098
42,153,2019-11-03,2019-12-20,2019,USDJPY,35,6,-178.84762368617828,-5.10993210531938,-18.63369540730823,147.99190040829296,0.15
42,153,2019-11-03,2019-12-20,2019,USDCHF,35,8,-137.73371503374594,-3.93524900096417,-19.061632964021733,183.17361189436224,0.27
42,153,2019-11-03,2019-12-20,2019,USDCAD,35,2,2.8551803443195602,0.08157658126627315,-14.868571623749936,125.89033248168819,0.564
42,153,2019-11-03,2019-12-20,2019,EURJPY,35,6,-58.646747669365226,-1.6756213619818636,-17.31937717466821,176.77076660797695,0.392
42,153,2019-11-03,2019-12-20,2019,GBPJPY,35,4,165.72832540062984,4.735095011446567,-3.8816118083174977,325.9760653380477,0.732
42,153,2019-11-03,2019-12-20,2019,XAUUSD,35,4,-286.5588629370761,-8.187396083916461,-3.6003044195741025,318.4202715463424,0.23
42,153,2019-11-03,2019-12-20,2019,XAGUSD,35,1,-84.42500472871998,-2.412142992249142,-5.616268689579109,765.5319339380154,0.464
42,153,2019-11-03,2019-12-20,2019,WTI,35,2,-337.51168969877864,-9.643191134250818,-55.270066545650586,604.0628125391266,0.33
42,153,2019-11-03,2019-12-20,2019,UKOIL,35,2,-38.890856464544676,-1.1111673275584193,-98.14937475047411,630.3259255872895,0.516
42,153,2019-11-03,2019-12-20,2019,US500,35,0,503.28413018850375,14.379546576814393,3.637978807091713e-15,503.78817050530375,0.5
42,153,2019-11-03,2019-12-20,2019,USTECH,35,0,630.0206215819704,18.0005891880563,-12.600412431639405,630.5254458789801,0.51
42,153,2019-11-03,2019-12-20,2019,BTCUSD,42,3,-605.7852111068764,-14.423457407306582,-240.43623142477125,1975.9132380598744,0.454
42,154,2019-11-27,2020-01-14,2019,EURUSD,35,2,-41.78259641119065,-1.1937884688911615,-6.821436681963759,123.9729549120939,0.402
42,154,2019-11-27,2020-01-14,2019,GBPUSD,35,7,72.64419132695065,2.0755483236271615,-10.048580076454522,368.9661491145925,0.584
42,154,2019-11-27,2020-01-14,2019,AUDUSD,35,3,-224.9446630099966,-6.426990371714188,5.985816383957792,248.57931672316457,0.176
42,154,2019-11-27,2020-01-14,2019,USDJPY,35,6,-37.38306767924389,-1.0680876479783967,5.482579204301502,178.46131455823428,0.39
42,154,2019-11-27,2020-01-14,2019,USDCHF,35,1,100.83610660307943,2.881031617230841,0.005219260976707119,189.66999048862752,0.704
42,154,2019-11-27,2020-01-14,2019,USDCAD,35,1,98.01857587365599,2.800530739247314,3.7611447497233765,157.85553548831518,0.688
42,154,2019-11-27,2020-01-14,2019,EURJPY,35,9,-32.188192091304174,-0.9196626311801193,3.8280624668545022,228.77649791319203,0.418
42,154,2019-11-27,2020-01-14,2019,GBPJPY,35,3,-15.872730449867337,-0.4535065842819239,-16.165072856655634,317.4660725830094,0.476
42,154,2019-11-27,2020-01-14,2019,XAUUSD,35,3,235.20666087999984,6.720190310857139,-9.597030589758283,468.25568782480707,0.686
42,154,2019-11-27,2020-01-14,2019,XAGUSD,35,1,301.43162119417923,8.612332034119406,-0.5894458383064166,637.4463236040151,0.528
42,154,2019-11-27,2020-01-14,2019,WTI,35,3,-582.1270323433728,-16.632200924096367,-10.540643041609732,811.2417614524555,0.246
42,154,2019-11-27,2020-01-14,2019,UKOIL,33,3,-742.4200002493498,-22.49757576513181,-51.06371949693957,774.8610746557071,0.192
42,154,2019-11-27,2020-01-14,2019,US500,35,0,425.197822286344,12.148509208181256,-3.4015825782907525,425.61003879520854,0.504
42,154,2019-11-27,2020-01-14,2019,USTECH,35,0,721.814878575051,20.62328224500146,5.7745190286004,722.5146564047981,0.496
42,154,2019-11-27,2020-01-14,2019,BTCUSD,42,7,786.0224301604694,18.714819765725462,-408.2831289810058,1793.8138225228909,0.754
42,155,2019-12-22,2020-02-07,2019,EURUSD,35,5,-16.811274760631953,-0.4803221360180558,-12.709847869551696,174.37434685821077,0.504
42,155,2019-12-22,2020-02-07,2019,GBPUSD,35,7,-99.54537371600293,-2.844153534742941,-15.060978791096339,277.0764929174006,0.37
42,155,2019-12-22,2020-02-07,2019,AUDUSD,35,3,118.38252748511542,3.382357928146155,-12.832644916841925,316.40345509164865,0.638
42,155,2019-12-22,2020-02-07,2019,USDJPY,35,6,116.73434771138331,3.3352670774680946,-38.59012610910369,209.07729252854764,0.764
42,155,2019-12-22,2020-02-07,2019,USDCHF,35,3,204.07382378804803,5.830680679658515,-3.9595564214460097,181.53378212012447,0.86
42,155,2019-12-22,2020-02-07,2019,USDCAD,35,1,148.01021878317889,4.228863393805111,-4.228893238718451,233.32505140282876,0.726
42,155,2019-12-22,2020-02-07,2019,EURJPY,35,7,-75.77618710811839,-2.1650339173748114,-9.85877664202453,213.0695258751892,0.374
42,155,2019-12-22,2020-02-07,2019,GBPJPY,35,9,-474.7181971848062,-13.563377062423033,-29.71031121444231,279.58194149594266,0.05
42,155,2019-12-22,2020-02-07,2019,XAUUSD,35,2,459.48399796461337,13.128114227560381,-14.669932088470677,477.38692360650145,0.818
42,155,2019-12-22,2020-02-07,2019,XAGUSD,35,4,-362.42155445692686,-10.354901555912196,-35.08428370724547,496.1303150813974,0.266
42,155,2019-12-22,2020-02-07,2019,WTI,35,1,1526.863179996183,43.624662285605226,16.537201910715968,1689.043979137323,0.748
42,155,2019-12-22,2020-02-07,2019,UKOIL,33,1,1347.6602516583803,40.83818944419334,-60.95069144907491,1682.246782420298,0.648
42,155,2019-12-22,2020-02-07,2019,US500,35,2,241.2575394871771,6.893072556776488,-7.491084473009822,315.11021606655964,0.788
42,155,2019-12-22,2020-02-07,2019,USTECH,35,0,814.707965786887,23.277370451053915,39.10598235777058,814.5838725578257,0.476
42,155,2019-12-22,2020-02-07,2019,BTCUSD,42,5,2492.3535691791544,59.34175164712273,-79.99713404599943,1877.4023079420701,0.902
42,156,2020-01-15,2020-03-03,2020,EURUSD,35,5,-190.9233278483594,-5.45495222423884,7.100565401490436,291.05557194646883,0.304
42,156,2020-01-15,2020-03-03,2020,GBPUSD,35,6,-247.6807614372618,-7.076593183921766,-10.770075622199652,226.78289392792354,0.15
42,156,2020-01-15,2020-03-03,2020,AUDUSD,35,1,387.5811863749263,11.07374818214075,-2.3929576897711575,308.6315513231524,0.872
42,156,2020-01-15,2020-03-03,2020,USDJPY,35,5,-57.77676213020368,-1.6507646322915337,-32.592211550956755,358.50358357424295,0.472
42,156,2020-01-15,2020-03-03,2020,USDCHF,35,6,-37.98671429488872,-1.0853346941396778,-37.14200372107537,230.7743344897627,0.504
42,156,2020-01-15,2020-03-03,2020,USDCAD,35,1,141.6396978428858,4.046848509796737,-6.419793591109942,142.4923155747849,0.842
42,156,2020-01-15,2020-03-03,2020,EURJPY,35,8,-540.5497121382817,-15.444277489665192,2.436907407331334,269.9766202263012,0.018
42,156,2020-01-15,2020-03-03,2020,GBPJPY,35,8,-437.2922186081207,-12.494063388803449,-17.827341690348465,390.06468837662874,0.152
42,156,2020-01-15,2020-03-03,2020,XAUUSD,35,4,373.7081739875252,10.677376399643578,-42.299380218607624,528.0070179082129,0.8
42,156,2020-01-15,2020-03-03,2020,XAGUSD,35,5,-963.9130776936211,-27.540373648389174,-55.96135540069372,866.7083722415324,0.168
42,156,2020-01-15,2020-03-03,2020,WTI,35,0,2020.9968414371579,57.74276689820451,-56.58791156024042,2022.2276951585725,0.514
42,156,2020-01-15,2020-03-03,2020,UKOIL,35,0,2078.3886867004076,59.38253390572593,66.50843797441304,2079.404724602656,0.484
42,156,2020-01-15,2020-03-03,2020,US500,35,3,574.4234172024865,16.412097634356755,-3.3466394345922272,1101.6863199408351,0.614
42,156,2020-01-15,2020-03-03,2020,USTECH,35,1,287.7872006234241,8.222491446383545,-45.6233733985775,1182.131230657156,0.548
42,156,2020-01-15,2020-03-03,2020,BTCUSD,42,1,1214.3684766734646,28.913535158892014,-64.28603759502307,1662.420173800875,0.778
42,157,2020-02-09,2020-03-27,2020,EURUSD,35,3,-621.3904920620355,-17.7540140589153,-27.59480518389353,608.1875842777988,0.15
42,157,2020-02-09,2020-03-27,2020,GBPUSD,35,4,174.65299908265737,4.990085688075925,32.959457567668096,1067.677933860145,0.526
42,157,2020-02-09,2020-03-27,2020,AUDUSD,35,0,773.9355811648009,22.112445176137168,27.86168092193283,774.208504309655,0.482
42,157,2020-02-09,2020-03-27,2020,USDJPY,35,5,-561.2960560423637,-16.037030172638964,54.51340809100361,679.1147363576412,0.192
42,157,2020-02-09,2020-03-27,2020,USDCHF,35,5,-290.5361980611011,-8.301034230317175,29.238169461814586,574.8320486456978,0.288
42,157,2020-02-09,2020-03-27,2020,USDCAD,35,0,505.3628169323342,14.43893762663812,-8.085805070917347,505.8041836903055,0.508
42,157,2020-02-09,2020-03-27,2020,EURJPY,35,9,-869.6670174937556,-24.847629071250157,-14.559219782778898,377.64298486298776,0.004
42,157,2020-02-09,2020-03-27,2020,GBPJPY,35,2,67.24596575727821,1.9213133073508062,-23.132043313413117,890.7007809482179,0.522
42,157,2020-02-09,2020-03-27,2020,XAUUSD,35,3,-367.72531388355316,-10.50643753953009,-43.7981125498918,1110.741217557326,0.362
42,157,2020-02-09,2020-03-27,2020,XAGUSD,35,2,1346.2806405998526,38.46516115999579,-122.03612595379512,2830.703707300384,0.676
42,157,2020-02-09,2020-03-27,2020,WTI,35,0,7582.895457977213,216.65415594220607,-2.9103830456733704e-14,7590.489746768851,0.5
42,157,2020-02-09,2020-03-27,2020,UKOIL,35,0,6942.721331322846,198.36346660922416,194.39619727703965,6946.9496775588195,0.486
42,157,2020-02-09,2020-03-27,2020,US500,35,1,1893.241094391368,54.09260269689623,-2.818851444365122,2633.2739407827075,0.66
42,157,2020-02-09,2020-03-27,2020,USTECH,35,1,808.4137920769592,23.09753691648455,30.008058318838803,1995.7651227653919,0.608
42,157,2020-02-09,2020-03-27,2020,BTCUSD,42,1,1490.3859959388928,35.48538085568792,-129.41205847729722,3726.791435242224,0.626
42,158,2020-03-04,2020-04-21,2020,EURUSD,35,4,-414.73099344027355,-11.849456955436388,-0.5964552694839995,495.1159661805217,0.218
42,158,2020-03-04,2020-04-21,2020,GBPUSD,35,3,84.40099958090383,2.4114571308829666,10.80763757129982,981.4449119902741,0.55
42,158,2020-03-04,2020-04-21,2020,AUDUSD,35,1,298.5514928201364,8.530042652003896,-66.61011513155417,1066.5126969068206,0.656
42,158,2020-03-04,2020-04-21,2020,USDJPY,35,6,-660.4995191626409,-18.871414833218314,-36.748932500491385,588.3959872423279,0.162
42,158,2020-03-04,2020-04-21,2020,USDCHF,35,4,-306.0076869749689,-8.743076770713397,-15.012860278297664,458.65373397166985,0.28
42,158,2020-03-04,2020-04-21,2020,USDCAD,35,1,146.80094679069254,4.194312765448358,29.4312334639369,516.8256642543421,0.534
42,158,2020-03-04,2020-04-21,2020,EURJPY,35,9,-133.9384770836621,-3.826813630961774,14.249431622424764,342.9206218195526,0.328
42,158,2020-03-04,2020-04-21,2020,GBPJPY,35,1,-36.200504044847534,-1.0343001155670724,11.996593207509253,471.83620780730087,0.394
42,158,2020-03-04,2020-04-21,2020,XAUUSD,34,4,-1249.4048993254164,-36.74720292133578,-126.97039148111419,1217.48896959732,0.162
42,158,2020-03-04,2020-04-21,2020,XAGUSD,34,1,494.6651465022695,14.548974897125575,-37.71039470019513,2453.123549663643,0.538
42,158,2020-03-04,2020-04-21,2020,WTI,34,0,9988.913934415186,293.791586306329,-159.822622950643,9997.637913329285,0.508
42,158,2020-03-04,2020-04-21,2020,UKOIL,34,4,4964.547562315536,146.01610477398637,-755.9608419301748,6624.785904330947,0.794
42,158,2020-03-04,2020-04-21,2020,US500,34,1,508.93815039873823,14.968769129374653,-85.31072498377553,2198.8980394864443,0.672
42,158,2020-03-04,2020-04-21,2020,USTECH,34,1,395.3112800622524,11.62680235477213,72.82108124451608,2035.2551262574207,0.546
42,158,2020-03-04,2020-04-21,2020,BTCUSD,42,1,1198.4262106594003,28.53395739665239,-311.00656767108654,3472.591229930435,0.752
42,159,2020-03-29,2020-05-15,2020,EURUSD,35,5,-207.8574646447904,-5.938784704136869,17.68351228734542,308.5889798558231,0.24
42,159,2020-03-29,2020-05-15,2020,GBPUSD,35,4,-10.554386030202934,-0.3015538865772267,-9.778140380937327,353.599409376383,0.512
42,159,2020-03-29,2020-05-15,2020,AUDUSD,35,1,-149.18236129473377,-4.262353179849536,15.627412412717124,501.17548911693905,0.442
42,159,2020-03-29,2020-05-15,2020,USDJPY,35,6,-186.94083318225728,-5.341166662350208,-10.42463692760982,202.81560413936046,0.2
42,159,2020-03-29,2020-05-15,2020,USDCHF,35,5,-351.01839615125465,-10.02909703289299,7.065493661948529,270.1752553264583,0.08
42,159,2020-03-29,2020-05-15,2020,USDCAD,35,7,-286.7030545273641,-8.191515843638975,-10.662669212232398,328.39704794922693,0.214
42,159,2020-03-29,2020-05-15,2020,EURJPY,35,7,122.82558592271302,3.5093024549346574,-13.075225146087051,297.72471735072185,0.682
42,159,2020-03-29,2020-05-15,2020,GBPJPY,35,4,34.599075781752816,0.9885450223357948,-17.084548420969128,333.8497118479094,0.55
42,159,2020-03-29,2020-05-15,2020,XAUUSD,34,5,-410.71448119559165,-12.079837682223284,-67.59656907436438,706.9243571693067,0.336
42,159,2020-03-29,2020-05-15,2020,XAGUSD,34,5,-664.4472769691158,-19.54256696967988,-163.03113140455943,1247.7013138691702,0.348
42,159,2020-03-29,2020-05-15,2020,WTI,34,1,-2100.7717820939115,-61.78740535570328,124.39526571422722,5922.124314971542,0.408
42,159,2020-03-29,2020-05-15,2020,UKOIL,34,7,-4946.625784771408,-145.4889936697473,-261.5333830752764,5105.876996076557,0.196
42,159,2020-03-29,2020-05-15,2020,US500,34,4,-364.85881126494667,-10.731141507792548,-58.78840533528717,1186.3737796742807,0.426
42,159,2020-03-29,2020-05-15,2020,USTECH,34,1,193.57260872225882,5.693312021242907,-80.11691185756057,1449.1858628566677,0.534
42,159,2020-03-29,2020-05-15,2020,BTCUSD,42,1,3186.7783424320464,75.87567481981063,1.4677551430546154,3049.2923780887304,0.836
42,160,2020-04-22,2020-06-09,2020,EURUSD,35,4,28.80391695817052,0.8229690559477292,-5.3398184687003765,319.8834213203707,0.522
42,160,2020-04-22,2020-06-09,2020,GBPUSD,35,4,-31.659393291781438,-0.9045540940508983,-12.243910390034427,382.80373334485034,0.496
42,160,2020-04-22,2020-06-09,2020,AUDUSD,35,0,992.1427282488335,28.346935092823813,23.81142547797199,992.8502972044998,0.488
42,160,2020-04-22,2020-06-09,2020,USDJPY,35,5,-65.85599437523672,-1.8815998392924778,-6.935120742191211,209.3554756017514,0.394
42,160,2020-04-22,2020-06-09,2020,USDCHF,35,4,-176.49292030559155,-5.042654865874044,-18.05635386040484,178.61613780373753,0.174
42,160,2020-04-22,2020-06-09,2020,USDCAD,35,8,271.66503050371057,7.761858014391731,-23.087106969778418,340.4754666011288,0.814
42,160,2020-04-22,2020-06-09,2020,EURJPY,35,3,201.8788770604107,5.7679679160117345,-27.300398040146863,433.49190820464145,0.66
42,160,2020-04-22,2020-06-09,2020,GBPJPY,35,4,103.16483358990246,2.9475666739972133,-27.073541269757456,457.29147720846066,0.598
42,160,2020-04-22,2020-06-09,2020,XAUUSD,35,7,-332.9709506046265,-9.513455731560757,-27.048344061212358,406.3113483258385,0.222
42,160,2020-04-22,2020-06-09,2020,XAGUSD,35,4,1010.6736837738569,28.87639096496734,-79.74392948950268,1239.7367807009973,0.758
42,160,2020-04-22,2020-06-09,2020,WTI,35,1,-2477.0052243138844,-70.77157783753955,324.80598665121636,8134.857119449603,0.432
42,160,2020-04-22,2020-06-09,2020,UKOIL,35,3,-1175.3772551158984,-33.58220728902567,165.8737957426192,4294.262369284761,0.386
42,160,2020-04-22,2020-06-09,2020,US500,35,4,1002.2134408816695,28.634669739476273,49.696212876531874,937.2894693720299,0.834
42,160,2020-04-22,2020-06-09,2020,USTECH,35,0,1690.866288144843,48.31046537556695,40.58079091547625,1692.0721675607874,0.488
42,160,2020-04-22,2020-06-09,2020,BTCUSD,42,6,1227.663967722354,29.23009446957986,-382.22207251633495,2755.8164361534537,0.71
42,161,2020-05-17,2020-07-03,2020,EURUSD,35,2,194.92009622396978,5.569145606399137,1.544473747098942,335.88765079490815,0.654
42,161,2020-05-17,2020-07-03,2020,GBPUSD,35,2,-554.569379136865,-15.844839403910429,6.358339619980426,388.4166893172671,0.08
42,161,2020-05-17,2020-07-03,2020,AUDUSD,35,1,692.458156322519,19.78451875207197,-8.521085860465357,611.9716716055924,0.82
42,161,2020-05-17,2020-07-03,2020,USDJPY,35,8,-167.52043249034645,-4.786298071152756,-29.46442089069222,244.44080964249804,0.3
42,161,2020-05-17,2020-07-03,2020,USDCHF,35,1,149.26900253085498,4.2648286437387135,0.44757681407148175,190.29201119286006,0.7
42,161,2020-05-17,2020-07-03,2020,USDCAD,35,3,-4.116181656951774,-0.11760519019862212,-21.758414972687568,350.14495896078955,0.518
42,161,2020-05-17,2020-07-03,2020,EURJPY,35,2,268.15546726616134,7.6615847790331815,-1.1965123164924376,433.47790431547384,0.708
42,161,2020-05-17,2020-07-03,2020,GBPJPY,35,2,-654.7354792509899,-18.706727978599712,3.6852220204334443,524.2882314159692,0.108
42,161,2020-05-17,2020-07-03,2020,XAUUSD,35,8,-254.35796320041067,-7.267370377154591,-37.11478196074138,373.5378698553114,0.278
42,161,2020-05-17,2020-07-03,2020,XAGUSD,35,2,275.17523909787957,7.862149688510844,-31.287263722565555,760.4826985260596,0.622
42,161,2020-05-17,2020-07-03,2020,WTI,35,0,3256.7059127055422,93.0487403630155,65.13411825411085,3259.315453118395,0.49
42,161,2020-05-17,2020-07-03,2020,UKOIL,35,0,2805.0903813451264,80.14543946700361,123.42397677918555,2805.180322680963,0.478
42,161,2020-05-17,2020-07-03,2020,US500,35,5,-244.18395945894594,-6.976684555969884,-65.82654666956768,784.4130203241907,0.398
42,161,2020-05-17,2020-07-03,2020,USTECH,35,0,1306.0509107752273,37.315740307863635,67.91464736031182,1305.5901782864335,0.474
42,161,2020-05-17,2020-07-03,2020,BTCUSD,42,11,-3566.1239951536677,-84.90771417032542,-499.39114830817226,1573.3103086651022,0.026
42,162,2020-06-10,2020-07-28,2020,EURUSD,35,4,163.93678584486662,4.683908166996189,-5.117548982787758,275.1677467300553,0.714
42,162,2020-06-10,2020-07-28,2020,GBPUSD,35,4,-331.1102759584945,-9.460293598814129,8.051648035707052,300.86715110904134,0.14
42,162,2020-06-10,2020-07-28,2020,AUDUSD,35,4,36.24543309814855,1.0355838028042443,-16.97006705059258,307.6611491707581,0.562
42,162,2020-06-10,2020-07-28,2020,USDJPY,35,9,50.59661365814205,1.4456175330897727,-19.413124048298148,199.67274177063203,0.634
42,162,2020-06-10,2020-07-28,2020,USDCHF,35,0,352.5678149918799,10.07336614262514,-15.512983859642716,352.5791195902858,0.522
42,162,2020-06-10,2020-07-28,2020,USDCAD,35,6,-330.6037453600888,-9.445821296002537,-5.409343208645442,213.84076834150028,0.048
42,162,2020-06-10,2020-07-28,2020,EURJPY,35,4,-228.0812535511534,-6.516607244318668,8.84767891973847,250.31994433559325,0.196
42,162,2020-06-10,2020-07-28,2020,GBPJPY,35,4,-516.7570999862118,-14.764488571034622,-3.5908342023947735,301.78707036290984,0.036
42,162,2020-06-10,2020-07-28,2020,XAUUSD,35,3,1135.0695055806314,32.430557302303754,-6.183392257804631,724.3447902597793,0.958
42,162,2020-06-10,2020-07-28,2020,XAGUSD,35,2,2839.0286492540954,81.11510426440273,-152.23562621460061,2581.8135953427427,0.822
42,162,2020-06-10,2020-07-28,2020,WTI,35,2,419.65650409949626,11.990185831414179,-47.904683099842515,860.3094874553943,0.7
42,162,2020-06-10,2020-07-28,2020,UKOIL,35,0,700.8939505793031,20.025541445122947,-5.60715160463443,701.5734461981624,0.504
42,162,2020-06-10,2020-07-28,2020,US500,35,6,-750.4903525774595,-21.442581502213127,-31.132809037357234,663.7065087418648,0.156
42,162,2020-06-10,2020-07-28,2020,USTECH,35,0,609.6771187498462,17.419346249995606,-26.82579322499323,609.6966672017797,0.522
42,162,2020-06-10,2020-07-28,2020,BTCUSD,42,8,-795.8431832965238,-18.948647221345805,-418.1070665800454,1506.9033098569619,0.438
42,163,2020-07-05,2020-08-20,2020,EURUSD,34,3,386.48080932603045,11.36708262723619,-23.311913508142126,323.3769579997638,0.892
42,163,2020-07-05,2020-08-20,2020,GBPUSD,34,3,311.9079507176254,9.173763256400747,-20.85636177357869,324.2824984591238,0.806
42,163,2020-07-05,2020-08-20,2020,AUDUSD,34,3,206.26271487449583,6.066550437485171,14.382171523530797,271.1352052232587,0.706
42,163,2020-07-05,2020-08-20,2020,USDJPY,34,4,81.99800350976582,2.4117059855813476,-13.107971494417704,220.93442889589383,0.642
42,163,2020-07-05,2020-08-20,2020,USDCHF,34,0,394.5974817564246,11.605808286953664,-4.735169781077096,394.96423162633926,0.506
42,163,2020-07-05,2020-08-20,2020,USDCAD,34,5,82.55661094185518,2.428135615936917,-11.019199344772383,189.930234187367,0.682
42,163,2020-07-05,2020-08-20,2020,EURJPY,34,3,-18.248507585179443,-0.5367208113288071,-2.085513764686461,241.21690621403354,0.476
42,163,2020-07-05,2020-08-20,2020,GBPJPY,34,3,261.28697245848736,7.684910954661393,-3.771352222368957,240.0708981335772,0.834
42,163,2020-07-05,2020-08-20,2020,XAUUSD,34,0,1003.2660407592167,29.507824728212256,4.013064163036865,1004.2627800129487,0.498
42,163,2020-07-05,2020-08-20,2020,XAGUSD,34,0,4677.881909812016,137.58476205329458,-168.40374875323252,4679.531533208527,0.518
42,163,2020-07-05,2020-08-20,2020,WTI,34,4,-209.35012937876152,-6.1573567464341625,-58.921133378295686,521.6370116886061,0.404
42,163,2020-07-05,2020-08-20,2020,UKOIL,34,0,491.1421253969195,14.44535662932116,-33.397664526990525,490.4960306217139,0.534
42,163,2020-07-05,2020-08-20,2020,US500,34,2,495.78513041489265,14.58191560043802,-49.82902453800004,495.88038145025934,0.818
42,163,2020-07-05,2020-08-20,2020,USTECH,34,0,1097.191179971162,32.270328822681236,100.9415885573469,1093.6321793883067,0.454
42,163,2020-07-05,2020-08-20,2020,BTCUSD,42,3,1593.927977056309,37.950666120388306,-121.58912837728512,2037.3500320576677,0.712
42,164,2020-07-29,2020-09-10,2020,EURUSD,32,4,-37.5646945838614,-1.1738967057456688,-13.236361914555864,193.51262670367305,0.458
42,164,2020-07-29,2020-09-10,2020,GBPUSD,32,1,156.56094458982136,4.8925295184319175,0.6227663512280996,456.3346757079761,0.516
42,164,2020-07-29,2020-09-10,2020,AUDUSD,32,0,148.7686891095008,4.6490215346719,-8.331046590132045,148.68399504599688,0.528
42,164,2020-07-29,2020-09-10,2020,USDJPY,32,4,-219.33898572823418,-6.854343304007318,-6.802358169585028,158.75248608306288,0.082
42,164,2020-07-29,2020-09-10,2020,USDCHF,32,3,-61.54395478527447,-1.9232485870398273,-4.706373948210752,139.6318671206375,0.34
42,164,2020-07-29,2020-09-10,2020,USDCAD,32,0,141.03545744284628,4.407358045088946,-3.9489928083996966,141.1213526872552,0.514
42,164,2020-07-29,2020-09-10,2020,EURJPY,32,1,59.01691232632612,1.8442785101976913,4.997703611998363,204.97664003196687,0.536
42,164,2020-07-29,2020-09-10,2020,GBPJPY,32,1,220.38226998392344,6.886945936997607,3.0919415910967447,530.711369988874,0.538
42,164,2020-07-29,2020-09-10,2020,XAUUSD,32,2,-39.351492895915555,-1.229734152997361,-26.61620725803865,559.3093358404036,0.502
42,164,2020-07-29,2020-09-10,2020,XAGUSD,32,2,1184.9656599077712,37.03017687211785,-9.77966155619477,1646.5385921977697,0.706
42,164,2020-07-29,2020-09-10,2020,WTI,32,3,787.6751314924062,24.614847859137694,-0.5922025924020908,1262.2716615690083,0.648
42,164,2020-07-29,2020-09-10,2020,UKOIL,32,1,1324.7091653466557,41.39716141708299,42.715526466188024,1442.7079041872714,0.672
42,164,2020-07-29,2020-09-10,2020,US500,32,2,-129.94646432092776,-4.0608270100289925,18.884472214176323,570.0607726185425,0.398
42,164,2020-07-29,2020-09-10,2020,USTECH,32,0,638.983607831891,19.968237744746595,-17.891541019292948,639.3727699203698,0.514
42,164,2020-07-29,2020-09-10,2020,BTCUSD,42,7,200.29835045351052,4.769008344131203,-278.2344403364645,1526.9160597911903,0.614
42,165,2020-08-21,2020-10-01,2020,EURUSD,30,7,-160.68139225692872,-5.356046408564291,-23.45076089112993,189.73970819005788,0.252
42,165,2020-08-21,2020-10-01,2020,GBPUSD,30,1,-133.89885877749526,-4.463295292583175,-12.885791895800903,317.37529994192175,0.446
42,165,2020-08-21,2020-10-01,2020,AUDUSD,30,1,-56.34470706453402,-1.878156902151134,12.017806877767358,269.2736373104926,0.434
42,165,2020-08-21,2020-10-01,2020,USDJPY,30,8,-196.7788279716394,-6.559294265721314,-9.003887579823187,168.31114000801793,0.14
42,165,2020-08-21,2020-10-01,2020,USDCHF,30,9,-128.0065018711005,-4.26688339570335,-22.826115051530063,206.38827120159942,0.302
42,165,2020-08-21,2020-10-01,2020,USDCAD,30,3,15.886681113034196,0.5295560371011399,-19.015379629728674,172.93114506698518,0.562
42,165,2020-08-21,2020-10-01,2020,EURJPY,30,1,-1.3900824454249943,-0.046336081514166474,-5.044997206412674,183.2214744134912,0.532
42,165,2020-08-21,2020-10-01,2020,GBPJPY,30,1,-66.00974193535298,-2.2003247311784326,-8.30755263349899,371.22735389600797,0.456
42,165,2020-08-21,2020-10-01,2020,XAUUSD,30,7,-337.6069093677047,-11.253563645590157,0.7004842562815529,498.43921396678394,0.264
42,165,2020-08-21,2020-10-01,2020,XAGUSD,30,9,-389.0784209625627,-12.96928069875209,-153.93455148494175,1783.2036681223128,0.468
42,165,2020-08-21,2020-10-01,2020,WTI,30,1,459.98950050369785,15.332983350123262,36.72716941860363,929.096767871306,0.662
42,165,2020-08-21,2020-10-01,2020,UKOIL,30,1,676.2506383042243,22.54168794347414,-79.34472204439356,930.5350702892466,0.76
42,165,2020-08-21,2020-10-01,2020,US500,30,5,-1000.8797284483018,-33.362657614943394,3.7541682948245336,702.6438623020657,0.098
42,165,2020-08-21,2020-10-01,2020,USTECH,30,3,-841.1457374173164,-28.03819124724388,-20.812416552363626,942.4174243794877,0.196
42,165,2020-08-21,2020-10-01,2020,BTCUSD,42,8,-278.56597828061746,-6.632523292395653,-300.2137165828947,1471.9003828495777,0.518
42,166,2020-09-11,2020-10-22,2020,EURUSD,30,4,23.264880934693736,0.7754960311564578,-0.231917736739706,192.22012068488453,0.542
42,166,2020-09-11,2020-10-22,2020,GBPUSD,30,3,-69.10967383389884,-2.3036557944632947,-1.8844009542235272,228.25289851187532,0.38
42,166,2020-09-11,2020-10-22,2020,AUDUSD,30,2,-4.7388235855961724,-0.15796078618653908,-7.670432337364097,292.8743042184269,0.518
42,166,2020-09-11,2020-10-22,2020,USDJPY,30,6,-125.33206121503638,-4.177735373834546,-16.707809809687056,156.80795185950532,0.256
42,166,2020-09-11,2020-10-22,2020,USDCHF,30,9,-55.83448024950211,-1.8611493416500702,-6.046473315424275,208.24977403550454,0.39
42,166,2020-09-11,2020-10-22,2020,USDCAD,30,6,-180.65534057389135,-6.0218446857963785,-26.037185808184645,189.332692448968,0.226
42,166,2020-09-11,2020-10-22,2020,EURJPY,30,1,94.59970286099858,3.1533234286999527,8.277209829995456,168.18170631522227,0.594
42,166,2020-09-11,2020-10-22,2020,GBPJPY,30,1,-94.13368503806666,-3.137789501268889,-1.5150104817381196,179.21327690084584,0.254
42,166,2020-09-11,2020-10-22,2020,XAUUSD,30,6,-353.9752558519683,-11.79917519506561,-25.442759808212546,506.98611106807056,0.272
42,166,2020-09-11,2020-10-22,2020,XAGUSD,30,8,-527.3478974925135,-17.578263249750453,-145.91217473149243,1661.9643898511372,0.418
42,166,2020-09-11,2020-10-22,2020,WTI,30,1,-216.96283428057794,-7.232094476019265,9.77139511660303,816.6956427819304,0.452
42,166,2020-09-11,2020-10-22,2020,UKOIL,30,3,-182.42414736563225,-6.080804912187742,-56.51359901733094,938.3050944044072,0.45
42,166,2020-09-11,2020-10-22,2020,US500,30,4,9.697251852874189,0.3232417284291396,-50.74878090168184,572.8256342613862,0.524
42,166,2020-09-11,2020-10-22,2020,USTECH,30,4,2.6663849658867775,0.08887949886289258,24.341516338086645,740.3474551545761,0.502
42,166,2020-09-11,2020-10-22,2020,BTCUSD,42,7,975.4380679277901,23.224715903042622,-192.43585546860507,1500.9545626639936,0.758
42,167,2020-10-02,2020-11-12,2020,EURUSD,30,5,-285.7867843793589,-9.52622614597863,-11.17738891845995,211.88711010892558,0.09
42,167,2020-10-02,2020-11-12,2020,GBPUSD,30,5,-278.5122479099003,-9.283741596996675,-4.452645321218772,273.5590365190205,0.152
42,167,2020-10-02,2020-11-12,2020,AUDUSD,30,3,77.98477643629474,2.5994925478764914,-3.2116089032379715,320.1511334607608,0.592
42,167,2020-10-02,2020-11-12,2020,USDJPY,30,3,-174.75509756224622,-5.82516991874154,2.0863669383753782,151.87657617811178,0.108
42,167,2020-10-02,2020-11-12,2020,USDCHF,30,8,-367.45815966205646,-12.24860532206855,-24.780245343235617,248.31678746373524,0.092
42,167,2020-10-02,2020-11-12,2020,USDCAD,30,5,-350.85868089947564,-11.695289363315855,-1.415496253894834,242.07398837523579,0.088
42,167,2020-10-02,2020-11-12,2020,EURJPY,30,3,-222.0681147394997,-7.402270491316656,14.56177078078549,223.80395225398706,0.152
42,167,2020-10-02,2020-11-12,2020,GBPJPY,30,5,-730.4395889854039,-24.347986299513465,-6.177970641918284,307.520942790939,0.002
42,167,2020-10-02,2020-11-12,2020,XAUUSD,30,4,-651.4525047924832,-21.715083493082773,-36.01380567305698,441.08463513648564,0.072
42,167,2020-10-02,2020-11-12,2020,XAGUSD,30,5,-1557.0843841921887,-51.90281280640629,-95.84009363467065,1032.9556041843946,0.09
42,167,2020-10-02,2020-11-12,2020,WTI,30,3,148.28978272967555,4.942992757655852,32.87769511648454,1393.6066825035302,0.536
42,167,2020-10-02,2020-11-12,2020,UKOIL,30,5,87.81208627377302,2.9270695424591007,-104.12942068055487,1415.3784629613863,0.564
42,167,2020-10-02,2020-11-12,2020,US500,30,3,-8.881004152139724,-0.29603347173799077,-72.26847647534242,826.1069024433115,0.512
42,167,2020-10-02,2020-11-12,2020,USTECH,30,4,571.1342741716676,19.037809139055586,-0.9735908799759873,931.0351879088686,0.7
42,167,2020-10-02,2020-11-12,2020,BTCUSD,42,6,2939.2521826974557,69.9821948261299,-258.1048128136524,1882.9705219354619,0.95
42,168,2020-10-23,2020-12-03,2020,EURUSD,30,8,-36.327998822102785,-1.2109332940700928,-1.0119669750082831,247.64268376436408,0.45
42,168,2020-10-23,2020-12-03,2020,GBPUSD,30,2,-22.03380973297709,-0.7344603244325697,19.158280878667675,220.38822969081917,0.43
42,168,2020-10-23,2020-12-03,2020,AUDUSD,30,2,212.75923324594697,7.0919744415315655,18.513720660192405,310.66343782188574,0.674
42,168,2020-10-23,2020-12-03,2020,USDJPY,30,5,-115.21537901978824,-3.8405126339929416,1.1872106085921679,198.70065427975612,0.29
42,168,2020-10-23,2020-12-03,2020,USDCHF,30,8,-148.97685604821112,-4.9658952016070375,-28.881110561319048,259.8593491077864,0.326
42,168,2020-10-23,2020-12-03,2020,USDCAD,30,2,65.16595583023968,2.1721985276746563,-5.433405573551904,175.94892545281715,0.626
42,168,2020-10-23,2020-12-03,2020,EURJPY,30,4,-92.39667169319495,-3.0798890564398316,2.065808459473325,256.1561922659788,0.358
42,168,2020-10-23,2020-12-03,2020,GBPJPY,30,4,-513.1720352715474,-17.10573450905158,-15.46286265508997,301.19270600995657,0.05
42,168,2020-10-23,2020-12-03,2020,XAUUSD,30,3,-387.2363592674586,-12.90787864224862,-18.92935026393894,587.7191551061521,0.276
42,168,2020-10-23,2020-12-03,2020,XAGUSD,30,6,-846.4425194640484,-28.214750648801612,-60.557679748415815,1029.145784416455,0.23
42,168,2020-10-23,2020-12-03,2020,WTI,30,4,830.8043175710563,27.693477252368545,-120.18544538775413,1495.8712600973608,0.726
42,168,2020-10-23,2020-12-03,2020,UKOIL,30,4,565.2902896542621,18.84300965514207,-110.13477111005005,1436.4223009274408,0.684
42,168,2020-10-23,2020-12-03,2020,US500,30,2,-7.022868334321249,-0.23409561114404162,-16.274432584469295,713.1115881831759,0.526
42,168,2020-10-23,2020-12-03,2020,USTECH,30,4,299.30257154004454,9.976752384668151,-8.185763128314672,844.8135132382143,0.638
42,168,2020-10-23,2020-12-03,2020,BTCUSD,42,0,4292.926367806746,102.21253256682729,103.0302328273619,4295.987965034983,0.488
42,169,2020-11-13,2020-12-24,2020,EURUSD,30,4,296.74410095079037,9.891470031693013,-13.524630724197767,207.91156755502132,0.936
42,169,2020-11-13,2020-12-24,2020,GBPUSD,30,0,314.6091155176589,10.486970517255296,-2.5168729241412695,314.9141195991904,0.504
42,169,2020-11-13,2020-12-24,2020,AUDUSD,30,0,478.22720895528084,15.940906965176028,26.780723701495727,477.95495404837135,0.472
42,169,2020-11-13,2020-12-24,2020,USDJPY,30,5,17.50314867655247,0.5834382892184157,-17.193606134297884,145.21040378346538,0.588
42,169,2020-11-13,2020-12-24,2020,USDCHF,30,3,117.90467972069209,3.930155990689736,-7.852054995032535,217.59865458755806,0.674
42,169,2020-11-13,2020-12-24,2020,USDCAD,30,0,214.38358786273756,7.146119595424585,-12.863015271764253,214.21166835805175,0.53
42,169,2020-11-13,2020-12-24,2020,EURJPY,30,2,110.77602552821317,3.6925341842737724,14.139827997986604,193.76938969278652,0.588
42,169,2020-11-13,2020-12-24,2020,GBPJPY,30,6,-32.002119487782004,-1.0667373162594,-30.195969027187573,229.18693266707152,0.5
42,169,2020-11-13,2020-12-24,2020,XAUUSD,30,1,-79.52989427364051,-2.650996475788017,6.707345581006077,449.6397253609426,0.4
42,169,2020-11-13,2020-12-24,2020,XAGUSD,30,6,-739.9209268817141,-24.664030896057135,-108.33927661738987,1030.9243441503122,0.286
42,169,2020-11-13,2020-12-24,2020,WTI,30,2,1396.8808812958223,46.56269604319407,66.04539983743012,1148.8932628807336,0.854
42,169,2020-11-13,2020-12-24,2020,UKOIL,30,2,1120.7274327204846,37.35758109068282,-64.45588327947719,1174.916175070589,0.788
42,169,2020-11-13,2020-12-24,2020,US500,30,0,458.39694408359986,15.279898136119995,11.001526658006398,458.7238601993672,0.488
42,169,2020-11-13,2020-12-24,2020,USTECH,30,1,539.4098782251978,17.980329274173258,-8.665590428588043,488.82236713121114,0.818
42,169,2020-11-13,2020-12-24,2020,BTCUSD,42,2,3359.3262952272644,79.98395941017296,-75.36438704641654,2979.1505884400453,0.844
42,170,2020-12-04,2021-01-14,2020,EURUSD,29,0,6.342937286828425,0.21872197540787672,-0.35520448806239174,6.339326250550647,0.528
42,170,2020-12-04,2021-01-14,2020,GBPUSD,29,0,173.82842589023898,5.994083651387551,5.562509628487647,173.9134033876257,0.484
42,170,2020-12-04,2021-01-14,2020,AUDUSD,29,0,450.0800559421625,15.520001929040086,-1.8003202237686464,450.5272079844463,0.502
42,170,2020-12-04,2021-01-14,2020,USDJPY,29,4,-48.70374638648396,-1.6794395305684122,-9.825466146459817,126.84166438718056,0.37
42,170,2020-12-04,2021-01-14,2020,USDCHF,29,3,-31.190774922564337,-1.075543962847046,-10.860869015905317,127.32313397712106,0.418
42,170,2020-12-04,2021-01-14,2020,USDCAD,29,4,-103.1248483972631,-3.556029255078038,2.6326111550954012,187.30254735712572,0.3
42,170,2020-12-04,2021-01-14,2020,EURJPY,29,0,6.316620467604615,0.21781449888291776,0.40426370992669536,6.309983896822096,0.468
42,170,2020-12-04,2021-01-14,2020,GBPJPY,29,8,-155.52796895375334,-5.363033412198392,-20.603264209005317,228.0683568824929,0.282
42,170,2020-12-04,2021-01-14,2020,XAUUSD,28,1,-429.22043375927143,-15.329301205688266,11.475035344865878,438.9221196907848,0.104
42,170,2020-12-04,2021-01-14,2020,XAGUSD,28,4,-1010.0443555081706,-36.073012696720376,-78.4429668862948,1112.5240703682402,0.212
42,170,2020-12-04,2021-01-14,2020,WTI,28,0,1676.7845642726365,59.88516300973702,80.48565908508658,1676.5291628039397,0.476
42,170,2020-12-04,2021-01-14,2020,UKOIL,28,0,1515.7740959313517,54.13478914040542,30.31548191862703,1516.988658703095,0.49
42,170,2020-12-04,2021-01-14,2020,US500,28,0,355.73690540349975,12.704889478696419,-15.652423837753986,355.748311614398,0.522
42,170,2020-12-04,2021-01-14,2020,USTECH,28,0,358.6492565308953,12.808902018960547,12.911373235112235,358.77573176394344,0.482
42,170,2020-12-04,2021-01-14,2020,BTCUSD,42,2,6754.760378071199,160.82762804931426,-18.580841130745,4850.086235843509,0.91
42,171,2020-12-25,2021-02-04,2020,EURUSD,29,1,125.55679666672492,4.329544712645687,-7.911303013988275,201.8966151030952,0.728
42,171,2020-12-25,2021-02-04,2020,GBPUSD,29,0,102.825252382267,3.545698358009207,0.8226020190581362,102.92493837391252,0.496
42,171,2020-12-25,2021-02-04,2020,AUDUSD,29,1,196.56636077055646,6.778150371398499,-15.250734603001009,302.61128178701466,0.702
42,171,2020-12-25,2021-02-04,2020,USDJPY,29,7,-86.70116622922198,-2.9896953872145513,-16.1820983033642,162.3603889673388,0.344
42,171,2020-12-25,2021-02-04,2020,USDCHF,29,5,47.09044870765896,1.623808576126171,2.2987453482470475,191.85159977166353,0.58
42,171,2020-12-25,2021-02-04,2020,USDCAD,29,5,-261.64441133762426,-9.022221080607734,-2.5178153489484187,170.70358538990402,0.06
42,171,2020-12-25,2021-02-04,2020,EURJPY,29,5,-167.27447744533,-5.768085429149311,-9.435357973147408,145.0686430321511,0.142
42,171,2020-12-25,2021-02-04,2020,GBPJPY,29,2,164.79447771299112,5.682568196999694,-10.473611571814125,180.79323173575247,0.798
42,171,2020-12-25,2021-02-04,2020,XAUUSD,28,3,-50.39611798720293,-1.7998613566858188,-19.85603042055435,596.4914083096597,0.478
42,171,2020-12-25,2021-02-04,2020,XAGUSD,28,5,-1507.898647014511,-53.853523107661104,1.6024946436420977,1286.9568295242818,0.132
42,171,2020-12-25,2021-02-04,2020,WTI,28,0,1621.8987490091183,57.924955321754226,-38.92556997621886,1623.0554426695742,0.512
42,171,2020-12-25,2021-02-04,2020,UKOIL,28,0,1436.349360023067,51.29819142939525,86.18096160138403,1435.197515924399,0.47
42,171,2020-12-25,2021-02-04,2020,US500,28,4,-226.73401948151454,-8.097643552911233,-32.65884780179711,526.6406408618584,0.352
42,171,2020-12-25,2021-02-04,2020,USTECH,28,0,680.5587410552116,24.305669323400416,-8.166704892662542,681.1912712696476,0.506
42,171,2020-12-25,2021-02-04,2020,BTCUSD,42,3,1893.6874521827265,45.08779648054111,88.48913439519086,3869.7876610662524,0.646
42,172,2021-01-15,2021-02-25,2021,EURUSD,30,6,-107.10612956986225,-3.5702043189954082,2.9449999224642767,169.0230313260492,0.254
42,172,2021-01-15,2021-02-25,2021,GBPUSD,30,0,234.34789276125636,7.811596425375212,-14.06087356567538,234.15996338639457,0.53
42,172,2021-01-15,2021-02-25,2021,AUDUSD,30,4,-43.96883416577592,-1.4656278055258638,17.718987611343845,310.11016254447446,0.414
42,172,2021-01-15,2021-02-25,2021,USDJPY,30,4,90.16245334336821,3.005415111445607,0.6047862343362954,181.43633741627409,0.706
42,172,2021-01-15,2021-02-25,2021,USDCHF,30,4,17.397891808842648,0.5799297269614215,-8.488514091207145,210.50682591275546,0.538
42,172,2021-01-15,2021-02-25,2021,USDCAD,30,6,-282.5022995139435,-9.41674331713145,-16.652734828331678,202.12525169136177,0.102
42,172,2021-01-15,2021-02-25,2021,EURJPY,30,6,-3.8992638068189684,-0.12997546022729894,-3.763521305975041,162.14724655528914,0.508
42,172,2021-01-15,2021-02-25,2021,GBPJPY,30,0,477.3618195299822,15.912060650999406,1.9094472781199257,477.8360758532586,0.498
42,172,2021-01-15,2021-02-25,2021,XAUUSD,30,3,252.1182264772944,8.40394088257648,-2.3588420869469755,374.5278648038367,0.732
42,172,2021-01-15,2021-02-25,2021,XAGUSD,30,6,-1467.5020847560422,-48.91673615853474,-49.1730452932738,1120.9292218615421,0.122
42,172,2021-01-15,2021-02-25,2021,WTI,30,0,1704.1748346825982,56.80582782275327,40.90019603238235,1705.3902053885624,0.488
42,172,2021-01-15,2021-02-25,2021,UKOIL,30,0,1618.0402215547895,53.93467405182631,-12.944321772438315,1619.6088629174035,0.504
42,172,2021-01-15,2021-02-25,2021,US500,30,4,-616.5252371579597,-20.550841238598657,-14.95170174672847,548.0103506156963,0.138
42,172,2021-01-15,2021-02-25,2021,USTECH,30,2,-230.62689794567822,-7.687563264855941,-37.09633177869733,706.6098102030655,0.414
42,172,2021-01-15,2021-02-25,2021,BTCUSD,42,4,-656.7056120976098,-15.635847907085948,-93.92094939789953,4022.232552067854,0.438
42,173,2021-02-05,2021-03-18,2021,EURUSD,30,8,-493.84099896145113,-16.46136663204837,-27.777110668907124,205.4497296679596,0.006
42,173,2021-02-05,2021-03-18,2021,GBPUSD,30,2,175.61993427485658,5.853997809161886,-3.166195124733821,222.13547729047153,0.792
42,173,2021-02-05,2021-03-18,2021,AUDUSD,30,7,-310.11105225372455,-10.337035075124152,-22.49247429365564,383.2078936972397,0.226
42,173,2021-02-05,2021-03-18,2021,USDJPY,30,0,314.875895693505,10.4958631897835,0.0,315.19124469161187,0.5
42,173,2021-02-05,2021-03-18,2021,USDCHF,30,2,171.33165178262817,5.711055059420939,-23.399191154493433,328.51888191342664,0.684
42,173,2021-02-05,2021-03-18,2021,USDCAD,30,5,-37.946674522798574,-1.2648891507599525,9.10895814135152,241.447746471891,0.43
42,173,2021-02-05,2021-03-18,2021,EURJPY,30,1,197.56963646492562,6.585654548830854,-7.623386834058192,193.76510403050173,0.832
42,173,2021-02-05,2021-03-18,2021,GBPJPY,30,0,497.2714723843941,16.575715746146468,9.945429447687882,497.669927153762,0.49
42,173,2021-02-05,2021-03-18,2021,XAUUSD,30,0,330.2159807202076,11.007199357340253,-10.566911383046643,330.377409597533,0.516
42,173,2021-02-05,2021-03-18,2021,XAGUSD,30,2,-93.01116780540178,-3.1003722601800594,-32.99700105902016,781.8337938514151,0.486
42,173,2021-02-05,2021-03-18,2021,WTI,30,0,655.6330192751059,21.854433975836862,49.82810946490804,654.3915280739616,0.462
42,173,2021-02-05,2021-03-18,2021,UKOIL,30,0,704.818967574957,23.4939655858319,-2.8192758702998324,705.5192013147786,0.502
42,173,2021-02-05,2021-03-18,2021,US500,30,2,-615.5421291243883,-20.518070970812946,-8.96491411199246,394.893463051659,0.07
42,173,2021-02-05,2021-03-18,2021,USTECH,30,5,-1121.2085063911568,-37.373616879705224,-62.42822146456118,809.8782508644682,0.084
42,173,2021-02-05,2021-03-18,2021,BTCUSD,42,3,2977.7490382304004,70.89878662453334,1.820534735801557,3635.77370596051,0.766
42,174,2021-02-26,2021-04-08,2021,EURUSD,30,3,-235.57699805862458,-7.852566601954153,1.0840355676324334,267.768845290702,0.202
42,174,2021-02-26,2021-04-08,2021,GBPUSD,30,5,-52.27507002724776,-1.742502334241592,5.651151220893191,187.60002389326937,0.364
42,174,2021-02-26,2021-04-08,2021,AUDUSD,30,7,-173.48621864047976,-5.782873954682659,-27.626570109168988,341.63406612629734,0.344
42,174,2021-02-26,2021-04-08,2021,USDJPY,30,0,273.98194730092087,9.132731576697362,0.0,274.25634090729847,0.5
42,174,2021-02-26,2021-04-08,2021,USDCHF,30,3,423.35121626285684,14.111707208761894,-17.656698473377336,352.059271555375,0.874
42,174,2021-02-26,2021-04-08,2021,USDCAD,30,2,75.53676501249748,2.5178921670832493,-17.317871937765748,168.76575445763916,0.71
42,174,2021-02-26,2021-04-08,2021,EURJPY,30,2,-50.70609757403705,-1.6902032524679018,-2.5672857011974894,135.81397834568236,0.374
42,174,2021-02-26,2021-04-08,2021,GBPJPY,30,3,27.94140348478639,0.9313801161595464,-30.506389889343993,315.86517013665826,0.562
42,174,2021-02-26,2021-04-08,2021,XAUUSD,29,1,365.2065060848462,12.593327796029179,-14.134848899770498,472.49613078280606,0.754
42,174,2021-02-26,2021-04-08,2021,XAGUSD,29,1,137.4860537575401,4.740898405432417,54.92495390013543,893.6135648021643,0.534
42,174,2021-02-26,2021-04-08,2021,WTI,29,3,-930.8766182029705,-32.099193731136914,9.41748740314378,1176.2680543723918,0.23
42,174,2021-02-26,2021-04-08,2021,UKOIL,29,5,-1173.8981506234973,-40.479246573224046,-5.881172872973199,1303.180775790417,0.198
42,174,2021-02-26,2021-04-08,2021,US500,30,4,-136.33873817448415,-4.544624605816138,-26.339805340058295,517.5055214448208,0.41
42,174,2021-02-26,2021-04-08,2021,USTECH,30,6,130.74871582164013,4.358290527388005,-41.68431111803281,838.6361618950197,0.598
42,174,2021-02-26,2021-04-08,2021,BTCUSD,42,5,567.6393945096787,13.515223678801874,-143.0151666690977,2167.908925785921,0.626
42,175,2021-03-19,2021-04-29,2021,EURUSD,30,1,109.12212729942733,3.6374042433142444,10.574784265591617,268.5604942032815,0.606
42,175,2021-03-19,2021-04-29,2021,GBPUSD,30,4,-204.46169327425983,-6.815389775808661,12.486565391497269,197.32083439778407,0.16
42,175,2021-03-19,2021-04-29,2021,AUDUSD,30,4,11.07001527025535,0.36900050900851167,-2.0999455803376588,248.28440366703583,0.518
42,175,2021-03-19,2021-04-29,2021,USDJPY,30,1,-0.5602064858747084,-0.01867354952915695,1.1920213065359082,149.8213698961068,0.496
42,175,2021-03-19,2021-04-29,2021,USDCHF,30,5,329.7129139886364,10.99043046628788,14.247059254659618,230.66518029670246,0.922
42,175,2021-03-19,2021-04-29,2021,USDCAD,30,4,115.44678912358454,3.8482263041194846,-10.309867571693324,194.1077646141362,0.712
42,175,2021-03-19,2021-04-29,2021,EURJPY,30,4,105.09157924374426,3.503052641458142,-11.8207201958634,159.68796322786218,0.744
42,175,2021-03-19,2021-04-29,2021,GBPJPY,30,5,-513.4326440305671,-17.11442146768557,6.781537840154027,329.8421112371721,0.054
42,175,2021-03-19,2021-04-29,2021,XAUUSD,29,1,285.9213540054549,9.859357034670857,-12.107202941335236,299.1387131711714,0.84
42,175,2021-03-19,2021-04-29,2021,XAGUSD,29,1,-379.0105967570156,-13.06933092265571,-18.596264278730878,659.1892252327604,0.294
42,175,2021-03-19,2021-04-29,2021,WTI,29,4,-693.7116974213405,-23.921093014528985,27.47159040069046,930.5857889105723,0.212
42,175,2021-03-19,2021-04-29,2021,UKOIL,29,6,-1085.3839575373352,-37.427033018528796,-65.03733098724712,969.0318904620013,0.146
42,175,2021-03-19,2021-04-29,2021,US500,30,2,591.715382356051,19.723846078535033,16.392801465605828,453.857517560232,0.894
42,175,2021-03-19,2021-04-29,2021,USTECH,30,3,607.0119600239387,20.233732000797957,15.92951259748425,614.574361173544,0.806
42,175,2021-03-19,2021-04-29,2021,BTCUSD,42,5,-110.58977895602777,-2.6330899751435184,-227.27599887650803,2058.614610885009,0.52
42,176,2021-04-09,2021-05-20,2021,EURUSD,30,1,192.35714587367656,6.411904862455885,-0.4409678582318561,137.53470037053222,0.932
42,176,2021-04-09,2021-05-20,2021,GBPUSD,30,3,-166.31374851912224,-5.543791617304075,-12.574105553711055,210.15265976792665,0.246
42,176,2021-04-09,2021-05-20,2021,AUDUSD,30,4,-404.3435185171931,-13.478117283906437,-27.68580228036123,239.31750451350456,0.052
42,176,2021-04-09,2021-05-20,2021,USDJPY,30,2,-182.4382509901401,-6.08127503300467,-1.3219814468525484,149.04401457662524,0.122
42,176,2021-04-09,2021-05-20,2021,USDCHF,30,2,268.6787664123603,8.955958880412009,7.980151744123515,185.57541229413002,0.924
42,176,2021-04-09,2021-05-20,2021,USDCAD,30,2,307.6283426519741,10.254278088399136,-20.39601411087583,273.90364716027545,0.848
42,176,2021-04-09,2021-05-20,2021,EURJPY,30,2,271.20584363407005,9.040194787802335,-7.196260934070234,151.4636562134581,0.974
42,176,2021-04-09,2021-05-20,2021,GBPJPY,30,3,-198.49852117072325,-6.6166173723574415,-6.785527881839507,208.76005921563845,0.228
42,176,2021-04-09,2021-05-20,2021,XAUUSD,30,0,669.6551982737619,22.32183994245873,-16.071724758570287,670.1327779765688,0.512
42,176,2021-04-09,2021-05-20,2021,XAGUSD,30,1,13.225086805865772,0.44083622686219237,-59.47864588603241,707.0799990151501,0.564
42,176,2021-04-09,2021-05-20,2021,WTI,30,1,-691.4421858597491,-23.048072861991635,74.21925360946896,1016.3152099844324,0.276
42,176,2021-04-09,2021-05-20,2021,UKOIL,30,1,-798.4775641314366,-26.61591880438122,-25.82691894986781,1006.9594184474144,0.29
42,176,2021-04-09,2021-05-20,2021,US500,30,3,-601.8734366937165,-20.06244788979055,-13.848452920563032,274.8783232293471,0.016
42,176,2021-04-09,2021-05-20,2021,USTECH,30,1,-198.3244372956088,-6.610814576520293,-13.02584939043983,443.5340404641706,0.41
42,176,2021-04-09,2021-05-20,2021,BTCUSD,42,6,-1715.8160097103676,-40.85276213596113,-80.5443863296942,2997.082769474643,0.302
42,177,2021-04-30,2021-06-10,2021,EURUSD,30,0,41.73790538081753,1.3912635126939177,-3.005129187418862,41.671272286948785,0.536
42,177,2021-04-30,2021-06-10,2021,GBPUSD,30,2,41.63720674794057,1.3879068915980188,1.8548249088655702,174.77029558252468,0.544
42,177,2021-04-30,2021-06-10,2021,AUDUSD,30,9,-317.8904043115676,-10.596346810385587,-22.548061013748555,271.65921716688746,0.156
42,177,2021-04-30,2021-06-10,2021,USDJPY,30,2,-56.84857155110356,-1.8949523850367853,-2.026913323563151,86.91423782822316,0.276
42,177,2021-04-30,2021-06-10,2021,USDCHF,30,0,157.0279381132089,5.23426460377363,-1.2562235049056718,157.18017197954242,0.504
42,177,2021-04-30,2021-06-10,2021,USDCAD,30,2,145.51532417132958,4.850510805710986,-3.994085867654278,151.73919791340438,0.784
42,177,2021-04-30,2021-06-10,2021,EURJPY,30,0,84.71012853686341,2.82367095122878,-2.3718835990321754,84.76171979856818,0.514
42,177,2021-04-30,2021-06-10,2021,GBPJPY,30,1,203.62182110728912,6.787394036909637,-3.396589421056157,192.18132062786756,0.808
42,177,2021-04-30,2021-06-10,2021,XAUUSD,30,0,691.0866203961874,23.036220679872915,-24.87911833426275,691.3303274157321,0.518
42,177,2021-04-30,2021-06-10,2021,XAGUSD,30,0,721.6226620000821,24.05408873333607,8.659471944000986,722.2933581642795,0.494
42,177,2021-04-30,2021-06-10,2021,WTI,30,0,837.6127959335269,27.920426531117563,-60.30812130721394,836.275576646937,0.536
42,177,2021-04-30,2021-06-10,2021,UKOIL,30,2,83.3616979951337,2.7787232665044566,-9.15519515321204,657.4807484217343,0.56
42,177,2021-04-30,2021-06-10,2021,US500,30,10,-1175.1377276405035,-39.171257588016786,-32.52564685638595,424.694442284458,0.0
42,177,2021-04-30,2021-06-10,2021,USTECH,30,4,-515.207261254159,-17.173575375138633,-31.61231780873678,568.2918385283635,0.216
42,177,2021-04-30,2021-06-10,2021,BTCUSD,42,4,-556.4930062453109,-13.249833482031212,-102.43295188382996,3277.8253794389775,0.462
42,178,2021-05-21,2021-07-01,2021,EURUSD,30,1,119.5688480377699,3.985628267925663,-6.456111780987327,236.6200021458904,0.544
42,178,2021-05-21,2021-07-01,2021,GBPUSD,30,1,196.09002134819505,6.536334044939835,-18.323957657361067,215.4637225336089,0.724
42,178,2021-05-21,2021-07-01,2021,AUDUSD,30,8,207.30811052957992,6.910270350985997,-18.73322643002108,286.5785323754404,0.784
42,178,2021-05-21,2021-07-01,2021,USDJPY,30,2,242.26221883874356,8.075407294624785,0.9108771398418448,167.9018804420013,0.912
42,178,2021-05-21,2021-07-01,2021,USDCHF,30,1,287.448002127556,9.581600070918533,-24.021658599017123,268.233064688958,0.75
42,178,2021-05-21,2021-07-01,2021,USDCAD,30,3,149.2994852110248,4.97664950703416,-16.116740824742948,215.6875535477168,0.754
42,178,2021-05-21,2021-07-01,2021,EURJPY,30,3,-60.244162140786365,-2.0081387380262123,-5.691972383764567,159.42749016431677,0.376
42,178,2021-05-21,2021-07-01,2021,GBPJPY,30,3,-28.698939868633126,-0.9566313289544375,-7.220253633874705,181.19059972792232,0.454
42,178,2021-05-21,2021-07-01,2021,XAUUSD,30,1,457.93881642143253,15.264627214047751,18.73211005704533,638.6972623555158,0.552
42,178,2021-05-21,2021-07-01,2021,XAGUSD,30,1,731.070063852442,24.36900212841473,-9.113577335836817,688.8701283084162,0.802
42,178,2021-05-21,2021-07-01,2021,WTI,30,0,1915.831245054758,63.86104150182527,-91.95989976262837,1915.539432901791,0.524
42,178,2021-05-21,2021-07-01,2021,UKOIL,30,2,974.8518111400952,32.49506037133651,-22.04445979003833,964.3969585672031,0.808
42,178,2021-05-21,2021-07-01,2021,US500,30,7,-151.1022474982322,-5.036741583274407,-17.331642602728206,265.24314781244533,0.31
42,178,2021-05-21,2021-07-01,2021,USTECH,30,3,181.46225339178056,6.048741779726019,-7.937636777538231,419.1026151566084,0.662
42,178,2021-05-21,2021-07-01,2021,BTCUSD,42,6,2247.3734276404944,53.508891134297485,-52.671856499148085,2641.393115992614,0.814
42,179,2021-06-11,2021-07-22,2021,EURUSD,30,1,223.48378014433126,7.449459338144376,-8.577154592695484,209.07223483693366,0.8
42,179,2021-06-11,2021-07-22,2021,GBPUSD,30,1,194.3043746614368,6.47681248871456,1.170420820986226,223.84954559409724,0.736
42,179,2021-06-11,2021-07-22,2021,AUDUSD,30,2,359.55561849348123,11.98518728311604,-7.885038534002377,322.7985798183271,0.858
42,179,2021-06-11,2021-07-22,2021,USDJPY,30,2,-2.3803948692647285,-0.07934649564215762,-5.852826318449306,157.61113922193687,0.498
42,179,2021-06-11,2021-07-22,2021,USDCHF,30,4,144.0755623706898,4.802518745689659,-29.785139163638092,261.51749272882955,0.7
42,179,2021-06-11,2021-07-22,2021,USDCAD,30,1,278.944818279329,9.298160609310967,13.846685542966453,275.20740961872735,0.81
42,179,2021-06-11,2021-07-22,2021,EURJPY,30,3,123.38771248691907,4.1129237495639694,-2.093466855969671,179.30931254723015,0.746
42,179,2021-06-11,2021-07-22,2021,GBPJPY,30,3,47.93685527587088,1.5978951758623627,-8.359748669185517,215.31146846801877,0.6
42,179,2021-06-11,2021-07-22,2021,XAUUSD,30,2,-66.51742405307613,-2.217247468435871,23.253640137628096,672.8118314757937,0.474
42,179,2021-06-11,2021-07-22,2021,XAGUSD,30,3,296.3291444441961,9.877638148139871,-89.31760020815743,811.2651038611556,0.626
42,179,2021-06-11,2021-07-22,2021,WTI,30,1,130.5342495356081,4.3511416511869365,-36.501414226946416,655.9576494147884,0.67
42,179,2021-06-11,2021-07-22,2021,UKOIL,30,1,33.18438274922761,1.1061460916409203,-21.577773543070204,585.0123735773207,0.55
42,179,2021-06-11,2021-07-22,2021,US500,30,0,329.74510815324095,10.991503605108031,47.483295574066695,326.63520033918513,0.428
42,179,2021-06-11,2021-07-22,2021,USTECH,30,0,711.2193844708124,23.707312815693747,25.603897840949248,711.4701911733534,0.482
42,179,2021-06-11,2021-07-22,2021,BTCUSD,42,10,584.3850263727023,13.913929199350056,-31.49187363236157,2255.4719570644443,0.638
42,180,2021-07-02,2021-08-12,2021,EURUSD,30,2,-7.271880469145511,-0.24239601563818372,3.832931200320911,115.19904160015842,0.47
42,180,2021-07-02,2021-08-12,2021,GBPUSD,30,3,-96.47618073416916,-3.215872691138972,-0.3445338826747384,197.5958599179523,0.296
42,180,2021-07-02,2021-08-12,2021,AUDUSD,30,0,164.8809447662802,5.49603149220934,-7.91428534878145,164.85583072578228,0.524
42,180,2021-07-02,2021-08-12,2021,USDJPY,30,4,-199.93197978822593,-6.664399326274197,-6.291348171933732,159.75048873993305,0.132
42,180,2021-07-02,2021-08-12,2021,USDCHF,30,6,-36.73704918047764,-1.2245683060159214,-16.00673656716892,231.2790704062869,0.472
42,180,2021-07-02,2021-08-12,2021,USDCAD,30,3,-18.10130668712951,-0.6033768895709837,-3.1016112071234954,198.7962491511748,0.482
42,180,2021-07-02,2021-08-12,2021,EURJPY,30,0,197.3629411436006,6.578764704786687,3.15780705829761,197.53531124792488,0.492
42,180,2021-07-02,2021-08-12,2021,GBPJPY,30,3,-4.899303652615622,-0.16331012175385407,3.0841929017740766,192.7656421130219,0.484
42,180,2021-07-02,2021-08-12,2021,XAUUSD,30,2,-137.50610210471308,-4.58353673682377,-3.1132328193907286,387.97352151086494,0.376
42,180,2021-07-02,2021-08-12,2021,XAGUSD,30,2,554.6957437429671,18.489858124765572,-80.22949408986838,844.7148401636459,0.732
42,180,2021-07-02,2021-08-12,2021,WTI,30,1,-159.60363811932825,-5.320121270644275,11.30630452559477,708.2905314779332,0.374
42,180,2021-07-02,2021-08-12,2021,UKOIL,30,3,-363.8920065331994,-12.129733551106646,32.29394735719619,939.0942170967165,0.326
42,180,2021-07-02,2021-08-12,2021,US500,30,0,324.09815808527975,10.803271936175992,5.185570529364476,324.3812144331268,0.492
42,180,2021-07-02,2021-08-12,2021,USTECH,30,0,367.6835454626215,12.256118182087384,1.4707341818504873,368.0488370281933,0.498
42,180,2021-07-02,2021-08-12,2021,BTCUSD,42,5,471.4401369454751,11.224765165368455,-9.751001518748962,2571.677388485898,0.554
42,181,2021-07-23,2021-09-02,2021,EURUSD,30,3,-132.4532663211235,-4.415108877370783,-7.479806460342987,147.6589227165701,0.198
42,181,2021-07-23,2021-09-02,2021,GBPUSD,30,6,-439.58878950850436,-14.65295965028348,6.425518332774158,200.77184697366377,0.01
42,181,2021-07-23,2021-09-02,2021,AUDUSD,30,2,-261.4201609409223,-8.71400536469741,-6.257252549465751,291.8615896696751,0.186
42,181,2021-07-23,2021-09-02,2021,USDJPY,30,5,-163.67953850354,-5.455984616784666,-4.9179090636649665,141.73372821126426,0.134
42,181,2021-07-23,2021-09-02,2021,USDCHF,30,5,5.4520118908899775,0.18173372969633259,-15.341279829557198,223.69604787712478,0.528
42,181,2021-07-23,2021-09-02,2021,USDCAD,30,4,-319.89156102442774,-10.663052034147592,-37.91350809764778,234.57316493758873,0.128
42,181,2021-07-23,2021-09-02,2021,EURJPY,30,1,17.79642707508599,0.5932142358361997,-1.0655383936428806,140.60974324822632,0.586
42,181,2021-07-23,2021-09-02,2021,GBPJPY,30,4,-300.7550685810669,-10.025168952702229,2.2099317479891534,206.3739881003821,0.082
42,181,2021-07-23,2021-09-02,2021,XAUUSD,30,6,-346.16246575359935,-11.538748858453312,-13.685197867249187,491.4995739163359,0.254
42,181,2021-07-23,2021-09-02,2021,XAGUSD,30,0,588.7394827674253,19.624649425580845,32.96941103497583,588.4043131867883,0.472
42,181,2021-07-23,2021-09-02,2021,WTI,30,3,336.9314176841964,11.23104725613988,-2.1504328480390633,1020.7102149515921,0.606
42,181,2021-07-23,2021-09-02,2021,UKOIL,30,5,-502.35631104944787,-16.74521036831493,-82.91878563854944,1076.5698391094102,0.382
42,181,2021-07-23,2021-09-02,2021,US500,30,0,360.81669250157756,12.027223083385918,15.875934470069414,360.8282615888097,0.478
42,181,2021-07-23,2021-09-02,2021,USTECH,30,2,-146.1430006435113,-4.87143335478371,24.622207297650654,378.8659924605892,0.37
42,181,2021-07-23,2021-09-02,2021,BTCUSD,42,1,2575.675573078357,61.325608882818024,-157.58700690233388,3064.407016064971,0.698
42,182,2021-08-13,2021-09-23,2021,EURUSD,30,2,-201.0513330722483,-6.701711102408277,-6.234445141430068,141.68225639654455,0.088
42,182,2021-08-13,2021-09-23,2021,GBPUSD,30,7,-500.77037671511346,-16.69234589050378,-14.391299460974315,205.2848741165342,0.01
42,182,2021-08-13,2021-09-23,2021,AUDUSD,30,8,-845.4637403672695,-28.18212467890898,-31.344601953221122,361.93809653112237,0.012
42,182,2021-08-13,2021-09-23,2021,USDJPY,30,7,-390.42061128023136,-13.014020376007712,-5.7908998407374765,162.22776367390426,0.008
42,182,2021-08-13,2021-09-23,2021,USDCHF,30,6,-159.57610012990222,-5.319203337663407,-20.713566573215598,191.62035471719318,0.26
42,182,2021-08-13,2021-09-23,2021,USDCAD,30,5,-608.6106591110976,-20.287021970369917,-11.819107997875445,293.70614566394255,0.028
42,182,2021-08-13,2021-09-23,2021,EURJPY,30,2,-254.44166929476125,-8.481388976492042,-7.274764953881309,169.27472191508653,0.068
42,182,2021-08-13,2021-09-23,2021,GBPJPY,30,3,-464.0761281622287,-15.46920427207429,-11.393075502059272,261.9935036480617,0.038
42,182,2021-08-13,2021-09-23,2021,XAUUSD,30,6,-868.7081146556419,-28.956937155188065,-0.8463573190674979,352.88201008906105,0.002
42,182,2021-08-13,2021-09-23,2021,XAGUSD,30,4,-1400.429949101742,-46.680998303391405,-84.08249295794606,726.8600571198484,0.038
42,182,2021-08-13,2021-09-23,2021,WTI,30,5,69.08018761457114,2.302672920485705,-60.605774126874344,1106.3738073253262,0.55
42,182,2021-08-13,2021-09-23,2021,UKOIL,30,3,44.927282358942136,1.4975760786314045,-105.50223410330422,1087.2751514152387,0.562
42,182,2021-08-13,2021-09-23,2021,US500,30,3,-81.16561759424917,-2.7055205864749725,12.729714458012586,357.93986683824926,0.396
42,182,2021-08-13,2021-09-23,2021,USTECH,30,3,-759.6428231752205,-25.32142743917402,-12.512452908209266,442.77554699788215,0.034
42,182,2021-08-13,2021-09-23,2021,BTCUSD,42,5,-1298.981510005716,-30.928131190612287,48.625201283280425,1778.159402380753,0.224
42,183,2021-09-03,2021-10-14,2021,EURUSD,30,1,-9.928508291645311,-0.33095027638817703,-4.160898489635349,193.7905057728678,0.486
42,183,2021-09-03,2021-10-14,2021,GBPUSD,30,6,-181.6750799286703,-6.055835997622343,3.1340088429830413,217.16478041834836,0.212
42,183,2021-09-03,2021-10-14,2021,AUDUSD,30,9,-587.7357433155901,-19.591191443853003,-15.556428294919444,236.27799068822512,0.002
42,183,2021-09-03,2021-10-14,2021,USDJPY,30,6,42.327299727080785,1.4109099909026928,-28.47242636407297,237.293420870999,0.614
42,183,2021-09-03,2021-10-14,2021,USDCHF,30,4,-93.88965782146107,-3.129655260715369,0.06124867642726985,155.74126448384726,0.28
42,183,2021-09-03,2021-10-14,2021,USDCAD,30,7,-284.83699140856066,-9.494566380285356,-7.891168466569274,246.3833618155928,0.126
42,183,2021-09-03,2021-10-14,2021,EURJPY,30,4,-84.31205620800466,-2.8104018736001555,-0.06581305583410176,242.49544621682145,0.378
42,183,2021-09-03,2021-10-14,2021,GBPJPY,30,5,-152.53486690448892,-5.084495563482964,-1.1083571598429043,302.41403676282107,0.326
42,183,2021-09-03,2021-10-14,2021,XAUUSD,30,1,-549.6344172055979,-18.321147240186594,11.6986220659709,432.791312366456,0.136
42,183,2021-09-03,2021-10-14,2021,XAGUSD,30,4,-1526.2079631091397,-50.87359877030465,-71.55161276666553,913.0041410615311,0.054
42,183,2021-09-03,2021-10-14,2021,WTI,30,2,1212.9703233622718,40.432344112075725,54.915137560832086,995.4608289157029,0.854
42,183,2021-09-03,2021-10-14,2021,UKOIL,30,0,1478.1585914629022,49.27195304876341,-76.86424675607091,1477.6371449549154,0.526
42,183,2021-09-03,2021-10-14,2021,US500,30,3,-251.04479210672088,-8.368159736890696,-2.1420418140458297,399.06631897633554,0.28
42,183,2021-09-03,2021-10-14,2021,USTECH,30,3,-385.8738361780024,-12.862461205933414,-8.362302290177752,509.5457556886907,0.252
42,183,2021-09-03,2021-10-14,2021,BTCUSD,42,6,-1424.1821076954914,-33.90909780227361,-169.59543182303145,2692.0752151864067,0.336
42,184,2021-09-24,2021-11-04,2021,EURUSD,30,3,-173.09980603396406,-5.769993534465469,-3.1559427897225247,133.56775394029987,0.114
42,184,2021-09-24,2021-11-04,2021,GBPUSD,30,5,-381.74918373509854,-12.724972791169952,-15.838521838457433,232.9590444171856,0.056
42,184,2021-09-24,2021-11-04,2021,AUDUSD,30,3,-61.182746649626324,-2.0394248883208776,0.5747632386004666,255.41000071650632,0.412
42,184,2021-09-24,2021-11-04,2021,USDJPY,30,1,312.93512041698546,10.431170680566181,-16.46151753709883,276.06451443715696,0.844
42,184,2021-09-24,2021-11-04,2021,USDCHF,30,1,122.00365191340985,4.066788397113662,7.372143925048265,163.14145655119702,0.698
42,184,2021-09-24,2021-11-04,2021,USDCAD,30,3,60.601453157648386,2.0200484385882795,-3.316660302093234,196.16147330850717,0.602
42,184,2021-09-24,2021-11-04,2021,EURJPY,30,3,151.7482615556625,5.05827538518875,6.8124552201371555,254.6938160237268,0.664
42,184,2021-09-24,2021-11-04,2021,GBPJPY,30,3,17.245339506702976,0.5748446502234326,-13.712817174996044,377.25422618596014,0.522
42,184,2021-09-24,2021-11-04,2021,XAUUSD,30,3,-508.5549082234694,-16.951830274115647,-16.27333828191407,264.3160767556963,0.034
42,184,2021-09-24,2021-11-04,2021,XAGUSD,30,1,-319.6353834940953,-10.65451278313651,-29.637522998173726,697.3957786759594,0.466
42,184,2021-09-24,2021-11-04,2021,WTI,30,0,877.0973195815315,29.23657731938438,-31.575503504935128,877.40662201526,0.518
42,184,2021-09-24,2021-11-04,2021,UKOIL,30,0,498.8631142390121,16.628770474633736,27.93633439738468,498.5791113044563,0.472
42,184,2021-09-24,2021-11-04,2021,US500,30,1,410.68785000943126,13.689595000314375,-45.87493589189161,656.6959328667094,0.722
42,184,2021-09-24,2021-11-04,2021,USTECH,30,3,676.638681578939,22.554622719297967,-6.512418415696607,808.4385009529715,0.762
42,184,2021-09-24,2021-11-04,2021,BTCUSD,42,1,1814.719582985276,43.20760911869705,5.681194779519632,3157.4503132624445,0.64
42,185,2021-10-15,2021-11-25,2021,EURUSD,30,6,-179.1913136413891,-5.9730437880463025,-21.795075288023757,220.45600119930273,0.246
42,185,2021-10-15,2021-11-25,2021,GBPUSD,30,4,-203.6867764085441,-6.789559213618136,-10.092926373430277,221.71699896119753,0.202
42,185,2021-10-15,2021-11-25,2021,AUDUSD,30,1,111.85021773601939,3.7283405912006464,-28.9333178316055,377.97626280393945,0.624
42,185,2021-10-15,2021-11-25,2021,USDJPY,30,6,-217.70059846650997,-7.256686615550333,-2.3849591795859015,170.5472123961441,0.102
42,185,2021-10-15,2021-11-25,2021,USDCHF,30,2,91.70340721577381,3.056780240525794,1.805069801486704,215.96494177623356,0.624
42,185,2021-10-15,2021-11-25,2021,USDCAD,30,1,49.422902463177586,1.6474300821059196,6.196974593727128,201.8101019706176,0.51
42,185,2021-10-15,2021-11-25,2021,EURJPY,30,1,68.43455360244413,2.2811517867481377,-17.943458989595026,236.2877684908791,0.594
42,185,2021-10-15,2021-11-25,2021,GBPJPY,30,1,-99.24909447215022,-3.308303149071674,6.65020882999964,225.82095853766185,0.352
42,185,2021-10-15,2021-11-25,2021,XAUUSD,30,4,-238.02941840532077,-7.934313946844026,-15.723905898424112,538.4122861825447,0.37
42,185,2021-10-15,2021-11-25,2021,XAGUSD,30,2,570.6844322819971,19.022814409399906,-20.22048126397247,617.9197381294443,0.826
42,185,2021-10-15,2021-11-25,2021,WTI,30,1,470.6026207180844,15.686754023936146,-10.09002302050007,685.2511277182365,0.688
42,185,2021-10-15,2021-11-25,2021,UKOIL,30,3,-839.2967140559662,-27.97655713519887,9.274022603337492,566.3996285621668,0.056
42,185,2021-10-15,2021-11-25,2021,US500,30,1,418.4071242316089,13.946904141053631,-22.676579357358868,427.43309862151034,0.734
42,185,2021-10-15,2021-11-25,2021,USTECH,30,1,530.8431747589456,17.69477249196485,24.796009425842918,625.0835287548202,0.702
42,185,2021-10-15,2021-11-25,2021,BTCUSD,42,3,976.8225189569681,23.257679022784956,59.54288259871973,1495.0716978747914,0.716
42,186,2021-11-05,2021-12-16,2021,EURUSD,30,3,9.973175184531314,0.33243917281771046,0.9490750745384798,241.80609068000348,0.51
42,186,2021-11-05,2021-12-16,2021,GBPUSD,30,1,134.9447341945214,4.498157806484047,3.8779112235331294,177.38096733907952,0.724
42,186,2021-11-05,2021-12-16,2021,AUDUSD,30,1,110.80787450845408,3.693595816948469,15.676002923759453,375.63315194033663,0.558
42,186,2021-11-05,2021-12-16,2021,USDJPY,30,9,-380.683121477934,-12.689437382597799,-5.016694464895214,228.83506545859996,0.046
42,186,2021-11-05,2021-12-16,2021,USDCHF,30,2,-177.45413627326286,-5.915137875775429,-9.936345063051611,188.676680402875,0.192
42,186,2021-11-05,2021-12-16,2021,USDCAD,30,1,205.62347377487075,6.8541157924956915,-1.5760066141713542,209.66665455691586,0.794
42,186,2021-11-05,2021-12-16,2021,EURJPY,30,1,109.29153583797283,3.6430511945990944,-4.816519226787689,243.7285033536234,0.602
42,186,2021-11-05,2021-12-16,2021,GBPJPY,30,1,129.02941558913696,4.300980519637899,7.909851859311371,227.58653313436903,0.608
42,186,2021-11-05,2021-12-16,2021,XAUUSD,30,5,-270.4845933689247,-9.016153112297491,-33.081343147679725,442.9086742869386,0.314
42,186,2021-11-05,2021-12-16,2021,XAGUSD,30,1,937.6355679872127,31.25451893290709,19.712213595362446,984.2602054548842,0.774
42,186,2021-11-05,2021-12-16,2021,WTI,30,1,1321.4897128051134,44.04965709350378,-35.758831813984706,1355.5612803637698,0.826
42,186,2021-11-05,2021-12-16,2021,UKOIL,30,3,401.4033603268449,13.38011201089483,19.856725817416688,1362.6464707151931,0.598
42,186,2021-11-05,2021-12-16,2021,US500,30,6,-1042.6107042687295,-34.753690142290985,-24.8143022193312,435.8468763711447,0.006
42,186,2021-11-05,2021-12-16,2021,USTECH,30,3,-502.07809985798673,-16.73593666193289,13.002187962347262,450.6881088985371,0.13
42,186,2021-11-05,2021-12-16,2021,BTCUSD,42,3,2151.116891565408,51.21706884679543,83.21749315761619,1883.0912363743864,0.86
42,187,2021-11-26,2022-01-06,2021,EURUSD,30,4,-107.29174357607381,-3.576391452535794,-5.741900580836664,121.40307756306133,0.212
42,187,2021-11-26,2022-01-06,2021,GBPUSD,30,1,105.11505959347298,3.5038353197824326,10.094756230778547,205.06603150740884,0.558
42,187,2021-11-26,2022-01-06,2021,AUDUSD,30,1,-128.53086745825902,-4.284362248608634,3.4571289921394417,187.79083160842606,0.278
42,187,2021-11-26,2022-01-06,2021,USDJPY,30,4,-79.05669355617326,-2.6352231185391086,6.156157039498377,200.80910628726915,0.344
42,187,2021-11-26,2022-01-06,2021,USDCHF,30,1,-171.8777517816053,-5.729258392720177,-1.0251659356254685,199.14328594187356,0.29
42,187,2021-11-26,2022-01-06,2021,USDCAD,30,2,173.2981705169219,5.776605683897397,-8.327535773945868,176.08453663116617,0.844
42,187,2021-11-26,2022-01-06,2021,EURJPY,30,1,47.35842752537475,1.578614250845825,0.2608423283102611,226.2662355012056,0.522
42,187,2021-11-26,2022-01-06,2021,GBPJPY,30,1,199.6660707623679,6.65553569207893,20.96785804890128,469.5605611987629,0.598
42,187,2021-11-26,2022-01-06,2021,XAUUSD,29,5,-356.7688405302366,-12.30237381138747,-15.726240625609268,218.33778607393702,0.058
42,187,2021-11-26,2022-01-06,2021,XAGUSD,29,1,-141.46285699307572,-4.87802955148537,-54.23877569621861,403.63599136258796,0.414
42,187,2021-11-26,2022-01-06,2021,WTI,29,1,529.0735355640285,18.243915019449258,-25.91026850880959,1858.6188435089668,0.606
42,187,2021-11-26,2022-01-06,2021,UKOIL,30,1,1470.3937109575995,49.013123698586654,100.02650269516846,1882.2272061273607,0.64
42,187,2021-11-26,2022-01-06,2021,US500,29,8,-1223.1202657151175,-42.17656088672819,-7.139104320553976,545.653738012247,0.012
42,187,2021-11-26,2022-01-06,2021,USTECH,29,5,-1456.5231938992815,-50.22493772066488,7.26685546975091,726.3164749642227,0.032
42,187,2021-11-26,2022-01-06,2021,BTCUSD,42,4,1215.8223709834501,28.948151690082145,-176.42751118169699,2150.16638694899,0.722
42,188,2021-12-17,2022-01-27,2021,EURUSD,30,8,130.98646982918788,4.366215660972929,-7.156072674432229,223.4794296425635,0.704
42,188,2021-12-17,2022-01-27,2021,GBPUSD,30,2,122.49709325436557,4.083236441812185,0.4388163411855107,249.35703923818724,0.706
42,188,2021-12-17,2022-01-27,2021,AUDUSD,30,2,204.4709816001573,6.81569938667191,-17.496319588589518,270.3622729227075,0.78
42,188,2021-12-17,2022-01-27,2021,USDJPY,30,2,-199.87255346088605,-6.662418448696202,-6.259333945284421,233.84404566602643,0.208
42,188,2021-12-17,2022-01-27,2021,USDCHF,30,3,65.40611716246774,2.180203905415591,-4.336551362502241,208.66184401219178,0.626
42,188,2021-12-17,2022-01-27,2021,USDCAD,30,3,-79.27053273703098,-2.642351091234366,-9.863756122705285,218.32817504116392,0.39
42,188,2021-12-17,2022-01-27,2021,EURJPY,30,2,-80.89903081428362,-2.6966343604761205,-0.5891631399934654,220.83873262497173,0.348
42,188,2021-12-17,2022-01-27,2021,GBPJPY,30,2,-149.4472583428549,-4.981575278095163,21.020223455144674,348.8672177569485,0.324
42,188,2021-12-17,2022-01-27,2021,XAUUSD,29,1,-60.42596511448957,-2.0836539694651575,1.1802433448994984,250.77738418797853,0.416
42,188,2021-12-17,2022-01-27,2021,XAGUSD,29,3,-543.60581457303,-18.74502808872517,-9.151752866451734,837.2214916734506,0.278
42,188,2021-12-17,2022-01-27,2021,WTI,29,1,857.4054257334797,29.56570433563723,6.013920859623446,1385.1372484386268,0.674
42,188,2021-12-17,2022-01-27,2021,UKOIL,30,1,1530.190111105017,51.0063370368339,-39.14374395089576,1277.3970529009573,0.88
42,188,2021-12-17,2022-01-27,2021,US500,29,7,-119.49237425115813,-4.120426698315797,10.723412524694668,563.811939704525,0.394
42,188,2021-12-17,2022-01-27,2021,USTECH,29,2,193.26651875499223,6.664362715689387,14.816428491896076,1001.8948131593057,0.55
42,188,2021-12-17,2022-01-27,2021,BTCUSD,42,4,627.8789175160308,14.94949803609597,56.8133649826137,2055.6646322087568,0.6
42,189,2022-01-07,2022-02-17,2022,EURUSD,30,7,-84.6669004933507,-2.8222300164450234,-2.9438860358895838,256.0972109435656,0.372
42,189,2022-01-07,2022-02-17,2022,GBPUSD,30,3,-225.15549632409085,-7.505183210803028,-13.172749760038135,167.95506727940608,0.1
42,189,2022-01-07,2022-02-17,2022,AUDUSD,30,1,110.39795644477763,3.6799318814925877,8.540653322642788,188.10510916192837,0.798
42,189,2022-01-07,2022-02-17,2022,USDJPY,30,4,-402.7130356611902,-13.423767855373006,-10.218870734425812,210.39994546014478,0.03
42,189,2022-01-07,2022-02-17,2022,USDCHF,30,7,-188.52241988034996,-6.284080662678332,-22.1838473034211,237.72934881119707,0.254
42,189,2022-01-07,2022-02-17,2022,USDCAD,30,6,-330.46286072423203,-11.015428690807735,1.3655211084476693,212.74785999745637,0.062
42,189,2022-01-07,2022-02-17,2022,EURJPY,30,4,-520.786238507075,-17.35954128356917,10.366715084469966,263.66311774102775,0.02
42,189,2022-01-07,2022-02-17,2022,GBPJPY,30,4,-506.06021938303275,-16.868673979434426,-16.66736805387867,185.52647232281004,0.0
42,189,2022-01-07,2022-02-17,2022,XAUUSD,30,2,496.12272395115076,16.537424131705027,-40.41160741020719,552.1039355320067,0.794
42,189,2022-01-07,2022-02-17,2022,XAGUSD,30,5,387.5856768493494,12.91952256164498,-36.537654693783814,916.26673101488,0.668
42,189,2022-01-07,2022-02-17,2022,WTI,30,0,1460.4981334686604,48.68327111562201,134.36582827911678,1455.7606603617305,0.454
42,189,2022-01-07,2022-02-17,2022,UKOIL,30,0,1288.204073920832,42.940135797361066,-66.98661184388325,1287.7496372184376,0.526
42,189,2022-01-07,2022-02-17,2022,US500,30,5,-56.26762837530168,-1.8755876125100561,-47.418551489263145,713.6984426122366,0.508
42,189,2022-01-07,2022-02-17,2022,USTECH,30,0,1051.493835006464,35.04979450021547,-8.411950680051712,1052.5132266755659,0.504
42,189,2022-01-07,2022-02-17,2022,BTCUSD,42,1,-421.43924863210907,-10.034267824574025,-50.51721380802548,1565.8130829129716,0.31
42,190,2022-01-28,2022-03-10,2022,EURUSD,30,6,-185.26454682740257,-6.175484894246752,-8.32679586952483,346.47774390085755,0.312
42,190,2022-01-28,2022-03-10,2022,GBPUSD,30,6,-193.9095692112773,-6.463652307042577,-12.415398923159914,271.4372116996242,0.272
42,190,2022-01-28,2022-03-10,2022,AUDUSD,30,1,37.30310766810824,1.2434369222702746,-13.341803422260236,252.7278955848551,0.56
42,190,2022-01-28,2022-03-10,2022,USDJPY,30,7,-69.17870013283073,-2.3059566710943575,-14.471123928746314,161.66386543175304,0.392
42,190,2022-01-28,2022-03-10,2022,USDCHF,30,8,-414.9194967093793,-13.830649890312644,-21.612561159967985,208.3208474073582,0.026
42,190,2022-01-28,2022-03-10,2022,USDCAD,30,9,-427.3844597714003,-14.246148659046677,-7.227762376835427,197.51527666102365,0.014
42,190,2022-01-28,2022-03-10,2022,EURJPY,30,4,-435.51019430374765,-14.517006476791588,-10.79812725450021,398.97300831713875,0.16
42,190,2022-01-28,2022-03-10,2022,GBPJPY,30,4,-250.4624928207413,-8.348749760691376,-12.89844581887028,254.67296833623328,0.212
42,190,2022-01-28,2022-03-10,2022,XAUUSD,30,2,961.1249165746643,32.037497219155476,16.13907397688048,653.0829996582631,0.912
42,190,2022-01-28,2022-03-10,2022,XAGUSD,30,4,1007.4208840035725,33.58069613345241,-19.332175235531643,786.4012034586948,0.92
42,190,2022-01-28,2022-03-10,2022,WTI,30,0,2293.1280508074833,76.43760169358278,91.72512203229934,2293.5875494697066,0.48
42,190,2022-01-28,2022-03-10,2022,UKOIL,30,0,2211.8817108657986,73.72939036219329,-106.17032212155831,2211.5448054281082,0.524
42,190,2022-01-28,2022-03-10,2022,US500,30,0,146.13699619758222,4.871233206586074,0.0,146.2833527652571,0.5
42,190,2022-01-28,2022-03-10,2022,USTECH,30,0,302.060698759753,10.068689958658434,14.498913540468143,302.01469001912966,0.476
42,190,2022-01-28,2022-03-10,2022,BTCUSD,42,7,-6479.6999566210025,-154.27857039573814,51.21211682245426,2643.7842933457155,0.006
42,191,2022-02-18,2022-03-31,2022,EURUSD,30,4,-190.22368037010642,-6.340789345670214,-11.973574486168388,325.5134128436831,0.276
42,191,2022-02-18,2022-03-31,2022,GBPUSD,30,4,6.7467132184862955,0.22489044061620986,4.423749145026411,293.35939757011147,0.494
42,191,2022-02-18,2022-03-31,2022,AUDUSD,30,1,427.4020404744269,14.246734682480897,-6.356091402523558,313.8525943314016,0.86
42,191,2022-02-18,2022-03-31,2022,USDJPY,30,4,522.2762187658608,17.409207292195358,14.716423184246327,385.08470086299553,0.88
42,191,2022-02-18,2022-03-31,2022,USDCHF,30,4,-199.70046006461254,-6.656682002153752,-7.477993984465771,223.6123304210753,0.202
42,191,2022-02-18,2022-03-31,2022,USDCAD,30,5,-163.98829071431194,-5.466276357143731,-26.595490723367377,218.09276682106548,0.266
42,191,2022-02-18,2022-03-31,2022,EURJPY,30,2,-57.62609685829547,-1.9208698952765155,-63.72007512965164,555.5209016958298,0.488
42,191,2022-02-18,2022-03-31,2022,GBPJPY,30,2,-92.12960016915495,-3.0709866723051653,4.833553086797588,472.6543771725473,0.432
42,191,2022-02-18,2022-03-31,2022,XAUUSD,30,2,21.53400256195852,0.7178000853986173,-48.56379176773495,511.1255376192714,0.558
42,191,2022-02-18,2022-03-31,2022,XAGUSD,30,2,218.67583301995825,7.289194433998608,-21.680937295081424,682.3634587952135,0.6
42,191,2022-02-18,2022-03-31,2022,WTI,30,1,2316.2159732307723,77.2071991076924,131.397606091497,2387.0950627917114,0.786
42,191,2022-02-18,2022-03-31,2022,UKOIL,30,1,2636.0720784752734,87.86906928250912,-124.49905794025638,2506.1612097205893,0.828
42,191,2022-02-18,2022-03-31,2022,US500,30,1,320.2115453370984,10.67371817790328,-39.862188646590354,728.7137729493686,0.584
42,191,2022-02-18,2022-03-31,2022,USTECH,30,1,114.83553680368519,3.827851226789506,-46.041134639754425,1061.62547819054,0.544
42,191,2022-02-18,2022-03-31,2022,BTCUSD,42,10,-3864.2040586583917,-92.00485853948551,-122.73511127649496,2376.4033817836803,0.058
42,192,2022-03-11,2022-04-21,2022,EURUSD,30,2,-320.43725938117456,-10.681241979372485,12.131050182705003,217.33928112548918,0.056
42,192,2022-03-11,2022-04-21,2022,GBPUSD,30,2,22.37488083539686,0.7458293611798953,1.6840428010282302,131.36531598575507,0.564
42,192,2022-03-11,2022-04-21,2022,AUDUSD,30,1,76.070459044552,2.5356819681517333,5.239070208567257,305.5906956098356,0.548
42,192,2022-03-11,2022-04-21,2022,USDJPY,30,0,1010.5030116436664,33.68343372145554,-36.37810841917199,1010.8593586918372,0.518
42,192,2022-03-11,2022-04-21,2022,USDCHF,30,2,10.078589383211984,0.3359529794403995,-10.00089969503048,271.76444532747524,0.524
42,192,2022-03-11,2022-04-21,2022,USDCAD,30,3,-176.29118353914103,-5.8763727846380345,-2.773080093985342,199.67362271868538,0.226
42,192,2022-03-11,2022-04-21,2022,EURJPY,30,1,294.3559995353143,9.811866651177144,-40.4700350018716,471.23749585651086,0.742
42,192,2022-03-11,2022-04-21,2022,GBPJPY,30,1,333.70923143706005,11.123641047902002,3.195267981287452,517.1933992892388,0.768
42,192,2022-03-11,2022-04-21,2022,XAUUSD,29,4,-699.8004319000505,-24.13104937586381,-71.02943054146812,441.3852418185435,0.078
42,192,2022-03-11,2022-04-21,2022,XAGUSD,29,4,-864.4019342934412,-29.806963251497972,-71.70660605570741,755.47135250856,0.154
42,192,2022-03-11,2022-04-21,2022,WTI,29,3,564.037960026698,19.449584828506826,-36.300113108773125,1739.864320880411,0.624
42,192,2022-03-11,2022-04-21,2022,UKOIL,29,3,927.5287010953278,31.983748313631995,-26.40392699534338,1858.090225821757,0.686
42,192,2022-03-11,2022-04-21,2022,US500,29,2,-147.28913740330424,-5.078935772527732,-6.247579754523706,665.5061032638347,0.422
42,192,2022-03-11,2022-04-21,2022,USTECH,29,2,-812.7479125448094,-28.02579008775205,17.873263882525976,1144.8039390408499,0.244
42,192,2022-03-11,2022-04-21,2022,BTCUSD,42,5,-842.3277742494802,-20.055423196416193,-51.10469546196693,1709.4207317897876,0.34
42,193,2022-04-01,2022-05-12,2022,EURUSD,30,1,323.72517074142,10.790839024714,1.91072695850932,321.07725242849415,0.766
42,193,2022-04-01,2022-05-12,2022,GBPUSD,30,2,701.1012109557018,23.37004036519006,43.73913984625538,475.08566132100805,0.92
42,193,2022-04-01,2022-05-12,2022,AUDUSD,30,1,585.5810268563414,19.519367561878045,61.77411823140284,625.5914991839072,0.66
42,193,2022-04-01,2022-05-12,2022,USDJPY,30,0,555.2972762028397,18.509909206761325,-19.990701943302227,555.4930980291501,0.518
42,193,2022-04-01,2022-05-12,2022,USDCHF,30,2,584.6725636973213,19.489085456577374,-19.371127773735363,486.0817138743695,0.852
42,193,2022-04-01,2022-05-12,2022,USDCAD,30,3,70.11846715327118,2.3372822384423726,0.5141135788930478,252.738776585318,0.59
42,193,2022-04-01,2022-05-12,2022,EURJPY,30,3,63.29740004853443,2.1099133349511474,-32.16941061519673,396.1515048931328,0.564
42,193,2022-04-01,2022-05-12,2022,GBPJPY,30,3,211.09153020233867,7.036384340077956,-4.957994945983468,532.5612810538792,0.666
42,193,2022-04-01,2022-05-12,2022,XAUUSD,29,3,248.35660487799242,8.564020857861808,4.726046154877342,460.83822088458066,0.682
42,193,2022-04-01,2022-05-12,2022,XAGUSD,29,4,1259.8539773628365,43.4432405987185,-20.164789520763733,1182.9217092501076,0.846
42,193,2022-04-01,2022-05-12,2022,WTI,29,5,-613.8665118553131,-21.167810753631485,-39.02890578810553,1377.8093539791992,0.368
42,193,2022-04-01,2022-05-12,2022,UKOIL,29,5,-282.03582950763655,-9.725373431297813,56.87468855914747,1314.8227362840917,0.388
42,193,2022-04-01,2022-05-12,2022,US500,29,1,803.6542731876151,27.712216316814313,-37.939790282787975,867.1531284816191,0.776
42,193,2022-04-01,2022-05-12,2022,USTECH,29,1,699.642504164687,24.12560359188576,80.96934702744002,1212.7726522836172,0.64
42,193,2022-04-01,2022-05-12,2022,BTCUSD,42,1,1526.7815797919939,36.351942375999855,-0.5325248484589974,2529.3365808003173,0.648
42,194,2022-04-22,2022-06-02,2022,EURUSD,30,1,105.30615051946441,3.51020501731548,-18.0259382412005,416.9857656671466,0.596
42,194,2022-04-22,2022-06-02,2022,GBPUSD,30,2,174.25645265629652,5.808548421876551,11.323743439434516,483.17735647401,0.612
42,194,2022-04-22,2022-06-02,2022,AUDUSD,30,2,150.94418620359497,5.031472873453166,-13.368873892832264,434.68981901064666,0.654
42,194,2022-04-22,2022-06-02,2022,USDJPY,30,4,-396.8256306760618,-13.227521022535393,-6.019973117312082,313.89857330341994,0.108
42,194,2022-04-22,2022-06-02,2022,USDCHF,30,1,100.0395891070124,3.334652970233747,-21.413688456652803,499.99790993333016,0.668
42,194,2022-04-22,2022-06-02,2022,USDCAD,30,2,303.9968188577144,10.133227295257146,1.456262275022684,235.07572974154056,0.896
42,194,2022-04-22,2022-06-02,2022,EURJPY,30,6,-370.7450363151257,-12.358167877170855,-10.349145158730096,380.3498048796228,0.194
42,194,2022-04-22,2022-06-02,2022,GBPJPY,30,3,-646.0421819492424,-21.53473939830808,-45.45992005646841,526.3808449956799,0.144
42,194,2022-04-22,2022-06-02,2022,XAUUSD,30,1,201.5970226171182,6.71990075390394,-0.45410710734233,618.7755854739563,0.588
42,194,2022-04-22,2022-06-02,2022,XAGUSD,30,1,905.3175449848688,30.17725149949563,-53.82291164681318,1345.694446966393,0.686
42,194,2022-04-22,2022-06-02,2022,WTI,30,3,327.43758548012045,10.914586182670682,-49.383633888699364,1200.5820131250593,0.6
42,194,2022-04-22,2022-06-02,2022,UKOIL,30,5,-598.7259224808823,-19.957530749362743,-24.521908395205788,1143.8494410678722,0.3
42,194,2022-04-22,2022-06-02,2022,US500,30,2,348.62768625834696,11.620922875278232,-8.659173468528488,806.0623715570584,0.658
42,194,2022-04-22,2022-06-02,2022,USTECH,30,0,482.58708972510817,16.086236324170272,-11.582090153402595,482.93125758863476,0.512
42,194,2022-04-22,2022-06-02,2022,BTCUSD,42,1,1754.5781360082185,41.77566990495758,5.617013981320524,2634.14508026713,0.638
42,195,2022-05-13,2022-06-23,2022,EURUSD,30,2,-740.0913812778381,-24.66971270926127,-2.73260234926031,359.4125390565374,0.004
42,195,2022-05-13,2022-06-23,2022,GBPUSD,30,4,-923.5723853726955,-30.785746179089852,-5.102089309312269,403.5669833387308,0.006
42,195,2022-05-13,2022-06-23,2022,AUDUSD,30,6,-882.930908128626,-29.4310302709542,-33.65437741796678,440.91085874170443,0.018
42,195,2022-05-13,2022-06-23,2022,USDJPY,30,6,-172.1278209269882,-5.737594030899606,0.8988776288337849,411.5453239971246,0.35
42,195,2022-05-13,2022-06-23,2022,USDCHF,30,4,-1241.2532046191266,-41.375106820637555,-26.529274288988102,522.4387877135852,0.002
42,195,2022-05-13,2022-06-23,2022,USDCAD,30,4,-343.11403310445064,-11.437134436815022,-12.395689374325338,316.7398039233514,0.164
42,195,2022-05-13,2022-06-23,2022,EURJPY,30,3,45.177115321553714,1.5059038440517905,-16.607854268961322,459.7930648171828,0.53
42,195,2022-05-13,2022-06-23,2022,GBPJPY,30,1,-294.79852527291166,-9.826617509097055,-4.829629977948255,430.15090989621365,0.218
42,195,2022-05-13,2022-06-23,2022,XAUUSD,30,6,-274.29402179324194,-9.14313405977473,-32.76349102373042,352.22212282801195,0.242
42,195,2022-05-13,2022-06-23,2022,XAGUSD,30,4,-889.6727765619779,-29.655759218732598,-91.846276880192,538.9637984819311,0.07
42,195,2022-05-13,2022-06-23,2022,WTI,30,1,645.6577205953945,21.521924019846484,-40.6674137503402,1706.677780358525,0.586
42,195,2022-05-13,2022-06-23,2022,UKOIL,30,3,-893.1323552482496,-29.771078508274986,137.58404136346334,1235.028463395768,0.228
42,195,2022-05-13,2022-06-23,2022,US500,30,4,-1031.3006599717971,-34.37668866572657,10.520511469803859,1052.0998132321108,0.184
42,195,2022-05-13,2022-06-23,2022,USTECH,30,4,-1533.1520828879754,-51.10506942959918,-51.49894440112634,1262.7729410900806,0.138
42,195,2022-05-13,2022-06-23,2022,BTCUSD,42,6,882.0414235304769,21.000986274535165,-111.73795563498872,3081.8714992537693,0.592
42,196,2022-06-03,2022-07-14,2022,EURUSD,30,1,58.91002587807539,1.9636675292691796,-39.83305709566537,402.07058790898276,0.542
42,196,2022-06-03,2022-07-14,2022,GBPUSD,30,2,-107.9486345006892,-3.59828781668964,18.238571497261933,423.7593176804562,0.398
42,196,2022-06-03,2022-07-14,2022,AUDUSD,30,4,-140.40306314936623,-4.680102104978874,31.0581707996752,433.7582559099658,0.388
42,196,2022-06-03,2022-07-14,2022,USDJPY,30,2,547.0684806614288,18.235616022047626,4.71820992270609,493.45245440993506,0.79
42,196,2022-06-03,2022-07-14,2022,USDCHF,30,4,-1161.1937396031512,-38.70645798677171,4.3135099497967655,483.46115880073944,0.0
42,196,2022-06-03,2022-07-14,2022,USDCAD,30,3,-216.2047568574471,-7.20682522858157,-12.91233993504799,307.0706589513671,0.292
42,196,2022-06-03,2022-07-14,2022,EURJPY,30,1,-65.10860803985045,-2.1702869346616818,6.321785372484892,345.5444509122348,0.458
42,196,2022-06-03,2022-07-14,2022,GBPJPY,30,5,89.79086731716035,2.993028910572012,-25.46744385129461,398.28397445898577,0.63
42,196,2022-06-03,2022-07-14,2022,XAUUSD,30,6,625.9806484190158,20.86602161396719,-65.74730179194567,491.0052455781634,0.91
42,196,2022-06-03,2022-07-14,2022,XAGUSD,30,4,1135.4234343634612,37.84744781211537,-113.09375824502402,1042.0385488004686,0.876
42,196,2022-06-03,2022-07-14,2022,WTI,30,1,315.3868052315263,10.512893507717543,-31.701578685956694,1535.2015902537407,0.576
42,196,2022-06-03,2022-07-14,2022,UKOIL,30,3,-920.5784491657141,-30.685948305523805,46.140312990330465,1382.8687056765489,0.262
42,196,2022-06-03,2022-07-14,2022,US500,30,4,-890.0569027181959,-29.668563423939865,36.33330906824789,988.8273093172426,0.218
42,196,2022-06-03,2022-07-14,2022,USTECH,30,6,-1760.8360671734972,-58.69453557244991,-17.147969383650285,1161.5750030106879,0.062
42,196,2022-06-03,2022-07-14,2022,BTCUSD,42,7,1909.990750798456,45.4759702571061,105.78610578352648,3211.7308211883287,0.652
42,197,2022-06-24,2022-08-04,2022,EURUSD,30,0,255.98695050513595,8.532898350171198,-3.071843406061631,256.2248718937361,0.506
42,197,2022-06-24,2022-08-04,2022,GBPUSD,30,1,72.29892570317101,2.4099641901057,9.9779563934925,330.71353270025173,0.536
42,197,2022-06-24,2022-08-04,2022,AUDUSD,30,3,-63.50541909749272,-2.1168473032497572,-28.99055535352972,327.91546031474667,0.458
42,197,2022-06-24,2022-08-04,2022,USDJPY,30,1,353.79024589540404,11.793008196513467,-15.721298999643187,401.5678248006117,0.808
42,197,2022-06-24,2022-08-04,2022,USDCHF,30,3,-622.6351424409849,-20.75450474803283,24.198991803322954,277.66356562540943,0.006
42,197,2022-06-24,2022-08-04,2022,USDCAD,30,5,-113.03164222562529,-3.767721407520843,8.873655557584245,204.3903049822217,0.312
42,197,2022-06-24,2022-08-04,2022,EURJPY,30,1,24.850779218135756,0.8283593072711919,26.847733361703394,323.22721227919527,0.528
42,197,2022-06-24,2022-08-04,2022,GBPJPY,30,6,-23.65475556856137,-0.788491852285379,-28.732644217813547,324.23293269975835,0.5
42,197,2022-06-24,2022-08-04,2022,XAUUSD,30,1,495.2565200187238,16.508550667290795,15.374179383293777,775.4268127020858,0.678
42,197,2022-06-24,2022-08-04,2022,XAGUSD,30,1,212.35203805449342,7.078401268483114,-63.55894170485166,1379.5367612561108,0.526
42,197,2022-06-24,2022-08-04,2022,WTI,30,0,1555.7476854277643,51.85825618092547,124.45981483422115,1552.3143931419268,0.46
42,197,2022-06-24,2022-08-04,2022,UKOIL,30,2,415.7749885367615,13.859166284558716,41.02636977937996,1415.5939145437646,0.61
42,197,2022-06-24,2022-08-04,2022,US500,30,3,338.0012860566898,11.266709535222994,-0.620680010923119,586.5002018820261,0.71
42,197,2022-06-24,2022-08-04,2022,USTECH,30,3,201.4995478668102,6.716651595560339,-3.9517200591123935,788.1195707805567,0.604
42,197,2022-06-24,2022-08-04,2022,BTCUSD,42,3,34.94761607049112,0.8320860969164553,-169.2930988440332,1579.417875343817,0.56
42,198,2022-07-15,2022-08-25,2022,EURUSD,30,2,-103.07803584632202,-3.4359345282107343,-12.428853469220119,255.98029087660672,0.35
42,198,2022-07-15,2022-08-25,2022,GBPUSD,30,2,-372.2241022038228,-12.40747007346076,-4.1158661399909064,318.69572186598174,0.136
42,198,2022-07-15,2022-08-25,2022,AUDUSD,30,4,-415.83305482450055,-13.86110182748335,-32.652961839457056,397.9687550477876,0.17
42,198,2022-07-15,2022-08-25,2022,USDJPY,30,4,-351.5437424707666,-11.718124749025552,-7.17720362117516,428.0444561067376,0.208
42,198,2022-07-15,2022-08-25,2022,USDCHF,30,3,-414.6465952408205,-13.821553174694015,34.441176251803014,302.7776781192651,0.076
42,198,2022-07-15,2022-08-25,2022,USDCAD,30,6,-229.74397807245325,-7.658132602415108,-1.0226664244549684,245.54464052859473,0.192
42,198,2022-07-15,2022-08-25,2022,EURJPY,30,2,40.9239102905029,1.3641303430167635,-0.5539560713190772,296.01623444670145,0.552
42,198,2022-07-15,2022-08-25,2022,GBPJPY,30,5,-142.4714528996924,-4.749048429989746,-4.368055720193224,260.0419009954138,0.322
42,198,2022-07-15,2022-08-25,2022,XAUUSD,30,1,-344.1311373314675,-11.471037911048917,-23.309711456574945,402.45624557538133,0.224
42,198,2022-07-15,2022-08-25,2022,XAGUSD,30,2,-1658.6214537557391,-55.287381791857975,-68.25138885656804,1056.3476899453135,0.074
42,198,2022-07-15,2022-08-25,2022,WTI,30,0,319.52026261534485,10.650675420511496,11.502729454152414,319.632939273506,0.482
42,198,2022-07-15,2022-08-25,2022,UKOIL,30,0,-88.26700227000148,-2.9422334090000493,-3.1776120817200537,88.29812903097832,0.0
42,198,2022-07-15,2022-08-25,2022,US500,30,1,981.7174128212125,32.723913760707084,9.335195776007367,862.7658947436054,0.846
42,198,2022-07-15,2022-08-25,2022,USTECH,30,1,1070.0378306922992,35.66792768974331,17.781056996244224,1038.218418899544,0.768
42,198,2022-07-15,2022-08-25,2022,BTCUSD,42,4,760.8833131495188,18.11626936070283,-101.19509159780489,1735.979033699508,0.676
42,199,2022-08-05,2022-09-15,2022,EURUSD,30,2,97.97272348202635,3.2657574494008785,-12.066197577508992,273.6992350081257,0.62
42,199,2022-08-05,2022-09-15,2022,GBPUSD,30,1,216.27259149385299,7.209086383128433,24.626551580268902,402.3133392915223,0.608
42,199,2022-08-05,2022-09-15,2022,AUDUSD,30,1,255.60788601164506,8.520262867054836,4.002505333269635,371.6540459573839,0.776
42,199,2022-08-05,2022-09-15,2022,USDJPY,30,3,89.54998008897384,2.984999336299128,-11.508228800441453,450.5528151988348,0.59
42,199,2022-08-05,2022-09-15,2022,USDCHF,30,1,-135.984151473145,-4.532805049104834,3.7439238916866717,257.88028267905463,0.306
42,199,2022-08-05,2022-09-15,2022,USDCAD,30,1,214.32695805272522,7.144231935090841,1.822113277524696,215.9543888614903,0.832
42,199,2022-08-05,2022-09-15,2022,EURJPY,30,3,141.61520817184947,4.720506939061649,-11.696743124331771,402.6288151723117,0.628
42,199,2022-08-05,2022-09-15,2022,GBPJPY,30,8,-530.6905955353718,-17.689686517845725,-18.68650477138952,294.03574404228186,0.022
42,199,2022-08-05,2022-09-15,2022,XAUUSD,30,1,119.26678422012382,3.9755594740041276,-64.6777153421884,424.9854040037254,0.622
42,199,2022-08-05,2022-09-15,2022,XAGUSD,30,1,-507.747445875345,-16.9249148625115,17.692717546732194,938.1060970131696,0.362
42,199,2022-08-05,2022-09-15,2022,WTI,30,3,-1363.3813331152883,-45.446044437176276,57.759971563991876,1155.1529828087446,0.122
42,199,2022-08-05,2022-09-15,2022,UKOIL,30,3,-1771.4803415331119,-59.049344717770396,-79.53683930365776,1302.7780268131764,0.1
42,199,2022-08-05,2022-09-15,2022,US500,30,1,217.16048629777023,7.238682876592341,37.82449882679551,724.965290292826,0.558
42,199,2022-08-05,2022-09-15,2022,USTECH,30,1,63.425324873327924,2.1141774957775974,-18.562744933432306,898.5911233117953,0.55
42,199,2022-08-05,2022-09-15,2022,BTCUSD,42,5,17.322118546112733,0.41243139395506506,35.40406689985121,2094.666149379695,0.508
42,200,2022-08-26,2022-10-06,2022,EURUSD,30,4,-374.6703899292303,-12.489012997641009,-13.610486366011957,381.28215012196256,0.18
42,200,2022-08-26,2022-10-06,2022,GBPUSD,30,0,555.6550183854881,18.521833946182937,2.2226200735419535,556.207058568109,0.498
42,200,2022-08-26,2022-10-06,2022,AUDUSD,30,0,806.030968212048,26.867698940401603,-58.03422971126746,804.7441681995426,0.536
42,200,2022-08-26,2022-10-06,2022,USDJPY,30,0,609.497249506502,20.31657498355007,-17.06592298618206,609.8684534304099,0.514
42,200,2022-08-26,2022-10-06,2022,USDCHF,30,6,-50.72079544966061,-1.6906931816553539,-3.371357273938992,375.4386540974001,0.45
42,200,2022-08-26,2022-10-06,2022,USDCAD,30,0,608.5983751035673,20.286612503452243,-29.212722004971226,608.5056757060656,0.524
42,200,2022-08-26,2022-10-06,2022,EURJPY,30,4,240.87914033598372,8.029304677866124,-40.637898561165436,476.35210658013835,0.73
42,200,2022-08-26,2022-10-06,2022,GBPJPY,30,8,-358.51267578182683,-11.950422526060894,-7.7527738455285595,664.2872332815442,0.28
42,200,2022-08-26,2022-10-06,2022,XAUUSD,30,2,-138.08362380423046,-4.602787460141015,-46.88037924101344,462.6927973242214,0.438
42,200,2022-08-26,2022-10-06,2022,XAGUSD,30,3,275.39977473594143,9.179992491198048,-118.82993115129514,1434.1615259289,0.598
42,200,2022-08-26,2022-10-06,2022,WTI,30,5,-1147.367460109612,-38.24558200365373,-61.889214599717455,1558.2368373769245,0.246
42,200,2022-08-26,2022-10-06,2022,UKOIL,30,5,-1307.046503097866,-43.56821676992887,101.78956696155682,1445.7975503751477,0.164
42,200,2022-08-26,2022-10-06,2022,US500,30,1,463.88488295820184,15.462829431940062,34.22198320099238,899.4982605733119,0.708
42,200,2022-08-26,2022-10-06,2022,USTECH,30,1,508.90179008462223,16.96339300282074,10.535374315248353,970.044048241927,0.732
42,200,2022-08-26,2022-10-06,2022,BTCUSD,42,9,-1672.459101790208,-39.820454804528765,-245.60206612991948,1863.0215889201745,0.218
42,201,2022-09-16,2022-10-27,2022,EURUSD,30,5,-324.73544759016363,-10.82451491967212,-61.389845227117,477.97051780786705,0.292
42,201,2022-09-16,2022-10-27,2022,GBPUSD,30,1,349.1691267954285,11.63897089318095,26.382859884802937,644.7594838733535,0.706
42,201,2022-09-16,2022-10-27,2022,AUDUSD,30,0,344.40292374920284,11.480097458306762,-13.77611694996811,344.4719354568886,0.52
42,201,2022-09-16,2022-10-27,2022,USDJPY,30,0,208.98100680543544,6.966033560181182,-2.5077720816652236,209.1752395631291,0.506
42,201,2022-09-16,2022-10-27,2022,USDCHF,30,6,-29.25289183411985,-0.9750963944706617,-2.3424536500712785,355.6509794805527,0.478
42,201,2022-09-16,2022-10-27,2022,USDCAD,30,1,437.0166410019248,14.567221366730827,-0.2782637301120699,417.95119851635593,0.76
42,201,2022-09-16,2022-10-27,2022,EURJPY,30,4,-106.79403605159357,-3.5598012017197855,4.259120691912139,486.47953475428943,0.394
42,201,2022-09-16,2022-10-27,2022,GBPJPY,30,4,-96.08198645205077,-3.2027328817350256,54.58797935948614,688.9498328341326,0.436
42,201,2022-09-16,2022-10-27,2022,XAUUSD,30,5,-572.2309556138905,-19.074365187129683,-9.442115809794256,535.0986403138963,0.156
42,201,2022-09-16,2022-10-27,2022,XAGUSD,30,5,-153.30953526670305,-5.110317842223435,-182.2047324846499,1495.4225790376308,0.522
42,201,2022-09-16,2022-10-27,2022,WTI,30,6,-766.2593254159808,-25.541977513866026,-118.72535066615279,1394.5708159667822,0.348
42,201,2022-09-16,2022-10-27,2022,UKOIL,30,6,-935.8304382977867,-31.194347943259558,-47.36560480935535,1217.1780543492928,0.23
42,201,2022-09-16,2022-10-27,2022,US500,30,1,363.8043597533821,12.126811991779402,17.936553047454534,774.9693480558202,0.622
42,201,2022-09-16,2022-10-27,2022,USTECH,30,2,837.2893126243569,27.90964375414523,-17.119217541288307,735.9378262187934,0.864
42,201,2022-09-16,2022-10-27,2022,BTCUSD,42,15,-2289.164158816373,-54.50390854324697,-355.74618245432896,1192.6811673092625,0.056
42,202,2022-10-07,2022-11-17,2022,EURUSD,30,3,256.19165517615124,8.539721839205042,-9.571262706796727,499.6625201289157,0.658
42,202,2022-10-07,2022-11-17,2022,GBPUSD,30,1,373.13038187593867,12.437679395864622,10.067372950827412,500.51557427245154,0.734
42,202,2022-10-07,2022-11-17,2022,AUDUSD,30,3,208.25898009541356,6.941966003180452,-31.7605226981492,598.9331959895482,0.64
42,202,2022-10-07,2022-11-17,2022,USDJPY,30,1,354.49359451197694,11.816453150399232,-54.31743950837645,636.8332799317855,0.602
42,202,2022-10-07,2022-11-17,2022,USDCHF,30,1,356.6779742072628,11.88926580690876,13.605486434372306,522.4795816699859,0.578
42,202,2022-10-07,2022-11-17,2022,USDCAD,30,3,29.286097481299564,0.9762032493766521,-14.025013333193932,271.9518107494771,0.55
42,202,2022-10-07,2022-11-17,2022,EURJPY,30,2,-269.14739307758714,-8.971579769252905,2.2330504412741883,371.566885035198,0.294
42,202,2022-10-07,2022-11-17,2022,GBPJPY,30,2,-370.9919595781805,-12.366398652606017,35.33025009044482,516.4704261410385,0.266
42,202,2022-10-07,2022-11-17,2022,XAUUSD,30,6,312.3627745045721,10.412092483485736,-23.031196146274436,726.8655504977166,0.67
42,202,2022-10-07,2022-11-17,2022,XAGUSD,30,4,-1400.4319521158468,-46.68106507052823,-46.80066588694445,1440.4434726831907,0.184
42,202,2022-10-07,2022-11-17,2022,WTI,30,9,-2103.4375332265,-70.11458444088333,-106.91686546791662,1404.3475254239277,0.096
42,202,2022-10-07,2022-11-17,2022,UKOIL,30,8,-2799.7633088949488,-93.32544362983163,-15.545638893554594,1005.1633349496097,0.004
42,202,2022-10-07,2022-11-17,2022,US500,30,3,357.21532394415175,11.907177464805057,18.68342314831092,779.1422022959579,0.672
42,202,2022-10-07,2022-11-17,2022,USTECH,30,7,-781.3441706680383,-26.04480568893461,-33.09905753145344,1234.1144582155914,0.282
42,202,2022-10-07,2022-11-17,2022,BTCUSD,42,9,-890.1809232735081,-21.194783887464478,-81.81407968365869,2232.105190846515,0.388
42,203,2022-10-28,2022-12-08,2022,EURUSD,30,2,414.5712984248435,13.819043280828117,-1.385907734385637,433.6722896535477,0.798
42,203,2022-10-28,2022-12-08,2022,GBPUSD,30,0,579.8597402891293,19.328658009637643,25.51382857272169,579.8783326881429,0.478
42,203,2022-10-28,2022-12-08,2022,AUDUSD,30,3,408.29135393182986,13.609711797727662,-54.192052012732475,513.667844446959,0.784
42,203,2022-10-28,2022-12-08,2022,USDJPY,30,1,533.1740243316934,17.772467477723115,-49.780442532244685,597.4428908248757,0.75
42,203,2022-10-28,2022-12-08,2022,USDCHF,30,1,526.5329277709556,17.551097592365185,8.425761524531696,485.23779286157,0.864
42,203,2022-10-28,2022-12-08,2022,USDCAD,30,3,-229.61722009319715,-7.653907336439905,-3.1125580561261317,292.3157847146491,0.222
42,203,2022-10-28,2022-12-08,2022,EURJPY,30,1,-185.78540045273516,-6.192846681757839,18.64379898737832,191.8580719053171,0.178
42,203,2022-10-28,2022-12-08,2022,GBPJPY,30,4,-64.33442082655826,-2.1444806942186085,-6.789721216624235,315.9848081938795,0.434
42,203,2022-10-28,2022-12-08,2022,XAUUSD,30,2,590.6933720288772,19.68977906762924,-17.61270883013681,660.0220777350683,0.76
42,203,2022-10-28,2022-12-08,2022,XAGUSD,30,2,-45.77859293495811,-1.525953097831937,-4.392786929181246,1340.8327457055984,0.484
42,203,2022-10-28,2022-12-08,2022,WTI,30,5,-469.25715755100885,-15.641905251700296,-33.17319554211739,1425.2671747446802,0.406
42,203,2022-10-28,2022-12-08,2022,UKOIL,30,5,-519.9924539073942,-17.333081796913138,129.5450083017895,1284.0193565108018,0.328
42,203,2022-10-28,2022-12-08,2022,US500,30,2,398.513951930669,13.283798397688967,44.97605789544733,575.5953353288565,0.702
42,203,2022-10-28,2022-12-08,2022,USTECH,30,5,-1322.3974011731561,-44.07991337243854,60.71571000868465,1084.366704600984,0.108
42,203,2022-10-28,2022-12-08,2022,BTCUSD,42,4,692.4465557812123,16.48682275669553,-182.37222293739606,2065.9334694236927,0.584
42,204,2022-11-18,2022-12-29,2022,EURUSD,30,0,288.14597152537095,9.604865717512364,5.76291943050742,288.3768577575489,0.49
42,204,2022-11-18,2022-12-29,2022,GBPUSD,30,3,46.421324882796085,1.5473774960932027,-4.776615831401843,337.1528894390872,0.546
42,204,2022-11-18,2022-12-29,2022,AUDUSD,30,3,-31.853269106019873,-1.061775636867329,-32.62039216358035,285.4187477518731,0.524
42,204,2022-11-18,2022-12-29,2022,USDJPY,30,0,532.5053223870611,17.750177412902037,-23.430234185030688,532.5223964322877,0.522
42,204,2022-11-18,2022-12-29,2022,USDCHF,30,0,314.6533672782992,10.488445575943306,15.10336162935836,314.60544047014173,0.476
42,204,2022-11-18,2022-12-29,2022,USDCAD,30,3,-338.70928444863483,-11.290309481621161,-6.889016977188099,201.52867202573503,0.032
42,204,2022-11-18,2022-12-29,2022,EURJPY,30,4,101.34765569444271,3.378255189814757,-1.8521172804935868,387.77016374453353,0.576
42,204,2022-11-18,2022-12-29,2022,GBPJPY,30,4,451.3179620072435,15.043932066908118,-32.631956030270594,478.43665215416604,0.798
42,204,2022-11-18,2022-12-29,2022,XAUUSD,30,0,318.27014885808296,10.6090049619361,26.734692504078964,317.46292585030704,0.458
42,204,2022-11-18,2022-12-29,2022,XAGUSD,30,0,1366.8620080737228,45.56206693579076,-5.467448032294888,1368.2199779067803,0.502
42,204,2022-11-18,2022-12-29,2022,WTI,30,2,362.3535748975344,12.078452496584479,40.002850607394116,1034.0923227832775,0.624
42,204,2022-11-18,2022-12-29,2022,UKOIL,29,3,615.5261403588108,21.225039322717613,-0.8418440441745142,1233.0461491375725,0.698
42,204,2022-11-18,2022-12-29,2022,US500,30,3,-126.39942551015125,-4.2133141836717085,-40.633485557896975,484.61942363527817,0.45
42,204,2022-11-18,2022-12-29,2022,USTECH,30,3,-127.42768123048765,-4.247589374349588,5.985030596991464,685.2131838318882,0.438
42,204,2022-11-18,2022-12-29,2022,BTCUSD,42,4,63.69091224081604,1.516450291448001,-101.01097914538687,781.5901112107299,0.568
42,205,2022-12-09,2023-01-19,2022,EURUSD,30,2,30.665170809054743,1.0221723603018247,-4.108442690515479,221.81049177267028,0.552
42,205,2022-12-09,2023-01-19,2022,GBPUSD,30,4,-263.66588216021955,-8.788862738673986,-10.341763607371485,320.4137459281498,0.218
42,205,2022-12-09,2023-01-19,2022,AUDUSD,30,6,-459.89434238785196,-15.329811412928398,-26.693301455772286,346.5681073308825,0.098
42,205,2022-12-09,2023-01-19,2022,USDJPY,30,0,608.1894151951785,20.272980506505952,-17.029303625464998,608.5598226048633,0.514
42,205,2022-12-09,2023-01-19,2022,USDCHF,30,4,-58.02872807253518,-1.9342909357511726,-7.973560434978448,220.50048454097166,0.422
42,205,2022-12-09,2023-01-19,2022,USDCAD,30,5,-348.02302555975285,-11.600767518658428,-7.258295552219084,180.97562701573614,0.026
42,205,2022-12-09,2023-01-19,2022,EURJPY,30,4,201.1503387664073,6.705011292213576,-12.551392335297756,427.3569230995598,0.674
42,205,2022-12-09,2023-01-19,2022,GBPJPY,30,1,335.66845041685013,11.188948347228338,29.30780661993216,520.5709710031878,0.59
42,205,2022-12-09,2023-01-19,2022,XAUUSD,30,0,777.726132943287,25.9242044314429,-15.554522658865732,778.3493110344157,0.51
42,205,2022-12-09,2023-01-19,2022,XAGUSD,30,3,214.10485648529072,7.136828549509691,-79.69112510333348,480.0155916545277,0.726
42,205,2022-12-09,2023-01-19,2022,WTI,30,5,-1855.582948238194,-61.85276494127313,12.096452133806087,1254.0481929876532,0.072
42,205,2022-12-09,2023-01-19,2022,UKOIL,28,3,602.1169874787204,21.504178124240013,-79.14217210747444,1078.0448471186487,0.74
42,205,2022-12-09,2023-01-19,2022,US500,30,4,-754.1446714618829,-25.1381557153961,10.845627206337882,562.2050022712071,0.098
42,205,2022-12-09,2023-01-19,2022,USTECH,30,4,-685.1605857252739,-22.838686190842463,-84.26442684231256,755.5218978499852,0.248
42,205,2022-12-09,2023-01-19,2022,BTCUSD,42,2,1572.4328684533941,37.43887782031891,40.020562222002525,2145.017260696304,0.598
42,206,2022-12-30,2023-02-09,2022,EURUSD,30,3,-174.55354701562675,-5.818451567187558,17.598243492550647,274.55893959288295,0.256
42,206,2022-12-30,2023-02-09,2022,GBPUSD,30,2,-321.80820459165363,-10.726940153055121,5.94503083032505,339.6329811335609,0.168
42,206,2022-12-30,2023-02-09,2022,AUDUSD,30,5,-472.9454277676109,-15.764847592253696,-1.951628773942171,419.6997489862385,0.13
42,206,2022-12-30,2023-02-09,2022,USDJPY,30,2,-143.6757768728518,-4.7891925624283935,-15.791077114486129,317.91586547591146,0.392
42,206,2022-12-30,2023-02-09,2022,USDCHF,30,8,-608.4445312854488,-20.281484376181627,-32.87599206874171,291.74710886658954,0.024
42,206,2022-12-30,2023-02-09,2022,USDCAD,30,6,-268.600340903131,-8.953344696771033,-9.430263202892213,202.65201025254743,0.102
42,206,2022-12-30,2023-02-09,2022,EURJPY,30,4,-69.15606058912014,-2.305202019637338,-16.565726234851486,313.1226218514239,0.424
42,206,2022-12-30,2023-02-09,2022,GBPJPY,30,4,-197.2679950314561,-6.575599834381871,-4.254823295747634,344.41448992497783,0.28
42,206,2022-12-30,2023-02-09,2022,XAUUSD,30,1,290.9419456969994,9.698064856566647,-38.04263928815454,703.1275790086017,0.646
42,206,2022-12-30,2023-02-09,2022,XAGUSD,30,9,-1564.7148432916752,-52.15716144305584,-120.1472282666319,831.9639756235749,0.044
42,206,2022-12-30,2023-02-09,2022,WTI,30,7,-2514.06556784525,-83.80218559484166,-78.63432221158675,1246.773161780392,0.018
42,206,2022-12-30,2023-02-09,2022,UKOIL,29,3,1096.8027340616666,37.82078393316092,-9.726368048347926,1148.761321325557,0.826
42,206,2022-12-30,2023-02-09,2022,US500,30,1,-114.6633508729308,-3.8221116957643604,-11.546752817813388,552.3941724229302,0.45
42,206,2022-12-30,2023-02-09,2022,USTECH,30,1,337.54997299894,11.251665766631334,69.97793366576072,1027.5361867908232,0.546
42,206,2022-12-30,2023-02-09,2022,BTCUSD,42,1,2566.509716788162,61.10737420924196,-18.456699586616857,3055.6446406168357,0.704
42,207,2023-01-20,2023-03-02,2023,EURUSD,30,1,24.511710299086268,0.8170570099695422,-5.25735154491805,228.7615042188039,0.538
42,207,2023-01-20,2023-03-02,2023,GBPUSD,30,1,-191.857601691299,-6.395253389709967,-17.47097641162325,258.3048964437368,0.358
42,207,2023-01-20,2023-03-02,2023,AUDUSD,30,5,163.15976671648218,5.438658890549406,-23.989608816999315,420.7804981713209,0.684
42,207,2023-01-20,2023-03-02,2023,USDJPY,30,3,-98.4374197439876,-3.281247324799587,12.053807302014741,350.47541560216393,0.392
42,207,2023-01-20,2023-03-02,2023,USDCHF,30,5,-227.72460816796274,-7.590820272265424,-12.219495836219162,234.44391469844015,0.188
42,207,2023-01-20,2023-03-02,2023,USDCAD,30,5,-157.84906197192487,-5.261635399064162,-19.621328901438773,200.0966041206142,0.25
42,207,2023-01-20,2023-03-02,2023,EURJPY,30,5,3.3602325084447315,0.11200775028149106,-21.515292511513124,278.9150754626423,0.526
42,207,2023-01-20,2023-03-02,2023,GBPJPY,30,5,-13.487514889660975,-0.44958382965536586,3.667660633420452,313.58226769248637,0.474
42,207,2023-01-20,2023-03-02,2023,XAUUSD,30,1,-206.40350745728932,-6.8801169152429775,4.20118570186064,479.810592749058,0.382
42,207,2023-01-20,2023-03-02,2023,XAGUSD,30,6,-970.9708775259533,-32.365695917531774,-110.88192325630956,813.443301705426,0.156
42,207,2023-01-20,2023-03-02,2023,WTI,30,8,-1635.4812971696397,-54.51604323898799,-30.792568451678875,941.7737577853015,0.034
42,207,2023-01-20,2023-03-02,2023,UKOIL,30,6,-399.51505391111976,-13.317168463703991,-7.085087024609205,885.162759022409,0.302
42,207,2023-01-20,2023-03-02,2023,US500,30,1,333.15088589265457,11.105029529755152,-5.12351499391014,673.3953632905677,0.632
42,207,2023-01-20,2023-03-02,2023,USTECH,30,3,429.8712919270162,14.329043064233874,82.73648057385499,823.4173478088543,0.652
42,207,2023-01-20,2023-03-02,2023,BTCUSD,42,4,-1153.6667418240474,-27.468255757715415,-84.48410071341956,1501.2863999034778,0.248
42,208,2023-02-10,2023-03-23,2023,EURUSD,30,1,121.19185425013444,4.039728475004481,-21.536368885146548,272.5556813853853,0.638
42,208,2023-02-10,2023-03-23,2023,GBPUSD,30,3,178.35405167022947,5.945135055674315,-8.067078710843502,291.43408731372324,0.744
42,208,2023-02-10,2023-03-23,2023,AUDUSD,30,3,415.49846100368654,13.849948700122885,5.29786195502058,342.8102969378766,0.872
42,208,2023-02-10,2023-03-23,2023,USDJPY,30,2,259.81453387676686,8.660484462558895,6.472130808419841,405.77873847195684,0.696
42,208,2023-02-10,2023-03-23,2023,USDCHF,30,4,-209.2309928199577,-6.9743664273319235,4.983369511947436,310.90222063977706,0.238
42,208,2023-02-10,2023-03-23,2023,USDCAD,30,2,-1.2234687250134382,-0.04078229083378127,-1.9419916359995386,209.29235542085905,0.488
42,208,2023-02-10,2023-03-23,2023,EURJPY,30,2,-121.88893467631486,-4.062964489210495,-14.018298751284442,289.90854177277595,0.338
42,208,2023-02-10,2023-03-23,2023,GBPJPY,30,4,-81.16317785141563,-2.7054392617138543,-19.174522436451557,252.56071713838253,0.408
42,208,2023-02-10,2023-03-23,2023,XAUUSD,30,1,617.1981308207919,20.57327102735973,-24.32868084079652,815.5067411845084,0.646
42,208,2023-02-10,2023-03-23,2023,XAGUSD,30,1,570.0006504537864,19.00002168179288,27.20464428415101,1194.0669580594472,0.604
42,208,2023-02-10,2023-03-23,2023,WTI,30,5,821.831894734203,27.394396491140103,-106.5523259769708,1239.3341505193448,0.75
42,208,2023-02-10,2023-03-23,2023,UKOIL,30,5,812.0503475540496,27.06834491846832,-57.071126763707404,1188.4873678699046,0.73
42,208,2023-02-10,2023-03-23,2023,US500,30,3,-405.70622693341943,-13.523540897780647,11.145869383699077,452.5554491400497,0.202
42,208,2023-02-10,2023-03-23,2023,USTECH,30,4,-847.3316851197588,-28.24438950399196,-51.3255231873023,645.256948868669,0.122
42,208,2023-02-10,2023-03-23,2023,BTCUSD,42,6,-1889.3069968534146,-44.9834999250813,-167.0323268757664,2761.4240444379448,0.288
42,209,2023-03-03,2023-04-13,2023,EURUSD,30,1,190.99737681456006,6.366579227152002,5.976021273298626,273.6890628813716,0.76
42,209,2023-03-03,2023-04-13,2023,GBPUSD,30,3,240.74763844558618,8.02492128151954,-23.592026615434268,282.2750868987268,0.828
42,209,2023-03-03,2023-04-13,2023,AUDUSD,30,3,-243.37209411336795,-8.112403137112265,2.6634862470308565,357.98601735827026,0.276
42,209,2023-03-03,2023-04-13,2023,USDJPY,30,4,-328.9838390218513,-10.966127967395042,-0.47108305805544753,364.2800874552445,0.18
42,209,2023-03-03,2023-04-13,2023,USDCHF,30,3,-88.75703010294315,-2.958567670098105,-11.233063237000964,294.69201376067053,0.406
42,209,2023-03-03,2023-04-13,2023,USDCAD,30,1,184.0073077805382,6.13357692601794,0.12237839900589598,290.23353315906485,0.692
42,209,2023-03-03,2023-04-13,2023,EURJPY,30,4,-549.7285021836539,-18.324283406121797,9.732712540205009,360.43900059552436,0.066
42,209,2023-03-03,2023-04-13,2023,GBPJPY,30,4,-540.0412087607393,-18.001373625357978,-12.401791792768911,292.7659075103534,0.046
42,209,2023-03-03,2023-04-13,2023,XAUUSD,29,1,731.6286688353523,25.22857478742594,12.715489619643211,677.5050153311108,0.85
42,209,2023-03-03,2023-04-13,2023,XAGUSD,29,1,1266.9030049425073,43.686310515258874,72.61705572687823,1534.1443266710187,0.702
42,209,2023-03-03,2023-04-13,2023,WTI,29,2,-469.29864051504376,-16.18271174189806,86.3809432878645,1856.5344153413225,0.402
42,209,2023-03-03,2023-04-13,2023,UKOIL,29,2,-406.88658834880044,-14.030572012027601,-9.067602180853166,1604.5507304878097,0.388
42,209,2023-03-03,2023-04-13,2023,US500,30,5,106.31226833116058,3.543742277705353,-11.72722313675886,493.0673053902114,0.588
42,209,2023-03-03,2023-04-13,2023,USTECH,30,1,-74.98533141179527,-2.4995110470598423,-19.813753249116207,658.2905795024841,0.474
42,209,2023-03-03,2023-04-13,2023,BTCUSD,42,4,111.19306798563785,2.647453999658044,-106.49526731808665,2497.6607235165516,0.508
42,210,2023-03-24,2023-05-04,2023,EURUSD,30,0,175.6749173055195,5.85583057685065,-13.351293715219482,175.34226343104305,0.538
42,210,2023-03-24,2023-05-04,2023,GBPUSD,30,2,95.0445047144412,3.16815015714804,-8.430641785978416,199.16505844660878,0.676
42,210,2023-03-24,2023-05-04,2023,AUDUSD,30,6,-742.973918241474,-24.7657972747158,-6.7696217762862245,286.611031477999,0.002
42,210,2023-03-24,2023-05-04,2023,USDJPY,30,5,-264.0234990427973,-8.800783301426577,-4.3485398865023,352.28479589263924,0.222
42,210,2023-03-24,2023-05-04,2023,USDCHF,30,0,343.7028777782203,11.456762592607342,30.24585324448338,342.7123576334719,0.456
42,210,2023-03-24,2023-05-04,2023,USDCAD,30,2,-183.03508721074024,-6.101169573691341,7.406456903119388,242.3140346742787,0.24
42,210,2023-03-24,2023-05-04,2023,EURJPY,30,3,-68.53639336188724,-2.284546445396241,2.6396921034050185,368.2750752408312,0.436
42,210,2023-03-24,2023-05-04,2023,GBPJPY,30,1,-31.48957284763779,-1.049652428254593,-1.3958963568556477,358.84350834354933,0.502
42,210,2023-03-24,2023-05-04,2023,XAUUSD,29,2,167.18215697219458,5.764901964558434,-4.520568737066319,326.02977594528176,0.694
42,210,2023-03-24,2023-05-04,2023,XAGUSD,29,0,1252.9775270943621,43.206121623943524,-60.14292130052939,1252.7866783070567,0.524
42,210,2023-03-24,2023-05-04,2023,WTI,29,2,-1316.9453680479426,-45.411909243032504,-71.97386526458891,1668.6727146198891,0.236
42,210,2023-03-24,2023-05-04,2023,UKOIL,29,4,-1238.919559217404,-42.72136411094496,-21.682710705488383,1437.6408066005674,0.222
42,210,2023-03-24,2023-05-04,2023,US500,30,4,231.764187072765,7.7254729024254996,-22.888118642606216,367.459095063874,0.756
42,210,2023-03-24,2023-05-04,2023,USTECH,30,2,361.9669760259679,12.065565867532262,-12.293700474987874,310.8514468261336,0.858
42,210,2023-03-24,2023-05-04,2023,BTCUSD,42,5,114.38713724880867,2.723503267828778,-65.9144903108316,1173.2007577894833,0.55
42,211,2023-04-14,2023-05-25,2023,EURUSD,30,1,174.86015945360097,5.828671981786699,2.1479904499613873,196.14998395761438,0.732
42,211,2023-04-14,2023-05-25,2023,GBPUSD,30,9,-160.26963011948894,-5.342321003982964,-4.275601383625879,222.50393666558608,0.256
42,211,2023-04-14,2023-05-25,2023,AUDUSD,30,7,-263.20231529905755,-8.773410509968585,-29.58082309119075,348.0503646133518,0.298
42,211,2023-04-14,2023-05-25,2023,USDJPY,30,2,366.3717639841276,12.212392132804252,8.20376548149546,427.1380434956008,0.762
42,211,2023-04-14,2023-05-25,2023,USDCHF,30,3,36.380302872728976,1.2126767624242991,0.982381353022957,161.4627289547997,0.568
42,211,2023-04-14,2023-05-25,2023,USDCAD,30,6,-645.3392236028167,-21.51130745342722,-25.44256589998898,248.5761934968888,0.002
42,211,2023-04-14,2023-05-25,2023,EURJPY,30,0,255.7765181599403,8.525883938664677,4.092424290559044,255.99990470284172,0.492
42,211,2023-04-14,2023-05-25,2023,GBPJPY,30,0,390.8700798117303,13.02900266039101,-3.637978807091713e-15,391.26153717555013,0.5
42,211,2023-04-14,2023-05-25,2023,XAUUSD,30,5,-70.51878432774959,-2.3506261442583196,-0.2501363755988882,434.76511360348684,0.428
42,211,2023-04-14,2023-05-25,2023,XAGUSD,30,1,921.0381848691127,30.701272828970424,-14.956784839733485,787.6089387163476,0.888
42,211,2023-04-14,2023-05-25,2023,WTI,30,1,-387.91197277883117,-12.930399092627706,-10.158632219559939,1161.1680433729605,0.408
42,211,2023-04-14,2023-05-25,2023,UKOIL,30,4,-1185.7778061421973,-39.525926871406575,-52.199928260620204,1056.3710196351688,0.142
42,211,2023-04-14,2023-05-25,2023,US500,30,4,-400.98354127496964,-13.366118042498988,10.668235982198517,281.83669464580817,0.076
42,211,2023-04-14,2023-05-25,2023,USTECH,30,4,410.5649119657231,13.685497065524105,-21.419871645580532,460.5292436781668,0.804
42,211,2023-04-14,2023-05-25,2023,BTCUSD,42,3,500.90496718484377,11.92630874249628,-21.59968295518542,1074.4684090300254,0.672
42,212,2023-05-05,2023-06-15,2023,EURUSD,30,2,180.7537932154197,6.02512644051399,-4.175446258222927,217.03644621431994,0.8
42,212,2023-05-05,2023-06-15,2023,GBPUSD,30,10,-224.15854605910056,-7.471951535303352,-14.347623845210789,259.2166575635543,0.218
42,212,2023-05-05,2023-06-15,2023,AUDUSD,30,5,83.36449765498745,2.7788165884995815,-48.69791499040766,370.27916573987426,0.652
42,212,2023-05-05,2023-06-15,2023,USDJPY,30,0,448.46935201091515,14.948978400363838,-10.763264448261959,448.78918804056667,0.512
42,212,2023-05-05,2023-06-15,2023,USDCHF,30,3,-149.1418433873164,-4.9713947795772135,-2.943223067776218,252.73416820524778,0.322
42,212,2023-05-05,2023-06-15,2023,USDCAD,30,9,-208.2893627809181,-6.942978759363937,-22.426307857412787,222.01641673756006,0.188
42,212,2023-05-05,2023-06-15,2023,EURJPY,30,2,521.2373619826873,17.37457873275624,0.739704486224382,298.8633051137224,0.974
42,212,2023-05-05,2023-06-15,2023,GBPJPY,30,0,609.6986702485641,20.32328900828547,-4.87758936198851,610.2897547841287,0.504
42,212,2023-05-05,2023-06-15,2023,XAUUSD,30,3,-86.42727900191821,-2.8809093000639403,-37.125394912060294,360.2364222620014,0.452
42,212,2023-05-05,2023-06-15,2023,XAGUSD,30,4,-284.3704158219024,-9.47901386073008,-64.89094894986185,875.2694230484407,0.428
42,212,2023-05-05,2023-06-15,2023,WTI,30,4,-7.335971518844133,-0.2445323839614711,4.640278771875259,1068.8343325949754,0.504
42,212,2023-05-05,2023-06-15,2023,UKOIL,30,6,-1156.0855347771108,-38.53618449257036,-72.4918987585217,1118.1329531430306,0.19
42,212,2023-05-05,2023-06-15,2023,US500,30,3,395.6774739147992,13.189249130493305,-8.572883352115236,368.50775700252484,0.852
42,212,2023-05-05,2023-06-15,2023,USTECH,30,2,1196.0941212534744,39.86980404178248,-18.110299655612092,892.3872038252488,0.886
42,212,2023-05-05,2023-06-15,2023,BTCUSD,42,2,396.7632534573057,9.446744129935851,-31.044299704279467,977.4143765943074,0.642
42,213,2023-05-26,2023-07-06,2023,EURUSD,30,1,-68.84087496127457,-2.2946958320424855,-12.661925851443288,183.68021068690692,0.472
42,213,2023-05-26,2023-07-06,2023,GBPUSD,30,3,-199.87653181968136,-6.662551060656045,-27.7283101076677,253.72944738530796,0.284
42,213,2023-05-26,2023-07-06,2023,AUDUSD,30,2,-374.43295869826125,-12.481098623275376,-29.5730816680462,431.8701993623574,0.244
42,213,2023-05-26,2023-07-06,2023,USDJPY,30,0,281.202941912162,9.373431397072066,-19.121800050027012,280.8330209826651,0.534
42,213,2023-05-26,2023-07-06,2023,USDCHF,30,1,-188.6142420975907,-6.287141403253023,9.13733063196119,118.10519279725563,0.018
42,213,2023-05-26,2023-07-06,2023,USDCAD,30,4,52.01329715789983,1.7337765719299942,2.1078111609965062,201.14670336191995,0.6
42,213,2023-05-26,2023-07-06,2023,EURJPY,30,2,579.5318645454586,19.31772881818195,-11.357368107555912,398.8868086945478,0.954
42,213,2023-05-26,2023-07-06,2023,GBPJPY,30,0,623.3938277536821,20.77979425845607,-9.97430124405892,623.9382787965292,0.508
42,213,2023-05-26,2023-07-06,2023,XAUUSD,30,0,145.3920907230111,4.84640302410037,1.8189894035458565e-15,145.5377012659877,0.5
42,213,2023-05-26,2023-07-06,2023,XAGUSD,30,4,-1231.7836140301424,-41.05945380100475,-68.10320981238107,715.0884471407708,0.052
42,213,2023-05-26,2023-07-06,2023,WTI,30,6,407.1866026155746,13.572886753852487,-21.646353537822208,984.4707276382848,0.664
42,213,2023-05-26,2023-07-06,2023,UKOIL,30,11,8.977992177649945,0.2992664059216648,-97.35602861414716,1024.2923322013628,0.542
42,213,2023-05-26,2023-07-06,2023,US500,30,0,627.8545945118908,20.928486483729692,25.114183780475635,627.9804044709758,0.48
42,213,2023-05-26,2023-07-06,2023,USTECH,30,0,813.656008666107,27.121866955536902,3.2546240346644297,814.4643714033315,0.498
42,213,2023-05-26,2023-07-06,2023,BTCUSD,42,3,-904.9055293695192,-21.545369746893314,-85.52565166372597,1653.1278719030183,0.372
42,214,2023-06-16,2023-07-27,2023,EURUSD,30,0,32.75136364202514,1.091712121400838,-0.2620109091362011,32.783115104693685,0.504
42,214,2023-06-16,2023-07-27,2023,GBPUSD,30,0,9.74944503656097,0.324981501218699,-0.27298446102370705,9.75538277008877,0.514
42,214,2023-06-16,2023-07-27,2023,AUDUSD,30,6,-908.7993117096523,-30.293310390321743,-24.53837442461682,368.56257597863623,0.004
42,214,2023-06-16,2023-07-27,2023,USDJPY,30,1,78.10883227729052,2.6036277425763505,-5.891808761047786,426.18422918529615,0.546
42,214,2023-06-16,2023-07-27,2023,USDCHF,30,1,254.24032554416416,8.474677518138806,1.2893514404789665,357.2863366934833,0.576
42,214,2023-06-16,2023-07-27,2023,USDCAD,30,6,-132.9449982281163,-4.4314999409372104,-12.34832026518711,144.98864345889706,0.21
42,214,2023-06-16,2023-07-27,2023,EURJPY,30,3,89.52733399978891,2.9842444666596304,-20.924354184175783,405.6366916554283,0.58
42,214,2023-06-16,2023-07-27,2023,GBPJPY,30,3,284.38192916104515,9.479397638701505,15.55319850754973,361.0354949024349,0.714
42,214,2023-06-16,2023-07-27,2023,XAUUSD,30,3,-66.48922903209869,-2.21630763440329,-5.701826213519558,294.65735759925644,0.418
42,214,2023-06-16,2023-07-27,2023,XAGUSD,30,2,-744.708766674587,-24.823625555819564,10.073638277104058,1072.401053490672,0.244
42,214,2023-06-16,2023-07-27,2023,WTI,30,3,988.1267327939834,32.937557759799446,-45.34756764744362,887.3096458890657,0.864
42,214,2023-06-16,2023-07-27,2023,UKOIL,30,7,941.5684401828009,31.38561467276003,-89.52010184972387,812.844124247027,0.89
42,214,2023-06-16,2023-07-27,2023,US500,30,0,272.22357914126536,9.074119304708846,-13.06673179878074,272.18211507759975,0.524
42,214,2023-06-16,2023-07-27,2023,USTECH,30,0,215.38590310940077,7.179530103646693,4.307718062188016,215.55848799535258,0.49
42,214,2023-06-16,2023-07-27,2023,BTCUSD,42,2,23.951959857272108,0.5702847585064788,-16.721286024186956,1571.706731542659,0.502
42,215,2023-07-07,2023-08-17,2023,EURUSD,30,1,220.89243684753777,7.363081228251259,-0.09370101685943245,352.37104773278264,0.718
42,215,2023-07-07,2023-08-17,2023,GBPUSD,30,1,-44.607676278201204,-1.4869225426067068,-28.23109337673293,249.08247692688659,0.448
42,215,2023-07-07,2023-08-17,2023,AUDUSD,30,8,-649.1954761165646,-21.639849203885486,-19.677471770825424,423.430175701728,0.066
42,215,2023-07-07,2023-08-17,2023,USDJPY,30,2,-227.94751866247526,-7.598250622082508,-47.04899028792331,400.5988678008827,0.338
42,215,2023-07-07,2023-08-17,2023,USDCHF,30,1,216.29963865469944,7.209987955156648,-23.594343623422205,397.67559606445326,0.634
42,215,2023-07-07,2023-08-17,2023,USDCAD,30,11,16.177471532355074,0.5392490510785025,-20.196758546905077,177.8874170272307,0.572
42,215,2023-07-07,2023-08-17,2023,EURJPY,30,6,-359.53633228990145,-11.984544409663382,-0.8403007627149984,356.6359278545305,0.148
42,215,2023-07-07,2023-08-17,2023,GBPJPY,30,4,-5.966264907742271,-0.19887549692474238,-4.421652926135847,264.00488084203596,0.496
42,215,2023-07-07,2023-08-17,2023,XAUUSD,30,4,-242.77418249058724,-8.092472749686241,-24.766716938151657,292.5930050456578,0.24
42,215,2023-07-07,2023-08-17,2023,XAGUSD,30,2,-885.2924924814466,-29.509749749381555,-51.80207202024598,1108.474596352236,0.228
42,215,2023-07-07,2023-08-17,2023,WTI,30,1,1057.5249505386234,35.250831684620785,-39.408806596500625,1253.1736132012238,0.758
42,215,2023-07-07,2023-08-17,2023,UKOIL,30,1,923.0228466598098,30.76742822199366,72.7809605979991,983.7337726706322,0.754
42,215,2023-07-07,2023-08-17,2023,US500,30,1,389.4094463625207,12.980314878750692,-8.879155356535907,571.1955298949873,0.628
42,215,2023-07-07,2023-08-17,2023,USTECH,30,1,344.0509046436913,11.468363488123043,-22.855656851669853,711.3514163540692,0.652
42,215,2023-07-07,2023-08-17,2023,BTCUSD,42,3,1273.826341166254,30.329198599196523,-72.43923541726093,1124.8236785107817,0.888
42,216,2023-07-28,2023-09-07,2023,EURUSD,30,1,300.56837545718236,10.018945848572745,5.2726586786848895,188.86093739943757,0.924
42,216,2023-07-28,2023-09-07,2023,GBPUSD,30,1,126.91564757876569,4.230521585958856,9.829675954558311,163.5382518254497,0.692
42,216,2023-07-28,2023-09-07,2023,AUDUSD,30,3,8.434634181396875,0.2811544727132292,-14.46535424099804,286.41876541658536,0.534
42,216,2023-07-28,2023-09-07,2023,USDJPY,30,1,68.92330995981344,2.2974436653271146,-1.3341734895678983,369.46965496761396,0.576
42,216,2023-07-28,2023-09-07,2023,USDCHF,30,1,82.89066112276808,2.7630220374256025,-8.96557239779919,126.77364632604694,0.756
42,216,2023-07-28,2023-09-07,2023,USDCAD,30,5,143.28387281827546,4.776129093942515,-9.299687781261571,169.09712121773654,0.79
42,216,2023-07-28,2023-09-07,2023,EURJPY,30,3,-288.3217736761042,-9.610725789203475,-1.8040124397773556,343.04299923076024,0.266
42,216,2023-07-28,2023-09-07,2023,GBPJPY,30,1,-164.20238850050782,-5.473412950016927,22.583376445054043,393.54078387173496,0.444
42,216,2023-07-28,2023-09-07,2023,XAUUSD,30,4,-329.3062992317209,-10.976876641057364,-5.132478123813878,290.6191277322022,0.132
42,216,2023-07-28,2023-09-07,2023,XAGUSD,30,2,-1880.297353265049,-62.6765784421683,17.145758702220164,1106.5021523683422,0.054
42,216,2023-07-28,2023-09-07,2023,WTI,30,2,119.57010612339877,3.9856702041132923,-26.793899714773914,1022.5843467651407,0.554
42,216,2023-07-28,2023-09-07,2023,UKOIL,30,4,117.3336531703833,3.91112177234611,-2.6470066752597012,730.500595259165,0.538
42,216,2023-07-28,2023-09-07,2023,US500,30,3,-90.30731120777274,-3.010243706925758,-14.633908258398584,382.07700141415035,0.434
42,216,2023-07-28,2023-09-07,2023,USTECH,30,2,-578.3820896612801,-19.27940298870934,-49.64573674581572,559.6084136278564,0.18
42,216,2023-07-28,2023-09-07,2023,BTCUSD,42,2,881.1076304480056,20.978753105904893,-29.4240137081361,1147.1547284747696,0.644
42,217,2023-08-18,2023-09-28,2023,EURUSD,30,0,288.7333680122884,9.624445600409613,-1.1549334720491542,289.0202230139212,0.502
42,217,2023-08-18,2023-09-28,2023,GBPUSD,30,0,432.7684977051416,14.425616590171387,-25.9661098623085,432.42144993664954,0.53
42,217,2023-08-18,2023-09-28,2023,AUDUSD,30,4,-52.226624539264506,-1.7408874846421503,-21.171969426042168,206.76486003611538,0.452
42,217,2023-08-18,2023-09-28,2023,USDJPY,30,0,248.09083715132687,8.269694571710895,12.900723531868998,248.00331873385582,0.474
42,217,2023-08-18,2023-09-28,2023,USDCHF,30,0,409.37291028550703,13.645763676183568,-11.462441487994194,409.62223188747095,0.514
42,217,2023-08-18,2023-09-28,2023,USDCAD,30,1,-4.748075866476,-0.15826919554920002,-8.102039445429904,102.62723739935021,0.488
42,217,2023-08-18,2023-09-28,2023,EURJPY,30,3,-134.52522296417771,-4.484174098805924,-1.6508068634620958,119.49791284848504,0.146
42,217,2023-08-18,2023-09-28,2023,GBPJPY,30,1,-58.404748062908844,-1.946824935430295,5.626155860704644,151.43558302558765,0.3
42,217,2023-08-18,2023-09-28,2023,XAUUSD,30,4,-155.11167324896027,-5.170389108298676,-10.997368037479822,323.5728430657348,0.35
42,217,2023-08-18,2023-09-28,2023,XAGUSD,30,4,-1609.0641364121093,-53.63547121373698,3.325374395448918,864.8700819151071,0.028
42,217,2023-08-18,2023-09-28,2023,WTI,30,2,678.8178746304194,22.627262487680646,-19.36973512994765,983.2189958686506,0.69
42,217,2023-08-18,2023-09-28,2023,UKOIL,30,4,427.41844289081496,14.247281429693832,-11.345322808572336,704.4551147438336,0.69
42,217,2023-08-18,2023-09-28,2023,US500,30,4,-152.18134972625677,-5.072711657541892,-38.42550340402199,410.1676461117896,0.386
42,217,2023-08-18,2023-09-28,2023,USTECH,30,2,-716.9621323457941,-23.898737744859805,-33.2556067316824,566.9583933179995,0.156
42,217,2023-08-18,2023-09-28,2023,BTCUSD,42,5,-213.00175106546263,-5.071470263463396,-79.12290370321122,854.7518059916537,0.456
42,218,2023-09-08,2023-10-19,2023,EURUSD,30,0,101.88591075696584,3.396197025232195,-1.2226309290835897,101.98060635499634,0.506
42,218,2023-09-08,2023-10-19,2023,GBPUSD,30,0,273.45162487222296,9.115054162407432,-12.03187149437781,273.46039271963036,0.522
42,218,2023-09-08,2023-10-19,2023,AUDUSD,30,8,125.15579712525263,4.171859904175088,-44.20070450687959,309.8296764752382,0.692
42,218,2023-09-08,2023-10-19,2023,USDJPY,30,0,167.89270055372006,5.596423351790668,-6.715708022148803,167.92634301484398,0.52
42,218,2023-09-08,2023-10-19,2023,USDCHF,30,1,146.99411381564602,4.8998037938548675,15.553830925611038,329.0875891093047,0.66
42,218,2023-09-08,2023-10-19,2023,USDCAD,30,2,-214.47523127668404,-7.149174375889468,5.862322748437965,179.20753491164683,0.136
42,218,2023-09-08,2023-10-19,2023,EURJPY,30,9,-410.3409768445235,-13.678032561484116,-23.763098742738087,181.75112966594014,0.018
42,218,2023-09-08,2023-10-19,2023,GBPJPY,30,1,68.09582960583447,2.269860986861149,1.005843184777992,127.02290213891014,0.662
42,218,2023-09-08,2023-10-19,2023,XAUUSD,30,4,-225.98384943609705,-7.532794981203235,-14.435544848792276,690.1750496361977,0.41
42,218,2023-09-08,2023-10-19,2023,XAGUSD,30,3,-208.54647533977197,-6.9515491779923995,-56.83834394443481,1055.8810983631506,0.44
42,218,2023-09-08,2023-10-19,2023,WTI,30,1,-847.7311932814898,-28.257706442716326,17.14949375328995,626.1938547981663,0.074
42,218,2023-09-08,2023-10-19,2023,UKOIL,30,1,-1242.247818436571,-41.40826061455236,16.740527599723293,640.949083073425,0.054
42,218,2023-09-08,2023-10-19,2023,US500,30,2,102.57058272232608,3.419019424077536,18.20814645084842,438.4683211152979,0.552
42,218,2023-09-08,2023-10-19,2023,USTECH,30,1,-91.16844438811306,-3.0389481462704353,2.6425669075410467,370.15138826836176,0.428
42,218,2023-09-08,2023-10-19,2023,BTCUSD,42,5,330.28222307471447,7.863862454159868,-64.61691370121655,944.0099443798855,0.67
42,219,2023-09-29,2023-11-09,2023,EURUSD,30,3,-211.0910543078115,-7.03636847692705,-3.5440726702975054,157.3340246820717,0.1
42,219,2023-09-29,2023-11-09,2023,GBPUSD,30,4,-59.356166467032665,-1.978538882234422,-13.588882678375306,240.220877306664,0.42
42,219,2023-09-29,2023-11-09,2023,AUDUSD,30,6,349.71809188036934,11.657269729345645,-4.316814946846584,369.6524617348331,0.824
42,219,2023-09-29,2023-11-09,2023,USDJPY,30,2,-164.3930736617175,-5.47976912205725,-5.695637010376777,131.55440328340785,0.11
42,219,2023-09-29,2023-11-09,2023,USDCHF,30,1,-228.02428506377828,-7.6008095021259425,-2.3043185156948147,212.1547986140487,0.14
42,219,2023-09-29,2023-11-09,2023,USDCAD,30,3,-107.87771257802285,-3.5959237526007617,-12.074642619190607,199.052933823691,0.338
42,219,2023-09-29,2023-11-09,2023,EURJPY,30,7,-148.45492625826645,-4.948497541942215,-22.253399088816934,208.77395530170625,0.28
42,219,2023-09-29,2023-11-09,2023,GBPJPY,30,3,189.63472746081075,6.321157582027025,21.305218968394453,206.0270754644726,0.768
42,219,2023-09-29,2023-11-09,2023,XAUUSD,30,3,-552.830460610493,-18.427682020349767,-34.003861406536764,640.6732719758443,0.248
42,219,2023-09-29,2023-11-09,2023,XAGUSD,30,1,-307.59828006560247,-10.253276002186748,-19.920251819088975,666.9515342615896,0.29
42,219,2023-09-29,2023-11-09,2023,WTI,30,1,207.9735525270123,6.93245175090041,-83.4856023628189,938.6260741362447,0.664
42,219,2023-09-29,2023-11-09,2023,UKOIL,30,5,-690.7840682132465,-23.02613560710822,28.415976091882154,1183.3136769964383,0.262
42,219,2023-09-29,2023-11-09,2023,US500,30,2,186.38039260676808,6.212679753558936,-24.056599794192493,530.5266727609461,0.67
42,219,2023-09-29,2023-11-09,2023,USTECH,30,5,-810.7274064922902,-27.02424688307634,-7.7407008204808845,743.6770106977847,0.152
42,219,2023-09-29,2023-11-09,2023,BTCUSD,42,0,3164.360115987421,75.34190752351003,151.8892855673962,3163.8781326495914,0.476
42,220,2023-10-20,2023-11-30,2023,EURUSD,30,3,23.660489969828944,0.7886829989942982,-13.721659553229852,241.0273609347223,0.56
42,220,2023-10-20,2023-11-30,2023,GBPUSD,30,5,220.75546942466633,7.358515647488877,-5.957779344256605,286.94017829433506,0.776
42,220,2023-10-20,2023-11-30,2023,AUDUSD,30,3,508.79373899434444,16.95979129981148,-12.69757066606855,332.89249183307624,0.948
42,220,2023-10-20,2023-11-30,2023,USDJPY,30,3,-219.69571526339297,-7.323190508779765,-5.377797946183628,227.58946090923106,0.188
42,220,2023-10-20,2023-11-30,2023,USDCHF,30,2,-93.71893253095467,-3.123964417698489,2.4108625062431472,249.6814803355879,0.384
42,220,2023-10-20,2023-11-30,2023,USDCAD,30,7,-102.19700476759189,-3.4065668255863963,7.083755064969946,194.3613032101211,0.268
42,220,2023-10-20,2023-11-30,2023,EURJPY,30,1,164.7594981362464,5.4919832712082135,-8.582165654441122,276.4071572351188,0.686
42,220,2023-10-20,2023-11-30,2023,GBPJPY,30,3,278.20628006757056,9.273542668919019,-2.492252987404312,228.67728337678972,0.876
42,220,2023-10-20,2023-11-30,2023,XAUUSD,30,4,153.00594907261183,5.100198302420394,-2.702623814696313,384.9513896557619,0.654
42,220,2023-10-20,2023-11-30,2023,XAGUSD,30,3,288.95666869153035,9.631888956384346,-73.6926056777728,840.0104499816904,0.68
42,220,2023-10-20,2023-11-30,2023,WTI,30,0,1575.9919345528442,52.533064485094805,50.43174190569101,1576.7623715502114,0.484
42,220,2023-10-20,2023-11-30,2023,UKOIL,30,4,823.1685321812121,27.43895107270707,-68.83274605718147,1035.1074951421149,0.79
42,220,2023-10-20,2023-11-30,2023,US500,30,3,284.17664981013803,9.472554993671269,28.6145884543874,594.4756057029952,0.658
42,220,2023-10-20,2023-11-30,2023,USTECH,30,7,-777.7899472564999,-25.92633157521666,40.83232026157874,665.5562275725918,0.12
42,220,2023-10-20,2023-11-30,2023,BTCUSD,42,0,2864.1293213211247,68.19355526955059,148.9347247086985,2863.1189491989107,0.474
42,221,2023-11-10,2023-12-21,2023,EURUSD,30,4,-6.283418266643054,-0.20944727555476844,-5.808342068159158,332.8336346148837,0.506
42,221,2023-11-10,2023-12-21,2023,GBPUSD,30,1,378.15153242610893,12.605051080870298,13.790265033967781,277.7507133462324,0.906
42,221,2023-11-10,2023-12-21,2023,AUDUSD,30,1,664.568342915601,22.1522780971867,-3.1855413295607886,316.02698589691323,0.974
42,221,2023-11-10,2023-12-21,2023,USDJPY,30,1,380.19713490382037,12.673237830127345,-12.230904608894718,409.02366136910643,0.772
42,221,2023-11-10,2023-12-21,2023,USDCHF,30,2,246.801112759875,8.2267037586625,-12.505300034037393,363.7424839395079,0.708
42,221,2023-11-10,2023-12-21,2023,USDCAD,30,5,99.74685688766817,3.324895229588939,7.081096747359037,197.7192676320877,0.64
42,221,2023-11-10,2023-12-21,2023,EURJPY,30,1,106.0475212677125,3.5349173755904166,-14.538489693169742,392.7385046159126,0.588
42,221,2023-11-10,2023-12-21,2023,GBPJPY,30,1,249.29747681017534,8.309915893672512,12.94417851383667,375.4828834261821,0.644
42,221,2023-11-10,2023-12-21,2023,XAUUSD,30,4,313.10428174511,10.436809391503665,-31.582863361536944,430.8988255966771,0.794
42,221,2023-11-10,2023-12-21,2023,XAGUSD,30,4,-876.064473329889,-29.2021491109963,-25.2373161843977,1133.2123510229098,0.222
42,221,2023-11-10,2023-12-21,2023,WTI,30,0,163.44644102181067,5.448214700727022,10.460572225395884,163.27471566953486,0.468
42,221,2023-11-10,2023-12-21,2023,UKOIL,30,0,6.244576943616934,0.20815256478723115,0.17484815442127416,6.248380096898582,0.486
42,221,2023-11-10,2023-12-21,2023,US500,30,1,557.0234821089027,18.56744940363009,14.567722630000507,436.6364810861658,0.838
42,221,2023-11-10,2023-12-21,2023,USTECH,30,2,509.4176267030916,16.98058755676972,-7.0897686582932415,719.3072894879168,0.706
42,221,2023-11-10,2023-12-21,2023,BTCUSD,42,0,1922.7795419522567,45.780465284577545,184.58683602741664,1915.8156398901258,0.452
42,222,2023-12-01,2024-01-11,2023,EURUSD,30,4,-237.17841884200152,-7.905947294733384,0.1871669801336775,226.31730168526013,0.164
42,222,2023-12-01,2024-01-11,2023,GBPUSD,30,0,119.09951980332958,3.9699839934443193,-3.334786554493227,119.1720553383502,0.514
42,222,2023-12-01,2024-01-11,2023,AUDUSD,30,0,143.41869257218912,4.780623085739637,-1.1473495405775127,143.55773268401316,0.504
42,222,2023-12-01,2024-01-11,2023,USDJPY,30,3,77.134164566625,2.5711388188875,-7.345537227052312,383.75410262713916,0.568
42,222,2023-12-01,2024-01-11,2023,USDCHF,30,0,271.45088871437076,9.048362957145692,-13.029642658289795,271.40954234398197,0.524
42,222,2023-12-01,2024-01-11,2023,USDCAD,30,0,131.21165489602626,4.373721829867542,-1.0496932391682103,131.33886065172075,0.504
42,222,2023-12-01,2024-01-11,2023,EURJPY,30,2,34.16310002426726,1.1387700008089086,-13.81853483353327,290.0827763712177,0.558
42,222,2023-12-01,2024-01-11,2023,GBPJPY,30,2,44.09899031886196,1.4699663439620652,-16.51281958408402,334.2792209261889,0.586
42,222,2023-12-01,2024-01-11,2023,XAUUSD,30,3,-114.74322568130604,-3.824774189376868,-7.225733007752741,364.5107918952773,0.38
42,222,2023-12-01,2024-01-11,2023,XAGUSD,30,5,-1119.8992172554551,-37.32997390851517,-79.577555678484,920.0655880825025,0.128
42,222,2023-12-01,2024-01-11,2023,WTI,30,3,-49.019452980243784,-1.6339817660081262,-68.84989801648669,1011.5723979712387,0.532
42,222,2023-12-01,2024-01-11,2023,UKOIL,28,3,-177.53099536379656,-6.340392691564163,-80.0802765379678,963.1832621500373,0.462
42,222,2023-12-01,2024-01-11,2023,US500,30,0,459.3328707577681,15.311095691925603,-29.397303728497157,458.8502716962675,0.532
42,222,2023-12-01,2024-01-11,2023,USTECH,30,0,549.3271164566671,18.310903881888905,39.55155238488004,548.450135089693,0.464
42,222,2023-12-01,2024-01-11,2023,BTCUSD,42,6,1612.435017240842,38.39130993430576,27.699079371650065,1654.5808184521636,0.826
42,223,2023-12-22,2024-02-01,2023,EURUSD,30,3,-55.152153493550436,-1.8384051164516813,4.302203339348952,133.7075583840411,0.328
42,223,2023-12-22,2024-02-01,2023,GBPUSD,30,4,-23.351889969605978,-0.7783963323201992,-7.846104676507894,121.01146461066335,0.464
42,223,2023-12-22,2024-02-01,2023,AUDUSD,30,1,40.76262299718413,1.3587540999061376,-17.33381111912402,288.96203126741807,0.572
42,223,2023-12-22,2024-02-01,2023,USDJPY,30,3,-231.71059843703128,-7.723686614567709,-3.619422636957715,313.7393420663913,0.244
42,223,2023-12-22,2024-02-01,2023,USDCHF,30,1,-109.35678110475506,-3.6452260368251688,-6.7959445692668945,201.77853405094032,0.408
42,223,2023-12-22,2024-02-01,2023,USDCAD,30,1,-108.41547582226991,-3.6138491940756636,-0.8565833956559057,150.66732087347512,0.292
42,223,2023-12-22,2024-02-01,2023,EURJPY,30,1,-90.10843216711835,-3.0036144055706115,-4.45931458978733,263.3514492267269,0.4
42,223,2023-12-22,2024-02-01,2023,GBPJPY,30,1,-24.797384614827344,-0.8265794871609115,-15.494440477885506,363.67044751726206,0.476
42,223,2023-12-22,2024-02-01,2023,XAUUSD,30,5,-490.83277878172,-16.36109262605733,-17.421585516736886,247.25905125917058,0.03
42,223,2023-12-22,2024-02-01,2023,XAGUSD,30,3,18.28486603530166,0.6094955345100553,-96.41552651862833,582.9795232768787,0.596
42,223,2023-12-22,2024-02-01,2023,WTI,30,9,-1097.4432365722935,-36.581441219076446,-112.94365899636236,909.6771963408414,0.124
42,223,2023-12-22,2024-02-01,2023,UKOIL,28,7,-957.7994465599444,-34.20712309142659,-19.235458542369322,777.716825678846,0.112
42,223,2023-12-22,2024-02-01,2023,US500,30,0,392.60971624643366,13.086990541547788,15.704388649857345,392.6883876661686,0.48
42,223,2023-12-22,2024-02-01,2023,USTECH,30,0,453.7258772963538,15.12419590987846,-7.2596140367416595,454.12214610118116,0.508
42,223,2023-12-22,2024-02-01,2023,BTCUSD,42,9,-1570.5129994692963,-37.393166654030864,-60.545444180063434,1466.4798756280754,0.186
42,224,2024-01-12,2024-02-22,2024,EURUSD,30,3,9.434043752724218,0.3144681250908073,-5.433899403549216,159.99263359673995,0.54
42,224,2024-01-12,2024-02-22,2024,GBPUSD,30,5,-219.7650713369644,-7.325502377898814,-24.89045056483476,161.18721032778578,0.14
42,224,2024-01-12,2024-02-22,2024,AUDUSD,30,1,205.72447393111543,6.857482464370515,15.45248366321598,262.7896847988348,0.71
42,224,2024-01-12,2024-02-22,2024,USDJPY,30,0,366.686098529374,12.222869950979135,-2.9334887882349956,367.0415896806978,0.504
42,224,2024-01-12,2024-02-22,2024,USDCHF,30,1,91.65330634833887,3.0551102116112956,0.4415607222822464,232.08648014207694,0.666
42,224,2024-01-12,2024-02-22,2024,USDCAD,30,4,26.814165448521056,0.8938055149507018,-4.381243053050378,129.37490886230435,0.584
42,224,2024-01-12,2024-02-22,2024,EURJPY,30,2,56.339263169120116,1.8779754389706704,-10.25722719559424,221.69284295970726,0.622
42,224,2024-01-12,2024-02-22,2024,GBPJPY,30,0,273.4343306017116,9.11447768672372,-5.468686612034235,273.65342865818116,0.51
42,224,2024-01-12,2024-02-22,2024,XAUUSD,30,7,-344.9765497632914,-11.499218325443048,-20.616703963744182,295.7903489067436,0.142
42,224,2024-01-12,2024-02-22,2024,XAGUSD,30,3,-598.9584304305263,-19.965281014350875,-73.38489600049157,526.9562560929405,0.166
42,224,2024-01-12,2024-02-22,2024,WTI,30,8,-391.7066763748599,-13.05688921249533,31.088952744249855,798.0845908588594,0.276
42,224,2024-01-12,2024-02-22,2024,UKOIL,30,6,-256.7416247525704,-8.558054158419013,-72.29030396384125,762.7356190650584,0.424
42,224,2024-01-12,2024-02-22,2024,US500,30,0,637.2617251630863,21.24205750543621,-22.94142210587111,637.4864511976033,0.518
42,224,2024-01-12,2024-02-22,2024,USTECH,30,0,691.9787569160941,23.065958563869803,11.071660110657508,692.5831077117838,0.492
42,224,2024-01-12,2024-02-22,2024,BTCUSD,42,6,-56.68084018950998,-1.349543814035952,-74.32403229459449,1742.409421986578,0.522
42,225,2024-02-02,2024-03-14,2024,EURUSD,30,5,-10.646882539996625,-0.35489608466655415,-8.930839242851787,140.96815545011557,0.486
42,225,2024-02-02,2024-03-14,2024,GBPUSD,30,2,-42.590799175480946,-1.4196933058493648,4.675943856620608,177.92634424151868,0.394
42,225,2024-02-02,2024-03-14,2024,AUDUSD,30,3,-48.829923403955924,-1.6276641134651975,-7.934073957507726,196.96420246832514,0.43
42,225,2024-02-02,2024-03-14,2024,USDJPY,30,1,66.58908377052832,2.219636125684277,-10.953553606183869,299.91884752024004,0.584
42,225,2024-02-02,2024-03-14,2024,USDCHF,30,1,150.344251172935,5.011475039097833,2.251826522204675,215.0480480816104,0.64
42,225,2024-02-02,2024-03-14,2024,USDCAD,30,7,-8.270530240890551,-0.2756843413630184,-7.747437326393319,157.29911392414402,0.498
42,225,2024-02-02,2024-03-14,2024,EURJPY,30,4,-133.91616799339008,-4.4638722664463355,8.037227051195634,187.83539636659964,0.234
42,225,2024-02-02,2024-03-14,2024,GBPJPY,30,1,26.33546260977658,0.8778487536592193,-2.968910708646895,198.7683363690734,0.514
42,225,2024-02-02,2024-03-14,2024,XAUUSD,30,7,101.51949912600344,3.3839833042001146,7.162047274572174,511.28903593316096,0.538
42,225,2024-02-02,2024-03-14,2024,XAGUSD,30,7,-348.74065044846486,-11.624688348282161,-214.98229210892214,876.240232234889,0.456
42,225,2024-02-02,2024-03-14,2024,WTI,30,4,507.24693605710246,16.908231201903416,-39.66604104251027,677.4118190973993,0.752
42,225,2024-02-02,2024-03-14,2024,UKOIL,30,10,-34.124302505617976,-1.1374767501872658,-54.49558394676174,616.6700709977495,0.492
42,225,2024-02-02,2024-03-14,2024,US500,30,0,434.86923571707473,14.495641190569158,8.6973847143415,435.2176886862185,0.49
42,225,2024-02-02,2024-03-14,2024,USTECH,30,0,288.9056905460285,9.630189684867617,10.400604859657022,289.0075711825428,0.482
42,225,2024-02-02,2024-03-14,2024,BTCUSD,42,3,5007.671501454694,119.23027384415938,82.31274874815256,2844.39992720831,0.974
42,226,2024-02-23,2024-04-04,2024,EURUSD,30,6,-154.50645317344905,-5.150215105781635,-6.089971397088881,165.22014291961338,0.184
42,226,2024-02-23,2024-04-04,2024,GBPUSD,30,2,26.88407896277846,0.8961359654259486,0.8151290128377636,170.42715949386167,0.554
42,226,2024-02-23,2024-04-04,2024,AUDUSD,30,9,-346.48700104921704,-11.549566701640568,-37.328619231554434,264.97920184882446,0.124
42,226,2024-02-23,2024-04-04,2024,USDJPY,30,2,-371.48434143901,-12.382811381300334,-13.118766363008275,272.7446576644925,0.124
42,226,2024-02-23,2024-04-04,2024,USDCHF,30,2,82.11446421585694,2.7371488071952315,-14.123746936000337,239.10054153913111,0.602
42,226,2024-02-23,2024-04-04,2024,USDCAD,30,9,-136.51120413029852,-4.550373471009951,-15.09042043347761,136.245344739444,0.208
42,226,2024-02-23,2024-04-04,2024,EURJPY,30,6,-201.6666240638889,-6.7222208021296295,-0.6710263661399098,230.81872970501345,0.206
42,226,2024-02-23,2024-04-04,2024,GBPJPY,30,4,-229.92877998002916,-7.664292666000972,-10.597121069949132,200.42959455031652,0.156
42,226,2024-02-23,2024-04-04,2024,XAUUSD,29,2,719.353818092509,24.805304072155483,8.434445079264266,815.1350003031873,0.762
42,226,2024-02-23,2024-04-04,2024,XAGUSD,29,4,920.4188209908302,31.73858003416656,-99.6936687613175,1076.9112036761942,0.81
42,226,2024-02-23,2024-04-04,2024,WTI,29,2,780.3283184008508,26.9078730483052,6.81455699104818,736.1316919468544,0.806
42,226,2024-02-23,2024-04-04,2024,UKOIL,29,8,225.35635997243116,7.770908964566592,-45.023020281897494,641.6114629588479,0.654
42,226,2024-02-23,2024-04-04,2024,US500,29,0,132.50163354934458,4.5690218465291235,-4.547473508864641e-16,132.63433426717904,0.5
42,226,2024-02-23,2024-04-04,2024,USTECH,29,2,-26.455238000099286,-0.9122495862103202,1.153871810512712,284.54422270406997,0.456
42,226,2024-02-23,2024-04-04,2024,BTCUSD,42,5,1215.369406187438,28.93736681398662,87.58212411914404,2524.2904613860037,0.632
42,227,2024-03-15,2024-04-25,2024,EURUSD,30,1,0.9296179822058512,0.030987266073528374,-1.6643280537015024,184.47355047938157,0.5
42,227,2024-03-15,2024-04-25,2024,GBPUSD,30,1,52.18576933604872,1.7395256445349574,0.45549298270736654,190.47060851218225,0.692
42,227,2024-03-15,2024-04-25,2024,AUDUSD,30,9,-552.7396710712252,-18.424655702374174,-28.753220859910833,319.28400485090623,0.05
42,227,2024-03-15,2024-04-25,2024,USDJPY,30,1,116.95243843354113,3.898414614451371,15.543069802056609,239.68867374750855,0.704
42,227,2024-03-15,2024-04-25,2024,USDCHF,30,1,316.6942108026549,10.556473693421829,1.444812990877659,232.29161027276672,0.94
42,227,2024-03-15,2024-04-25,2024,USDCAD,30,5,21.651717086451846,0.7217239028817282,1.9050399105606974,174.99901890193337,0.514
42,227,2024-03-15,2024-04-25,2024,EURJPY,30,6,158.70405424811696,5.290135141603899,-11.786981815401093,247.9341444283261,0.746
42,227,2024-03-15,2024-04-25,2024,GBPJPY,30,7,-44.46580742149312,-1.4821935807164373,-21.111647165039024,231.30734539511684,0.448
42,227,2024-03-15,2024-04-25,2024,XAUUSD,29,0,769.2677993879558,26.526475840963993,1.8189894035458565e-15,770.038223015584,0.5
42,227,2024-03-15,2024-04-25,2024,XAGUSD,29,0,1027.1040313176059,35.417380390262274,45.19257737797465,1027.1369639850288,0.478
42,227,2024-03-15,2024-04-25,2024,WTI,29,2,393.58651467313985,13.571948781832408,-8.451815777340713,660.699234463064,0.712
42,227,2024-03-15,2024-04-25,2024,UKOIL,29,0,482.8633855323304,16.65046157008036,1.8189894035458565e-15,483.34697442221596,0.5
42,227,2024-03-15,2024-04-25,2024,US500,29,3,-153.97996635340064,-5.309654012186229,-40.55409751612147,353.6711451881842,0.406
42,227,2024-03-15,2024-04-25,2024,USTECH,29,7,-715.7772892974443,-24.681975493015322,2.4931019452797627,569.8308136196579,0.108
42,227,2024-03-15,2024-04-25,2024,BTCUSD,42,9,-3611.026755699356,-85.97682751665133,6.774575280106928,1818.4239731047294,0.032
42,228,2024-04-05,2024-05-16,2024,EURUSD,30,1,191.78452912067,6.392817637355666,15.212287411183889,252.6657018223154,0.678
42,228,2024-04-05,2024-05-16,2024,GBPUSD,30,3,88.644390697887,2.9548130232629,-11.325450667270193,225.5379137089338,0.676
42,228,2024-04-05,2024-05-16,2024,AUDUSD,30,8,-424.0397047724289,-14.13465682574763,3.3892231335179885,308.7908524021448,0.086
42,228,2024-04-05,2024-05-16,2024,USDJPY,30,1,131.44861221704383,4.381620407234794,-9.297638552033673,267.2580661494369,0.65
42,228,2024-04-05,2024-05-16,2024,USDCHF,30,1,89.85281457058349,2.99509381901945,-10.899909222942537,162.6201809275284,0.668
42,228,2024-04-05,2024-05-16,2024,USDCAD,30,1,144.58632564218152,4.819544188072717,-6.249264948839147,197.17299737362038,0.728
42,228,2024-04-05,2024-05-16,2024,EURJPY,30,2,286.59930134861867,9.553310044953955,-2.3845745656778585,261.8037028653906,0.876
42,228,2024-04-05,2024-05-16,2024,GBPJPY,30,4,127.302753572796,4.2434251190931995,-10.219408587298958,326.58728154527876,0.63
42,228,2024-04-05,2024-05-16,2024,XAUUSD,30,4,-577.0486767885485,-19.234955892951618,22.632981783674218,515.2013105283073,0.134
42,228,2024-04-05,2024-05-16,2024,XAGUSD,30,4,-257.75718462763075,-8.591906154254358,-84.91982248206864,1142.3600954518604,0.434
42,228,2024-04-05,2024-05-16,2024,WTI,30,3,-21.903779782284012,-0.7301259927428004,7.953609124870989,690.1802949667231,0.474
42,228,2024-04-05,2024-05-16,2024,UKOIL,30,1,21.559791150164912,0.718659705005497,1.744053236135427,683.0372200847869,0.528
42,228,2024-04-05,2024-05-16,2024,US500,30,4,-147.71283418907436,-4.923761139635812,-23.524605626034514,466.3743039697757,0.396
42,228,2024-04-05,2024-05-16,2024,USTECH,30,8,-683.6407556265192,-22.78802518755064,-7.6836282725391225,649.0441540114297,0.144
42,228,2024-04-05,2024-05-16,2024,BTCUSD,42,9,-2546.3455741671305,-60.62727557540787,-70.26834583772727,1641.4032163371378,0.058
42,229,2024-04-26,2024-06-06,2024,EURUSD,30,1,113.72516801264285,3.790838933754762,-8.846500080598492,118.13903606531525,0.842
42,229,2024-04-26,2024-06-06,2024,GBPUSD,30,3,81.23149633322686,2.707716544440895,-8.61447368034676,155.41945627596218,0.68
42,229,2024-04-26,2024-06-06,2024,AUDUSD,30,5,-164.65396237030566,-5.488465412343522,-8.602528371416103,236.9901632213012,0.244
42,229,2024-04-26,2024-06-06,2024,USDJPY,30,6,-170.2967502914642,-5.676558343048807,-19.680796960907095,335.65566834328854,0.34
42,229,2024-04-26,2024-06-06,2024,USDCHF,30,3,79.44670889764943,2.6482236299216475,-5.264697344381193,254.03732952544402,0.602
42,229,2024-04-26,2024-06-06,2024,USDCAD,30,5,-170.24050605843746,-5.674683535281249,-0.3445126605592395,129.29605867598832,0.094
42,229,2024-04-26,2024-06-06,2024,EURJPY,30,0,161.93364472670055,5.397788157556685,10.363753262508835,161.76350879708255,0.468
42,229,2024-04-26,2024-06-06,2024,GBPJPY,30,0,234.7954174600886,7.826513915336287,-8.452635028563186,234.87821647500678,0.518
42,229,2024-04-26,2024-06-06,2024,XAUUSD,30,8,-1246.6761605161178,-41.555872017203924,-21.389181936224084,502.6970720943684,0.008
42,229,2024-04-26,2024-06-06,2024,XAGUSD,30,4,122.5815818752991,4.086052729176637,6.358264271661512,1259.8832894525644,0.526
42,229,2024-04-26,2024-06-06,2024,WTI,30,3,306.36856134009497,10.212285378003166,-41.572616997544614,838.1855016329002,0.67
42,229,2024-04-26,2024-06-06,2024,UKOIL,30,3,183.4283497595637,6.11427832531879,-65.02320869350591,868.5450099346888,0.628
42,229,2024-04-26,2024-06-06,2024,US500,30,1,127.08006586153918,4.236002195384639,-11.037554912565058,353.4040871362026,0.638
42,229,2024-04-26,2024-06-06,2024,USTECH,30,3,261.34914826615153,8.711638275538384,33.12888865461151,488.3806822497926,0.664
42,229,2024-04-26,2024-06-06,2024,BTCUSD,42,5,-317.5054090533589,-7.5596525965085455,-152.57291746552968,1390.7609325352303,0.484
42,230,2024-05-17,2024-06-27,2024,EURUSD,30,1,-46.4854275494298,-1.54951425164766,-5.860057694920786,128.21190294474502,0.426
42,230,2024-05-17,2024-06-27,2024,GBPUSD,30,3,25.322637032502534,0.8440879010834178,1.4640557042272495,118.2413279452963,0.588
42,230,2024-05-17,2024-06-27,2024,AUDUSD,30,4,-318.6849471553731,-10.62283157184577,-16.717549871989718,160.0177570765157,0.028
42,230,2024-05-17,2024-06-27,2024,USDJPY,30,5,299.5421159535811,9.984737198452704,-15.865175250350052,213.29602735254207,0.92
42,230,2024-05-17,2024-06-27,2024,USDCHF,30,2,13.518225887172704,0.4506075295724235,-20.479857329857925,266.33397693418175,0.524
42,230,2024-05-17,2024-06-27,2024,USDCAD,30,8,-357.725920129097,-11.924197337636567,-18.642176424668097,132.16981066532333,0.004
42,230,2024-05-17,2024-06-27,2024,EURJPY,30,4,-36.54634616155764,-1.2182115387185881,-11.694302095393004,185.00209104575316,0.418
42,230,2024-05-17,2024-06-27,2024,GBPJPY,30,0,315.9050698209743,10.530168994032476,21.48154474782626,315.4894984323313,0.466
42,230,2024-05-17,2024-06-27,2024,XAUUSD,30,7,-1320.0761539109444,-44.002538463698144,-1.9399709780133854,498.00110266726125,0.0
42,230,2024-05-17,2024-06-27,2024,XAGUSD,30,3,-635.9243679091948,-21.19747893030649,-26.20784101531455,1068.836202895779,0.286
42,230,2024-05-17,2024-06-27,2024,WTI,30,3,-270.7899908056527,-9.02633302685509,-16.717754303044305,825.6311954251385,0.364
42,230,2024-05-17,2024-06-27,2024,UKOIL,30,3,-498.637602803903,-16.621253426796766,14.405206367345366,768.8529569155628,0.252
42,230,2024-05-17,2024-06-27,2024,US500,30,0,369.1030301498954,12.303434338329847,1.4764121205995817,369.46973196564056,0.498
42,230,2024-05-17,2024-06-27,2024,USTECH,30,0,679.1387616138221,22.637958720460738,-5.433110092910582,679.7971662308582,0.504
42,230,2024-05-17,2024-06-27,2024,BTCUSD,42,3,1443.4251145485998,34.36726463210952,-22.443203873068967,1182.5133165765828,0.886
42,231,2024-06-07,2024-07-18,2024,EURUSD,30,2,-132.5417712119559,-4.41805904039853,-2.2126636484111604,191.93222545035547,0.272
42,231,2024-06-07,2024-07-18,2024,GBPUSD,30,4,-96.74170931319924,-3.224723643773308,5.5158632606881985,209.90373745605606,0.328
42,231,2024-06-07,2024-07-18,2024,AUDUSD,30,6,-268.8735883438388,-8.962452944794626,-26.231744161014344,229.24602273412899,0.148
42,231,2024-06-07,2024-07-18,2024,USDJPY,30,1,-93.11966590817592,-3.103988863605864,-0.4415253397379238,414.2450556309674,0.418
42,231,2024-06-07,2024-07-18,2024,USDCHF,30,6,-543.0572660022378,-18.10190886674126,-5.227619704225697,214.11205855993472,0.008
42,231,2024-06-07,2024-07-18,2024,USDCAD,30,6,-231.03643850566073,-7.701214616855357,-4.868046641971331,122.43134267844755,0.026
42,231,2024-06-07,2024-07-18,2024,EURJPY,30,4,-117.7523191213823,-3.9250773040460767,-0.9524242183803125,266.2840232510877,0.33
42,231,2024-06-07,2024-07-18,2024,GBPJPY,30,0,220.89053875343427,7.363017958447809,-8.83562155013737,220.9348009598205,0.52
42,231,2024-06-07,2024-07-18,2024,XAUUSD,30,6,-677.231589266192,-22.574386308873066,-0.6099515157535871,522.628697911365,0.11
42,231,2024-06-07,2024-07-18,2024,XAGUSD,30,6,-1972.134196855325,-65.73780656184417,-135.35312993107848,1075.8840625836294,0.052
42,231,2024-06-07,2024-07-18,2024,WTI,30,3,-662.197011760481,-22.07323372534937,-5.208381726811564,650.5283467597205,0.172
42,231,2024-06-07,2024-07-18,2024,UKOIL,30,2,-768.1649311018714,-25.605497703395713,-5.368263380977389,586.0665520182782,0.086
42,231,2024-06-07,2024-07-18,2024,US500,30,0,373.2454004319852,12.44151334773284,7.464908008639704,373.5444753200612,0.49
42,231,2024-06-07,2024-07-18,2024,USTECH,30,1,487.26906488319827,16.242302162773274,-59.64896778585713,636.4544021080746,0.8
42,231,2024-06-07,2024-07-18,2024,BTCUSD,42,4,1182.1936990745753,28.147469025585128,62.09062065855365,1571.1352514478037,0.744
42,232,2024-06-28,2024-08-08,2024,EURUSD,30,3,-281.75161030045354,-9.391720343348451,-4.318673275766391,160.10683817119747,0.056
42,232,2024-06-28,2024-08-08,2024,GBPUSD,30,2,-214.0468676365706,-7.134895587885686,-1.5338528306209591,244.69641843023038,0.218
42,232,2024-06-28,2024-08-08,2024,AUDUSD,30,3,2.3297841269164508,0.07765947089721502,-0.36478653141932044,303.0305093477366,0.506
42,232,2024-06-28,2024-08-08,2024,USDJPY,30,1,204.3079008073975,6.810263360246583,-40.926153339727776,703.338556653264,0.616
42,232,2024-06-28,2024-08-08,2024,USDCHF,30,6,-212.67205548262976,-7.089068516087659,-29.133917671691698,330.74611175484597,0.302
42,232,2024-06-28,2024-08-08,2024,USDCAD,30,3,-79.75937225493334,-2.658645741831111,-3.6416787055904014,135.9079474289414,0.29
42,232,2024-06-28,2024-08-08,2024,EURJPY,30,1,505.848103416734,16.861603447224464,9.631339253855815,672.7515420860915,0.64
42,232,2024-06-28,2024-08-08,2024,GBPJPY,30,1,536.2570928973252,17.87523642991084,28.188477251525658,824.9138190254689,0.608
42,232,2024-06-28,2024-08-08,2024,XAUUSD,30,3,103.7312908482915,3.4577096949430497,13.558573196889961,443.9628957595968,0.566
42,232,2024-06-28,2024-08-08,2024,XAGUSD,30,6,-978.7708388220508,-32.62569462740169,-35.20120651737445,1071.113208231328,0.192
42,232,2024-06-28,2024-08-08,2024,WTI,30,3,173.45181442497764,5.781727147499255,-30.320060141935464,765.8198937635318,0.584
42,232,2024-06-28,2024-08-08,2024,UKOIL,30,1,365.6733343625002,12.189111145416673,-27.82490411196355,765.1561657772049,0.646
42,232,2024-06-28,2024-08-08,2024,US500,30,3,-345.13753212301424,-11.504584404100475,-6.510355971739463,538.9493106593696,0.274
42,232,2024-06-28,2024-08-08,2024,USTECH,30,3,533.8310901369464,17.794369671231546,-50.179227984419995,812.7680841454704,0.742
42,232,2024-06-28,2024-08-08,2024,BTCUSD,42,2,-158.52897359897997,-3.774499371404285,14.221945910537896,1978.178264412672,0.466
42,233,2024-07-19,2024-08-29,2024,EURUSD,30,2,-66.88534757132827,-2.2295115857109424,0.4411346945381024,215.2488995676226,0.37
42,233,2024-07-19,2024-08-29,2024,GBPUSD,30,2,-171.1191547148664,-5.70397182382888,25.412195285922184,296.17786282583,0.28
42,233,2024-07-19,2024-08-29,2024,AUDUSD,30,2,-156.12875230276174,-5.204291743425391,6.106960486858776,356.35806526100225,0.31
42,233,2024-07-19,2024-08-29,2024,USDJPY,30,0,803.8289499595232,26.79429833198411,22.507210598866653,804.3185082973456,0.486
42,233,2024-07-19,2024-08-29,2024,USDCHF,30,0,462.26275377449275,15.408758459149759,-11.094306090587827,462.59242687960034,0.512
42,233,2024-07-19,2024-08-29,2024,USDCAD,30,2,115.0402861979384,3.8346762065979467,-1.0154360195626577,184.1165197092153,0.718
42,233,2024-07-19,2024-08-29,2024,EURJPY,30,1,586.3817402024875,19.546058006749586,-42.92242334489299,519.7993442262114,0.828
42,233,2024-07-19,2024-08-29,2024,GBPJPY,30,1,382.37076994403026,12.745692331467675,-9.529739904262584,758.0848806746556,0.58
42,233,2024-07-19,2024-08-29,2024,XAUUSD,30,2,379.02510322744433,12.634170107581477,-25.17526775289729,428.58004057335734,0.808
42,233,2024-07-19,2024-08-29,2024,XAGUSD,30,4,-933.6173150587839,-31.12057716862613,-9.709208904023768,1021.0904539805632,0.19
42,233,2024-07-19,2024-08-29,2024,WTI,30,3,-139.67572045150985,-4.655857348383662,32.18576482517023,1017.7651738458172,0.446
42,233,2024-07-19,2024-08-29,2024,UKOIL,30,2,-306.0334152768446,-10.201113842561487,-34.03284191665742,738.3009629593539,0.374
42,233,2024-07-19,2024-08-29,2024,US500,30,4,-799.0255845576468,-26.634186151921558,-8.307418220076562,669.2592642853289,0.124
42,233,2024-07-19,2024-08-29,2024,USTECH,30,6,-344.00481696915466,-11.466827232305155,-69.49542868151113,966.2940938483173,0.394
42,233,2024-07-19,2024-08-29,2024,BTCUSD,42,3,-2059.745115780916,-49.041550375736094,57.851396223122414,1752.278287235965,0.108
42,234,2024-08-09,2024-09-19,2024,EURUSD,30,3,25.926731020774156,0.8642243673591385,-13.499056156658368,207.4273508622141,0.574
42,234,2024-08-09,2024-09-19,2024,GBPUSD,30,1,105.57026672223336,3.519008890741112,-14.352976968557321,236.75048834641922,0.626
42,234,2024-08-09,2024-09-19,2024,AUDUSD,30,1,-104.04590796338904,-3.468196932112968,2.1657461162016745,200.31113641873418,0.348
42,234,2024-08-09,2024-09-19,2024,USDJPY,30,2,-145.22373358302377,-4.840791119434126,-7.29802036369159,280.6322843548181,0.316
42,234,2024-08-09,2024-09-19,2024,USDCHF,30,0,220.4089866693471,7.346966222311569,3.5265437867095533,220.6014844088217,0.492
42,234,2024-08-09,2024-09-19,2024,USDCAD,30,2,-30.789913088253012,-1.0263304362751005,-17.833575822865328,159.18609078882048,0.502
42,234,2024-08-09,2024-09-19,2024,EURJPY,30,2,-226.0096009739039,-7.533653365796797,-8.685617475291503,326.68230011145386,0.276
42,234,2024-08-09,2024-09-19,2024,GBPJPY,30,2,-498.70211890250965,-16.623403963416987,22.996015671463258,378.32198255929114,0.106
42,234,2024-08-09,2024-09-19,2024,XAUUSD,30,2,708.7895195460752,23.626317318202506,-40.334024069759394,475.07465892214526,0.936
42,234,2024-08-09,2024-09-19,2024,XAGUSD,30,1,-188.75790548853155,-6.291930182951051,-19.47732925312672,676.317863230653,0.426
42,234,2024-08-09,2024-09-19,2024,WTI,30,2,-97.37054544739007,-3.2456848482463356,-34.54629532925729,1085.226750483745,0.486
42,234,2024-08-09,2024-09-19,2024,UKOIL,30,4,-1417.6184708090252,-47.253949026967504,-38.11675409751157,1046.7207491664542,0.086
42,234,2024-08-09,2024-09-19,2024,US500,30,1,-139.33677554076095,-4.6445591846920316,-16.580795145023643,363.54643246107173,0.372
42,234,2024-08-09,2024-09-19,2024,USTECH,30,10,-1694.3230703932898,-56.47743567977633,-3.9894805706624137,747.2374035899157,0.006
42,234,2024-08-09,2024-09-19,2024,BTCUSD,42,7,-2297.0085191186868,-54.6906790266354,-51.12445294581292,1676.7477821939656,0.1
42,235,2024-08-30,2024-10-10,2024,EURUSD,30,7,-183.17135001954375,-6.105711667318125,-8.386132046193728,175.2937138108829,0.166
42,235,2024-08-30,2024-10-10,2024,GBPUSD,30,2,-11.540764983661738,-0.3846921661220579,-4.352479670307296,276.43390687828054,0.494
42,235,2024-08-30,2024-10-10,2024,AUDUSD,30,0,-76.0017794706569,-2.5333926490218968,3.040071178826276,76.01700876235783,0.0
42,235,2024-08-30,2024-10-10,2024,USDJPY,30,5,-807.4318209272849,-26.914394030909495,-57.372951838565044,436.87070971325096,0.046
42,235,2024-08-30,2024-10-10,2024,USDCHF,30,5,-267.6733931169123,-8.922446437230409,-8.23657038577687,193.7638148735237,0.09
42,235,2024-08-30,2024-10-10,2024,USDCAD,30,9,-238.74254174059882,-7.9580847246866275,-9.637052708199251,164.48178268221346,0.09
42,235,2024-08-30,2024-10-10,2024,EURJPY,30,5,-670.2031592418274,-22.340105308060913,-34.04129252203732,382.04890375640576,0.052
42,235,2024-08-30,2024-10-10,2024,GBPJPY,30,5,-397.9147175285708,-13.263823917619026,-44.368806106228,418.2390015748092,0.2
42,235,2024-08-30,2024-10-10,2024,XAUUSD,30,0,448.6379327501311,14.954597758337703,30.50737942700891,448.0477520074904,0.466
42,235,2024-08-30,2024-10-10,2024,XAGUSD,30,0,639.6629375564823,21.32209791854941,-23.027865752033357,639.8885103622989,0.518
42,235,2024-08-30,2024-10-10,2024,WTI,30,1,1303.8029371319894,43.460097904399646,-29.646337606884487,1544.3505651937517,0.71
42,235,2024-08-30,2024-10-10,2024,UKOIL,30,3,230.6283127131046,7.6876104237701535,45.865794225551106,1277.2574538178842,0.56
42,235,2024-08-30,2024-10-10,2024,US500,30,0,341.7702276132506,11.392340920441686,35.54410367177806,340.25733686073266,0.448
42,235,2024-08-30,2024-10-10,2024,USTECH,30,7,-652.1289669927907,-21.73763223309302,-22.781883756800887,617.0953095499142,0.144
42,235,2024-08-30,2024-10-10,2024,BTCUSD,42,6,-1263.229359198048,-30.07688950471543,-103.10192201938325,1434.255798515637,0.216
42,236,2024-09-20,2024-10-31,2024,EURUSD,30,4,-13.012386052368253,-0.43374620174560846,1.1628771413584564,196.03204697873872,0.46
42,236,2024-09-20,2024-10-31,2024,GBPUSD,30,3,23.565196804467817,0.7855065601489273,-10.543078877369394,240.62039878169844,0.564
42,236,2024-09-20,2024-10-31,2024,AUDUSD,30,1,97.02600137108594,3.2342000457028646,7.532376335487598,345.19314813257245,0.582
42,236,2024-09-20,2024-10-31,2024,USDJPY,30,3,-254.58427159379937,-8.48614238645998,-3.8843423145328635,405.2680757119322,0.29
42,236,2024-09-20,2024-10-31,2024,USDCHF,30,5,-175.22943312829497,-5.840981104276499,-17.56469880450628,185.41398158158432,0.21
42,236,2024-09-20,2024-10-31,2024,USDCAD,30,8,21.23661481442189,0.7078871604807297,-7.561781147586959,153.8628606315569,0.59
42,236,2024-09-20,2024-10-31,2024,EURJPY,30,3,-230.3544902028654,-7.67848300676218,-2.52453563765993,278.1522799748238,0.228
42,236,2024-09-20,2024-10-31,2024,GBPJPY,30,3,59.269850709150944,1.9756616903050315,-5.242723910086128,316.24640250780044,0.564
42,236,2024-09-20,2024-10-31,2024,XAUUSD,30,0,605.8315375076983,20.194384583589944,-65.42980605083142,602.8911575191013,0.554
42,236,2024-09-20,2024-10-31,2024,XAGUSD,30,0,656.600610705028,21.886687023500933,-13.132012214100559,657.1267330736625,0.51
42,236,2024-09-20,2024-10-31,2024,WTI,30,4,-1022.7992489580685,-34.09330829860228,-113.72235131522328,1178.0849429869265,0.222
42,236,2024-09-20,2024-10-31,2024,UKOIL,30,4,-1110.0120552250273,-37.00040184083424,-3.9685282101905033,1147.1112094407117,0.19
42,236,2024-09-20,2024-10-31,2024,US500,30,0,8.141992600507706,0.27139975335025684,0.2605437632162466,8.145972882509275,0.484
42,236,2024-09-20,2024-10-31,2024,USTECH,30,1,79.48423683333294,2.649474561111098,-13.089669690022365,336.9599967340862,0.59
42,236,2024-09-20,2024-10-31,2024,BTCUSD,42,2,-568.6166553221885,-13.538491793385441,-45.1428428750341,1169.5700216790406,0.34
42,237,2024-10-11,2024-11-21,2024,EURUSD,30,0,430.01042863963437,14.33368095465448,12.040292001909762,430.2723191708248,0.486
42,237,2024-10-11,2024-11-21,2024,GBPUSD,30,1,366.70924081495264,12.223641360498421,-0.4515529678779803,255.6173875314999,0.932
42,237,2024-10-11,2024-11-21,2024,AUDUSD,30,1,293.48038680754684,9.78267956025156,16.147191812935347,251.4409274402314,0.848
42,237,2024-10-11,2024-11-21,2024,USDJPY,30,0,366.5712366729101,12.219041222430338,-20.527989253682964,366.3625475476424,0.528
42,237,2024-10-11,2024-11-21,2024,USDCHF,30,0,349.4081473572529,11.646938245241763,15.37395848371913,349.41935064529474,0.478
42,237,2024-10-11,2024-11-21,2024,USDCAD,30,0,173.03538253238273,5.767846084412757,-11.074264482072493,172.853582538233,0.532
42,237,2024-10-11,2024-11-21,2024,EURJPY,30,1,217.09370970114443,7.236456990038148,3.108942873258511,294.85250938977856,0.7
42,237,2024-10-11,2024-11-21,2024,GBPJPY,30,3,116.6058627662782,3.886862092209273,0.011586738692987637,272.9340835612083,0.65
42,237,2024-10-11,2024-11-21,2024,XAUUSD,30,1,-198.45473811899728,-6.61515793729991,7.678494840733482,511.1769202328399,0.352
42,237,2024-10-11,2024-11-21,2024,XAGUSD,30,1,258.6528088025124,8.621760293417081,9.438375714518891,1119.8820664385983,0.616
42,237,2024-10-11,2024-11-21,2024,WTI,30,3,-1685.0956533328022,-56.169855111093405,25.411245501541067,1081.0517173068474,0.056
42,237,2024-10-11,2024-11-21,2024,UKOIL,30,3,-1824.1275144778144,-60.804250482593815,-112.4198342461088,940.147475954348,0.026
42,237,2024-10-11,2024-11-21,2024,US500,30,2,339.9679035162405,11.33226345054135,1.2895206104744075,380.0396407412264,0.778
42,237,2024-10-11,2024-11-21,2024,USTECH,30,0,222.29604838919786,7.4098682796399284,-8.891841935567914,222.34059223262446,0.52
42,237,2024-10-11,2024-11-21,2024,BTCUSD,42,1,3217.1605222408457,76.59906005335347,-88.64679507996259,2799.177396696751,0.868
42,238,2024-11-01,2024-12-12,2024,EURUSD,30,0,379.6811159501657,12.656037198338856,-7.593622319003314,379.98534766240095,0.51
42,238,2024-11-01,2024-12-12,2024,GBPUSD,30,1,6.252346151455981,0.20841153838186605,-1.5101313173823827,219.21464969945632,0.506
42,238,2024-11-01,2024-12-12,2024,AUDUSD,30,0,311.16710219779026,10.372236739926342,-34.850715446152506,309.5189769905812,0.556
42,238,2024-11-01,2024-12-12,2024,USDJPY,30,1,87.00433391022253,2.900144463674084,-11.282738728096723,259.65797462259616,0.636
42,238,2024-11-01,2024-12-12,2024,USDCHF,30,3,27.56700694465124,0.9189002314883746,0.5647277204550037,230.23223746251227,0.546
42,238,2024-11-01,2024-12-12,2024,USDCAD,30,0,201.63789770232142,6.721263256744048,0.0,201.8398385618488,0.5
42,238,2024-11-01,2024-12-12,2024,EURJPY,30,1,139.19253715533213,4.639751238511071,6.168148079647403,347.1759395102217,0.554
42,238,2024-11-01,2024-12-12,2024,GBPJPY,30,3,50.81120901695012,1.6937069672316707,-21.443817229377434,319.95532705255636,0.582
42,238,2024-11-01,2024-12-12,2024,XAUUSD,30,2,-527.7056837525163,-17.59018945841721,-5.009341309372357,537.0865259311897,0.184
42,238,2024-11-01,2024-12-12,2024,XAGUSD,30,4,-978.7688440205529,-32.625628134018434,-95.50251170647428,795.3269353479502,0.168
42,238,2024-11-01,2024-12-12,2024,WTI,30,3,487.87518038318484,16.26250601277283,-31.5560305875229,638.183098167135,0.776
42,238,2024-11-01,2024-12-12,2024,UKOIL,30,3,194.28631569377768,6.476210523125923,-20.550010304651344,567.812288364791,0.638
42,238,2024-11-01,2024-12-12,2024,US500,30,2,662.5333736095849,22.084445786986166,-37.2834090569242,443.06399211856575,0.956
42,238,2024-11-01,2024-12-12,2024,USTECH,30,0,864.0675528477083,28.802251761590277,-48.38778295947167,863.575638906471,0.528
42,238,2024-11-01,2024-12-12,2024,BTCUSD,42,0,3739.911457367549,89.04551088970354,59.838583317880804,3743.177769291837,0.492
42,239,2024-11-22,2025-01-02,2024,EURUSD,30,2,146.3487363794778,4.87829121264926,11.189220003425792,195.9238336004702,0.748
42,239,2024-11-22,2025-01-02,2024,GBPUSD,30,4,-249.97555232185485,-8.332518410728495,-9.387537481990123,237.88972307638517,0.17
42,239,2024-11-22,2025-01-02,2024,AUDUSD,30,0,480.42814098222533,16.014271366074176,19.217125639289012,480.52440952161095,0.48
42,239,2024-11-22,2025-01-02,2024,USDJPY,30,2,-407.5993718556318,-13.58664572852106,-28.32127247836291,425.817772958625,0.202
42,239,2024-11-22,2025-01-02,2024,USDCHF,30,6,-147.37030462745867,-4.912343487581955,-6.904374413143111,242.444546633741,0.276
42,239,2024-11-22,2025-01-02,2024,USDCAD,30,0,298.3196541605138,9.943988472017127,-9.54622893313644,298.4654902486104,0.516
42,239,2024-11-22,2025-01-02,2024,EURJPY,30,1,-239.19726686244593,-7.973242228748197,4.2135328968679735,266.71679014235275,0.17
42,239,2024-11-22,2025-01-02,2024,GBPJPY,30,1,-269.7581819234538,-8.991939397448458,-0.29047041952268227,263.40582497423884,0.202
42,239,2024-11-22,2025-01-02,2024,XAUUSD,30,4,-520.8090781423463,-17.360302604744877,0.6656487052194853,421.0277156546837,0.096
42,239,2024-11-22,2025-01-02,2024,XAGUSD,30,4,-555.1637821724138,-18.505459405747125,-95.28245087322667,806.1131030222048,0.326
42,239,2024-11-22,2025-01-02,2024,WTI,30,5,804.4086096871089,26.813620322903628,-36.56363796723417,618.6487749562602,0.912
42,239,2024-11-22,2025-01-02,2024,UKOIL,28,5,458.13878715118017,16.362099541113576,-25.04803148197147,554.6230504337396,0.798
42,239,2024-11-22,2025-01-02,2024,US500,30,3,-325.11421403857685,-10.837140467952562,8.048487865581206,397.8169820687978,0.23
42,239,2024-11-22,2025-01-02,2024,USTECH,30,1,207.30624226291326,6.910208075430442,43.6840383554584,590.0515614673768,0.586
42,239,2024-11-22,2025-01-02,2024,BTCUSD,42,5,-876.1700704370185,-20.861192153262344,96.30283330821854,1188.2655749093315,0.194
42,240,2024-12-13,2025-01-23,2024,EURUSD,30,3,-4.808827865415196,-0.16029426218050655,10.589443478741893,207.84876872115456,0.44
42,240,2024-12-13,2025-01-23,2024,GBPUSD,30,3,4.43734288132633,0.14791142937754434,-18.566917859563414,264.83563084863414,0.522
42,240,2024-12-13,2025-01-23,2024,AUDUSD,30,3,50.70505551326184,1.690168517108728,-37.06293086125653,285.41512141132444,0.604
42,240,2024-12-13,2025-01-23,2024,USDJPY,30,2,-525.1771251507218,-17.505904171690727,-9.986988800701448,309.9584348892053,0.036
42,240,2024-12-13,2025-01-23,2024,USDCHF,30,3,44.224967779167216,1.4741655926389072,-4.736917390382418,166.43542328820743,0.626
42,240,2024-12-13,2025-01-23,2024,USDCAD,30,4,-228.39712876078883,-7.613237625359628,-9.832700514745614,154.77133716979134,0.082
42,240,2024-12-13,2025-01-23,2024,EURJPY,30,4,-768.2593200195889,-25.608644000652966,-18.288326384697896,305.29729504333903,0.008
42,240,2024-12-13,2025-01-23,2024,GBPJPY,30,2,-435.42844705431924,-14.514281568477308,-11.048459648975133,340.40694558406,0.106
42,240,2024-12-13,2025-01-23,2024,XAUUSD,30,6,-683.5028533206331,-22.783428444021105,-3.66421330093392,389.1070372527848,0.04
42,240,2024-12-13,2025-01-23,2024,XAGUSD,30,2,-295.4969423958996,-9.84989807986332,-28.30437285916158,635.9567845587961,0.384
42,240,2024-12-13,2025-01-23,2024,WTI,30,2,540.2075259775327,18.00691753258442,14.701071661140176,924.7164059721944,0.698
42,240,2024-12-13,2025-01-23,2024,UKOIL,28,2,497.39062717127626,17.763950970402725,-2.620408099602784,880.9029985528606,0.674
42,240,2024-12-13,2025-01-23,2024,US500,30,4,-398.0350819020754,-13.267836063402513,-18.36746749305774,476.0798891200237,0.222
42,240,2024-12-13,2025-01-23,2024,USTECH,30,8,-956.8345654870072,-31.894485516233576,0.5307164297936834,658.5150138611725,0.084
42,240,2024-12-13,2025-01-23,2024,BTCUSD,42,6,-1147.2675149221232,-27.315893212431504,-96.90733111029287,1415.5189461506384,0.234
42,241,2025-01-03,2025-02-13,2025,EURUSD,30,5,-349.50456119069077,-11.650152039689692,-14.694207321048383,211.3874689155523,0.058
42,241,2025-01-03,2025-02-13,2025,GBPUSD,30,3,-101.90621933339438,-3.3968739777798125,-13.154428252234416,265.34462084210554,0.364
42,241,2025-01-03,2025-02-13,2025,AUDUSD,30,5,-307.05283570178426,-10.235094523392808,-5.943491027771049,226.90800600808947,0.092
42,241,2025-01-03,2025-02-13,2025,USDJPY,30,1,23.303682783112066,0.7767894261037356,21.610716885351994,261.70188704827444,0.564
42,241,2025-01-03,2025-02-13,2025,USDCHF,30,4,-402.33008397386004,-13.411002799128669,-10.46569592720579,186.08665862191327,0.01
42,241,2025-01-03,2025-02-13,2025,USDCAD,30,7,-328.25859872811844,-10.941953290937281,-11.373102857621253,199.2155185630107,0.058
42,241,2025-01-03,2025-02-13,2025,EURJPY,30,3,-277.2148699947583,-9.240495666491944,-11.048760984751343,334.71237182017575,0.226
42,241,2025-01-03,2025-02-13,2025,GBPJPY,30,2,-89.05940452170934,-2.968646817390311,-15.604982939196889,289.89681307639955,0.43
42,241,2025-01-03,2025-02-13,2025,XAUUSD,30,3,561.3881190350608,18.71293730116869,-36.31061222277774,536.6074314448733,0.838
42,241,2025-01-03,2025-02-13,2025,XAGUSD,30,1,146.68703397748465,4.889567799249488,9.712713907545789,570.7869992235226,0.534
42,241,2025-01-03,2025-02-13,2025,WTI,30,1,430.943370493397,14.364779016446567,17.309601508491752,812.7004737145561,0.746
42,241,2025-01-03,2025-02-13,2025,UKOIL,30,1,232.51885783468165,7.750628594489388,-64.97971077717106,735.7940225122115,0.738
42,241,2025-01-03,2025-02-13,2025,US500,30,1,120.35555478568946,4.011851826189649,7.5144687251842495,276.9882247012293,0.578
42,241,2025-01-03,2025-02-13,2025,USTECH,30,9,-611.5207188712932,-20.38402396237644,-2.5295522152283936,536.2429394718358,0.142
42,241,2025-01-03,2025-02-13,2025,BTCUSD,42,2,-532.4908837774954,-12.678354375654651,-38.13275792305772,1051.6132106309392,0.326
42,242,2025-01-24,2025-03-06,2025,EURUSD,30,8,138.43190776796428,4.614396925598809,7.025338053346126,361.15018911730346,0.622
42,242,2025-01-24,2025-03-06,2025,GBPUSD,30,3,132.06640560175376,4.402213520058458,-10.90457642262624,228.00951196504923,0.746
42,242,2025-01-24,2025-03-06,2025,AUDUSD,30,4,-278.80251611193967,-9.293417203731321,-18.366179787766985,269.6587489800995,0.158
42,242,2025-01-24,2025-03-06,2025,USDJPY,30,0,519.7503550401627,17.32501183467209,51.97503550401627,517.6629957831038,0.45
42,242,2025-01-24,2025-03-06,2025,USDCHF,30,5,-134.37853334298802,-4.479284444766267,-1.0879176039046525,228.218418934415,0.276
42,242,2025-01-24,2025-03-06,2025,USDCAD,30,4,-318.1854568693908,-10.60618189564636,-4.390708004625579,215.10766715925067,0.07
42,242,2025-01-24,2025-03-06,2025,EURJPY,30,1,54.75730976209548,1.825243658736516,-2.848068046475195,385.07187328450146,0.514
42,242,2025-01-24,2025-03-06,2025,GBPJPY,30,3,-106.13012602859953,-3.5376708676199846,6.116554751987201,297.81366662975336,0.368
42,242,2025-01-24,2025-03-06,2025,XAUUSD,30,0,560.9004720742051,18.696682402473506,20.19241699467138,561.0982698296182,0.482
42,242,2025-01-24,2025-03-06,2025,XAGUSD,30,4,-60.00982550325733,-2.0003275167752443,-36.53634600687569,688.3548478633356,0.508
42,242,2025-01-24,2025-03-06,2025,WTI,30,1,969.6384145846713,32.32128048615571,33.370004990052145,650.707623707482,0.892
42,242,2025-01-24,2025-03-06,2025,UKOIL,30,1,742.9788358999868,24.76596119666623,-27.927298535520233,625.8967881217212,0.898
42,242,2025-01-24,2025-03-06,2025,US500,30,1,278.38472886548425,9.279490962182809,-10.473839118175215,430.303337275547,0.612
42,242,2025-01-24,2025-03-06,2025,USTECH,30,5,432.112135416326,14.403737847210866,-4.475529943612164,635.251711298328,0.742
42,242,2025-01-24,2025-03-06,2025,BTCUSD,42,1,109.87581692511223,2.616090879169339,-53.95720399596775,1166.9151934006109,0.588
42,243,2025-02-14,2025-03-27,2025,EURUSD,30,4,344.8018224656274,11.493394082187582,15.602983968013413,365.37627416418263,0.788
42,243,2025-02-14,2025-03-27,2025,GBPUSD,30,0,305.5176429915497,10.183921433051657,21.997270295391573,305.0298948499439,0.464
42,243,2025-02-14,2025-03-27,2025,AUDUSD,30,7,-653.3222335258666,-21.777407784195553,-2.9068532233373072,321.39545673798267,0.02
42,243,2025-02-14,2025-03-27,2025,USDJPY,30,1,347.1864073935301,11.572880246451003,6.235085696183263,366.6881157688613,0.754
42,243,2025-02-14,2025-03-27,2025,USDCHF,30,1,237.38794679651153,7.9129315598837175,11.483733574912788,214.47428950497064,0.854
42,243,2025-02-14,2025-03-27,2025,USDCAD,30,4,-493.62880572103876,-16.454293524034625,-5.18827180439266,176.40622273420027,0.004
42,243,2025-02-14,2025-03-27,2025,EURJPY,30,1,95.78977111862376,3.192992370620792,-8.433658873808774,380.03722096126904,0.622
42,243,2025-02-14,2025-03-27,2025,GBPJPY,30,4,22.853697360939606,0.7617899120313202,-15.826535140214673,236.37933966700461,0.552
42,243,2025-02-14,2025-03-27,2025,XAUUSD,30,2,208.1453658237171,6.93817886079057,-27.1916398449013,436.7117963524334,0.658
42,243,2025-02-14,2025-03-27,2025,XAGUSD,30,6,-678.4049052350204,-22.613496841167343,-63.48756179070957,751.4286978093504,0.216
42,243,2025-02-14,2025-03-27,2025,WTI,30,1,361.83666956613513,12.06122231887117,-14.932739235432658,776.2513273833212,0.67
42,243,2025-02-14,2025-03-27,2025,UKOIL,30,1,348.1154867346856,11.603849557822853,-4.429963047781046,798.0074222966746,0.638
42,243,2025-02-14,2025-03-27,2025,US500,30,1,382.02603517604433,12.734201172534812,-18.015058472007404,666.7078371525952,0.656
42,243,2025-02-14,2025-03-27,2025,USTECH,30,3,535.3663195972081,17.845543986573603,-24.028848145159607,806.0562324546645,0.76
42,243,2025-02-14,2025-03-27,2025,BTCUSD,42,4,152.84243731488527,3.6391056503544115,-8.49161174335357,1635.0271510272341,0.52
42,244,2025-03-07,2025-04-17,2025,EURUSD,30,0,535.3254817030395,17.84418272343465,38.543434682618845,534.4708534521201,0.464
42,244,2025-03-07,2025-04-17,2025,GBPUSD,30,2,138.30944363397703,4.6103147877992345,-8.085491434361314,315.7422880698346,0.63
42,244,2025-03-07,2025-04-17,2025,AUDUSD,30,8,-686.0172328034429,-22.867241093448097,-34.28009663604278,656.3571302719437,0.176
42,244,2025-03-07,2025-04-17,2025,USDJPY,30,6,167.29260659704929,5.576420219901643,1.4440341353352668,398.78558698909,0.674
42,244,2025-03-07,2025-04-17,2025,USDCHF,30,0,746.1265396752802,24.870884655842676,-83.5661724436314,742.1746117589903,0.556
42,244,2025-03-07,2025-04-17,2025,USDCAD,30,3,184.28751350111696,6.142917116703899,9.180752656836354,283.1634726994298,0.68
42,244,2025-03-07,2025-04-17,2025,EURJPY,30,3,-24.67700375622498,-0.822566791874166,-1.9597141116767471,193.72987852571305,0.462
42,244,2025-03-07,2025-04-17,2025,GBPJPY,30,3,-90.88239583070582,-3.0294131943568607,-6.081305007963063,329.626169371686,0.438
42,244,2025-03-07,2025-04-17,2025,XAUUSD,30,2,1152.9060336301147,38.430201121003826,2.47404219593792,938.1037159862428,0.87
42,244,2025-03-07,2025-04-17,2025,XAGUSD,30,3,-982.2390956481139,-32.741303188270464,-50.34218304783279,1283.4741049633867,0.232
42,244,2025-03-07,2025-04-17,2025,WTI,30,4,-2238.635438467471,-74.62118128224903,-74.26209986824136,1510.6238293114404,0.076
42,244,2025-03-07,2025-04-17,2025,UKOIL,30,4,-2482.9649658330336,-82.76549886110112,-22.19114580409495,1515.669970480333,0.034
42,244,2025-03-07,2025-04-17,2025,US500,30,0,727.66303484191,24.25543449473033,32.01717353304404,727.6863663487404,0.478
42,244,2025-03-07,2025-04-17,2025,USTECH,30,0,803.1482569359324,26.771608564531082,19.27555816646238,803.7210402232811,0.488
42,244,2025-03-07,2025-04-17,2025,BTCUSD,42,12,-2669.337582049884,-63.55565671547343,-151.21254300901418,1685.464048920725,0.07
42,245,2025-03-28,2025-05-08,2025,EURUSD,30,0,395.98149106255033,13.199383035418345,3.167851928500404,396.3653832164261,0.496
42,245,2025-03-28,2025-05-08,2025,GBPUSD,30,2,65.01163929264233,2.1670546430880777,-2.6338801004359884,337.93512273595456,0.558
42,245,2025-03-28,2025-05-08,2025,AUDUSD,30,3,-211.44457824793886,-7.048152608264629,-16.148042200302935,524.3943712288155,0.322
42,245,2025-03-28,2025-05-08,2025,USDJPY,30,5,-114.25420702094127,-3.8084735673647088,13.800036626986952,456.49365616246484,0.386
42,245,2025-03-28,2025-05-08,2025,USDCHF,30,0,565.9319562658849,18.864398542196163,20.373550425571864,566.1315283401461,0.482
42,245,2025-03-28,2025-05-08,2025,USDCAD,30,0,267.71685601301607,8.923895200433869,20.346481056989223,267.2099136971674,0.462
42,245,2025-03-28,2025-05-08,2025,EURJPY,30,10,-148.14108499058125,-4.938036166352708,-14.453307489435195,244.1290008112111,0.302
42,245,2025-03-28,2025-05-08,2025,GBPJPY,30,2,-496.3490551910942,-16.544968506369806,16.12181944514174,335.59716603441336,0.058
42,245,2025-03-28,2025-05-08,2025,XAUUSD,29,0,866.137938665852,29.866825471236275,114.33020790389247,859.4188349254589,0.434
42,245,2025-03-28,2025-05-08,2025,XAGUSD,29,2,-699.3419560552686,-24.11523986397478,-26.847352821445817,1297.8430048347855,0.256
42,245,2025-03-28,2025-05-08,2025,WTI,29,4,-646.9009851710553,-22.306930523139837,-87.0907258156957,1626.4257639035925,0.378
42,245,2025-03-28,2025-05-08,2025,UKOIL,29,3,-1398.958205534153,-48.23993812186735,-130.61603164773126,1634.2678947503036,0.254
42,245,2025-03-28,2025-05-08,2025,US500,29,1,181.685100499317,6.26500346549369,-19.841351693435133,1129.22761508016,0.628
42,245,2025-03-28,2025-05-08,2025,USTECH,29,1,340.1246766073183,11.728437124390286,95.60195736861122,1326.116552490971,0.618
42,245,2025-03-28,2025-05-08,2025,BTCUSD,42,9,-230.45777209102766,-5.487089811691135,-24.27998456274214,1795.5799459601485,0.446
42,246,2025-04-18,2025-05-29,2025,EURUSD,30,3,-355.2228907986323,-11.840763026621078,-18.479658976862748,212.25537410442968,0.042
42,246,2025-04-18,2025-05-29,2025,GBPUSD,30,2,-8.446570930140282,-0.2815523643380094,-6.3163550967121065,199.6131674590095,0.488
42,246,2025-04-18,2025-05-29,2025,AUDUSD,30,0,91.59253181621476,3.0530843938738252,-0.3663701272648598,91.68352848918181,0.502
42,246,2025-04-18,2025-05-29,2025,USDJPY,30,3,-416.5050854153215,-13.883502847177384,-35.593500041286326,334.13027363280924,0.13
42,246,2025-04-18,2025-05-29,2025,USDCHF,30,3,-338.46279038888656,-11.282093012962886,-27.043453364494674,282.44141250218155,0.13
42,246,2025-04-18,2025-05-29,2025,USDCAD,30,7,-406.090995544911,-13.5363665181637,-12.139659019636936,174.9101444961977,0.012
42,246,2025-04-18,2025-05-29,2025,EURJPY,30,9,35.71017905341895,1.1903393017806316,-10.218612718159802,244.73616942552522,0.562
42,246,2025-04-18,2025-05-29,2025,GBPJPY,30,1,-182.21399161368447,-6.073799720456149,1.4604795919770395,225.00261446964961,0.242
42,246,2025-04-18,2025-05-29,2025,XAUUSD,29,5,-1228.9058034531313,-42.37606218803901,-32.7508183233525,681.2813292545909,0.046
42,246,2025-04-18,2025-05-29,2025,XAGUSD,29,5,-79.81952415825374,-2.7523973847673706,-79.88714154715237,524.1035938149291,0.514
42,246,2025-04-18,2025-05-29,2025,WTI,29,5,1053.2242475996964,36.318077503437806,-83.69047348004587,964.3426243437023,0.854
42,246,2025-04-18,2025-05-29,2025,UKOIL,29,3,350.8090383898508,12.096863392753475,-53.062436722379104,972.5135571551001,0.664
42,246,2025-04-18,2025-05-29,2025,US500,29,1,-23.869020299302036,-0.8230696654931736,-11.48336124980488,861.4506898510899,0.492
42,246,2025-04-18,2025-05-29,2025,USTECH,29,1,305.2158024856076,10.524682844331297,9.143270771181482,1196.2057361542638,0.614
42,246,2025-04-18,2025-05-29,2025,BTCUSD,42,1,2253.137922265261,53.64614100631574,19.126042870005744,1845.3951981671319,0.842
42,247,2025-05-09,2025-06-19,2025,EURUSD,30,4,-111.4592980678775,-3.7153099355959167,-1.243673085211798,237.72932108472253,0.336
42,247,2025-05-09,2025-06-19,2025,GBPUSD,30,3,-98.15206045113138,-3.271735348371046,-3.826380537955162,195.46532373776967,0.328
42,247,2025-05-09,2025-06-19,2025,AUDUSD,30,4,-160.14759721820397,-5.338253240606799,-18.9871952988678,183.48199791806363,0.214
42,247,2025-05-09,2025-06-19,2025,USDJPY,30,7,-446.6949801748848,-14.88983267249616,-17.904160844413145,332.0545629597443,0.11
42,247,2025-05-09,2025-06-19,2025,USDCHF,30,4,-112.95208139048793,-3.7650693796829313,-27.981351039195523,271.4064821272279,0.388
42,247,2025-05-09,2025-06-19,2025,USDCAD,30,8,-268.1683778690156,-8.938945928967188,-7.442569567073999,187.9317982829252,0.078
42,247,2025-05-09,2025-06-19,2025,EURJPY,30,4,233.24566213018994,7.7748554043396645,2.191538750345452,203.9115492431069,0.868
42,247,2025-05-09,2025-06-19,2025,GBPJPY,30,2,131.95302612297564,4.398434204099188,-4.5348589831873936,160.52829188285452,0.798
42,247,2025-05-09,2025-06-19,2025,XAUUSD,30,10,-1268.2617198546202,-42.27539066182067,-20.573993630116572,647.7604353097784,0.02
42,247,2025-05-09,2025-06-19,2025,XAGUSD,30,4,567.8992220612488,18.929974068708294,-66.88487745713392,826.7255634607224,0.744
42,247,2025-05-09,2025-06-19,2025,WTI,30,4,1806.7550148660898,60.22516716220299,3.8551530581531077,1384.5581283987942,0.9
42,247,2025-05-09,2025-06-19,2025,UKOIL,30,3,1941.1884324578864,64.70628108192955,-190.38058754589204,1466.65877833948,0.912
42,247,2025-05-09,2025-06-19,2025,US500,30,0,532.3746810237541,17.745822700791802,-19.165488516855145,532.5624193520102,0.518
42,247,2025-05-09,2025-06-19,2025,USTECH,30,0,787.3839628565717,26.246132095219057,22.046750959984006,787.8635056549537,0.486
42,247,2025-05-09,2025-06-19,2025,BTCUSD,42,7,194.40868002387754,4.628778095806608,-53.46379661025646,974.8688054130629,0.596
42,248,2025-05-30,2025-07-10,2025,EURUSD,30,1,282.8555144404767,9.42851714801589,-9.019611829197235,262.4572416205191,0.822
42,248,2025-05-30,2025-07-10,2025,GBPUSD,30,4,-292.3351488106328,-9.744504960354426,-4.210737440057306,211.8825723387935,0.084
42,248,2025-05-30,2025-07-10,2025,AUDUSD,30,8,-334.4911407704607,-11.149704692348688,-13.643003557272628,230.49634675749462,0.09
42,248,2025-05-30,2025-07-10,2025,USDJPY,30,10,-408.3901187722508,-13.613003959075026,-33.729400092007516,285.01140993902595,0.1
42,248,2025-05-30,2025-07-10,2025,USDCHF,30,1,306.78683679661975,10.226227893220658,-1.7282162474549467,284.78246587748566,0.836
42,248,2025-05-30,2025-07-10,2025,USDCAD,30,2,86.21774664317842,2.873924888105947,-4.151116994510288,124.153173611665,0.766
42,248,2025-05-30,2025-07-10,2025,EURJPY,30,2,507.96273751042327,16.932091250347444,-16.528995910160983,278.71129596883094,0.98
42,248,2025-05-30,2025-07-10,2025,GBPJPY,30,2,237.20879376808057,7.906959792269352,-0.20397115785956157,178.97080457662815,0.9
42,248,2025-05-30,2025-07-10,2025,XAUUSD,30,10,-586.7413447800409,-19.558044826001364,-7.108928084153435,498.25830628934057,0.128
42,248,2025-05-30,2025-07-10,2025,XAGUSD,30,2,1312.1006973227315,43.73668991075772,-5.269561478848798,982.8199843457526,0.926
42,248,2025-05-30,2025-07-10,2025,WTI,30,1,1457.8276812733432,48.59425604244477,-11.394512433617946,1506.1997914111835,0.876
42,248,2025-05-30,2025-07-10,2025,UKOIL,30,0,955.8263635923872,31.860878786412908,-22.939832726217293,956.508032713804,0.512
42,248,2025-05-30,2025-07-10,2025,US500,30,0,649.0580318643025,21.635267728810085,-20.76985701965768,649.3753293772041,0.516
42,248,2025-05-30,2025-07-10,2025,USTECH,30,0,729.0144603404103,24.30048201134701,8.748173524084923,729.6920266474878,0.494
42,248,2025-05-30,2025-07-10,2025,BTCUSD,42,12,324.5549822869678,7.727499578261138,-20.816490287604932,1096.7932617793888,0.612
42,249,2025-06-20,2025-07-31,2025,EURUSD,30,1,224.97261406818237,7.499087135606079,-4.82768958592858,394.411096335591,0.6
42,249,2025-06-20,2025-07-31,2025,GBPUSD,30,4,92.20549201298442,3.073516400432814,-8.236294705095773,274.4248632302341,0.64
42,249,2025-06-20,2025-07-31,2025,AUDUSD,30,5,-58.92600772567293,-1.964200257522431,-11.108871041215581,253.32654757100698,0.434
42,249,2025-06-20,2025-07-31,2025,USDJPY,30,6,182.65876676270835,6.088625558756945,5.456567446236463,327.7872488754224,0.676
42,249,2025-06-20,2025-07-31,2025,USDCHF,30,1,290.5328585873598,9.684428619578659,-26.363964201594808,427.48179999441766,0.64
42,249,2025-06-20,2025-07-31,2025,USDCAD,30,5,122.91904758605989,4.097301586201996,1.383384046473043,167.6736382752839,0.768
42,249,2025-06-20,2025-07-31,2025,EURJPY,30,0,301.2290238745719,10.04096746248573,-1.2049160954982907,301.52829324108205,0.502
42,249,2025-06-20,2025-07-31,2025,GBPJPY,30,2,178.91015243267282,5.96367174775576,3.865257130258031,168.97572402999248,0.808
42,249,2025-06-20,2025-07-31,2025,XAUUSD,30,7,-843.504870322355,-28.116829010745167,9.187026129761165,380.30181842404573,0.01
42,249,2025-06-20,2025-07-31,2025,XAGUSD,30,2,286.0963931083818,9.53654643694606,-24.56617910802517,762.1394415235101,0.676
42,249,2025-06-20,2025-07-31,2025,WTI,30,2,136.49571011817633,4.549857003939211,-7.4625093852583,1005.1911681167641,0.544
42,249,2025-06-20,2025-07-31,2025,UKOIL,30,2,-849.6239169160323,-28.32079723053441,-23.302274875065013,1275.083756169443,0.362
42,249,2025-06-20,2025-07-31,2025,US500,30,0,607.1328486938755,20.237761623129185,14.571188368653013,607.5658391734403,0.488
42,249,2025-06-20,2025-07-31,2025,USTECH,30,0,678.5416106883346,22.618053689611152,8.142499328260014,679.1722661257286,0.494
42,249,2025-06-20,2025-07-31,2025,BTCUSD,42,5,368.03002910585917,8.762619740615694,-44.778651803521115,977.6334903467506,0.636
42,250,2025-07-11,2025-08-21,2025,EURUSD,30,3,-126.46759791027463,-4.215586597009154,-12.12330531107973,231.68975570753372,0.316
42,250,2025-07-11,2025-08-21,2025,GBPUSD,30,3,190.43848469900092,6.347949489966697,-2.1258123697148257,239.41790486837692,0.772
42,250,2025-07-11,2025-08-21,2025,AUDUSD,30,3,-68.51854947380384,-2.2839516491267946,-11.875148941707849,219.1209147805554,0.388
42,250,2025-07-11,2025-08-21,2025,USDJPY,30,2,126.23870275255327,4.207956758418442,-13.146934701101353,227.64544894225403,0.712
42,250,2025-07-11,2025-08-21,2025,USDCHF,30,1,-15.634337362136264,-0.5211445787378755,0.48396751424327883,142.50722265599828,0.462
42,250,2025-07-11,2025-08-21,2025,USDCAD,30,4,147.70435432129287,4.923478477376429,-0.3960094612804778,181.17309515138314,0.772
42,250,2025-07-11,2025-08-21,2025,EURJPY,30,7,-270.9580557003202,-9.031935190010673,5.920158882799556,182.5213729739675,0.064
42,250,2025-07-11,2025-08-21,2025,GBPJPY,30,7,-429.73384160027996,-14.324461386675999,-4.073455188858746,223.47563374166091,0.024
42,250,2025-07-11,2025-08-21,2025,XAUUSD,30,4,-626.0382594498957,-20.86794198166319,-22.33999800979045,415.52778844391594,0.068
42,250,2025-07-11,2025-08-21,2025,XAGUSD,30,5,-138.88927590489052,-4.629642530163017,-42.301444632482855,634.8068021655782,0.464
42,250,2025-07-11,2025-08-21,2025,WTI,30,2,632.4360611548375,21.081202038494585,17.875003424374945,760.1022027323596,0.798
42,250,2025-07-11,2025-08-21,2025,UKOIL,30,3,142.43551594946334,4.747850531648778,-6.974399296853262,758.7604440851825,0.588
42,250,2025-07-11,2025-08-21,2025,US500,30,0,156.39701494818087,5.213233831606029,-6.881468657719959,156.40202960173315,0.522
42,250,2025-07-11,2025-08-21,2025,USTECH,30,1,202.75356670105262,6.758452223368421,-19.016096268828928,359.8875028235567,0.738
42,250,2025-07-11,2025-08-21,2025,BTCUSD,42,5,-299.2128692400649,-7.124115934287259,-1.2794619713013144,854.3226409129308,0.376
42,251,2025-08-01,2025-09-11,2025,EURUSD,30,6,-237.29831321464934,-7.909943773821644,7.8991745553545325,219.86093324562432,0.142
42,251,2025-08-01,2025-09-11,2025,GBPUSD,30,6,-276.1846961275989,-9.20615653758663,1.894146541945769,220.05504894688556,0.114
42,251,2025-08-01,2025-09-11,2025,AUDUSD,30,5,-106.27817098309086,-3.542605699436362,-19.938614566028523,231.40143674492236,0.336
42,251,2025-08-01,2025-09-11,2025,USDJPY,30,6,-287.67245004161174,-9.589081668053725,-16.360749102847546,295.4578568611702,0.238
42,251,2025-08-01,2025-09-11,2025,USDCHF,30,1,-29.473555110971212,-0.9824518370323737,-1.1158886884314185,110.34442371819395,0.354
42,251,2025-08-01,2025-09-11,2025,USDCAD,30,2,-23.745754279502467,-0.7915251426500822,-7.271948096909679,100.4984181682611,0.454
42,251,2025-08-01,2025-09-11,2025,EURJPY,30,12,-268.6695893580915,-8.95565297860305,-11.651129074178835,178.0738191027475,0.078
42,251,2025-08-01,2025-09-11,2025,GBPJPY,30,9,-496.5451170165528,-16.55150390055176,-19.542746966115455,247.80467617444864,0.016
42,251,2025-08-01,2025-09-11,2025,XAUUSD,30,3,330.4417068186466,11.014723560621553,14.577152007944226,623.9748299010533,0.662
42,251,2025-08-01,2025-09-11,2025,XAGUSD,30,6,401.15732111814515,13.371910703938171,-60.422534487975284,683.748644756051,0.742
42,251,2025-08-01,2025-09-11,2025,WTI,30,4,-896.7114386351269,-29.890381287837563,-54.334841833338885,921.3000917569065,0.212
42,251,2025-08-01,2025-09-11,2025,UKOIL,30,4,-1233.0599728064499,-41.10199909354833,15.622993588487464,832.6012321636429,0.068
42,251,2025-08-01,2025-09-11,2025,US500,30,0,402.5171068144383,13.41723689381461,-14.490615845319779,402.6590517479999,0.518
42,251,2025-08-01,2025-09-11,2025,USTECH,30,8,-210.56373112765763,-7.018791037588588,-29.107875247618622,451.81070419187796,0.336
42,251,2025-08-01,2025-09-11,2025,BTCUSD,42,8,-914.3369850097768,-21.769928214518494,-78.89989200722127,846.1129908832048,0.156
42,252,2025-08-22,2025-10-02,2025,EURUSD,30,7,-128.5455578077308,-4.28485192692436,7.546261545952066,207.96829450298824,0.246
42,252,2025-08-22,2025-10-02,2025,GBPUSD,30,9,-353.3254423146402,-11.77751474382134,-10.349876202880893,210.28350897217896,0.044
42,252,2025-08-22,2025-10-02,2025,AUDUSD,30,3,-103.26165470839709,-3.44205515694657,0.09494140813376725,255.61355798247368,0.356
42,252,2025-08-22,2025-10-02,2025,USDJPY,30,11,-108.62071060319131,-3.6206903534397106,-20.662856144753157,263.0318821524955,0.372
42,252,2025-08-22,2025-10-02,2025,USDCHF,30,1,19.182212991523393,0.6394070997174465,9.391766692018908,179.63186023829093,0.492
42,252,2025-08-22,2025-10-02,2025,USDCAD,30,4,-60.672775783361644,-2.0224258594453883,-10.76645454875897,137.3931507747222,0.368
42,252,2025-08-22,2025-10-02,2025,EURJPY,30,5,54.39692194973334,1.813230731657778,-1.7008978930107732,157.27949217012733,0.608
42,252,2025-08-22,2025-10-02,2025,GBPJPY,30,6,-97.95534464713614,-3.265178154904538,1.5009456686064477,125.64523494039409,0.23
42,252,2025-08-22,2025-10-02,2025,XAUUSD,30,1,1269.1709663624001,42.30569887874667,-15.32991956499487,835.6332900285905,0.914
42,252,2025-08-22,2025-10-02,2025,XAGUSD,30,1,1692.7495904586597,56.42498634862199,-50.978032094366206,1193.6286654580304,0.862
42,252,2025-08-22,2025-10-02,2025,WTI,30,8,-894.0890927687041,-29.802969758956802,-112.66584597070853,884.776647757428,0.198
42,252,2025-08-22,2025-10-02,2025,UKOIL,30,8,-818.8138166483473,-27.29379388827824,-20.21906249659581,782.6511198295456,0.18
42,252,2025-08-22,2025-10-02,2025,US500,30,0,522.8212656412678,17.427375521375595,6.273855187695213,523.3071902607282,0.494
42,252,2025-08-22,2025-10-02,2025,USTECH,30,7,99.22915091052144,3.307638363684048,-39.47779183744699,330.6290011009211,0.68
42,252,2025-08-22,2025-10-02,2025,BTCUSD,42,7,-864.1429171937355,-20.574831361755606,-25.058660762264072,1047.7715621053712,0.206
42,253,2025-09-12,2025-10-23,2025,EURUSD,30,4,-14.3029045029471,-0.47676348343157005,-3.3334281618212724,174.72794351997484,0.448
42,253,2025-09-12,2025-10-23,2025,GBPUSD,30,6,-32.5848725676956,-1.0861624189231867,-0.22358520352050482,202.02294861573336,0.442
42,253,2025-09-12,2025-10-23,2025,AUDUSD,30,1,-32.624042771036265,-1.0874680923678754,-2.146600243081323,191.9631925378459,0.4
42,253,2025-09-12,2025-10-23,2025,USDJPY,30,8,331.9911665265734,11.066372217552447,-8.129988027654223,375.9374125549123,0.816
42,253,2025-09-12,2025-10-23,2025,USDCHF,30,3,-5.901763098504976,-0.19672543661683253,-11.700739411900487,172.80429643864125,0.512
42,253,2025-09-12,2025-10-23,2025,USDCAD,30,2,14.181278479194502,0.4727092826398167,-4.1892967194225825,134.19114575146793,0.536
42,253,2025-09-12,2025-10-23,2025,EURJPY,30,2,195.0158475690846,6.50052825230282,1.7298376927436938,229.0895932938024,0.806
42,253,2025-09-12,2025-10-23,2025,GBPJPY,30,3,-274.7246914526387,-9.157489715087957,3.6389245169386824,249.68894475909795,0.156
42,253,2025-09-12,2025-10-23,2025,XAUUSD,30,0,1312.1544189211597,43.738480630705325,-31.491706054107823,1313.0902114290661,0.512
42,253,2025-09-12,2025-10-23,2025,XAGUSD,30,0,1714.721559059983,57.15738530199943,-89.16552107111912,1714.116660793785,0.526
42,253,2025-09-12,2025-10-23,2025,WTI,30,5,-226.1004820029168,-7.536682733430561,30.9518677413409,1009.2803888415484,0.414
42,253,2025-09-12,2025-10-23,2025,UKOIL,30,5,-157.62123974217053,-5.254041324739018,-67.22037949837555,1018.9875922278262,0.462
42,253,2025-09-12,2025-10-23,2025,US500,30,4,-201.86777559691612,-6.728925853230537,-1.5707309579747497,290.5625620022697,0.25
42,253,2025-09-12,2025-10-23,2025,USTECH,30,0,481.76330134521845,16.05877671150728,-1.9270532053808747,482.2419305162955,0.502
42,253,2025-09-12,2025-10-23,2025,BTCUSD,42,9,-1458.0126903685957,-34.71458786591894,13.90090440473818,1309.5061600758697,0.138
42,254,2025-10-03,2025-11-13,2025,EURUSD,30,1,51.883322883648106,1.7294440961216035,-3.766906125733407,156.52619963417914,0.574
42,254,2025-10-03,2025-11-13,2025,GBPUSD,30,1,259.47112962941094,8.649037654313698,-3.53593336476213,196.14063423838084,0.934
42,254,2025-10-03,2025-11-13,2025,AUDUSD,30,2,155.49039818713132,5.183013272904377,-8.426001388973472,185.44831419452927,0.756
42,254,2025-10-03,2025-11-13,2025,USDJPY,30,3,409.15625190502936,13.638541730167645,-0.6511366658807128,357.3848505694608,0.87
42,254,2025-10-03,2025-11-13,2025,USDCHF,30,9,-50.59911698773597,-1.6866372329245323,-14.045356936020902,229.10369667211685,0.432
42,254,2025-10-03,2025-11-13,2025,USDCAD,30,1,38.05544713981187,1.2685149046603956,0.5493052348394044,66.36937801046616,0.702
42,254,2025-10-03,2025-11-13,2025,EURJPY,30,4,228.22345907686883,7.6074486358956275,7.582191900448242,332.3688753241574,0.688
42,254,2025-10-03,2025-11-13,2025,GBPJPY,30,5,-120.18245527159927,-4.006081842386642,-18.71128886070472,329.60036319234496,0.416
42,254,2025-10-03,2025-11-13,2025,XAUUSD,30,1,-392.2717727905187,-13.075725759683957,49.028053908022194,659.8175113233602,0.192
42,254,2025-10-03,2025-11-13,2025,XAGUSD,30,2,-921.2028281504988,-30.706760938349962,-22.154847578418995,1662.6814017068407,0.33
42,254,2025-10-03,2025-11-13,2025,WTI,30,4,-275.9588493208405,-9.198628310694684,-21.98151494061787,868.0504510879592,0.386
42,254,2025-10-03,2025-11-13,2025,UKOIL,30,3,-29.750077894336798,-0.9916692631445599,-43.057619698766665,818.7670043660368,0.486
42,254,2025-10-03,2025-11-13,2025,US500,30,6,-394.40272290472694,-13.146757430157566,9.454503132517992,415.48202272225194,0.156
42,254,2025-10-03,2025-11-13,2025,USTECH,30,0,63.750868907455015,2.125028963581834,-1.7850243294087405,63.78969528888684,0.514
42,254,2025-10-03,2025-11-13,2025,BTCUSD,42,5,-272.2693754429714,-6.482604177213605,-63.86831201400135,1445.8730287840165,0.44
42,255,2025-10-24,2025-12-04,2025,EURUSD,30,1,50.15212596465344,1.6717375321551147,-4.087199113034751,114.88226211822949,0.714
42,255,2025-10-24,2025-12-04,2025,GBPUSD,30,1,117.56580308271629,3.9188601027572094,-14.040256450568455,254.08880198476925,0.624
42,255,2025-10-24,2025-12-04,2025,AUDUSD,30,5,-160.85420091940304,-5.361806697313435,-20.81445201520415,236.25197427914136,0.296
42,255,2025-10-24,2025-12-04,2025,USDJPY,30,2,108.54210655057406,3.618070218352469,-20.061878236214287,193.42138335429394,0.738
42,255,2025-10-24,2025-12-04,2025,USDCHF,30,7,61.616021868388586,2.053867395612953,-38.58054274618674,232.06273305945015,0.682
42,255,2025-10-24,2025-12-04,2025,USDCAD,30,5,-80.17575955062134,-2.6725253183540447,-3.5316372674989545,135.3864858173559,0.292
42,255,2025-10-24,2025-12-04,2025,EURJPY,30,2,65.69037506894009,2.1896791689646693,5.712687223673077,183.35076501649144,0.578
42,255,2025-10-24,2025-12-04,2025,GBPJPY,30,4,256.0785472209162,8.535951574030541,-10.237364238882419,192.87939974630748,0.908
42,255,2025-10-24,2025-12-04,2025,XAUUSD,30,4,-966.0666449635847,-32.20222149878616,-7.867274999756398,604.627076785167,0.046
42,255,2025-10-24,2025-12-04,2025,XAGUSD,30,4,87.50671175756281,2.9168903919187605,-31.397441664612483,1395.849449017797,0.518
42,255,2025-10-24,2025-12-04,2025,WTI,30,6,-52.660191851496364,-1.7553397283832122,-80.74436017202824,577.5519913398299,0.504
42,255,2025-10-24,2025-12-04,2025,UKOIL,30,4,248.10804139624483,8.270268046541494,-14.670849842541887,465.76207751307214,0.698
42,255,2025-10-24,2025-12-04,2025,US500,30,8,-878.1725299980089,-29.272417666600298,14.693357039795213,464.2802733057673,0.03
42,255,2025-10-24,2025-12-04,2025,USTECH,30,5,-1177.9170280471958,-39.26390093490652,-19.398731912672062,612.7386142302814,0.026
42,255,2025-10-24,2025-12-04,2025,BTCUSD,42,0,1660.4979446453406,39.535665348698586,-92.98788490013906,1659.5526226208358,0.528
42,256,2025-11-14,2025-12-25,2025,EURUSD,30,1,181.88118498100346,6.062706166033449,-7.2551435662041825,168.69772024313727,0.866
42,256,2025-11-14,2025-12-25,2025,GBPUSD,30,1,126.44393929600241,4.214797976533414,-8.747878887335752,209.54263940690856,0.724
42,256,2025-11-14,2025-12-25,2025,AUDUSD,30,4,-100.64560521504848,-3.3548535071682823,-35.161957501220336,239.74376028385845,0.392
42,256,2025-11-14,2025-12-25,2025,USDJPY,30,3,-245.34226036829097,-8.178075345609699,-8.78342241368326,196.61883130187945,0.106
42,256,2025-11-14,2025-12-25,2025,USDCHF,30,3,103.72715930811121,3.4575719769370403,-10.066885005138875,232.51559929128695,0.67
42,256,2025-11-14,2025-12-25,2025,USDCAD,30,4,106.96797958645885,3.5655993195486286,-13.33812928655271,177.92054479158097,0.748
42,256,2025-11-14,2025-12-25,2025,EURJPY,30,0,228.24336603437524,7.6081122011458415,5.477840784825006,228.4061429368757,0.488
42,256,2025-11-14,2025-12-25,2025,GBPJPY,30,0,363.66517357379064,12.122172452459688,23.2745711087226,363.2830879826209,0.468
42,256,2025-11-14,2025-12-25,2025,XAUUSD,30,3,786.9356547886517,26.23118849295506,-54.01084595693341,678.9275184749966,0.894
42,256,2025-11-14,2025-12-25,2025,XAGUSD,30,2,4005.88850248349,133.52961674944967,147.8478876960154,2108.5454901256326,0.986
42,256,2025-11-14,2025-12-25,2025,WTI,30,8,-481.11169123994347,-16.037056374664783,-64.40300232861284,680.7834307391381,0.266
42,256,2025-11-14,2025-12-25,2025,UKOIL,29,3,-213.183677726076,-7.3511613008991725,-19.921069007913257,560.6526000783201,0.36
42,256,2025-11-14,2025-12-25,2025,US500,30,8,-878.1729514207229,-29.272431714024098,-12.361278723665611,420.52884493119416,0.016
42,256,2025-11-14,2025-12-25,2025,USTECH,30,8,-1363.5333800615867,-45.45111266871956,28.190343050568057,585.085568622021,0.006
42,256,2025-11-14,2025-12-25,2025,BTCUSD,42,4,199.36870489865493,4.74687392615845,26.477513282172144,1350.2151274226696,0.544
42,257,2025-12-05,2026-01-15,2025,EURUSD,30,1,85.8120650348685,2.86040216782895,-7.905499199743056,171.10760027708602,0.67
42,257,2025-12-05,2026-01-15,2025,GBPUSD,30,0,45.48367461116534,1.5161224870388448,1.8193469844466135,45.492788662877125,0.48
42,257,2025-12-05,2026-01-15,2025,AUDUSD,30,0,143.52826258947186,4.784275419649062,-1.1482261007157755,143.66740892613439,0.504
42,257,2025-12-05,2026-01-15,2025,USDJPY,30,6,-186.63281601838764,-6.221093867279588,10.494110597753494,199.35965195002063,0.166
42,257,2025-12-05,2026-01-15,2025,USDCHF,30,3,-102.64729063246735,-3.421576354415578,-4.142368005112408,197.63772285921254,0.326
42,257,2025-12-05,2026-01-15,2025,USDCAD,30,1,93.43306802950208,3.114435600983403,-11.890636752428497,231.64615048470756,0.62
42,257,2025-12-05,2026-01-15,2025,EURJPY,30,0,192.60288091129786,6.4200960303765955,3.0816460945807647,192.77109374032983,0.492
42,257,2025-12-05,2026-01-15,2025,GBPJPY,30,0,266.46379732096165,8.882126577365389,6.395131135703078,266.65383198575836,0.488
42,257,2025-12-05,2026-01-15,2025,XAUUSD,30,0,938.6292923694772,31.287643078982573,-33.790654525301164,938.9602936369732,0.518
42,257,2025-12-05,2026-01-15,2025,XAGUSD,30,0,4959.099208111287,165.30330693704292,337.2187461515674,4952.575540271764,0.466
42,257,2025-12-05,2026-01-15,2025,WTI,30,7,-354.02644972223305,-11.800881657407768,1.3526828698734608,881.1500427144243,0.336
42,257,2025-12-05,2026-01-15,2025,UKOIL,28,3,-197.027345856998,-7.0366909234642145,-12.345746218330394,770.8761589575043,0.388
42,257,2025-12-05,2026-01-15,2025,US500,30,6,-106.26217369900763,-3.542072456633588,9.21269074763525,281.26902949523713,0.34
42,257,2025-12-05,2026-01-15,2025,USTECH,30,7,-503.44451130249973,-16.781483710083325,-49.93489030643881,395.31840319165207,0.132
42,257,2025-12-05,2026-01-15,2025,BTCUSD,42,5,-354.0400291478297,-8.429524503519755,11.818692066190543,916.9581654393996,0.382
42,258,2025-12-26,2026-02-05,2025,EURUSD,30,2,-266.1716618333121,-8.87238872777707,-1.498382122315194,255.23295812629425,0.136
42,258,2025-12-26,2026-02-05,2025,GBPUSD,30,4,-307.21351855880374,-10.240450618626792,-25.3578471780098,293.69482269769804,0.198
42,258,2025-12-26,2026-02-05,2025,AUDUSD,30,0,314.4154710047986,10.480515700159952,11.318956956172748,314.5263474927465,0.482
42,258,2025-12-26,2026-02-05,2025,USDJPY,30,5,-189.51653154654548,-6.317217718218183,-6.663555754864085,372.19987230725104,0.328
42,258,2025-12-26,2026-02-05,2025,USDCHF,30,2,-361.59269112566466,-12.053089704188823,-5.142566317388863,359.4186798346806,0.178
42,258,2025-12-26,2026-02-05,2025,USDCAD,30,2,-417.32618007832383,-13.910872669277461,-9.685499759008085,259.478390110649,0.058
42,258,2025-12-26,2026-02-05,2025,EURJPY,30,4,-194.56295353617853,-6.485431784539284,3.3052042159557034,176.92125367831557,0.136
42,258,2025-12-26,2026-02-05,2025,GBPJPY,30,0,56.67627065045424,1.889209021681808,3.410605131648481e-16,56.73303207744976,0.5
42,258,2025-12-26,2026-02-05,2025,XAUUSD,30,0,589.5250927646665,19.650836425488883,-28.29720445270399,589.4352985372303,0.524
42,258,2025-12-26,2026-02-05,2025,XAGUSD,30,0,291.0059705093681,9.700199016978937,16.296334348524613,290.8403007149116,0.472
42,258,2025-12-26,2026-02-05,2025,WTI,30,1,813.212774073776,27.107092469125867,-80.17588182335626,940.060473949658,0.77
42,258,2025-12-26,2026-02-05,2025,UKOIL,29,1,587.8591348562184,20.271004650214426,-8.282062340245504,902.970130733156,0.712
42,258,2025-12-26,2026-02-05,2025,US500,30,7,-155.116412984976,-5.1705470994992,-9.649760617219588,348.2909687732174,0.348
42,258,2025-12-26,2026-02-05,2025,USTECH,30,7,-370.9985779262223,-12.36661926420741,-38.1521196977424,580.4364696126413,0.294
42,258,2025-12-26,2026-02-05,2025,BTCUSD,42,4,2628.4836942435713,62.58294510103741,-143.56136475557736,2644.5273916663837,0.788
42,259,2026-01-16,2026-02-26,2026,EURUSD,30,2,-247.24416764526728,-8.241472254842243,-14.152427523509708,260.0690856344012,0.198
42,259,2026-01-16,2026-02-26,2026,GBPUSD,30,5,-282.99501110609503,-9.433167036869834,12.089519818991098,292.7834814429047,0.184
42,259,2026-01-16,2026-02-26,2026,AUDUSD,30,0,588.7462787939378,19.624875959797926,30.61480649728477,588.5385881625398,0.474
42,259,2026-01-16,2026-02-26,2026,USDJPY,30,4,-71.1657102444694,-2.3721903414823133,5.623310678146962,429.5672300818439,0.43
42,259,2026-01-16,2026-02-26,2026,USDCHF,30,2,-238.20866770282572,-7.9402889234275245,-20.44175661673098,369.8990797604919,0.358
42,259,2026-01-16,2026-02-26,2026,USDCAD,30,2,-319.73348217329317,-10.657782739109772,2.9736159578360595,215.36917252943962,0.084
42,259,2026-01-16,2026-02-26,2026,EURJPY,30,6,-232.19550362867955,-7.7398501209559845,-11.623209357243198,290.2371586450708,0.214
42,259,2026-01-16,2026-02-26,2026,GBPJPY,30,2,-196.39058884521907,-6.546352961507302,-13.99969077766601,234.93892915582308,0.264
42,259,2026-01-16,2026-02-26,2026,XAUUSD,30,1,1183.341848212803,39.4447282737601,20.62640384712909,963.1504235606061,0.888
42,259,2026-01-16,2026-02-26,2026,XAGUSD,30,1,-5125.382149236283,-170.84607164120945,136.26551399371698,2034.1068183113573,0.0
42,259,2026-01-16,2026-02-26,2026,WTI,30,0,1056.7205835577654,35.224019451925514,71.85699968192804,1055.3304734194076,0.466
42,259,2026-01-16,2026-02-26,2026,UKOIL,30,0,1125.6105462801681,37.52035154267227,-72.03907496193078,1124.4279211561402,0.532
42,259,2026-01-16,2026-02-26,2026,US500,30,9,-597.1280600651821,-19.904268668839403,-28.315928958864063,445.38648825767376,0.102
42,259,2026-01-16,2026-02-26,2026,USTECH,30,3,-394.11255758877485,-13.137085252959162,8.317330090067362,487.5234529069317,0.194
42,259,2026-01-16,2026-02-26,2026,BTCUSD,42,4,1470.6806987364034,35.01620711277151,-128.7032078517266,2124.9672464353466,0.738
42,260,2026-02-06,2026-03-19,2026,EURUSD,30,1,176.17027368131806,5.872342456043936,-11.099649748685747,245.36141522763964,0.67
42,260,2026-02-06,2026-03-19,2026,GBPUSD,30,1,-21.806237071802258,-0.7268745690600753,8.48565222666159,172.84659917547827,0.428
42,260,2026-02-06,2026-03-19,2026,AUDUSD,30,5,-157.04620284950045,-5.234873428316681,-14.359854101917772,302.64479245809804,0.34
42,260,2026-02-06,2026-03-19,2026,USDJPY,30,2,344.51938346980023,11.483979448993342,-1.338428878382741,352.7468813318286,0.846
42,260,2026-02-06,2026-03-19,2026,USDCHF,30,5,-177.6132638944935,-5.9204421298164505,-2.3651096827736486,217.45087204737823,0.224
42,260,2026-02-06,2026-03-19,2026,USDCAD,30,5,102.66705465720071,3.4222351552400236,0.624836571628624,161.17836813591356,0.724
42,260,2026-02-06,2026-03-19,2026,EURJPY,30,4,-142.15334111041253,-4.738444703680417,5.16570218111241,227.4689581852224,0.27
42,260,2026-02-06,2026-03-19,2026,GBPJPY,30,4,-288.0100741165195,-9.600335803883983,5.15743279842259,251.07714448357945,0.146
42,260,2026-02-06,2026-03-19,2026,XAUUSD,30,5,248.12433768195697,8.270811256065233,39.16532048785922,1467.8255566886355,0.528
42,260,2026-02-06,2026-03-19,2026,XAGUSD,30,5,-5141.655895958755,-171.38852986529182,103.13198833532361,3259.2331017731344,0.046
42,260,2026-02-06,2026-03-19,2026,WTI,30,2,3632.072929550431,121.06909765168103,-206.70702600200974,3361.700179039564,0.81
42,260,2026-02-06,2026-03-19,2026,UKOIL,30,0,4911.229769882887,163.70765899609623,-117.86951447718928,4914.732324122686,0.512
42,260,2026-02-06,2026-03-19,2026,US500,30,8,-471.95228614798197,-15.7317428715994,9.65985890258937,461.7211549218053,0.158
42,260,2026-02-06,2026-03-19,2026,USTECH,30,4,-800.1563456883631,-26.671878189612105,-29.05852212928462,413.3019882892918,0.03
42,260,2026-02-06,2026-03-19,2026,BTCUSD,42,5,-990.6572223619609,-23.58707672290383,-121.53887761303463,1772.17326251958,0.35
42,261,2026-02-27,2026-04-09,2026,EURUSD,30,1,98.02327053149271,3.267442351049757,7.724440965906608,322.9805183293998,0.526
42,261,2026-02-27,2026-04-09,2026,GBPUSD,30,1,95.28413257729963,3.1761377525766545,0.12613727165749697,219.03310071102487,0.67
42,261,2026-02-27,2026-04-09,2026,AUDUSD,30,7,-603.5095247642197,-20.116984158807323,-14.89942271317485,396.89764985733274,0.074
42,261,2026-02-27,2026-04-09,2026,USDJPY,30,1,151.65620640241372,5.0552068800804575,-5.609436516338539,204.18856113574682,0.66
42,261,2026-02-27,2026-04-09,2026,USDCHF,30,4,-189.58317469802984,-6.319439156600994,-13.212785048637347,218.09374665511268,0.212
42,261,2026-02-27,2026-04-09,2026,USDCAD,30,4,180.0477856044181,6.001592853480603,-4.092305502285361,164.91385793202724,0.862
42,261,2026-02-27,2026-04-09,2026,EURJPY,23,5,-114.69029193113909,-4.986534431788656,6.097127951181527,118.17933103309264,0.158
42,261,2026-02-27,2026-04-09,2026,GBPJPY,30,7,-397.5290811215515,-13.250969370718384,-7.834176342952194,191.69968548568232,0.012
42,261,2026-02-27,2026-04-09,2026,XAUUSD,29,4,-906.2595508732741,-31.250329340457725,64.85510441609645,1258.6256649914562,0.25
42,261,2026-02-27,2026-04-09,2026,XAGUSD,29,4,-2657.5836028921726,-91.64081389283353,96.49413470395794,1940.640761112243,0.082
42,261,2026-02-27,2026-04-09,2026,WTI,29,2,4046.851287006456,139.5465961036709,15.552584630083249,3404.2730759376495,0.864
42,261,2026-02-27,2026-04-09,2026,UKOIL,29,0,3432.7101890077333,118.36931686233564,-54.92336302412373,3435.7082017550388,0.508
42,261,2026-02-27,2026-04-09,2026,US500,29,2,-221.0318539017905,-7.621788065578983,39.55520817020585,578.0509202680477,0.308
42,261,2026-02-27,2026-04-09,2026,USTECH,29,6,-816.0177913995554,-28.138544531019154,25.01980057866087,703.865805755243,0.104
42,261,2026-02-27,2026-04-09,2026,BTCUSD,42,12,-2609.439338504074,-62.12950805962081,-77.62733729469872,1587.3153160371176,0.05
42,262,2026-03-20,2026-04-30,2026,EURUSD,30,1,-61.1267163192024,-2.03755721064008,1.8181652952395544,176.3105962240995,0.438
42,262,2026-03-20,2026-04-30,2026,GBPUSD,30,1,176.20056081161746,5.873352027053915,-7.688769477994274,238.64106388617836,0.836
42,262,2026-03-20,2026-04-30,2026,AUDUSD,30,3,31.40917699129143,1.0469725663763811,-1.5997889283952846,413.3364313028554,0.556
42,262,2026-03-20,2026-04-30,2026,USDJPY,30,8,-249.60059961079475,-8.320019987026491,-11.478437675996272,211.28565427935905,0.152
42,262,2026-03-20,2026-04-30,2026,USDCHF,30,1,77.42010175053257,2.5806700583510858,1.4733175474149176,185.68456069836773,0.636
42,262,2026-03-20,2026-04-30,2026,USDCAD,30,1,60.49407811582692,2.016469270527564,0.513666809659564,218.29531100596074,0.65
42,262,2026-03-20,2026-04-30,2026,GBPJPY,30,6,-303.39161596578685,-10.11305386552623,2.984830377776383,228.45187840100434,0.102
42,262,2026-03-20,2026-04-30,2026,XAUUSD,29,2,-1142.1673978803728,-39.3850826855301,-5.737363433534939,834.3030163818687,0.096
42,262,2026-03-20,2026-04-30,2026,XAGUSD,29,2,-2398.5541009405874,-82.70876210139957,21.33115307327907,1212.6107235905238,0.022
42,262,2026-03-20,2026-04-30,2026,WTI,29,4,283.7891601182713,9.785833107526596,149.5925195307905,2671.847508673351,0.514
42,262,2026-03-20,2026-04-30,2026,UKOIL,29,4,-2156.210079612892,-74.35207171078937,170.87640373050252,1988.5107003351757,0.118
42,262,2026-03-20,2026-04-30,2026,US500,29,1,277.2970918102035,9.561968683110464,-47.261436621008194,849.4199393827454,0.55
42,262,2026-03-20,2026-04-30,2026,USTECH,29,3,607.5215865588368,20.949020226166787,13.731159738235727,1029.6751495998883,0.702
42,262,2026-03-20,2026-04-30,2026,BTCUSD,42,10,-3022.1550275469385,-71.95607208445092,-23.069594091328977,1137.9009929630415,0.002
42,263,2026-04-10,2026-05-21,2026,EURUSD,30,1,136.3462274141492,4.544874247138307,13.727456710783121,143.60047887314252,0.786
42,263,2026-04-10,2026-05-21,2026,GBPUSD,30,1,153.7506093100719,5.12502031033573,-6.575015083145877,157.50699059700258,0.804
42,263,2026-04-10,2026-05-21,2026,AUDUSD,30,2,129.98606093478452,4.332868697826151,-9.488834605955043,178.21506545811073,0.78
42,263,2026-04-10,2026-05-21,2026,USDJPY,30,10,-361.2852194420499,-12.04284064806833,-9.848940560118375,226.8677109431503,0.066
42,263,2026-04-10,2026-05-21,2026,USDCHF,30,2,110.99393761337093,3.6997979204456977,-10.405829520366485,140.47099801161613,0.778
42,263,2026-04-10,2026-05-21,2026,USDCAD,30,2,-70.9528653481187,-2.3650955116039567,-4.516854434805571,132.8412362937726,0.364
42,263,2026-04-10,2026-05-21,2026,GBPJPY,30,2,-95.5793681468202,-3.1859789382273402,1.3600744170174348,158.1352313262484,0.27
42,263,2026-04-10,2026-05-21,2026,XAUUSD,30,4,-879.944145820649,-29.331471527354967,7.20676414143386,640.311389671009,0.094
42,263,2026-04-10,2026-05-21,2026,XAGUSD,30,6,-3310.081705224196,-110.33605684080653,153.91169739244867,1954.2078088816686,0.04
42,263,2026-04-10,2026-05-21,2026,WTI,30,8,-1239.422573606343,-41.314085786878096,-84.5988388379479,2072.602949378633,0.286
42,263,2026-04-10,2026-05-21,2026,UKOIL,30,6,-2662.183208068576,-88.73944026895252,-98.13023140056386,1720.068141681992,0.074
42,263,2026-04-10,2026-05-21,2026,US500,30,1,908.5062434545741,30.283541448485803,-40.989468662273,564.0923421219909,0.946
42,263,2026-04-10,2026-05-21,2026,USTECH,30,1,1637.912147734832,54.59707159116106,-73.56132955732377,1050.057567408092,0.946
42,263,2026-04-10,2026-05-21,2026,BTCUSD,42,4,-58.74629182358859,-1.3987212338949664,3.259138328181505,907.4370325624054,0.47
42,264,2026-05-01,2026-06-11,2026,EURUSD,30,1,139.85893665850017,4.661964555283339,4.0996140053002055,115.1123221895428,0.87
42,264,2026-05-01,2026-06-11,2026,GBPUSD,30,1,37.72981936677668,1.2576606455592227,2.555111996466305,145.3773440336677,0.514
42,264,2026-05-01,2026-06-11,2026,AUDUSD,30,5,72.69809138815002,2.423269712938334,-26.87754149917136,236.63077317340353,0.648
42,264,2026-05-01,2026-06-11,2026,USDJPY,30,4,-56.61687711347069,-1.8872292371156898,-16.894574502670455,123.31119040589564,0.39
42,264,2026-05-01,2026-06-11,2026,USDCHF,30,5,-2.0059211400791526,-0.06686403800263842,-6.391590933738725,191.74820249576257,0.502
42,264,2026-05-01,2026-06-11,2026,USDCAD,30,1,73.0102258103557,2.4336741936785233,-8.07396624745185,163.00357180254858,0.69
42,264,2026-05-01,2026-06-11,2026,GBPJPY,30,4,-169.3739350508716,-5.645797835029054,-8.536892408587063,120.44983815602356,0.094
42,264,2026-05-01,2026-06-11,2026,XAUUSD,30,2,662.4102215770638,22.08034071923546,-13.034808044485855,797.5101364783587,0.79
42,264,2026-05-01,2026-06-11,2026,XAGUSD,30,10,-1690.975359501439,-56.36584531671463,126.67645177224631,2124.2942833460475,0.198
42,264,2026-05-01,2026-06-11,2026,WTI,30,5,-937.4587521680023,-31.248625072266744,58.95095581936178,1497.0922437920037,0.254
42,264,2026-05-01,2026-06-11,2026,UKOIL,30,3,84.0321860542092,2.80107286847364,-28.471801623180543,1493.6281514100167,0.514
42,264,2026-05-01,2026-06-11,2026,US500,30,1,114.98404838827574,3.8328016129425246,2.4306925227930116,427.10613313327696,0.546
42,264,2026-05-01,2026-06-11,2026,USTECH,30,3,-508.70494216409014,-16.95683140546967,4.669671463567656,751.467955058893,0.256
42,264,2026-05-01,2026-06-11,2026,BTCUSD,42,3,2259.560087774312,53.799049708912186,-209.43540596861715,1826.956103164341,0.906
126,0,2008-01-01,2008-06-24,2008,EURUSD,105,10,175.8339265813422,1.6746088245842115,11.625068318294497,586.3591890095048,0.598
126,0,2008-01-01,2008-06-24,2008,GBPUSD,105,30,-1499.4714881060859,-14.28068083910558,-77.15404700413504,524.5171460381945,0.002
126,0,2008-01-01,2008-06-24,2008,AUDUSD,104,12,-422.2930216122627,-4.060509823194834,-61.39291876090999,648.0167462355149,0.306
126,0,2008-01-01,2008-06-24,2008,USDJPY,82,8,439.95421463862215,5.365295300471002,-32.70923585916998,626.7087971625537,0.782
126,0,2008-01-01,2008-06-24,2008,USDCHF,105,14,416.89327018031497,3.9704120969553807,-37.38953096862865,830.6761016910177,0.702
126,0,2008-01-01,2008-06-24,2008,USDCAD,105,14,-1366.4385070524763,-13.013700067166441,-4.893336330241345,619.9834503118524,0.014
126,0,2008-01-01,2008-06-24,2008,EURJPY,105,14,120.93949222381977,1.1518046878459025,10.090522716433556,612.4404362986735,0.594
126,0,2008-01-01,2008-06-24,2008,GBPJPY,105,16,259.7563858405002,2.4738703413380967,-40.94344705448574,776.2522795379871,0.646
126,0,2008-01-01,2008-06-24,2008,XAGUSD,105,12,-2306.6531676529457,-21.96812540621853,-295.63690865905136,2515.730949450594,0.234
126,1,2008-03-28,2008-09-19,2008,EURUSD,126,11,223.85412027471722,1.7766200021802954,-58.939616163251,794.5692495137035,0.622
126,1,2008-03-28,2008-09-19,2008,GBPUSD,126,23,-386.0757314753894,-3.0640931069475346,-48.505004516093486,752.3147568996636,0.338
126,1,2008-03-28,2008-09-19,2008,AUDUSD,126,10,691.3547477666273,5.48694244259228,7.080254686643122,1189.8159516042028,0.718
126,1,2008-03-28,2008-09-19,2008,USDJPY,126,12,-84.10006910385235,-0.6674608659035901,-38.219758781766856,657.0013150968482,0.492
126,1,2008-03-28,2008-09-19,2008,USDCHF,126,13,349.33742809792193,2.772519270618428,-83.9878608639231,797.2919255839314,0.706
126,1,2008-03-28,2008-09-19,2008,USDCAD,126,12,-227.3494051235326,-1.8043603581232746,-30.48893740654899,618.647592783271,0.37
126,1,2008-03-28,2008-09-19,2008,EURJPY,126,18,187.81518362275864,1.4905966954187193,7.274940540270745,891.6128199932268,0.572
126,1,2008-03-28,2008-09-19,2008,GBPJPY,126,14,342.77300322005215,2.7204206604766044,-41.91876843211447,966.162954428012,0.64
126,1,2008-03-28,2008-09-19,2008,XAUUSD,81,6,-596.1494839665289,-7.359870172426283,-5.496729971456756,1896.7817936614385,0.364
126,1,2008-03-28,2008-09-19,2008,XAGUSD,126,14,1069.1630153754706,8.48542075694818,-377.20874964607435,3272.1155555311248,0.656
126,2,2008-06-25,2008-12-17,2008,EURUSD,126,11,2580.2968342433282,20.478546303518478,-142.770350561762,1544.185322188198,0.966
126,2,2008-06-25,2008-12-17,2008,GBPUSD,126,9,1577.7244221139,12.521622397729365,160.6349629555398,1431.5373986664943,0.84
126,2,2008-06-25,2008-12-17,2008,AUDUSD,126,9,4212.648439999418,33.43371777777316,-52.020151741980264,2345.4812454354696,0.964
126,2,2008-06-25,2008-12-17,2008,USDJPY,126,7,1771.1114796041213,14.056440314318424,-32.6912610039336,1183.8151940118992,0.934
126,2,2008-06-25,2008-12-17,2008,USDCHF,126,9,1251.82403234302,9.935111367801746,61.87114650806357,1234.9602629434635,0.818
126,2,2008-06-25,2008-12-17,2008,USDCAD,126,13,1366.253412700346,10.843281053177348,-52.837387469782975,1658.1062571921798,0.806
126,2,2008-06-25,2008-12-17,2008,EURJPY,126,14,3115.9924315075227,24.730098662758117,49.91778125790255,1891.0695971537912,0.93
126,2,2008-06-25,2008-12-17,2008,GBPJPY,126,5,3989.917879820263,31.666014919208436,-69.6441954387711,2351.9434049896026,0.966
126,2,2008-06-25,2008-12-17,2008,XAUUSD,126,5,3032.0072438835623,24.063549554631447,-93.1776615783257,2520.755598623527,0.89
126,2,2008-06-25,2008-12-17,2008,XAGUSD,126,17,-1283.7051678551884,-10.188136252818955,-603.6957093198253,4477.882270240068,0.44
126,3,2008-09-22,2009-03-16,2008,EURUSD,126,9,1499.2561139531144,11.89885804724694,-78.1339096244723,1530.0233404675964,0.842
126,3,2008-09-22,2009-03-16,2008,GBPUSD,126,16,-8.475573530961029,-0.0672664565949288,-46.42775964995033,1552.377614564453,0.49
126,3,2008-09-22,2009-03-16,2008,AUDUSD,126,13,1901.8127271324024,15.093751802638115,-190.43118274682226,2317.5689021581775,0.828
126,3,2008-09-22,2009-03-16,2008,USDJPY,126,7,2046.7703778217906,16.24420934779199,-77.03038812393854,1327.7474148971583,0.944
126,3,2008-09-22,2009-03-16,2008,USDCHF,126,10,565.3532187989157,4.486930307927902,28.011042834475283,1284.6882773214677,0.652
126,3,2008-09-22,2009-03-16,2008,USDCAD,126,12,822.2237522066674,6.525585334973551,121.03980545378627,1579.7290569372071,0.676
126,3,2008-09-22,2009-03-16,2008,EURJPY,126,7,4109.227819726324,32.612919204177174,77.55282974720903,2039.0372292618442,0.984
126,3,2008-09-22,2009-03-16,2008,GBPJPY,126,9,2087.0331884575357,16.563755463948695,180.60392733103805,2252.841987569796,0.794
126,3,2008-09-22,2009-03-16,2008,XAUUSD,126,7,1955.2611220275794,15.517945412917296,-129.78326479921242,2364.0462162314334,0.81
126,3,2008-09-22,2009-03-16,2008,XAGUSD,126,18,-5107.43399325139,-40.53519042263008,-872.1107962173821,3636.4278337739784,0.114
126,4,2008-12-18,2009-06-11,2008,EURUSD,126,6,184.24159449884002,1.4622348769749207,10.041124984972827,1080.4115658744356,0.564
126,4,2008-12-18,2009-06-11,2008,GBPUSD,126,14,77.2085197330237,0.6127660296271723,-28.508490125813054,1255.2453670478471,0.524
126,4,2008-12-18,2009-06-11,2008,AUDUSD,126,8,1117.3076039128202,8.867520665974764,11.00368503372917,1461.6730688172893,0.778
126,4,2008-12-18,2009-06-11,2008,USDJPY,126,9,-319.00112077012375,-2.531754926747014,-35.71865622221155,973.4664970438896,0.386
126,4,2008-12-18,2009-06-11,2008,USDCHF,126,12,-543.1063899999864,-4.310368174603067,33.959713554393545,891.9102093834146,0.246
126,4,2008-12-18,2009-06-11,2008,USDCAD,126,8,428.7904894134131,3.4030991223286757,-16.532729941303206,1003.9942069141491,0.656
126,4,2008-12-18,2009-06-11,2008,EURJPY,126,8,1280.0004763942143,10.15873393963662,46.633583194050516,1359.8996338927154,0.802
126,4,2008-12-18,2009-06-11,2008,GBPJPY,126,15,-473.99670397498073,-3.7618786029760374,112.92660805957745,1613.4058172912146,0.378
126,4,2008-12-18,2009-06-11,2008,XAUUSD,126,8,-299.3406553245923,-2.3757194867031135,98.81900357549056,1584.364351761484,0.424
126,4,2008-12-18,2009-06-11,2008,XAGUSD,126,8,-643.6752182447951,-5.108533478133294,-294.1338771311592,2504.4717998063984,0.464
126,5,2009-03-17,2009-09-08,2009,EURUSD,126,18,9.288650800728277,0.07371945079943078,-60.224738865960774,862.5602913052433,0.544
126,5,2009-03-17,2009-09-08,2009,GBPUSD,126,20,-94.63921968646761,-0.7511049181465683,-22.36090958824022,953.7001074599882,0.454
126,5,2009-03-17,2009-09-08,2009,AUDUSD,126,12,1887.5137255558147,14.980267663141387,-3.042518854027676,1245.5988064918888,0.934
126,5,2009-03-17,2009-09-08,2009,USDJPY,126,11,-601.1318993671399,-4.770888090215396,-5.382888504798009,743.6209971981265,0.198
126,5,2009-03-17,2009-09-08,2009,USDCHF,126,25,-1577.16335063365,-12.517169449473412,-59.7362492989138,847.0259003614285,0.028
126,5,2009-03-17,2009-09-08,2009,USDCAD,126,7,810.7412732377901,6.43445454950627,44.12078594655856,1043.4174177687146,0.744
126,5,2009-03-17,2009-09-08,2009,EURJPY,126,23,-1251.1391469188293,-9.929675769197058,-18.424897459319368,1089.0605222139743,0.138
126,5,2009-03-17,2009-09-08,2009,GBPJPY,126,15,205.36900704231115,1.6299127543040568,-62.45844979183789,1230.9360869867553,0.59
126,5,2009-03-17,2009-09-08,2009,XAUUSD,126,13,-157.62678774150334,-1.2510062519166931,-114.76078681617733,1091.0826350224784,0.494
126,5,2009-03-17,2009-09-08,2009,XAGUSD,126,9,835.2330391355935,6.628833643933281,-313.13552614468836,2713.551445998886,0.634
126,6,2009-06-12,2009-12-04,2009,EURUSD,126,18,-559.3105482806252,-4.438972605401787,-25.16015785103856,567.2930530316942,0.178
126,6,2009-06-12,2009-12-04,2009,GBPUSD,126,27,-1880.1987791149809,-14.922212532658579,-17.967609775918664,762.615310871026,0.004
126,6,2009-06-12,2009-12-04,2009,AUDUSD,126,14,73.27917155048245,0.5815807265911305,-24.942539242354027,940.1249183139189,0.538
126,6,2009-06-12,2009-12-04,2009,USDJPY,126,13,-255.9538247554633,-2.031379561551296,-26.5344504417547,828.4424827539038,0.39
126,6,2009-06-12,2009-12-04,2009,USDCHF,126,22,-1109.1094605862195,-8.802456036398567,-55.48717297830969,676.7107029957591,0.054
126,6,2009-06-12,2009-12-04,2009,USDCAD,126,12,-753.921335727937,-5.983502664507437,49.42627466870303,949.2359756174843,0.206
126,6,2009-06-12,2009-12-04,2009,EURJPY,126,29,-2270.2504612651205,-18.017860803691434,-103.07229838987134,968.8055417777417,0.012
126,6,2009-06-12,2009-12-04,2009,GBPJPY,126,11,-469.9849370298647,-3.7300391827767037,87.34769010833803,1199.8868676565862,0.318
126,6,2009-06-12,2009-12-04,2009,XAUUSD,126,10,830.527768892046,6.591490229301952,-77.87842389074832,1295.8288857435648,0.764
126,6,2009-06-12,2009-12-04,2009,XAGUSD,126,14,-848.2567606749054,-6.7321965132929,-546.7562631285459,2400.4149531405756,0.446
126,7,2009-09-09,2010-03-03,2009,EURUSD,126,7,205.37297969600542,1.6299442833016302,-43.99100301676753,614.6978943756801,0.654
126,7,2009-09-09,2010-03-03,2009,GBPUSD,126,13,-101.69180415468246,-0.8070778107514481,-6.644458446160941,780.7459301192774,0.444
126,7,2009-09-09,2010-03-03,2009,AUDUSD,125,8,-34.81037366072981,-0.2784829892858385,7.436722852711813,876.8344647964464,0.508
126,7,2009-09-09,2010-03-03,2009,USDJPY,126,12,-504.3336779242852,-4.002648237494327,6.178683344309216,694.7968918502089,0.228
126,7,2009-09-09,2010-03-03,2009,USDCHF,126,7,141.2587811437773,1.1211014376490263,-42.23515170912874,555.8771430316475,0.652
126,7,2009-09-09,2010-03-03,2009,USDCAD,126,20,-827.6696107956734,-6.568806434886297,-61.69809571994253,781.5150093258203,0.17
126,7,2009-09-09,2010-03-03,2009,EURJPY,126,18,-327.6582070691965,-2.6004619608666393,21.543609357974287,845.6770163712729,0.344
126,7,2009-09-09,2010-03-03,2009,GBPJPY,126,8,912.3343193634338,7.240748566376459,-86.4781265762814,1231.656634755639,0.796
126,7,2009-09-09,2010-03-03,2009,XAUUSD,126,10,325.196838824197,2.5809272922555317,-140.12709033569985,1336.7147303112613,0.626
126,7,2009-09-09,2010-03-03,2009,XAGUSD,126,16,-1868.4323672644296,-14.828828311622457,-341.62017935570157,2342.1569065209637,0.26
126,8,2009-12-07,2010-05-31,2009,EURUSD,126,9,588.4376147757065,4.6701397998071945,67.8117422886384,845.692840898739,0.712
126,8,2009-12-07,2010-05-31,2009,GBPUSD,126,7,1100.7546133763308,8.736147725208975,-38.27923189847174,788.6165632792796,0.922
126,8,2009-12-07,2010-05-31,2009,AUDUSD,125,7,363.49712273791727,2.9079769819033383,-1.363866582921164,1058.73824758317,0.612
126,8,2009-12-07,2010-05-31,2009,USDJPY,126,14,-755.4959351094739,-5.995999484995824,-40.09845694276901,719.513713712317,0.154
126,8,2009-12-07,2010-05-31,2009,USDCHF,126,9,434.6616657657071,3.4496957600452944,-85.19893367903245,692.1341624194296,0.774
126,8,2009-12-07,2010-05-31,2009,USDCAD,126,13,340.75536056351586,2.704407623519967,-23.77453756333164,684.8105138549372,0.712
126,8,2009-12-07,2010-05-31,2009,EURJPY,126,12,1082.2578085809696,8.589347687150552,-12.072392774858884,1096.4639611415796,0.822
126,8,2009-12-07,2010-05-31,2009,GBPJPY,126,8,1129.2777752705463,8.962522025956716,-25.400064067818878,1164.5888056745625,0.846
126,8,2009-12-07,2010-05-31,2009,XAUUSD,126,12,-961.1381908717824,-7.628080879934781,-74.11173438725781,1134.3562899168396,0.212
126,8,2009-12-07,2010-05-31,2009,XAGUSD,126,13,-2184.7561423687976,-17.339334463244423,-233.5352990376396,2220.9448892580085,0.184
126,9,2010-03-04,2010-08-26,2010,EURUSD,126,16,263.4433454685033,2.0908202021309785,-42.045989776515555,933.0558703017266,0.614
126,9,2010-03-04,2010-08-26,2010,GBPUSD,126,6,757.9515929795041,6.015488833170667,0.2979092439615815,761.6486633382401,0.838
126,9,2010-03-04,2010-08-26,2010,AUDUSD,126,9,370.2656170679907,2.938616008476117,21.090174460029086,1114.149920474444,0.6
126,9,2010-03-04,2010-08-26,2010,USDJPY,126,12,-37.244766340232786,-0.29559338365264115,-58.19176264539874,657.217424412343,0.522
126,9,2010-03-04,2010-08-26,2010,USDCHF,126,11,642.7228714606888,5.100975170322927,-26.838376985748415,864.1611541436412,0.772
126,9,2010-03-04,2010-08-26,2010,USDCAD,126,15,-773.3877025551053,-6.137997639326232,-44.070803843569216,746.8485892447148,0.184
126,9,2010-03-04,2010-08-26,2010,EURJPY,126,18,743.1176646079489,5.8977592429202295,27.242199321351976,1027.5368879527307,0.744
126,9,2010-03-04,2010-08-26,2010,GBPJPY,126,22,-470.01944074728823,-3.730313021803875,-76.71148495134439,1020.6259948437273,0.364
126,9,2010-03-04,2010-08-26,2010,XAUUSD,126,8,217.57152826399414,1.7267581608253504,-110.63738961270718,954.9589878462218,0.634
126,9,2010-03-04,2010-08-26,2010,XAGUSD,126,18,-3057.871066177249,-24.268817985533722,-574.9609747404908,1679.7643966065498,0.088
126,10,2010-06-01,2010-11-23,2010,EURUSD,126,12,888.3126036916195,7.050100029298568,14.681297451309373,943.9171101864368,0.806
126,10,2010-06-01,2010-11-23,2010,GBPUSD,126,7,-153.95629939301193,-1.2218753920080312,19.76262291657413,675.5327260476582,0.402
126,10,2010-06-01,2010-11-23,2010,AUDUSD,126,12,300.0511001863414,2.3813579379868366,-69.56019885342714,1035.9370263434303,0.646
126,10,2010-06-01,2010-11-23,2010,USDJPY,126,9,371.71505257504873,2.950119464881339,-20.27069465859629,632.4931616956626,0.726
126,10,2010-06-01,2010-11-23,2010,USDCHF,126,8,586.5066323427368,4.654814542402673,11.608754737349535,878.8336367220585,0.724
126,10,2010-06-01,2010-11-23,2010,USDCAD,126,23,-1708.9113213317662,-13.562788264537827,-56.61086298208699,736.0763751559474,0.016
126,10,2010-06-01,2010-11-23,2010,EURJPY,126,21,-791.6903092450802,-6.283256422580002,-24.290206506666767,898.951187053172,0.194
126,10,2010-06-01,2010-11-23,2010,GBPJPY,126,23,-1630.203889521726,-12.938126107315286,-44.240425170569054,803.2550938089321,0.028
126,10,2010-06-01,2010-11-23,2010,XAUUSD,126,10,1061.771284345313,8.426756224962801,-9.595449829647611,915.8169529891042,0.868
126,10,2010-06-01,2010-11-23,2010,XAGUSD,126,13,2142.3016696729555,17.002394203753614,-262.10744579676737,2014.9586069604356,0.884
126,11,2010-08-27,2011-02-18,2010,EURUSD,126,7,1245.4328897569235,9.884388013943838,11.17880524715788,911.5564106281382,0.908
126,11,2010-08-27,2011-02-18,2010,GBPUSD,126,7,-43.17798843199111,-0.34268244787294533,-33.2347605043322,550.0715432757262,0.488
126,11,2010-08-27,2011-02-18,2010,AUDUSD,126,19,96.65175841485045,0.7670774477369083,-29.880437795616277,807.4441259963974,0.57
126,11,2010-08-27,2011-02-18,2010,USDJPY,126,9,-248.073832973228,-1.9688399442319684,-35.339402918705574,573.6004894046913,0.36
126,11,2010-08-27,2011-02-18,2010,USDCHF,126,12,-379.5927195999587,-3.012640631745704,10.024250934640504,766.2952277939871,0.294
126,11,2010-08-27,2011-02-18,2010,USDCAD,126,19,-925.0681162834087,-7.34181044669372,-37.397390000256124,530.7291043511633,0.058
126,11,2010-08-27,2011-02-18,2010,EURJPY,126,13,-782.6706072350303,-6.211671485992304,-33.16119417771772,796.6547587641289,0.172
126,11,2010-08-27,2011-02-18,2010,GBPJPY,126,9,-357.90556685434143,-2.8405203718598524,-29.039598905972653,701.7892654253938,0.31
126,11,2010-08-27,2011-02-18,2010,XAUUSD,126,12,1161.22904620808,9.216103541333968,-16.761131050003076,919.2231568657116,0.902
126,11,2010-08-27,2011-02-18,2010,XAGUSD,126,4,4673.794767478265,37.09360926570052,-33.87369927561741,3200.5830222551144,0.928
126,12,2010-11-24,2011-05-18,2010,EURUSD,126,10,482.34269427302604,3.8281166212144924,-37.73187204970913,788.4406554309735,0.764
126,12,2010-11-24,2011-05-18,2010,GBPUSD,126,13,-329.73571584752665,-2.616950125774021,-17.72861856144674,492.8006611084198,0.266
126,12,2010-11-24,2011-05-18,2010,AUDUSD,126,17,-101.44576423878844,-0.8051251130062574,-129.19079516267402,743.2194212596215,0.524
126,12,2010-11-24,2011-05-18,2010,USDJPY,126,11,-489.8749445346977,-3.8878963851960133,-107.18816576626251,666.7250517558873,0.274
126,12,2010-11-24,2011-05-18,2010,USDCHF,126,11,-171.7858548105578,-1.363379800083792,-31.849662763554765,836.4537157700152,0.426
126,12,2010-11-24,2011-05-18,2010,USDCAD,126,17,-573.7348062642103,-4.553450843366749,-46.394714976048455,435.02380141244635,0.116
126,12,2010-11-24,2011-05-18,2010,EURJPY,126,9,431.46018459273324,3.424287179307407,-42.859832112365666,938.0746868652944,0.696
126,12,2010-11-24,2011-05-18,2010,GBPJPY,126,9,118.94764733497829,0.9440289471030022,-34.216928937248596,765.8495133557485,0.576
126,12,2010-11-24,2011-05-18,2010,XAUUSD,126,13,451.3424110813823,3.5820826276300184,-81.5536859287824,821.9667950710016,0.748
126,12,2010-11-24,2011-05-18,2010,XAGUSD,126,5,3606.992828073373,28.62692720693153,-6.676389322897303,3457.5312203201634,0.852
126,12,2010-11-24,2011-05-18,2010,UKOIL,97,4,2931.3270893582135,30.219866900600138,-61.88847267805929,1807.2345240277048,0.956
126,13,2011-02-21,2011-08-15,2011,EURUSD,126,20,-1185.1320952546214,-9.405810279798583,-56.307784142722646,749.7670856211957,0.076
126,13,2011-02-21,2011-08-15,2011,GBPUSD,126,20,-1358.072781303435,-10.77835540717012,-0.3316787373594825,518.9553247732974,0.004
126,13,2011-02-21,2011-08-15,2011,AUDUSD,126,17,-382.43787965709737,-3.0352212671198204,-17.492730911046923,860.6620496409319,0.334
126,13,2011-02-21,2011-08-15,2011,USDJPY,126,13,-206.94438723776574,-1.6424157717282994,5.583005832574195,683.606641269298,0.376
126,13,2011-02-21,2011-08-15,2011,USDCHF,126,6,1027.4694850359015,8.154519722507155,-19.77929469294815,1003.4729492937179,0.838
126,13,2011-02-21,2011-08-15,2011,USDCAD,126,13,-845.593178044232,-6.711056968605016,-25.792853340279567,560.1507699577,0.062
126,13,2011-02-21,2011-08-15,2011,EURJPY,126,15,397.1507238322452,3.151989871684486,-59.97658451800817,916.4151509071614,0.694
126,13,2011-02-21,2011-08-15,2011,GBPJPY,126,11,77.3317001614302,0.6137436520748429,-36.390196159419446,797.9677049150907,0.582
126,13,2011-02-21,2011-08-15,2011,XAUUSD,126,10,1039.1290576811894,8.247056013342773,-97.60975736421786,1243.8640658793508,0.804
126,13,2011-02-21,2011-08-15,2011,XAGUSD,126,7,2974.078660685549,23.603798894329753,-128.4587259916697,3287.8213518436714,0.828
126,13,2011-02-21,2011-08-15,2011,UKOIL,125,9,-280.593807250478,-2.244750458003824,-1.9119459708704671,1932.5618798180328,0.436
126,14,2011-05-19,2011-11-10,2011,EURUSD,126,24,-1914.3634160863435,-15.19336044512971,-33.97806232224398,906.0437852868839,0.02
126,14,2011-05-19,2011-11-10,2011,GBPUSD,126,15,-652.734895049347,-5.1804356749948175,-7.469955253986807,584.4969165030576,0.138
126,14,2011-05-19,2011-11-10,2011,AUDUSD,126,19,-1375.4046038245954,-10.915909554163456,13.162319635245035,1146.6216956527549,0.126
126,14,2011-05-19,2011-11-10,2011,USDJPY,126,13,-854.3866608177502,-6.780846514426589,-41.43918793390309,514.9061694356008,0.062
126,14,2011-05-19,2011-11-10,2011,USDCHF,126,7,1059.1001704744863,8.405556908527668,54.503424967244804,1705.7145220116035,0.708
126,14,2011-05-19,2011-11-10,2011,USDCAD,126,16,-890.6742802476548,-7.068843494029006,-44.8726524854905,792.4240646169275,0.16
126,14,2011-05-19,2011-11-10,2011,EURJPY,126,18,-239.49447535540727,-1.9007498044079942,-85.92498819260662,855.5935933890808,0.432
126,14,2011-05-19,2011-11-10,2011,GBPJPY,126,9,568.9938746408246,4.515824401911306,-20.902179581554257,678.3654802868045,0.822
126,14,2011-05-19,2011-11-10,2011,XAUUSD,126,9,1702.955068240313,13.51551641460566,-66.3602673492652,1812.2643978622698,0.84
126,14,2011-05-19,2011-11-10,2011,XAGUSD,126,11,2375.5718053936907,18.853744487251515,-157.36447653825016,3267.7292603498286,0.754
126,14,2011-05-19,2011-11-10,2011,UKOIL,109,9,-3696.2400583650133,-33.910459251055165,-71.38484653174157,1760.4841699390709,0.024
126,15,2011-08-16,2012-02-07,2011,EURUSD,126,10,-38.490708425734766,-0.30548181290265686,-17.583048523420732,779.653226532408,0.466
126,15,2011-08-16,2012-02-07,2011,GBPUSD,126,12,-289.74095694515256,-2.2995314043266077,-47.59008837088758,593.6691840948839,0.352
126,15,2011-08-16,2012-02-07,2011,AUDUSD,126,15,-418.62969444373005,-3.322457892410556,-37.88796638064293,1134.907072146812,0.382
126,15,2011-08-16,2012-02-07,2011,USDJPY,126,16,-632.7381144907077,-5.021731067386569,-20.430806409162788,429.22402140458973,0.082
126,15,2011-08-16,2012-02-07,2011,USDCHF,126,6,1254.0555889093619,9.952822134201284,-42.424450068970835,1363.653324912438,0.786
126,15,2011-08-16,2012-02-07,2011,USDCAD,126,21,-119.72180344220654,-0.9501730431921154,-67.57385116327735,770.0621511259825,0.462
126,15,2011-08-16,2012-02-07,2011,EURJPY,126,11,-172.8548455843171,-1.3718638538437866,-21.1779834188827,855.6971617124976,0.438
126,15,2011-08-16,2012-02-07,2011,GBPJPY,126,7,-0.9101194937926778,-0.007223170585656173,32.517215013263844,724.7847206550806,0.466
126,15,2011-08-16,2012-02-07,2011,XAUUSD,126,8,2077.430953463052,16.48754724970676,42.7374851006838,1758.6606635361193,0.858
126,15,2011-08-16,2012-02-07,2011,XAGUSD,126,7,3192.064638358819,25.333846336181104,-235.36592600301526,3108.1958206569234,0.852
126,15,2011-08-16,2012-02-07,2011,UKOIL,105,13,-2323.8919643635822,-22.132304422510305,51.75463977758022,1423.624664716244,0.044
126,16,2011-11-11,2012-05-04,2011,EURUSD,126,13,-391.8090074683036,-3.109595297367489,-31.87442735840456,580.2218542062432,0.254
126,16,2011-11-11,2012-05-04,2011,GBPUSD,126,16,-857.5350060880394,-6.805833381651106,-45.46505468943028,474.9570762018033,0.044
126,16,2011-11-11,2012-05-04,2011,AUDUSD,126,14,416.04092260027994,3.301912084129206,-56.22159784762918,780.723286008328,0.738
126,16,2011-11-11,2012-05-04,2011,USDJPY,126,11,983.301044129431,7.80397654070977,6.947141131303237,616.233275777444,0.946
126,16,2011-11-11,2012-05-04,2011,USDCHF,126,19,-408.53369827343795,-3.2423309386780788,-21.205449788843836,582.6874085359535,0.264
126,16,2011-11-11,2012-05-04,2011,USDCAD,126,19,-333.91858084791124,-2.6501474670469145,8.529634102475994,510.4532207183322,0.25
126,16,2011-11-11,2012-05-04,2011,EURJPY,126,4,1030.8797764459357,8.181585527348696,2.0231698576330928,1049.2987882001598,0.822
126,16,2011-11-11,2012-05-04,2011,GBPJPY,126,7,-39.430536656043486,-0.31294076711145624,-7.744979831915071,726.941436814209,0.496
126,16,2011-11-11,2012-05-04,2011,XAUUSD,126,10,760.2179860732599,6.0334760799465075,-57.42841023768601,1294.0229716570118,0.726
126,16,2011-11-11,2012-05-04,2011,XAGUSD,126,7,834.1470226865274,6.62021446576609,-90.8397299932777,1966.3874244572037,0.68
126,16,2011-11-11,2012-05-04,2011,WTI,105,18,-3070.6217584004776,-29.244016746671214,-113.31288172739949,1417.1310247661156,0.016
126,16,2011-11-11,2012-05-04,2011,UKOIL,121,15,-492.49590291364694,-4.070214073666504,-119.14420580082019,1191.0235874818654,0.386
126,17,2012-02-08,2012-08-01,2012,EURUSD,126,17,-443.221143085976,-3.5176281197299684,-60.43340497993806,620.424247265276,0.264
126,17,2012-02-08,2012-08-01,2012,GBPUSD,126,19,-1013.5919814727537,-8.044380805339316,-15.524590953017057,488.3229735828128,0.014
126,17,2012-02-08,2012-08-01,2012,AUDUSD,126,6,969.3332432416469,7.6931209781083085,62.31270816558253,712.4377441522013,0.882
126,17,2012-02-08,2012-08-01,2012,USDJPY,126,14,273.174778347548,2.168053796409111,-45.237403512431705,599.5943972087366,0.674
126,17,2012-02-08,2012-08-01,2012,USDCHF,126,21,-691.5118078507131,-5.488188951196136,-28.95373595501478,572.3055311697464,0.14
126,17,2012-02-08,2012-08-01,2012,USDCAD,126,18,-781.5103192734949,-6.202462851376944,-45.08315080390795,445.4948148457462,0.048
126,17,2012-02-08,2012-08-01,2012,EURJPY,126,5,1363.95686765469,10.825054505195952,-7.478097340549433,994.4135839557481,0.902
126,17,2012-02-08,2012-08-01,2012,GBPJPY,126,13,369.64414750233897,2.9336837103360236,11.52309106016186,778.4059676635605,0.664
126,17,2012-02-08,2012-08-01,2012,XAUUSD,126,21,-1189.623477852207,-9.441456173430215,-123.25081590898638,995.8496452653156,0.146
126,17,2012-02-08,2012-08-01,2012,XAGUSD,126,15,-680.8431886001114,-5.403517369842154,-111.62269951445869,1561.9905598437429,0.36
126,17,2012-02-08,2012-08-01,2012,WTI,124,13,-81.50929209732703,-0.6573330007848954,-134.7472541480755,1872.8292098938236,0.51
126,17,2012-02-08,2012-08-01,2012,UKOIL,121,10,995.3075993700247,8.225682639421692,-130.94271556574935,1704.7385821729313,0.736
126,17,2012-02-08,2012-08-01,2012,US500,124,10,-147.7529382761325,-1.1915559538397784,-61.45061347027085,859.9447679971262,0.462
126,17,2012-02-08,2012-08-01,2012,USTECH,118,8,549.4076400047927,4.655996949193159,-165.61500399474363,976.6022045297268,0.774
126,18,2012-05-07,2012-10-29,2012,EURUSD,126,8,334.47830983242216,2.654589760574779,2.689275105844481,634.1741107831119,0.694
126,18,2012-05-07,2012-10-29,2012,GBPUSD,126,11,-337.7840780203844,-2.6808260160347968,-20.759017011025172,445.4717244407919,0.238
126,18,2012-05-07,2012-10-29,2012,AUDUSD,126,8,166.18227790197784,1.3189069674760145,-17.857789004358132,627.960219620086,0.616
126,18,2012-05-07,2012-10-29,2012,USDJPY,126,21,-560.6503215286577,-4.449605726417919,-29.290486300411025,393.3335452209187,0.102
126,18,2012-05-07,2012-10-29,2012,USDCHF,126,10,280.33906698088884,2.224913230007054,8.581675507599938,604.0469771931827,0.664
126,18,2012-05-07,2012-10-29,2012,USDCAD,126,13,92.85610979651767,0.7369532523533149,-8.998356193001207,432.85090519413836,0.568
126,18,2012-05-07,2012-10-29,2012,EURJPY,126,11,383.19294184442737,3.041213824162122,-46.63578323082541,746.6013958430436,0.706
126,18,2012-05-07,2012-10-29,2012,GBPJPY,126,17,-211.03492290394433,-1.6748803405074948,8.16254764324003,632.459204818323,0.37
126,18,2012-05-07,2012-10-29,2012,XAUUSD,126,17,246.51794801441287,1.9564916509080386,-79.74722147103775,928.0336513626427,0.626
126,18,2012-05-07,2012-10-29,2012,XAGUSD,126,12,2155.896263834845,17.110287808213055,-112.7817248965945,1771.8996440468486,0.9
126,18,2012-05-07,2012-10-29,2012,WTI,126,9,2341.670128031958,18.58468355580919,-25.22031502517118,1886.6034081597231,0.878
126,18,2012-05-07,2012-10-29,2012,UKOIL,114,10,993.463932765681,8.714595901453341,-93.38400464441426,1837.684837298756,0.742
126,18,2012-05-07,2012-10-29,2012,US500,126,8,403.9206363671816,3.205719336247473,-74.73043198569127,878.7414607020687,0.702
126,18,2012-05-07,2012-10-29,2012,USTECH,122,12,410.4346462305573,3.3642184117258793,-68.28106730885688,995.6507301123448,0.674
126,19,2012-08-02,2013-01-24,2012,EURUSD,126,9,-174.0037507458967,-1.3809821487769578,-10.194127571680289,535.8983019494791,0.4
126,19,2012-08-02,2013-01-24,2012,GBPUSD,126,10,185.51882625037626,1.4723716369077482,10.191757255278532,348.5842489673148,0.7
126,19,2012-08-02,2013-01-24,2012,AUDUSD,126,18,-956.6029537674647,-7.592086934662418,-31.036946307591684,445.8481863390397,0.014
126,19,2012-08-02,2013-01-24,2012,USDJPY,126,9,1209.6636548717674,9.60050519739498,-52.80372838906244,679.9000014171631,0.964
126,19,2012-08-02,2013-01-24,2012,USDCHF,126,8,-14.124452377219916,-0.11209882839063424,-12.35346918782196,477.2286593714577,0.494
126,19,2012-08-02,2013-01-24,2012,USDCAD,126,15,107.85851409463135,0.8560199531319949,10.121514479274687,366.2584537962949,0.596
126,19,2012-08-02,2013-01-24,2012,EURJPY,126,11,844.4908338419976,6.702308205095219,-89.93548434331365,923.1434911859325,0.85
126,19,2012-08-02,2013-01-24,2012,GBPJPY,126,9,517.0887982926879,4.103879351529269,-41.54178763771955,705.9461728448427,0.78
126,19,2012-08-02,2013-01-24,2012,XAUUSD,126,5,808.3172083346465,6.415215939163861,30.67703230840008,900.2633447018239,0.794
126,19,2012-08-02,2013-01-24,2012,XAGUSD,126,5,2929.365118521947,23.248929512078945,28.099958685331078,1997.190802927521,0.922
126,19,2012-08-02,2013-01-24,2012,WTI,126,8,2330.8921858116832,18.499144331838757,2.117716166122853,1396.4769791069775,0.96
126,19,2012-08-02,2013-01-24,2012,UKOIL,101,14,-856.6833782163185,-8.482013645706123,-82.06448328389108,1191.548040286768,0.27
126,19,2012-08-02,2013-01-24,2012,US500,124,10,176.68679977004183,1.4248935465325954,-75.98356180693935,797.2677987268693,0.61
126,19,2012-08-02,2013-01-24,2012,USTECH,119,12,-12.045551626088084,-0.10122312290830322,-106.02611699003596,957.27080402036,0.55
126,20,2012-10-30,2013-04-23,2012,EURUSD,126,10,-102.22968332910764,-0.8113466930881559,15.425073106472562,511.47510987253804,0.412
126,20,2012-10-30,2013-04-23,2012,GBPUSD,126,13,253.98227169188104,2.0157323150149287,-10.779921566252911,452.88037874534416,0.708
126,20,2012-10-30,2013-04-23,2012,AUDUSD,126,18,-419.03798745218364,-3.325698313112569,-17.017937299351775,396.3007781175171,0.162
126,20,2012-10-30,2013-04-23,2012,USDJPY,126,6,1310.6222735479105,10.401764075777068,-20.544187513537977,993.6894337758129,0.898
126,20,2012-10-30,2013-04-23,2012,USDCHF,126,8,-106.54925840346341,-0.8456290349481224,-14.318070686235997,481.0190593231712,0.444
126,20,2012-10-30,2013-04-23,2012,USDCAD,126,16,-189.85978817847717,-1.5068237157021998,-41.397325007397576,351.61631074430215,0.344
126,20,2012-10-30,2013-04-23,2012,EURJPY,126,12,1107.4515114716908,8.789297710092784,25.677536653247028,1212.148869810716,0.806
126,20,2012-10-30,2013-04-23,2012,GBPJPY,126,8,65.21424520484393,0.5175733746416186,13.594153505512173,999.3274822136553,0.508
126,20,2012-10-30,2013-04-23,2012,XAUUSD,125,16,-329.89034729204366,-2.639122778336349,-44.36375500445653,1352.779117709805,0.438
126,20,2012-10-30,2013-04-23,2012,XAGUSD,125,6,2733.5894226455302,21.868715381164243,-126.51371591994011,2238.596196711851,0.89
126,20,2012-10-30,2013-04-23,2012,WTI,124,8,737.8784584217266,5.950632729207473,-8.681138390057333,1107.9772915170877,0.746
126,20,2012-10-30,2013-04-23,2012,UKOIL,93,12,-1225.2528659270267,-13.174761999215342,9.346553706631145,1236.5565060240474,0.158
126,20,2012-10-30,2013-04-23,2012,US500,122,15,-342.58391457397164,-2.8080648735571447,-119.76535375392997,735.4365409397539,0.354
126,20,2012-10-30,2013-04-23,2012,USTECH,117,23,-1897.4943182384445,-16.21790015588414,-270.3625090446192,959.5372521249078,0.05
126,21,2013-01-25,2013-07-19,2013,EURUSD,126,11,-442.8174763704902,-3.5144244156388114,-25.874504210927114,551.6230830965992,0.224
126,21,2013-01-25,2013-07-19,2013,GBPUSD,126,8,-325.58930402344134,-2.5840420954241377,-51.200540706038765,607.7488157120231,0.334
126,21,2013-01-25,2013-07-19,2013,AUDUSD,126,7,1068.3353602150776,8.478852065199028,0.4071933710663943,733.2675352272114,0.922
126,21,2013-01-25,2013-07-19,2013,USDJPY,126,10,-978.9826361259289,-7.7697034613168965,36.79328127138859,999.3401954054555,0.152
126,21,2013-01-25,2013-07-19,2013,USDCHF,126,8,-525.2908676309966,-4.168975139928544,42.546546581864966,664.4535742612106,0.208
126,21,2013-01-25,2013-07-19,2013,USDCAD,126,11,-673.5876248551946,-5.345933530596782,-11.058876622764467,482.0147953775833,0.078
126,21,2013-01-25,2013-07-19,2013,EURJPY,126,14,184.14762620230914,1.4614890968437233,-59.281045226287056,1038.3381399875602,0.582
126,21,2013-01-25,2013-07-19,2013,GBPJPY,126,14,-545.2126169022937,-4.327084261129315,9.102302886821345,994.969836755464,0.308
126,21,2013-01-25,2013-07-19,2013,XAUUSD,125,18,211.8366490227099,1.6946931921816792,-154.9035527793001,1821.8578457540566,0.576
126,21,2013-01-25,2013-07-19,2013,XAGUSD,125,5,3760.595764257629,30.084766114061033,53.24290514475135,2460.3995778112494,0.928
126,21,2013-01-25,2013-07-19,2013,WTI,122,10,-47.652669691082764,-0.3905956532055964,-120.70773786038777,1495.1423374033986,0.538
126,21,2013-01-25,2013-07-19,2013,UKOIL,99,10,-381.1192510362566,-3.8496894044066328,-102.899758014778,1402.7450841034763,0.408
126,21,2013-01-25,2013-07-19,2013,US500,124,14,48.79558441394346,0.3935127775318021,-26.836525079749457,772.2576817898386,0.552
126,21,2013-01-25,2013-07-19,2013,USTECH,119,22,-1131.5717889082619,-9.509006629481192,-252.85927100404848,817.7278183185227,0.142
126,22,2013-04-24,2013-10-16,2013,EURUSD,126,14,-525.6992202396689,-4.172216033648166,-17.422583554801502,499.6212898927944,0.144
126,22,2013-04-24,2013-10-16,2013,GBPUSD,126,6,-172.22973503798843,-1.3669026590316542,-8.721863379896204,584.9388911841685,0.38
126,22,2013-04-24,2013-10-16,2013,AUDUSD,126,11,1114.1917316318932,8.84279152088804,-52.106619076609725,786.5396661395207,0.922
126,22,2013-04-24,2013-10-16,2013,USDJPY,126,9,-1945.7081074991502,-15.442127837294843,-35.78830059209863,836.9691237387318,0.014
126,22,2013-04-24,2013-10-16,2013,USDCHF,126,8,-539.8231372912451,-4.28431061342258,-20.76097944538964,691.9417482212365,0.244
126,22,2013-04-24,2013-10-16,2013,USDCAD,126,14,-1081.5756159175312,-8.583933459662946,-69.27454551646656,512.7736824634519,0.018
126,22,2013-04-24,2013-10-16,2013,EURJPY,126,18,-1020.9331963818538,-8.102644415728998,-34.67169888441519,631.426669805903,0.052
126,22,2013-04-24,2013-10-16,2013,GBPJPY,126,19,-784.5027774796833,-6.226212519680026,-32.81883910593173,705.8803247336534,0.154
126,22,2013-04-24,2013-10-16,2013,XAUUSD,126,10,134.50765226838175,1.0675210497490615,-81.48218660527084,1525.916588577665,0.58
126,22,2013-04-24,2013-10-16,2013,XAGUSD,126,8,1021.2134852894361,8.104868930868541,-144.101251825542,2369.952512894812,0.694
126,22,2013-04-24,2013-10-16,2013,WTI,123,16,-737.3798982867481,-5.994958522656489,-121.37939767076972,1341.604527290426,0.328
126,22,2013-04-24,2013-10-16,2013,UKOIL,114,13,-1504.7701052843622,-13.1997377656523,-39.319734123383945,1035.7354208198894,0.074
126,22,2013-04-24,2013-10-16,2013,US500,125,10,-301.4623272629808,-2.4116986181038467,-86.95465014617652,831.3388883492698,0.39
126,22,2013-04-24,2013-10-16,2013,USTECH,120,10,-146.586101317006,-1.2215508443083833,-148.78213230037912,836.770660340309,0.48
126,23,2013-07-22,2014-01-13,2013,EURUSD,126,12,-254.71555698535002,-2.02155203956627,11.175033694139847,405.9698021567949,0.274
126,23,2013-07-22,2014-01-13,2013,GBPUSD,126,13,-5.668458391715546,-0.04498776501361545,-23.434615254892226,448.935272143599,0.53
126,23,2013-07-22,2014-01-13,2013,AUDUSD,126,13,396.34770457000195,3.1456167029365236,-18.07596910681748,722.4608414152732,0.704
126,23,2013-07-22,2014-01-13,2013,USDJPY,126,10,-748.4824826990301,-5.9403371642780165,-42.73192210412815,623.5492946111109,0.14
126,23,2013-07-22,2014-01-13,2013,USDCHF,126,12,-465.62123465056914,-3.6954066242108663,-45.80186391810342,529.0786525219247,0.226
126,23,2013-07-22,2014-01-13,2013,USDCAD,126,15,-155.71541595985786,-1.2358366346020466,-31.50046872830169,428.6430435810033,0.37
126,23,2013-07-22,2014-01-13,2013,EURJPY,126,16,-946.3430250656204,-7.510658929092226,-49.785743932322994,603.3362268121706,0.068
126,23,2013-07-22,2014-01-13,2013,GBPJPY,126,14,-346.6767360212316,-2.751402666835171,-5.85956925648991,742.3734760065743,0.336
126,23,2013-07-22,2014-01-13,2013,XAUUSD,125,14,-1053.5478460277873,-8.428382768222297,-96.964401759376,1246.4008692423165,0.22
126,23,2013-07-22,2014-01-13,2013,XAGUSD,125,15,-725.2136884181564,-5.801709507345251,-327.39421085172785,2090.851223365743,0.426
126,23,2013-07-22,2014-01-13,2013,WTI,125,11,192.25928820094006,1.5380743056075206,-58.87466066270895,1198.5825876202748,0.586
126,23,2013-07-22,2014-01-13,2013,UKOIL,123,13,-724.4043125975385,-5.889465956077548,-192.41961603369862,1049.394109265086,0.322
126,23,2013-07-22,2014-01-13,2013,US500,123,6,-422.27733520251616,-3.433149066687123,-26.791092404718224,697.1702403970684,0.298
126,23,2013-07-22,2014-01-13,2013,USTECH,120,4,603.2351569433431,5.026959641194526,-109.54602757649626,809.9797177021082,0.792
126,24,2013-10-17,2014-04-10,2013,EURUSD,126,9,-285.3763928922409,-2.264892007081277,-11.10858402792369,357.02485693121616,0.226
126,24,2013-10-17,2014-04-10,2013,GBPUSD,126,20,-528.6298445515882,-4.195474956758637,-14.748587455480372,393.19561898625733,0.102
126,24,2013-10-17,2014-04-10,2013,AUDUSD,126,10,96.3272841492984,0.764502255153162,-14.535657888644334,618.7529662308181,0.588
126,24,2013-10-17,2014-04-10,2013,USDJPY,126,20,439.6360013524865,3.4891746139086233,-54.249583144253556,536.3183274500259,0.806
126,24,2013-10-17,2014-04-10,2013,USDCHF,126,11,-327.98291971614265,-2.6030390453662116,-24.246533901612487,441.3863128447225,0.256
126,24,2013-10-17,2014-04-10,2013,USDCAD,126,17,-63.34143127279516,-0.5027097720063108,-45.79114368057658,447.7730073083784,0.5
126,24,2013-10-17,2014-04-10,2013,EURJPY,126,11,445.52023158944013,3.5358748538844456,-8.189999516343203,594.4263119747121,0.776
126,24,2013-10-17,2014-04-10,2013,GBPJPY,126,13,606.6207477932822,4.814450379311764,-17.169934788324912,649.2630771389386,0.81
126,24,2013-10-17,2014-04-10,2013,XAUUSD,125,10,-584.6127265210619,-4.676901812168495,-40.019751285239806,1136.7135620528836,0.31
126,24,2013-10-17,2014-04-10,2013,XAGUSD,125,16,-345.1688466302411,-2.761350773041929,-341.3361446246773,1546.3560076246688,0.502
126,24,2013-10-17,2014-04-10,2013,WTI,126,5,-121.00728483127023,-0.9603752764386526,83.62434694888522,1279.867550322053,0.43
126,24,2013-10-17,2014-04-10,2013,UKOIL,124,9,684.1344042906732,5.51721293782801,-6.378439428420423,803.7896111959141,0.804
126,24,2013-10-17,2014-04-10,2013,US500,124,8,-119.79790770775489,-0.9661121589335072,4.064773488093851,655.1634457227076,0.45
126,24,2013-10-17,2014-04-10,2013,USTECH,122,5,1035.7761358829061,8.489968326909066,-54.097158300823494,1055.2042720017237,0.822
126,25,2014-01-14,2014-07-08,2014,EURUSD,126,13,27.923102029301575,0.2216119208674728,-15.199789455396717,291.88977702932743,0.524
126,25,2014-01-14,2014-07-08,2014,GBPUSD,126,14,41.823237683408294,0.3319304578048277,-43.9975951279138,339.2876050074936,0.59
126,25,2014-01-14,2014-07-08,2014,AUDUSD,126,24,-664.1202710489579,-5.270795801975856,-58.70122950130496,535.3773422081633,0.16
126,25,2014-01-14,2014-07-08,2014,USDJPY,126,25,178.12295272194316,1.4136742279519299,-49.22468375668546,437.379273200018,0.68
126,25,2014-01-14,2014-07-08,2014,USDCHF,126,12,86.21417434474624,0.6842394789265575,-61.25159233779498,327.0076608329189,0.686
126,25,2014-01-14,2014-07-08,2014,USDCAD,126,13,-122.4766777281421,-0.9720371248265247,-18.89606614531001,381.77206229005304,0.398
126,25,2014-01-14,2014-07-08,2014,EURJPY,126,15,192.05056201403474,1.5242108096351963,6.543857011813656,438.65691071051367,0.67
126,25,2014-01-14,2014-07-08,2014,GBPJPY,126,16,142.25649061026527,1.1290197667481372,-20.36281733428244,481.25819019739833,0.622
126,25,2014-01-14,2014-07-08,2014,XAUUSD,125,10,-137.727798632276,-1.101822389058208,-11.21782874702185,940.5663090670396,0.452
126,25,2014-01-14,2014-07-08,2014,XAGUSD,125,12,465.4628371687445,3.723702697349956,-242.4505422376446,1345.0792987237546,0.694
126,25,2014-01-14,2014-07-08,2014,WTI,121,7,-1142.1473175957333,-9.439234029716804,-33.008662951957625,1078.308615883151,0.164
126,25,2014-01-14,2014-07-08,2014,UKOIL,125,10,-464.3871476066851,-3.7150971808534807,-98.9929171760384,759.847174605611,0.318
126,25,2014-01-14,2014-07-08,2014,US500,125,12,-259.7066348240131,-2.077653078592105,-17.058823450741873,659.666889279706,0.364
126,25,2014-01-14,2014-07-08,2014,USTECH,124,10,151.09302359896824,1.218492125798131,-84.59982694385626,928.2279547925312,0.614
126,26,2014-04-11,2014-10-03,2014,EURUSD,126,10,865.5850158703578,6.869722348177443,33.24753844992517,445.917398223731,0.974
126,26,2014-04-11,2014-10-03,2014,GBPUSD,126,5,731.1434795148222,5.802726027895414,14.46423807967072,441.9914124295733,0.948
126,26,2014-04-11,2014-10-03,2014,AUDUSD,126,27,-77.79323408206452,-0.6174066196989247,-35.91513092542968,486.6538138944628,0.48
126,26,2014-04-11,2014-10-03,2014,USDJPY,126,11,654.3799720511552,5.193491841675835,-29.809292907642618,426.16608080526333,0.948
126,26,2014-04-11,2014-10-03,2014,USDCHF,126,9,883.3759345412753,7.010920115406948,-22.86710393358486,412.5193032317824,0.986
126,26,2014-04-11,2014-10-03,2014,USDCAD,126,11,232.07258043874947,1.8418458764980117,-10.802799193275423,339.99154791748,0.764
126,26,2014-04-11,2014-10-03,2014,EURJPY,126,19,-366.86501682438126,-2.9116271176538193,-38.92487195348335,353.52875912040054,0.206
126,26,2014-04-11,2014-10-03,2014,GBPJPY,126,14,-65.00357230219626,-0.5159013674777481,-53.709060063228456,396.44944912780994,0.498
126,26,2014-04-11,2014-10-03,2014,XAUUSD,125,14,339.82538448752155,2.7186030759001723,-16.703343200898402,826.4510657387535,0.654
126,26,2014-04-11,2014-10-03,2014,XAGUSD,125,7,2362.3591872796987,18.89887349823759,-118.08163219264252,1435.300646006882,0.958
126,26,2014-04-11,2014-10-03,2014,WTI,121,9,-112.17831387699096,-0.9270935031156278,-87.66323968123208,1049.975550216502,0.518
126,26,2014-04-11,2014-10-03,2014,UKOIL,125,8,840.7795238144474,6.726236190515579,6.881302124540251,1022.194887828354,0.78
126,26,2014-04-11,2014-10-03,2014,US500,125,13,-89.3290206376368,-0.7146321651010944,-89.54062234786188,567.46685033027,0.524
126,26,2014-04-11,2014-10-03,2014,USTECH,125,12,-196.07796916962178,-1.5686237533569742,-100.5272237826553,697.8305082897458,0.44
126,27,2014-07-09,2014-12-31,2014,EURUSD,126,9,522.7114743530248,4.148503764706546,-17.087442821531315,473.0699794740664,0.856
126,27,2014-07-09,2014-12-31,2014,GBPUSD,126,7,365.73270787161016,2.9026405386635727,5.768525012665752,440.36485951266025,0.77
126,27,2014-07-09,2014-12-31,2014,AUDUSD,126,15,583.5118422607887,4.631046367149117,-56.37557778984071,625.6128957973847,0.858
126,27,2014-07-09,2014-12-31,2014,USDJPY,126,7,582.1335092043338,4.620107215907411,45.458678409778834,940.8165016218071,0.69
126,27,2014-07-09,2014-12-31,2014,USDCHF,126,13,287.63485797765225,2.2828163331559703,-51.41049293061579,464.01020480032867,0.764
126,27,2014-07-09,2014-12-31,2014,USDCAD,126,13,181.64410479998128,1.4416198793649309,-22.839524692852976,412.1618961569126,0.686
126,27,2014-07-09,2014-12-31,2014,EURJPY,126,18,337.0746093293934,2.675195312138043,3.756895104553385,572.0881205702283,0.72
126,27,2014-07-09,2014-12-31,2014,GBPJPY,126,13,-429.8981840657497,-3.4118903497281723,66.46565882100765,706.0719979315706,0.24
126,27,2014-07-09,2014-12-31,2014,XAUUSD,126,14,-345.605933980724,-2.7429042379422537,-26.091216020457235,965.784040072827,0.36
126,27,2014-07-09,2014-12-31,2014,XAGUSD,126,8,1309.739269207314,10.394756104819953,-215.69092116740714,1557.4569028973144,0.838
126,27,2014-07-09,2014-12-31,2014,WTI,125,5,5384.381535363591,43.07505228290873,-27.036587018243868,3070.4843913136015,0.97
126,27,2014-07-09,2014-12-31,2014,UKOIL,125,0,6329.208323306152,50.633666586449216,-278.4851662254706,6329.411260600141,0.522
126,27,2014-07-09,2014-12-31,2014,US500,125,10,-207.10839704054172,-1.6568671763243337,-60.70196283798198,880.8422451708183,0.42
126,27,2014-07-09,2014-12-31,2014,USTECH,125,12,-162.25918415382748,-1.2980734732306198,-131.33458263191434,1114.2081295081023,0.492
126,28,2014-10-06,2015-03-30,2014,EURUSD,126,12,562.0003356384873,4.460320124114978,6.359754493433298,804.4449762023901,0.734
126,28,2014-10-06,2015-03-30,2014,GBPUSD,126,8,469.6830210557254,3.727643024251789,-21.39505120400922,562.8306061869993,0.808
126,28,2014-10-06,2015-03-30,2014,AUDUSD,126,14,256.6690364361513,2.0370558447313596,-35.064158933526286,711.9451229173162,0.666
126,28,2014-10-06,2015-03-30,2014,USDJPY,126,15,-372.957600679636,-2.959980957774889,-49.168105165181245,773.4088566489015,0.336
126,28,2014-10-06,2015-03-30,2014,USDCHF,126,14,-2236.935690331822,-17.753457859776365,-99.04660691674994,1619.4893864447915,0.092
126,28,2014-10-06,2015-03-30,2014,USDCAD,126,14,529.4840493139367,4.202254359634418,-14.729011808193265,618.8515066315422,0.812
126,28,2014-10-06,2015-03-30,2014,EURJPY,126,13,1355.4807398162186,10.75778364933507,-26.731147309683152,922.3581646147229,0.93
126,28,2014-10-06,2015-03-30,2014,GBPJPY,126,7,203.7495534970542,1.617059948389319,6.268688659600091,835.3331298778081,0.586
126,28,2014-10-06,2015-03-30,2014,XAUUSD,126,14,-1096.8136636284007,-8.704870346257149,67.12606403835854,1167.1706545759996,0.154
126,28,2014-10-06,2015-03-30,2014,XAGUSD,126,9,-1024.0289004761516,-8.127213495842474,-139.64510793530266,1840.6767262905457,0.31
126,28,2014-10-06,2015-03-30,2014,WTI,124,6,4220.788555582855,34.038617383732706,-33.304249716411725,3200.3217170467833,0.908
126,28,2014-10-06,2015-03-30,2014,UKOIL,124,4,4923.543954630012,39.705999634113,96.16749211426371,3956.9441861873856,0.882
126,28,2014-10-06,2015-03-30,2014,US500,124,12,-1169.3938786960416,-9.430595795935819,-103.76622179515037,968.8403415780315,0.13
126,28,2014-10-06,2015-03-30,2014,USTECH,124,10,417.6504245207552,3.3681485848448003,-98.76126203542573,1121.746294260416,0.694
126,29,2015-01-01,2015-06-25,2015,EURUSD,126,13,-60.73460726428474,-0.4820206925736884,-47.751828701213974,920.6401652972983,0.496
126,29,2015-01-01,2015-06-25,2015,GBPUSD,126,11,909.9848972662074,7.222102359255614,39.81176915748949,707.7400814167372,0.892
126,29,2015-01-01,2015-06-25,2015,AUDUSD,126,18,-491.7678963853199,-3.902919812581904,-10.286163161903767,771.9591512563412,0.278
126,29,2015-01-01,2015-06-25,2015,USDJPY,126,16,-229.34556590735917,-1.82020290402666,-48.32787154393619,483.40684644446975,0.346
126,29,2015-01-01,2015-06-25,2015,USDCHF,126,9,-2429.555504912451,-19.282186546924216,-52.92578781857154,1569.6169753253535,0.068
126,29,2015-01-01,2015-06-25,2015,USDCAD,126,11,585.3650539856982,4.64575439671189,41.242914525291695,732.5649775374305,0.762
126,29,2015-01-01,2015-06-25,2015,EURJPY,126,11,1010.3359410685285,8.018539214829591,-76.51427981464379,886.3591267532885,0.898
126,29,2015-01-01,2015-06-25,2015,GBPJPY,126,3,1258.129390675943,9.985153894253514,-47.59136274670174,877.8662773236498,0.92
126,29,2015-01-01,2015-06-25,2015,XAUUSD,125,13,-658.7207054819118,-5.269765643855294,-32.931867107260516,945.6233870473138,0.264
126,29,2015-01-01,2015-06-25,2015,XAGUSD,125,8,-1049.2118738413421,-8.393694990730737,-182.75496088211048,1697.9667911479903,0.304
126,29,2015-01-01,2015-06-25,2015,WTI,124,15,-1799.0709204108853,-14.508636454926494,-218.81954426403541,2819.6313553285654,0.31
126,29,2015-01-01,2015-06-25,2015,UKOIL,124,7,647.6758225542651,5.223192117373106,-34.63184090886416,2794.4582031173936,0.608
126,29,2015-01-01,2015-06-25,2015,US500,125,25,-2150.4404405785453,-17.203523524628363,-122.19114634006787,703.6868532459035,0.002
126,29,2015-01-01,2015-06-25,2015,USTECH,124,21,-698.7502242318666,-5.635082453482795,-156.53575319419934,861.542103935961,0.284
126,30,2015-03-31,2015-09-22,2015,EURUSD,126,12,-354.6244541199842,-2.814479794603049,-57.415202207216836,784.459070924901,0.352
126,30,2015-03-31,2015-09-22,2015,GBPUSD,126,18,-275.2186945195803,-2.1842753533300026,-0.050898470145712055,635.0571599800684,0.316
126,30,2015-03-31,2015-09-22,2015,AUDUSD,126,18,-379.5966795371479,-3.0126720598186343,-2.011973127456711,774.7163356500812,0.33
126,30,2015-03-31,2015-09-22,2015,USDJPY,126,17,196.5865961224434,1.5602110803368525,-17.316270887414728,581.2208341123799,0.642
126,30,2015-03-31,2015-09-22,2015,USDCHF,126,10,-379.45601764218264,-3.011555695572878,-3.4077278224049987,710.8712639349568,0.282
126,30,2015-03-31,2015-09-22,2015,USDCAD,126,7,380.6928062603371,3.0213714782566434,4.900420976496087,642.3001324535408,0.698
126,30,2015-03-31,2015-09-22,2015,EURJPY,126,14,-62.16009813241732,-0.4933341121620422,10.935894724810101,764.7377101946371,0.48
126,30,2015-03-31,2015-09-22,2015,GBPJPY,126,6,625.5186800612689,4.96443396874023,20.905075477523972,790.0555286385365,0.752
126,30,2015-03-31,2015-09-22,2015,XAUUSD,125,10,-538.4484347211422,-4.307587477769138,-43.22666763214523,800.8022751329592,0.264
126,30,2015-03-31,2015-09-22,2015,XAGUSD,125,10,-2677.7730157773894,-21.422184126219115,-252.65936701656653,1310.2475682947654,0.028
126,30,2015-03-31,2015-09-22,2015,WTI,125,15,-510.1343999246097,-4.081075199396877,-132.5608517238269,2687.6339382004617,0.444
126,30,2015-03-31,2015-09-22,2015,UKOIL,125,9,-530.8200327998462,-4.24656026239877,9.559390646974084,2496.006627762147,0.408
126,30,2015-03-31,2015-09-22,2015,US500,126,25,-881.1206190721548,-6.993020786286943,-112.56446117628805,1095.0642558775971,0.242
126,30,2015-03-31,2015-09-22,2015,USTECH,125,21,-1432.3469429581123,-11.458775543664899,-78.38596622860565,1351.506827835425,0.164
126,31,2015-06-26,2015-12-18,2015,EURUSD,126,10,517.3541929680214,4.10598565847636,-61.26702298210518,725.9647744060219,0.776
126,31,2015-06-26,2015-12-18,2015,GBPUSD,126,15,-681.2278905765237,-5.40657056013114,-9.167236089045298,456.5139941061539,0.068
126,31,2015-06-26,2015-12-18,2015,AUDUSD,126,16,-274.19184494742535,-2.176125753550995,-74.69472051326866,817.2419689527325,0.4
126,31,2015-06-26,2015-12-18,2015,USDJPY,126,17,475.88112559660357,3.7768343301317744,-25.609698717695547,534.9284116730115,0.806
126,31,2015-06-26,2015-12-18,2015,USDCHF,126,6,268.8021443762624,2.1333503521925588,47.966149957674126,659.5942652819867,0.632
126,31,2015-06-26,2015-12-18,2015,USDCAD,126,7,806.3593091264056,6.399677056558775,-26.705403972639143,574.8285644416187,0.918
126,31,2015-06-26,2015-12-18,2015,EURJPY,126,16,-798.8125076112487,-6.3397818064384825,-49.84453517029944,605.520882200233,0.112
126,31,2015-06-26,2015-12-18,2015,GBPJPY,126,11,162.05902590887615,1.2861827453085408,-23.883024228181554,688.1022044649425,0.612
126,31,2015-06-26,2015-12-18,2015,XAUUSD,126,6,674.8785972553432,5.3561793432963745,-32.93265202856377,1028.0836585602585,0.76
126,31,2015-06-26,2015-12-18,2015,XAGUSD,126,10,-1709.9210411359363,-13.570801913777272,-304.15534598421635,1499.1143935947214,0.19
126,31,2015-06-26,2015-12-18,2015,WTI,126,17,1901.0651466717939,15.087818624379317,-167.3619150126506,3036.778996792247,0.758
126,31,2015-06-26,2015-12-18,2015,UKOIL,126,17,591.4708285349393,4.69421292488047,-316.36287270594346,2815.022566176049,0.612
126,31,2015-06-26,2015-12-18,2015,US500,126,20,-95.4875698513539,-0.7578378559631261,-70.05450771839163,1279.320553318276,0.502
126,31,2015-06-26,2015-12-18,2015,USTECH,126,16,-169.28292960975944,-1.3435153143631702,-147.50793005960912,1504.2208150107306,0.486
126,32,2015-09-23,2016-03-17,2015,EURUSD,126,15,-415.0704442097914,-3.294209874680884,-80.2483254371687,675.832611296521,0.328
126,32,2015-09-23,2016-03-17,2015,GBPUSD,126,8,-291.3839312133249,-2.312570882645436,-3.802585488246392,591.0156973311346,0.308
126,32,2015-09-23,2016-03-17,2015,AUDUSD,126,11,470.34099082213527,3.732865006524883,-19.33444382357174,861.6749505408706,0.728
126,32,2015-09-23,2016-03-17,2015,USDJPY,126,11,777.9407813380118,6.174133185222316,7.864958561722815,687.5166984075352,0.854
126,32,2015-09-23,2016-03-17,2015,USDCHF,126,7,262.70045730652606,2.0849242643375083,-20.346679585943047,684.0978707080938,0.656
126,32,2015-09-23,2016-03-17,2015,USDCAD,126,4,988.2334966665932,7.843122989417406,40.43390034689258,882.6994946358785,0.846
126,32,2015-09-23,2016-03-17,2015,EURJPY,126,10,-751.6457071352338,-5.965442120120903,19.85552413908806,662.6895478647583,0.124
126,32,2015-09-23,2016-03-17,2015,GBPJPY,126,6,1445.0649909109059,11.468769769134173,11.868674345326014,965.3936843763208,0.924
126,32,2015-09-23,2016-03-17,2015,XAUUSD,125,11,1643.4086665642983,13.147269332514387,-39.499746350622736,1212.4951228265504,0.916
126,32,2015-09-23,2016-03-17,2015,XAGUSD,125,16,-207.5537722474839,-1.6604301779798711,-440.0993999863035,1618.489194884358,0.55
126,32,2015-09-23,2016-03-17,2015,WTI,125,18,837.2183330105447,6.697746664084358,-232.63143262396892,3474.032220628278,0.636
126,32,2015-09-23,2016-03-17,2015,UKOIL,125,16,1181.4828510496181,9.451862808396946,-320.9056422344477,3535.8789472013573,0.66
126,32,2015-09-23,2016-03-17,2015,US500,125,14,634.7982855375553,5.078386284300443,15.528636372040742,1173.2166708948655,0.702
126,32,2015-09-23,2016-03-17,2015,USTECH,125,20,94.7894294340547,0.7583154354724375,-125.75853936460155,1446.0385822529379,0.558
126,33,2015-12-21,2016-06-14,2015,EURUSD,126,15,-721.9908205585753,-5.73008587744901,-38.31628198833258,611.2013450610249,0.132
126,33,2015-12-21,2016-06-14,2015,GBPUSD,126,14,-742.056938867911,-5.88934078466596,-12.578749169208853,681.9771404075639,0.154
126,33,2015-12-21,2016-06-14,2015,AUDUSD,126,11,496.407851742051,3.939744855095643,-14.571482834154093,912.3438120664024,0.7
126,33,2015-12-21,2016-06-14,2015,USDJPY,126,16,327.5954892665204,2.59996420052794,-26.476647186873628,861.8655598549087,0.672
126,33,2015-12-21,2016-06-14,2015,USDCHF,126,8,32.34887903878537,0.2567371352284553,-52.8302867740346,626.3767623436827,0.554
126,33,2015-12-21,2016-06-14,2015,USDCAD,126,3,348.4458439800308,2.765443206190721,91.5063584195308,725.6926931244249,0.634
126,33,2015-12-21,2016-06-14,2015,EURJPY,126,9,-142.0878040506899,-1.127680984529285,49.66669513459229,711.0052824855437,0.384
126,33,2015-12-21,2016-06-14,2015,GBPJPY,126,10,873.878011530577,6.935539774052199,24.783580917183116,1170.2048692659705,0.766
126,33,2015-12-21,2016-06-14,2015,XAUUSD,124,17,-76.03924636333892,-0.6132197287366041,-88.0310957784964,1178.657991072611,0.5
126,33,2015-12-21,2016-06-14,2015,XAGUSD,124,15,-1172.6917946495507,-9.457191892335086,-337.68715975539993,1689.1013730449893,0.306
126,33,2015-12-21,2016-06-14,2015,WTI,124,11,-1329.7495441328124,-10.723786646232359,-79.44136374380922,3594.1749699504917,0.364
126,33,2015-12-21,2016-06-14,2015,UKOIL,124,9,-814.9651181543784,-6.5722993399546645,-237.37486574224624,3266.9478039563005,0.396
126,33,2015-12-21,2016-06-14,2015,US500,124,9,588.3993715417715,4.745156222111061,-7.852216801650022,1051.767954556199,0.69
126,33,2015-12-21,2016-06-14,2015,USTECH,124,11,-113.243744187281,-0.9132560015103306,-145.91341798041896,1294.8958777990717,0.508
126,34,2016-03-18,2016-09-09,2016,EURUSD,126,12,-477.460911115146,-3.789372310437667,-6.7692437652809865,486.5837138641801,0.164
126,34,2016-03-18,2016-09-09,2016,GBPUSD,126,19,-672.8836634467204,-5.340346535291432,88.30042295812365,1124.31003708806,0.272
126,34,2016-03-18,2016-09-09,2016,AUDUSD,126,15,-435.90655664925634,-3.4595758464226694,-4.930738486126722,672.3433703148246,0.252
126,34,2016-03-18,2016-09-09,2016,USDJPY,126,19,-371.04284096703464,-2.9447844521193227,-25.60620484136395,949.5082625435019,0.372
126,34,2016-03-18,2016-09-09,2016,USDCHF,126,10,-325.5623684892645,-2.583828321343369,-4.14875864662819,521.1541609338705,0.266
126,34,2016-03-18,2016-09-09,2016,USDCAD,126,10,-520.3719748551209,-4.129936308373976,-6.936916189083446,565.979555582046,0.18
126,34,2016-03-18,2016-09-09,2016,EURJPY,126,11,88.98588011709313,0.7062371437864534,-27.629882194475556,867.7453007455526,0.564
126,34,2016-03-18,2016-09-09,2016,GBPJPY,126,15,-110.4606297879736,-0.8766716649839175,-46.85381970481062,1663.734534484624,0.484
126,34,2016-03-18,2016-09-09,2016,XAUUSD,125,19,-1004.8900376628479,-8.039120301302784,-104.98838417760786,1009.3248595425135,0.198
126,34,2016-03-18,2016-09-09,2016,XAGUSD,125,9,534.9415483476992,4.279532386781593,-186.74392693421666,2091.1910384138164,0.636
126,34,2016-03-18,2016-09-09,2016,WTI,125,14,-2110.905568165527,-16.887244545324215,-201.67807148445905,2621.259627604668,0.24
126,34,2016-03-18,2016-09-09,2016,UKOIL,125,18,-2246.506008517126,-17.972048068137006,21.812043860850352,2396.5496492789453,0.176
126,34,2016-03-18,2016-09-09,2016,US500,125,17,-847.8882123637641,-6.783105698910113,-110.49468988920053,726.0861753278739,0.14
126,34,2016-03-18,2016-09-09,2016,USTECH,125,5,466.45507075846194,3.7316405660676955,-27.480200801409858,944.7571643981829,0.692
126,35,2016-06-15,2016-12-07,2016,EURUSD,126,8,135.2522983982809,1.0734309396688961,0.1932853588829894,529.523605535439,0.586
126,35,2016-06-15,2016-12-07,2016,GBPUSD,126,9,244.7577407602612,1.942521752065565,-0.787756248115802,1160.1013593527548,0.57
126,35,2016-06-15,2016-12-07,2016,AUDUSD,126,15,-261.2076463098415,-2.073076558014615,-54.780701877503844,583.0996520313782,0.36
126,35,2016-06-15,2016-12-07,2016,USDJPY,126,13,422.6948799876129,3.3547212697429596,20.762772737334213,961.1996557365009,0.65
126,35,2016-06-15,2016-12-07,2016,USDCHF,126,15,-577.7622612053807,-4.585414771471275,-13.078245736937163,517.4155571946962,0.146
126,35,2016-06-15,2016-12-07,2016,USDCAD,126,16,-300.2087506027978,-2.3826091317682367,-46.522929513654404,497.903743443244,0.31
126,35,2016-06-15,2016-12-07,2016,EURJPY,126,15,-27.78030329226689,-0.22047859755767374,-11.614953262997874,868.882397284251,0.49
126,35,2016-06-15,2016-12-07,2016,GBPJPY,126,7,1089.3214255120383,8.64540813898443,-180.5870012466815,1580.410090775803,0.78
126,35,2016-06-15,2016-12-07,2016,XAUUSD,126,13,230.62403837584526,1.8303495109194068,-112.85518326983502,1009.8670687523645,0.602
126,35,2016-06-15,2016-12-07,2016,XAGUSD,126,9,1050.4222625040652,8.336684623048136,-203.604862485138,1958.505110589393,0.732
126,35,2016-06-15,2016-12-07,2016,WTI,126,14,-2490.9404020371408,-19.769368270136038,88.53653084691042,2617.651620174855,0.156
126,35,2016-06-15,2016-12-07,2016,UKOIL,126,18,-1827.9440992078423,-14.507492850855892,-234.23020224645973,2725.2977402080833,0.276
126,35,2016-06-15,2016-12-07,2016,US500,126,20,-745.6014092114422,-5.917471501678112,-102.78836421414968,741.7653375407328,0.19
126,35,2016-06-15,2016-12-07,2016,USTECH,126,15,-852.9770082997046,-6.769658796029401,-74.98333388684503,877.4806984862336,0.202
126,36,2016-09-12,2017-03-06,2016,EURUSD,126,7,500.51371380721923,3.9723310619620573,-23.944614722609877,533.8253073120178,0.83
126,36,2016-09-12,2017-03-06,2016,GBPUSD,126,9,83.82294951284082,0.6652615040701653,-41.71274694429474,778.6868359698938,0.574
126,36,2016-09-12,2017-03-06,2016,AUDUSD,126,8,34.994718690146925,0.2777358626202137,0.6883786473563214,648.5629670554944,0.53
126,36,2016-09-12,2017-03-06,2016,USDJPY,126,14,885.653019868022,7.028992221174779,30.351532415554633,811.3298604612355,0.84
126,36,2016-09-12,2017-03-06,2016,USDCHF,126,15,-329.9368880869538,-2.6185467308488395,-48.67180374555494,495.0374015720908,0.31
126,36,2016-09-12,2017-03-06,2016,USDCAD,126,15,-431.72680800890714,-3.4264032381659297,-33.18790017685639,504.486975309957,0.216
126,36,2016-09-12,2017-03-06,2016,EURJPY,126,13,158.5730506039561,1.2585162746345722,-11.00087843352817,577.0322236848658,0.622
126,36,2016-09-12,2017-03-06,2016,GBPJPY,126,11,1254.073270641662,9.952962465410016,-95.16904038993748,1015.5957638758149,0.912
126,36,2016-09-12,2017-03-06,2016,XAUUSD,126,5,260.6573930361796,2.068709468541108,-81.85524397990163,1073.438909709015,0.62
126,36,2016-09-12,2017-03-06,2016,XAGUSD,126,7,279.3218141843782,2.2168397951141126,-90.15009896786923,1555.8691927637237,0.602
126,36,2016-09-12,2017-03-06,2016,WTI,124,13,-2324.9743463622876,-18.7497931158249,-131.5453678073658,1985.241303381782,0.142
126,36,2016-09-12,2017-03-06,2016,UKOIL,124,17,-1416.014477303336,-11.419471591155935,-183.0995523064756,2187.7335608441877,0.292
126,36,2016-09-12,2017-03-06,2016,US500,124,13,318.1411101877447,2.565654114417296,-65.18142216080658,573.1266647030629,0.742
126,36,2016-09-12,2017-03-06,2016,USTECH,124,13,-377.03632075335963,-3.0406154899464486,-118.22214359750849,727.9080087316147,0.378
126,37,2016-12-08,2017-05-28,2016,EURUSD,122,7,-11.143932340526476,-0.0913437077092334,-21.974263890455138,582.1235111073013,0.506
126,37,2016-12-08,2017-05-28,2016,GBPUSD,122,10,-107.10722223189525,-0.8779280510811086,29.06802313163498,598.3125711916234,0.392
126,37,2016-12-08,2017-05-28,2016,AUDUSD,122,10,-235.87209224544256,-1.9333778052905128,-38.67820861754219,628.3214125458369,0.38
126,37,2016-12-08,2017-05-28,2016,USDJPY,122,14,248.21467804407817,2.034546541344903,10.169268098227397,623.9086720093626,0.66
126,37,2016-12-08,2017-05-28,2016,USDCHF,122,13,-144.7505171967698,-1.186479649153851,10.917370139242488,481.05204928645435,0.354
126,37,2016-12-08,2017-05-28,2016,USDCAD,122,12,-510.8306887139068,-4.187136792736941,-9.68459395665794,454.45628358269863,0.13
126,37,2016-12-08,2017-05-28,2016,EURJPY,122,6,164.4950392363233,1.348319993740355,-18.27513747232871,637.561683239681,0.6
126,37,2016-12-08,2017-05-28,2016,GBPJPY,122,10,503.4731977386584,4.126829489661135,-17.019111810993742,711.6328847910117,0.734
126,37,2016-12-08,2017-05-28,2016,XAUUSD,121,6,-227.99843149071347,-1.8842845577744916,-13.191277246271591,830.0889410040055,0.394
126,37,2016-12-08,2017-05-28,2016,XAGUSD,121,6,-178.99720931103838,-1.4793157794300693,-171.69019231345277,1364.059307148775,0.546
126,37,2016-12-08,2017-05-28,2016,WTI,119,15,-2965.2114704033393,-24.917743448767556,-52.799679424919084,1623.249897709818,0.04
126,37,2016-12-08,2017-05-28,2016,UKOIL,119,19,-3705.303791640319,-31.137006652439656,-250.87459991070452,1603.6711141207318,0.014
126,37,2016-12-08,2017-05-28,2016,US500,119,6,531.043186204249,4.462547783228983,-35.583781960179124,463.36311981018815,0.884
126,37,2016-12-08,2017-05-28,2016,USTECH,119,5,1545.05333624327,12.983641481035882,-39.518619998533914,747.7807540986906,0.988
126,38,2017-03-07,2017-08-10,2017,EURUSD,113,5,382.9599168368878,3.3890258127158215,-38.735152002899135,566.1822641204792,0.746
126,38,2017-03-07,2017-08-10,2017,GBPUSD,113,11,-156.39375353383738,-1.384015517998561,-17.758235481113168,498.7122876137788,0.384
126,38,2017-03-07,2017-08-10,2017,AUDUSD,113,9,141.9900192724383,1.2565488431189231,-39.39735110247237,590.617063362895,0.616
126,38,2017-03-07,2017-08-10,2017,USDJPY,113,11,-27.110488055181122,-0.23991582349717808,-17.650066405314107,575.7901397517749,0.484
126,38,2017-03-07,2017-08-10,2017,USDCHF,113,14,-117.9655609595637,-1.0439430173412718,-37.590257368883606,465.93198317706265,0.412
126,38,2017-03-07,2017-08-10,2017,USDCAD,113,5,539.5688501848515,4.7749455768570925,-34.9032542548218,584.3325232152353,0.83
126,38,2017-03-07,2017-08-10,2017,EURJPY,113,7,145.14394773872257,1.2844597145019696,-49.364707264549914,733.4327663283844,0.604
126,38,2017-03-07,2017-08-10,2017,GBPJPY,113,6,201.62502549882163,1.7842922610515188,58.35134299454365,706.6710142958729,0.556
126,38,2017-03-07,2017-08-10,2017,XAUUSD,112,10,-643.0321732558846,-5.7413586897846836,-42.60001073808808,754.5260015679635,0.212
126,38,2017-03-07,2017-08-10,2017,XAGUSD,112,8,-1136.857973743969,-10.150517622714009,-99.31353673162486,1291.4499290865517,0.236
126,38,2017-03-07,2017-08-10,2017,WTI,112,9,-1735.2113592208466,-15.492958564471845,-114.78019134910443,2005.6740535875724,0.216
126,38,2017-03-07,2017-08-10,2017,UKOIL,112,13,-2412.153878392386,-21.53708819993202,-156.42993625290902,1916.8054398744778,0.124
126,38,2017-03-07,2017-08-10,2017,US500,112,4,-53.66714744060093,-0.4791709592910797,-25.670461820067285,371.3287232791342,0.474
126,38,2017-03-07,2017-08-10,2017,USTECH,112,6,528.0094518287419,4.714370105613767,-28.82815639727101,700.71594666624,0.786
126,39,2017-05-29,2017-10-25,2017,EURUSD,108,3,627.8065548495624,5.813023656014467,-49.412217663009905,466.9730979831906,0.916
126,39,2017-05-29,2017-10-25,2017,GBPUSD,108,13,-410.64800219605917,-3.8022963166301773,-9.833362550275412,545.1390631362235,0.24
126,39,2017-05-29,2017-10-25,2017,AUDUSD,108,8,239.39608811566268,2.216630445515395,-27.463772679696852,538.241975268947,0.666
126,39,2017-05-29,2017-10-25,2017,USDJPY,108,8,149.98661924096035,1.388764992971855,30.2005387380718,436.15162832250763,0.59
126,39,2017-05-29,2017-10-25,2017,USDCHF,108,10,-139.8740742627317,-1.295130317247516,-22.84246028543214,388.42134271793566,0.384
126,39,2017-05-29,2017-10-25,2017,USDCAD,108,7,451.7250347423104,4.182639210576948,22.220433646250708,620.4153798863227,0.754
126,39,2017-05-29,2017-10-25,2017,EURJPY,108,14,-137.68976740036123,-1.2749052537070484,-68.49016792448941,491.3295114886574,0.43
126,39,2017-05-29,2017-10-25,2017,GBPJPY,108,7,269.7696592988431,2.497867215730029,-30.93955332603518,781.8161188406707,0.636
126,39,2017-05-29,2017-10-25,2017,XAUUSD,108,6,300.71238671863836,2.7843739510985035,-61.51543674554529,691.1278245416479,0.714
126,39,2017-05-29,2017-10-25,2017,XAGUSD,108,11,-1006.1913171196571,-9.316586269626455,-339.5756154574212,1117.7681032899027,0.276
126,39,2017-05-29,2017-10-25,2017,WTI,108,11,-1248.8588092962518,-11.563507493483813,-25.690310866003397,1580.9042781100761,0.216
126,39,2017-05-29,2017-10-25,2017,UKOIL,108,12,113.46184930056269,1.0505726787089138,-88.50739399720293,1598.062666110385,0.564
126,39,2017-05-29,2017-10-25,2017,US500,108,6,149.71969527210877,1.386293474741748,-7.977405659709666,384.0557612019032,0.66
126,39,2017-05-29,2017-10-25,2017,USTECH,108,8,-620.5522268829942,-5.745853952620316,-37.21204992991137,590.8911406908209,0.17
126,39,2017-05-29,2017-10-25,2017,BTCUSD,123,16,1184.9732139044086,9.633928568328525,-1907.384832924739,6310.43439802503,0.68
126,40,2017-08-11,2018-01-08,2017,EURUSD,107,14,-421.95165102926967,-3.943473374105324,-42.52477199391093,393.716461278967,0.164
126,40,2017-08-11,2018-01-08,2017,GBPUSD,107,12,-131.39157133130055,-1.2279586105729023,-18.912993880978597,488.67106946364675,0.418
126,40,2017-08-11,2018-01-08,2017,AUDUSD,107,8,43.7505080204072,0.4088832525271701,-29.984042372894642,432.6747788996156,0.564
126,40,2017-08-11,2018-01-08,2017,USDJPY,107,12,-361.69066265053465,-3.3802865668274267,-30.28018550865232,397.41570794803266,0.204
126,40,2017-08-11,2018-01-08,2017,USDCHF,107,12,-536.9997511900059,-5.018689263457999,-35.12231805792202,362.51224091144354,0.074
126,40,2017-08-11,2018-01-08,2017,USDCAD,107,12,-369.7307046751674,-3.4554271464968913,-5.70939820998508,509.8333559238832,0.254
126,40,2017-08-11,2018-01-08,2017,EURJPY,107,22,-657.6127204784533,-6.145913275499564,-61.34952342798475,444.3446991869287,0.104
126,40,2017-08-11,2018-01-08,2017,GBPJPY,107,9,-260.44289009153016,-2.4340457017900015,-25.828081956426896,666.2738213269603,0.418
126,40,2017-08-11,2018-01-08,2017,XAUUSD,107,12,-91.34345460130768,-0.8536771458066139,-44.266059330327984,679.9567268610009,0.484
126,40,2017-08-11,2018-01-08,2017,XAGUSD,107,16,-1182.704722605707,-11.053315164539319,-379.95288783444033,1077.003644986281,0.228
126,40,2017-08-11,2018-01-08,2017,WTI,107,12,-7.126247077310467,-0.06660043997486417,-190.8482643845282,1297.6772496572721,0.556
126,40,2017-08-11,2018-01-08,2017,UKOIL,105,8,985.0264863543028,9.381204631945742,-0.4326309573636754,1289.6058730919967,0.76
126,40,2017-08-11,2018-01-08,2017,US500,105,4,974.5559705803481,9.281485434098553,-14.835686426180722,554.3937040916544,0.974
126,40,2017-08-11,2018-01-08,2017,USTECH,105,8,201.20110344895573,1.9162009852281499,-49.04505049357368,684.8251948642915,0.642
126,40,2017-08-11,2018-01-08,2017,BTCUSD,125,9,11993.709589903501,95.94967671922801,-601.1347992388136,8283.060879731358,0.944
126,41,2017-10-26,2018-03-23,2017,EURUSD,107,18,-434.354905877979,-4.0593916437194295,-34.74036107398533,490.81393627155916,0.212
126,41,2017-10-26,2018-03-23,2017,GBPUSD,107,13,374.2105150225367,3.4972945329209035,-4.195956922387929,503.92027290295704,0.766
126,41,2017-10-26,2018-03-23,2017,AUDUSD,107,4,569.6208462106965,5.323559310380341,-10.334550913227353,515.4938658326546,0.87
126,41,2017-10-26,2018-03-23,2017,USDJPY,107,11,179.8494404245511,1.6808358918182345,-1.878669772117035,454.16829670230544,0.652
126,41,2017-10-26,2018-03-23,2017,USDCHF,107,10,272.747624050979,2.5490432154297107,-5.811123910677863,465.43186137700974,0.724
126,41,2017-10-26,2018-03-23,2017,USDCAD,107,6,75.33158164400876,0.7040334733084931,-24.450413058559853,472.0226879070789,0.576
126,41,2017-10-26,2018-03-23,2017,EURJPY,107,19,-619.1697046050066,-5.786632753317819,-40.27876939806298,461.5772220765364,0.104
126,41,2017-10-26,2018-03-23,2017,GBPJPY,107,14,-1197.9008916112525,-11.195335435619182,-47.041496906155565,525.3430397890116,0.01
126,41,2017-10-26,2018-03-23,2017,XAUUSD,107,19,-1028.961410285935,-9.616461778373225,-120.75758241639193,634.3095552505364,0.078
126,41,2017-10-26,2018-03-23,2017,XAGUSD,107,17,-1686.528651063778,-15.76195000994185,-353.573046694221,979.1377803119018,0.096
126,41,2017-10-26,2018-03-23,2017,WTI,107,10,772.8270066968153,7.222682305577712,-73.53114144210967,1680.6861579126507,0.684
126,41,2017-10-26,2018-03-23,2017,UKOIL,105,5,1543.3439883681322,14.698514174934592,-77.30033950827783,1246.4625951298156,0.896
126,41,2017-10-26,2018-03-23,2017,US500,105,5,-72.77685624540388,-0.6931129166228941,-17.163957812149018,965.7106350587376,0.488
126,41,2017-10-26,2018-03-23,2017,USTECH,105,7,-137.1479149859843,-1.3061706189141362,-43.88172625568734,1281.5335298479656,0.47
126,41,2017-10-26,2018-03-23,2017,BTCUSD,126,7,11986.996318906424,95.13489141989226,-515.4539774262577,8997.396080150987,0.914
126,42,2018-01-09,2018-06-05,2018,EURUSD,106,9,433.05827548200864,4.085455429075553,-25.335614383531375,468.7216612896933,0.814
126,42,2018-01-09,2018-06-05,2018,GBPUSD,106,7,857.0060800242436,8.084963019096637,1.4989405634314863,594.7784043221445,0.926
126,42,2018-01-09,2018-06-05,2018,AUDUSD,106,8,178.39459924933573,1.6829679174465635,-16.82761999407762,525.3422407758011,0.65
126,42,2018-01-09,2018-06-05,2018,USDJPY,106,7,456.713246603883,4.308615533998896,10.960702248054675,490.05060329407644,0.83
126,42,2018-01-09,2018-06-05,2018,USDCHF,106,2,1067.787859380387,10.073470371513086,-18.871020539408384,661.5190266143693,0.942
126,42,2018-01-09,2018-06-05,2018,USDCAD,106,7,300.0254928970739,2.830429178274282,3.4750808591917086,440.2324152735654,0.768
126,42,2018-01-09,2018-06-05,2018,EURJPY,106,13,-521.3146703709158,-4.918062928027507,-55.21515102217713,518.0217946098659,0.198
126,42,2018-01-09,2018-06-05,2018,GBPJPY,106,9,-703.2833475417559,-6.634748561714678,18.084329257952714,605.9156808006458,0.114
126,42,2018-01-09,2018-06-05,2018,XAUUSD,105,11,-476.5502366557482,-4.538573682435698,-41.4149668338105,483.151678479362,0.188
126,42,2018-01-09,2018-06-05,2018,XAGUSD,105,23,-2669.0738011261456,-25.41975048691567,-559.7987535658658,861.5097586970898,0.002
126,42,2018-01-09,2018-06-05,2018,WTI,105,9,-169.67446439810047,-1.6159472799819092,-117.10435830301579,1577.3857863038959,0.498
126,42,2018-01-09,2018-06-05,2018,UKOIL,105,3,1545.8303766794152,14.722194063613477,4.537935686894296,1511.1683898715823,0.844
126,42,2018-01-09,2018-06-05,2018,US500,105,10,-1207.2346263679174,-11.497472632075404,2.87000849023083,955.6018247299036,0.108
126,42,2018-01-09,2018-06-05,2018,USTECH,105,8,-674.2613290499223,-6.421536467142118,3.744491286745744,1224.5206798667161,0.304
126,42,2018-01-09,2018-06-05,2018,BTCUSD,126,6,5307.980919966409,42.1268326981461,-213.09093261000072,5890.990264863111,0.826
126,43,2018-03-25,2018-08-17,2018,EURUSD,105,14,127.99230772945296,1.2189743593281235,-23.88994875364339,455.53233685102424,0.622
126,43,2018-03-25,2018-08-17,2018,GBPUSD,105,3,799.6989380356974,7.616180362244737,-37.97894300358991,610.9165775432621,0.898
126,43,2018-03-25,2018-08-17,2018,AUDUSD,105,16,-591.6135668777335,-5.634414922645082,-20.24028847534871,492.70188851649345,0.126
126,43,2018-03-25,2018-08-17,2018,USDJPY,105,8,-142.19527165328873,-1.3542406824122737,-11.816716154702316,376.0683530441637,0.38
126,43,2018-03-25,2018-08-17,2018,USDCHF,105,9,94.35226524542276,0.8985930023373596,-40.35502164919975,383.27403934084566,0.608
126,43,2018-03-25,2018-08-17,2018,USDCAD,105,9,157.8539598344002,1.5033710460419067,-17.948611724222726,412.3185807978452,0.664
126,43,2018-03-25,2018-08-17,2018,EURJPY,105,10,-182.31650695309537,-1.736347685267575,-43.951968740217175,541.5776369142014,0.396
126,43,2018-03-25,2018-08-17,2018,GBPJPY,105,10,-209.7076493416946,-1.997215708016139,-4.660845487481272,555.7528579419647,0.356
126,43,2018-03-25,2018-08-17,2018,XAUUSD,104,5,710.9296523750927,6.835862042068199,7.118084440588909,559.1447965627389,0.904
126,43,2018-03-25,2018-08-17,2018,XAGUSD,104,18,-791.875345757591,-7.614186016899914,-384.3372594871934,913.2276339447054,0.326
126,43,2018-03-25,2018-08-17,2018,WTI,104,5,-199.9553457265863,-1.9226475550633297,-54.63836815970867,1558.7696552852224,0.458
126,43,2018-03-25,2018-08-17,2018,UKOIL,104,9,-949.2140007485121,-9.127057699504924,-95.72211871417993,1315.2505054625208,0.266
126,43,2018-03-25,2018-08-17,2018,US500,104,13,-755.7175876925239,-7.2665152662742685,-40.655981882414025,623.0175735670475,0.13
126,43,2018-03-25,2018-08-17,2018,USTECH,104,6,52.372782744247445,0.5035844494639178,14.241852257964645,851.1541784804859,0.53
126,43,2018-03-25,2018-08-17,2018,BTCUSD,126,6,725.9489959558539,5.761499967903602,-466.2538977021575,4578.378457119256,0.632
126,44,2018-06-06,2018-10-30,2018,EURUSD,105,16,-366.4022982532597,-3.489545697650092,-26.850799581853327,444.3471950395997,0.23
126,44,2018-06-06,2018-10-30,2018,GBPUSD,105,4,658.8053698549998,6.274336855761902,2.9887405863588903,510.2424808135505,0.892
126,44,2018-06-06,2018-10-30,2018,AUDUSD,105,17,-794.8222992691974,-7.569736183516166,-68.05756586575141,511.87667458494735,0.084
126,44,2018-06-06,2018-10-30,2018,USDJPY,105,11,-257.74683325475644,-2.4547317452833948,-36.88410290572298,347.10244909172917,0.256
126,44,2018-06-06,2018-10-30,2018,USDCHF,105,11,-59.09340713908745,-0.5627943537055947,-20.981162589314717,377.599626703518,0.468
126,44,2018-06-06,2018-10-30,2018,USDCAD,105,14,-142.01885719864012,-1.3525605447489535,-47.35849237059876,396.90081281518627,0.416
126,44,2018-06-06,2018-10-30,2018,EURJPY,105,8,-355.9480387947424,-3.3899813218546893,-0.4848215883550183,516.051773713299,0.246
126,44,2018-06-06,2018-10-30,2018,GBPJPY,105,10,142.50729892766333,1.3572123707396508,-10.879835866361883,554.3962945254356,0.59
126,44,2018-06-06,2018-10-30,2018,XAUUSD,105,9,76.29624098156191,0.7266308664910658,-42.606295528136634,556.8451226455497,0.564
126,44,2018-06-06,2018-10-30,2018,XAGUSD,105,4,786.874430677762,7.494042196931066,-124.61054758892126,955.5146028691273,0.81
126,44,2018-06-06,2018-10-30,2018,WTI,105,4,-139.3455559815883,-1.3271005331579837,49.58381930182635,1499.347314806588,0.43
126,44,2018-06-06,2018-10-30,2018,UKOIL,105,10,-958.5381422639099,-9.128934688227714,32.12372293842079,1404.1224832232883,0.24
126,44,2018-06-06,2018-10-30,2018,US500,105,11,399.7475642671054,3.8071196596867183,18.111108226439033,769.9591536204116,0.688
126,44,2018-06-06,2018-10-30,2018,USTECH,105,13,103.43110150015593,0.9850581095252946,-80.58839079792853,1022.7100351303732,0.588
126,44,2018-06-06,2018-10-30,2018,BTCUSD,126,10,-4219.1627410689625,-33.4854185799124,-296.41210610820565,3630.010377991075,0.144
126,45,2018-08-19,2019-01-11,2018,EURUSD,105,19,-706.9115188654679,-6.732490655861599,-18.94213630592621,393.5242182163585,0.04
126,45,2018-08-19,2019-01-11,2018,GBPUSD,105,9,-259.89616615413456,-2.475201582420329,-39.16275014047794,467.95791565248965,0.324
126,45,2018-08-19,2019-01-11,2018,AUDUSD,105,10,-171.39622173290448,-1.6323449688848046,-23.289403814671083,577.1553841895703,0.392
126,45,2018-08-19,2019-01-11,2018,USDJPY,105,14,-296.98842825578976,-2.828461221483712,-25.794219474091143,423.5600252859021,0.26
126,45,2018-08-19,2019-01-11,2018,USDCHF,105,6,184.71431245073413,1.7591839281022297,-12.808347289325358,397.1085619016923,0.666
126,45,2018-08-19,2019-01-11,2018,USDCAD,105,12,-199.8982323414604,-1.9037926889662897,-2.1314139721206167,438.8784962160258,0.328
126,45,2018-08-19,2019-01-11,2018,EURJPY,105,14,-391.1700598151654,-3.7254291410968134,-47.861214477760775,524.4445277046801,0.254
126,45,2018-08-19,2019-01-11,2018,GBPJPY,105,6,266.8482231126861,2.541411648692249,16.360238491204484,601.383067754103,0.65
126,45,2018-08-19,2019-01-11,2018,XAUUSD,105,13,-415.97232291026666,-3.961641170573968,-50.24793228749726,507.2713445955684,0.222
126,45,2018-08-19,2019-01-11,2018,XAGUSD,105,7,103.92702587873254,0.9897811988450718,-151.47811464607452,882.5488995257982,0.61
126,45,2018-08-19,2019-01-11,2018,WTI,105,4,2644.189818232303,25.18276017364098,-218.98390496868367,3150.3734167814814,0.804
126,45,2018-08-19,2019-01-11,2018,UKOIL,103,3,2577.0146817697077,25.01956001718163,-38.00438880476738,2648.4031724332244,0.822
126,45,2018-08-19,2019-01-11,2018,US500,105,9,374.2719439259691,3.564494704056848,-30.562024592929518,1360.1346041787501,0.634
126,45,2018-08-19,2019-01-11,2018,USTECH,105,16,-692.8464667336231,-6.598537778415458,-5.507490557787125,1622.7864005496772,0.324
126,45,2018-08-19,2019-01-11,2018,BTCUSD,126,14,-3217.492410942767,-25.535654055101325,-1557.6520528328483,4497.9695000060465,0.374
126,46,2018-10-31,2019-03-26,2018,EURUSD,105,22,-815.9107730443272,-7.770578790898354,-58.536370134323526,348.9966917568916,0.024
126,46,2018-10-31,2019-03-26,2018,GBPUSD,105,13,-709.8574214937147,-6.760546871368711,-1.5141531552788865,519.6962055248529,0.094
126,46,2018-10-31,2019-03-26,2018,AUDUSD,105,12,-368.69988607047594,-3.511427486385485,-29.399166170077454,532.0912275227548,0.262
126,46,2018-10-31,2019-03-26,2018,USDJPY,105,10,16.086972172767595,0.1532092587882628,-9.120614422742097,404.93913194763854,0.508
126,46,2018-10-31,2019-03-26,2018,USDCHF,105,5,-95.8804370338554,-0.9131470193700514,-27.108639159821944,270.9913717985163,0.424
126,46,2018-10-31,2019-03-26,2018,USDCAD,105,6,421.7351454511711,4.016525194773058,24.18263565420596,374.461067037323,0.846
126,46,2018-10-31,2019-03-26,2018,EURJPY,105,14,-103.2131523885734,-0.9829824037006991,-24.536368116854987,434.47112311690466,0.436
126,46,2018-10-31,2019-03-26,2018,GBPJPY,105,10,-290.53625869992027,-2.767011987618288,-22.109743500842377,672.218395327104,0.326
126,46,2018-10-31,2019-03-26,2018,XAUUSD,105,9,125.7770801478319,1.1978769537888752,-24.15247424323704,543.3988476035698,0.612
126,46,2018-10-31,2019-03-26,2018,XAGUSD,105,8,290.7515698740894,2.7690625702294227,-260.9238266253998,878.7747832434742,0.74
126,46,2018-10-31,2019-03-26,2018,WTI,105,3,3867.2666203546405,36.8311106700442,-94.04943837605694,3020.604348622647,0.906
126,46,2018-10-31,2019-03-26,2018,UKOIL,103,3,2561.602948269412,24.869931536596233,-140.26002534668763,2637.4495358677846,0.836
126,46,2018-10-31,2019-03-26,2018,US500,105,7,561.8873175649034,5.351307786332413,12.683678029860515,1262.694663413004,0.66
126,46,2018-10-31,2019-03-26,2018,USTECH,105,7,77.74883589505325,0.7404651037624119,-0.3111904031546619,1385.0948633731346,0.526
126,46,2018-10-31,2019-03-26,2018,BTCUSD,126,15,-579.0702112856197,-4.595795327663649,-1405.4213897120264,4334.7073079439215,0.572
126,47,2019-01-13,2019-06-07,2019,EURUSD,105,16,-186.9908861413429,-1.780865582298504,-23.396275190584312,301.31344516179746,0.3
126,47,2019-01-13,2019-06-07,2019,GBPUSD,105,11,14.940669215049851,0.14229208776237953,-14.304168479879097,455.5541705013102,0.508
126,47,2019-01-13,2019-06-07,2019,AUDUSD,105,12,-394.3769049287846,-3.755970523131282,-48.6329608660549,416.88362997797833,0.212
126,47,2019-01-13,2019-06-07,2019,USDJPY,105,10,-44.310756927688054,-0.4220072088351243,-8.723065956547277,311.5783135820056,0.462
126,47,2019-01-13,2019-06-07,2019,USDCHF,105,6,230.77038179689117,2.197813159970392,-8.153910868189772,305.15263318504145,0.784
126,47,2019-01-13,2019-06-07,2019,USDCAD,105,14,198.95182687121815,1.8947793035354108,-30.93603620957506,327.30652307038577,0.76
126,47,2019-01-13,2019-06-07,2019,EURJPY,105,12,-341.63371079281995,-3.253654388503047,-32.543996676269124,345.1728099157185,0.18
126,47,2019-01-13,2019-06-07,2019,GBPJPY,105,12,133.94981839860642,1.275712556177204,-26.63556698549215,574.8404265142029,0.588
126,47,2019-01-13,2019-06-07,2019,XAUUSD,104,14,371.6159526929556,3.5732303143553423,-40.06366156602139,629.7972919582413,0.744
126,47,2019-01-13,2019-06-07,2019,XAGUSD,104,10,174.70791208184957,1.6798837700177844,-270.3164615264633,795.0521464758081,0.706
126,47,2019-01-13,2019-06-07,2019,WTI,104,2,3110.6937793760526,29.910517109385122,100.66923926512524,1877.5574460793907,0.948
126,47,2019-01-13,2019-06-07,2019,UKOIL,104,5,1971.9813932920965,18.961359550885543,-34.61255914323335,1691.2319177923025,0.882
126,47,2019-01-13,2019-06-07,2019,US500,104,4,1128.8256052250003,10.854092357932696,-63.93020205182859,796.363399723433,0.912
126,47,2019-01-13,2019-06-07,2019,USTECH,104,4,811.0043874344451,7.798119109946588,35.331809966383055,1130.8973767076448,0.734
126,47,2019-01-13,2019-06-07,2019,BTCUSD,126,8,6785.864509721108,53.856067537469116,-707.5166703756447,4992.9773200677655,0.93
126,48,2019-03-27,2019-08-20,2019,EURUSD,105,12,-62.37711542712832,-0.5940677659726507,4.216402241878724,302.51312887289765,0.424
126,48,2019-03-27,2019-08-20,2019,GBPUSD,105,7,502.3443251453033,4.7842316680505075,-30.061237399620687,461.93153308737453,0.864
126,48,2019-03-27,2019-08-20,2019,AUDUSD,105,16,-131.08035294290534,-1.2483843137419557,-4.412427449188095,447.8636460920091,0.402
126,48,2019-03-27,2019-08-20,2019,USDJPY,105,14,-80.64438523208244,-0.7680417641150709,-37.89654272299972,365.7858206010327,0.462
126,48,2019-03-27,2019-08-20,2019,USDCHF,105,8,153.7416890100854,1.4642065620008133,-4.002980787965008,379.16983632755125,0.646
126,48,2019-03-27,2019-08-20,2019,USDCAD,105,10,158.63736076154152,1.5108320072527763,-11.939575646081332,284.2415746517355,0.724
126,48,2019-03-27,2019-08-20,2019,EURJPY,105,14,66.53066227396577,0.6336253549901503,-9.764956625810344,349.7625547185239,0.592
126,48,2019-03-27,2019-08-20,2019,GBPJPY,105,8,860.7301405119576,8.197429909637691,-49.75623920980789,593.0942849808927,0.922
126,48,2019-03-27,2019-08-20,2019,XAUUSD,104,15,1445.8610548915824,13.902510143188293,-76.02676239593589,899.6277856015885,0.952
126,48,2019-03-27,2019-08-20,2019,XAGUSD,104,11,951.3158638357773,9.147267921497859,-326.362921251174,1055.3671181196096,0.894
126,48,2019-03-27,2019-08-20,2019,WTI,104,5,-1511.6450819250097,-14.535048864663555,-31.86155147908896,1860.1810227175376,0.234
126,48,2019-03-27,2019-08-20,2019,UKOIL,104,7,-68.49504594509904,-0.6586062110105677,-70.36158040126203,1827.0415794768492,0.52
126,48,2019-03-27,2019-08-20,2019,US500,104,5,675.1922074960477,6.492232764385074,-41.89908947577546,772.8431251183106,0.808
126,48,2019-03-27,2019-08-20,2019,USTECH,104,7,52.219865494280214,0.5021140912911559,48.803595466609856,1020.0066861543702,0.512
126,48,2019-03-27,2019-08-20,2019,BTCUSD,126,8,5502.06752510948,43.66720258023397,-298.47053212244964,6083.685554216347,0.812
126,49,2019-06-09,2019-11-01,2019,EURUSD,105,12,-143.0675968055716,-1.3625485410054439,-15.547416898060279,289.1505636210266,0.35
126,49,2019-06-09,2019-11-01,2019,GBPUSD,105,7,339.64266349148113,3.2346920332522013,-48.887458496548845,615.6630888378397,0.728
126,49,2019-06-09,2019-11-01,2019,AUDUSD,105,15,-273.9307344664277,-2.6088641377755017,-69.3683264619836,470.68459637935655,0.332
126,49,2019-06-09,2019-11-01,2019,USDJPY,105,13,-276.79766546798953,-2.6361682425522814,-13.870806492672909,380.36060108131716,0.26
126,49,2019-06-09,2019-11-01,2019,USDCHF,105,14,-109.08848306936393,-1.0389379339939422,-45.46744644912796,385.60987433058114,0.426
126,49,2019-06-09,2019-11-01,2019,USDCAD,105,12,-250.81935205174227,-2.388755733826117,-48.889790484086724,278.3783610552838,0.234
126,49,2019-06-09,2019-11-01,2019,EURJPY,105,13,-113.23804250045208,-1.078457547623353,-19.812466563383826,398.42966471980026,0.406
126,49,2019-06-09,2019-11-01,2019,GBPJPY,105,7,761.0240890515707,7.247848467157817,11.506069011923831,850.4298269089703,0.796
126,49,2019-06-09,2019-11-01,2019,XAUUSD,105,16,822.4662589824878,7.833011990309408,-61.886792426569734,908.9783628683616,0.822
126,49,2019-06-09,2019-11-01,2019,XAGUSD,105,8,1553.01229683382,14.79059330317924,-156.21825152257122,1411.884444461228,0.886
126,49,2019-06-09,2019-11-01,2019,WTI,105,13,-4400.917666268757,-41.91350158351197,-136.9585682935336,2069.576263039375,0.024
126,49,2019-06-09,2019-11-01,2019,UKOIL,105,10,-3420.5021697498323,-32.57621114047459,-56.768431851825575,1831.0742783111075,0.032
126,49,2019-06-09,2019-11-01,2019,US500,105,6,337.7008297405435,3.2161983784813666,-39.45254740605697,762.3701963691195,0.686
126,49,2019-06-09,2019-11-01,2019,USTECH,105,7,230.77945839580846,2.1978996037696046,44.46344682864702,882.783552724967,0.584
126,49,2019-06-09,2019-11-01,2019,BTCUSD,126,19,-5100.711567035674,-40.48183783361646,-738.5774846680648,5138.688465472375,0.202
126,50,2019-08-21,2020-01-14,2019,EURUSD,105,12,-230.8907808502048,-2.1989598176209983,-19.99202469784407,262.45180198057966,0.22
126,50,2019-08-21,2020-01-14,2019,GBPUSD,105,14,-47.56856344695928,-0.4530339375900884,-23.619478210845415,587.804377989957,0.484
126,50,2019-08-21,2020-01-14,2019,AUDUSD,105,7,-531.115772047738,-5.058245448073695,-14.861546906966758,369.2331372157162,0.084
126,50,2019-08-21,2020-01-14,2019,USDJPY,105,15,-300.4463800653107,-2.861394095860102,-15.386453242303176,312.5396627205059,0.184
126,50,2019-08-21,2020-01-14,2019,USDCHF,105,18,-96.0374270444995,-0.9146421623285667,-44.86516329545833,309.26255834132235,0.446
126,50,2019-08-21,2020-01-14,2019,USDCAD,105,13,-404.69347830096444,-3.854223602866328,-41.53143140503119,262.1707882334631,0.088
126,50,2019-08-21,2020-01-14,2019,EURJPY,105,17,-456.872095832599,-4.351162817453323,-34.436704545574734,405.88884777563624,0.128
126,50,2019-08-21,2020-01-14,2019,GBPJPY,105,12,301.104790310473,2.867664669623552,30.211962647251703,718.880798956974,0.644
126,50,2019-08-21,2020-01-14,2019,XAUUSD,105,16,-31.366227442917292,-0.29872597564683134,-72.21874073687502,723.6198802145067,0.51
126,50,2019-08-21,2020-01-14,2019,XAGUSD,105,6,902.8029470563473,8.598123305298547,-141.1434713026891,1273.9848880676357,0.792
126,50,2019-08-21,2020-01-14,2019,WTI,105,12,-1514.8754645240456,-14.427385376419481,-211.58353290764893,1697.4344361465228,0.214
126,50,2019-08-21,2020-01-14,2019,UKOIL,103,9,-2475.16565399304,-24.030734504786796,-48.84849521211618,1522.9570649844384,0.056
126,50,2019-08-21,2020-01-14,2019,US500,105,4,543.3234574325375,5.174509118405118,-13.020526346490275,684.5705741245105,0.772
126,50,2019-08-21,2020-01-14,2019,USTECH,105,3,908.3480704546612,8.650934004330107,-60.968427012740555,907.0143870356042,0.832
126,50,2019-08-21,2020-01-14,2019,BTCUSD,126,20,-2330.5782258645113,-18.49665258622628,-1020.306165345363,4038.328185523058,0.362
126,51,2019-11-03,2020-03-27,2019,EURUSD,105,12,-880.6869061719201,-8.387494344494478,-5.188883242098906,583.0383482987562,0.064
126,51,2019-11-03,2020-03-27,2019,GBPUSD,105,17,-78.07161728978943,-0.7435392122837089,-55.70290297441144,1049.5402606459688,0.494
126,51,2019-11-03,2020-03-27,2019,AUDUSD,105,5,620.6448543436973,5.910903374701879,91.12935007576701,1125.925196039351,0.65
126,51,2019-11-03,2020-03-27,2019,USDJPY,105,17,-623.4093320171587,-5.937231733496749,-85.39913664910601,692.1062645742878,0.224
126,51,2019-11-03,2020-03-27,2019,USDCHF,105,16,-224.19608930679894,-2.1352008505409423,-37.197601025402484,591.5176405166917,0.376
126,51,2019-11-03,2020-03-27,2019,USDCAD,105,3,656.2282160598328,6.249792533903169,-47.72312574912802,660.9424772186244,0.832
126,51,2019-11-03,2020-03-27,2019,EURJPY,105,22,-1004.0899522712394,-9.56276145020228,-54.43595429637045,453.4228888343914,0.016
126,51,2019-11-03,2020-03-27,2019,GBPJPY,105,15,-241.74390602689817,-2.3023229145418873,-9.18512422678581,861.1919416397922,0.392
126,51,2019-11-03,2020-03-27,2019,XAUUSD,105,9,-194.80017885601643,-1.855239798628728,34.90545009339861,1361.4385364330954,0.446
126,51,2019-11-03,2020-03-27,2019,XAGUSD,105,7,899.4340814142057,8.566038870611482,-31.020511184008836,2735.993403771449,0.628
126,51,2019-11-03,2020-03-27,2019,WTI,105,3,8772.246948274615,83.5452090311868,-276.98257762850307,6801.998166711451,0.912
126,51,2019-11-03,2020-03-27,2019,UKOIL,103,3,8251.49072651668,80.11156045161826,325.9460055133279,6601.3175183601725,0.884
126,51,2019-11-03,2020-03-27,2019,US500,105,3,2637.7827640670494,25.121740610162377,91.74567305170763,2482.0083809564394,0.812
126,51,2019-11-03,2020-03-27,2019,USTECH,105,1,2253.1423794458165,21.458498851864917,-45.18246778923025,2077.4232043406832,0.842
126,51,2019-11-03,2020-03-27,2019,BTCUSD,126,9,3376.9543540111704,26.801225031834687,-548.8798898258722,5046.002769263946,0.784
126,52,2020-01-15,2020-06-09,2020,EURUSD,105,13,-576.8504043304624,-5.493813374575833,-33.51931107163653,663.8490163877256,0.24
126,52,2020-01-15,2020-06-09,2020,GBPUSD,105,13,-194.93915514813938,-1.8565633823632322,-18.855809742962176,1060.102436799097,0.436
126,52,2020-01-15,2020-06-09,2020,AUDUSD,105,2,1678.2754074438965,15.98357530898949,-100.65958640150035,1304.8732243963534,0.904
126,52,2020-01-15,2020-06-09,2020,USDJPY,105,16,-784.1322756680812,-7.467926434934107,-19.578919863072315,727.761908359857,0.142
126,52,2020-01-15,2020-06-09,2020,USDCHF,105,14,-520.4873215754492,-4.957022110242373,-10.647089183297613,557.5193208857629,0.188
126,52,2020-01-15,2020-06-09,2020,USDCAD,105,10,560.1056751372888,5.334339763212275,-59.64395755279444,749.881090078656,0.776
126,52,2020-01-15,2020-06-09,2020,EURJPY,105,20,-472.6093121615332,-4.501041068205078,-41.115345704314386,561.6912284944799,0.236
126,52,2020-01-15,2020-06-09,2020,GBPJPY,105,13,-370.32788906306575,-3.5269322767911024,-5.2338396390904105,865.2200944747109,0.346
126,52,2020-01-15,2020-06-09,2020,XAUUSD,104,15,-1208.6676759425177,-11.621804576370362,-56.81242926133073,1317.6220588968383,0.186
126,52,2020-01-15,2020-06-09,2020,XAGUSD,104,10,541.4257525825051,5.206016851754857,-115.17289417978901,3039.8382374629487,0.586
126,52,2020-01-15,2020-06-09,2020,WTI,104,1,9532.90555153846,91.66255338017751,441.8918188272746,10284.074756321383,0.796
126,52,2020-01-15,2020-06-09,2020,UKOIL,104,7,5867.5589939000465,56.41883647980814,70.3524876155514,7238.2254016065945,0.758
126,52,2020-01-15,2020-06-09,2020,US500,104,8,2085.575008482894,20.05360585079706,-519.3710207006667,2677.328913817136,0.822
126,52,2020-01-15,2020-06-09,2020,USTECH,104,2,2373.9647688305195,22.826584315678073,112.86730105356109,2679.1287228911788,0.822
126,52,2020-01-15,2020-06-09,2020,BTCUSD,126,8,3640.4586550552203,28.892529008374765,-75.80178788514085,5117.381052230425,0.74
126,53,2020-03-29,2020-08-20,2020,EURUSD,104,10,373.5434409052098,3.5917638548577866,-71.50240053151151,551.1293090724515,0.792
126,53,2020-03-29,2020-08-20,2020,GBPUSD,104,9,-253.21581444944252,-2.434767446629255,-35.346106885780884,536.3923099697331,0.362
126,53,2020-03-29,2020-08-20,2020,AUDUSD,104,5,749.5385099022812,7.2071010567527045,59.95765636228391,871.9197405557613,0.778
126,53,2020-03-29,2020-08-20,2020,USDJPY,104,18,-272.46326216283785,-2.619839059258056,-18.39765990315034,372.2842894914263,0.25
126,53,2020-03-29,2020-08-20,2020,USDCHF,104,6,192.84808813602498,1.854308539769471,23.303597191410198,422.26483092536427,0.654
126,53,2020-03-29,2020-08-20,2020,USDCAD,104,15,-208.26262524246064,-2.0025252427159677,12.679106509140835,471.4398732733134,0.326
126,53,2020-03-29,2020-08-20,2020,EURJPY,104,12,372.732545603695,3.5839667846509133,50.953372926982524,549.8536348775369,0.724
126,53,2020-03-29,2020-08-20,2020,GBPJPY,104,9,-358.8494310107495,-3.450475298180284,-34.420870268979776,595.8697969404982,0.292
126,53,2020-03-29,2020-08-20,2020,XAUUSD,103,13,338.1935963632143,3.2834329744001387,-57.0397441811637,1267.0603936673856,0.624
126,53,2020-03-29,2020-08-20,2020,XAGUSD,103,7,4288.609871940779,41.63698904796873,-73.14888143621458,3578.1863833194607,0.864
126,53,2020-03-29,2020-08-20,2020,WTI,103,5,946.584001232867,9.19013593429968,57.14675986700303,7960.406796845776,0.538
126,53,2020-03-29,2020-08-20,2020,UKOIL,103,7,-1650.393278029362,-16.02323570902293,-183.56603394198535,5317.346353115792,0.404
126,53,2020-03-29,2020-08-20,2020,US500,103,11,-113.2576403090002,-1.0995887408640797,2.3227376973309184,1415.7636907798974,0.45
126,53,2020-03-29,2020-08-20,2020,USTECH,103,1,2596.814699468648,25.211793198724738,67.04423264612208,2362.8244884371056,0.808
126,53,2020-03-29,2020-08-20,2020,BTCUSD,126,15,1214.5823243346886,9.639542256624512,-499.5792587567963,3639.2374513841755,0.672
126,54,2020-06-10,2020-10-22,2020,EURUSD,97,12,149.63697219569903,1.5426491978938044,-36.76550058985808,406.36309206332896,0.664
126,54,2020-06-10,2020-10-22,2020,GBPUSD,97,8,-243.6590052025719,-2.511948507243009,1.4264193285720594,590.8310968054815,0.338
126,54,2020-06-10,2020-10-22,2020,AUDUSD,97,6,180.27529862205313,1.8585082332170426,-45.018616430591585,484.40943166425245,0.668
126,54,2020-06-10,2020-10-22,2020,USDJPY,97,19,-294.07443328512863,-3.0316951885064807,-50.11229546923471,314.45353698964885,0.236
126,54,2020-06-10,2020-10-22,2020,USDCHF,97,12,235.1893799571033,2.4246327830629206,-7.889061675760553,382.2862404009614,0.732
126,54,2020-06-10,2020-10-22,2020,USDCAD,97,12,-370.22362849113387,-3.8167384380529263,-35.89092619683774,315.84313188443133,0.138
126,54,2020-06-10,2020-10-22,2020,EURJPY,97,6,-74.46463836382866,-0.767676684163182,-12.398097960441646,384.17011932704196,0.446
126,54,2020-06-10,2020-10-22,2020,GBPJPY,97,6,-390.50851504035495,-4.025860979797474,33.58199487087119,562.5053707594902,0.236
126,54,2020-06-10,2020-10-22,2020,XAUUSD,97,11,741.7427568327471,7.646832544667496,-71.39270079859917,1141.4087442826649,0.764
126,54,2020-06-10,2020-10-22,2020,XAGUSD,97,12,3496.6464116693523,36.047901151230434,-279.67909777165335,3375.7081600482156,0.866
126,54,2020-06-10,2020-10-22,2020,WTI,97,6,990.368801311324,10.209987642384784,-85.85603758572313,1609.259121762345,0.732
126,54,2020-06-10,2020-10-22,2020,UKOIL,97,4,1843.1789685603271,19.001845036704403,-67.60059186853616,1368.8402187491938,0.922
126,54,2020-06-10,2020-10-22,2020,US500,97,12,-870.7395650455128,-8.976696546860957,75.368844501434,1019.9401458884896,0.178
126,54,2020-06-10,2020-10-22,2020,USTECH,97,4,1251.3271115476236,12.900279500490965,103.65377504051321,1344.637233964023,0.804
126,54,2020-06-10,2020-10-22,2020,BTCUSD,126,22,379.8932350847766,3.015025675276005,-816.7716053706891,2685.2122471329913,0.654
126,55,2020-08-21,2020-12-24,2020,EURUSD,90,16,-149.7240756854971,-1.6636008409499679,-28.663729893762543,358.1906741486027,0.348
126,55,2020-08-21,2020-12-24,2020,GBPUSD,90,6,-97.80199116973655,-1.0866887907748506,21.22528680699776,477.3803868672731,0.394
126,55,2020-08-21,2020-12-24,2020,AUDUSD,90,4,499.86727832704173,5.554080870300464,-5.279429971211519,553.7049399035078,0.812
126,55,2020-08-21,2020-12-24,2020,USDJPY,90,16,-354.03077685733314,-3.9336752984148124,-41.63921113729877,261.61807947343334,0.124
126,55,2020-08-21,2020-12-24,2020,USDCHF,90,20,-377.55998181246486,-4.195110909027387,-43.535139672876674,335.7706829975298,0.16
126,55,2020-08-21,2020-12-24,2020,USDCAD,90,8,-120.58841192370389,-1.33987124359671,-8.801383779468923,332.2032545647429,0.344
126,55,2020-08-21,2020-12-24,2020,EURJPY,90,6,-112.68217165671149,-1.2520241295190166,-4.570736334061994,351.8549864468082,0.392
126,55,2020-08-21,2020-12-24,2020,GBPJPY,90,12,-828.451450408539,-9.205016115650434,-8.217409588651302,527.951147532298,0.06
126,55,2020-08-21,2020-12-24,2020,XAUUSD,90,12,-1068.5893084338284,-11.873214538153649,-22.42111491134793,745.9037819484392,0.09
126,55,2020-08-21,2020-12-24,2020,XAGUSD,90,20,-2686.0837320364653,-29.84537480040517,-407.3870137181852,2158.5346128939022,0.156
126,55,2020-08-21,2020-12-24,2020,WTI,90,6,2005.1601645291958,22.279557383657732,7.854781563978337,2105.312358998876,0.806
126,55,2020-08-21,2020-12-24,2020,UKOIL,90,8,1884.790157298481,20.94211285887201,-77.53615944850654,2110.0192173115684,0.83
126,55,2020-08-21,2020-12-24,2020,US500,90,8,-551.3637885168416,-6.126264316853796,-69.75543603681639,1055.5005794102208,0.344
126,55,2020-08-21,2020-12-24,2020,USTECH,90,8,269.39841497954956,2.9933157219949953,-64.96328065676653,1415.562696383547,0.578
126,55,2020-08-21,2020-12-24,2020,BTCUSD,126,16,6020.012499644102,47.7778769813024,-383.6495978133376,3608.120316495099,0.966
126,56,2020-10-23,2021-02-25,2020,EURUSD,89,14,-137.09119110513652,-1.5403504618554664,-18.425328750099137,314.7520770869349,0.35
126,56,2020-10-23,2021-02-25,2020,GBPUSD,89,2,386.1425089185183,4.338679875488969,19.72494960962473,417.85801615111404,0.794
126,56,2020-10-23,2021-02-25,2020,AUDUSD,89,6,618.8704550223337,6.953600618228468,-30.0012579606825,518.7991963568861,0.88
126,56,2020-10-23,2021-02-25,2020,USDJPY,89,13,-73.75667206290399,-0.8287266523921797,-42.33183332335834,291.0776853670087,0.458
126,56,2020-10-23,2021-02-25,2020,USDCHF,89,15,-162.76973916193285,-1.8288734737295826,-11.307826887323406,344.345854299116,0.316
126,56,2020-10-23,2021-02-25,2020,USDCAD,89,12,-320.46119208096695,-3.600687551471539,-22.5544828956092,329.35959563637635,0.174
126,56,2020-10-23,2021-02-25,2020,EURJPY,89,10,-89.97931503240926,-1.0110035396899917,-12.499212548524255,304.5363406570175,0.416
126,56,2020-10-23,2021-02-25,2020,GBPJPY,89,12,-191.33818469531846,-2.149867243767623,-32.025392741636736,414.44153458035555,0.344
126,56,2020-10-23,2021-02-25,2020,XAUUSD,88,7,-564.3385665494355,-6.412938256243586,-11.954372014076617,817.986483946805,0.232
126,56,2020-10-23,2021-02-25,2020,XAGUSD,88,16,-3323.988959728261,-37.77260181509387,-203.8240354971949,1848.1667365154224,0.044
126,56,2020-10-23,2021-02-25,2020,WTI,88,4,4211.763716526291,47.8609513241624,18.185768616028668,2414.902813268211,0.954
126,56,2020-10-23,2021-02-25,2020,UKOIL,88,4,3699.1046071404025,42.03527962659548,-128.10263824392587,2424.434043180283,0.94
126,56,2020-10-23,2021-02-25,2020,US500,88,6,-267.8112000887811,-3.0433090919179673,-28.388790134319404,990.4372666524326,0.378
126,56,2020-10-23,2021-02-25,2020,USTECH,88,6,427.32493012526163,4.855965115059791,-86.92904883449039,1177.5944051633637,0.682
126,56,2020-10-23,2021-02-25,2020,BTCUSD,126,6,10390.981133780335,82.46810423635186,103.68623600918397,6961.349479678028,0.932
126,57,2020-12-25,2021-04-29,2020,EURUSD,89,10,-259.16207499529895,-2.9119334269134716,-29.209775172190373,319.5537254101696,0.258
126,57,2020-12-25,2021-04-29,2020,GBPUSD,89,6,73.98349338286373,0.8312752065490306,8.601614926928043,322.373394835159,0.582
126,57,2020-12-25,2021-04-29,2020,AUDUSD,89,12,-102.47467621291277,-1.1514008563248626,-30.320812725189732,506.6844270426477,0.432
126,57,2020-12-25,2021-04-29,2020,USDJPY,89,8,227.61452297840822,2.5574665503191936,0.7727732022565592,350.9072998091468,0.754
126,57,2020-12-25,2021-04-29,2020,USDCHF,89,12,548.1350144789235,6.158820387403635,-5.945302173461529,408.05242887626,0.906
126,57,2020-12-25,2021-04-29,2020,USDCAD,89,14,-184.1442967368382,-2.069037041986946,-26.72133934836341,364.0867184060104,0.34
126,57,2020-12-25,2021-04-29,2020,EURJPY,89,10,135.3867382633399,1.5211993063296618,-9.540896724556509,284.7377229711953,0.72
126,57,2020-12-25,2021-04-29,2020,GBPJPY,89,7,148.63330606681814,1.6700371468181814,1.2583944471147814,448.48475722658725,0.624
126,57,2020-12-25,2021-04-29,2020,XAUUSD,87,4,565.7412167384595,6.502772606189189,-3.211452014778348,785.6966297954316,0.74
126,57,2020-12-25,2021-04-29,2020,XAGUSD,87,8,-1979.9204115769292,-22.75770588019459,-81.28956782972018,1467.3372401273293,0.104
126,57,2020-12-25,2021-04-29,2020,WTI,87,4,1583.820070862884,18.204828400722803,-123.37221888072621,1948.165256100269,0.788
126,57,2020-12-25,2021-04-29,2020,UKOIL,87,6,1055.784370060689,12.135452529433207,-113.56526217273466,1988.6032268928127,0.714
126,57,2020-12-25,2021-04-29,2020,US500,88,8,-250.5607662498519,-2.847281434657408,-28.735114413757636,765.2239537840366,0.388
126,57,2020-12-25,2021-04-29,2020,USTECH,88,8,166.36219468799334,1.8904794850908333,-5.537477850661832,1099.0059300479165,0.548
126,57,2020-12-25,2021-04-29,2020,BTCUSD,126,11,4760.846711457099,37.78449770997698,-113.0644074167569,5723.859959908984,0.794
126,58,2021-02-26,2021-07-01,2021,EURUSD,90,5,76.34899585282196,0.8483221761424662,22.337250443422466,370.38704430491913,0.554
126,58,2021-02-26,2021-07-01,2021,GBPUSD,90,9,-22.4987971981749,-0.24998663553527664,-2.6804716275917277,338.2258416746264,0.47
126,58,2021-02-26,2021-07-01,2021,AUDUSD,90,19,-370.5216266280929,-4.116906962534366,9.62973525310558,489.928794098893,0.222
126,58,2021-02-26,2021-07-01,2021,USDJPY,90,4,333.80591514952437,3.708954612772493,1.7487705666306046,372.24842172690944,0.782
126,58,2021-02-26,2021-07-01,2021,USDCHF,90,6,979.4779848027731,10.883088720030813,6.180346661530353,521.0068077615458,0.976
126,58,2021-02-26,2021-07-01,2021,USDCAD,90,7,532.4645928754964,5.916273254172181,-13.248726858476989,405.4258609243987,0.914
126,58,2021-02-26,2021-07-01,2021,EURJPY,90,7,160.2555839192466,1.78061759910274,12.407281994646018,262.1796478857083,0.684
126,58,2021-02-26,2021-07-01,2021,GBPJPY,90,9,-199.25605755457008,-2.2139561950507787,-2.5204382391734415,375.9120855147038,0.29
126,58,2021-02-26,2021-07-01,2021,XAUUSD,89,2,1492.8005207800404,16.773039559326296,0.7221079423635629,956.5697653103547,0.938
126,58,2021-02-26,2021-07-01,2021,XAGUSD,89,3,881.7812044158479,9.907653982200538,-16.391750049658427,1165.6874868384414,0.782
126,58,2021-02-26,2021-07-01,2021,WTI,89,4,293.5124409920378,3.297892595416155,-128.16329226965098,1526.3645629928146,0.616
126,58,2021-02-26,2021-07-01,2021,UKOIL,89,8,-997.5239036148387,-11.208133748481334,-113.73637487193177,1513.5653399978726,0.308
126,58,2021-02-26,2021-07-01,2021,US500,90,14,-889.3144223664328,-9.881271359627032,10.48430787299496,659.7511373217733,0.088
126,58,2021-02-26,2021-07-01,2021,USTECH,90,10,113.88653191781142,1.2654059101979047,-106.90899132237948,1088.6143727144004,0.594
126,58,2021-02-26,2021-07-01,2021,BTCUSD,126,17,1099.196812439805,8.723784225712738,-47.743408159417584,4711.459008343759,0.58
126,59,2021-04-30,2021-09-02,2021,EURUSD,90,4,132.76841920402532,1.4752046578225035,-8.017606019472929,302.1906083968273,0.646
126,59,2021-04-30,2021-09-02,2021,GBPUSD,90,9,-203.64720809912694,-2.262746756656966,-27.524597854988357,346.48894066126627,0.308
126,59,2021-04-30,2021-09-02,2021,AUDUSD,90,13,-219.75494675900865,-2.4417216306556515,-34.49704428156698,462.2031237003676,0.342
126,59,2021-04-30,2021-09-02,2021,USDJPY,90,9,-222.90850492390834,-2.4767611658212036,-18.766207325964174,227.937893931467,0.186
126,59,2021-04-30,2021-09-02,2021,USDCHF,90,9,306.5555123747887,3.4061723597198745,-22.412819361745132,351.1963850733785,0.804
126,59,2021-04-30,2021-09-02,2021,USDCAD,90,7,104.56858142623075,1.1618731269581195,-43.637956702058226,375.14932237167,0.64
126,59,2021-04-30,2021-09-02,2021,EURJPY,90,4,225.89426809886848,2.50993631220965,-22.90610879962607,274.02164893310595,0.802
126,59,2021-04-30,2021-09-02,2021,GBPJPY,90,8,-49.19639219790683,-0.5466265799767426,6.764423574057222,365.99337737349424,0.43
126,59,2021-04-30,2021-09-02,2021,XAUUSD,90,8,278.406730589512,3.0934081176612445,-27.71673185500847,914.2011629577817,0.628
126,59,2021-04-30,2021-09-02,2021,XAGUSD,90,3,1606.6912892117034,17.852125435685593,-29.044595724416766,1215.6954305008871,0.91
126,59,2021-04-30,2021-09-02,2021,WTI,90,4,1305.0784631533315,14.500871812814795,-99.07867650546862,1467.7931390670185,0.81
126,59,2021-04-30,2021-09-02,2021,UKOIL,90,8,-385.8102303050863,-4.286780336723181,-45.55000642786826,1496.5128533543054,0.412
126,59,2021-04-30,2021-09-02,2021,US500,90,10,-484.57592698568516,-5.384176966507613,-3.920680757036369,507.91899427956145,0.176
126,59,2021-04-30,2021-09-02,2021,USTECH,90,6,49.869122573142555,0.5541013619238062,24.237841222171912,810.9992896465153,0.528
126,59,2021-04-30,2021-09-02,2021,BTCUSD,126,15,2603.567593205747,20.663234866712276,-376.2939237459004,4623.621980811279,0.734
126,60,2021-07-02,2021-11-04,2021,EURUSD,90,7,-381.4230195753579,-4.23803355083731,-14.606225036029716,228.18580604099932,0.054
126,60,2021-07-02,2021-11-04,2021,GBPUSD,90,15,-978.9957411843811,-10.877730457604235,-38.729969600520846,382.97790257179577,0.006
126,60,2021-07-02,2021-11-04,2021,AUDUSD,90,11,-741.7655422506155,-8.241839358340172,-55.688697417377234,493.26192944877374,0.094
126,60,2021-07-02,2021-11-04,2021,USDJPY,90,12,-277.41747065147166,-3.0824163405719074,-32.89962870786141,340.50515959216904,0.244
126,60,2021-07-02,2021-11-04,2021,USDCHF,90,13,-74.30949739696996,-0.825661082188555,-42.44563307714434,312.8855346380722,0.462
126,60,2021-07-02,2021-11-04,2021,USDCAD,90,11,-566.1105126405788,-6.290116807117542,-31.16927243949571,374.67960933838077,0.068
126,60,2021-07-02,2021-11-04,2021,EURJPY,90,5,94.66953340450188,1.0518837044944653,-4.75921715622628,307.5238600535528,0.614
126,60,2021-07-02,2021-11-04,2021,GBPJPY,90,9,-451.73009230814137,-5.019223247868237,-10.16690835991655,469.24761887353185,0.18
126,60,2021-07-02,2021-11-04,2021,XAUUSD,90,11,-1514.769124983824,-16.83076805537582,-30.81283301250389,623.7013738331545,0.006
126,60,2021-07-02,2021-11-04,2021,XAGUSD,90,7,-1165.3695888528705,-12.948550987254116,-80.5920207634845,1332.3423782177967,0.22
126,60,2021-07-02,2021-11-04,2021,WTI,90,6,786.5738690767743,8.739709656408603,-37.56926228825597,1866.438080617614,0.66
126,60,2021-07-02,2021-11-04,2021,UKOIL,90,6,179.89839006475478,1.9988710007194976,48.846546813628706,1556.9009493440778,0.534
126,60,2021-07-02,2021-11-04,2021,US500,90,4,653.6203905004617,7.2624487833384626,-30.54520666811784,697.3301433690237,0.828
126,60,2021-07-02,2021-11-04,2021,USTECH,90,6,284.67940386634,3.163104487403778,66.60943355655992,984.9596590283969,0.58
126,60,2021-07-02,2021-11-04,2021,BTCUSD,126,11,987.1782099250349,7.834747697817738,-32.27030459172261,4398.05856613894,0.6
126,61,2021-09-03,2022-01-06,2021,EURUSD,90,11,-296.4115655091083,-3.2934618389900923,-25.39840502155888,300.1958054306746,0.21
126,61,2021-09-03,2022-01-06,2021,GBPUSD,90,11,-280.24679674374136,-3.1138532971526818,-19.612429803572624,367.9731273845796,0.232
126,61,2021-09-03,2022-01-06,2021,AUDUSD,90,11,-604.4163930378298,-6.715737700420331,2.2181184598534385,454.8793034278272,0.098
126,61,2021-09-03,2022-01-06,2021,USDJPY,90,16,-254.4299922956025,-2.826999914395583,-40.058873734827635,355.02781963787425,0.272
126,61,2021-09-03,2022-01-06,2021,USDCHF,90,7,-174.06400238729256,-1.9340444709699174,-13.525236232633025,274.69714133990254,0.276
126,61,2021-09-03,2022-01-06,2021,USDCAD,90,10,-62.115918428461136,-0.690176871427346,-41.42276627062763,372.2116561044216,0.5
126,61,2021-09-03,2022-01-06,2021,EURJPY,90,6,31.480924919814157,0.3497880546646017,13.47152307115191,368.0913088510166,0.488
126,61,2021-09-03,2022-01-06,2021,GBPJPY,90,7,-52.1178906142712,-0.5790876734919022,-12.609925165018392,574.2424396404083,0.48
126,61,2021-09-03,2022-01-06,2021,XAUUSD,89,10,-1144.432676141155,-12.858794113945562,17.07276872667115,667.6358464587261,0.038
126,61,2021-09-03,2022-01-06,2021,XAGUSD,89,7,-1096.986387820218,-12.325689750788966,-118.9675705921173,1367.5119255047732,0.222
126,61,2021-09-03,2022-01-06,2021,WTI,89,4,2212.6464796443847,24.861196400498706,-112.19684150724532,2280.2426615999493,0.848
126,61,2021-09-03,2022-01-06,2021,UKOIL,90,4,2109.255588364536,23.436173204050398,-213.79143894731223,1953.5464674606185,0.874
126,61,2021-09-03,2022-01-06,2021,US500,89,12,-1055.7579335902296,-11.862448692025053,-12.626326539565293,753.217316270913,0.07
126,61,2021-09-03,2022-01-06,2021,USTECH,89,9,-1311.553855318339,-14.736560172116167,-43.413108870750754,1037.1387218220336,0.114
126,61,2021-09-03,2022-01-06,2021,BTCUSD,126,13,768.4627822449277,6.098910970197839,-151.13082437070582,3670.3507432169763,0.614
126,62,2021-11-05,2022-03-10,2021,EURUSD,90,17,-44.30490181368337,-0.4922766868187041,-38.925544616254335,461.5264970101855,0.508
126,62,2021-11-05,2022-03-10,2021,GBPUSD,90,9,63.532258237609724,0.7059139804178858,-12.076597504210229,385.8006631341895,0.566
126,62,2021-11-05,2022-03-10,2021,AUDUSD,90,4,352.58196377671953,3.917577375296884,-20.746375992554622,403.0861644886472,0.826
126,62,2021-11-05,2022-03-10,2021,USDJPY,90,18,-649.7343750716508,-7.219270834129453,-43.04838714917855,324.4527153905357,0.034
126,62,2021-11-05,2022-03-10,2021,USDCHF,90,13,-526.9675158201745,-5.855194620224162,-30.131102488317165,340.06578295440244,0.074
126,62,2021-11-05,2022-03-10,2021,USDCAD,90,13,-301.03151873356046,-3.3447946525951164,-5.246291205551094,352.3501159524968,0.22
126,62,2021-11-05,2022-03-10,2021,EURJPY,90,7,-407.11768928005847,-4.523529880889539,-5.470087311022758,447.6770861669688,0.192
126,62,2021-11-05,2022-03-10,2021,GBPJPY,90,7,-270.880335574459,-3.009781506382878,-29.727226792559843,453.82224546984276,0.298
126,62,2021-11-05,2022-03-10,2021,XAUUSD,89,8,630.2143580912501,7.081060203272473,-8.600435935193495,886.2592487672897,0.736
126,62,2021-11-05,2022-03-10,2021,XAGUSD,89,8,1401.4506374177558,15.746636375480403,-82.02130403955594,1501.2351908403803,0.84
126,62,2021-11-05,2022-03-10,2021,WTI,89,2,4472.023189346077,50.247451565686255,-5.229962175970227,3017.2300795089627,0.922
126,62,2021-11-05,2022-03-10,2021,UKOIL,90,4,4143.4751822976605,46.03861313664067,-258.56700877753036,2924.738477701701,0.942
126,62,2021-11-05,2022-03-10,2021,US500,89,13,-1015.9660823223054,-11.415349239576464,-70.29886367526265,973.7303112144712,0.158
126,62,2021-11-05,2022-03-10,2021,USTECH,89,5,-6.750882343241585,-0.07585261059822006,101.96481403694273,1239.7874276803138,0.454
126,62,2021-11-05,2022-03-10,2021,BTCUSD,126,14,-3700.7041475395627,-29.370667837615578,-16.0778537547469,3690.812051204036,0.158
126,63,2022-01-07,2022-05-12,2022,EURUSD,90,12,48.83458987796291,0.5426065541995879,-36.548889900386804,505.7817988137739,0.574
126,63,2022-01-07,2022-05-12,2022,GBPUSD,90,9,482.69242785009743,5.363249198334416,-20.51234458657112,596.1167891367907,0.798
126,63,2022-01-07,2022-05-12,2022,AUDUSD,90,3,1123.3810237755458,12.482011375283843,50.77715502209318,784.2327169745462,0.912
126,63,2022-01-07,2022-05-12,2022,USDJPY,90,8,674.8604593075104,7.4984495478612265,35.92018519377998,660.9034167915386,0.82
126,63,2022-01-07,2022-05-12,2022,USDCHF,90,13,196.44968375235874,2.182774263915097,-20.618285127013518,464.91680281621365,0.682
126,63,2022-01-07,2022-05-12,2022,USDCAD,90,14,-424.33268428527293,-4.7148076031696995,-9.038113913445173,397.64274385784535,0.14
126,63,2022-01-07,2022-05-12,2022,EURJPY,90,9,-515.1149353168362,-5.72349928129818,-44.75177133946758,679.266763287116,0.258
126,63,2022-01-07,2022-05-12,2022,GBPJPY,90,9,-387.0982893498489,-4.3010921038872105,-15.663442423679896,711.851268484322,0.304
126,63,2022-01-07,2022-05-12,2022,XAUUSD,89,7,766.0133313911015,8.60689136394496,-59.83713813478585,958.4376436183105,0.796
126,63,2022-01-07,2022-05-12,2022,XAGUSD,89,11,1866.1154872321442,20.967589744181396,-86.06044600272318,1718.7539523772573,0.864
126,63,2022-01-07,2022-05-12,2022,WTI,89,6,3162.84759484412,35.53761342521483,-20.987444592812572,2922.934196982708,0.854
126,63,2022-01-07,2022-05-12,2022,UKOIL,89,6,3642.24032288847,40.92404857178056,-273.55451717061936,2973.7299952908797,0.904
126,63,2022-01-07,2022-05-12,2022,US500,89,7,1067.598190149412,11.995485282577663,-26.064477864711357,1254.4134721867626,0.816
126,63,2022-01-07,2022-05-12,2022,USTECH,89,2,1865.9718759748357,20.965976134548715,-105.16334689530694,2099.343736387756,0.778
126,63,2022-01-07,2022-05-12,2022,BTCUSD,126,12,-2758.861727498506,-21.895727996019886,-143.92014744831033,4266.947504560425,0.276
126,64,2022-03-11,2022-07-14,2022,EURUSD,90,4,-156.22108298363477,-1.7357898109292753,-13.793223689791626,610.9187032756921,0.408
126,64,2022-03-11,2022-07-14,2022,GBPUSD,90,6,88.6826989910042,0.985363322122269,57.654038250282305,651.4636529877444,0.512
126,64,2022-03-11,2022-07-14,2022,AUDUSD,90,7,86.61158209878069,0.9623509122086743,-66.6546834929438,750.2089101507289,0.582
126,64,2022-03-11,2022-07-14,2022,USDJPY,90,6,1160.7458616290332,12.897176240322592,-49.35988777954795,905.6844814873874,0.884
126,64,2022-03-11,2022-07-14,2022,USDCHF,90,7,-1051.0755611129266,-11.678617345699184,-1.0692671838005698,648.7527523490456,0.062
126,64,2022-03-11,2022-07-14,2022,USDCAD,90,8,-88.49912153887374,-0.9833235726541526,-29.233073864667844,449.3576114816932,0.464
126,64,2022-03-11,2022-07-14,2022,EURJPY,90,8,-141.49764481966167,-1.5721960535517963,91.57278658022143,706.7809076486021,0.358
126,64,2022-03-11,2022-07-14,2022,GBPJPY,90,9,-222.54208319502195,-2.4726898132780217,2.8804003733103216,761.6810011943173,0.398
126,64,2022-03-11,2022-07-14,2022,XAUUSD,89,11,127.77723913608345,1.4356993161357692,-103.42732349348812,782.5594555768331,0.642
126,64,2022-03-11,2022-07-14,2022,XAGUSD,89,9,1176.3390450548889,13.217292641066168,27.589976554466006,1600.4526492700395,0.758
126,64,2022-03-11,2022-07-14,2022,WTI,89,7,1206.8623507383447,13.560251131891514,-84.56478990631993,2445.397039163812,0.714
126,64,2022-03-11,2022-07-14,2022,UKOIL,89,11,-591.7756705512681,-6.649164837654698,-5.032001402641887,2466.9707477370025,0.4
126,64,2022-03-11,2022-07-14,2022,US500,89,8,-688.7183538631534,-7.7384084703725105,-69.35123527903707,1462.4809380609017,0.336
126,64,2022-03-11,2022-07-14,2022,USTECH,89,8,-2090.9968899931987,-23.494347078575267,-73.67413199154424,1812.7207531228748,0.13
126,64,2022-03-11,2022-07-14,2022,BTCUSD,126,13,2822.2411125571944,22.398738988549162,-153.12525706871884,4510.652147355025,0.734
126,65,2022-05-13,2022-09-15,2022,EURUSD,90,4,-386.13170729067576,-4.290352303229731,14.733615966781603,537.1538614148634,0.256
126,65,2022-05-13,2022-09-15,2022,GBPUSD,90,6,-635.0008681756713,-7.055565201951903,11.854256352957638,596.2045425974995,0.15
126,65,2022-05-13,2022-09-15,2022,AUDUSD,90,10,-690.8284412144737,-7.675871569049709,7.041713001165994,670.4329621078008,0.152
126,65,2022-05-13,2022-09-15,2022,USDJPY,90,10,271.21240505738984,3.0134711673043317,-20.2079058651938,722.327349617373,0.626
126,65,2022-05-13,2022-09-15,2022,USDCHF,90,8,-1999.8724985332565,-22.220805539258404,-11.374233986786813,681.6447004299746,0.0
126,65,2022-05-13,2022-09-15,2022,USDCAD,90,10,-241.8187172773507,-2.686874636415008,-18.948841071850214,410.91998215070504,0.302
126,65,2022-05-13,2022-09-15,2022,EURJPY,90,7,211.64310271153906,2.3515900301282118,29.801844159095136,735.3139795234847,0.57
126,65,2022-05-13,2022-09-15,2022,GBPJPY,90,15,-849.1438763768449,-9.434931959742721,-19.02687531837958,666.2582139453123,0.102
126,65,2022-05-13,2022-09-15,2022,XAUUSD,90,8,340.2292824456058,3.780325360506731,25.134697508600905,772.4349286458388,0.65
126,65,2022-05-13,2022-09-15,2022,XAGUSD,90,6,-1185.0681843828295,-13.167424270920328,-93.15552142462751,1820.5261313155759,0.288
126,65,2022-05-13,2022-09-15,2022,WTI,90,4,838.0240729078706,9.31137858786523,19.066525560908644,2037.4585830172357,0.65
126,65,2022-05-13,2022-09-15,2022,UKOIL,90,8,-2248.8377082446004,-24.98708564716223,58.97849531166177,2120.84397925842,0.144
126,65,2022-05-13,2022-09-15,2022,US500,90,8,-476.138887617337,-5.290432084637078,-72.87820901081903,1469.54488244311,0.414
126,65,2022-05-13,2022-09-15,2022,USTECH,90,8,-1268.227210147838,-14.091413446087088,-43.883374268630796,1689.1721575095457,0.23
126,65,2022-05-13,2022-09-15,2022,BTCUSD,126,14,934.31115814708,7.415167921802222,-18.71895234135262,3949.42691226717,0.596
126,66,2022-07-15,2022-11-17,2022,EURUSD,90,9,-221.55677059940106,-2.4617418955489008,-10.077644611467802,674.4149691398358,0.374
126,66,2022-07-15,2022-11-17,2022,GBPUSD,90,3,556.561298057604,6.184014422862266,13.741869318922094,820.1623812600019,0.762
126,66,2022-07-15,2022-11-17,2022,AUDUSD,90,7,598.456893482961,6.649521038699567,31.995485848313333,795.3805390431428,0.746
126,66,2022-07-15,2022-11-17,2022,USDJPY,90,5,612.4471015477124,6.804967794974582,-24.410275334479994,858.4541520776955,0.774
126,66,2022-07-15,2022-11-17,2022,USDCHF,90,10,-108.68941648321834,-1.2076601831468705,-13.434131070346846,680.4202853962356,0.458
126,66,2022-07-15,2022-11-17,2022,USDCAD,90,9,408.1404945124137,4.534894383471263,11.005118513382564,520.6077308148297,0.766
126,66,2022-07-15,2022-11-17,2022,EURJPY,90,8,12.655657548899484,0.14061841720999427,-14.869465873341607,672.7427774337052,0.52
126,66,2022-07-15,2022-11-17,2022,GBPJPY,90,15,-871.9760882597,-9.688623202885555,1.925486309489508,894.2556031210149,0.178
126,66,2022-07-15,2022-11-17,2022,XAUUSD,90,9,-169.85198663112595,-1.8872442959013995,-46.19657232355959,954.6586181806675,0.454
126,66,2022-07-15,2022-11-17,2022,XAGUSD,90,9,-2783.6536311356444,-30.92948479039605,-228.38817650103343,2182.7050347682057,0.13
126,66,2022-07-15,2022-11-17,2022,WTI,90,14,-2931.284730720767,-32.569830341341856,-28.626096048048467,2156.990447733509,0.09
126,66,2022-07-15,2022-11-17,2022,UKOIL,90,13,-4195.076814262817,-46.61196460292019,-15.52236512198767,2183.462642740555,0.022
126,66,2022-07-15,2022-11-17,2022,US500,90,5,1802.8176197235666,20.031306885817408,47.023987014072844,1395.0536449198885,0.892
126,66,2022-07-15,2022-11-17,2022,USTECH,90,9,797.5954501088834,8.862171667876481,52.5586859657727,1671.0446172761817,0.658
126,66,2022-07-15,2022-11-17,2022,BTCUSD,126,22,-1801.7567119141972,-14.299656443763471,-316.470900262603,3376.733422959692,0.32
126,67,2022-09-16,2023-01-19,2022,EURUSD,90,9,120.50102164373456,1.3389002404859396,-41.720959171578116,687.3135084139387,0.604
126,67,2022-09-16,2023-01-19,2022,GBPUSD,90,5,665.3629849243381,7.392922054714868,13.24763948370241,878.9985176384404,0.772
126,67,2022-09-16,2023-01-19,2022,AUDUSD,90,9,292.799935293181,3.253332614368678,-53.13680491443402,817.373045342845,0.64
126,67,2022-09-16,2023-01-19,2022,USDJPY,90,1,1350.3444463323071,15.00382718147008,-4.808806802782776,1095.034127313274,0.848
126,67,2022-09-16,2023-01-19,2022,USDCHF,90,11,439.25130786430066,4.880570087381118,28.339043359671873,669.97856974283,0.692
126,67,2022-09-16,2023-01-19,2022,USDCAD,90,9,-140.6236046510251,-1.562484496122501,-8.13423788275567,464.2316443386148,0.414
126,67,2022-09-16,2023-01-19,2022,EURJPY,90,9,-91.42909773792164,-1.015878863754685,-37.3448052469153,633.3085407957047,0.466
126,67,2022-09-16,2023-01-19,2022,GBPJPY,90,9,175.25204313824108,1.947244923758234,10.83683412656127,902.5911474333084,0.572
126,67,2022-09-16,2023-01-19,2022,XAUUSD,90,7,796.1885493582739,8.846539437314155,-5.528466791212646,996.5722068806248,0.792
126,67,2022-09-16,2023-01-19,2022,XAGUSD,90,10,15.0167282836303,0.1668525364847811,-239.2254698218836,1938.039906892677,0.558
126,67,2022-09-16,2023-01-19,2022,WTI,90,16,-3091.0994312051835,-34.34554923561315,-140.827544261073,2337.563653463167,0.108
126,67,2022-09-16,2023-01-19,2022,UKOIL,88,14,-853.7059047264602,-9.701203462800684,-134.2756093930627,2103.3504564000855,0.382
126,67,2022-09-16,2023-01-19,2022,US500,90,7,8.173640222168274,0.09081822469075859,-55.45949924296195,1068.186692592297,0.552
126,67,2022-09-16,2023-01-19,2022,USTECH,90,11,-1170.268674274073,-13.002985269711921,-7.954853525445193,1558.6422328837923,0.224
126,67,2022-09-16,2023-01-19,2022,BTCUSD,126,21,-24.28473458176728,-0.19273598874418477,-513.1504712228018,2802.416871445836,0.576
126,68,2022-11-18,2023-03-23,2022,EURUSD,90,4,234.78427875987867,2.6087142084430965,-20.125263698335893,454.8863419969014,0.702
126,68,2022-11-18,2023-03-23,2022,GBPUSD,90,8,-97.032828038628,-1.0781425337625332,-15.483246149161236,548.9615657836512,0.45
126,68,2022-11-18,2023-03-23,2022,AUDUSD,90,11,-89.3002358699441,-0.992224842999379,-54.178581720225075,605.7038828042604,0.5
126,68,2022-11-18,2023-03-23,2022,USDJPY,90,4,648.6440793909766,7.207156437677518,1.6847938098355435,849.2684784547818,0.742
126,68,2022-11-18,2023-03-23,2022,USDCHF,90,12,-503.0221568271075,-5.58913507585675,-29.36833041156194,450.9641099246206,0.148
126,68,2022-11-18,2023-03-23,2022,USDCAD,90,11,-608.5330940767795,-6.761478823075328,-15.501951573971633,350.2433605861372,0.046
126,68,2022-11-18,2023-03-23,2022,EURJPY,90,10,-89.69733957099227,-0.9966371063443585,-17.299474046537203,577.1947616913465,0.448
126,68,2022-11-18,2023-03-23,2022,GBPJPY,90,12,172.8867891243719,1.920964323604132,-28.911299351537966,649.6484818950984,0.616
126,68,2022-11-18,2023-03-23,2022,XAUUSD,90,2,1226.4102253758742,13.626780281954158,-47.33960076124704,1135.06659719837,0.856
126,68,2022-11-18,2023-03-23,2022,XAGUSD,90,10,372.1478152358341,4.134975724842601,-58.12390866067535,1619.3664829361403,0.614
126,68,2022-11-18,2023-03-23,2022,WTI,90,14,-1329.8800982135126,-14.776445535705696,-142.91567543859335,2103.6163614079164,0.29
126,68,2022-11-18,2023-03-23,2022,UKOIL,88,11,2524.3792219745274,28.68612752243781,-14.557889135392438,2043.17812271156,0.888
126,68,2022-11-18,2023-03-23,2022,US500,90,7,-646.7690033165015,-7.18632225907224,40.768394671588,807.5870712123972,0.2
126,68,2022-11-18,2023-03-23,2022,USTECH,90,8,-637.2093933513064,-7.080104370570071,32.18626954060457,1271.8288684449192,0.326
126,68,2022-11-18,2023-03-23,2022,BTCUSD,126,11,740.8936321755644,5.880108191869559,-24.956577651133877,3615.639856750464,0.572
126,69,2023-01-20,2023-05-25,2023,EURUSD,90,3,390.36924656724744,4.337436072969416,1.329702017919195,421.64079540089625,0.82
126,69,2023-01-20,2023-05-25,2023,GBPUSD,90,13,-111.37959336520171,-1.2375510373911303,-18.99681861017979,449.44386069847025,0.452
126,69,2023-01-20,2023-05-25,2023,AUDUSD,90,15,-343.4146426959433,-3.815718252177148,-84.30442039312227,662.2629878130249,0.346
126,69,2023-01-20,2023-05-25,2023,USDJPY,90,9,-61.04949478171126,-0.6783277197967917,-57.91487238655999,610.4914485924673,0.5
126,69,2023-01-20,2023-05-25,2023,USDCHF,90,11,-280.10133539817707,-3.112237059979745,1.4531157389162446,426.2769049621458,0.256
126,69,2023-01-20,2023-05-25,2023,USDCAD,90,12,-619.1809777942035,-6.879788642157816,-32.98954907414719,362.9421555158963,0.054
126,69,2023-01-20,2023-05-25,2023,EURJPY,90,9,-290.59175151526887,-3.228797239058543,-27.349704957307218,518.6817201176232,0.306
126,69,2023-01-20,2023-05-25,2023,GBPJPY,90,9,-162.65864383867,-1.807318264874111,-41.64688182750072,507.8595760704187,0.404
126,69,2023-01-20,2023-05-25,2023,XAUUSD,89,7,454.70637705031334,5.109060416295655,-6.314608410342466,953.193903989525,0.66
126,69,2023-01-20,2023-05-25,2023,XAGUSD,89,8,1216.9703122856668,13.673823733546817,-110.31567966635178,1754.4914245147236,0.77
126,69,2023-01-20,2023-05-25,2023,WTI,89,11,-2492.691910463515,-28.007774274870954,54.35443042997593,2382.99772334274,0.152
126,69,2023-01-20,2023-05-25,2023,UKOIL,89,12,-1992.1794484021177,-22.38403874609121,-179.66223546064225,2072.171772138823,0.198
126,69,2023-01-20,2023-05-25,2023,US500,90,10,38.4796129488456,0.42755125498717333,5.65968392347141,742.628062075804,0.542
126,69,2023-01-20,2023-05-25,2023,USTECH,90,8,765.4508724809442,8.505009694232713,-12.847714610651815,1239.2914518475582,0.714
126,69,2023-01-20,2023-05-25,2023,BTCUSD,126,11,-541.5687066535654,-4.29816433852036,-100.67819997198681,3297.517818436076,0.444
126,70,2023-03-24,2023-07-27,2023,EURUSD,90,2,389.18007416296416,4.324223046255157,10.13639179949791,350.7392230707311,0.854
126,70,2023-03-24,2023-07-27,2023,GBPUSD,90,12,-119.36459630809831,-1.3262732923122036,17.087556009159822,442.36629582152636,0.38
126,70,2023-03-24,2023-07-27,2023,AUDUSD,90,17,-1568.4087322961389,-17.42676369217932,-49.8006224242846,615.0592484919594,0.004
126,70,2023-03-24,2023-07-27,2023,USDJPY,90,6,262.55468524540834,2.917274280504537,22.40768083649082,571.7922048691577,0.666
126,70,2023-03-24,2023-07-27,2023,USDCHF,90,4,448.80135993506815,4.9866817770563125,-9.49370582791386,470.2200754414349,0.824
126,70,2023-03-24,2023-07-27,2023,USDCAD,90,17,-524.2694482197747,-5.82521609133083,-29.115320603283074,363.1462860112502,0.082
126,70,2023-03-24,2023-07-27,2023,EURJPY,90,8,542.2283026205889,6.024758918006544,-1.9813155591730993,597.5182790852485,0.828
126,70,2023-03-24,2023-07-27,2023,GBPJPY,90,4,862.5910265619714,9.58434473957746,-64.26786040220237,630.6479769261302,0.924
126,70,2023-03-24,2023-07-27,2023,XAUUSD,89,8,14.26564893817772,0.16028819031660357,-75.14290219633,564.9009270311608,0.542
126,70,2023-03-24,2023-07-27,2023,XAGUSD,89,6,223.89834459787272,2.5157117370547497,-85.90826986516306,1432.430736053907,0.578
126,70,2023-03-24,2023-07-27,2023,WTI,89,9,-336.1546067728033,-3.7770180536270033,-209.41593804520824,1972.7524856621465,0.444
126,70,2023-03-24,2023-07-27,2023,UKOIL,89,17,-1453.436653811713,-16.330748919232732,-116.14735413670871,1874.0932565077005,0.242
126,70,2023-03-24,2023-07-27,2023,US500,90,7,899.6652401288295,9.996280445875884,-7.344659117126332,628.357590938684,0.936
126,70,2023-03-24,2023-07-27,2023,USTECH,90,4,1773.4470003888428,19.70496667098714,-28.872182201577136,1061.5296432716245,0.952
126,70,2023-03-24,2023-07-27,2023,BTCUSD,126,9,535.102350563387,4.246844052090372,-197.49548909170855,1928.0241976033324,0.652
126,71,2023-05-26,2023-09-28,2023,EURUSD,90,2,440.7849298985516,4.897610332206129,1.9652401860544482,406.0262248157823,0.868
126,71,2023-05-26,2023-09-28,2023,GBPUSD,90,4,188.28428960725913,2.092047662302879,8.68727246578124,466.3827268270787,0.64
126,71,2023-05-26,2023-09-28,2023,AUDUSD,90,14,-1075.8550593540906,-11.95394510393434,-89.32350233823537,616.5749738958848,0.054
126,71,2023-05-26,2023-09-28,2023,USDJPY,90,2,301.3462604010135,3.3482917822334834,32.349135488843366,523.2859997987892,0.668
126,71,2023-05-26,2023-09-28,2023,USDCHF,90,2,437.05830684261565,4.856203409362396,-48.16597994176221,517.2906113434551,0.814
126,71,2023-05-26,2023-09-28,2023,USDCAD,90,16,63.442692823778955,0.7049188091530995,-26.083645826189134,288.60798341451164,0.644
126,71,2023-05-26,2023-09-28,2023,EURJPY,90,11,85.47030929137932,0.9496701032375481,0.07313623552744503,487.1614523468824,0.566
126,71,2023-05-26,2023-09-28,2023,GBPJPY,90,5,559.022814783031,6.211364608700344,-0.3732586179225509,521.4890219464991,0.838
126,71,2023-05-26,2023-09-28,2023,XAUUSD,90,8,-252.4937650165365,-2.8054862779615166,-59.067592896622315,494.38795189802556,0.344
126,71,2023-05-26,2023-09-28,2023,XAGUSD,90,10,-3726.140242923699,-41.401558254707766,-312.0051733454767,1473.8639207720612,0.008
126,71,2023-05-26,2023-09-28,2023,WTI,90,9,2143.5294277846174,23.816993642051305,-129.37433422017273,1526.5794788018559,0.93
126,71,2023-05-26,2023-09-28,2023,UKOIL,90,16,1359.4192817282749,15.10465868586972,-41.90824740156685,1347.0113530355188,0.836
126,71,2023-05-26,2023-09-28,2023,US500,90,5,865.0826911481547,9.612029901646164,-88.5200027732804,798.829003809631,0.86
126,71,2023-05-26,2023-09-28,2023,USTECH,90,3,440.74478096400435,4.897164232933382,-101.87384013177305,1081.6317903859476,0.672
126,71,2023-05-26,2023-09-28,2023,BTCUSD,126,11,155.91906073127177,1.2374528629466013,-91.88090266298423,2039.4043979432045,0.546
126,72,2023-07-28,2023-11-30,2023,EURUSD,90,4,426.1147761839772,4.734608624266413,-26.32705772908566,377.62703425558846,0.872
126,72,2023-07-28,2023-11-30,2023,GBPUSD,90,6,621.122741875655,6.901363798618389,-29.526098360429074,432.86411790339525,0.932
126,72,2023-07-28,2023-11-30,2023,AUDUSD,90,14,642.3841703009938,7.137601892233264,-39.191841219960175,547.0019779666706,0.9
126,72,2023-07-28,2023-11-30,2023,USDJPY,90,4,17.120295250140572,0.1902255027793397,29.182072059816957,432.990465150071,0.502
126,72,2023-07-28,2023-11-30,2023,USDCHF,90,4,136.16584240745948,1.5129538045273276,-23.980035412031445,417.4171510539167,0.62
126,72,2023-07-28,2023-11-30,2023,USDCAD,90,14,-173.38836322600056,-1.926537369177784,6.290741350283292,330.7493067041561,0.304
126,72,2023-07-28,2023-11-30,2023,EURJPY,90,13,-533.9032523843812,-5.9322583598264575,-36.06026757659359,479.71791511653447,0.166
126,72,2023-07-28,2023-11-30,2023,GBPJPY,90,5,182.0997211728971,2.023330235254412,7.59890711888322,429.50254320367793,0.658
126,72,2023-07-28,2023-11-30,2023,XAUUSD,90,12,-402.2841995952062,-4.469824439946735,24.90046650192052,832.3666225725771,0.298
126,72,2023-07-28,2023-11-30,2023,XAGUSD,90,8,-1799.8871599132908,-19.998746221258788,-153.827090626144,1594.6395536934501,0.156
126,72,2023-07-28,2023-11-30,2023,WTI,90,3,847.8308473947527,9.420342748830585,-109.80746422413864,1640.7095911588337,0.71
126,72,2023-07-28,2023-11-30,2023,UKOIL,90,9,-301.74563308497557,-3.3527292564997286,49.32586732154809,1561.4160833054525,0.396
126,72,2023-07-28,2023-11-30,2023,US500,90,8,296.43992132469134,3.2937769036076814,-1.4744240129329365,883.9642314157231,0.638
126,72,2023-07-28,2023-11-30,2023,USTECH,90,10,-1447.3404813058933,-16.081560903398813,1.2252796041890033,1110.804751060413,0.104
126,72,2023-07-28,2023-11-30,2023,BTCUSD,126,7,4075.519174843844,32.345390276538446,6.036430745457212,2596.7234704985367,0.96
126,73,2023-09-29,2024-02-01,2023,EURUSD,90,10,-272.52662606800504,-3.028073622977834,-0.9847313825970773,383.0133557677355,0.254
126,73,2023-09-29,2024-02-01,2023,GBPUSD,90,9,295.44347598947024,3.2827052887718917,22.071664576295074,367.7144476614276,0.782
126,73,2023-09-29,2024-02-01,2023,AUDUSD,90,8,1055.0490577931544,11.722767308812827,-29.461143299248956,529.4324224833925,0.982
126,73,2023-09-29,2024-02-01,2023,USDJPY,90,6,-15.906537194928525,-0.1767393021658725,-11.901168631954613,530.184424085455,0.486
126,73,2023-09-29,2024-02-01,2023,USDCHF,90,4,-90.57995340865835,-1.0064439267628706,25.769037769529564,482.1650279412509,0.406
126,73,2023-09-29,2024-02-01,2023,USDCAD,90,9,-116.54633151262459,-1.2949592390291622,-5.970663326241853,364.0249457135476,0.4
126,73,2023-09-29,2024-02-01,2023,EURJPY,90,9,-132.5158371576723,-1.4723981906408035,-8.555974927246572,488.97364572575714,0.42
126,73,2023-09-29,2024-02-01,2023,GBPJPY,90,5,414.13481965615887,4.601497996179543,-16.491267745764024,482.50490304096076,0.798
126,73,2023-09-29,2024-02-01,2023,XAUUSD,90,12,-730.5589576471032,-8.11732175163448,-101.20696424059243,784.2462342860464,0.226
126,73,2023-09-29,2024-02-01,2023,XAGUSD,90,8,-1165.3778873601898,-12.948643192890998,-219.8147462262173,1427.0708546873473,0.25
126,73,2023-09-29,2024-02-01,2023,WTI,90,10,-726.0232430234704,-8.066924922483004,-39.36720227131361,1831.8362914187244,0.354
126,73,2023-09-29,2024-02-01,2023,UKOIL,88,12,-1642.3389378295738,-18.662942475336067,-0.00941342093093408,1761.1878531881778,0.184
126,73,2023-09-29,2024-02-01,2023,US500,90,3,1136.0135909621044,12.622373232912272,-31.308184487734323,858.5873931235484,0.902
126,73,2023-09-29,2024-02-01,2023,USTECH,90,7,152.41609750715506,1.693512194523945,24.869653494784217,1081.6325304258664,0.542
126,73,2023-09-29,2024-02-01,2023,BTCUSD,126,9,3516.6266584703803,27.909735384685558,-90.48805177536953,2809.9156373267338,0.884
126,74,2023-12-01,2024-04-04,2023,EURUSD,90,13,-382.25082826272643,-4.247231425141405,-36.18677373422068,313.07867850793735,0.138
126,74,2023-12-01,2024-04-04,2023,GBPUSD,90,7,-73.78147257085638,-0.819794139676182,-15.427022627075937,241.94014543518497,0.426
126,74,2023-12-01,2024-04-04,2023,AUDUSD,90,10,2.6561654540875352,0.029512949489861502,-4.792328479373911,465.59155900575047,0.488
126,74,2023-12-01,2024-04-04,2023,USDJPY,90,5,72.33592165698904,0.8037324628554339,-35.09391481721159,574.3959607506449,0.546
126,74,2023-12-01,2024-04-04,2023,USDCHF,90,3,445.2186592785665,4.946873991984073,2.7856751481207978,474.9412157454515,0.808
126,74,2023-12-01,2024-04-04,2023,USDCAD,90,13,21.51461621424879,0.239051291269431,-2.4995424166506384,276.4924295356878,0.542
126,74,2023-12-01,2024-04-04,2023,EURJPY,90,10,-111.16426087050158,-1.2351584541166842,-28.719388698787537,446.9987421970005,0.422
126,74,2023-12-01,2024-04-04,2023,GBPJPY,90,6,87.60454094054461,0.9733837882282734,-42.346667513434,464.29678378326383,0.606
126,74,2023-12-01,2024-04-04,2023,XAUUSD,89,12,259.63404264791143,2.917236434246196,-10.901848983457604,850.307940753472,0.602
126,74,2023-12-01,2024-04-04,2023,XAGUSD,89,12,-798.438826695151,-8.97122277185563,-222.2868048008453,1543.1249722987916,0.358
126,74,2023-12-01,2024-04-04,2023,WTI,89,13,339.6021890457469,3.81575493309828,-37.078948900598434,1447.2044627206978,0.6
126,74,2023-12-01,2024-04-04,2023,UKOIL,87,17,-208.9162601439357,-2.4013363234935134,-57.09463929644249,1427.8047689196926,0.48
126,74,2023-12-01,2024-04-04,2023,US500,89,0,1229.0962294701992,13.810069994047183,39.331079343046376,1229.697083565799,0.484
126,74,2023-12-01,2024-04-04,2023,USTECH,89,2,1214.8506353726616,13.650007139018669,11.686063681613621,833.70980647693,0.924
126,74,2023-12-01,2024-04-04,2023,BTCUSD,126,17,2771.1235832387683,21.993044311418796,-225.61828257573237,3441.498052374004,0.796
126,75,2024-02-02,2024-06-06,2024,EURUSD,90,7,104.00790345485211,1.155643371720579,-14.719498541831166,295.0477873003693,0.638
126,75,2024-02-02,2024-06-06,2024,GBPUSD,90,6,90.82646649379467,1.009182961042163,-16.01787130256205,316.55124475775233,0.61
126,75,2024-02-02,2024-06-06,2024,AUDUSD,90,17,-766.223556845487,-8.513595076060966,-76.76799271641555,461.11471787477643,0.066
126,75,2024-02-02,2024-06-06,2024,USDJPY,90,8,13.24477191260513,0.1471641323622792,-21.246950899281657,466.9877197132864,0.538
126,75,2024-02-02,2024-06-06,2024,USDCHF,90,5,546.4851708732392,6.072057454147102,-16.079875056737716,512.0253878802795,0.852
126,75,2024-02-02,2024-06-06,2024,USDCAD,90,17,-156.8593192128762,-1.7428813245875132,-27.82735656264507,261.6069560671469,0.302
126,75,2024-02-02,2024-06-06,2024,EURJPY,90,10,186.72153098142752,2.074683677571417,3.0843408809922748,402.11968424663445,0.684
126,75,2024-02-02,2024-06-06,2024,GBPJPY,90,8,216.6650726483721,2.4073896960930234,-3.2958751785264147,406.04623045294875,0.716
126,75,2024-02-02,2024-06-06,2024,XAUUSD,89,15,-375.8888620021585,-4.223470359574814,-2.7427132528539544,977.835322472172,0.37
126,75,2024-02-02,2024-06-06,2024,XAGUSD,89,11,800.9449627444404,8.999381603870118,-181.90672188863368,2013.2903722170968,0.688
126,75,2024-02-02,2024-06-06,2024,WTI,89,9,1207.202012070337,13.564067551352103,-25.590129956513643,1259.367019985805,0.818
126,75,2024-02-02,2024-06-06,2024,UKOIL,89,13,632.1674327862762,7.103004862767149,-190.53838064713258,1192.833611978329,0.748
126,75,2024-02-02,2024-06-06,2024,US500,89,4,407.9693352252134,4.583925114890039,20.098317056167627,668.5948860937048,0.704
126,75,2024-02-02,2024-06-06,2024,USTECH,89,10,-165.52245048526424,-1.8598028144411713,-11.237950640285629,867.3809649159549,0.418
126,75,2024-02-02,2024-06-06,2024,BTCUSD,126,17,1079.1393367019803,8.564597910333177,-97.8295515205983,3281.9634363515233,0.618
126,76,2024-04-05,2024-08-08,2024,EURUSD,90,5,-136.4525087292133,-1.5161389858801477,2.1439440578616686,282.54877716349296,0.296
126,76,2024-04-05,2024-08-08,2024,GBPUSD,90,8,-100.07983990618106,-1.1119982211797896,-1.6625877410247485,328.29436552666334,0.384
126,76,2024-04-05,2024-08-08,2024,AUDUSD,90,15,-740.3948678008855,-8.226609642232061,-64.31762948565873,498.2145368230354,0.092
126,76,2024-04-05,2024-08-08,2024,USDJPY,90,7,635.2986289780225,7.058873655311361,-71.0217767209232,734.5185541627727,0.818
126,76,2024-04-05,2024-08-08,2024,USDCHF,90,9,-109.30101502487358,-1.2144557224985952,-35.065516144973934,447.87935466089937,0.43
126,76,2024-04-05,2024-08-08,2024,USDCAD,90,12,-292.8989667418489,-3.2544329637983207,-22.948415176958758,243.2942338025203,0.122
126,76,2024-04-05,2024-08-08,2024,EURJPY,90,7,755.9010586037948,8.398900651153276,16.300366873575825,677.5149113937076,0.828
126,76,2024-04-05,2024-08-08,2024,GBPJPY,90,5,979.4649162910955,10.882943514345506,12.273144736156642,864.544853158543,0.836
126,76,2024-04-05,2024-08-08,2024,XAUUSD,90,14,-1793.3935398512015,-19.926594887235574,36.66691700369695,882.145727330466,0.014
126,76,2024-04-05,2024-08-08,2024,XAGUSD,90,13,-1872.4523913588764,-20.80502657065418,-254.44496904481528,1905.9086499973364,0.19
126,76,2024-04-05,2024-08-08,2024,WTI,90,9,-119.24195616295899,-1.3249106240328776,12.502300303692955,1289.436359787567,0.488
126,76,2024-04-05,2024-08-08,2024,UKOIL,90,5,-111.4044772912379,-1.2378275254581987,-71.03753865839684,1178.8454161259965,0.49
126,76,2024-04-05,2024-08-08,2024,US500,90,7,-123.74733616219322,-1.374970401802147,38.59517134450636,798.6665395903656,0.42
126,76,2024-04-05,2024-08-08,2024,USTECH,90,11,529.3290961242491,5.881434401380545,7.052013539155791,1180.1560531882624,0.658
126,76,2024-04-05,2024-08-08,2024,BTCUSD,126,14,-1261.4494332175088,-10.011503438234197,-80.21938636860767,2830.257472870792,0.33
126,77,2024-06-07,2024-10-10,2024,EURUSD,90,11,-382.59846880282794,-4.251094097809199,-11.465999101368151,327.9052586410102,0.144
126,77,2024-06-07,2024-10-10,2024,GBPUSD,90,8,-279.4016290117273,-3.1044625445747482,-28.466644018753843,446.82683397374404,0.288
126,77,2024-06-07,2024-10-10,2024,AUDUSD,90,8,-501.00412011725734,-5.566712445747304,-34.96452499962531,560.2607702637092,0.218
126,77,2024-06-07,2024-10-10,2024,USDJPY,90,6,-96.72253687593786,-1.0746948541770873,69.81036992614705,853.7405071482841,0.402
126,77,2024-06-07,2024-10-10,2024,USDCHF,90,11,-348.46790534465737,-3.8718656149406376,-28.87641786953211,441.15281859217623,0.25
126,77,2024-06-07,2024-10-10,2024,USDCAD,90,17,-354.7386940483211,-3.9415410449813457,-10.345757295033094,249.432834070704,0.078
126,77,2024-06-07,2024-10-10,2024,EURJPY,90,10,-201.57373816072234,-2.239708201785804,40.69894191482826,716.5485556920752,0.366
126,77,2024-06-07,2024-10-10,2024,GBPJPY,90,6,205.34659116889375,2.281628790765486,-47.09318309631932,853.3153522655124,0.578
126,77,2024-06-07,2024-10-10,2024,XAUUSD,90,8,150.43144671138356,1.6714605190153728,-41.87328674414359,798.3634031654308,0.594
126,77,2024-06-07,2024-10-10,2024,XAGUSD,90,10,-2266.0885743576277,-25.178761937306977,-99.90323927914342,1706.51329607062,0.096
126,77,2024-06-07,2024-10-10,2024,WTI,90,7,501.93020491999835,5.57700227688887,9.900643413577793,1616.7653308325785,0.616
126,77,2024-06-07,2024-10-10,2024,UKOIL,90,7,-843.5700336656114,-9.373000374062348,-102.92553950111738,1549.341593248179,0.318
126,77,2024-06-07,2024-10-10,2024,US500,90,4,-84.00995651241122,-0.9334439612490135,-4.902331510921132,791.4346152843518,0.436
126,77,2024-06-07,2024-10-10,2024,USTECH,90,14,-508.8647190787468,-5.654052434208298,-23.605988056846602,1293.26263016479,0.372
126,77,2024-06-07,2024-10-10,2024,BTCUSD,126,13,-2140.7807759043876,-16.99032361828879,63.94805275175537,2750.3580017324643,0.22
126,78,2024-08-09,2024-12-12,2024,EURUSD,90,7,392.59546091857146,4.362171787984128,-16.187965423653633,410.8003574929301,0.838
126,78,2024-08-09,2024-12-12,2024,GBPUSD,90,5,135.38780967815723,1.504308996423969,4.9751245890615765,469.24012791673164,0.602
126,78,2024-08-09,2024-12-12,2024,AUDUSD,90,2,304.14719560548707,3.3794132845054117,24.164398579057913,460.85434166790105,0.736
126,78,2024-08-09,2024-12-12,2024,USDJPY,90,6,-312.8036712666006,-3.475596347406673,-1.8277932961549905,641.8096443463777,0.33
126,78,2024-08-09,2024-12-12,2024,USDCHF,90,8,72.74656048570321,0.8082951165078135,-8.697967712234131,362.9786122010918,0.604
126,78,2024-08-09,2024-12-12,2024,USDCAD,90,10,192.08459942849032,2.1342733269832257,-19.605959792707676,297.8100931667902,0.772
126,78,2024-08-09,2024-12-12,2024,EURJPY,90,6,-317.17155402143715,-3.5241283780159685,-0.10678736170981028,516.2547554487345,0.278
126,78,2024-08-09,2024-12-12,2024,GBPJPY,90,8,-388.62105917640866,-4.3180117686267625,-6.688075344702295,577.0538525416006,0.264
126,78,2024-08-09,2024-12-12,2024,XAUUSD,90,4,786.915373301257,8.743504147791745,13.82067103756949,866.3566551675534,0.822
126,78,2024-08-09,2024-12-12,2024,XAGUSD,90,5,-510.92613880405656,-5.676957097822851,-90.83731324789166,1624.2970121262085,0.408
126,78,2024-08-09,2024-12-12,2024,WTI,90,9,-632.2946140222738,-7.025495711358597,-182.6617588790973,1602.9684007762294,0.392
126,78,2024-08-09,2024-12-12,2024,UKOIL,90,11,-2333.344210340276,-25.92604678155862,-217.3257306402115,1620.4977899157134,0.098
126,78,2024-08-09,2024-12-12,2024,US500,90,3,531.3385906693317,5.90376211854813,8.18696273471853,702.3843354085839,0.756
126,78,2024-08-09,2024-12-12,2024,USTECH,90,11,-750.7712807122489,-8.341903119024987,2.6061057074001464,1019.6232829206347,0.234
126,78,2024-08-09,2024-12-12,2024,BTCUSD,126,9,874.2862829266729,6.9387800232275625,46.940539407845414,3115.4173237029536,0.572
126,79,2024-10-11,2025-02-13,2024,EURUSD,90,7,226.8546038284215,2.5206067092046833,-5.093163828399928,392.5827588186214,0.722
126,79,2024-10-11,2025-02-13,2024,GBPUSD,90,8,14.827469159703384,0.1647496573300376,2.9489241483952164,428.54926072216324,0.5
126,79,2024-10-11,2025-02-13,2024,AUDUSD,90,6,466.85569208798796,5.187285467644311,-17.869026330320892,452.73041059641656,0.86
126,79,2024-10-11,2025-02-13,2024,USDJPY,90,3,-17.724452399609447,-0.19693835999566053,25.002772306479276,553.5028989550697,0.478
126,79,2024-10-11,2025-02-13,2024,USDCHF,90,10,-200.29224124406562,-2.2254693471562845,-4.576894842044763,326.29961000691685,0.27
126,79,2024-10-11,2025-02-13,2024,USDCAD,90,7,143.09643796477798,1.5899604218308665,-30.50742551187679,305.8965209877911,0.706
126,79,2024-10-11,2025-02-13,2024,EURJPY,90,5,-299.3184271560598,-3.3257603017339976,-11.83193323009253,515.0006963141248,0.294
126,79,2024-10-11,2025-02-13,2024,GBPJPY,90,6,-242.2117236788847,-2.69124137420983,-24.830332543465108,548.7347256810077,0.354
126,79,2024-10-11,2025-02-13,2024,XAUUSD,90,8,-157.8756972262829,-1.7541744136253656,-75.80019835124136,977.1399227804912,0.478
126,79,2024-10-11,2025-02-13,2024,XAGUSD,90,6,-149.8239393924167,-1.6647104376935187,-39.5099426708914,1515.7285291589533,0.468
126,79,2024-10-11,2025-02-13,2024,WTI,90,9,-449.7436731522963,-4.997151923914403,-93.48980492402401,1447.400425257374,0.386
126,79,2024-10-11,2025-02-13,2024,UKOIL,88,9,-1133.469869491953,-12.88033942604492,-141.87227120290018,1355.1804904996552,0.226
126,79,2024-10-11,2025-02-13,2024,US500,90,6,135.20924426335307,1.5023249362594786,-36.918409553061686,599.3151311855539,0.6
126,79,2024-10-11,2025-02-13,2024,USTECH,90,10,-181.91842821918226,-2.021315869102025,-23.32391654944083,809.1386938713856,0.408
126,79,2024-10-11,2025-02-13,2024,BTCUSD,126,8,1808.499568026331,14.35317117481215,164.34135942457507,3216.212251173478,0.676
126,80,2024-12-13,2025-04-17,2024,EURUSD,90,11,668.9485616055885,7.432761795617649,11.031979133081721,610.1222312726783,0.856
126,80,2024-12-13,2025-04-17,2024,GBPUSD,90,8,274.8131921170572,3.053479912411747,25.689496852123515,468.16934416691515,0.694
126,80,2024-12-13,2025-04-17,2024,AUDUSD,90,15,-914.1146934021207,-10.15682992669023,-47.89628022567891,766.3600343991039,0.154
126,80,2024-12-13,2025-04-17,2024,USDJPY,90,8,161.8658364864901,1.7985092942943346,-52.669177237561556,569.3665625834727,0.658
126,80,2024-12-13,2025-04-17,2024,USDCHF,90,8,655.9729741114595,7.288588601238439,-7.4019715558518175,699.4319496389284,0.794
126,80,2024-12-13,2025-04-17,2024,USDCAD,90,11,-362.29507212906265,-4.025500801434029,-33.21866449371952,392.01175028540996,0.21
126,80,2024-12-13,2025-04-17,2024,EURJPY,90,8,-738.1790140137185,-8.201989044596873,-33.85048615249641,509.81761499092005,0.078
126,80,2024-12-13,2025-04-17,2024,GBPJPY,90,8,-632.4409689136246,-7.027121876818051,-30.12240855876219,532.309018238814,0.126
126,80,2024-12-13,2025-04-17,2024,XAUUSD,90,8,1030.303652383687,11.447818359818744,-43.42495595456745,1083.534673565548,0.844
126,80,2024-12-13,2025-04-17,2024,XAGUSD,90,9,-1337.745863547271,-14.863842928303011,-197.15678736441018,1573.517205370031,0.224
126,80,2024-12-13,2025-04-17,2024,WTI,90,7,-728.7894979052674,-8.097661087836304,-9.257862287803421,1746.0130804261746,0.364
126,80,2024-12-13,2025-04-17,2024,UKOIL,88,7,-1242.5955027617704,-14.120403440474663,-62.61034402444734,1757.226511970245,0.28
126,80,2024-12-13,2025-04-17,2024,US500,90,5,608.0126818053187,6.755696464503542,-2.896850839761959,1109.346932143033,0.7
126,80,2024-12-13,2025-04-17,2024,USTECH,90,13,278.4258268652512,3.0936202985027914,12.01428021645406,1608.1886223218967,0.57
126,80,2024-12-13,2025-04-17,2024,BTCUSD,126,19,-3706.729280046895,-29.418486349578533,-150.4196780604479,2420.1104697930405,0.072
126,81,2025-02-14,2025-06-19,2025,EURUSD,90,8,629.3240154603002,6.992489060670002,-32.187196477073044,642.611528530142,0.828
126,81,2025-02-14,2025-06-19,2025,GBPUSD,90,5,272.3772218330607,3.0264135759228963,-7.6017347772598844,470.209360220951,0.72
126,81,2025-02-14,2025-06-19,2025,AUDUSD,90,14,-1024.9144089920094,-11.387937877688993,2.3256435010288734,720.9284163804199,0.088
126,81,2025-02-14,2025-06-19,2025,USDJPY,90,13,-213.7627798022962,-2.375141997803291,-9.579899639247763,610.8677636903014,0.376
126,81,2025-02-14,2025-06-19,2025,USDCHF,90,5,690.3678216719082,7.670753574132314,1.2246210727378892,724.1140633119794,0.79
126,81,2025-02-14,2025-06-19,2025,USDCAD,90,12,-494.0803275770382,-5.4897814175226465,-30.669684400792345,373.1524290354389,0.11
126,81,2025-02-14,2025-06-19,2025,EURJPY,90,15,180.89434825823253,2.00993720286925,-15.020634932516712,441.6142223461946,0.662
126,81,2025-02-14,2025-06-19,2025,GBPJPY,90,8,-341.54233170717873,-3.7949147967464305,3.366082030512194,443.2853058015016,0.224
126,81,2025-02-14,2025-06-19,2025,XAUUSD,89,12,-193.9784153650509,-2.1795327569106844,-84.78197730541847,1208.879763969494,0.474
126,81,2025-02-14,2025-06-19,2025,XAGUSD,89,12,-809.8476392290399,-9.099411676730785,-87.50306724390042,1671.5026050600832,0.352
126,81,2025-02-14,2025-06-19,2025,WTI,89,9,1521.6906992611691,17.09764830630527,223.048843369156,2229.1446641905904,0.692
126,81,2025-02-14,2025-06-19,2025,UKOIL,89,7,890.3457136584188,10.003884423128302,-55.78011810944291,2311.2755355220893,0.662
126,81,2025-02-14,2025-06-19,2025,US500,89,2,1096.0858166991154,12.315570974147365,-26.952080413452688,1436.1126710540523,0.77
126,81,2025-02-14,2025-06-19,2025,USTECH,89,4,1662.8749590610973,18.683988304057273,-2.201262826973703,1792.7416565362844,0.81
126,81,2025-02-14,2025-06-19,2025,BTCUSD,126,20,116.793345247735,0.9269313114899603,-63.66193017915027,2549.0561568263906,0.504
126,82,2025-04-18,2025-08-21,2025,EURUSD,90,7,-198.83497426843016,-2.2092774918714464,4.4804959260099935,397.09623026466045,0.32
126,82,2025-04-18,2025-08-21,2025,GBPUSD,90,9,-110.34323504177235,-1.2260359449085816,-43.60136627603327,369.8264759559882,0.418
126,82,2025-04-18,2025-08-21,2025,AUDUSD,90,11,-311.41715842804973,-3.4601906492005527,-18.939528731999133,355.2877832991438,0.21
126,82,2025-04-18,2025-08-21,2025,USDJPY,90,15,-698.6565014350192,-7.762850015944658,-29.239348381939816,560.647649893232,0.122
126,82,2025-04-18,2025-08-21,2025,USDCHF,90,5,-47.310290954403186,-0.5256698994933687,-17.784614968175315,442.04036974420563,0.466
126,82,2025-04-18,2025-08-21,2025,USDCAD,90,13,-172.16889458043963,-1.9129877175604404,-37.629298799916285,276.3547040181348,0.304
126,82,2025-04-18,2025-08-21,2025,EURJPY,90,18,272.71486086352206,3.0301651207058007,-38.403748567494155,371.1469084322811,0.786
126,82,2025-04-18,2025-08-21,2025,GBPJPY,90,10,-374.739039445884,-4.163767104954267,-4.0699319737209505,369.06831290590867,0.144
126,82,2025-04-18,2025-08-21,2025,XAUUSD,89,19,-2441.685407683068,-27.434667502056946,-74.2692424711507,944.8807500919428,0.004
126,82,2025-04-18,2025-08-21,2025,XAGUSD,89,12,1093.391897259587,12.285302216399854,-111.84699796939356,1196.2850459985696,0.848
126,82,2025-04-18,2025-08-21,2025,WTI,89,8,3143.487990027877,35.32008977559413,-67.48067938160412,1928.092269822158,0.95
126,82,2025-04-18,2025-08-21,2025,UKOIL,89,6,1449.0709179317016,16.28169570709777,-147.55326559417526,1835.6149534480203,0.812
126,82,2025-04-18,2025-08-21,2025,US500,89,1,781.5860265131812,8.781865466440237,12.645870499929398,1282.2406153905902,0.71
126,82,2025-04-18,2025-08-21,2025,USTECH,89,2,1236.9838295270706,13.898694713787311,34.564119277139966,1565.1351985933609,0.722
126,82,2025-04-18,2025-08-21,2025,BTCUSD,126,18,2278.480035312163,18.083174883429866,-43.3817560523077,1885.2655346630372,0.902
126,83,2025-06-20,2025-10-23,2025,EURUSD,90,11,-26.628603649414003,-0.29587337388237783,-9.859105938691298,374.3085984209089,0.468
126,83,2025-06-20,2025-10-23,2025,GBPUSD,90,16,-216.56407668230997,-2.4062675186923332,-39.96104543607401,393.76055387006113,0.34
126,83,2025-06-20,2025-10-23,2025,AUDUSD,90,11,-197.8282214798,-2.1980913497755554,-37.11185977709325,380.69170197187066,0.33
126,83,2025-06-20,2025-10-23,2025,USDJPY,90,20,226.97748324767016,2.521972036085224,-36.519489391794565,576.469511057914,0.686
126,83,2025-06-20,2025-10-23,2025,USDCHF,90,5,255.15754037788355,2.835083781976484,-10.256116412778482,349.7516537415799,0.762
126,83,2025-06-20,2025-10-23,2025,USDCAD,90,9,113.35457178575186,1.2594952420639096,-18.813239457656366,228.97172391713212,0.726
126,83,2025-06-20,2025-10-23,2025,EURJPY,90,14,227.57528208556494,2.528614245395166,-37.80541767205464,371.84301182752296,0.748
126,83,2025-06-20,2025-10-23,2025,GBPJPY,90,14,-592.3596560365187,-6.581773955961319,-0.7340903765808139,392.0284177816332,0.07
126,83,2025-06-20,2025-10-23,2025,XAUUSD,90,10,799.0912554174511,8.878791726860568,2.823773649001472,1200.192579169023,0.76
126,83,2025-06-20,2025-10-23,2025,XAGUSD,90,8,2401.97527328651,26.688614147627888,-97.55061218838246,1851.0102974554757,0.908
126,83,2025-06-20,2025-10-23,2025,WTI,90,11,-986.3162105198677,-10.959069005776307,-57.95327248248749,2032.3843283178314,0.33
126,83,2025-06-20,2025-10-23,2025,UKOIL,90,11,-2240.305129464653,-24.892279216273923,-315.96033020576544,2115.1402781990682,0.196
126,83,2025-06-20,2025-10-23,2025,US500,90,4,807.7821799113977,8.975357554571087,37.566279288478924,631.867807568158,0.874
126,83,2025-06-20,2025-10-23,2025,USTECH,90,8,949.7411809058951,10.55267978784328,21.454930843738538,744.3742271882974,0.878
126,83,2025-06-20,2025-10-23,2025,BTCUSD,126,22,-2004.3196462725136,-15.907298779940584,-93.44853821402354,2087.8038305836726,0.192
126,84,2025-08-22,2025-12-25,2025,EURUSD,90,9,105.21895005692072,1.1690994450768968,-35.207262055258546,256.8536138124703,0.704
126,84,2025-08-22,2025-12-25,2025,GBPUSD,90,11,32.58962661077311,0.3621069623419234,-35.98205748094941,333.71261137104455,0.6
126,84,2025-08-22,2025-12-25,2025,AUDUSD,90,9,-48.416861736314154,-0.5379651304034906,-38.02844449551992,379.0853530766832,0.492
126,84,2025-08-22,2025-12-25,2025,USDJPY,90,17,55.19328093354712,0.6132586770394125,-0.2694735237989553,487.9546620385873,0.546
126,84,2025-08-22,2025-12-25,2025,USDCHF,90,13,72.31025531189853,0.803447281243317,-20.175960613621644,363.4927241693364,0.596
126,84,2025-08-22,2025-12-25,2025,USDCAD,90,9,84.35065094290906,0.9372294549212117,-26.50067031793062,248.5861227243914,0.65
126,84,2025-08-22,2025-12-25,2025,EURJPY,90,9,510.86374706097746,5.676263856233083,-3.8003159214145072,341.1567513078939,0.932
126,84,2025-08-22,2025-12-25,2025,GBPJPY,90,11,145.52737365505504,1.6169708183895004,-12.949285833291995,374.1442164230434,0.648
126,84,2025-08-22,2025-12-25,2025,XAUUSD,90,5,1663.834848360533,18.48705387067259,-50.13012735220182,1380.6605194564236,0.888
126,84,2025-08-22,2025-12-25,2025,XAGUSD,90,5,4777.43526479165,53.08261405324056,-73.83430596751053,3225.507468404168,0.922
126,84,2025-08-22,2025-12-25,2025,WTI,90,20,-1651.1596333294885,-18.34621814810543,-191.1076162841919,1385.4773388266105,0.13
126,84,2025-08-22,2025-12-25,2025,UKOIL,89,14,-1061.74757226876,-11.929748003019775,-153.87426791069717,1324.8439200841715,0.242
126,84,2025-08-22,2025-12-25,2025,US500,90,14,-749.754408684182,-8.330604540935354,-43.420736350650344,636.8934065350311,0.13
126,84,2025-08-22,2025-12-25,2025,USTECH,90,15,-1200.5533602436105,-13.339481780484562,-13.164798477386917,873.7494989522421,0.094
126,84,2025-08-22,2025-12-25,2025,BTCUSD,126,16,-937.0435877380519,-7.43685387093692,-99.64005585966535,2297.7164903711555,0.34
126,85,2025-10-24,2026-02-26,2025,EURUSD,90,4,-111.27997664574531,-1.2364441849527257,-2.177650763660715,272.0097693206669,0.32
126,85,2025-10-24,2026-02-26,2025,GBPUSD,90,6,-119.94553341221345,-1.332728149024594,-31.77790825453107,367.5813320095994,0.394
126,85,2025-10-24,2026-02-26,2025,AUDUSD,90,5,571.4203404640067,6.349114894044519,-37.04691097821953,520.717498037594,0.856
126,85,2025-10-24,2026-02-26,2025,USDJPY,90,12,-149.2564197122829,-1.65840466346981,-2.416217975245585,461.9044466603838,0.368
126,85,2025-10-24,2026-02-26,2025,USDCHF,90,12,-279.23993646690457,-3.102665960743384,-20.66574487953872,449.5027008870949,0.286
126,85,2025-10-24,2026-02-26,2025,USDCAD,90,8,-306.47617369441247,-3.4052908188268054,1.912603184951521,320.0459114239239,0.17
126,85,2025-10-24,2026-02-26,2025,EURJPY,90,8,26.09775235155844,0.2899750261284271,-12.49550611258913,325.8222355800923,0.556
126,85,2025-10-24,2026-02-26,2025,GBPJPY,90,6,326.1517556966587,3.6239083966295413,13.70067064000588,358.92758210336757,0.806
126,85,2025-10-24,2026-02-26,2025,XAUUSD,90,5,1155.9044956186956,12.843383284652173,-94.97427953975468,1770.182999090624,0.766
126,85,2025-10-24,2026-02-26,2025,XAGUSD,90,5,-78.77622936743558,-0.8752914374159508,-118.58482212001105,4774.272323634454,0.534
126,85,2025-10-24,2026-02-26,2025,WTI,90,13,650.0339419840359,7.222599355378176,-21.086704466375718,1235.1729274413638,0.69
126,85,2025-10-24,2026-02-26,2025,UKOIL,88,7,1176.6912418194147,13.37149138431153,-126.2156035013431,1205.6096399459361,0.844
126,85,2025-10-24,2026-02-26,2025,US500,90,23,-1581.5627637621988,-17.572919597357764,7.16629037273625,660.7445628793643,0.012
126,85,2025-10-24,2026-02-26,2025,USTECH,90,15,-2075.47409693847,-23.060823299316336,-40.66883894779991,959.0292046824519,0.022
126,85,2025-10-24,2026-02-26,2025,BTCUSD,126,9,2777.1386142339147,22.040782652650115,169.17226782901244,2915.8556042342143,0.8
126,86,2025-12-26,2026-04-30,2025,EURUSD,90,4,-151.12810447119648,-1.679201160791072,-9.43267331995775,352.73052625726484,0.338
126,86,2025-12-26,2026-04-30,2025,GBPUSD,90,6,-152.8191948189886,-1.6979910535443177,-29.69852023787728,355.71978403592357,0.388
126,86,2025-12-26,2026-04-30,2025,AUDUSD,90,8,188.77844514658955,2.0975382794065505,-8.597013429804193,615.6092627665977,0.608
126,86,2025-12-26,2026-04-30,2025,USDJPY,90,15,-94.59774768754,-1.0510860854171111,-6.514022337553589,490.3101132059475,0.41
126,86,2025-12-26,2026-04-30,2025,USDCHF,90,8,-461.7858532696257,-5.130953925218064,-48.345765255859526,461.79530124286384,0.194
126,86,2025-12-26,2026-04-30,2025,USDCAD,90,8,-254.16504730529613,-2.824056081169957,-26.56718705000138,312.67137538512407,0.228
126,86,2025-12-26,2026-04-30,2025,EURJPY,68,11,-337.8952366595728,-4.969047597934894,-9.141208933930685,304.0724937845315,0.152
126,86,2025-12-26,2026-04-30,2025,GBPJPY,90,10,-534.7254194318521,-5.9413935492428,19.67246380815498,345.9100143030096,0.058
126,86,2025-12-26,2026-04-30,2025,XAUUSD,89,7,-304.51796743374825,-3.421550195884812,22.915686044071066,1952.0686695847417,0.446
126,86,2025-12-26,2026-04-30,2025,XAGUSD,89,7,-7249.2040263899735,-81.4517306335952,-254.1022149067987,4452.283154440497,0.05
126,86,2025-12-26,2026-04-30,2025,WTI,89,7,4729.074863742479,53.13567262631998,-9.346905425852201,4096.282518842591,0.874
126,86,2025-12-26,2026-04-30,2025,UKOIL,88,5,3342.878825126213,37.98725937643424,172.04410572658068,3729.856181550914,0.774
126,86,2025-12-26,2026-04-30,2025,US500,89,16,-349.77160732275485,-3.930018059806234,-17.01455623124773,772.3575743074812,0.324
126,86,2025-12-26,2026-04-30,2025,USTECH,89,14,-563.6333370557486,-6.332958843323018,4.353009115035839,1105.7781313080902,0.31
126,86,2025-12-26,2026-04-30,2025,BTCUSD,126,19,-1384.328555665328,-10.986734568772444,-391.70496131056177,2824.8210927906707,0.352
252,0,2008-01-01,2008-12-17,2008,EURUSD,231,20,2756.1307608246707,11.931301994911994,-7.8420826024111845,1655.3009604050042,0.948
252,0,2008-01-01,2008-12-17,2008,GBPUSD,231,38,78.25293400781356,0.338757290077115,-159.30615447839776,1412.2248558293268,0.546
252,0,2008-01-01,2008-12-17,2008,AUDUSD,230,20,3790.355418387156,16.47980616690068,110.77512937714974,2440.4196414035755,0.946
252,0,2008-01-01,2008-12-17,2008,USDJPY,208,14,2211.0656942427436,10.63012353001319,-82.39677240522064,1346.112501112284,0.964
252,0,2008-01-01,2008-12-17,2008,USDCHF,231,22,1668.717302523335,7.2238844265079445,26.86969236530844,1513.522394510461,0.852
252,0,2008-01-01,2008-12-17,2008,USDCAD,231,28,-0.18509435213081815,-0.0008012742516485635,-96.21719833722202,1646.9135519502145,0.528
252,0,2008-01-01,2008-12-17,2008,EURJPY,231,28,3236.9319237313425,14.012692310525292,-105.61153997346852,1938.5388279234808,0.952
252,0,2008-01-01,2008-12-17,2008,GBPJPY,231,20,4249.674265660763,18.396858292903737,168.4956563750282,2290.0009580908936,0.954
252,0,2008-01-01,2008-12-17,2008,XAUUSD,144,8,2192.3323618022564,15.224530290293448,-14.158739131167811,2680.4909937588423,0.782
252,0,2008-01-01,2008-12-17,2008,XAGUSD,231,28,-3590.3583355081346,-15.542676777091492,-930.8146214831011,5062.935275296341,0.312
252,1,2008-06-25,2009-06-11,2008,EURUSD,252,17,2764.5384287421684,10.9703905902467,-90.76411455684008,1788.7908549749188,0.94
252,1,2008-06-25,2009-06-11,2008,GBPUSD,252,23,1654.9329418469238,6.567194213678269,-30.1797758598285,1845.1003427961978,0.822
252,1,2008-06-25,2009-06-11,2008,AUDUSD,252,17,5329.956043912238,21.15061922187396,81.88528397201127,2851.9052350982574,0.966
252,1,2008-06-25,2009-06-11,2008,USDJPY,252,16,1452.1103588339981,5.7623426937857065,-57.539898102715235,1446.288948028472,0.852
252,1,2008-06-25,2009-06-11,2008,USDCHF,252,21,708.7176423430335,2.8123715965993394,-55.21191374298987,1537.3751853774568,0.668
252,1,2008-06-25,2009-06-11,2008,USDCAD,252,21,1795.0439021137593,7.123190087753013,-109.41774745345167,1922.7204687406286,0.828
252,1,2008-06-25,2009-06-11,2008,EURJPY,252,22,4395.992907901737,17.44441630119737,38.69791815903513,2326.7981314320114,0.966
252,1,2008-06-25,2009-06-11,2008,GBPJPY,252,20,3515.921175845282,13.952068158116198,68.01525747957274,2655.5870443300564,0.908
252,1,2008-06-25,2009-06-11,2008,XAUUSD,252,13,2732.66658855897,10.843915033964167,-84.8202986066908,3159.0957816019386,0.81
252,1,2008-06-25,2009-06-11,2008,XAGUSD,252,25,-1927.3803860999833,-7.648334865476124,-1022.5895034452168,4998.554228309094,0.45
252,2,2008-12-18,2009-12-04,2008,EURUSD,252,24,-375.06895378178547,-1.4883688642134343,87.49006673380136,1260.0661573970683,0.356
252,2,2008-12-18,2009-12-04,2008,GBPUSD,252,41,-1802.990259381957,-7.154723251515702,17.567015758352653,1467.987720076868,0.116
252,2,2008-12-18,2009-12-04,2008,AUDUSD,252,22,1190.5867754633027,4.7245506962829475,-73.08228373138472,1704.6690151710507,0.754
252,2,2008-12-18,2009-12-04,2008,USDJPY,252,22,-574.9549455255872,-2.2815672441491555,-17.397653894231482,1371.7278784374103,0.356
252,2,2008-12-18,2009-12-04,2008,USDCHF,252,34,-1652.2158505862058,-6.556412105500817,-72.05836556811622,1251.3784828100452,0.116
252,2,2008-12-18,2009-12-04,2008,USDCAD,252,20,-325.1308463145237,-1.2902017710893798,15.285200149404728,1376.2386933363005,0.384
252,2,2008-12-18,2009-12-04,2008,EURJPY,252,37,-990.2499848709065,-3.9295634320274067,-16.02612257546148,1671.2827772713617,0.256
252,2,2008-12-18,2009-12-04,2008,GBPJPY,252,26,-943.9816410048454,-3.7459588928763705,33.05918793436815,1865.2181676281282,0.286
252,2,2008-12-18,2009-12-04,2008,XAUUSD,252,18,531.1871135674537,2.1078853712994197,-35.96233070189226,1902.572209923324,0.6
252,2,2008-12-18,2009-12-04,2008,XAGUSD,252,22,-1491.9319789197007,-5.920364995713098,-687.9866367949529,3500.8401238364418,0.386
252,3,2009-06-12,2010-05-31,2009,EURUSD,252,27,29.127066495081294,0.11558359720270354,-45.954382403953666,930.1603436354618,0.546
252,3,2009-06-12,2010-05-31,2009,GBPUSD,252,34,-779.4441657386501,-3.093032403724802,-23.65012212503655,1036.8970692060996,0.234
252,3,2009-06-12,2010-05-31,2009,AUDUSD,251,21,436.77629428839964,1.7401445987585642,-99.04860994157585,1450.9793639718107,0.648
252,3,2009-06-12,2010-05-31,2009,USDJPY,252,27,-1011.4497598649368,-4.013689523273559,-19.132120179352356,1064.6498703979503,0.176
252,3,2009-06-12,2010-05-31,2009,USDCHF,252,31,-674.4477948205123,-2.676380138176636,-131.08692042251204,952.4958028777813,0.29
252,3,2009-06-12,2010-05-31,2009,USDCAD,252,25,-413.1659751644211,-1.6395475204937346,20.361907897750402,1199.8910688042702,0.378
252,3,2009-06-12,2010-05-31,2009,EURJPY,252,41,-1187.9926526841512,-4.714256558270441,2.473862148871376,1359.2592040654984,0.182
252,3,2009-06-12,2010-05-31,2009,GBPJPY,252,19,659.292838240681,2.616241421590004,-146.7330261054947,1553.483866393651,0.696
252,3,2009-06-12,2010-05-31,2009,XAUUSD,252,22,-130.61042197973632,-0.518295325316414,-14.814643917301707,1646.8577703482458,0.468
252,3,2009-06-12,2010-05-31,2009,XAGUSD,252,27,-3033.012903043702,-12.035765488268659,-626.3194999298943,3081.0132309084306,0.228
252,4,2009-12-07,2010-11-23,2009,EURUSD,252,21,1476.7502184673262,5.8601199145528815,-47.04814358679016,1218.0954735125795,0.878
252,4,2009-12-07,2010-11-23,2009,GBPUSD,252,14,946.7983139833188,3.7571361666004717,-31.328664909807006,1103.0864735832145,0.8
252,4,2009-12-07,2010-11-23,2009,AUDUSD,251,19,663.5482229242587,2.6436184180249347,-75.56355389006465,1469.2384458249642,0.698
252,4,2009-12-07,2010-11-23,2009,USDJPY,252,23,-383.7808825344251,-1.5229400100572423,4.504622960795503,925.9947396776116,0.356
252,4,2009-12-07,2010-11-23,2009,USDCHF,252,17,1021.1682981084441,4.052255151223984,-13.260873067543349,1152.745910163063,0.808
252,4,2009-12-07,2010-11-23,2009,USDCAD,252,36,-1368.1559607682502,-5.42919032050893,-64.34027497183716,1017.0598064439239,0.092
252,4,2009-12-07,2010-11-23,2009,EURJPY,252,33,290.56749933588924,1.1530456322852747,-144.65120484626988,1472.1330060124578,0.618
252,4,2009-12-07,2010-11-23,2009,GBPJPY,252,31,-500.92611425118,-1.9878020406792858,0.8068436023797931,1347.5994952871022,0.37
252,4,2009-12-07,2010-11-23,2009,XAUUSD,252,22,100.63309347353061,0.39933767251401037,-108.14723303622179,1445.8733032273278,0.528
252,4,2009-12-07,2010-11-23,2009,XAGUSD,252,26,-42.45447269584156,-0.168470129745403,-562.6382407917379,2907.0924305787053,0.58
252,5,2010-06-01,2011-05-18,2010,EURUSD,252,22,1370.6552979646458,5.439108325256531,-115.05058205264937,1252.7228145473407,0.898
252,5,2010-06-01,2011-05-18,2010,GBPUSD,252,20,-483.6920152405386,-1.9194127588910261,-26.673944760181737,829.7995726691887,0.286
252,5,2010-06-01,2011-05-18,2010,AUDUSD,252,29,198.605335947553,0.7881164124902896,-17.228540509585947,1298.8168429458256,0.566
252,5,2010-06-01,2011-05-18,2010,USDJPY,252,20,-118.15989195964892,-0.468888460157337,-34.79218724087905,934.5915555914286,0.46
252,5,2010-06-01,2011-05-18,2010,USDCHF,252,19,414.7207775321793,1.6457173711594415,-38.67685092575488,1119.253384062279,0.666
252,5,2010-06-01,2011-05-18,2010,USDCAD,252,40,-2282.6461275959764,-9.058119553952288,-114.16092825166908,819.6836687523712,0.002
252,5,2010-06-01,2011-05-18,2010,EURJPY,252,30,-360.2301246523468,-1.4294846216362966,-95.24257215244742,1318.5792728780368,0.416
252,5,2010-06-01,2011-05-18,2010,GBPJPY,252,32,-1511.2562421867478,-5.997048580106142,-81.61970681860073,1136.0714957002342,0.1
252,5,2010-06-01,2011-05-18,2010,XAUUSD,252,23,1513.1136954266954,6.00441942629641,-147.72479773885274,1236.0083445158618,0.916
252,5,2010-06-01,2011-05-18,2010,XAGUSD,252,18,5749.2944977463285,22.814660705342572,-144.08513520899567,4122.0888729604485,0.918
252,6,2010-11-24,2011-11-10,2010,EURUSD,252,34,-1432.0207218133164,-5.682621911957605,-5.13614658800661,1128.2594310800268,0.1
252,6,2010-11-24,2011-11-10,2010,GBPUSD,252,28,-982.4706108968735,-3.8986929003844186,-76.47395546716973,745.4712973752441,0.114
252,6,2010-11-24,2011-11-10,2010,AUDUSD,252,36,-1476.850368063383,-5.860517333584854,-42.590679283060595,1375.8444050451685,0.144
252,6,2010-11-24,2011-11-10,2010,USDJPY,252,24,-1344.261605352448,-5.334371449811302,-30.2162418799437,853.7746614937572,0.06
252,6,2010-11-24,2011-11-10,2010,USDCHF,252,18,887.3143156639288,3.5210885542219397,-27.992832162272563,1773.76627942907,0.69
252,6,2010-11-24,2011-11-10,2010,USDCAD,252,33,-1464.4090865118646,-5.811147168697875,-104.61270782089368,841.9669711480318,0.058
252,6,2010-11-24,2011-11-10,2010,EURJPY,252,27,191.9657092373261,0.7617686874497068,-62.29569131694411,1186.5249915188358,0.566
252,6,2010-11-24,2011-11-10,2010,GBPJPY,252,18,687.941521975803,2.7299266745071544,19.215372212133982,1069.75132854735,0.728
252,6,2010-11-24,2011-11-10,2010,XAUUSD,252,22,2154.2974793216954,8.54879952111784,-118.61681803035452,1922.8767757897147,0.874
252,6,2010-11-24,2011-11-10,2010,XAGUSD,252,16,5982.564633467065,23.740335847091526,228.4894845107844,4904.011799297415,0.89
252,6,2010-11-24,2011-11-10,2010,UKOIL,206,12,-764.9129690068003,-3.7131697524601956,-165.71776057765288,2389.3226544559966,0.416
252,7,2011-05-19,2012-05-04,2011,EURUSD,252,37,-2306.1724235546467,-9.151477871248598,-99.69530926727552,1045.4701966826362,0.018
252,7,2011-05-19,2012-05-04,2011,GBPUSD,252,31,-1510.2699011373866,-5.993134528322963,-12.238910836614581,731.7973511764861,0.014
252,7,2011-05-19,2012-05-04,2011,AUDUSD,252,33,-959.3636812243152,-3.8069987350171237,-71.36914711735818,1361.6783094271686,0.248
252,7,2011-05-19,2012-05-04,2011,USDJPY,252,24,128.9143833116807,0.5115650131415901,-38.30051680773863,802.1590557554205,0.592
252,7,2011-05-19,2012-05-04,2011,USDCHF,252,26,650.5664722010487,2.581612984924796,-16.132856810418364,1675.2054950878166,0.66
252,7,2011-05-19,2012-05-04,2011,USDCAD,252,35,-1224.592861095566,-4.85949548053796,-94.58263469686528,890.4777133042362,0.102
252,7,2011-05-19,2012-05-04,2011,EURJPY,252,22,791.3853010905285,3.1404178614703513,18.68028747173066,1209.7474085987162,0.728
252,7,2011-05-19,2012-05-04,2011,GBPJPY,252,16,529.5633379847809,2.101441817399924,-47.34501612260223,979.8105613346578,0.726
252,7,2011-05-19,2012-05-04,2011,XAUUSD,252,19,2463.1730543135727,9.774496247276081,-15.462652917863437,2206.3827616200083,0.866
252,7,2011-05-19,2012-05-04,2011,XAGUSD,252,18,3209.7188280802184,12.736979476508804,-18.080888939838186,3791.5649544170574,0.788
252,7,2011-05-19,2012-05-04,2011,UKOIL,230,24,-4188.735961278661,-18.211895483820268,-101.15542622056613,2182.4150643421995,0.036
252,8,2011-11-11,2012-10-29,2011,EURUSD,252,21,-57.33069763588142,-0.22750276839635483,-81.62979171729121,829.1508035222463,0.52
252,8,2011-11-11,2012-10-29,2011,GBPUSD,252,27,-1195.3190841084238,-4.743329698842952,-39.56266067013369,679.1033019862607,0.046
252,8,2011-11-11,2012-10-29,2011,AUDUSD,252,22,582.223200502258,2.310409525802611,-77.54451499485548,984.8228475622394,0.742
252,8,2011-11-11,2012-10-29,2011,USDJPY,252,32,422.65072260077295,1.6771854071459245,-86.87417381243539,751.5893582950052,0.758
252,8,2011-11-11,2012-10-29,2011,USDCHF,252,29,-128.19463129254916,-0.5087088543355125,-77.06731780456059,803.6815687766135,0.464
252,8,2011-11-11,2012-10-29,2011,USDCAD,252,32,-241.06247105139363,-0.9565971073468001,-95.87916541121908,646.452382469353,0.414
252,8,2011-11-11,2012-10-29,2011,EURJPY,252,15,1414.072718290363,5.6113996757554085,14.929601316186883,1240.1705447192821,0.86
252,8,2011-11-11,2012-10-29,2011,GBPJPY,252,24,-250.46545955998778,-0.9939105538094754,-36.19658699916318,959.8282637177631,0.414
252,8,2011-11-11,2012-10-29,2011,XAUUSD,252,27,1006.7359340876726,3.994983865427272,-107.72642126601438,1548.6445967812524,0.756
252,8,2011-11-11,2012-10-29,2011,XAGUSD,252,19,2990.0432865213716,11.865251136989569,-213.3705930186031,2823.6779419961626,0.87
252,8,2011-11-11,2012-10-29,2011,WTI,231,28,-728.9516303685198,-3.1556347635000854,-38.65185305288677,2239.802457657264,0.388
252,8,2011-11-11,2012-10-29,2011,UKOIL,235,25,500.9680298520343,2.1317788504341886,-154.30340930621892,2258.3687003619543,0.596
252,8,2011-11-11,2012-10-29,2011,US500,187,14,62.51405257057121,0.33429974636669096,-63.26245520245234,1026.6706240195865,0.556
252,8,2011-11-11,2012-10-29,2011,USTECH,179,14,1203.3731011108725,6.722754754809344,-180.8673138236082,1328.3512181566607,0.854
252,9,2012-05-07,2013-04-23,2012,EURUSD,252,18,232.24862650331445,0.9216215337433113,-49.312085717215695,824.1533367024742,0.644
252,9,2012-05-07,2013-04-23,2012,GBPUSD,252,24,-83.80180632850332,-0.3325468505099338,-43.43619374802539,669.837796829646,0.458
252,9,2012-05-07,2013-04-23,2012,AUDUSD,252,26,-252.8557095502057,-1.0033956728182765,-81.86324400257278,771.8738927025521,0.422
252,9,2012-05-07,2013-04-23,2012,USDJPY,252,27,749.9719520192522,2.976079174679572,-90.84700046233723,1012.2924631009745,0.786
252,9,2012-05-07,2013-04-23,2012,USDCHF,252,18,173.7898085774255,0.6896420975294663,-93.69012416854314,837.5616760658783,0.622
252,9,2012-05-07,2013-04-23,2012,USDCAD,252,29,-97.00367838195939,-0.38493523167444205,-29.101136178104213,555.1893599222956,0.474
252,9,2012-05-07,2013-04-23,2012,EURJPY,252,23,1490.6444533161184,5.915255767127454,-25.796867627355567,1503.6240546654928,0.848
252,9,2012-05-07,2013-04-23,2012,GBPJPY,252,25,-145.82067769910043,-0.5786534829329382,-41.74227371881265,1149.339808835473,0.432
252,9,2012-05-07,2013-04-23,2012,XAUUSD,251,33,-83.37239927763073,-0.3321609532973336,-240.34719069095445,1673.7652562864273,0.522
252,9,2012-05-07,2013-04-23,2012,XAGUSD,251,18,4889.485686480375,19.4800226553003,-282.8382737314906,3063.4909440000715,0.954
252,9,2012-05-07,2013-04-23,2012,WTI,250,17,3079.548586453684,12.318194345814737,-161.39873828731024,2121.3948911315842,0.934
252,9,2012-05-07,2013-04-23,2012,UKOIL,207,22,-231.78893316134577,-1.1197533002963564,-97.97358463826556,2253.964314967321,0.476
252,9,2012-05-07,2013-04-23,2012,US500,248,23,61.33672179321002,0.2473254911016533,-84.94673536847976,1161.5825823641767,0.556
252,9,2012-05-07,2013-04-23,2012,USTECH,239,35,-1487.0596720078872,-6.222006995848901,-303.41000239341304,1336.8841548247199,0.176
252,10,2012-10-30,2013-10-16,2012,EURUSD,252,24,-627.9289035687764,-2.49178136336816,-17.97158720100388,709.8741255335659,0.206
252,10,2012-10-30,2013-10-16,2012,GBPUSD,252,19,81.75253665389249,0.32441482799163684,-66.53111159665909,803.9898888005577,0.568
252,10,2012-10-30,2013-10-16,2012,AUDUSD,252,29,695.1537441797099,2.7585466038877375,29.268381950749912,893.7268323922611,0.77
252,10,2012-10-30,2013-10-16,2012,USDJPY,252,15,-635.08583395124,-2.520181880758889,-51.95440583274576,1257.9680694125816,0.328
252,10,2012-10-30,2013-10-16,2012,USDCHF,252,16,-646.3723956947082,-2.56496982418535,-88.41963540973339,817.8402109682619,0.244
252,10,2012-10-30,2013-10-16,2012,USDCAD,252,30,-1271.4354040960084,-5.045378587682573,-34.777582413051476,631.5832433840868,0.032
252,10,2012-10-30,2013-10-16,2012,EURJPY,252,30,86.51831508983673,0.3433266471818918,23.3945947937834,1312.7241023035851,0.522
252,10,2012-10-30,2013-10-16,2012,GBPJPY,252,27,-719.2885322748396,-2.8543195725192048,-113.33994436790354,1205.9552498354703,0.314
252,10,2012-10-30,2013-10-16,2012,XAUUSD,251,26,-195.38269502366165,-0.7784171116480544,-117.84061175775456,2014.671918637184,0.49
252,10,2012-10-30,2013-10-16,2012,XAGUSD,251,14,3754.8029079349662,14.959374135199068,-441.2051940428744,3137.7684571871323,0.916
252,10,2012-10-30,2013-10-16,2012,WTI,247,24,0.49856013497822005,0.002018462084932065,-108.9708663894624,1797.2102032690375,0.516
252,10,2012-10-30,2013-10-16,2012,UKOIL,207,25,-2730.0229712113887,-13.188516769137143,-118.42543442321397,1650.5591593991796,0.058
252,10,2012-10-30,2013-10-16,2012,US500,247,25,-644.0462418369523,-2.607474663307499,-81.10226787360618,1071.011542273983,0.31
252,10,2012-10-30,2013-10-16,2012,USTECH,237,33,-2044.0804195554506,-8.624811896858441,-409.027317853266,1239.2083421064146,0.092
252,11,2013-04-24,2014-04-10,2013,EURUSD,252,23,-811.0756131319097,-3.218554020364721,-59.311948755460826,619.4813785476373,0.114
252,11,2013-04-24,2014-04-10,2013,GBPUSD,252,26,-700.8595795895767,-2.7811888078951457,46.76216311655976,744.4402611332205,0.174
252,11,2013-04-24,2014-04-10,2013,AUDUSD,252,21,1210.5190157811912,4.8036468880206,24.766716695620993,981.6752269229872,0.89
252,11,2013-04-24,2014-04-10,2013,USDJPY,252,29,-1506.0721061466638,-5.97647661169311,-41.200398075179244,1024.4713884265627,0.07
252,11,2013-04-24,2014-04-10,2013,USDCHF,252,19,-867.8060570073875,-3.4436748293943946,-45.25105493444673,869.7041368750107,0.162
252,11,2013-04-24,2014-04-10,2013,USDCAD,252,31,-1144.9170471903265,-4.543321615834629,-51.394454356198054,647.3861428293061,0.042
252,11,2013-04-24,2014-04-10,2013,EURJPY,252,29,-575.4129647924136,-2.2833847809222765,7.555216735928358,830.4888588653051,0.242
252,11,2013-04-24,2014-04-10,2013,GBPJPY,252,32,-177.88202968640138,-0.7058810701841325,-114.27339508950705,929.9515189963752,0.48
252,11,2013-04-24,2014-04-10,2013,XAUUSD,251,20,-450.1050742526798,-1.7932473077796007,34.3412319156538,1888.5014887290822,0.41
252,11,2013-04-24,2014-04-10,2013,XAGUSD,251,24,676.0446386591947,2.69340493489719,-653.5139274823689,2759.0101100924226,0.666
252,11,2013-04-24,2014-04-10,2013,WTI,249,21,-858.3871831180182,-3.447338084811318,-161.9385284355037,1801.2280883385451,0.35
252,11,2013-04-24,2014-04-10,2013,UKOIL,238,22,-820.635700993689,-3.4480491638390296,-220.85465172614704,1372.7292922084753,0.326
252,11,2013-04-24,2014-04-10,2013,US500,249,18,-421.2602349707356,-1.6918081725732355,-59.90810051518182,1065.0796112718856,0.356
252,11,2013-04-24,2014-04-10,2013,USTECH,242,15,889.1900345659001,3.6743389858095044,-174.30393846358214,1390.8468776700422,0.766
252,12,2013-10-17,2014-10-03,2013,EURUSD,252,19,580.2086229781169,2.3024151705480826,-34.82114789205573,592.7759856828972,0.856
252,12,2013-10-17,2014-10-03,2013,GBPUSD,252,25,202.51363496323415,0.8036255355683894,-17.695921056929436,571.6754196769816,0.65
252,12,2013-10-17,2014-10-03,2013,AUDUSD,252,37,18.534050067234006,0.07354781772711907,-146.44387030081262,833.0624301254005,0.578
252,12,2013-10-17,2014-10-03,2013,USDJPY,252,31,1094.0159734036415,4.341333227792228,-85.11491189099304,665.9045541725172,0.966
252,12,2013-10-17,2014-10-03,2013,USDCHF,252,20,555.3930148251327,2.203940535020368,-22.166859264958607,612.6564132450948,0.822
252,12,2013-10-17,2014-10-03,2013,USDCAD,252,28,168.73114916595426,0.6695680522458503,-97.20554794623118,567.3125221009949,0.668
252,12,2013-10-17,2014-10-03,2013,EURJPY,252,30,78.65521476505893,0.31212386811531323,29.203777575213497,712.4839174800892,0.552
252,12,2013-10-17,2014-10-03,2013,GBPJPY,252,27,541.6171754910858,2.1492745059170075,-53.08217337833646,724.1250948358436,0.788
252,12,2013-10-17,2014-10-03,2013,XAUUSD,250,24,-244.7873420335402,-0.9791493681341608,22.94721042599104,1305.146786918261,0.408
252,12,2013-10-17,2014-10-03,2013,XAGUSD,250,23,2017.1903406494584,8.068761362597833,-320.65437118559936,2251.45539538479,0.83
252,12,2013-10-17,2014-10-03,2013,WTI,247,14,-233.1855987082614,-0.9440712498310179,-144.60139196665386,1581.0260409015923,0.502
252,12,2013-10-17,2014-10-03,2013,UKOIL,249,17,1524.9139281051202,6.12415232170731,-138.66760512920143,1321.5435708571295,0.898
252,12,2013-10-17,2014-10-03,2013,US500,249,21,-209.12692834539166,-0.8398671821100067,-107.02649470041015,863.8758542690761,0.466
252,12,2013-10-17,2014-10-03,2013,USTECH,247,17,839.6981667132844,3.3995877194869815,-180.04487561353233,1208.129073060599,0.792
252,13,2014-04-11,2015-03-30,2014,EURUSD,252,22,1427.5853515088447,5.66502123614621,15.056627736545313,954.322494734588,0.922
252,13,2014-04-11,2015-03-30,2014,GBPUSD,252,13,1200.8265005705475,4.765184526073601,-20.516403863868018,629.0969802239597,0.974
252,13,2014-04-11,2015-03-30,2014,AUDUSD,252,41,178.87580235408694,0.709824612516218,-139.53002238130853,899.0562568207962,0.654
252,13,2014-04-11,2015-03-30,2014,USDJPY,252,26,281.422371371519,1.1167554419504722,5.680196270417686,921.737000006346,0.608
252,13,2014-04-11,2015-03-30,2014,USDCHF,252,23,-1353.5597557905464,-5.371268872184708,-114.304712313953,1615.305787855938,0.248
252,13,2014-04-11,2015-03-30,2014,USDCAD,252,25,761.5566297526861,3.0220501180662147,-64.7536744204942,769.7853402729189,0.854
252,13,2014-04-11,2015-03-30,2014,EURJPY,252,32,988.6157229918379,3.9230782658406262,-60.38784938597775,916.2948810257466,0.886
252,13,2014-04-11,2015-03-30,2014,GBPJPY,252,21,138.74598119485796,0.5505792904557856,-18.448029074397077,941.7229310412514,0.568
252,13,2014-04-11,2015-03-30,2014,XAUUSD,251,28,-756.9882791408791,-3.0158895583301955,-205.28506435055724,1269.7552448845493,0.326
252,13,2014-04-11,2015-03-30,2014,XAGUSD,251,16,1338.3302868035478,5.331993174516127,-407.81537354295955,2149.503902869842,0.8
252,13,2014-04-11,2015-03-30,2014,WTI,245,15,4108.610241705863,16.769837721248418,-96.54929346058776,3734.3540017218243,0.874
252,13,2014-04-11,2015-03-30,2014,UKOIL,249,12,5764.323478444459,23.149893487728754,-167.74463587640582,3935.9669671611446,0.93
252,13,2014-04-11,2015-03-30,2014,US500,249,25,-1258.722899333678,-5.055112045516779,-117.84308256459126,1119.9332070980045,0.146
252,13,2014-04-11,2015-03-30,2014,USTECH,249,22,221.57245535113321,0.8898492182776434,-148.9522655281897,1333.8821678112743,0.614
252,14,2014-10-06,2015-09-22,2014,EURUSD,252,24,207.37588151850287,0.8229201647559637,-101.45660434152258,1119.5099255390212,0.582
252,14,2014-10-06,2015-09-22,2014,GBPUSD,252,26,194.4643265361451,0.7716838354608933,43.35626897494261,761.6986975582724,0.596
252,14,2014-10-06,2015-09-22,2014,AUDUSD,252,32,-122.92764310099665,-0.4878081075436375,-119.19707590343548,1123.0238082741623,0.5
252,14,2014-10-06,2015-09-22,2014,USDJPY,252,32,-176.37100455719278,-0.6998849387190189,-19.46030868373874,1030.1168043198072,0.45
252,14,2014-10-06,2015-09-22,2014,USDCHF,252,24,-2616.391707974005,-10.382506777674623,-13.87443304646793,1642.9170842070478,0.052
252,14,2014-10-06,2015-09-22,2014,USDCAD,252,21,910.1768555742739,3.6118129189455312,-40.23466752250637,948.4031309528217,0.82
252,14,2014-10-06,2015-09-22,2014,EURJPY,252,27,1293.3206416838018,5.132224768586515,89.42702315241591,1190.8293597717202,0.836
252,14,2014-10-06,2015-09-22,2014,GBPJPY,252,13,829.2682335583232,3.2907469585647746,-72.13848947475233,1113.8227483789972,0.776
252,14,2014-10-06,2015-09-22,2014,XAUUSD,251,24,-1635.262098349543,-6.514988439639613,-272.858937989025,1353.932731436604,0.156
252,14,2014-10-06,2015-09-22,2014,XAGUSD,251,19,-3701.8019162535415,-14.748214805791003,-414.13869107936455,2243.499050132121,0.064
252,14,2014-10-06,2015-09-22,2014,WTI,249,21,3710.654155658246,14.902225524731913,-51.70541081653474,4438.504119305422,0.79
252,14,2014-10-06,2015-09-22,2014,UKOIL,249,13,4392.723921830166,17.641461533454482,-359.98323366229585,4674.958330819638,0.836
252,14,2014-10-06,2015-09-22,2014,US500,250,37,-2050.514497768196,-8.202057991072785,-178.46526098086443,1466.281361362523,0.1
252,14,2014-10-06,2015-09-22,2014,USTECH,249,31,-1014.6965184373574,-4.075086419427138,-206.37784020660484,1710.6958784125409,0.32
252,15,2015-03-31,2016-03-17,2015,EURUSD,252,27,-769.6948983297752,-3.0543448346419653,4.417833366491824,1003.8350062557458,0.236
252,15,2015-03-31,2016-03-17,2015,GBPUSD,252,26,-566.6026257329052,-2.248423117987719,35.03776764680438,862.9871726003621,0.266
252,15,2015-03-31,2016-03-17,2015,AUDUSD,252,29,90.74431128498759,0.36009647335312533,-79.87825976564505,1145.370979365821,0.558
252,15,2015-03-31,2016-03-17,2015,USDJPY,252,28,974.527377460455,3.8671721327795834,4.791264663238039,837.0534462212141,0.874
252,15,2015-03-31,2016-03-17,2015,USDCHF,252,17,-116.75556033565653,-0.46331571561768464,-56.80588595587955,984.2342414976562,0.49
252,15,2015-03-31,2016-03-17,2015,USDCAD,252,11,1368.9263029269302,5.432247233837025,-47.44733548135035,984.1060955132342,0.922
252,15,2015-03-31,2016-03-17,2015,EURJPY,252,24,-813.8058052676515,-3.2293881161414744,-99.58963847901052,1003.1313542677038,0.244
252,15,2015-03-31,2016-03-17,2015,GBPJPY,252,12,2070.5836709721743,8.2166018689372,92.74038677632937,1230.6611494176502,0.95
252,15,2015-03-31,2016-03-17,2015,XAUUSD,250,21,1104.9602318431555,4.419840927372622,-24.471229175496653,1468.8621348254806,0.788
252,15,2015-03-31,2016-03-17,2015,XAGUSD,250,26,-2885.326788024874,-11.541307152099495,-645.1871237138031,2069.5373104418336,0.15
252,15,2015-03-31,2016-03-17,2015,WTI,250,33,327.0839330859344,1.3083357323437377,-242.55967751972517,4423.82450588523,0.564
252,15,2015-03-31,2016-03-17,2015,UKOIL,250,25,650.6628182497725,2.60265127299909,-624.6378347719246,4334.1757483365245,0.638
252,15,2015-03-31,2016-03-17,2015,US500,251,39,-246.32233353459947,-0.9813638786239023,-228.47373283304597,1591.8769790511603,0.506
252,15,2015-03-31,2016-03-17,2015,USTECH,250,41,-1337.557513524058,-5.350230054096232,-335.5598899240343,1875.9200468354443,0.3
252,16,2015-09-23,2016-09-09,2015,EURUSD,252,27,-892.5313553249373,-3.541791092559275,-34.60532089422171,868.3863049804761,0.158
252,16,2015-09-23,2016-09-09,2015,GBPUSD,252,27,-964.2675946600452,-3.8264587089684334,-34.19583106859052,1311.6660769372286,0.272
252,16,2015-09-23,2016-09-09,2015,AUDUSD,252,26,34.43443417287915,0.13664458005110774,-35.22120839687321,1029.3259327166666,0.536
252,16,2015-09-23,2016-09-09,2015,USDJPY,252,30,406.89794037097727,1.614674366551497,-14.488244116092108,1114.3180222428746,0.656
252,16,2015-09-23,2016-09-09,2015,USDCHF,252,17,-62.86191118273851,-0.2494520285029306,0.48756272634415293,894.5935252342725,0.492
252,16,2015-09-23,2016-09-09,2015,USDCAD,252,14,467.86152181147236,1.8565933405217157,-18.92400204973607,982.4584849099834,0.708
252,16,2015-09-23,2016-09-09,2015,EURJPY,252,21,-662.6598270181408,-2.6296024881672255,2.872268147742425,1055.588779745065,0.272
252,16,2015-09-23,2016-09-09,2015,GBPJPY,252,21,1334.604361122932,5.296049052075127,1.7878201658868584,1841.3199257634974,0.756
252,16,2015-09-23,2016-09-09,2015,XAUUSD,250,30,638.5186289014507,2.554074515605803,-260.24817538792917,1551.0516653623642,0.694
252,16,2015-09-23,2016-09-09,2015,XAGUSD,250,25,327.3877761002153,1.3095511044008612,-550.6018638871201,2533.67923500913,0.634
252,16,2015-09-23,2016-09-09,2015,WTI,250,32,-1273.6872351549823,-5.0947489406199296,-711.8559865191351,4665.027392597016,0.46
252,16,2015-09-23,2016-09-09,2015,UKOIL,250,34,-1065.0231574675076,-4.260092629870031,-634.1502356062364,4528.183617711574,0.478
252,16,2015-09-23,2016-09-09,2015,US500,250,31,-213.08992682620874,-0.8523597073048349,-77.18519212158346,1297.7701560405899,0.45
252,16,2015-09-23,2016-09-09,2015,USTECH,250,25,561.2445001925169,2.2449780007700673,-205.2491022061085,1777.7623453757255,0.652
252,17,2016-03-18,2017-03-06,2016,EURUSD,252,19,23.052802692073215,0.0914793757621953,30.43974164836576,701.1375519631913,0.492
252,17,2016-03-18,2017-03-06,2016,GBPUSD,252,28,-589.0607139338795,-2.337542515610633,-40.37168488435658,1310.2159577916898,0.36
252,17,2016-03-18,2017-03-06,2016,AUDUSD,252,23,-400.91183795910945,-1.590919991901228,-59.57546802635239,942.7400832779753,0.374
252,17,2016-03-18,2017-03-06,2016,USDJPY,252,33,514.6101789009872,2.042103884527727,-87.95885151149434,1212.0417468536891,0.698
252,17,2016-03-18,2017-03-06,2016,USDCHF,252,25,-655.4992565762185,-2.6011875260961053,-1.2758996363261794,730.1588917026901,0.188
252,17,2016-03-18,2017-03-06,2016,USDCAD,252,25,-952.0987828640278,-3.7781697732699517,-49.18802985779354,746.5814452371188,0.114
252,17,2016-03-18,2017-03-06,2016,EURJPY,252,24,247.55893072104928,0.982376709210513,-48.23346324175434,1000.0807457828608,0.622
252,17,2016-03-18,2017-03-06,2016,GBPJPY,252,26,1143.6126408536882,4.538145400213049,-119.97757670245335,1953.6792036822765,0.73
252,17,2016-03-18,2017-03-06,2016,XAUUSD,251,24,-744.2326446266684,-2.965070297317404,-134.27427925323374,1451.217596856172,0.368
252,17,2016-03-18,2017-03-06,2016,XAGUSD,251,16,814.2633625320776,3.2440771415620624,-670.505036820969,2583.7230641798933,0.69
252,17,2016-03-18,2017-03-06,2016,WTI,249,27,-4435.879914527814,-17.814778773204075,55.13017332387925,3404.295524749687,0.092
252,17,2016-03-18,2017-03-06,2016,UKOIL,249,35,-3662.5204858204615,-14.708917613736793,-195.09730900865654,3283.2941892703047,0.154
252,17,2016-03-18,2017-03-06,2016,US500,249,30,-529.7471021760194,-2.127498402313331,-166.24827799654997,895.9459551301552,0.336
252,17,2016-03-18,2017-03-06,2016,USTECH,249,18,89.4187500051024,0.3591114458036241,-115.26328136653328,1169.7674429327253,0.584
252,18,2016-09-12,2017-08-10,2016,EURUSD,239,12,883.4736306441073,3.696542387632248,18.598767111863797,778.198718011381,0.864
252,18,2016-09-12,2017-08-10,2016,GBPUSD,239,20,-72.5708040209966,-0.30364353146860507,-0.8652528056635274,921.7720327598164,0.474
252,18,2016-09-12,2017-08-10,2016,AUDUSD,239,17,176.9847379625852,0.7405219161614444,-51.78554320707495,861.4064427470144,0.592
252,18,2016-09-12,2017-08-10,2016,USDJPY,239,25,858.5425318128405,3.5922281665809224,-94.16814377650697,944.6028505718224,0.848
252,18,2016-09-12,2017-08-10,2016,USDCHF,239,29,-447.9024490465177,-1.874068824462417,-66.68490730487525,681.813770357124,0.288
252,18,2016-09-12,2017-08-10,2016,USDCAD,239,20,107.84204217594453,0.45122193379056286,-35.34225471676596,685.1558164212373,0.59
252,18,2016-09-12,2017-08-10,2016,EURJPY,239,20,303.7169983426786,1.2707824198438435,-82.36549531587673,934.2572074319548,0.682
252,18,2016-09-12,2017-08-10,2016,GBPJPY,239,17,1455.6982961404838,6.090787849960183,-50.605275643097485,1274.6643519282975,0.886
252,18,2016-09-12,2017-08-10,2016,XAUUSD,238,15,-382.37478021970486,-1.6066167236122053,-150.7026142596116,1248.0001623071144,0.406
252,18,2016-09-12,2017-08-10,2016,XAGUSD,238,15,-857.5361595595909,-3.603093107393239,-360.18584962690886,2064.306862179688,0.414
252,18,2016-09-12,2017-08-10,2016,WTI,236,22,-4060.185705583134,-17.2041767185726,-424.6220158369226,2742.71661818075,0.09
252,18,2016-09-12,2017-08-10,2016,UKOIL,236,30,-3828.1683556957223,-16.22105235464289,-215.15781443770945,2809.929208595301,0.094
252,18,2016-09-12,2017-08-10,2016,US500,236,17,264.4739627471437,1.1206523845217953,-55.81791761633306,689.4689551338801,0.676
252,18,2016-09-12,2017-08-10,2016,USTECH,236,19,150.97313107538207,0.6397166570990765,-60.0484786660651,1064.7683568693956,0.564
252,19,2017-03-07,2018-01-08,2017,EURUSD,220,19,-38.99173419238184,-0.17723515541991747,13.169623231220172,658.041838482087,0.46
252,19,2017-03-07,2018-01-08,2017,GBPUSD,220,23,-287.78532486513797,-1.3081151130233544,-0.8333994044993742,674.2986858712361,0.346
252,19,2017-03-07,2018-01-08,2017,AUDUSD,220,17,185.74052729284563,0.8442751240583892,-58.06075690567662,737.7230335277097,0.608
252,19,2017-03-07,2018-01-08,2017,USDJPY,220,23,-388.8011507057157,-1.7672779577532531,19.717709239398623,697.9158058369974,0.28
252,19,2017-03-07,2018-01-08,2017,USDCHF,220,26,-654.9653121495696,-2.9771150552253163,-9.297147484432237,603.3284077009722,0.14
252,19,2017-03-07,2018-01-08,2017,USDCAD,220,17,169.83814550968407,0.7719915704985639,-69.77600325464763,749.2682641502529,0.622
252,19,2017-03-07,2018-01-08,2017,EURJPY,220,29,-512.4687727397306,-2.3294035124533212,-49.028743320488346,816.4926353095209,0.274
252,19,2017-03-07,2018-01-08,2017,GBPJPY,220,15,-58.81786459270856,-0.2673539299668571,-4.9429155161694505,972.4349996090441,0.468
252,19,2017-03-07,2018-01-08,2017,XAUUSD,219,22,-734.3756278571921,-3.3533133692109227,-92.80401861803394,1017.9002356274319,0.268
252,19,2017-03-07,2018-01-08,2017,XAGUSD,219,24,-2319.5626963496766,-10.59161048561496,-620.9186299024232,1728.8637454827833,0.158
252,19,2017-03-07,2018-01-08,2017,WTI,219,21,-1742.3376062981577,-7.955879480813505,-447.4353055771026,2493.771541037862,0.304
252,19,2017-03-07,2018-01-08,2017,UKOIL,217,21,-1427.1273920380836,-6.576623926442782,-274.22499727303483,2311.554229883048,0.324
252,19,2017-03-07,2018-01-08,2017,US500,217,8,920.8888231397473,4.243727295574872,-16.923145013427586,635.8357815283348,0.93
252,19,2017-03-07,2018-01-08,2017,USTECH,217,14,729.2105552776976,3.3604173054271778,-55.46910910203117,970.0880665796532,0.792
252,19,2017-03-07,2018-01-08,2017,BTCUSD,186,20,9530.596054932324,51.23976373619529,-1459.271862785801,9423.701524344711,0.878
252,20,2017-08-11,2018-06-05,2017,EURUSD,213,23,11.106624452738913,0.05214377677342213,-15.806602360644955,608.9835905495236,0.508
252,20,2017-08-11,2018-06-05,2017,GBPUSD,213,19,725.6145086929432,3.4066408858823625,-93.42352367726974,760.6524017635738,0.866
252,20,2017-08-11,2018-06-05,2017,AUDUSD,213,16,222.14510726974282,1.0429347759142855,-72.88045894489252,729.8101935897282,0.642
252,20,2017-08-11,2018-06-05,2017,USDJPY,213,19,95.02258395334832,0.4461154176213536,-55.50933636629693,577.3455555594322,0.616
252,20,2017-08-11,2018-06-05,2017,USDCHF,213,14,530.788108190381,2.491962949250615,-17.587808339857634,638.3728403982096,0.786
252,20,2017-08-11,2018-06-05,2017,USDCAD,213,19,-69.70521177809349,-0.32725451539011025,-51.09072998084473,683.5319948127254,0.486
252,20,2017-08-11,2018-06-05,2017,EURJPY,213,35,-1178.9273908493692,-5.534870379574503,-28.10228046891919,645.886124851408,0.038
252,20,2017-08-11,2018-06-05,2017,GBPJPY,213,18,-963.726237633286,-4.524536326916836,-29.612517798937166,891.9178122344907,0.14
252,20,2017-08-11,2018-06-05,2017,XAUUSD,212,23,-567.8936912570562,-2.678743826684227,-110.34580334763145,821.6439900109507,0.294
252,20,2017-08-11,2018-06-05,2017,XAGUSD,212,39,-3851.778523731852,-18.168766621376662,-1001.3056672864549,1331.0574976447647,0.012
252,20,2017-08-11,2018-06-05,2017,WTI,212,21,-176.800711475411,-0.833965620167033,-84.97833071602095,1974.6063564510473,0.482
252,20,2017-08-11,2018-06-05,2017,UKOIL,210,11,2530.8568630337186,12.051699347779612,-223.2938331101764,2113.232129745338,0.898
252,20,2017-08-11,2018-06-05,2017,US500,210,14,-232.67865578756937,-1.1079935989884255,-1.469489161338941,1011.7071507443809,0.384
252,20,2017-08-11,2018-06-05,2017,USTECH,210,16,-473.0602256009666,-2.252667740956984,-28.86865954301103,1434.771223751095,0.378
252,20,2017-08-11,2018-06-05,2017,BTCUSD,251,15,17301.690509869914,68.93103788792794,-1313.2100602187356,10116.585610755028,0.962
252,21,2018-01-09,2018-10-30,2018,EURUSD,211,25,66.65597722874901,0.3159051053495214,-29.07684060881261,674.1876674933392,0.568
252,21,2018-01-09,2018-10-30,2018,GBPUSD,211,11,1515.8114498792436,7.183940520754709,19.182905474028285,837.2238217528737,0.98
252,21,2018-01-09,2018-10-30,2018,AUDUSD,211,25,-616.4277000198617,-2.921458293932994,-18.147990701802033,712.5821967532628,0.18
252,21,2018-01-09,2018-10-30,2018,USDJPY,211,18,198.96641334912655,0.9429687836451496,-63.27146255397018,547.3350502532742,0.706
252,21,2018-01-09,2018-10-30,2018,USDCHF,211,13,1008.6944522412997,4.780542427683885,-6.978999905265217,726.2329239072031,0.92
252,21,2018-01-09,2018-10-30,2018,USDCAD,211,21,158.0066356984338,0.7488466146845204,-29.988422495078243,612.0537830631616,0.616
252,21,2018-01-09,2018-10-30,2018,EURJPY,211,21,-877.2627091656582,-4.157643171401223,-32.45039490436755,679.9495505081184,0.102
252,21,2018-01-09,2018-10-30,2018,GBPJPY,211,19,-560.7760486140925,-2.6577063915359833,9.530445553777518,793.9319083679723,0.224
252,21,2018-01-09,2018-10-30,2018,XAUUSD,210,20,-400.25399567418634,-1.905971407972316,-45.61634806822074,747.8706627020434,0.308
252,21,2018-01-09,2018-10-30,2018,XAGUSD,210,27,-1882.199370448384,-8.962854144992304,-756.8122954690537,1148.7196948687865,0.156
252,21,2018-01-09,2018-10-30,2018,WTI,210,13,-309.02002037968873,-1.4715239065699464,-74.45704744713436,2287.69699289101,0.492
252,21,2018-01-09,2018-10-30,2018,UKOIL,210,13,587.2922344155053,2.7966296876928824,-54.62253169041685,2042.3732754517732,0.626
252,21,2018-01-09,2018-10-30,2018,US500,210,21,-807.487062100812,-3.8451764861943425,-158.08049266625707,1164.6824864841035,0.3
252,21,2018-01-09,2018-10-30,2018,USTECH,210,21,-570.8302275497665,-2.718239178808412,-86.7461791919821,1615.9831695195728,0.372
252,21,2018-01-09,2018-10-30,2018,BTCUSD,252,16,1088.8181788974453,4.320707059116846,-543.1732340687757,7064.463087027504,0.58
252,22,2018-06-06,2019-03-26,2018,EURUSD,210,38,-1182.3130712975872,-5.6300622442742245,-84.23191247903239,563.8322908352131,0.028
252,22,2018-06-06,2019-03-26,2018,GBPUSD,210,17,-51.05205163871494,-0.2431050078034045,-31.620619153969336,677.1927608579439,0.48
252,22,2018-06-06,2019-03-26,2018,AUDUSD,210,29,-1163.5221853396733,-5.540581834950825,-94.01802323764787,774.248888975102,0.088
252,22,2018-06-06,2019-03-26,2018,USDJPY,210,21,-241.65986108198882,-1.1507612432475658,-67.91867469511688,526.6371668465226,0.356
252,22,2018-06-06,2019-03-26,2018,USDCHF,210,16,-154.97384417294282,-0.7379706865378229,-26.35593663332933,447.9712439195824,0.408
252,22,2018-06-06,2019-03-26,2018,USDCAD,210,20,279.71628825253106,1.3319823250120526,-80.83232579698856,573.2484584127012,0.764
252,22,2018-06-06,2019-03-26,2018,EURJPY,210,22,-459.1611911833158,-2.1864818627776943,-79.09166078207072,689.6194115277557,0.298
252,22,2018-06-06,2019-03-26,2018,GBPJPY,210,20,-148.02895977225694,-0.7048998084393188,-8.980511217969925,838.3857098286857,0.42
252,22,2018-06-06,2019-03-26,2018,XAUUSD,210,18,202.0733211293938,0.9622539101399705,-59.99392650244094,769.9376765918851,0.644
252,22,2018-06-06,2019-03-26,2018,XAGUSD,210,12,1077.6260005518516,5.131552383580246,-319.1123004246707,1244.5511999248831,0.86
252,22,2018-06-06,2019-03-26,2018,WTI,210,7,3727.921064373052,17.752005068443104,-65.0873096708263,3382.1468670078802,0.852
252,22,2018-06-06,2019-03-26,2018,UKOIL,208,13,1603.064806005502,7.707042336564914,0.7341032243610535,2840.9288316739003,0.732
252,22,2018-06-06,2019-03-26,2018,US500,210,18,961.6348818320087,4.579213723009565,27.819951136548415,1587.6421475261143,0.728
252,22,2018-06-06,2019-03-26,2018,USTECH,210,20,181.1799373952093,0.8627616066438538,-29.61153062721511,1711.7087945572225,0.536
252,22,2018-06-06,2019-03-26,2018,BTCUSD,252,25,-4798.232952354582,-19.040606953788025,-2076.2857824707903,6081.053067937421,0.322
252,23,2018-10-31,2019-08-20,2018,EURUSD,210,34,-878.2878884714556,-4.182323278435503,-58.73575775006365,473.7973209001555,0.032
252,23,2018-10-31,2019-08-20,2018,GBPUSD,210,20,-207.5130963484114,-0.9881576016591019,-81.50548885647284,729.6455223793478,0.448
252,23,2018-10-31,2019-08-20,2018,AUDUSD,210,28,-499.7802390133812,-2.37990590006372,-92.80242307906786,673.589534784037,0.284
252,23,2018-10-31,2019-08-20,2018,USDJPY,210,24,-64.5574130593148,-0.3074162526634038,-70.52640519667126,514.1472249510374,0.502
252,23,2018-10-31,2019-08-20,2018,USDCHF,210,13,57.861251976229994,0.2755297713153809,-41.61151331834608,438.6207511521474,0.594
252,23,2018-10-31,2019-08-20,2018,USDCAD,210,16,580.3725062127126,2.763678601012917,-28.673833525687012,489.9153769004055,0.9
252,23,2018-10-31,2019-08-20,2018,EURJPY,210,28,-36.68249011460763,-0.17467852435527442,-27.86100932381257,570.5300167799892,0.486
252,23,2018-10-31,2019-08-20,2018,GBPJPY,210,18,570.1938818120375,2.7152089610097025,24.152730639720946,822.4159055351408,0.756
252,23,2018-10-31,2019-08-20,2018,XAUUSD,209,24,1571.6381350394142,7.519799689183801,-135.6569867618053,1115.8037260882145,0.94
252,23,2018-10-31,2019-08-20,2018,XAGUSD,209,19,1242.0674337098667,5.942906381386922,-421.00460898075846,1413.3305693945194,0.882
252,23,2018-10-31,2019-08-20,2018,WTI,209,8,2355.621538429631,11.270916451816417,-76.96115783219125,3275.6232609148765,0.778
252,23,2018-10-31,2019-08-20,2018,UKOIL,207,10,2493.1079023243133,12.043999528136778,-150.23017955846535,3018.7441165264454,0.796
252,23,2018-10-31,2019-08-20,2018,US500,209,12,1237.079525060951,5.919040789765316,38.28406836733942,1506.3525084719643,0.792
252,23,2018-10-31,2019-08-20,2018,USTECH,209,14,129.96870138933332,0.621859815259968,-80.28650892647532,1645.7824188892148,0.552
252,23,2018-10-31,2019-08-20,2018,BTCUSD,252,23,4922.997313823862,19.535703626285166,-1195.7943602214052,7423.669624417733,0.794
252,24,2019-03-27,2020-01-14,2019,EURUSD,210,24,-293.2678962773331,-1.3965137917968242,-54.45319026974586,366.91642275741134,0.274
252,24,2019-03-27,2020-01-14,2019,GBPUSD,210,21,454.775761698344,2.1655988652302094,-37.715653710614774,706.305885883804,0.742
252,24,2019-03-27,2020-01-14,2019,AUDUSD,210,23,-662.1961249906434,-3.1533148809078257,-80.85272902454223,592.846967226203,0.166
252,24,2019-03-27,2020-01-14,2019,USDJPY,210,29,-381.0907652973931,-1.8147179299875862,-80.51139324780446,480.9671816498968,0.28
252,24,2019-03-27,2020-01-14,2019,USDCHF,210,26,57.7042619655859,0.27478219983612334,-78.06790128558966,496.61480848573797,0.604
252,24,2019-03-27,2020-01-14,2019,USDCAD,210,23,-246.05611753942293,-1.171695797806776,-36.27161035971364,389.32038800094216,0.29
252,24,2019-03-27,2020-01-14,2019,EURJPY,210,31,-390.3414335586332,-1.8587687312315866,-58.4347305257837,541.5887841794214,0.288
252,24,2019-03-27,2020-01-14,2019,GBPJPY,210,20,1161.8349308224306,5.532547289630622,-4.899096987611954,939.7324900539278,0.886
252,24,2019-03-27,2020-01-14,2019,XAUUSD,209,31,1414.494827448665,6.767917834682608,-81.25373271419743,1123.6172503197147,0.902
252,24,2019-03-27,2020-01-14,2019,XAGUSD,209,17,1854.1188108921247,8.871381870297247,-408.7767922847182,1709.2142042241778,0.908
252,24,2019-03-27,2020-01-14,2019,WTI,209,17,-3026.5205464490555,-14.480959552387825,-152.35154363023426,2568.649596474649,0.13
252,24,2019-03-27,2020-01-14,2019,UKOIL,207,16,-2543.6606999381393,-12.288215941730142,30.592090677788292,2345.020720520115,0.124
252,24,2019-03-27,2020-01-14,2019,US500,209,9,1218.515664928585,5.830218492481268,-65.05067961999396,1012.0855234923604,0.904
252,24,2019-03-27,2020-01-14,2019,USTECH,209,10,960.5679359489413,4.596018832291585,29.019427180238658,1391.1191980272597,0.74
252,24,2019-03-27,2020-01-14,2019,BTCUSD,252,28,3171.4892992449695,12.585274997003847,-1881.6990402734336,7495.538305875523,0.748
252,25,2019-08-21,2020-06-09,2019,EURUSD,210,25,-807.7411851806673,-3.846386596098416,-53.38536011699221,671.6804345700806,0.134
252,25,2019-08-21,2020-06-09,2019,GBPUSD,210,27,-242.5077185950987,-1.1547986599766604,-13.164618188169898,1224.7786662981134,0.414
252,25,2019-08-21,2020-06-09,2019,AUDUSD,210,9,1147.1596353961584,5.462664930457897,79.03164895375356,1346.8315511720136,0.78
252,25,2019-08-21,2020-06-09,2019,USDJPY,210,31,-1084.5786557333918,-5.164660265397104,-128.4581725168207,782.1945292957512,0.118
252,25,2019-08-21,2020-06-09,2019,USDCHF,210,32,-616.5247486199487,-2.93583213628547,3.5879696192691264,695.796834489819,0.18
252,25,2019-08-21,2020-06-09,2019,USDCAD,210,23,155.41219683632426,0.7400580801729727,-17.361456332898445,759.3458820177217,0.594
252,25,2019-08-21,2020-06-09,2019,EURJPY,210,37,-929.481407994132,-4.4261019428292006,-32.11315236663504,749.6554589575057,0.122
252,25,2019-08-21,2020-06-09,2019,GBPJPY,210,25,-69.22309875259288,-0.3296338035837756,-81.30405740226512,1217.6132803446292,0.514
252,25,2019-08-21,2020-06-09,2019,XAUUSD,209,31,-1240.0339033854348,-5.933176571222176,-79.67184373506,1566.7984177904307,0.252
252,25,2019-08-21,2020-06-09,2019,XAGUSD,209,16,1444.2286996388525,6.910185165736136,-288.0803223452655,3386.561460101566,0.7
252,25,2019-08-21,2020-06-09,2019,WTI,209,13,8018.0300870144165,38.363780320643144,-359.14146498919285,9471.627255446716,0.798
252,25,2019-08-21,2020-06-09,2019,UKOIL,207,16,3392.3933399070056,16.388373622739156,-335.8306918626595,7387.895888994605,0.678
252,25,2019-08-21,2020-06-09,2019,US500,209,12,2628.8984659154316,12.57846155940398,1.9521800680798187,2765.373768944733,0.818
252,25,2019-08-21,2020-06-09,2019,USTECH,209,5,3282.3128392851804,15.704846120981724,136.35079663724107,2696.359847215615,0.878
252,25,2019-08-21,2020-06-09,2019,BTCUSD,252,28,1309.880429190709,5.197938211074242,-1278.4931408489008,6288.742207202203,0.646
252,26,2020-01-15,2020-10-22,2020,EURUSD,202,25,-427.2134321347635,-2.1149179808651657,-49.90501094544716,700.2990534509307,0.306
252,26,2020-01-15,2020-10-22,2020,GBPUSD,202,21,-438.5981603507112,-2.1712780215381744,-66.57407196622208,1182.9016431110333,0.372
252,26,2020-01-15,2020-10-22,2020,AUDUSD,202,8,1858.5507060659497,9.200746069633414,13.127697128866874,1441.3620869405938,0.902
252,26,2020-01-15,2020-10-22,2020,USDJPY,202,35,-1078.2067089532097,-5.337656975015889,-135.409805671209,788.1396820117404,0.112
252,26,2020-01-15,2020-10-22,2020,USDCHF,202,26,-285.29794161834604,-1.4123660476155744,-30.484380474572934,724.6627201851545,0.366
252,26,2020-01-15,2020-10-22,2020,USDCAD,202,22,189.88204664615506,0.9400101319116587,-24.186750653513165,780.9310195366959,0.608
252,26,2020-01-15,2020-10-22,2020,EURJPY,202,26,-547.0739505253619,-2.70828688378892,-64.25197073145873,706.3351075627221,0.252
252,26,2020-01-15,2020-10-22,2020,GBPJPY,202,19,-760.8364041034207,-3.766516851997132,-1.2979937539484236,1088.1008145651178,0.232
252,26,2020-01-15,2020-10-22,2020,XAUUSD,201,26,-466.92491910977014,-2.323009547809802,-103.04720211582631,1809.950179982786,0.422
252,26,2020-01-15,2020-10-22,2020,XAGUSD,201,22,4038.0721642518574,20.089911264934614,-318.5167781985135,4661.289318547153,0.822
252,26,2020-01-15,2020-10-22,2020,WTI,201,7,10523.274352849785,52.35459877039694,-30.671136846458843,10273.055509315433,0.842
252,26,2020-01-15,2020-10-22,2020,UKOIL,201,11,7710.737962460373,38.36188041025061,-244.8391589301161,7390.792440991273,0.854
252,26,2020-01-15,2020-10-22,2020,US500,201,20,1214.8354434373807,6.04395743003672,65.39790952324924,2764.941486750463,0.662
252,26,2020-01-15,2020-10-22,2020,USTECH,201,6,3625.291880378143,18.03627801183156,-97.94470711884709,2910.3608348728326,0.896
252,26,2020-01-15,2020-10-22,2020,BTCUSD,252,30,4020.3518901399966,15.953777341825383,-989.1540223869856,6132.750559549369,0.788
252,27,2020-06-10,2021-02-25,2020,EURUSD,186,26,12.545781090562372,0.06745043597076544,-106.3174470316634,525.340069786594,0.6
252,27,2020-06-10,2021-02-25,2020,GBPUSD,186,10,142.48350371594637,0.7660403425588515,20.18338823322146,681.2321658783197,0.564
252,27,2020-06-10,2021-02-25,2020,AUDUSD,186,12,799.1457536443868,4.296482546475198,-7.4601376915285655,761.5313541403264,0.862
252,27,2020-06-10,2021-02-25,2020,USDJPY,186,32,-367.8311053480326,-1.9775865878926484,-49.378845459666294,437.8392888816215,0.248
252,27,2020-06-10,2021-02-25,2020,USDCHF,186,27,72.41964079517052,0.3893529075009168,-66.10911498625164,510.5978947372885,0.624
252,27,2020-06-10,2021-02-25,2020,USDCAD,186,24,-690.6848205721008,-3.7133592503876387,-32.88775917387343,472.2328626914403,0.076
252,27,2020-06-10,2021-02-25,2020,EURJPY,186,16,-164.44395339623802,-0.8841072763238603,-74.0301355055365,494.7457009506364,0.432
252,27,2020-06-10,2021-02-25,2020,GBPJPY,186,18,-581.8466997356735,-3.128208063095019,-67.90317208514523,673.0275410369652,0.23
252,27,2020-06-10,2021-02-25,2020,XAUUSD,185,18,177.40419028331178,0.9589415690989825,2.3426357896910233,1296.889503910308,0.542
252,27,2020-06-10,2021-02-25,2020,XAGUSD,185,28,172.6574519410915,0.9332835240059,-359.7672128437472,3731.562679154309,0.546
252,27,2020-06-10,2021-02-25,2020,WTI,185,10,5202.132517837615,28.119635231554675,-118.88154599138193,2892.7504245895384,0.966
252,27,2020-06-10,2021-02-25,2020,UKOIL,185,8,5542.28357570073,29.958289598382322,-55.53506248557742,3019.925756117059,0.968
252,27,2020-06-10,2021-02-25,2020,US500,185,18,-1138.5507651342941,-6.154328460185374,29.90541320031655,1511.034768283103,0.236
252,27,2020-06-10,2021-02-25,2020,USTECH,185,10,1678.6520416728852,9.073794819853433,-32.862760709434355,1818.968363623575,0.826
252,27,2020-06-10,2021-02-25,2020,BTCUSD,252,28,10770.874368865114,42.74156495581394,-204.00094212749445,6573.052182874023,0.966
252,28,2020-10-23,2021-07-01,2020,EURUSD,179,19,-60.74219525231459,-0.3393418729179586,-29.52516713652487,475.0399660505111,0.456
252,28,2020-10-23,2021-07-01,2020,GBPUSD,179,11,363.6437117203433,2.0315291157561077,-54.61523363750314,510.4941370415297,0.798
252,28,2020-10-23,2021-07-01,2020,AUDUSD,179,25,248.34882839424085,1.3874236223141947,-54.45660232918909,743.3494863754481,0.686
252,28,2020-10-23,2021-07-01,2020,USDJPY,179,17,260.04924308662044,1.4527890675230193,-48.89247677572354,433.4713519575312,0.768
252,28,2020-10-23,2021-07-01,2020,USDCHF,179,21,816.7082456408402,4.562615897434862,-69.38268474217355,577.4036787450117,0.936
252,28,2020-10-23,2021-07-01,2020,USDCAD,179,19,212.00340079452943,1.184376540751561,-50.855920523596126,516.4279877864902,0.698
252,28,2020-10-23,2021-07-01,2020,EURJPY,179,17,70.27626888683733,0.39260485411640966,-71.68192375621003,442.322874354229,0.644
252,28,2020-10-23,2021-07-01,2020,GBPJPY,179,21,-390.59424224988857,-2.182090738826193,-32.15794755878764,563.5954493096597,0.256
252,28,2020-10-23,2021-07-01,2020,XAUUSD,177,9,928.4619542306049,5.245547764014717,-17.860562245071414,1206.5953259687767,0.784
252,28,2020-10-23,2021-07-01,2020,XAGUSD,177,19,-2442.2077553124127,-13.797783928318715,-171.13976651112603,2165.4071788668657,0.144
252,28,2020-10-23,2021-07-01,2020,WTI,177,8,4505.2761575183295,25.453537613097907,-58.382975399259614,2969.0693792605484,0.932
252,28,2020-10-23,2021-07-01,2020,UKOIL,177,12,2701.580703525564,15.26316781652861,-410.59834081557267,2710.7033144789634,0.858
252,28,2020-10-23,2021-07-01,2020,US500,178,20,-1157.125622455214,-6.500705744130415,-87.65932800836202,1112.06649365924,0.182
252,28,2020-10-23,2021-07-01,2020,USTECH,178,16,541.2114620430731,3.0405138317026577,-26.584190227431847,1513.1051086593316,0.642
252,28,2020-10-23,2021-07-01,2020,BTCUSD,252,23,11490.177946220143,45.59594423103231,-493.01374386121853,7814.769080760382,0.926
252,29,2021-02-26,2021-11-04,2021,EURUSD,180,12,-305.07402372253597,-1.694855687347422,-42.36411897444763,467.2261660610153,0.294
252,29,2021-02-26,2021-11-04,2021,GBPUSD,180,24,-1001.494538382556,-5.563858546569755,-49.06478990708392,515.0086230474529,0.03
252,29,2021-02-26,2021-11-04,2021,AUDUSD,180,30,-1112.2871688787084,-6.179373160437269,-49.983064296560656,694.3503297005863,0.054
252,29,2021-02-26,2021-11-04,2021,USDJPY,180,16,56.38844449805265,0.3132691361002925,-2.7896725501393993,474.6409764236613,0.552
252,29,2021-02-26,2021-11-04,2021,USDCHF,180,19,905.1684874058031,5.028713818921129,-26.03705217417725,532.7585183364768,0.972
252,29,2021-02-26,2021-11-04,2021,USDCAD,180,18,-33.64591976508245,-0.1869217764726803,-52.57072964574572,515.6957243835518,0.51
252,29,2021-02-26,2021-11-04,2021,EURJPY,180,12,254.9251173237485,1.4162506517986029,-30.223731136315177,416.4497429246432,0.76
252,29,2021-02-26,2021-11-04,2021,GBPJPY,180,18,-650.9861498627114,-3.6165897214595075,2.660435659525045,597.5394152945016,0.138
252,29,2021-02-26,2021-11-04,2021,XAUUSD,179,13,-21.96860420378357,-0.1227296324233719,-24.49882710404155,1040.9249518181373,0.506
252,29,2021-02-26,2021-11-04,2021,XAGUSD,179,10,-283.58838443702234,-1.5842926504861583,-212.2045207461967,1762.595349407786,0.478
252,29,2021-02-26,2021-11-04,2021,WTI,179,10,1080.086310068812,6.034001732228,-266.72309089387835,2284.0661040101086,0.724
252,29,2021-02-26,2021-11-04,2021,UKOIL,179,14,-817.6255135500837,-4.5677402991624785,-76.73761060125636,2027.5830054551745,0.346
252,29,2021-02-26,2021-11-04,2021,US500,180,18,-235.69403186597106,-1.3094112881442836,-19.306480573576223,1000.5766352378371,0.41
252,29,2021-02-26,2021-11-04,2021,USTECH,180,16,398.5659357841512,2.21425519880084,-100.78730712412295,1367.7858317112882,0.654
252,29,2021-02-26,2021-11-04,2021,BTCUSD,252,28,2086.3750223648403,8.279265961765239,-224.6642384926985,6118.099795127318,0.642
252,30,2021-07-02,2022-03-10,2021,EURUSD,180,24,-425.7279213890413,-2.365155118828007,-27.745638186899814,527.4873214038902,0.218
252,30,2021-07-02,2022-03-10,2021,GBPUSD,180,24,-915.4634829467714,-5.085908238593174,7.751190679353512,527.7017598764292,0.044
252,30,2021-07-02,2022-03-10,2021,AUDUSD,180,15,-389.183578473896,-2.1621309915216442,19.75452787136583,688.5652317056082,0.26
252,30,2021-07-02,2022-03-10,2021,USDJPY,180,30,-927.1518457231226,-5.150843587350681,-61.18474317604763,448.0387351707652,0.028
252,30,2021-07-02,2022-03-10,2021,USDCHF,180,26,-601.2770132171446,-3.3404278512063588,-39.46144384034563,449.6298781834184,0.12
252,30,2021-07-02,2022-03-10,2021,USDCAD,180,24,-867.1420313741392,-4.817455729856329,-83.83805754034883,549.5478514140538,0.092
252,30,2021-07-02,2022-03-10,2021,EURJPY,180,12,-312.4481558755565,-1.735823088197536,2.316387871744974,569.2595000950162,0.296
252,30,2021-07-02,2022-03-10,2021,GBPJPY,180,16,-722.6104278826004,-4.014502377125558,-37.06226651443081,709.2031792133608,0.152
252,30,2021-07-02,2022-03-10,2021,XAUUSD,179,19,-884.5547668925739,-4.941646742416614,-95.18601703060867,1011.6341871404222,0.21
252,30,2021-07-02,2022-03-10,2021,XAGUSD,179,15,236.08104856488512,1.318888539468632,-256.5891441429664,1956.323071210029,0.6
252,30,2021-07-02,2022-03-10,2021,WTI,179,8,5258.597058422851,29.37763719789302,-367.9651016129969,3659.324861681588,0.938
252,30,2021-07-02,2022-03-10,2021,UKOIL,180,10,4323.373572362415,24.018742068680083,10.422160969138233,3201.2803495582616,0.918
252,30,2021-07-02,2022-03-10,2021,US500,179,17,-362.3456918218436,-2.0242776079432603,-84.829609128909,1137.4929006746488,0.41
252,30,2021-07-02,2022-03-10,2021,USTECH,179,11,277.92852152309854,1.5526733045983159,0.09753083387109472,1587.7683092365348,0.542
252,30,2021-07-02,2022-03-10,2021,BTCUSD,252,25,-2713.5259376145286,-10.767960069898923,-557.6826670934984,5289.056938144625,0.322
252,31,2021-11-05,2022-07-14,2021,EURUSD,180,21,-200.52598479731824,-1.1140332488739904,-11.190746585340733,741.3105425204893,0.386
252,31,2021-11-05,2022-07-14,2021,GBPUSD,180,15,152.21495722861397,0.8456386512700776,-42.61653181093186,732.532986821455,0.62
252,31,2021-11-05,2022-07-14,2021,AUDUSD,180,11,439.19354587550026,2.4399641437527793,-26.351830677075416,915.6474460906643,0.702
252,31,2021-11-05,2022-07-14,2021,USDJPY,180,24,511.01148655738245,2.8389527030965693,-1.0576891212733681,830.492914342666,0.73
252,31,2021-11-05,2022-07-14,2021,USDCHF,180,20,-1578.0430769331012,-8.766905982961674,-81.73277220135411,763.5546763066823,0.026
252,31,2021-11-05,2022-07-14,2021,USDCAD,180,21,-389.5306402724342,-2.1640591126246345,-25.045129984315135,561.3077273035154,0.252
252,31,2021-11-05,2022-07-14,2021,EURJPY,180,15,-548.6153340997203,-3.0478629672206683,-81.11359488840198,887.846027455839,0.314
252,31,2021-11-05,2022-07-14,2021,GBPJPY,180,16,-493.42241876948106,-2.7412356598304504,16.465046769740045,879.6454851834336,0.26
252,31,2021-11-05,2022-07-14,2021,XAUUSD,178,19,757.9915972273336,4.2583797597041215,-65.99880718142985,1263.115895665641,0.738
252,31,2021-11-05,2022-07-14,2021,XAGUSD,178,17,2577.789682472645,14.481964508273286,-397.66613570487044,2327.1172586731564,0.9
252,31,2021-11-05,2022-07-14,2021,WTI,178,9,5678.885540084422,31.90385134878889,90.75316400812162,3746.88957473911,0.946
252,31,2021-11-05,2022-07-14,2021,UKOIL,179,15,3551.6995117463916,19.841896713666994,-289.092423074167,3835.6026899327026,0.87
252,31,2021-11-05,2022-07-14,2021,US500,178,21,-1704.6844361854587,-9.576878854974487,-96.7662189057502,1909.4626705631583,0.202
252,31,2021-11-05,2022-07-14,2021,USTECH,178,13,-2097.74777233644,-11.78509984458674,5.444179835473457,2248.3843099060578,0.164
252,31,2021-11-05,2022-07-14,2021,BTCUSD,252,27,-878.4630349823688,-3.4859644245332095,-607.1285381564006,5909.0022850329915,0.494
252,32,2022-03-11,2022-11-17,2022,EURUSD,180,13,-377.77785358303584,-2.098765853239088,-14.01789261322876,948.8966624640145,0.354
252,32,2022-03-11,2022-11-17,2022,GBPUSD,180,9,645.243997048608,3.5846888724922668,-73.63310815895741,1005.9288844113996,0.76
252,32,2022-03-11,2022-11-17,2022,AUDUSD,180,14,685.0684755817417,3.805935975454121,-117.1966319091269,1118.7133744683572,0.756
252,32,2022-03-11,2022-11-17,2022,USDJPY,180,11,1773.1929631767457,9.851072017648587,-38.26098999397956,1212.780605873372,0.926
252,32,2022-03-11,2022-11-17,2022,USDCHF,180,17,-1159.764977596145,-6.443138764423027,29.288374660731183,940.2876916626916,0.104
252,32,2022-03-11,2022-11-17,2022,USDCAD,180,17,319.64137297353994,1.7757854054085553,-62.298720326299275,671.3466311056459,0.708
252,32,2022-03-11,2022-11-17,2022,EURJPY,180,16,-128.84198727076213,-0.7157888181709008,-48.163310543305634,998.1087886480443,0.472
252,32,2022-03-11,2022-11-17,2022,GBPJPY,180,24,-1094.5181714547216,-6.080656508081787,-18.474779036376617,1147.7976737093584,0.178
252,32,2022-03-11,2022-11-17,2022,XAUUSD,179,20,-42.07474749504239,-0.23505445527956642,-74.87041874702196,1300.9452816144455,0.492
252,32,2022-03-11,2022-11-17,2022,XAGUSD,179,18,-1607.3145860807554,-8.979411095423215,-261.9007544014978,2734.977283338073,0.314
252,32,2022-03-11,2022-11-17,2022,WTI,179,21,-1724.4223799824222,-9.633644580907387,59.970500730978685,3224.8299461648594,0.286
252,32,2022-03-11,2022-11-17,2022,UKOIL,179,24,-4786.852484814083,-26.742192652592642,-280.28810696510914,3327.9896099268376,0.1
252,32,2022-03-11,2022-11-17,2022,US500,179,13,1114.0992658604132,6.2240182450302415,35.1379611192931,1931.4083942662662,0.692
252,32,2022-03-11,2022-11-17,2022,USTECH,179,17,-1293.4014398843156,-7.225706368068802,14.859040426185762,2457.58735072779,0.3
252,32,2022-03-11,2022-11-17,2022,BTCUSD,252,35,1020.4844006429971,4.049541272392846,-491.8654376874897,5147.74503196299,0.616
252,33,2022-07-15,2023-03-23,2022,EURUSD,180,13,13.22750816047764,0.07348615644709801,-11.860406568620522,781.6510119879027,0.506
252,33,2022-07-15,2023-03-23,2022,GBPUSD,180,11,459.5284700189759,2.552935944549866,-71.3661570075429,1054.4245866322503,0.69
252,33,2022-07-15,2023-03-23,2022,AUDUSD,180,18,509.1566576130169,2.8286480978500936,-41.86781507126568,1030.034138740416,0.71
252,33,2022-07-15,2023-03-23,2022,USDJPY,180,9,1261.091180938689,7.006062116326049,27.62943084195351,1179.8286512757782,0.836
252,33,2022-07-15,2023-03-23,2022,USDCHF,180,22,-611.7115733103258,-3.39839762950181,-28.430676721967803,815.832435547786,0.248
252,33,2022-07-15,2023-03-23,2022,USDCAD,180,20,-200.3925995643658,-1.1132922198020323,-30.833712214421876,638.8508563776072,0.406
252,33,2022-07-15,2023-03-23,2022,EURJPY,180,18,-77.04168202209298,-0.42800934456718326,30.993929951552094,839.2862477072389,0.466
252,33,2022-07-15,2023-03-23,2022,GBPJPY,180,27,-699.0892991353281,-3.883829439640712,-10.814175323114695,1077.0435982733602,0.264
252,33,2022-07-15,2023-03-23,2022,XAUUSD,180,11,1056.5582387447482,5.869767993026379,19.67964255634157,1334.1672853048017,0.772
252,33,2022-07-15,2023-03-23,2022,XAGUSD,180,19,-2411.5058158998104,-13.397254532776724,-312.62338101715847,2714.7146708268597,0.218
252,33,2022-07-15,2023-03-23,2022,WTI,180,28,-4261.16482893428,-23.67313793852378,-378.63486975737925,2997.938240656933,0.098
252,33,2022-07-15,2023-03-23,2022,UKOIL,178,24,-1670.6975922882903,-9.385941529709497,-348.37365997627387,2957.0361230547687,0.334
252,33,2022-07-15,2023-03-23,2022,US500,180,12,1156.048616407065,6.422492313372584,-25.498428125075755,1624.6481485422817,0.746
252,33,2022-07-15,2023-03-23,2022,USTECH,180,17,160.38605675757697,0.8910336486532053,-100.93223077982103,2058.1990748561725,0.558
252,33,2022-07-15,2023-03-23,2022,BTCUSD,252,33,-1060.8630797386334,-4.209774125946958,-791.9457107946912,4771.62853613085,0.482
252,34,2022-11-18,2023-07-27,2022,EURUSD,180,6,623.9643529228427,3.4664686273491263,-4.704926999198804,534.1616914149669,0.882
252,34,2022-11-18,2023-07-27,2022,GBPUSD,180,20,-216.39742434672624,-1.202207913037368,36.341465956434746,728.7067839605833,0.354
252,34,2022-11-18,2023-07-27,2022,AUDUSD,180,28,-1657.7089681660832,-9.209494267589351,-74.15530302178676,874.225904846644,0.042
252,34,2022-11-18,2023-07-27,2022,USDJPY,180,10,911.1987646363849,5.062215359091027,-106.54437264378834,924.641025162443,0.866
252,34,2022-11-18,2023-07-27,2022,USDCHF,180,16,-54.2207968920394,-0.3012266494002189,-32.49452972610862,610.5395209941711,0.49
252,34,2022-11-18,2023-07-27,2022,USDCAD,180,28,-1132.8025422965543,-6.29334745720308,-32.78870255678305,469.60900093408554,0.012
252,34,2022-11-18,2023-07-27,2022,EURJPY,180,18,452.53096304959655,2.514060905831092,-116.97610142836113,775.1238495993451,0.762
252,34,2022-11-18,2023-07-27,2022,GBPJPY,180,16,1035.4778156863433,5.752654531590796,-9.924135867669339,866.420045029901,0.884
252,34,2022-11-18,2023-07-27,2022,XAUUSD,179,10,1240.675874314052,6.931150135832692,59.91329804730214,1093.9986833602957,0.848
252,34,2022-11-18,2023-07-27,2022,XAGUSD,179,16,596.046159833707,3.3298668147134465,-410.30359496736037,2234.502038339103,0.676
252,34,2022-11-18,2023-07-27,2022,WTI,179,23,-1666.0347049863162,-9.30745645243752,-364.5924512633324,2895.65868179087,0.346
252,34,2022-11-18,2023-07-27,2022,UKOIL,177,28,1070.9425681628143,6.050522983970702,-248.4641227188444,2758.935893745021,0.68
252,34,2022-11-18,2023-07-27,2022,US500,180,14,252.89623681232774,1.4049790934018207,19.449552915555106,1051.4274267560868,0.578
252,34,2022-11-18,2023-07-27,2022,USTECH,180,12,1136.2376070375367,6.312431150208537,62.88087789198104,1702.297083104381,0.726
252,34,2022-11-18,2023-07-27,2022,BTCUSD,252,20,1275.995982738951,5.063476121979964,-71.63929164855841,4105.281058487462,0.628
252,35,2023-03-24,2023-11-30,2023,EURUSD,180,6,815.2948503469413,4.529415835260785,-5.815653057947908,558.3237883368475,0.92
252,35,2023-03-24,2023-11-30,2023,GBPUSD,180,18,501.75814556755677,2.7875452531530933,-13.94227528377682,619.9727497954948,0.784
252,35,2023-03-24,2023-11-30,2023,AUDUSD,180,31,-926.0245619951451,-5.144580899973028,-95.25966434158883,861.517789099581,0.176
252,35,2023-03-24,2023-11-30,2023,USDJPY,180,10,279.67498049554894,1.5537498916419386,-20.619967577122477,724.2702872105875,0.64
252,35,2023-03-24,2023-11-30,2023,USDCHF,180,8,584.9672023425276,3.2498177907918198,-32.7582513051177,651.0500875213852,0.824
252,35,2023-03-24,2023-11-30,2023,USDCAD,180,31,-697.6578114457752,-3.8758767302543067,-10.610324974890544,484.94409700956857,0.082
252,35,2023-03-24,2023-11-30,2023,EURJPY,180,21,8.32505023620763,0.04625027909004239,18.014893463642945,671.1290543670923,0.478
252,35,2023-03-24,2023-11-30,2023,GBPJPY,180,9,1044.6907477348684,5.803837487415936,-27.380664332534977,773.4761232506453,0.92
252,35,2023-03-24,2023-11-30,2023,XAUUSD,179,20,-388.0185506570284,-2.1677014003185944,-143.66994178332544,1045.2039028062914,0.394
252,35,2023-03-24,2023-11-30,2023,XAGUSD,179,14,-1575.988815315418,-8.804406789471608,-173.03931306443002,2250.716745673085,0.268
252,35,2023-03-24,2023-11-30,2023,WTI,179,12,511.67624062194943,2.858526483921505,-272.4681354629783,2577.7272309312048,0.598
252,35,2023-03-24,2023-11-30,2023,UKOIL,179,26,-1755.1822868966885,-9.80548763629435,-30.169604635031614,2507.6094177713735,0.236
252,35,2023-03-24,2023-11-30,2023,US500,180,15,1196.1051614535209,6.645028674741782,-5.242513696378308,1078.7820628816437,0.868
252,35,2023-03-24,2023-11-30,2023,USTECH,180,14,326.1065190829495,1.8117028837941638,-76.75879303117519,1442.6287165711167,0.62
252,35,2023-03-24,2023-11-30,2023,BTCUSD,252,16,4610.621525407231,18.29611716431441,-12.563433366994362,3290.997132485947,0.922
252,36,2023-07-28,2024-04-04,2023,EURUSD,180,17,43.863947921250826,0.2436885995625046,-24.017439701869282,473.33269977853627,0.558
252,36,2023-07-28,2024-04-04,2023,GBPUSD,180,13,547.3412693047986,3.0407848294711033,2.1400330818203566,507.6340412826555,0.854
252,36,2023-07-28,2024-04-04,2023,AUDUSD,180,24,645.0403357550813,3.583557420861563,-86.02978324905828,680.1593796570519,0.84
252,36,2023-07-28,2024-04-04,2023,USDJPY,180,9,89.45621690712957,0.4969789828173865,33.890124610650794,771.080810047433,0.53
252,36,2023-07-28,2024-04-04,2023,USDCHF,180,7,581.3845016860259,3.2299138982557,-43.4094086710142,644.9673458314138,0.822
252,36,2023-07-28,2024-04-04,2023,USDCAD,180,27,-151.87374701175176,-0.8437430389541765,-41.50483823021721,417.07511321487357,0.406
252,36,2023-07-28,2024-04-04,2023,EURJPY,180,23,-645.0675132548827,-3.5837084069715703,8.98944055315737,641.5933461693496,0.158
252,36,2023-07-28,2024-04-04,2023,GBPJPY,180,11,269.7042621134416,1.498357011741342,-31.938832841522576,632.955265498348,0.676
252,36,2023-07-28,2024-04-04,2023,XAUUSD,179,24,-142.65015694729482,-0.7969282511022057,-40.00993334082274,1224.357904219223,0.456
252,36,2023-07-28,2024-04-04,2023,XAGUSD,179,20,-2598.3259866084422,-14.515787634684035,-421.2047607250891,2098.023587827375,0.15
252,36,2023-07-28,2024-04-04,2023,WTI,179,16,1187.4330364404998,6.633704114192736,-241.51635429857453,2175.0348987719117,0.736
252,36,2023-07-28,2024-04-04,2023,UKOIL,177,26,-510.6618932289114,-2.885095441971251,-151.9121472803384,2035.3872208623995,0.446
252,36,2023-07-28,2024-04-04,2023,US500,179,8,1525.5361507948905,8.522548328463076,-21.27091949494947,1066.2639415059768,0.924
252,36,2023-07-28,2024-04-04,2023,USTECH,179,12,-232.48984593323166,-1.2988259549342551,-86.35687537267366,1386.4561338571384,0.456
252,36,2023-07-28,2024-04-04,2023,BTCUSD,252,24,6846.642758082614,27.169217293978626,-326.389923252649,4475.786464733926,0.952
252,37,2023-12-01,2024-08-08,2023,EURUSD,180,18,-518.7033369919398,-2.8816852055107764,-34.76077249634215,432.5297359050631,0.128
252,37,2023-12-01,2024-08-08,2023,GBPUSD,180,15,-173.86131247703747,-0.965896180427986,-43.134112731086816,431.93940211673663,0.364
252,37,2023-12-01,2024-08-08,2023,AUDUSD,180,25,-737.7387023467982,-4.098548346371101,-68.43469382086833,626.4974325037034,0.142
252,37,2023-12-01,2024-08-08,2023,USDJPY,180,12,707.6345506350115,3.931303059083397,-66.27659968316328,956.240145848863,0.774
252,37,2023-12-01,2024-08-08,2023,USDCHF,180,12,335.91764425369297,1.8662091347427388,-48.41350037881192,652.3664026373762,0.712
252,37,2023-12-01,2024-08-08,2023,USDCAD,180,25,-271.3843505276001,-1.5076908362644448,-46.32059219885612,364.16144374629386,0.288
252,37,2023-12-01,2024-08-08,2023,EURJPY,180,17,644.7367977332934,3.5818710985182967,-61.38934282799007,796.5653805295176,0.814
252,37,2023-12-01,2024-08-08,2023,GBPJPY,180,11,1067.06945723164,5.928163651286889,104.79481420024189,924.7291179329386,0.84
252,37,2023-12-01,2024-08-08,2023,XAUUSD,179,26,-1533.75949720329,-8.568488811191564,-78.90860322163319,1233.835590836851,0.114
252,37,2023-12-01,2024-08-08,2023,XAGUSD,179,25,-2670.8912180540274,-14.921179989128644,-400.7677775912809,2456.3465208782004,0.176
252,37,2023-12-01,2024-08-08,2023,WTI,179,22,220.36023288278804,1.2310627535351286,-152.75266423546617,1887.57751605667,0.576
252,37,2023-12-01,2024-08-08,2023,UKOIL,177,22,-320.32073743517367,-1.80972168042471,-150.9678046614584,1667.7291445448377,0.462
252,37,2023-12-01,2024-08-08,2023,US500,179,7,1105.3488933080062,6.175133482167632,-62.34317979319085,1082.458589776629,0.848
252,37,2023-12-01,2024-08-08,2023,USTECH,179,13,1744.1797314969108,9.744020846351457,-97.45347208782461,1398.690961776692,0.9
252,37,2023-12-01,2024-08-08,2023,BTCUSD,252,31,1509.6741500212595,5.9907704365923,-102.6622156241063,4516.81111611949,0.65
252,38,2024-04-05,2024-12-12,2024,EURUSD,180,12,256.1429521893582,1.42301640105199,-21.813269202374176,520.433657123522,0.714
252,38,2024-04-05,2024-12-12,2024,GBPUSD,180,13,35.30796977197612,0.19615538762208956,6.499026435060409,592.6306852384034,0.516
252,38,2024-04-05,2024-12-12,2024,AUDUSD,180,17,-436.24767219539854,-2.423598178863325,-67.24743766330823,696.7796613139298,0.288
252,38,2024-04-05,2024-12-12,2024,USDJPY,180,13,322.49495771142176,1.7916386539523432,-4.412178778497109,1022.7529784771523,0.6
252,38,2024-04-05,2024-12-12,2024,USDCHF,180,17,-36.55445453917032,-0.20308030299539068,13.525666094094438,565.1091411392298,0.47
252,38,2024-04-05,2024-12-12,2024,USDCAD,180,22,-100.81436731335856,-0.5600798184075475,-50.87179705404864,399.6849514305839,0.438
252,38,2024-04-05,2024-12-12,2024,EURJPY,180,13,438.7295045823577,2.437386136568654,-25.293757808265,801.7959333473295,0.72
252,38,2024-04-05,2024-12-12,2024,GBPJPY,180,13,590.8438571146868,3.282465872859371,-64.09987710904632,980.1803253186436,0.744
252,38,2024-04-05,2024-12-12,2024,XAUUSD,180,18,-1006.4781665499445,-5.5915453697219135,-76.42026502019606,1198.001530846613,0.226
252,38,2024-04-05,2024-12-12,2024,XAGUSD,180,18,-2383.378530162933,-13.240991834238518,-279.4771752484858,2330.4514702450924,0.18
252,38,2024-04-05,2024-12-12,2024,WTI,180,18,-751.5365701852324,-4.175203167695736,-169.75646801989848,2179.992543541204,0.39
252,38,2024-04-05,2024-12-12,2024,UKOIL,180,16,-2444.748687631513,-13.581937153508404,-102.52562769937785,1884.1368434628541,0.1
252,38,2024-04-05,2024-12-12,2024,US500,180,10,407.5912545071385,2.2643958583729917,18.178755059507537,1071.9694409146878,0.612
252,38,2024-04-05,2024-12-12,2024,USTECH,180,22,-221.4421845879997,-1.2302343588222204,111.03631818992723,1549.1384604785715,0.402
252,38,2024-04-05,2024-12-12,2024,BTCUSD,252,23,-387.1631502908349,-1.5363617075033131,-111.20125295190347,4378.8794415533375,0.478
252,39,2024-08-09,2025-04-17,2024,EURUSD,180,18,1061.54402252416,5.897466791800889,-15.909459780397965,755.5405026214422,0.916
252,39,2024-08-09,2025-04-17,2024,GBPUSD,180,13,410.20100179521444,2.278894454417858,16.376467251765163,664.2287371765133,0.728
252,39,2024-08-09,2025-04-17,2024,AUDUSD,180,17,-609.9674977966336,-3.3887083210924085,-98.56440458898102,841.9001800899159,0.276
252,39,2024-08-09,2025-04-17,2024,USDJPY,180,14,-150.93783478011045,-0.8385435265561691,-6.133667021888504,935.9019621750533,0.438
252,39,2024-08-09,2025-04-17,2024,USDCHF,180,16,728.7195345971627,4.048441858873126,-81.85491131888631,829.9061754639686,0.812
252,39,2024-08-09,2025-04-17,2024,USDCAD,180,21,-170.21047270057232,-0.9456137372254018,4.516643929527767,486.84855006950943,0.4
252,39,2024-08-09,2025-04-17,2024,EURJPY,180,14,-1055.3505680351557,-5.8630587113064205,-53.93686198699528,748.0554672301776,0.086
252,39,2024-08-09,2025-04-17,2024,GBPJPY,180,16,-1021.0620280900334,-5.672566822722408,-49.18900187551769,757.9589561131365,0.096
252,39,2024-08-09,2025-04-17,2024,XAUUSD,180,12,1817.2190256849437,10.095661253805243,72.11154401260463,1557.4843871203125,0.872
252,39,2024-08-09,2025-04-17,2024,XAGUSD,180,14,-1848.6720023513274,-10.270400013062929,-270.1883893714253,2279.8858354477097,0.246
252,39,2024-08-09,2025-04-17,2024,WTI,180,16,-1361.0841119275415,-7.561578399597453,-60.70254004995203,2339.3858939406214,0.288
252,39,2024-08-09,2025-04-17,2024,UKOIL,178,18,-3575.939713102046,-20.089548950011494,-255.89865033021738,2315.3465424231335,0.076
252,39,2024-08-09,2025-04-17,2024,US500,180,8,1139.3512724746504,6.329729291525836,24.020475413247112,1384.8284336019378,0.804
252,39,2024-08-09,2025-04-17,2024,USTECH,180,24,-472.34545384699777,-2.6241414102610987,11.288324561527553,1922.554088677173,0.412
252,39,2024-08-09,2025-04-17,2024,BTCUSD,252,28,-2832.4429971202208,-11.239853163175479,-166.35752393422223,3852.8377300889097,0.228
252,40,2024-12-13,2025-08-21,2024,EURUSD,180,18,470.1135873371584,2.611742151873102,54.01680299974436,743.0713610457977,0.686
252,40,2024-12-13,2025-08-21,2024,GBPUSD,180,17,164.4699570752848,0.9137219837515823,-26.067112537857728,645.1597928339154,0.606
252,40,2024-12-13,2025-08-21,2024,AUDUSD,180,26,-1225.5318518301704,-6.808510287945391,-146.86843052575088,825.2506889214034,0.08
252,40,2024-12-13,2025-08-21,2024,USDJPY,180,23,-536.7906649485292,-2.982170360825162,-1.1297240889001314,750.5867754382522,0.242
252,40,2024-12-13,2025-08-21,2024,USDCHF,180,13,608.6626831570563,3.381459350872535,-57.78591233636858,798.5548836116316,0.774
252,40,2024-12-13,2025-08-21,2024,USDCAD,180,24,-534.4639667095023,-2.969244259497235,-25.58094961768286,479.3478409480395,0.148
252,40,2024-12-13,2025-08-21,2024,EURJPY,180,26,-465.4641531501964,-2.5859119619455355,-28.694570540513322,613.0529812530725,0.256
252,40,2024-12-13,2025-08-21,2024,GBPJPY,180,18,-1007.1800083595085,-5.595444490886158,20.401117494842225,641.0051158251352,0.054
252,40,2024-12-13,2025-08-21,2024,XAUUSD,179,27,-1411.3817552993814,-7.884814275415539,-65.20696063219766,1480.4894257818955,0.196
252,40,2024-12-13,2025-08-21,2024,XAGUSD,179,21,-244.35396628768376,-1.3651059569144344,-129.8426809593362,1879.1755739185992,0.464
252,40,2024-12-13,2025-08-21,2024,WTI,179,15,2414.6984921226094,13.489935710182175,-65.71719664970827,2546.4142487534464,0.832
252,40,2024-12-13,2025-08-21,2024,UKOIL,177,13,206.47541516993124,1.1665277693216454,-100.76506855690053,2387.225719833925,0.55
252,40,2024-12-13,2025-08-21,2024,US500,179,6,1389.5987083185,7.763121275522346,-7.945800001333133,1544.5239723749164,0.822
252,40,2024-12-13,2025-08-21,2024,USTECH,179,15,1515.4096563923217,8.465975734035316,-2.237213662065071,1874.337340399781,0.776
252,40,2024-12-13,2025-08-21,2024,BTCUSD,252,37,-1428.2492447347317,-5.667655733074333,-172.7814491980867,3101.2845643999212,0.326
252,41,2025-04-18,2025-12-25,2025,EURUSD,180,16,-93.61602421150934,-0.5200890233972741,7.717164331524154,480.68547029500405,0.428
252,41,2025-04-18,2025-12-25,2025,GBPUSD,180,20,-77.75360843099926,-0.43196449128332925,-72.03971381332597,496.0253554425699,0.502
252,41,2025-04-18,2025-12-25,2025,AUDUSD,180,20,-359.8340201643639,-1.9990778898020216,-89.20953887684821,498.96821410998734,0.282
252,41,2025-04-18,2025-12-25,2025,USDJPY,180,32,-643.463220501472,-3.5747956694526226,18.1820597184118,712.5799652237766,0.172
252,41,2025-04-18,2025-12-25,2025,USDCHF,180,18,24.99996435749533,0.13888869087497405,-3.6848092300879656,541.7334038066712,0.5
252,41,2025-04-18,2025-12-25,2025,USDCAD,180,22,-87.8182436375306,-0.48787913131961447,-26.367096377125264,360.3399263432156,0.428
252,41,2025-04-18,2025-12-25,2025,EURJPY,180,27,783.5786079244995,4.353214488469441,-16.55377252102514,472.64319784599104,0.954
252,41,2025-04-18,2025-12-25,2025,GBPJPY,180,21,-229.21166579082893,-1.2733981432823829,36.454400290811705,511.5942638757902,0.308
252,41,2025-04-18,2025-12-25,2025,XAUUSD,179,24,-777.8505593225352,-4.345533850963884,-14.03913033997846,1583.0635810213962,0.322
252,41,2025-04-18,2025-12-25,2025,XAGUSD,179,17,5870.827162051237,32.79791710643149,-74.05490188776984,3090.1377983863263,0.978
252,41,2025-04-18,2025-12-25,2025,WTI,179,28,1492.3283566983887,8.337029925689322,-173.92216093720293,2504.941484129824,0.74
252,41,2025-04-18,2025-12-25,2025,UKOIL,178,20,387.3233456629416,2.175973852038998,-198.22653839562406,2322.51586551295,0.614
252,41,2025-04-18,2025-12-25,2025,US500,179,15,31.831617828999015,0.1778302672011118,-113.57912260302892,1064.533335339442,0.566
252,41,2025-04-18,2025-12-25,2025,USTECH,179,17,36.4304692834603,0.20352217476793463,-50.02344556346805,1465.261144136307,0.526
252,41,2025-04-18,2025-12-25,2025,BTCUSD,252,34,1341.4364475741113,5.323160506246474,-284.76398135262696,2978.7558539237652,0.702
252,42,2025-08-22,2026-04-30,2025,EURUSD,180,13,-45.90915441427575,-0.2550508578570875,-41.46598597777681,443.3791675337404,0.496
252,42,2025-08-22,2026-04-30,2025,GBPUSD,180,17,-120.2295682082156,-0.6679420456011977,-10.618354092307914,478.68975992671193,0.39
252,42,2025-08-22,2026-04-30,2025,AUDUSD,180,17,140.36158341027553,0.7797865745015307,-50.16964035657789,719.4681942294754,0.604
252,42,2025-08-22,2026-04-30,2025,USDJPY,180,32,-39.404466753992864,-0.21891370418884926,8.760248269317854,684.6168362028527,0.486
252,42,2025-08-22,2026-04-30,2025,USDCHF,180,21,-389.47559795772713,-2.163753321987373,-15.485682475964023,586.5966516478253,0.268
252,42,2025-08-22,2026-04-30,2025,USDCAD,180,17,-169.8143963623871,-0.9434133131243728,-22.158928003933024,417.7642964367691,0.392
252,42,2025-08-22,2026-04-30,2025,EURJPY,158,20,172.96851040140467,1.094737407603827,-11.436317884281625,441.1247420842085,0.674
252,42,2025-08-22,2026-04-30,2025,GBPJPY,180,21,-389.19804577679713,-2.162211365426651,-4.772976239768521,501.562558179049,0.226
252,42,2025-08-22,2026-04-30,2025,XAUUSD,179,12,1359.3168809267845,7.593949055456896,7.566331439567766,2379.402178617801,0.716
252,42,2025-08-22,2026-04-30,2025,XAGUSD,179,12,-2471.7687615983223,-13.808764031275544,-138.1402382954441,5340.098600250692,0.326
252,42,2025-08-22,2026-04-30,2025,WTI,179,27,3077.915230412989,17.19505715314519,-390.90490865309033,4265.21498526295,0.784
252,42,2025-08-22,2026-04-30,2025,UKOIL,177,19,2281.1312528574535,12.887747191285047,-238.4627816331524,3945.1685957631967,0.736
252,42,2025-08-22,2026-04-30,2025,US500,179,30,-1099.5260160069367,-6.142603441379535,4.746134458311193,1003.5788959819195,0.134
252,42,2025-08-22,2026-04-30,2025,USTECH,179,29,-1764.1866972993591,-9.855791605024352,-68.7219425580519,1370.1681402453835,0.128
252,42,2025-08-22,2026-04-30,2025,BTCUSD,252,35,-2321.37214340338,-9.211794219854683,-87.20477783971134,3476.840480988003,0.254
