id,prediction
n000ef77d748a5c2,0.9940484625194842
n0021547d0b2337a,0.9526711067025648
n002921d62df0b13,0.3269094516083322
n00299def2ef0d40,0.27972226158424257
n0031963b0016697,0.5356383732464219
n003c009161e8345,0.46620376930707097
n003d1f847b30128,0.8567379906475839
n005947a9259731f,0.13235085730480375
n0067b777201bb3c,0.4435312455717727
n00717fdb65ed5b4,0.6338387416749327
n007debe0a28baf4,0.4538755845260026
n00981c29b35781e,0.41632421708941475
n00b5b872a512092,0.4584100892730622
n00b64e1e571e3fa,0.8215955788578716
n00b7cf731542851,0.7199943318690661
n00b83a6b927a513,0.5170752444381466
n00c55a2d597b8d9,0.39053422134051297
n00ca2d718ca955c,0.07000141703273345
n00cd05d16933a47,0.36049312739124273
n00d59db25a6a79a,0.7073827405413065
n00e40369287104f,0.40512965849511123
n00edf22abfaab63,0.9950403854329035
n00f05bb061f5a77,0.4096641632421709
n00f5051a8e295da,0.9991497803599263
n00f83357cda0e5f,0.017429502621510558
n0105658d9fb20be,0.8393084880260734
n010e5f8e65cf950,0.6709649992914837
n0127b90237a4452,0.8507864531670681
n012ab2417fe62d6,0.5900524302111378
n012ae337c6ea571,0.0008502196400736857
n0148167b098998c,0.6404987955221766
n0148cbf1f1ab013,0.44608190449199375
n014e44bd1d60fce,0.5347881536063483
n0152faf01b75d4a,0.42893580841717444
n015ee776299ca5a,0.744650701431203
n016205485133bcb,0.9567805016295876
n01630e70236c54d,0.6410656086155591
n0170571a701e8c8,0.23607765339379339
n017824d5ab280bf,0.0267819186623211
n017b5ae60a5f846,0.7942468471021681
n01868a894d5928c,0.626753578007652
n018e777797b86d9,0.7243871333427803
n01bb86acac30d61,0.11081195975627037
n01bdb5744cb9037,0.19611733031033016
n01c0c2ee26f9f20,0.8018988238628312
n01c37f7f487f2a5,0.5421567238203202
n01c73776f6f1a59,0.7776675641207312
n01d053e1fe05124,0.2441547399744934
n01d13bcc8571757,0.014028624061215814
n01d1ba6de10de3f,0.8381748618393084
n01d79b415ae330f,0.8855037551367436
n01d7db365875667,0.39237636389400593
n01dd831f9d320ec,0.6756412073118889
n01e0f29a8de98df,0.16635964290775118
n01e3ff2a009bebf,0.8146521184639365
n01e5bc397ef2d46,0.35241604081054273
n01f9c31e691519d,0.05413065041802466
n0212dbe5e9912a5,0.6376647300552643
n024508219c5ff86,0.28113929431769874
n026bbeba489bfee,0.9226300127532946
n027509bcf2ab02b,0.9668414340371263
n027518f0bf1d614,0.7232535071560153
n02755a452b76b64,0.9914978035992631
n0284b6a2dce4862,0.7884370128949979
n0286ce61b397af9,0.0036842851069859715
n02966a9fb29faa1,0.8605639790279156
n0297987c1f19ec7,0.47158849369420436
n0298b0e2cde0579,0.19285815502338105
n0299bd36e26e385,0.4666288791271078
n029a9e367f4a725,0.854895848094091
n029ac563edc4f64,0.5234518917386992
n02a3849bbf14895,0.8930140286240612
n02c6a507413c1de,0.2689528128099759
n02d0fb338962d4a,0.8805441405696471
n02d2fafc06cb023,0.1497803599263143
n02dbfd25a7eaaa3,0.03925180671673516
n02dc2f55a35642f,0.1924330452033442
n02dca0407f7be59,0.31784044211421286
n02e7d9fa894093b,0.23196825846677058
n02f9072253924d4,0.10840300410939492
n02fbd316711ac0a,0.8889046336970384
n02fe0dfe901f5cc,0.5101317840442114
n0313c9e47082835,0.7677483349865382
n031fe0ac1b3c251,0.5526427660478958
n03218a67ece630f,0.7823437721411365
n032617731cb1498,0.4683293184072552
n032703cf64420ef,0.863681451041519
n0327f10a296d07d,0.6937792263001276
n032af11838f5aef,0.839450191299419
n0335044a21c0294,0.35156582117046903
n033f03fa97a2f5d,0.8471021680600822
n034c769a5373cfd,0.2808558877710075
n034d5ef0d88346f,0.9742100042510982
n0353cc2503c743c,0.8194700297576875
n0365ffcb7a85737,0.48405838174861837
n036fc84ef598431,0.6022389117188607
n0378fad4ec732bb,0.4976618959897974
n037ef2c0888337a,0.7184355958622645
n038272e1bebaf71,0.2985687969392093
n038a97bc790e833,0.5975627036984554
n0393c466fa68dad,0.8847952387700155
n039787fc86875c8,0.9013745217514525
n039942d21cccab2,0.40031174720136037
n039f3a32c8fe580,0.10060932407538614
n03af83d3f006994,0.5863681451041519
n03b02bfab9f8b0f,0.48391667847527275
n03b62da5ab86b26,0.41490718435595864
n03c0f49a4839990,0.13036701147796514
n03d4026eef025b6,0.9890888479523877
n03dcdb27024c413,0.5832506730905483
n03e388d5b511730,0.6222190732605923
n03e6a74d3835867,0.36942043361201643
n03e738237b96e57,0.10868641065608615
n03e9c146a031807,0.026923621935666713
n0400eacceac78d3,0.668981153464645
n04012e074912a93,0.5757403996032309
n04031f527765224,0.74280855887771
n040605fba9e8473,0.5798497945302536
n04204eb15591a84,0.4575598696329885
n04282b822833a24,0.8281139294317699
n042bf51c7224a4e,0.22148221623919512
n042c5e21b06da3f,0.08261300836049312
n043930d11076b85,0.16919370837466347
n043e18f7ca0ef5e,0.9929148363327193
n044a30fd7683606,0.9730763780643333
n045269f19b7140a,0.4185914694629446
n045c71930a0ae4b,0.8558877710075102
n04616d7b03b5c51,0.33016862689528126
n0467ef25b93c2d6,0.874734306362477
n0468ce131e575c2,0.22119880969250388
n046b30add2f0110,0.4633697038401587
n04727e44c2a6b01,0.0664588351990931
n0472c7b9e45fc25,0.7484766898115347
n047b21ef829ecde,0.9803032450049596
n047db262599cf02,0.608757262292759
n048465f7bfa8312,0.17117755420150205
n048b6d551cc5e88,0.8903216664304946
n04a38588358b5df,0.23437721411364604
n04c9a9b5d0538b9,0.29913561003259176
n04cb6c09476bd6a,0.3032450049596146
n04e803870abc85b,0.1864815077228284
n04e866fdb577393,0.17712909168201785
n04f5b4227af10dc,0.8699163950687261
n04fe62b5a43518f,0.34164659203627606
n051af2097cac3df,0.6596287374238345
n052db11f25292cc,0.8129516791837892
n052f1dfc719d648,0.597704406971801
n0530065412644aa,0.5540597987813518
n053177ddfa076f9,0.48108261300836047
n053558af8b6c0ab,0.5799914978035993
n0545c91cbc5022c,0.5553351282414624
n0549f06f5af12e4,0.5391809550800624
n056885c059875b8,0.9090264985121156
n0573028a0b9cb64,0.8502196400736857
n057d25dfc4c4c91,0.3276179679750602
n057e74489608d93,0.5557602380614992
n057f09f75e1ba4e,0.42681025931699024
n0586e73c552927a,0.22856737990647583
n058bfc4721feb60,0.995607198526286
n058e178eb5ece54,0.5087147513107553
n05ade75bf041d4a,0.9787445089981579
n05b308df3c68f85,0.23182655519342496
n05bdabec8a0e722,0.34674790987671816
n05c0888cd27736c,0.0922488309479949
n05d89054dc1db09,0.9202210571064191
n05ef45b1e47ccab,0.22474139152614425
n05fe5af55a53398,0.3393793396627462
n0613565b4c16121,0.961456709649993
n061880d226debba,0.5133909593311605
n061faf4eb6c38f4,0.7788011903074961
n0628b908b946496,0.5454158991072694
n06336d60250c97d,0.24231259742100042
n063f4b4c4fffb1b,0.8829530962165226
n06447c624568de0,0.45670964999291486
n0648b45473fd527,0.1995182088706249
n0649755f340ed60,0.8913135893439138
n064d5d3e0b836ae,0.2340938075669548
n065429afc4d5606,0.33470313164234095
n0655279ddb40431,0.4771149213546833
n065bae3b8742ea4,0.41944168910301827
n065c21fc8a73fea,0.04052713617684568
n066ccb4045c15ed,0.3922346606206603
n0688d51c837e9c6,0.2112795805583109
n0688e58df2b60e9,0.6101742950262151
n068971e788cae7b,0.7127674649284399
n06897fa1359453b,0.9954654952529404
n069c75e0ce20542,0.9995748901799631
n06b499744c16ac8,0.7698738840867224
n06b848015a36c2a,0.10641915828255633
n06b95fc1f5ff0aa,0.35085730480374094
n06be076323088d0,0.7904208587218364
n06c42b558c42bbb,0.21468045911860564
n06c46476120de2a,0.4278021822304095
n06d77cd52fca7e2,0.41405696471588493
n06dd42d3695a6ba,0.9040668839450191
n06e2d0021ec7ac6,0.3801898823862831
n06e49d6e364c106,0.05200510131784044
n070fa0d13fa2de0,0.36148505030466205
n071bf3ec32d37c8,0.20561144962448633
n071e641766a8662,0.5683718293892589
n072415bd1c4d571,0.7146096074819328
n072b39c37197a17,0.2620093524160408
n0749909ff2147fc,0.2630012753294601
n074af50e0d93410,0.08303811818052997
n0756654be07a02c,0.02408955646875443
n075e842e01071c4,0.5064474989372254
n076a9392f15c1ae,0.33243587926881113
n076de2b1d5680e6,0.6008218789854045
n077c81674b38ff1,0.9855462661187473
n077d00ed2703883,0.17486183930848803
n077d6392fa9c173,0.6441830806291625
n07830587a8a5fcd,0.35865098483774976
n07887f2ad842cb6,0.9696754995040385
n078bd80a547fc02,0.7844693212413206
n0790c99847ddf42,0.4802323933682868
n0796606162d9d1c,0.2024939776108828
n07a54f3bf049dd4,0.23933682868074252
n07aab9aa00423cb,0.08346322800056681
n07afa226303e081,0.08403004109394926
n07b19e9e2942b1b,0.781776959047754
n07b3b9867f86148,0.6104577015729064
n07b686e451ead7c,0.6590619243304521
n07b825f4cf67fd3,0.5998299560719853
n07c7a8c0500a6dd,0.39421850644749895
n07d85398e8ce4ee,0.5037551367436588
n07dec9e2c38dcb6,0.16593453308771433
n081946f0be1e84d,0.8286807425251523
n0819a7fa213752d,0.855604364460819
n0821f2ccd8dc50b,0.531954088139436
n082258cb0c9ae9d,0.5248689244721553
n0833290154f611a,0.13716876859855462
n0836773cf57c5df,0.31302253082046194
n084662cda415daa,0.60323083463228
n0858d944b190af0,0.37537197109253223
n086171d05a02759,0.009210712767464928
n0862992b89990c2,0.9971659345330877
n086b76fac223d34,0.4368711917245288
n087314202301786,0.3069292900666005
n088516829f15a34,0.2043361201643758
n0891297302f44e1,0.7103585092815644
n08a9b32701640b0,0.059657078078503616
n08b239663955daf,0.517642057531529
n08c43b220ba95a3,0.026073402295593028
n08d05d2099f69e2,0.9207878701998016
n08d2e03c839e274,0.28935808417174436
n08d3a8cde094ee5,0.24032875159416184
n08ddaa2b6efb3b8,0.508431344764064
n08ddec81c3d3db1,0.8684993623352699
n08e8445d8fd04f2,0.6079070426526852
n08ed9c96caacafe,0.940484625194842
n08faf05cc7104b3,0.7293467479098767
n08fe3bca7ccfab3,0.047045486750743944
n0906614b331edcc,0.6283123140144538
n090d0921a949d45,0.4245430069434604
n090dc3e65e8c8ea,0.13320107694487743
n090e4e84dc43a8e,0.7639223466062066
n0913f4235d29ad1,0.027207028482357943
n091790cdeff4187,0.3757970809125691
n091b748ca150876,0.7735581691937083
n091c850d2c15e42,0.11492135468329319
n09215c9b8cb8407,0.23366869774691795
n09244217c343a0d,0.8404421142128383
n092cad6a6b1d0fa,0.2875159416182514
n0933a57e6c0dd92,0.2329601813801899
n093b99ff5006edf,0.8225875017712909
n093c9487b7f5bf2,0.9328326484341788
n095441ca4a715e5,0.11449624486325634
n09571a303576ddd,0.40427943885503753
n095d59c0623d17d,0.5346464503330027
n095ec9022e92abd,0.37154598271220063
n096685c41014a65,0.9545132492560578
n097449cce1dd212,0.539322658353408
n0985909d91ea355,0.43106135751735863
n09876b2313fc685,0.921354683293184
n099040c937033a6,0.9006660053847244
n09953529f3b009e,0.050871475131075525
n09a2422bc74d98e,0.21283831656511265
n09a78e87fd4c6d6,0.49525294034292194
n09ab73550dc81b9,0.5441405696471588
n09cece9c6ca99d6,0.8631146379481366
n09d1b699fd6e79d,0.5102734873175571
n09d28e07d8c84f5,0.20490293325775824
n09dd5ef54cf0d79,0.33612016437579706
n0a06ead3b296dd7,0.41519059090264987
n0a08947110c9d0a,0.78546124415474
n0a1434489925fb0,0.43573756553776394
n0a1741062e5c06f,0.0022672523735298286
n0a218acbc009dcb,0.783619101601247
n0a2f7afd0da3bbd,0.45869349581975344
n0a4e74f4afcc102,0.6237778092673941
n0a5a226bd2e001d,0.8147938217372821
n0a64fbbf95b33af,0.10982003684285108
n0a6928b1feb13d1,0.582683859997166
n0a74d512781d2dd,0.7813518492277172
n0a75bd9c9567079,0.7603797647725662
n0a783dc0e1017fa,0.5189173869916395
n0a951fee35fffe1,0.1765622785886354
n0aae7972df00e65,0.4116480090690095
n0ab652067fba0f6,0.4455150913986113
n0abbdff2ef1a720,0.842425960039677
n0ac171894b3b21e,0.40612158140853055
n0ac4fe25c10eb48,0.9564970950828964
n0ac5f58340a2692,0.015729063341363186
n0ad48e669ce7f06,0.24486325634122147
n0adef5b833f795f,0.8472438713334278
n0ae17fe86823145,0.21822304095224598
n0ae2ef0c764724b,0.8420008502196401
n0ae6eedf397622b,0.23012611591327758
n0aee01127efe20c,0.18407255207595297
n0afbd812bb5c235,0.00042510982003684286
n0b00bbaa8609f3a,0.12866657219781777
n0b1c651d81896e1,0.3114637948136602
n0b1ecaf92f2623d,0.9383590760946577
n0b4008e67faa135,0.2965849511123707
n0b458f6568b535b,0.7324642199234802
n0b51f5cd6a3711a,0.262292758962732
n0b6dec120ca4caf,0.19512540739691087
n0b7971f477b0de0,0.18024656369562136
n0b7b00039a92c71,0.9744934107977894
n0b87d3fe56f336a,0.2801473714042794
n0b89286431dbdfb,0.303811818052997
n0b9a98db55bcc36,0.49369420433612016
n0b9c4807c817b74,0.6655802749043503
n0b9e9d6ac2a6bb7,0.9931982428794105
n0ba7a2e163e7bc2,0.7959472863823154
n0ba997a2f7eaf9b,0.9513957772424543
n0bafcd50d7daa75,0.812668272637098
n0bb024dc5e91b21,0.6838599971659345
n0bb52b8d6b4ea6e,0.34504747059657076
n0bb9903bb91cef1,0.1280997591044353
n0bbb8dc9eccd367,0.20221057106419157
n0bc45614356f7fe,0.5945869349581976
n0bc560d47c2211b,0.68626895281281
n0bce14a8ff13d7d,0.10911152047612299
n0bd41f7f8002965,0.9907892872325351
n0bda57fe7b582ae,0.7822020688677909
n0bdbd185c74fe49,0.9770440697180105
n0bdef96f7fb5382,0.10457701572906335
n0bdfc72bd6585e4,0.3691370270653252
n0be992a463c511d,0.2943176987388409
n0bf739658d1eb52,0.35553351282414625
n0bf9571723f9d53,0.006801757120589486
n0c1223c56c5922b,0.2817061074110812
n0c16786b6cf3787,0.031033016862689528
n0c2f40066a13af7,0.8522034859005243
n0c3291a5d62e7d8,0.23352699447357234
n0c3d0bbe8280dfa,0.5845260025506589
n0c45d5922c0bb15,0.08275471163383874
n0c464c284cac8f6,0.7391242737707241
n0c5867169b780c5,0.4088139436020972
n0c58b4150260e0a,0.9015162250247981
n0c82a342ba374b8,0.6351140711350433
n0c893891ceac233,0.6233526994473573
n0c925caa628077f,0.924330452033442
n0caa7cf85e9c71f,0.08077086580700014
n0cb8dcd5dea865d,0.9546549525294035
n0cbd7051eb69d5e,0.008218789854045628
n0cbf5441a6e7ddf,0.9682584667705824
n0cbfa5b64cfb43b,0.025081479382173727
n0ccf5ae6ef7413b,0.890179963157149
n0ce7f0b60de7644,0.2510982003684285
n0ced0bff3d420c7,0.7848944310613575
n0cefd213b6beb7d,0.5123990364177412
n0cfcb48fc0da1bc,0.6310046762080204
n0d030b338e84154,0.8842284256766332
n0d09a4132e7158f,0.7633555335128241
n0d09f03c39072a4,0.490435029049171
n0d19b9e629bbecd,0.8601388692078787
n0d1afc3585e61c5,0.7017146096074819
n0d1c1f1e9c67056,0.4942610174295026
n0d20a1be6f8ccac,0.19413348448349158
n0d250d7c39623bb,0.5390392518067167
n0d25b910cf23537,0.6512682442964433
n0d26a396334a15a,0.3929431769873884
n0d3c870f3be8612,0.6431911577157432
n0d40c2e027676c1,0.6195267110670256
n0d46aa6b82045b9,0.27901374521751454
n0d4923a1ffbaf33,0.8625478248547541
n0d5008b85d949e4,0.9859713759387841
n0d52c5dba7aca8b,0.8859288649567805
n0d5a8a9d337d47c,0.26866940626328467
n0d72131f00a2440,0.7785177837608048
n0d86f2aacccc888,0.9535213263426385
n0d93a34c1c16009,0.5984129233385291
n0da32809e1e3e64,0.47952387700155874
n0db7ec860811cbb,0.8565962873742383
n0dba63bd77e1811,0.7831939917812102
n0dbd51ee47e0e59,0.09097350148788437
n0dd277100bb1f79,0.2102876576448916
n0dd429bbcf2f756,0.9715176420575315
n0dd81be898e91fc,0.32280005668130934
n0ddda1173d54d83,0.7304803740966417
n0de31261be7caa3,0.5380473288932974
n0df88d5ba387974,0.43417882953096215
n0e0f982ce696a69,0.23905342213405129
n0e271f07daf4723,0.844976618959898
n0e292219de49f8d,0.386849936233527
n0e39d3dbc162922,0.30579566387983564
n0e3ca08d161eaaf,0.24939776108828113
n0e433d6db0d5cd7,0.9263142978602805
n0e4d1e998c20b47,0.6396485758821029
n0e4f0b3efb597e1,0.3950687260875726
n0e5f44a3f8301e6,0.7246705398894715
n0e634ea00ca80bc,0.6798923055122573
n0e65711e93bab98,0.3116054980870058
n0e7386fb651f821,0.54669122856738
n0e7b694e67a508b,0.29757687402579
n0e7f58ec0e530c7,0.9118605639790279
n0ea151f7cf0d0fc,0.2995607198526286
n0eab932147bbd22,0.6974635114071135
n0ebf42517c63ce0,0.8414340371262576
n0ec0bda4ce93893,0.5730480374096641
n0ee61f8e408a867,0.15289783193991782
n0f03712e6fd24b1,0.6096074819328327
n0f1290f39b2de77,0.7208445515091398
n0f152c7e3efe003,0.8720419441689103
n0f4f997b022af72,0.7474847668981154
n0f50c66aa0c6d73,0.17925464078220207
n0f512a41c09f985,0.8091256908034575
n0f5311e8311aad9,0.6433328609890888
n0f54fb2b9ad71ca,0.006660053847243871
n0f5a7e3d5433346,0.028624061215814085
n0f661dcb3d097b5,0.24528836616125832
n0f663672a71fe14,0.6533937933966275
n0f69700a3167bf8,0.47442255916111664
n0f69fe1f3c0bb8c,0.8482357942468471
n0f7469f78558dfd,0.8271220065183505
n0f89288d34f5dc7,0.2828397335978461
n0f8ac4a1c8195f7,0.24146237778092675
n0f9fe0ec861a981,0.7654810826130084
n0fa0ac3dd114b27,0.6515516508431345
n0fa2335cbd6a790,0.4650701431203061
n0fa3a472274ccb4,0.37763922346606205
n0faa91935dbb518,0.2675357800765198
n0fc9bc524bfd5d2,0.853053705540598
n0fd753f6ab1493e,0.45954371545982714
n0ff1ba99409a2ad,0.09990080770865807
n0ff66da8f7e477f,0.8804024372963015
n101b2d9065429e9,0.8703415048887629
n1021b541bd3b71c,0.607623636105994
n1033f2193cd79ca,0.25067309054839165
n10375e755ef135e,0.35921779793113223
n1041247bcd699be,0.8962732039110104
n10450ca4c05ff46,0.23494402720702848
n105ed09bb17dfbe,0.22955930281989514
n106167f5523e016,0.4367294884511832
n10616883c57f4dc,0.5373388125265693
n1074af797d2cf08,0.36970384015870766
n1078da91689669a,0.7976477256624628
n10790321e4f44ad,0.8959897973643192
n107e90c47882ce7,0.9581975343630438
n107fcda65a73656,0.47980728354825
n108510f3e47ee72,0.42227575456993055
n10a2519fdb2be1a,0.08643899674082471
n10bff8dc729f514,0.3084880260734023
n10c2d42d84bda0c,0.7154598271220065
n10d54e96f6b788e,0.993765055972793
n10d82b207bac0fe,0.49837041235652546
n10dc98c2fcac5b8,0.2912002267252374
n10e395ab3c982bc,0.09947569788862123
n10e8a370cf22614,0.17103585092815643
n10f14b60e7e63d7,0.8612724953946436
n10fd1c5f07d09c5,0.31217231118038824
n1108caef7235081,0.5149496953379623
n110ff750ddd0232,0.5666713901091115
n1112ca36e248fc8,0.21255491001842142
n1114f6a1286781b,0.38444098058665155
n112218aa0a73e86,0.4776817344480658
n112262b00e4cab4,0.8228709083179822
n112e1acd86057ce,0.6372396202352274
n112eef6cd330a9f,0.27235369137027066
n113433045eae08e,0.9101601246988805
n11380ad8db78a21,0.5277029899390676
n1140ad35ae2c5fc,0.4552926172594587
n11559f449f0b9b8,0.9214963865665297
n1166cba8d9baaae,0.33569505455576026
n116a47ec180bab9,0.5801332010769449
n117a672cdcde8fa,0.8981153464645033
n117a77fb47f2534,0.8187615133909594
n117a7b3fe3b2370,0.04449482783052289
n1181a94ce9453a8,0.7066742241745785
n1184910b9fd61a3,0.846818761513391
n1188bea9df35d1a,0.8316565112654102
n118afc8893e96d9,0.6120164375797081
n1196f8455c8b3fb,0.430211137877285
n119933f2cd4472a,0.8978319399178121
n11aaeaa0923b652,0.8697746917953805
n11afcdb8822968b,0.5737565537763922
n11afdec545d52f6,0.9705257191441122
n11b421761be67be,0.8696329885220349
n11b6a4c8d54dc96,0.5227433753719711
n11b9b94982b4f39,0.7967975060223891
n11b9d4d3923c999,0.1577157432336687
n11be6c27ca80466,0.18974068300977753
n11c0d145d73f097,0.2739124273770724
n11c60757eaf1015,0.6080487459260309
n11ce601c72d1d98,0.4198667989230551
n11cf0effd1ab234,0.08445515091398612
n11d3088820ff69f,0.042510982003684285
n11d7bbbd14820f6,0.30806291625336546
n11df56fc8f20ff5,0.9749185206178262
n11e38b6a8ccbab9,0.30423692787303386
n11e53e6e58c9fc6,0.12356525435737566
n11e5f7a183748e9,0.25747484766898115
n11f1f10b9e0386c,0.6793254924188749
n12000b184cef20f,0.1509139861130792
n1206a084f188e20,0.7837608048745927
n1210b7328b3c506,0.4227008643899674
n1215ade5ecc0214,0.303103301686269
n121a992fbf7bfed,0.20646166926456
n12228adb0a48f82,0.8870624911435454
n125011452207240,0.38670823296018136
n1255b6e5a036c8e,0.022672523735298284
n125d1e9de58db00,0.45075811251239906
n1269b32865e8cbb,0.3402295593028199
n126b9e21590cf12,0.7422417457843277
n127bec4595dcf88,0.7168768598554627
n12889be728c6aa9,0.8455434320532804
n12a47a02f413121,0.6658636814510415
n12accd4a5320874,0.3759387841859147
n12ad09f1cbb8c65,0.05115488167776676
n12ad1cc1b7fbb13,0.6387983562420292
n12ae557ab92e768,0.9192291341929999
n12b72537eeb547d,0.948561711775542
n12b99d58b688580,0.0039676916536772
n12c37501eeb37a8,0.11506305795663879
n12c49a087596ca3,0.07170185631288083
n12cc4699464a1e0,0.08190449199376505
n12e4f1942640134,0.9692503896840017
n12fc6bf2b8b58fd,0.10953663029615984
n12fd0f87dccb3ed,0.5588777100751028
n1315a10d702a78d,0.04506164092390534
n1339fc095f16faa,0.43587926881110955
n133fc3ff366317d,0.16225024798072835
n1340a23b1420027,0.14326200935241604
n134452e5f4fae16,0.050021255491001844
n134896b4c9cd17a,0.9319824287941051
n1348df433e71b12,0.8940059515374805
n1349c3117d84a59,0.9529545132492561
n13521bfda5ccd16,0.5571772707949554
n1355081b725c52d,0.28411506305795664
n13563b187d81d2b,0.47513107552784467
n135f5a5ac6a5be7,0.4961031599829956
n136d10f0fd22b28,0.818903216664305
n1377031700df1b6,0.37423834490576735
n1377cf7430e33c2,0.43701289499787443
n138fc260a09a9ae,0.9943318690661754
n1390786f6754444,0.42822729205044635
n13922034c597cd9,0.49142695196259034
n1393de1b7133674,0.22049029332577583
n139afbba885f6b4,0.8373246421992347
n13ab13220cca37e,0.6300127532946012
n13abf006fb32fcc,0.964715884936942
n13b0643e7fa529b,0.35680884228425674
n13b1f391bfdbf46,0.043077795097066746
n13b27c0eff157e0,0.6684143403712626
n13c6dce3d732289,0.12724953946436163
n13c98ace03dd984,0.19909309905058806
n13d390a254f8058,0.9965991214397053
n13da0757f7a8655,0.7814935525010628
n13dd0dc85ebe9a4,0.3344197250956497
n13e45e05dd502c1,0.9368003400878561
n13e7768465937c3,0.3828822445798498
n13fe2f769dc659e,0.8740257899957489
n1418169a6c36493,0.26328468187615134
n14187ef6fb043f8,0.15332294175995465
n141975b412cb5f4,0.3671531812384866
n141fd9fd87d2d1b,0.6927873033867082
n1435293c4349b2b,0.8074252515233102
n14462f73d5f63ba,0.8706249114354542
n1446ff32131add4,0.7860280572481224
n145610b01def92f,0.6949128524868925
n14567c429ee7bb8,0.754569930565396
n1462f208efd39e2,0.20206886779084596
n1463dc56a5c2f02,0.26937792263001276
n147448ac929c865,0.19555051721694772
n1474727a562a491,0.15360634830664588
n147f40799c924bb,0.14609607481932832
n14839eb0e81e338,0.6202352274337537
n1483cea79f41eec,0.33994615275612866
n1485b3c61a7d3c7,0.31174720136035144
n148a367a2deb891,0.7294884511832224
n148acd6c0bd32d3,0.7401161966841434
n14945f3c30f7c56,0.27830522885078646
n149ba7629115614,0.47215530678758677
n14afef9808b4029,0.4612441547399745
n14b2339d47b9553,0.7521609749185206
n14beed8313966c6,0.4326200935241604
n14c2b4f8c02598a,0.12880827547116339
n14c8c1b1a9f67fe,0.845685135326626
n14d2f2ec3a08306,0.9990080770865807
n14d81138cdc44ca,0.9389258891880402
n14f43f94c6c1627,0.4822162391951254
n15068dd9e99cc9f,0.08870624911435454
n15091cdd19d6f6a,0.7174436729488451
n150fe8906ed9527,0.8544707382740542
n15240ac0dc56f32,0.942326767748335
n152856a920afff3,0.8388833782060365
n1532e1111e1d0e9,0.7316140002834065
n15358699f2f9e27,0.8398753011194559
n153a3b2cb1769ee,0.6488592886495678
n154a934794670b8,0.9338245713475981
n1551d685fa6a612,0.9550800623494403
n15598f740a2a88d,0.5624202919087431
n155aba090e5a213,0.0555476831514808
n1563ce453478f8e,0.15729063341363186
n15653c7037444b9,0.17075244438146522
n156564a9add5bcc,0.43517075244438147
n156abb9801ac8f8,0.6936375230267819
n156d574560a6f29,0.7229701006093241
n157b52cdd006ca1,0.5312455717727079
n157e0552af73de2,0.9129941901657929
n15814f22376a90c,0.32577582542156724
n1586fb94e7ecdcf,0.3937933966274621
n158fd839ecf7631,0.0614992206319966
n15905b12675a452,0.7355816919370838
n1590dbf62eab648,0.37721411364602525
n1594b430c2419c4,0.069434603939351
n1597145ef8ea45f,0.4425393226583534
n1597a06c8e32045,0.059090264985121155
n15a249eaedb86f2,0.15899107269377924
n15be91aabc168d9,0.7360068017571206
n15ddadc10fe4953,0.5523593595012045
n15de463bf42c523,0.4157574039960323
n15ed4c80c0bb884,0.1638089839875301
n16019ca17835816,0.138869207878702
n1609a19f65f0a8a,0.7456426243446224
n162f9643c14a16c,0.10967833356950546
n16384b7cb122cd2,0.006376647300552643
n16602080916d007,0.9373671531812385
n1670839bcf36e55,0.2033441972509565
n1670de5cccf8cc0,0.6481507722828397
n1685d97c5d3b4bd,0.36729488451183223
n16945eaf0d9426f,0.21964007368570215
n1694993074f2daf,0.6828680742525153
n16bf9304a21c49e,0.5462661187473431
n16c57845910131f,0.6621793963440555
n16d1febdb6d1dcb,0.03514241178971234
n16dc68d5accf5a6,0.5892022105710641
n16f50c903ffbfd2,0.6983137310471872
n16fae6cdee8dcbc,0.7983562420291909
n1708e5f146440d4,0.13575173586509848
n170e8a794fdcf36,0.299419016579283
n1713b701694e1a7,0.4412639931982429
n171c6e3109cabb3,0.035000708516366726
n1723463efcba025,0.758254215672382
n172dcb8db9036b0,0.9141278163525578
n17320489f098b26,0.2668272637097917
n1733ad5c7cb7f0b,0.3002692362193567
n173e2afb2be76cb,0.642907751169052
n174b3373003efa1,0.1071276746492844
n1756ed902f5aa3d,0.8958480940909735
n17587601ac6033c,0.9978744508998157
n176ceeb5a8414f5,0.5288366161258325
n176f1d2a248f13f,0.023664446648717585
n17863b0b17adaa2,0.6667139010911152
n178bb160323f0c0,0.4037126257616551
n179108e1d5ad547,0.29006660053847244
n1796d4ecdc7d387,0.9002408955646876
n179913e5cfe8c5f,0.17231118038826698
n17b4f9de5620330,0.1805299702423126
n17b7e3ebadccc78,0.9278730338670823
n17c232324df8ef4,0.7117755420150206
n17c2cb48c864f09,0.3677199943318691
n17c768433c3b9d7,0.0416607623636106
n17ca5a644061927,0.8751594161825138
n17cacd24bc37853,0.6780501629587643
n17cf3ff263898ff,0.32492560578149354
n17cfb53d30ec8f8,0.9124273770724104
n17d927f8621f883,0.6739407680317415
n17f398926b74e0f,0.6314297860280572
n17f4fa8cf7f3979,0.39265977044069716
n17fc988e816d6db,0.09975910443531245
n1801dbe4debc8c7,0.875442822729205
n18037cc0c33c0c4,0.9701006093240754
n180c6f881d60942,0.9573473147229701
n18187a1905197ba,0.4990789287232535
n181c18195f0ef06,0.22573331443956354
n18224df2f718108,0.9815785744650701
n184d7482a7ecbc2,0.37749752019271643
n185d9ccb4c87b80,0.2400453450474706
n185e29d0a0fc2c2,0.9212129800198384
n186975f746ea781,0.07566954796655803
n1872fbd7dba425c,0.10741108119597563
n187407eb5fd8391,0.6518350573898257
n188ffcbd79876dd,0.5663879835624203
n18a69a32e50b9db,0.5859430352841151
n18af3d2c3968429,0.8240045345047471
n18b1b3eaa861450,0.9591894572764631
n18c03d8a31b7259,0.6341221482216239
n18cde92c0c3e009,0.30494544423976194
n18da692b9f93957,0.48774266685560436
n18e553bf2979554,0.7790845968541873
n18e99e58746064a,0.9358084171744367
n18e9abc27007ca3,0.2717868782768882
n18eace12d93e166,0.3861414198667989
n1905d17b6bd1268,0.1229984412639932
n190d0e8f9e90cfc,0.1874734306362477
n1911044fe4332f2,0.43290350007085165
n19183be46631c89,0.30707099333994614
n192e45cacf13fb2,0.14028624061215814
n192f40e4c78e831,0.008785602947428086
n19362bb08a2cc55,0.5566104577015729
n19397fa7266051e,0.5687969392092957
n193c97eadcf2878,0.5957205611449624
n194405ed9f96de1,0.4540172877993482
n19463925dd69e6c,0.26413490151622504
n19484015ac6a20a,0.0021255491001842142
n195e86bc83d6bb6,0.10500212554910018
n19648b0b939c244,0.10202635680884228
n196610d78e8790b,0.9635822587501771
n196c4cedfbcfe64,0.36261867649142693
n196e568300322a3,0.8925889188040244
n19831e8c2f112a8,0.7129091682017855
n1985a802f06df05,0.0376930707099334
n19a7cdc3fd2d23f,0.3481649426101743
n19a98f643f537a2,0.7419583392376364
n19ab7b9ed2493e8,0.27320391101034436
n19add39bf0e0a96,0.21312172311180388
n19b2c9a9827ece9,0.7929715176420575
n19b395697e85a98,0.8483774975201928
n19b4fa255e45cbf,0.7069576307212697
n19bfef81dab1237,0.7191441122289924
n19c488b7da7d065,0.10372679608898966
n19c976d0669d327,0.779934816494261
n19cc978650e4f7d,0.901941334844835
n19ce6a341a4ae26,0.524585517925464
n19ea20edbdca19a,0.45274195833923764
n19ea58dcf9db746,0.7467762505313873
n19edc4d0ad481b9,0.06220773699872467
n19f2731ac1fcd9f,0.6993056539606065
n19f5ccc43b0d970,0.5746067734164659
n1a04c048da18da5,0.506589202210571
n1a06b97a4708cb1,0.7690236644466487
n1a0be967495e368,0.9759104435312456
n1a1522aee705305,0.6152756128666572
n1a165b2df333aad,0.6407822020688678
n1a1d4c3f055269c,0.16352557744083887
n1a42e7b1e479c39,0.6686977469179538
n1a44f88cd2baa80,0.5972792971517642
n1a4518186c0c6d8,0.9946152756128667
n1a5f1dead6d357e,0.7224032875159416
n1a65b67d66b1f5f,0.28255632705115485
n1a68a89ab3f26cd,0.4949695337962307
n1a7a3df4e7e56cd,0.7433753719710925
n1a80f4eb3806345,0.8065750318832365
n1a835cfc9738f41,0.6889613150063767
n1a847ec37ab8982,0.33753719710925323
n1a8624fd36c04cb,0.472438713334278
n1a8755901a64bda,0.1636672807141845
n1aaf1ba2d2f84ce,0.9560719852628595
n1ab67a9d741472d,0.05512257333144396
n1abeb168b09813a,0.9441689103018279
n1ac9947e1ebae13,0.008643899674082472
n1adbd4858ba9ad8,0.8224457984979453
n1adda47058e6e39,0.9312739124273771
n1ae1b5c9bc37511,0.33555335128241465
n1ae506cb2422cac,0.4397052571914411
n1af0e4ae777aa7d,0.7472013603514241
n1af4a8445d422c1,0.007085163667280714
n1b0f3e5ddaf976b,0.46464503330026924
n1b14aa990817cf2,0.2151055689386425
n1b1e8081ca14d8f,0.7977894289358084
n1b24ecef0d43770,0.44834915686552357
n1b2b6a49242be90,0.4657786594870342
n1b2cea19f91a5d8,0.7643474564262435
n1b4b899a9ac371b,0.4635114071135043
n1b54952748bacb1,0.49057673232251664
n1b569552c8ece60,0.9735014878843701
n1b57a5ee6af69f9,0.3684285106985971
n1b71499791c49ad,0.6458835199093099
n1b72217f5d22b5d,0.6060649000991923
n1b84ef7f10ea120,0.3827405413065042
n1b9eb3976920991,0.43488734589769024
n1bb6975a6c9b06a,0.456284540172878
n1bbd7c47c400c30,0.40541306504180247
n1bcc61b44415841,0.9257474847668982
n1bd9f12c262c58c,0.5241604081054272
n1beed52eec96ad3,0.359642907751169
n1c0260a2c236a59,0.7164517500354258
n1c0c1bedab02d8b,0.5884936942043362
n1c2917a9450a42e,0.8531954088139436
n1c29f4c645841e9,0.1606915119739266
n1c2e67970001a9f,0.2747626470171461
n1c2eed2f7ab1bf2,0.15346464503330026
n1c337f53910d582,0.12923338529120024
n1c3d19638c08e67,0.7561286665721978
n1c3e24955095589,0.49156865523593596
n1c3f917ac5e7809,0.6482924755561853
n1c455ac2116951c,0.684426810259317
n1c4db09295ef3e5,0.5758821028765765
n1c5748711e90541,0.7555618534788153
n1c5b786372829a3,0.08020405271361769
n1c5d883e82e6909,0.0486042227575457
n1c6aaa4e7111b24,0.7354399886637382
n1c7a5be700804a8,0.45883519909309906
n1c7e4cb41a512b1,0.4126399319824288
n1c868d6d1eea36b,0.5308204619526711
n1c9517ad0f3441c,0.5302536488592886
n1c95991363943dd,0.4099475697888621
n1ca42e7090e341f,0.7150347173019697
n1ca75fdc79d016d,0.5954371545982712
n1cad68ed9f95238,0.31188890463369706
n1cae1239b0e5ccd,0.9094516083321524
n1cb8713708ab4bc,0.5410230976335554
n1cbbab7c8213dd5,0.26541023097633554
n1cbf8ef672006fb,0.4545841008927306
n1cc1eed62e4c02f,0.8403004109394927
n1cd1423416d824b,0.7754003117472014
n1cd49902deb8fbd,0.8342071701856313
n1cf09e9531bdc35,0.33682868074252514
n1cf6e9b442ad70b,0.6874025789995749
n1cfc3ff00b0197f,0.6729488451183222
n1cfd86845be6d61,0.42397619385007795
n1d02e6fb307a31b,0.12342355108403004
n1d04bd8c1dda493,0.3848660904066884
n1d0707e4313213e,0.9627320391101034
n1d0f092b33a85df,0.6336970384015871
n1d140b925354068,0.7031316423409381
n1d23ffa3b6790ed,0.8242879410514383
n1d268418486c726,0.5960039676916536
n1d2845f37d5cf05,0.48094090973501485
n1d2c202d7f87e1f,0.42808558877710073
n1d34d056b29a785,0.1912994190165793
n1d35498f9fc29bd,0.1608332152472722
n1d4b76c56bcd7cf,0.9549383590760947
n1d6b24ba2788d9c,0.6842851069859713
n1d716698d6ae4f8,0.31472297010060934
n1d7349b6c284ff6,0.1400028340654669
n1d831ac8c765907,0.12625761655094234
n1d83216d4c562cc,0.37352982853903927
n1d8509224657621,0.8524868924472155
n1d8f062af1493d1,0.5804166076236361
n1d96e1242d85ce2,0.3980444948278305
n1d99f937ceca53f,0.4375797080912569
n1da22e826dcad8a,0.49964574181663596
n1dbdaa1c887fb66,0.9854045628454017
n1dc269ad991a2f4,0.24457984979453026
n1dc3aa3173147d0,0.8274054130650418
n1dc47e30c4e99c4,0.8602805724812244
n1dc7835d047ea91,0.21793963440555478
n1dcea903c44d78b,0.03004109394927023
n1de5237487801ee,0.7309054839166784
n1df26c95502cee7,0.4486325634122148
n1e0fbbe15121ca4,0.9607481932832649
n1e1bae76118f5ab,0.4041377355816919
n1e213dcdc39d89e,0.0952245996882528
n1e2783314720b8f,0.7000141703273346
n1e39dc2d8c8961f,0.8095508006234944
n1e3cf9611885d00,0.1904491993765056
n1e43fb9db00b6d3,0.026498512115629872
n1e4ebc3826b43ea,0.4414056964715885
n1e62b8657c73ac2,0.8364744225591612
n1e7480128344ed5,0.8121014595437155
n1e7727ddb228be9,0.5384724387133343
n1e80c442e549703,0.26838599971659344
n1e8ba0f8e0d3407,0.8955646875442823
n1ea27aae3f72f6a,0.01615417316140003
n1ea3f83c69f2189,0.9189457276463087
n1ea4e131c2194d0,0.7221198809692504
n1ea6d1b58378eb2,0.6331302253082046
n1ea9da116ce28ba,0.18393084880260735
n1eb7b198faaa4bc,0.5530678758679326
n1ebc4592173537f,0.9740683009777525
n1ebd87772e55736,0.4857588210287658
n1ebf5477c891b8e,0.8157857446507014
n1ecfe0a5c39a2cb,0.18223040952245997
n1ee4de68553b684,0.7646308629729347
n1eef29aa80267b0,0.34136318548958483
n1ef0622edb88f1c,0.049171035850928156
n1f131a6ce391be0,0.729630154456568
n1f25ed0386485cf,0.2784469321241321
n1f3102b2a2270a7,0.8778517783760805
n1f34bf4f2e8551a,0.32875159416182514
n1f44b3d185416e0,0.06801757120589486
n1f5a1514ccd2df1,0.912569080345756
n1f67353ab69821b,0.7469179538047329
n1f69306fe4cc859,0.6400736857021397
n1f8d90da4367186,0.4679042085872184
n1f8fbb0a9775c10,0.8495111237069576
n1f9f9057efa272a,0.7079495536346889
n1fa33728e5be1a4,0.5802749043502905
n1fc2511df5e0ac3,0.2520901232818478
n1fc2af3cbce9973,0.10160124698880545
n1fc774532a9c3d4,0.8003400878560295
n1fd1ffbaffec8d6,0.960323083463228
n1fd8a9c7036fdb3,0.1479382173728213
n1fda65a62529131,0.9196542440130367
n1fdd149a4fcc32d,0.0743942185064475
n1fde8cf4c3a496c,0.9161116621793963
n1fe5c56831715af,0.12583250673090549
n1ff909401b65436,0.33541164800906903
n1ffd05fd367be9e,0.739549383590761
n2008429146115e1,0.09366586368145104
n200d387fd60c0f7,0.7036984554343205
n200e2c6075b3e82,0.19781776959047753
n2019b70a182302f,0.22459968825279863
n20286ca0f8d9790,0.25662462802890745
n202cb5862bd2c47,0.7914127816352557
n203b6f1914d2b5b,0.21765622785886354
n2044156f060dc09,0.04151905909026499
n204e071103ccece,0.4361626753578008
n204fdfb23ccc8e9,0.7919795947286382
n2058d320f88ce3c,0.5515091398611308
n2060347002d9258,0.7099333994615276
n20726a30ea7da5b,0.08147938217372822
n207816e16e66a6f,0.8796939209295734
n207cac06b6c7bfe,0.9043502904917103
n207e9978ce07709,0.7763922346606207
n208eee162a3c9fb,0.4747059657078079
n20c06c40098a725,0.5668130933824571
n20c55cdcff5ae72,0.20263568088422843
n20d4865875ea68c,0.4504747059657078
n20e527bd141fdd5,0.4153322941759955
n20eaf011b2839aa,0.34065466912285675
n20eca3817bc635a,0.6495678050162959
n20f38203ba19c6c,0.19824287941051438
n20fc9bc5a3ee7bb,0.9872467053988947
n21022f613a4a608,0.9345330877143262
n210708fb3bf9ef1,0.6199518208870625
n210979160428de8,0.6988805441405697
n210faab23a1f790,0.6885362051863398
n212230a210db509,0.817061074110812
n21228b737057346,0.37239620235227433
n212b01e2f2688ed,0.581550233810401
n212eced93c3b0f8,0.3014028624061216
n2144068f381b6fe,0.7732747626470171
n2146401605ec19a,0.5785744650701431
n2147295acebb4fc,0.8894714467904209
n2148439c49f3a12,0.15105568938642483
n21514e3b610aa35,0.5432903500070851
n21567e5adb3c897,0.29998582967266546
n2168163efb159da,0.2907751169052005
n216f81dc756506a,0.11888904633697038
n216ff90f671a680,0.28553209579141275
n21791e070d3599d,0.8017571205894857
n2192cc8b163e473,0.13929431769873885
n21a11183fc3f597,0.8310896981720278
n21a99489287a182,0.9913561003259175
n21c2bed263b67dc,0.14113646025223184
n21d2020c7a0ffb5,0.4190165792829814
n21de085ef1d2856,0.1972509564970951
n21ea3ca91a98060,0.6810259316990223
n21ebf0a317b2b03,0.9411931415615701
n22053a67b97142d,0.6335553351282415
n22165a3d4ffec49,0.44764064049879554
n2226a4e6eee9b83,0.7462094374380048
n2228683590aea96,0.034150488876293045
n222a604d2a0c31d,0.0148788437012895
n222c05a32874888,0.22941759954654953
n2234dc281a3e0cd,0.7287799348164943
n223e6a223c2d68f,0.6028057248122431
n2245d9ba50965d3,0.277738415757404
n2254d37d5d5fbe5,0.3230834632280006
n226a791549d0cf7,0.1170469037834774
n2281fe188f3fe0d,0.5311038684993623
n228ec5e769d4034,0.2590335836757829
n2291fb1460098f2,0.33257758254215675
n22941cd0f9b7d7f,0.8655235935950121
n22a14ca35746c6d,0.7918378914552926
n22a4c8a69027a65,0.8223040952245997
n22a5e3e65f0a171,0.2584667705824005
n22abbf3814c6757,0.2756128666572198
n22c072103413610,0.028907467762505315
n22c320502e491cb,0.6917953804732889
n22c678a5558d6dd,0.5615700722686694
n22c94c78420e4e6,0.3382457134759813
n22cad8a45a217ec,0.0029757687402579
n22cd46c9d6bda1f,0.9392092957347314
n22cf67ea3713be8,0.49596145670965
n22d095ff99ccff5,0.9743517075244438
n22d0b8f33f437cd,0.5258608473855746
n22d50a482e5937c,0.25435737565537764
n22df85311c3b005,0.032024939776108825
n23023f7d3c79b71,0.5774408388833782
n230643290bc3a3d,0.156865523593595
n23082ded1d04493,0.19399178121014596
n230db712032da07,0.7936800340087856
n2314220482082be,0.21198809692503898
n2314dea02a87b5f,0.6610457701572906
n233769b78ec073e,0.9012328184781069
n233988654b20c27,0.6134334703131642
n233a28f21d4043b,0.9076094657786595
n233e098a8bcc3d0,0.6498512115629871
n2342b3cdbb93317,0.7683151480799206
n2343a92482f1be8,0.23891171886070567
n2345671ce83a6f9,0.2547824854754145
n2347aed87bdc99e,0.3365452741958339
n234d07678d45cf3,0.03159982995607199
n23509c4e4cf8f70,0.7029899390675924
n235d289c7bcaab6,0.09933399461527562
n2384345da75c60c,0.9769023664446649
n238648a73e3b76a,0.1259742100042511
n239058de271064c,0.7282131217231118
n2394042db69cc0f,0.7010060932407539
n239dbd2047370cc,0.8021822304095224
n23ac48157b286b8,0.8210287657644891
n23afbf1151e2c17,0.28340654669122856
n23b903e4cf93a72,0.4405554768315148
n23bd331a5497edd,0.4503330026923622
n23be77d583fee26,0.1527561286665722
n23bf420d44caf53,0.11095366302961598
n23c38be9d5e274d,0.8180529970242313
n23c9ecc18e81e30,0.1349015162250248
n23cd6c19d2af4d1,0.18591469462944593
n23cd883d97f86d4,0.0128949978744509
n23d10031223381a,0.8138018988238628
n23d7519b8e8b8cf,0.18109678333569507
n23db7e94111627c,0.4508998157857447
n23e5f49697f8a8f,0.22544990789287234
n23f7a1fe3f8f823,0.8272637097916962
n24066a5e8f247d7,0.20079353833073543
n2408c0dad35b9d2,0.7238203202493978
n240bf0cf95f7eed,0.48675074394218504
n240bfa0435440c1,0.7768173444806575
n240d40c3241a368,0.784327617967975
n2416cb8374e3e7f,0.2192149638656653
n241cdfcb89c6e8c,0.37636389400595155
n2422c81ff1f02bd,0.8709083179821454
n24272e79ec62c89,0.4510415190590903
n242d06ab4c79849,0.4623777809267394
n24386e7eb52cf39,0.2936091823721128
n243a680b63e59e2,0.6994473572339521
n24422866cd5010c,0.6494261017429502
n24449c7439a1368,0.9350999008077087
n244d3a7c2031b21,0.1567238203202494
n2492f7561f59a25,0.4197250956497095
n24a6181f4f9ffa1,0.9961740116196685
n24a779d76f0ec7c,0.24387133342780218
n24a952698231feb,0.09706674224174579
n24ac212d2643827,0.6227858863539748
n24acb3e1484f3f3,0.6127249539464361
n24bc5a2e97dbb9f,0.16806008218789853
n24c60bd1f219e33,0.375088564545841
n24e3c958ef26ddc,0.3015445656794672
n24e780a58716b0d,0.4902933257758254
n24f6ae6d05388b9,0.6200935241604081
n24ff7b5c044bae2,0.6757829105852345
n24ff7c5744388c8,0.7185772991356101
n2510acf71a3d592,0.6464503330026924
n2525d7a3c4a74a3,0.6736573614850503
n2539af59f2f5c25,0.7107836191016013
n254310674c5eb0c,0.18180529970242312
n2546e28f74cde91,0.36814510415190593
n25492bf5e6494e4,0.11364602522318265
n2556bd0d70a8fbf,0.5371971092532237
n256f8c5fdf84706,0.9128524868924472
n257b0387f3c0eeb,0.4353124557177271
n257b2f80a0e5e1c,0.2669689669831373
n257ccca97eb8544,0.11194558594303529
n257da2d2d33b38d,0.30196967549950404
n258796eb81c1b4e,0.5186339804449482
n258e9c2e7732af4,0.9790279155448491
n259aabf6661e82a,0.6148505030466204
n25a01fd9c460e78,0.42525152331018845
n25a5b2e0a8ca7f9,0.9691086864106561
n25b5551286d424e,0.6865523593595012
n25b832d4432726a,0.1310755278446932
n25b88cb27148e3a,0.05483916678475273
n25cbe322a83eee9,0.8938642482641349
n25eb2673f39afc7,0.7350148788437013
n25eb8ba07d69727,0.07070993339946152
n25f2fb6f45f42de,0.6866940626328468
n260f1317c4ce618,0.18931557318974068
n261e8d85bf82a84,0.49950403854329034
n261f43feae84b20,0.4910018421425535
n2624f4593227c13,0.37707241037267963
n26265fa6a1f3607,0.17897123423551084
n26284fe3034165b,0.7719994331869067
n26417f97e5708df,0.6872608757262293
n2646cd337206822,0.14992206319965992
n264b921b8494753,0.6198101176137168
n2653a4b2b1cbbab,0.4708799773274763
n265e5f19bfbd6cd,0.27008643899674084
n268087719765ca0,0.04987955221765623
n268d54dfdf78e25,0.8900382598838034
n269b5a83bf8395d,0.46478673657361486
n26a46c5de3fb436,0.49567805016295874
n26e66b2bd41038f,0.46847102168060084
n26eb54b8005794f,0.06915119739265978
n26ebd869aed0a4c,0.014312030607907042
n26ed6dbe5abe2f3,0.45288366161258325
n26ef3c91eef37a3,0.5653960606490009
n26f6747208fb89b,0.20461952671106703
n26fe3d82ffec8c9,0.8031741533229417
n270114409860e89,0.3630437863114638
n2703e5bd6761e47,0.968400170043928
n2709cae1c59b8df,0.03542581833640357
n270ff7b61e21305,0.02550658920221057
n2711e07932c0426,0.692503896840017
n27183cfe0245ad5,0.060365594445231686
n271c968e3ed1625,0.4266685560436446
n272ebd272c514c1,0.30041093949270226
n272f61ad02c5f88,0.5723395210429361
n273a2c2ad7abcc3,0.7948136601955506
n273e983674b8a02,0.712342355108403
n273ff0b7048011e,0.3885503755136744
n2743c11b4aff300,0.7194275187756837
n275c90dd6c8fe81,0.3349865381890322
n2764c2240ff9247,0.8427093665863682
n276d2d4c5ea1b62,0.6542440130367011
n277cbcf73ed0059,0.06575031883236503
n2784a56d704f8ad,0.9856879693920929
n2792fbce337e3c2,0.8881961173303103
n2798bae39ee752a,0.20065183505738982
n279a0d198456fb0,0.19866798923055123
n279ed213b75f95a,0.5940201218648151
n27c1953ecfffb02,0.3918095508006235
n27e90f7c6b9758c,0.9912143970525719
n27efe5a95ce50eb,0.4235510840300411
n27f03307305a5ed,0.08658070001417033
n27f61aa09058854,0.9078928723253508
n2805b0b8fe502e6,0.46549525294034294
n2808b0903df034f,0.5612866657219782
n2818fc5c79cdbda,0.714184497661896
n281a72fc6de7d03,0.6678475272778801
n281c9bced7e53da,0.6042227575456993
n282842f16d3dd72,0.06830097775258609
n28499b8cb91ed07,0.3580841717443673
n285038e64c0fd47,0.7966558027490435
n2858fdb4f31abeb,0.16140002834065467
n28654ab55250cd2,0.11690520051013178
n287a48aa3cf5aab,0.31755703556752163
n288100a52ac5a2e,0.3379623069292901
n28813f955d18aea,0.8262717868782768
n288d608840224ad,0.003117472013603514
n289028b1646c591,0.39861130792121297
n289354123c1a156,0.1001842142553493
n2893ab0b31418cc,0.15459827122006517
n2893f5dfdd51791,0.8818194700297577
n28962e6eea30b9a,0.885362051863398
n289a9527663c9de,0.08374663454725804
n289b59950dc41de,0.5967124840583817
n289deaa01882773,0.7826271786878277
n28a22aa5b77c748,0.8173444806575032
n28b1151932b4698,0.39322658353407963
n28b1227a2d2741a,0.8646733739549384
n28b265b3dd82495,0.4836332719285816
n28b54c7130e3428,0.3157148930140286
n28b6992206a8a91,0.41334844834915685
n28c1b588ac8a139,0.6461669264560012
n28c22c52990c90b,0.3559586226441831
n28ceb7c8abbb8bf,0.6652968683576591
n28e0b0a7f321284,0.020121864815077228
n28e193fcbafe1e9,0.424684710216806
n28e66776000e562,0.5350715601530396
n29039e2a760f727,0.07311888904633697
n2922177a4df7ab9,0.4649284398469605
n292a6e33aa67d21,0.8743091965424401
n292af7a24383987,0.16536771999433186
n2933cd19a6e4f19,0.57092248830948
n293a785b9941791,0.7819186623210996
n293e771406995e6,0.8999574890179963
n293f5b47ea04d55,0.9387841859146946
n293fc0ba6367687,0.8924472155306787
n2945857c3f0935d,0.42213405129658493
n294585ee2f788ea,0.07496103159982996
n295fc998e978fe0,0.3820320249397761
n2968aea93fc9caf,0.055405979878135184
n296f573be731bf9,0.2798639648575882
n2975d2a90429972,0.8667989230551226
n297e3b6e5f7defc,0.12285673799064759
n298167be1276bea,0.48249964574181664
n298a360c40d196d,0.5435737565537764
n298a4a5f4ae54da,0.4883094799489868
n299377ce489a975,0.9127107836191016
n29a3743b24bb7b7,0.7161683434887346
n29a43db90727cbd,0.37182938925889186
n29a771bd564641b,0.039535213263426384
n29a8bdbf6120c3c,0.34944027207028483
n29b9698f2731da8,0.05469746351140711
n29bac6e13f05efa,0.9332577582542156
n29c15c506709c3d,0.6457418166359643
n29c2eb404df6db3,0.18860705682301263
n29c3310d6bd2bfd,0.21170469037834774
n29d3473652dcd29,0.7075244438146521
n29df89f3b708081,0.552926172594587
n29eb1f8ac9e731d,0.24968116763497236
n29ede43c40ae16b,0.8935808417174437
n2a015be7ccd2495,0.009352416040810543
n2a0e737e22d969f,0.6470171460960749
n2a17da38e72433a,0.022105710641915827
n2a2ee09ece65709,0.8101176137168768
n2a30629ed5373ff,0.49227717160266404
n2a307e915eca27e,0.36077653393793396
n2a380f937b0b797,0.3247839025081479
n2a403499edc0a82,0.7496103159982995
n2a41c31bddbc5f6,0.3400878560294743
n2a4a50e4ca6a212,0.2577582542156724
n2a4ac7a2f066b3c,0.16480090690094942
n2a4bf234f08796e,0.04435312455717727
n2a4d0baabcea015,0.6423409380756695
n2a6620821a05ebc,0.9470029757687403
n2a676389c99f41d,0.8327901374521751
n2a6c440ad8d7040,0.2539322658353408
n2a7106899d6c324,0.040810542723536916
n2a7f48239c6e8de,0.06518350573898257
n2a885c16cfd18bb,0.7429502621510556
n2a958982bdc7a88,0.07680317415332294
n2a9d443a9145c89,0.11293750885645458
n2aaf79dad1803dc,0.8543290350007086
n2ab15f2026fb48f,0.8519200793538331
n2ab5501dd983c73,0.47286382315431486
n2ac91e2a4dec151,0.19569222049029333
n2ada6faded0c556,0.7167351565821171
n2adc560e3afecc2,0.9424684710216806
n2ae93e4044888c3,0.25960039676916535
n2ae95e58b4c8d17,0.6861272495394644
n2aeb78643be5c8f,0.7460677341646592
n2aefecb41b57d49,0.9461527561286666
n2af15ce1347bba1,0.5882102876576449
n2af2dbebaed8a0f,0.719285815502338
n2af52bc89d431a5,0.4167493269094516
n2af61138a10f819,0.5839591894572764
n2af7ccdfb581523,0.6324217089414765
n2afa6fe3299583b,0.34972367861697606
n2b02773ddb81ed1,0.8264134901516225
n2b0707ed9d955a1,0.2332435879268811
n2b0c2378b344eb2,0.047754003117472014
n2b11edc6b2569c6,0.9761938500779368
n2b14414b4bce1ad,0.6270369845543432
n2b2677f98c9144d,0.0753861414198668
n2b26f79559f72c2,0.2929006660053847
n2b290b0c916b5b1,0.28864956780501627
n2b2a3386d6c91a5,0.6940626328468188
n2b453ffabbafdad,0.07807850361343346
n2b653a8dd49084d,0.6624628028907468
n2b731f53853a90f,0.5738982570497378
n2b7c4f49170d2f3,0.3274762647017146
n2b96caad5e94bf1,0.8241462377780927
n2b9d3cf9928715e,0.4734306362476973
n2b9da5a9009f512,0.7694487742666856
n2ba3c1f2bcf2fbb,0.38727504605356383
n2ba59201d3d55ac,0.8442681025931699
n2bb6534ffa1da62,0.020972084455150915
n2bb84cc84c762ba,0.11123706957630722
n2bc34e9607f67dd,0.3698455434320533
n2bc4c7cd42a316c,0.18421425534929856
n2bc6449e6658fd0,0.4511832223324359
n2bd1661cc0c633c,0.03981861981011761
n2bd25cc3fbf6205,0.24571347598129517
n2bd2d4634c14d26,0.18903216664304945
n2bd690c2d39ce7a,0.3960606490009919
n2bf69382c66a2d6,0.5678050162958764
n2bfceef15d067a2,0.3162817061074111
n2bfd263b9ea3398,0.9657078078503614
n2c0be3dd70bd16e,0.7687402578999575
n2c1d770cc422620,0.6220773699872467
n2c249cca33f45d2,0.9807283548249964
n2c255aafd950699,0.46705398894714467
n2c25639a65c96a6,0.5442822729205045
n2c2687ac7e7615b,0.4843417882953096
n2c26983cc1d2c2f,0.35269944735723396
n2c3ce1e0ddc11b0,0.511407113504322
n2c568df521e4831,0.009494119314156156
n2c6e6c1650a7652,0.060507297718577296
n2c7a196216c123e,0.9190874309196543
n2c8400558a259f0,0.3082046195267111
n2c85b3ef9168334,0.5491001842142553
n2c8ad6bc3cb5594,0.0505880685843843
n2c9e6531bcebc48,0.07623636105994049
n2ca00f1e10c3d2c,0.5522176562278589
n2ca14a7ee3ec2f5,0.43403712625761653
n2ca47bd92a96b59,0.17216947711492137
n2ca7e1345606c08,0.9866798923055122
n2caab5e4623e6c5,0.9651409947569789
n2cad0d6c0c06226,0.3305937367153181
n2cb1bcf0a8b6226,0.9729346747909877
n2cc2ab0e6126292,0.1061357517358651
n2cc9a3d2b6423aa,0.958480940909735
n2cd2db6fdac3fdc,0.5366302961598413
n2ce8f6d00fe3938,0.5033300269236219
n2ceb3429988927e,0.622360776533938
n2cedd36897fc601,0.1496386566529687
n2cee6d4d70b4033,0.7473430636247698
n2cf178e9233e7c4,0.6477256624628029
n2cf17eccd2753c7,0.3470313164234094
n2cf7c25099d20b8,0.24061215814085304
n2cf90cc45f5404e,0.8626895281280997
n2d02658b5b133a5,0.013036701147796514
n2d063ce821ec646,0.7537197109253224
n2d139d333e27725,0.032591752869491286
n2d158d90fd56410,0.584100892730622
n2d174210551b072,0.5699305653960607
n2d2f5480e2de995,0.9039251806716735
n2d45d67b77c2cfe,0.7289216380898399
n2d601c21d2c5fbe,0.8181947002975769
n2d68415f10ea0c6,0.8891880402437297
n2d73adfb9c8e20a,0.03245004959614567
n2d7d4a58353a238,0.21779793113220916
n2d7f31d47e83719,0.7089414765481082
n2d8a9479f321736,0.7120589485617118
n2d8bb9b3c21ed4a,0.9193708374663455
n2d902ec5371e92a,0.5415899107269377
n2d92977f6f12328,0.6319965991214397
n2d97562229d1e07,0.9267394076803174
n2d97f7e66dfd396,0.9909309905058807
n2da544d9636630a,0.7436587785177837
n2da84cf296e733a,0.3134476406404988
n2dabbc56a06f16b,0.6192433045203344
n2db537ac9b676a5,0.4130650418024656
n2db746f9b8cbf27,0.46308629729346745
n2dc058a6524c48f,0.4659203627603798
n2dc37b12f0a59db,0.1735865098483775
n2dcfc101089b843,0.12016437579708092
n2dd30a94eeead12,0.2768881961173303
n2dda0a9ad8dd172,0.8045911860563979
n2ddb2720f08d68b,0.9304236927873034
n2ded6ccd07997fc,0.12427377072410373
n2df6abc8f2bb570,0.5627036984554343
n2df6ddfae86c678,0.9333994615275613
n2df898a41b2fa27,0.3045203344197251
n2dfde764608c4c2,0.6532520901232819
n2e014b334954229,0.6626045061640924
n2e1248b7e93ad39,0.0277738415757404
n2e12a13951e85f1,0.42510982003684283
n2e1dc8d61e19401,0.3528411506305796
n2e2020d9a28fbf6,0.2661187473430636
n2e204473781d1b6,0.23877001558736008
n2e3614d2e8fcd34,0.1317840442114213
n2e5526d6446f58f,0.6409239053422134
n2e585f21eb4ddd9,0.3215247272211988
n2e64a58c2037764,0.9829956071985263
n2e64a8e96c2d177,0.08317982145387559
n2e65cb9d38ea3c0,0.11038684993623353
n2e6d2c83037cb7b,0.37466345472580415
n2e70560d210a178,0.5430069434603939
n2e719136868931a,0.576448915969959
n2e72d8919cd40cc,0.3195408813943602
n2e7d337d3328123,0.46776250531387276
n2e811986fe8fd94,0.7039818619810118
n2e84999f154f8b8,0.36134334703131643
n2e9e690b6a7bbc5,0.11137877284965282
n2e9fdc85d546008,0.6023806149922063
n2ea93d4aa8fa995,0.4217089414765481
n2edb53395b4bb38,0.5425818336403571
n2edc7d433e83a10,0.35255774408388835
n2edcc44b7d8bb49,0.1666430494544424
n2edd86bd8967089,0.8113929431769874
n2eedb8d60d8ce52,0.6681309338245713
n2efe10b0498971f,0.02904917103585093
n2f04dd7f373fb1f,0.41929998582967265
n2f060fb234fcc36,0.3226583534079637
n2f0c8076d11c2eb,0.1973926597704407
n2f4743bf6a272d3,0.12172311180388266
n2f57ecc9a604b4f,0.9382173728213121
n2f58b3626c07605,0.39138444098058667
n2f63b2ff9caa7b0,0.13164234093807567
n2f686ef43ac647c,0.8499362335269944
n2f6db6e86a101a0,0.8624061215814085
n2f7501bdcd85ba8,0.9339662746209437
n2f7a89d06829d51,0.9502621510556893
n2f86445f55eb629,0.46407822020688677
n2f943e0e1a60080,0.79353833073544
n2f9924c070e8a13,0.8907467762505313
n2faa820ca607f88,0.1964007368570214
n2fb7fd3b2bced8b,0.5408813943602098
n2fc2ff582f68cbe,0.16508431344764063
n2fcb2e457b343d7,0.03046620376930707
n2fcf4bb82b5b7ce,0.17797931132209155
n2fdeb0f4dd52fe0,0.42709366586368147
n2fdf33908ffdac5,0.09380756695479665
n2fe6308f217059b,0.08757262292758963
n2ff6f787b1517e5,0.8176278872041944
n2ff876a241bf4a2,0.760804874592603
n2ff9c48a3274b02,0.3430636247697322
n30096d70859fc7c,0.40895564687544284
n3025749d46b7b44,0.8248547541448208
n303a52545c10974,0.6206603372537906
n303f9959e651117,0.2764630862972935
n304bf6af1ef9f3e,0.4071135043219498
n30587c3066c3e50,0.6451750035425818
n3065f33071f128b,0.0426526852770299
n3069fad27a13d30,0.2512399036417741
n3076732f7b0d14c,0.18818194700297577
n3087fd4a338f960,0.14737140427943884
n308bc6a0c97b877,0.9049171035850928
n308e33e9c2075d0,0.9784611024514667
n308e7a02020c714,0.9559302819895139
n3094ccb70ff0e20,0.1708941476548108
n309d846e5d6ae91,0.5057389825704974
n30bcaff05a84848,0.1249822870908318
n30cb935d20e5985,0.12682442964432478
n30ce947fa09d31e,0.7965140994756978
n30df44a4c7b8eb5,0.39025081479382173
n30e8c004a651f74,0.034292192149638655
n30ea7241ed08b67,0.166784752727788
n30eebbe2aaa59f3,0.25449907892872325
n30eeefbcaa91adb,0.06617542865240188
n31058e2c228ea01,0.567946719569222
n3113b8521a3b616,0.25832506730905486
n3132377bb3e1e0f,0.06688394501912995
n3132a1d7916dc5b,0.815927447924047
n313bca564ca3192,0.16579282981436871
n314821306b607f5,0.158707666147088
n314ee5853131225,0.6823012611591328
n317109b4ffa3c2f,0.5092815644041377
n318036bd722d49a,0.11208728921638089
n318114d9533168d,0.3660195550517217
n319df0f6abeb020,0.6916536771999433
n319df12b75038e3,0.06121581408530537
n31ab7552fc45b94,0.5611449624486325
n31acab3f895f8ac,0.17967975060223892
n31b17fc1467ddf5,0.9846960464786737
n31c9b225dbfcaa9,0.40087856029474284
n31dc632a4d08080,0.17542865240187047
n31e58a059fbd027,0.07085163667280714
n31e6c60d7d03949,0.9420433612016438
n31ecf32d1fd90fc,0.1466628879127108
n320c72068a4ada8,0.0466203769307071
n321844189bd0c7d,0.8160691511973927
n321ac79c13b5ea8,0.6617542865240187
n3224807806096ab,0.012753294601105285
n3226ec3109add31,0.9883803315856596
n322831fb7036e2f,0.3752302678191866
n3229ce797b088f9,0.8007651976760664
n322a8a037a242ca,0.45968541873317276
n32356ef4dace4f0,0.23636105994048462
n323a41a8f48134e,0.2601672098625478
n3240fad26e3e987,0.3293184072552076
n324bfb936e47534,0.21057106419158284
n325786c2c9b6263,0.4754144820745359
n325f4de5b856871,0.5574606773416466
n3260cf467ea0eec,0.41349015162250247
n32782c19d3e8573,0.9719427518775684
n328044f80fae79e,0.6066317131925747
n3288217c358bc3b,0.7805016295876435
n3289e9581e8bab7,0.6293042369278731
n32904bed5bfc3ef,0.4272353691370271
n329b2194b1a7fcb,0.5482499645741816
n32b46bee28a9965,0.4738557460677342
n32bce6799cedd4c,0.49652826980303244
n32c12f1a6959e24,0.18095508006234945
n32cbbf3ab1cce01,0.09664163242170894
n32cf7818d9d4ddf,0.04591186056397903
n32d43d22ea1060a,0.8462519484200085
n32d58e1cddf6b7f,0.357092248830948
n32db9ca0ed6ab20,0.31826555193424966
n33048def900d7b6,0.7557035567521609
n3305a52c51cd841,0.4215672382032025
n33060080e83e118,0.140711350432195
n3309a8460382ab2,0.946719569222049
n330b5693fdce2cc,0.8092673940768031
n330f6e5580fa1d5,0.42978602805724814
n33195b2deeae549,0.6240612158140854
n33267f837e25982,0.50403854329035
n332e1ff8d1646d6,0.23040952245996882
n333788d4dbfa7e1,0.9428935808417175
n333cc54fd5eb6ee,0.3899674082471305
n3344d4eb09768a1,0.4732889329743517
n3355f89e34f7a8e,0.728496528269803
n335aec76deb0f50,0.6353974776817345
n337c0f76af65a84,0.418449766189599
n338a239fefbb0bb,0.9781776959047754
n33944d6b65fc9d1,0.39946152756128667
n3396647d16bbc6b,0.02706532520901233
n33a02d4369779aa,0.905200510131784
n33a99401d320b16,0.1598412923338529
n33abe25293ee365,0.17188607056823013
n33ba859bce85cfe,0.7137593878418591
n33d3b95ffc2958a,0.3749468612724954
n33db39932c0e9ed,0.2481224316281706
n33e45d65adfef28,0.9385007793680034
n33e67abd52f7eeb,0.5825421567238204
n33e938ff3f5e5b7,0.7357233952104294
n33eba821cd5de65,0.11180388266968967
n33ed1b173f3d364,0.17372821312172312
n33f1d8ee0deba3c,0.055264276604789574
n341103e8a81e06e,0.5733314439563554
n34145c82b1fa0da,0.7746917953804733
n3427649b5f29b0a,0.03740966416324217
n342995b8a4d6659,0.37948136601955507
n342ddc7c92e4ebf,0.03301686268952813
n342f462b8795f00,0.40442114212838315
n34305b6f45f302b,0.3647442255916112
n343a5d817efea08,0.4912852486892447
n343ff4f3e50d4c2,0.18704832081621087
n345bfae47c6e458,0.029190874309196542
n345c69c6937e510,0.2292758962732039
n3467ed6ed2c1d50,0.9234802323933683
n346ce59869285d9,0.5982712200651835
n3471c665b495f13,0.4874592603089131
n348f9244c262501,0.8087005809834207
n349535ab27b70cb,0.6606206603372538
n3497adf985d0e8c,0.40300410939492703
n349c89b4f0a2cd1,0.3847243871333428
n34a3f3058ab9549,0.8309479948986822
n34aae3cd8375d0e,0.38132350857304803
n34ac89e7415efd6,0.7328893297435171
n34af6252e4ad472,0.8068584384299278
n34bcb4cd8490fa5,0.07297718577299135
n34bda40d9afe147,0.2631429786028057
n34be7293fdaf68f,0.4693212413206745
n34bff37a5f487ec,0.4136318548958481
n34d48d837f1ce9c,0.38245713475981297
n34e5b31cbcd7bfb,0.6011052855320957
n34f13028e48acc1,0.21935666713901092
n34f5049d5c83b60,0.2221907326059232
n350ace09d574611,0.11775542015020547
n35189b7c1d85a67,0.39634405554768315
n351b45a10d2eb8f,0.8802607340229559
n353ab7979b9c964,0.805299702423126
n354687aebca87d5,0.3521326342638515
n354b04b139ed8cc,0.2964432478390251
n354c969a0559808,0.3263426385149497
n3555a0579716616,0.6003967691653678
n35569486b70c8c8,0.36346889613150063
n355a6a0888f5a50,0.5740399603230835
n355ccb018af96f5,0.609465778659487
n3562a55023168f4,0.6821595578857872
n356a2c1a4ceafb5,0.6383732464219923
n35703b6fe2630a7,0.8439846960464786
n357125fb75d3c82,0.9876718152189315
n3573fc1d4b307bd,0.9547966558027491
n3584122e4b9cee3,0.4465070143120306
n3593d7f512f3532,0.7955221765622786
n359a9df8bea2914,0.4494827830522885
n359f85c2e5bf458,0.7620802040527136
n35a19cc7227431b,0.9256057814935525
n35ac38f8fa85b6a,0.34433895422984273
n35aecca97d152b9,0.6967549950403854
n35afe41078d00d8,0.7834773983279014
n35b48f26cde8ad3,0.6012469888054414
n35ba8e4351b7bb3,0.30891313589343916
n35c003912947d38,0.6386566529686836
n35cca9e5ee39b25,0.349015162250248
n35cd3774bde2606,0.2339521042936092
n35d9146f495f7b7,0.06362476973218081
n35df73bf9e1aa9b,0.7062491143545416
n35e66cdf0f6cfc2,0.31614000283406546
n35f771ba37f3786,0.7610882811392943
n35fff82b06b4ac0,0.9222049029332577
n3626a0a1ccfbbb2,0.08601388692078787
n362b618728fd4c3,0.10358509281564404
n363197acc430bb5,0.07822020688677908
n3638721bcf13451,0.8305228850786454
n363f6db01d83f53,0.5659628737423834
n3640ba2256053ce,0.7651976760663172
n3645931b897c139,0.4615275612866657
n3648bc3ca9e75c4,0.8578716168343489
n364987dbee8becb,0.682584667705824
n364d7352bbf0216,0.09210712767464928
n3651a1c7607da7d,0.5928864956780502
n36565adab701c84,0.9436020972084456
n3659609e6fd4c0b,0.0017004392801473714
n365ea5ceaa9b1d7,0.7364319115771575
n3663a9c895e9519,0.9314156157007227
n366801bd853c289,0.8291058523451892
n3673af17c18526f,0.046195267110670256
n3682ae673cdead3,0.8547541448207454
n3696d9795db36a7,0.6349723678616976
n369fd8d98f3d651,0.8951395777242455
n36a3cbf5784e494,0.22559161116621795
n36a543b3db39520,0.7867365736148505
n36ac220eddc6931,0.4256766331302253
n36ad3af3dab3b64,0.22672523735298286
n36bf6a2dad889ee,0.8408672240328752
n36ca58f0f62911d,0.7500354258183364
n36ce7b87e004cf8,0.7014312030607907
n36ddb4bf8340096,0.16692645600113362
n36f074c00ee19c5,0.5269944735723395
n36f293e95f1d849,0.3392376363894006
n36fcd799531372c,0.26271786878276887
n3701a43496a7d23,0.8425676633130226
n370e8106a02948b,0.022389117188607057
n3723179f88c1932,0.4605356383732464
n372bff60ff80a7e,0.030182797222615843
n373086280dd7694,0.7275046053563837
n3730a595317b4ca,0.5044636531103869
n374808f1618f2d5,0.7215530678758679
n375d603a064d9f1,0.5502338104010203
n3763e438a48b446,0.401161966841434
n37644464ed5d28d,0.7632138302394785
n37652c6dfc13a41,0.32719285815502336
n3769c22cce6c5b7,0.6560861555901941
n3784ac84502043b,0.9973076378064333
n378b170ea47aa08,0.9661329176703982
n378da94a4c3a74a,0.5812668272637098
n3790b465c77f305,0.24089556468754428
n37927cf30925e89,0.4533087714326201
n37b1d41dc9e8495,0.7007226866940627
n37c273aa4d36f9d,0.7952387700155874
n37c9f59b27f7034,0.5020546974635114
n37ca2b761336192,0.05724812243162817
n37cefd65e47cebf,0.29530962165226016
n37dec772421dd56,0.29814368711917244
n37e2f82f39b68ba,0.29743517075244436
n37e64656bebd588,0.3066458835199093
n37f2c07d9424571,0.1340512965849511
n38038e725c1c724,0.7659061924330453
n38086067b2eec6d,0.689528128099759
n3812ae691347b3b,0.8361910160124699
n3824ef36d174222,0.257899957489018
n382e6f873f538e9,0.8013320107694488
n38385f56ec0b3f2,0.9495536346889614
n384ac58940c841d,0.5855179254640782
n38514e3058f0f94,0.07141844976618959
n38579e2fd3ea61e,0.3901091115204761
n385b7e77aad501a,0.16720986254782486
n3862d46ad0233ce,0.2549241887487601
n386fff11b97066b,0.7585376222190733
n38822e3981c21c4,0.4951112370695763
n38823318e6ddb97,0.8952812809975911
n38845312e55c544,0.5717727079495536
n3886b56bf2e6d71,0.15530678758679325
n388eb833a1a18d5,0.39648575882102877
n38a321b27e7b8e5,0.7236786169760522
n38abfa408ca050d,0.6196684143403712
n38b4f251ffcec8e,0.3990364177412498
n38ba2e798fd99e9,0.21567238203202493
n38c09061fb7cc03,0.6247697321808133
n38c3bb4874ff7d9,0.1945585943035284
n38c90d66c0ec735,0.9414765481082613
n38d02fd3e73a667,0.10684426810259318
n38d1f2dac704e7c,0.5645458410089274
n38d2dad75282568,0.7331727362902083
n38da7ffae50b7a0,0.4255349298568797
n38de8c17147d07e,0.37168768598554625
n38e6b2c8c76371b,0.17245288366161257
n38e7c8eab1b116c,0.07184355958622644
n38e94af1fa13ae2,0.8289641490718436
n38eec564a914e32,0.09111520476122999
n38f294464ec2d14,0.6097491852061783
n38f63c87229ac6e,0.8550375513674365
n38f930850084335,0.8509281564404138
n38fa1615791edb1,0.7576874025789996
n38ff534b464cd46,0.36658636814510415
n39114d1979dbed1,0.6185347881536063
n39186073a909346,0.7524443814652119
n3919e10727cd4be,0.03627603797647726
n391e7b54947fd93,0.8323650276321383
n392440be357ddf1,0.019696754995040384
n3947b1fdb432b03,0.33172736290208304
n3948257744331ba,0.2213405129658495
n3950a6fee544311,0.35099900807708656
n39519b697bddf81,0.38741674932690945
n3953d4db2ca104e,0.1517642057531529
n3960dd1f4b67a95,0.34051296584951113
n396e18c2ddab8fc,0.0525719144112229
n39750896ab3e6e2,0.5285532095791413
n3979103d55f5e8d,0.7562703698455434
n397d7dbc2726197,0.18208870624911436
n398afb163223bfc,0.6250531387275046
n3994f2e88cb52f1,0.438288224457985
n39a0961ff933b60,0.667139010911152
n39a30f586bbc54b,0.04109394927022814
n39ad548dee347c8,0.628595720561145
n39b53183049a00d,0.20405271361768457
n39bcde77785982a,0.7430919654244013
n39c0ecc32301715,0.5175003542581834
n39cb2d507285162,0.6525435737565538
n39d09540c1d6056,0.8085588777100751
n39d65d5e4405dba,0.25464078220206887
n39e670b27cfbc0d,0.9239053422134051
n39ed8072b0800d5,0.15658211704690378
n39fb92569e0cbc2,0.866657219781777
n39fec2b66b0a3bc,0.8347739832790138
n3a0601cbd9d2340,0.8843701289499788
n3a11c183e5144eb,0.11718860705682302
n3a172b5f8a9913d,0.5316706815927448
n3a1f1387abe22ae,0.6393651693354117
n3a20309476b2045,0.6786169760521468
n3a30e806f5e443e,0.4146237778092674
n3a3af56d6cf0aa1,0.012186481507722828
n3a3dbd491d41538,0.5750318832365028
n3a52adc00acbcb8,0.44083888337820604
n3a54ac16b1a8099,0.9434603939351
n3a59b5d8e5f2bc6,0.5449907892872325
n3a5f59a5ec3211a,0.9030749610315998
n3a71fed25d16cb4,0.27022814227008646
n3a996a84d6fd350,0.9352416040810543
n3aa38cb95a60d30,0.32790137452175144
n3ac3d421486cde8,0.13957772424543008
n3acdf24cf824924,0.12030607907042652
n3ad66213abee54b,0.2950262151055689
n3add682d510a80a,0.5468329318407256
n3af165ba0135ed1,0.4466487175853762
n3af16bd4f73db02,0.5638373246421993
n3afd8093b81e1df,0.2860989088847952
n3b05248a138bd64,0.8937225449907893
n3b08cf149dd2baa,0.5281280997591045
n3b1ec10a51087d6,0.569080345755987
n3b241fb205128fb,0.5135326626045061
n3b2e74376c5e002,0.8656652968683577
n3b3405e27028f8f,0.39407680317415333
n3b392fac912cebe,0.5224599688252799
n3b39f687b849837,0.5228850786453167
n3b41b3491978f41,0.4047045486750744
n3b456add95171fb,0.9621652260167209
n3b4fe0b32811c29,0.0823296018138019
n3b52238771552b0,0.6277455009210713
n3b63f2e394ce2dd,0.8220206886779085
n3b8c30ab342c0fc,0.24472155306787588
n3b9478570b1bcdb,0.7532946011052856
n3b97a28d3a935e4,0.2729205044636531
n3b98e774f82f94f,0.0228142270086439
n3bafa4c8e747c74,0.9814368711917245
n3bba5dac459adb5,0.6243446223607765
n3bc15929b1d2c50,0.3158565962873742
n3bca0a052a935f9,0.8811109536630296
n3bd39cd93155de4,0.8112512399036418
n3bda238c05daaff,0.4832081621085447
n3bddefefee9a21e,0.6114496244863257
n3bf10a377e7fbaf,0.46110245146662887
n3bf14298d7bb7cf,0.4591186056397903
n3c07a989566bcc3,0.6614708799773275
n3c13e52efb890ff,0.6600538472438713
n3c1a617e00bcd45,0.5996882527986397
n3c1ee556f694f01,0.7049737848944311
n3c5fb6525353ca9,0.8514949695337962
n3c60b9e55580b54,0.3233668697746918
n3c658db4be561cd,0.5570355675216098
n3c6cb1b35f56008,0.9512540739691087
n3c6cf384a2b47c1,0.15148079920646168
n3c727beb40bb49e,0.6735156582117047
n3c742006b3c66af,0.7334561428368995
n3c74e6d51b7f457,0.8378914552926172
n3c7e92c92db48ff,0.2570497378489443
n3c8524b9b3de6d5,0.821453875584526
n3c98f9e4b4af40f,0.39549383590760945
n3c9a5a93b01dc3f,0.7112087289216381
n3ca03ffc9e8f232,0.35539180955080063
n3ca05bdea2298e0,0.5693637523026782
n3ca84398d9c1172,0.4123565254357376
n3cb39e5ea801bf0,0.5805583108969817
n3cc0e92d5c86ec4,0.965849511123707
n3cc10e83c628f6a,0.22091540314581268
n3cc3a92862fbf7b,0.6869774691795381
n3cc5f591db78b6b,0.09083179821453875
n3ccf12ed8609ff9,0.5713475981295167
n3cd6c34d267586a,0.3959189457276463
n3cdf443f5d339d4,0.27816352557744084
n3ce237bc4447034,0.4472155306787587
n3cebe6e2ecc257d,0.287657644891597
n3cfef866ceb745f,0.6175428652401871
n3d0401ce8e06c69,0.38047328893297433
n3d15196d0ef2ac1,0.9542298427093666
n3d1bd7046be58e7,0.5556185347881536
n3d1cd0dea6bed05,0.613150063766473
n3d23fd555399da8,0.6236361059940485
n3d42a330e48d9a0,0.6934958197534363
n3d64ef696716cf5,0.6103159982995607
n3d6df1d7214c0bb,0.5907609465778659
n3d6e86101ac38e2,0.13872750460535638
n3d763452b0d4f9c,0.43814652118463937
n3d888ced1a5d47c,0.14127816352557743
n3d914d125f72264,0.1329176703981862
n3d961cbdd8b7bc0,0.44919937650559727
n3d9e92aae27b576,0.26045061640923906
n3da02ab7640d997,0.4790987671815219
n3dabb2ad52bb41c,0.8785602947428086
n3db39626aa91334,0.8207453592177979
n3db8e33d5b33d8d,0.8599971659345331
n3dbda4f7d593180,0.42312597421000425
n3dc01c625a76235,0.908176278872042
n3dc3762c721a432,0.1615417316140003
n3dc9a5467fd6b54,0.2843984696046479
n3dccbdd81548f67,0.4086722403287516
n3dd06d3d6dd5185,0.17202777384157575
n3dd94e1cc85d6c4,0.6216522601672099
n3de7c24060cbb3c,0.406688394501913
n3def133fda98e58,0.7211279580558311
n3df08584b5dfdf9,0.8476689811534647
n3df49f3cd498b71,0.7011477965140995
n3e083fbef341b3e,0.20660337253790562
n3e0c95a6179d445,0.9460110528553209
n3e18fe3a22e0c4b,0.22828397335978462
n3e25cbc28c9f322,0.0257899957489018
n3e2978f4387a2d0,0.39705257191441123
n3e2a135271a0d54,0.9652826980303245
n3e2efc4379fdeae,0.6208020405271362
n3e37524fa0a1c32,0.3213830239478532
n3e438a63479326e,0.505172169477115
n3e45f0c2be5a04a,0.7518775683718294
n3e4d8c19751361a,0.17812101459543717
n3e4e39fbc353cfe,0.2291341929998583
n3e584a29ac0f27a,0.5230267819186624
n3e5d8cf50c754d7,0.8587218364744226
n3e647758bf2f170,0.3373954938359076
n3e65228da741ca5,0.6397902791554485
n3e6b55d6f74e78d,0.9664163242170895
n3e70492d35102ac,0.9773274762647017
n3e7267f29cb85a3,0.17585376222190732
n3e8299fa3b98fbd,0.6108828113929432
n3e8bdb863915de7,0.35765906192433045
n3e8cf48df06b35a,0.32109961740116194
n3e945dbc4c46585,0.13688536205186339
n3e9ddf5b13c795e,0.15204761229984412
n3e9fc347e0ee332,0.17131925747484766
n3ea6f3cabe0533a,0.31528978319399176
n3eae06efa1314aa,0.9301402862406122
n3ebf94e4ed3bb7c,0.8062916253365453
n3ec15f40562354b,0.20391101034433895
n3ec1d28ca3a9cb3,0.9685418733172736
n3ee5d28ab36b88f,0.9880969250389684
n3ee618153bb4712,0.15431486467337396
n3eebbe8f50c7e16,0.7600963582258751
n3eeffcfdeb32fc4,0.15502338104010202
n3ef47e972a5b47b,0.89273062207737
n3ef763ea544e0ad,0.09834207170185631
n3efc370c4f93935,0.7708658070001417
n3f09274e91ce7f7,0.28808275471163386
n3f11b89e7d7fa3a,0.3053705540597988
n3f348ab0d0a4441,0.6368145104151905
n3f36b5fa3088296,0.8731755703556752
n3f4d5a2012932c0,0.23423551084030042
n3f514b0c2726f59,0.11052855320957915
n3f53b91d5c6ea01,0.07977894289358084
n3f5915d85db3d21,0.6695479665580275
n3f6d35365da0139,0.7292050446365311
n3f6e5e2f98754cf,0.5012044778234377
n3f6faca3842b5e7,0.3833073543998866
n3f747e6e62cc43b,0.3185489584809409
n3f83f31316b732e,0.05937367153181238
n3f87958cfc530c2,0.33980444948278304
n3f892d8e410a5ed,0.11591327759671248
n3f8d09b490507ff,0.732180813376789
n3f97c4af674b1d2,0.024656369562136887
n3fa7d2da8c61769,0.2637097916961882
n3fa7dbdfd70e683,0.7235369137027066
n3fabb016c060c29,0.43006943460393937
n3fae62a6f4e28e6,0.10925322374946861
n3faf0308fefe682,0.7824854754144821
n3fcd85d7ccd86e6,0.37919795947286383
n3fd732a65a558bc,0.7423834490576733
n3fe2d0e51696dd3,0.25534929856879696
n3fe5929b68e14a8,0.2719285815502338
n3fecba73d787c9b,0.561711775542015
n3ff1822985bf27e,0.07028482357942469
n3ffda9a5494aec6,0.8206036559444523
n3ffddb5a3348a89,0.011477965140994757
n3ffe8796ced2b27,0.08714751310755278
n3ffeff9c181dcbd,0.47073827405413066
n40085640afcce12,0.27334561428369
n40090082ecce0b2,0.6174011619668415
n4021528ed215bc9,0.5240187048320816
n4032707e6a42670,0.1757120589485617
n4045876ba9f3b79,0.40626328468187617
n404f16bfb86ee1d,0.4392801473714043
n4063c6794fe03c0,0.48632563412214824
n40663c68e217476,0.19328326484341787
n4066ea387ae1fd3,0.23536913702706533
n40677a05c7e5c30,0.009635822587501772
n406800aa808b942,0.06277455009210713
n40687b6095a2cdf,0.7566954796655803
n40704d435f6e009,0.2859572056114496
n407211885f20cc5,0.8001983845826839
n407bf493375bb51,0.624911435454159
n407bf8bf95957d3,0.2703698455434321
n40a50f9f3d3d0f9,0.6088989655661046
n40a83aea5de1f1c,0.5621368853620519
n40b757293816a78,0.26484341788295307
n40b8df404fed55c,0.4741391526144254
n40c30f403898668,0.5927447924047046
n40dfe170ade7262,0.59515374805158
n40e62c3ad9a5329,0.7351565821170469
n40f50e023180101,0.5807000141703273
n41274a0e96e0db3,0.8991072693779226
n412f2d2e990536c,0.538189032166643
n413a2a516e9a516,0.16395068726087572
n413b850e76e10f6,0.5792829814368712
n413cd96a7c1bff5,0.21609749185206178
n41421bb1a4a85c9,0.9163950687260876
n4143e56163451f5,0.4106560861555902
n4153cb09e16da9b,0.4652118463936517
n416e6e141e18aaf,0.005526427660478957
n418ab8cf9b4aced,0.934249681167635
n419f91e1dfe746e,0.2933257758254216
n41a0c5b6921270b,0.7163100467620802
n41a50e254c04757,0.11279580558310898
n41b58c74eac1408,0.6550942326767748
n41b749551d48151,0.980161541731614
n41c58c2586d87bf,0.3096216522601672
n41d0075dd30927b,0.6933541164800907
n41d954c1bc9b897,0.897123423551084
n41e3db6deba0ed4,0.5866515516508432
n41f0ac50173a56d,0.4273770724103727
n41f0f466636997a,0.8580133201076945
n41f933092fdd006,0.0773699872467054
n42051cda3a223c2,0.12143970525719144
n4205c206874642e,0.5148079920646167
n421490969b50687,0.6651551650843135
n4220f991fa96bd7,0.029474280855887772
n4230a0ac885c1a7,0.9220631996599121
n4232515b9b12dbe,0.023097633555335128
n42335c8e0ce9095,0.5445656794671957
n423a5aca7a49a2f,0.20702848235794247
n424599a2014ad3f,0.0079353833073544
n424a143bddaae7a,0.35043219498370415
n42538aeb813e0be,0.9070426526852771
n4254b1ba57bee40,0.25648292475556184
n4259ead41fa78c9,0.09763355533512824
n425f148ccfc660b,0.9828539039251807
n4263513c83ce0ab,0.2852486892447216
n427981469be6b44,0.5305370554059798
n4279e3bf1f16e34,0.25733314439563554
n427cc682715669f,0.5856596287374238
n427faca273ff1e1,0.6804591186056398
n428d972716c934e,0.5931699022247414
n4290176a7c48249,0.20306079070426528
n429b3cb22930e5a,0.8867790845968542
n429b828c75c60ab,0.5043219498370413
n42b213ad4988a99,0.9451608332152472
n42b322421a048d9,0.741391526144254
n42b939e2cddf3aa,0.5180671673515658
n42bac341c262203,0.7290633413631855
n42c33e7dbe6a9c7,0.15403145812668273
n42cfd67434c0430,0.2352274337537197
n42d090dd268697b,0.4398469604647867
n42d48fd12abaee1,0.18605639790279155
n42fcef8eb89f4d7,0.03457559869632989
n42fe9966008024a,0.18676491426951963
n430496632020f53,0.6545274195833923
n43145cf253ede60,0.7973643191157715
n43237948dac4940,0.2550658920221057
n432d207450ea69e,0.8799773274762647
n43326e6fb635937,0.24018704832081622
n4333ef632e26c1d,0.13022530820461953
n43471087bf3983d,0.40597987813518494
n434e3ab58bba382,0.38514949695337963
n434e3bc73d4128b,0.0962165226016721
n434eaee05b178ad,0.3511407113504322
n43545d86d1b992d,0.8733172736290208
n435607705bf41d4,0.6122998441263994
n4357e13579acbd3,0.9154031458126682
n436b15d30c7da12,0.40002834065466913
n437455db7cdb406,0.7388408672240329
n4382aad02931024,0.8985404562845402
n4388bfeef982118,0.45415899107269375
n438be43cf5dbc17,0.5082896414907184
n43957c8257ac429,0.7059657078078504
n4398dd3e2649318,0.36757829105852347
n43ae059f1c1f254,0.5383307354399887
n43bd5950d150f93,0.25676633130225307
n43c04c05f77587e,0.5692220490293326
n43ce8854179d699,0.31769873884086725
n43d20e46b9b5acd,0.722261584242596
n43dc7a95f982372,0.720419441689103
n43e7ef3e50b0492,0.6723820320249397
n44037aac2231649,0.857446507014312
n440919929650f7c,0.42907751169052005
n44119987be95347,0.9241887487600964
n44190a284de1c1f,0.13617684568513533
n441e3fbe5e5bda4,0.47668981153464646
n4446dc37a65d01f,0.4547258041660762
n444872f413143bd,0.0025506589202210573
n44504329abfb592,0.654669122856738
n446a040aa4777fd,0.16253365452741958
n446d9a7afebe124,0.0783619101601247
n447adcfa08ea4af,0.9444523168485192
n448465afdf8abe0,0.2013603514241179
n4485e8050bfd6b8,0.26555193424968115
n44a5a550e372bb1,0.25138160691511974
n44ab9541dcd7412,0.5503755136743659
n44b2387fe831dae,0.3981861981011761
n44b9b29a4febab1,0.12243162817061073
n44baca9708334c7,0.9835624202919088
n44c7e410d72ea1b,0.26711067025648294
n44d678db5827f48,0.3026781918662321
n44db7c0b2d6409d,0.9458693495819753
n44e184c1b1f3f53,0.992631429786028
n44e7d4c4877d84e,0.6526852770298994
n451492eb0c705f2,0.7300552642766048
n4516c362e9fc1c7,0.44381465211846394
n4517f88e3530136,0.3433470313164234
n4528e5c26b733e2,0.7649142695196259
n452a9d933cdacc2,0.127107836191016
n45373ab6e9177e7,0.040102026356808845
n453e218fd496546,0.22601672098625478
n453ebf39ff4b84b,0.08289641490718436
n454f684a6a08261,0.42085872183647444
n45526f54b91cd63,0.34731472297010063
n456c22059d0ef37,0.7445089981578574
n457375cda98e530,0.8836616125832507
n45771ebb036a72f,0.8764347456426244
n45776a871b6b310,0.5879268811109537
n457fac0043a7b4a,0.5520759529545133
n45846aaf78c8798,0.24075386141419866
n4587ccf5e372dee,0.8931557318974068
n458e9467f830201,0.6579282981436871
n4591a32fe2723aa,0.26342638514949696
n459e57f127d91a0,0.20858721836474423
n45a15597e536986,0.1278163525577441
n45a209665f988ed,0.18889046336970383
n45ac3d60a053c0f,0.5961456709649993
n45aed77e99af7b5,0.19994331869066176
n45cdc773fadae25,0.7333144395635539
n45d58eea20e978e,0.46322800056681307
n45dc0fa56e2b833,0.38344905767323223
n46087e0eca1e437,0.15587360068017572
n460df4843ed5ae9,0.36672807141844976
n4612959188e2d4e,0.3969108686410656
n46195f35995e976,0.33597846110245144
n46225cc468cbdf3,0.8998157857446507
n463cc06104605ea,0.5405979878135185
n463dc7128398bbf,0.41051438288224457
n463e1ada4700ac2,0.2770298993906759
n464d4da58013a8c,0.616834348873459
n464fca335446362,0.7673232251665013
n468055349afe83e,0.21524727221198808
n46891ad14520d16,0.9722261584242596
n468e466e75256f6,0.5539180955080062
n46948fb67c5278a,0.5941618251381607
n46ac3ff97d30dde,0.883945019129942
n46b1369d20fd2e3,0.7572622927589627
n46cc1f0600f3c09,0.27150347173019695
n46d843365f18b2a,0.9822870908317982
n46dd02c2b1d3a1e,0.8473855746067734
n46e45e8c72d64ac,0.7412498228709083
n46eb5e45dfa2e72,0.534929856879694
n46f60a5e6c21c6e,0.14524585517925465
n46f9f9df9dd8cfe,0.4347456426243446
n4705c07ec07ae47,0.4969533796230693
n470f2c7efc1e433,0.6634547258041661
n4713f0bed78eec1,0.10287657644891597
n471585023d271f0,0.5550517216947711
n471a6609397c94e,0.21298001983845827
n471beedb3fc4cc0,0.22743375371971092
n4726bc2d7497d53,0.2695196259033584
n4729b79b7b9240e,0.02323933682868074
n4729cf5884a8097,0.8979736431911577
n47658940b3e93f4,0.516933541164801
n47754627e727fb8,0.6572197817769591
n477ab129cb03637,0.12639931982428795
n4785f20ed613103,0.7894289358084172
n4788643993138d7,0.7792263001275329
n478bccb2ff97a07,0.7113504321949837
n478fdbdfeff7eae,0.9648575882102877
n4797b8e4c6fdd1b,0.32194983704123564
n47a326e611c7d55,0.8293892588918804
n47aa63408743e96,0.5846677058240045
n47b7785a12fd355,0.7812101459543715
n47b87380fe0ceb3,0.4932690945160833
n47c106e9463566b,0.9166784752727788
n47c8e11c175e78a,0.9590477540031175
n47d25a528d9d73c,0.1883236502763214
n47da348882aa480,0.9892305512257333
n47e5142e8162ed2,0.10896981720277739
n47e519a2a2f8d8f,0.8145104151905909
n47ed2ab87182579,0.5357800765197676
n47ed948602ce301,0.14354541589910727
n47f50d707b2ca6c,0.3789145529261726
n47fb050e1578524,0.6172594586934959
n47fb17451cac1b3,0.33767890038259885
n48035df9f3ae19d,0.4622360776533938
n480d0e3bd41c920,0.0042510982003684285
n4822bbe871c1841,0.11676349723678617
n48254beee04adab,0.9282981436871192
n4826b6e0e0395e4,0.20277738415757404
n4833bd310011ec2,0.48349156865523596
n483a334c9980045,0.8497945302536488
n483b66f3d5f2419,0.08516366728071419
n4844b4214df2b0b,0.4813660195550517
n484aec28e5ed93a,0.4582683859997166
n484dd88826da8f0,0.8265551934249681
n485c1a18be95efd,0.1894572764630863
n48641dd9055676b,0.799773274762647
n487241e632eee76,0.2992773133059374
n4883f1b12df111f,0.7598129516791838
n48abe13c56d8855,0.6630296159841292
n48aef9cdafe340c,0.5041802465636956
n48b1855949e5d88,0.823296018138019
n48b6d19d9b196c5,0.2509564970950829
n48b98651fa8fb60,0.7565537763922346
n48c30867f5b6f10,0.6599121439705257
n48c3b52f171f9e6,0.8255632705115488
n48c7522cdac6960,0.4800906900949412
n48cdfa7eb325bf5,0.11988096925038969
n48d1ce116abf92b,0.05044636531103869
n48d8e38f3e77efa,0.9135610032591753
n48ec0f4f747a4ca,0.9233385291200227
n48f64cc5778a70d,0.3721127958055831
n490378f2eda530e,0.9098767181521893
n490b56b6f595c31,0.6806008218789854
n49176ef58eb0fd8,0.14453733881252656
n491878349de7bb0,0.2647017146096075
n49200ad04e9bef7,0.7347314722970101
n492188b6c279602,0.5143828822445798
n4921a925d289b23,0.624202919087431
n492d12df496129f,0.22063199659912144
n49328d5d00ee167,0.21014595437154598
n49420df5766287b,0.3314439563553918
n494618d9c61681b,0.02111378772849653
n495069d288fe909,0.7809267394076803
n49580b18219a51f,0.9077511690520051
n495f9abade102cc,0.6040810542723537
n496084838784b4a,0.6784752727788012
n497caf103a149be,0.15955788578716168
n498c8a66c27a657,0.5136743658778518
n49938bd93db93c8,0.8683576590619243
n49b09e434ac1984,0.9156865523593595
n49b21ee6814d185,0.3262009352416041
n49cc4c16c84d4bd,0.6637381323508573
n49e9a39f965e0e3,0.3838741674932691
n49f5d19d8553136,0.9271645175003542
n49fafc912e1dcdd,0.5924613858580133
n4a069182df2b671,0.8405838174861839
n4a0a17ef1e79009,0.6157007226866941
n4a118404b88705c,0.27603797647725664
n4a2bb13a9ee3e61,0.007368570213971943
n4a35d7f5f1a8025,0.42596003967691654
n4a42f0496b08a1f,0.7201360351424118
n4a4e82dbed44bed,0.5747484766898115
n4a53ecb348f605b,0.16876859855462661
n4a559e18315ba6c,0.5166501346181097
n4a7015bf798fc62,0.5686552359359501
n4a702d0d4a4ed07,0.07368570213971942
n4a737689db54b94,0.2639931982428794
n4a81b8666e096df,0.7491852061782627
n4a8ad432eeb225a,0.03216664304945444
n4a9ef08df62ec26,0.14312030607907042
n4aa337f3e37326a,0.19838458268386
n4aa51e3b3d48132,0.7002975768740258
n4ab6be6f13b32f8,0.11477965140994757
n4ab8c79ed51da0f,0.06419158282556327
n4ac03012d015a4e,0.3307354399886637
n4ac038c81aee8f1,0.5204761229984413
n4ac641ea493f4b4,0.9634405554768315
n4acba6207d86741,0.9851211562987106
n4ace344b2221e6e,0.7311888904633697
n4acf04cca91ff7e,0.9057673232251665
n4ad34f054c3ba66,0.8397335978461102
n4af0e3b50747201,0.12455717727079496
n4af33bff762869e,0.5111237069576308
n4af473d372d01a5,0.1557318974068301
n4afc0af08915afe,0.04874592603089131
n4b0d52460d31a4e,0.24684710216806008
n4b0df710f4b8c4b,0.861130792121298
n4b28938564536d7,0.5875017712909169
n4b37dd12384ad09,0.1585659628737424
n4b4c876d456943a,0.711633838741675
n4b5221cd2f37a0a,0.21496386566529688
n4b6e858a3e893e3,0.10188465353549667
n4b7066755da9339,0.13759387841859147
n4b70b60ffbdb489,0.10075102734873176
n4b7a1c29c550495,0.06929290066600538
n4b7a26db381628b,0.39620235227433753
n4b7ab5185076096,0.20291908743091966
n4b7f5f6e862b587,0.7345897690236645
n4b855a27e037e0f,0.11917245288366161
n4b8bcf3facbf930,0.20901232818478108
n4b9753f2aa96c12,0.6712484058381749
n4b9c57f94abe4e5,0.21666430494544425
n4b9d5453d719d98,0.1330593736715318
n4bab6baf56d71d3,0.2720702848235794
n4bb4052955bb208,0.9964574181663597
n4bb7da3fe44d5df,0.12909168201785462
n4bba6460738edd0,0.4276604789570639
n4bbd0a6891f3909,0.610599404846252
n4bd4c3aaba346d8,0.6951962590335837
n4bdee24a11d9ad5,0.1596995890605073
n4bed38f5e71acd6,0.44168910301827974
n4c0ebae8b3a346d,0.3232251665013462
n4c1dfef4a5e28df,0.5173586509848378
n4c22353599efb9e,0.7627887204194417
n4c229482c8808a4,0.2836899532379198
n4c29c5a26d1119c,0.2903500070851637
n4c6193257bc18e9,0.12739124273770724
n4c6ff3dce7a5b06,0.7147513107552784
n4c722284a145d33,0.713050871475131
n4c7471ae954eab4,0.06305795663879836
n4c94f0813254130,0.3699872467053989
n4c9897ddccb3d30,0.37338812526569365
n4ca456fd1f4906e,0.502196400736857
n4ca80d514054b11,0.12058948561711776
n4cb5174f402a4f9,0.295734731472297
n4cb636b385588de,0.5199093099050588
n4cba35f216147a4,0.5060223891171886
n4cbd8c25a5b0516,0.5209012328184781
n4cc413af6284965,0.29105852345189176
n4cc9ee6e6493778,0.724103726796089
n4cce83bf898ac4d,0.549950403854329
n4cd3a76b848aa01,0.18293892588918803
n4ce4ca9d9788ddb,0.7110670256482925
n4cf484561a217ce,0.12753294601105286
n4cfb4de5b1b9d0f,0.33158565962873743
n4d01bc473968e6c,0.10670256482924756
n4d0484f0becdcde,0.2947428085588777
n4d2d1593cfb0282,0.7548533371120872
n4d35ac3471c4868,0.3388125265693637
n4d3f9e9040d5f8a,0.1816635964290775
n4d4867a7bd10414,0.2628595720561145
n4d51bdd24e2067d,0.4027207028482358
n4d554c833b10d7c,0.585234518917387
n4d5dd9960cf31d1,0.6915119739265977
n4d6e6bb0b2ad9c7,0.10004251098200369
n4d6f32f837c6b43,0.6910868641065608
n4d7684ae66da980,0.021964007368570213
n4d78a3f2235737e,0.7657644891596996
n4d80dc825c1f9ba,0.6460252231826555
n4d91ac70f8014f3,0.9087430919654244
n4d9976e9f60f1f4,0.554343205328043
n4dabb780114141f,0.9875301119455859
n4dbcbb55b5b0ca0,0.3246421992348023
n4dbcec99fd3724e,0.6015303953521326
n4dc09450d649656,0.6427660478957063
n4dc6aa7b795c988,0.8762930423692787
n4dc9829d45969e1,0.11931415615700723
n4dcba0504323aa6,0.18988238628312315
n4dd9decf7a1db7f,0.188465353549667
n4de5419667638f4,0.891596995890605
n4e0419f85a7d73f,0.8928723253507156
n4e086b65d511d21,0.7506022389117188
n4e08bb338bdbdb6,0.7279297151764206
n4e0b7d761ce6730,0.13390959331160548
n4e38917a12da334,0.7558452600255066
n4e63d70fa78284e,0.8957063908176279
n4e64d2cbbdcaca4,0.4569930565396061
n4e704866669bc62,0.8172027773841576
n4e70e9426713d6a,0.9122856737990648
n4e7507d83e9f45f,0.7317557035567521
n4e774c9401db482,0.12328184781068442
n4e7d7fa6604830d,0.8459685418733173
n4e8c7c90db5d4ca,0.8911718860705682
n4e949934f5b29b4,0.14425393226583533
n4eb89b8bc4aadff,0.12540739691086863
n4eb910989cbc6af,0.45061640923905344
n4ec037fff3b0092,0.36871191724528835
n4ec05d8f4b77d23,0.05866515516508431
n4ec2a76ea6894ed,0.10443531245571773
n4edc3482c697cb1,0.35354966699730767
n4edc863106a8bf2,0.400453450474706
n4ede67281a12ef2,0.8469604647867366
n4ee68786c5dbf63,0.9410514382882245
n4ee8d26a123d34e,0.7265126824429644
n4f132f2e5ee90f8,0.1526144253932266
n4f1e307f633ee12,0.0803457559869633
n4f3337f79d61893,0.7151764205753153
n4f3973168d2c8b2,0.9638656652968683
n4f3eba1edbd7679,0.5706390817627888
n4f54df67db30d32,0.07396910868641066
n4f5e5ca3e481139,0.19980161541731614
n4f69c764d55f332,0.22190732605923197
n4f6a9e373446605,0.47569788862122714
n4f6f61999c24ea8,0.7435170752444381
n4f7f459e63ac9d0,0.128949978744509
n4f97406d0bb7102,0.625619951820887
n4f97baba054e604,0.8478106844268103
n4fa043bca5a3208,0.17911293750885646
n4faa5ed3167bdec,0.2203485900524302
n4fba5923974d38f,0.3008360493127391
n4fc0fa3df9b8331,0.037267960889896555
n4fc7c45ca57d188,0.13135893439138444
n4fcca449639c8e5,0.14921354683293184
n4fd4f326123fd78,0.6650134618109679
n4fd72c03b635531,0.6098908884795239
n4fdd393c0699f33,0.10528553209579142
n4fe5c2d8a0ef781,0.3426385149496953
n4fe6b8d0c68a52c,0.3617684568513533
n4ff024ec8227543,0.29701006093240756
n4ffc17a631415a3,0.19965991214397052
n4ffda8f3314625e,0.383165651126541
n500219584244d32,0.06376647300552643
n500b1e795f7e057,0.11251239903641774
n500f0bac8aa94d5,0.19101601246988806
n501294ccf564038,0.6209437438004818
n50293a2a40aec54,0.1768456851353266
n50406a0ef4e3b5e,0.017146096074819327
n504bea07010d860,0.12951679183789144
n505601348ffca03,0.6882527986396486
n50683b2e235ee0e,0.07751169052005101
n50a736d5359e72a,0.5268527702989939
n50adac4a0304cf3,0.38599971659345333
n50b7764bf731b15,0.29516791837891454
n50be69c0047f72c,0.6426243446223607
n50c645d24dfc744,0.8730338670823296
n50dc27f81bfa537,0.72665438571631
n50dc30ca7c8cfeb,0.4851920079353833
n50ecfc08d5534b6,0.33782060365594446
n50ed5303245dc85,0.4068300977752586
n50fa8676ac96baf,0.3619101601246989
n510087bf205eb28,0.1993765055972793
n5114863ea3c680d,0.5590194133484484
n5116f4987448b34,0.474280855887771
n51170cc8cd68981,0.19696754995040386
n511bc0bd2888465,0.03528411506305796
n512b9f5feda735b,0.9666997307637807
n513aad32356c135,0.4065466912285674
n5146bd60acfd259,0.8506447498937225
n514a9be97abce4c,0.0585234518917387
n515f55e7f2ff4e5,0.9637239620235227
n51601219967373b,0.4374380048179113
n5166630aff9a5e4,0.613858580133201
n518ed696d4708d8,0.23239336828680743
n519bb39f21544e8,0.5622785886353975
n51a7da5257bf666,0.4812243162817061
n51ae2c5f0803e6a,0.990080770865807
n51ba1b8c68f03a9,0.5323791979594729
n51c79417e84b05f,0.04293609182372113
n51c9bb26f0f84b0,0.19299985829672667
n51cc7ad140a4306,0.35184922771716026
n51db201dab4f3ac,0.5505172169477115
n51dd45c0f5d9cff,0.42624344622360777
n51e157e8f8fa4aa,0.37409664163242173
n51eaf7e60e0ec70,0.6325634122148222
n51f08e9e1e58c08,0.5403145812668273
n5200703748267ad,0.5584526002550659
n5200cd419c10d48,0.9197959472863824
n520346f948ad9fa,0.4316281706107411
n5207b5dc5326450,0.46096074819328325
n521cf4ae1f7aa7a,0.7890038259883804
n522e129bad6dab3,0.696896698313731
n522e2d6984c1146,0.9506872608757262
n522e67756d195f0,0.4018704832081621
n5238370713ef7b0,0.9487034150488877
n5242d4805abe854,0.3077795097066742
n524305f36e83bb4,0.4496244863256341
n5243dccb64a5b6c,0.6620376930707099
n525694618e4bb10,0.14694629445940202
n526a0e46d39e4fb,0.6913702706532521
n5280b05549dbd80,0.6903783477398328
n52828c744c9cca3,0.3086297293467479
n5285188254c7bff,0.6322800056681309
n5289219316d145e,0.5836757829105852
n5290ce2644447ed,0.36460252231826557
n5297fc82ac9af32,0.32705115488167774
n52a022beff43d7f,0.03811818052997024
n52a1cc48f433cc8,0.24259600396769165
n52a4957ec0a136f,0.43885503755136746
n52b3ff24c5265f9,0.5636956213688536
n52b459106a570db,0.8201785461244154
n52c62782d1d9e18,0.4516083321524727
n52ceb698ab1b9cd,0.3423551084030041
n52cf2c1a6f65884,0.20589485617117756
n52e987d449e94dd,0.021680600821878986
n530bd6a82bc488b,0.12469888054414056
n5319919df5ec45c,0.5669547966558027
n5330b0fe4ab5ba4,0.12526569363752302
n534f2b7ee0665b6,0.8680742525152331
n5352d7caebc8919,0.15644041377355816
n535a47bc420d4ea,0.16933541164800908
n53648dcc59a2e50,0.13546832931840724
n5371321e144ead5,0.14227008643899675
n537d227714873a7,0.06546691228567379
n53833a8fb5d6020,0.42921921496386567
n538353daa210bf4,0.956638798356242
n538b98152b77cbd,0.4696046478673657
n5391a477053397e,0.6827263709791697
n53a7f96c588e5b5,0.4473572339521043
n53ae91298301a1c,0.8174861839308488
n53b29fbb3795077,0.27532946011052856
n53c0e9c6f6ec72d,0.053847243871333425
n53c704002fc95dd,0.37565537763922346
n53d671d17169930,0.8974068300977752
n53e2586e0a9035a,0.688111095366303
n53f625defd6d406,0.05243021113787728
n540a15a58ef1db3,0.6899532379197959
n5410e0e5e77a314,0.2941759954654953
n5421a6f6515ca69,0.3701289499787445
n542cfe0562fbbb2,0.46861272495394646
n54397b44c17bee8,0.5578857871616835
n5447ac843c918f7,0.4384299277313306
n5450af20b4013f9,0.4711633838741675
n545142d4be2e44e,0.9112937508856455
n54564e0084d387e,0.34759812951679186
n5459e4f007ade6f,0.40824713050871475
n5462c3e385dbc1c,0.10032591752869491
n54719a75a9ef574,0.7498937225449908
n5471b8ff6fbaba6,0.6548108261300836
n549ddd6221b3a4d,0.49355250106277454
n54a81f4e3e8d087,0.36587785177837606
n54b3af7cda289c8,0.652118463936517
n54c00979c25fa5d,0.9498370412356525
n54c9d25a1559123,0.6616125832506731
n54cda36e47ad9ea,0.8704832081621086
n54e95e06d5fcfa2,0.5652543573756553
n54ea7a61256870e,0.021538897548533373
n54eaf19670ebfc5,0.6746492843984696
n54f3b4ee4eb85c6,0.7344480657503188
n54f55feab7bcdde,0.3067875867932549
n54f8fa83705d9b4,0.6487175853762222
n54fa671d072b49b,0.7313305937367153
n550dc2c7897d0f4,0.10556893864248264
n552ee0b2d336418,0.9472863823154315
n553fa612e236032,0.9718010486042228
n553fcad18a81f81,0.6811676349723679
n554772be911e6a1,0.6288791271078362
n5550a491c34394e,0.8346322800056681
n5554812b47efa4b,0.5831089698172027
n555a714fc759771,0.7005809834207171
n555d5668412d6b2,0.977610882811393
n556bbc4800e53c7,0.2926172594586935
n556bd0f8b9b2b9f,0.39832790137452173
n557746f46f12ac4,0.6932124132067451
n55838ff585cec5e,0.12980019838458268
n558d3f764018cb0,0.26852770298993905
n559274d1e1c7ad3,0.7041235652543574
n5592f8a8e7d516b,0.3362618676491427
n5597af86b260efa,0.2243162817061074
n559fb05f03c8251,0.2788720419441689
n55a837495935090,0.06390817627887205
n55a849fccb260d4,0.9393509990080771
n55b81b503aaffa2,0.5883519909309906
n55b9aff1a6c7f98,0.5843842992773133
n55bfc4506f70502,0.5097066742241746
n55c60aecf4fa204,0.8122431628170611
n55db7a8317cb0af,0.8067167351565822
n55de9ddcc47a66c,0.7549950403854329
n55ecf8fccbe4bbc,0.640357092248831
n55f63e0da25f075,0.5985546266118748
n55f6aff68b1214a,0.6831514807992065
n55fb8ba585b8172,0.45713475981295165
n55fe20c85038f8e,0.18577299135610031
n5602fea6fc4cece,0.32662604506164095
n5610801b4e951aa,0.19002408955646877
n56373a06b8056cc,0.5680884228425677
n564036c11d99114,0.18520617826271787
n56548c2d23c8116,0.8359076094657787
n565ed2e7afd0ee7,0.8269803032450049
n565f2b8db93fd7b,0.2502479807283548
n566fa309a73ed92,0.3709791696188182
n567334f68ba13b0,0.6124415473997449
n5679a74990065c4,0.10797789428935808
n567d85663cc8347,0.8787019980161541
n567e6171cb55c04,0.10344338954229843
n567f23b44a27149,0.6047895706390818
n5681c3200c1ef4e,0.5250106277455009
n5685eb354bde9e0,0.7379906475839592
n568f0b905fbb701,0.06844268102593169
n5699586b0bf02d9,0.19016579282981436
n56a1ae53bc0cfbf,0.22289924897265126
n56b38e82c570778,0.19852628595720562
n56b99eb2f8dd97a,0.9474280855887771
n56bef1def4581cc,0.4452316848519201
n56c2b691df4fe33,0.45132492560578147
n56caa51fc20adc1,0.9104435312455718
n56d105d0e88b714,0.6800340087856029
n56d98b371fdce4a,0.8077086580700014
n56e6ffb9c771db0,0.5265693637523027
n56e7743424a3b20,0.3337112087289216
n56ea8d183b54c4f,0.9311322091540315
n56f445a6edf1b14,0.8896131500637665
n56f539094a5f6d0,0.3529828539039252
n5703d405ed86f5f,0.4603939350999008
n57042fdd9927342,0.03613433470313164
n57051b80c05ea82,0.5298285390392518
n570ddf6f2ed6421,0.49071843559586226
n572a23ab47a8efe,0.2809975910443531
n5737b59fc830bef,0.36956213688536205
n5747b9b5df48392,0.8734589769023664
n5748cd3f7f9b362,0.8965566104577015
n5748e11427e1ce9,0.8947144679042086
n574a7e098359c3d,0.5167918378914553
n576d5c15494b9bc,0.6251948420008502
n576f59d714e869b,0.8724670539889472
n578c239ae44a323,0.8816777667564121
n578cd04af7bfa50,0.7881536063483067
n57909634a93a28c,0.317415332294176
n5796927e355cceb,0.08771432620093524
n579f075d1ed68fb,0.9295734731472297
n57dc1573857b3f9,0.9556468754428227
n57de172acb8f8ac,0.3422134051296585
n57ec924a6305743,0.8125265693637523
n57f24dc3e53e57a,0.32294175995465496
n580fe7d93665302,0.6628879127107836
n5818d23946fcc0d,0.2829814368711917
n581b90a32311544,0.26781918662321097
n584fa5d94fa62f5,0.13518492277171604
n585ea1171f00a97,0.5031883236502763
n5861f65370f18ff,0.7680317415332294
n58661b5cb4389ed,0.09805866515516508
n58798ba26d14a4d,0.6964715884936942
n587c17df6c2525d,0.16550942326767748
n5880a4b509dbad7,0.9064758395918946
n58822b79c22824f,0.4710216806008219
n58835401a13c8de,0.9613150063766474
n5885c14c32283d7,0.4218506447498937
n5892fedbbfdb818,0.444523168485192
n58c5c5e0120e379,0.9336828680742525
n58c6b3bd5bd6bee,0.4645033300269236
n58ca18a891f366c,0.9260308913135894
n58d536035679129,0.3928014737140428
n58d61b611eef3b1,0.9766189598979736
n58e4d7fea116539,0.5670964999291483
n58f21365c60391f,0.4354541589910727
n59123a2edafedd7,0.33271928581550236
n59158682f2cdabd,0.15998299560719853
n591c500431172c0,0.8561711775542015
n5940efe6e1c7257,0.8037409664163242
n594b453b9526172,0.32804307779509706
n5957792cd0d761c,0.5271361768456851
n5962c7ebd9c4f1b,0.01813801898823863
n59690d9e1d32f3e,0.5886353974776818
n596c518780316c2,0.1448207453592178
n59705ac70b9bc0c,0.2580416607623636
n5973f502e143e23,0.23338529120022672
n5974478a6ac16e7,0.7270794955363469
n597ab65f4908766,0.5829672665438571
n597f97faad2b40a,0.027348731755703556
n59811e8f68e03c9,0.02054697463511407
n5982b4c823ea632,0.9793113220915403
n5984c9aea6b7f9e,0.8445515091398611
n598ac55d7932696,0.9598979736431912
n598b08a6217a955,0.053705540597987815
n598bd6ff6d7c448,0.3500070851636673
n598f6b9135baea5,0.16324217089414766
n5999eac0c85c0b3,0.6151339095933116
n59a1ecb45dde80d,0.9494119314156158
n59b0cfd1e50c1bf,0.41136460252231827
n59bc94b8043e89a,0.38642482641349013
n59c5ad6e68e435d,0.7188607056823013
n59cf16042e34eb8,0.6345472580416608
n59d3d173cdba6c4,0.8261300836049312
n59d719f789103ae,0.8164942610174295
n59d80ae169b7e88,0.24316281706107412
n59db1706ef4681e,0.7197109253223749
n59f4dd154af798c,0.8877710075102735
n5a0f51a7c2f446a,0.20419441689103018
n5a12f372a8c767b,0.9138444098058666
n5a2ee21bb1c5cfd,0.45430069434603937
n5a2fba7ff0fee6b,0.8441263993198242
n5a319ba7ce3c558,0.44098058665155165
n5a32c2a5bdd817c,0.9889471446790421
n5a3432d1b9e5967,0.2503896840017004
n5a5e7b9bf4c98ed,0.7396910868641066
n5a74f139385b39e,0.3620518633980445
n5a9037c475bd512,0.5472580416607624
n5a904b63b0b9063,0.753861414198668
n5aa22d4d8587d2f,0.36516933541164803
n5aa3b5239276287,0.2805724812243163
n5aa8900737b22fe,0.655377639223466
n5aab57836f03c54,0.6254782485475414
n5abf59bab12bbe3,0.7032733456142837
n5ac58b7426c552a,0.3514241178971234
n5af197e71660349,0.8608473855746068
n5b06a01f17dbd34,0.8993906759246139
n5b073c5b4265e13,0.8777100751027349
n5b0a0e0bbca13cb,0.5811251239903642
n5b0bf1e96d883f2,0.507722828397336
n5b0d6cf9d41fb55,0.08162108544707383
n5b0e4f720658d2e,0.06079070426526853
n5b1526114e38741,0.704265268527703
n5b188e6525ba88d,0.9543715459827122
n5b1ee5af6e6f19b,0.5237352982853903
n5b224189f0b1a8b,0.24783902508147937
n5b26c19b43c27d7,0.26059231968258467
n5b2784629526785,0.7440838883378206
n5b33fc67f15dbef,0.7554201502054697
n5b52d9652d00301,0.9492702281422701
n5b544e82c427bd6,0.10386849936233528
n5b58e7976914537,0.6691228567379907
n5b674ae48e38822,0.13731047187190024
n5b6a41d33207310,0.3328609890888479
n5b87f47ec5476b7,0.8292475556185348
n5b89c7b09a81a99,0.5125407396910868
n5b8a533b18ceab1,0.30919654244013034
n5b916b1cb159e2a,0.9200793538330736
n5baf128905ecb1a,0.6115913277596713
n5bb7c51140119e3,0.6154173161400028
n5bb8628662d8188,0.7405413065041803
n5bc03063647af83,0.3731047187190024
n5bc5e37bd9a1d37,0.48179112937508856
n5bcfd47a4560906,0.541164800906901
n5bdf25027bc4422,0.5362051863398044
n5be70587a6a9645,0.49581975343630436
n5be7742311307f1,0.005384724387133343
n5bff308d020912e,0.21269661329176703
n5c33c66d517f223,0.9552217656227859
n5c3732132149b9d,0.9356667139010911
n5c49b4252e9902b,0.9186623210996174
n5c4a30034e3e09a,0.9288649567805016
n5c5ae6cd5abd515,0.10429360918237211
n5c5d6f626806b90,0.93311605498087
n5c85171c7722f0d,0.8247130508714752
n5c87d603be6dec9,0.2302678191866232
n5c8a784fcbc1276,0.998157857446507
n5c927b95c562c33,0.0902649851211563
n5c929a9aef0f280,0.3728213121723112
n5c9b97c398f23e9,0.340938075669548
n5c9c951b279279a,0.023947853195408812
n5ca02a1c3e8b227,0.8852203485900524
n5caba2d5680f9a4,0.3320107694487743
n5cac74038cd0de2,0.15020546974635113
n5cb6925c16e8c99,0.13206745075811252
n5cc67a8571ab917,0.6764914269519626
n5ce51dfbbd03691,0.24727221198809693
n5ce8970c320a7a7,0.6730905483916678
n5cecdb4fa9b63be,0.36063483066458835
n5ced34e9a14088e,0.39931982428794105
n5cf038e978c421f,0.9625903358367578
n5cf3e5cf9957cb8,0.17698738840867223
n5d18181436867ee,0.17500354258183365
n5d27259c5b62c9b,0.2440130367011478
n5d2d78b111cc077,0.28326484341788294
n5d3ea98425292d2,0.7868782768881961
n5d40e6d402eea20,0.6594870341504889
n5d49378eb2a16d6,0.1775542015020547
n5d6360261a0d180,0.7993481649426102
n5d73fd627a6c28f,0.24613858580133202
n5d7fa8dde016071,0.4064049879552218
n5d8babbeba4ac1f,0.37778092673940766
n5da73692ac6acab,0.9897973643191158
n5daecdfc07a155e,0.44778234377214116
n5daffd34cf26ea2,0.4829247555618535
n5dc3f7110f7e5ea,0.7574039960323083
n5dc48f1db0ab4c2,0.6953379623069292
n5dcbceba2a81866,0.9557885787161683
n5ddaa74445b1bdb,0.3412214822162392
n5ddc097c9e0be66,0.3974776817344481
n5de5e0ccbb9a4da,0.2971517642057532
n5e02af1ca189946,0.5736148505030466
n5e03c253389d753,0.200226725237353
n5e07c89c962ba86,0.9209295734731472
n5e1f8ef4d9a26a0,0.5697888621227151
n5e21ab5c22945f3,0.3612016437579708
n5e22aad2b93b8d7,0.8533371120872892
n5e26343a8f60c0a,0.36361059940484625
n5e2e860c80fe393,0.7093665863681451
n5e2f733bd76f034,0.61938500779368
n5e354ecc8d639e6,0.5036134334703132
n5e48f5a245f921e,0.5165084313447641
n5e5081db2771362,0.07850361343347032
n5e5530f1e2a48c1,0.6840017004392801
n5e6bfb14bae6278,0.018421425534929856
n5e6da3848d81e17,0.05342213405129659
n5e722312cd28e5a,0.4355958622644183
n5e935301ea41e1a,0.7022814227008644
n5ea8f7712b94c7a,0.11350432194983705
n5eaafc717abc576,0.5527844693212414
n5eaf1657ef889b2,0.03825988380331586
n5ebd0c34e24e0ab,0.3281847810684427
n5ec54364e041a2a,0.4323366869774692
n5ed86d52686d101,0.49666997307637806
n5edf7b680643737,0.8633980444948278
n5ee1a391dc2f1d0,0.24868924472155307
n5ee2d9adb8a7977,0.2763213830239479
n5eeb78abec25651,0.5506589202210571
n5f036d1ece50601,0.7897123423551085
n5f12eea669c2aa1,0.4687544282272921
n5f16c5ffd5a2530,0.36828680742525155
n5f18249f932f44d,0.9402012186481508
n5f1e218ea9d4662,0.9737848944310613
n5f257e6b3b6566b,0.851211562987105
n5f2a8379e274eb1,0.5244438146521184
n5f2d1d4f451b7fe,0.7949553634688962
n5f2e164b20319a1,0.8259883803315856
n5f453ff658c979f,0.3334278021822304
n5f483e123600412,0.5934533087714327
n5f49c0a658597ed,0.8035992631429786
n5f516ebef1c4269,0.832081621085447
n5f51fa5d59576cb,0.6478673657361486
n5f73511823c0c3c,0.698738840867224
n5f789089f5d713c,0.2645600113362619
n5f976071db783f6,0.9805866515516508
n5f9eff9a7eb569f,0.7165934533087714
n5fb264606e68fd6,0.3018279722261584
n5fb5712bc14448b,0.31089698172027774
n5fb656d9302e6b0,0.18690661754286525
n5fb7261b68c9298,0.9615984129233385
n5fbb3894e20b7f1,0.3358367578291058
n5fbe919ccea55a5,0.5787161683434887
n5fc4e551cdad287,0.3610599404846252
n5fcab7e40530148,0.8632563412214822
n5fd317c5d483821,0.9763355533512824
n5fe2d1147b39c7f,0.5106985971375939
n5fe3a6e7c8e2998,0.7530111945585943
n5fe5d3d15d5063c,0.358934391384441
n5fe5f7c6f5b42df,0.29091682017854614
n5fe8eecc19a4a09,0.09919229134193
n5ff33efd61dda76,0.830664588351991
n5ff34ad17a436a1,0.3782060365594445
n5ff5a060b69e4ec,0.9431769873884087
n5ffcc581a75a6b5,0.4815077228283973
n6011198688bfac9,0.7382740541306504
n601a9440468fa53,0.4911435454158991
n601a9abbe4ce975,0.2824146237778093
n601ed01703682b0,0.36162675357800766
n6027be045e79678,0.8384582683859997
n6028ed0beaa83e1,0.8563128808275471
n602fd4e53f8c0d6,0.2800056681309338
n603377bcb3ecb43,0.3818903216664305
n604d452e2eab1b6,0.7490435029049171
n604f97f7d37543e,0.3144395635539181
n6056a89c6ddd74c,0.024939776108828113
n6070dac143f378e,0.9290066600538472
n607be7d885ca693,0.283973359784611
n60813788371ed10,0.7559869632988522
n6085b184bbb369e,0.14255349298568798
n608ca63ea50516c,0.0882811392943177
n6090b5959663e1e,0.2988522034859005
n60ad0aa69b2057f,0.7722828397335978
n60af6f43960d30f,0.7527277880119031
n60b202951a786b4,0.5264276604789571
n60c8016ce6c2dfa,0.13419299985829672
n60d7772fbdceece,0.0028340654669122855
n60e378ec43af866,0.9525294034292192
n60e48773e9ae150,0.0446365311038685
n60ebe3d3f7cffc5,0.21453875584526003
n60ef3ed5ec7d836,0.45600113362618677
n60f6da732d893e0,0.8193283264843418
n60f8bd6b2b7690c,0.39676916536772
n60fd08cd1214d9f,0.8642482641349015
n60ff34443cc1286,0.2972934674790988
n60ff9cd889202ca,0.4789570639081763
n6117627234c0d62,0.5577440838883378
n611fa487bd306e0,0.551792546407822
n612263ed0e4afa0,0.9406263284681876
n612319474f7c9c5,0.3766473005526428
n6130d547e8b4096,0.5906192433045203
n6135be37950cb69,0.5828255632705116
n613daffed578de0,0.7547116338387416
n6143c4a4651fe9a,0.1021680600821879
n614a9481f1b5420,0.013178404421142128
n614b8b72b7cc3d8,0.8659487034150489
n615745e7945de97,0.12271503471730197
n615f7d3c2815dea,0.23947853195408814
n6162dc315335dff,0.17741249822870908
n616d655bdcd8783,0.09069009494119314
n617b1b76387bdf3,0.24132067450758113
n61823c9790abb63,0.6589202210571065
n61845c1591b7398,0.849369420433612
n6188d6d4ba65af1,0.10939492702281423
n618ff1ea6d54ee0,0.7133342780218223
n61965dbd0b42d26,0.766331302253082
n619864f1ec67e40,0.8983987530111945
n619a2f60b650a2c,0.9780359926314298
n61a29285e554cc8,0.6864106560861556
n61a8d51668687b6,0.9674082471305088
n61b7ff16ef7114d,0.5388975485333711
n61bab035051fa62,0.8490860138869208
n61c9a6f36fe7867,0.9326909451608332
n61d75fe16b37617,0.6100325917528695
n61da35fd9608875,0.6188181947002975
n61e0ec1ea7c18b2,0.8340654669122857
n61e492407645be9,0.019980161541731614
n620af8a19519a33,0.05767323225166501
n620b3b763e2df15,0.6118747343063625
n62163c4e87f5fa8,0.32081621085447076
n621f5aad6defa7e,0.8238628312314015
n62243a10e3f03d5,0.7933966274620944
n622da0d7b106c62,0.25237352982853906
n6235f598711240a,0.757545699305654
n623a0db2a3afebd,0.0436446081904492
n62403292f7e74d9,0.2321099617401162
n624b14e145783ee,0.2904917103585093
n624eb6ab4f1f36a,0.8395918945727646
n6253330d6062896,0.8707666147087998
n62536856181dc11,0.9254640782202069
n626cd97d44e8d45,0.0188465353549667
n6273c1512d3b291,0.7830522885078646
n6275f0f164eeaf2,0.6549525294034292
n62837ef8a1508dc,0.8622644183080629
n62897cdc6fb1a32,0.16990222474139152
n629b9f227221283,0.5471163383874168
n629e0f77206f446,0.7647725662462803
n62af258ed32a456,0.319257474847669
n62bbacf4a28128c,0.46251948420008504
n62c5ecf1285fbc8,0.4212838316565113
n62c8bb0cc8bf6f6,0.4286524018704832
n62d06a09f1f156a,0.11534646450333003
n62db3e233817802,0.2034859005243021
n62de7ac87eea955,0.7758254215672382
n62e0d3b07b5e2fe,0.056114496244863254
n62f0b49d142f21b,0.8897548533371121
n6315e1e19072d0b,0.7921212980019838
n631cb39f8ed3b96,0.16706815927447924
n631dd35013ad801,0.4917103585092816
n632401c3bbce7a3,0.4244013036701148
n63349af4068c940,0.7504605356383732
n63374c7105f9649,0.9620235227433753
n6344322b28a32ea,0.0005668130933824571
n6356a508107fcea,0.8821028765764489
n6357021f7fe58f9,0.40215388975485333
n63647ca02c44e82,0.83392376363894
n6365d2b1bf5e2fa,0.13065041802465638
n636c70f11b6d0b6,0.44480657503188326
n636ef5f4fcdd15e,0.08898965566104577
n63727e11deb86ba,0.5379056256199518
n63733e0bad27ecf,0.6770582400453451
n63891f0c372a168,0.04350290491710358
n638c6ad53df94d5,0.6604789570639081
n638d1cb26671e20,0.21000425109820037
n63acd2dc2f2a6fc,0.7888621227150348
n63afb91b2a312c6,0.7144679042085872
n63b8a031e562260,0.541873317273629
n63bd2ec360adc27,0.7326059231968258
n63c8eae469ed3d0,0.8526285957205612
n63dd38baf59533a,0.5935950120447783
n63de22ca4416736,0.61130792121298
n63e4bed7060ef29,0.7931132209154031
n63e5dd45ac6e6a0,0.4422559161116622
n63f4606925b9ad9,0.15884936942043362
n63ffe812c0187c9,0.14581266827263709
n6412ecdfde587df,0.5197676066317132
n641717d2ef3a045,0.5476831514807992
n6427df6a45bafb8,0.3036701147796514
n64290ad41dcd406,0.5763072126966133
n643103486f0ac9c,0.3209579141278164
n6431e102b436095,0.7087997732747626
n644846134a0cda7,0.025364885928864957
n64524a99998990d,0.11945585943035283
n645e4bd98d745e6,0.5427235369137027
n64614563e61ef88,0.33456142836899533
n647cef2c3c16f08,0.879127107836191
n6495bfb2b42171f,0.5407396910868641
n649fe222a490adb,0.6909451608332152
n64a45f2b1865911,0.21368853620518635
n64a57a7057f9a21,0.024231259742100043
n64aa822a7f20e06,0.8693495819753436
n64c1a6a67682427,0.367011477965141
n64c304326c4d0e3,0.835057389825705
n64c5f128b525407,0.31401445373388126
n64cd754bfb808f8,0.3103301686268953
n64d23e8472845d8,0.9985829672665438
n64e37f00c1a008a,0.33186906617542866
n64e8833a13b6957,0.9322658353407963
n64f4273f4d8b02b,0.08488026073402295
n64f93630ed46856,0.5098483774975202
n64fbb99f6faf9b6,0.29318407255207596
n6504f9e46016926,0.8904633697038402
n6505100efa7d86e,0.3196825846677058
n6506e165e546026,0.5255774408388834
n65073a80d7fc23c,0.639223466062066
n651bbdad6ce6f21,0.8351990930990506
n652328457fdc38e,0.5397477681734448
n6524a831be4fd6a,0.34079637239620236
n6526aa2ee9212d4,0.4307779509706674
n652bcf765bf2bdd,0.13249256057814934
n652e1f99d2da0b8,0.22885078645316706
n653535f010e4759,0.33399461527561286
n654d7dd9db20189,0.6978886212271503
n655a6db9f256cbe,0.5567521609749185
n655e4f9440c93ca,0.7175853762221908
n65744217cbf2e7b,0.3223749468612725
n65788e0609de169,0.8840867224032876
n657b9b96b7de3de,0.5272778801190308
n658cdd4f601f505,0.9325492418874876
n6590a619190fab6,0.7348731755703557
n6597c2ae6e54b51,0.813376789003826
n659f0cc6518e3af,0.6797506022389117
n65b94f543ea49c1,0.8429927731330594
n65c4f40bdfcb3f5,0.7761088281139294
n65cc3be5418b755,0.08119597562703698
n65ccec7738729cc,0.6328468187615134
n65d4c3ccce8baf1,0.033583675782910584
n65db4c9967d78e0,0.2987105002125549
n65e1c1429d4a06d,0.3239336828680743
n65eef7231c89703,0.460677341646592
n65f054c1eef91d5,0.0763780643332861
n65f12d379245d7c,0.6181096783335696
n65f2a0c679530a2,0.4830664588351991
n65fad4cd46c1212,0.8594303528411507
n6604cf27d921c75,0.28723253507156016
n660690d5bdc43ee,0.3507156015303953
n660ed097539961f,0.18492277171602664
n66159ac88d76a54,0.6182513816069152
n662fd573961d43e,0.1397194275187757
n6635c517d163864,0.9110103443389542
n6639c040a8edcc6,0.247980728354825
n663feb6f0fdbfff,0.7025648292475556
n66437dfc0de34e0,0.35397477681734446
n664fb0713e9cc50,0.829530962165226
n66548c2b20139d1,0.09848377497520193
n6659a263d4b61bf,0.797931132209154
n666253b5f9e5c17,0.07765339379339663
n6662f6a4101d52b,0.8004817911293751
n666665cd9dcb21a,0.10996174011619668
n6666f7519f9a2ff,0.6191016012469888
n666976e14bb89a0,0.020688677908459685
n666c7854b6a5215,0.15119739265977045
n667212452125071,0.07722828397335979
n667fe2452a4308e,0.5292617259458694
n668117ede5d122d,0.13745217514524585
n668300ffc4acc63,0.08955646875442823
n6683c133baa051b,0.023522743375371972
n6688f5ed8e93be5,0.41915828255632703
n668af5866720f5a,0.9523877001558736
n6699c21cf49fe66,0.9450191299419016
n669c8e097cac4f7,0.5862264418308063
n669d89390b839a8,0.46166926456001134
n66a2809d31a56aa,0.7975060223891172
n66b025e9397be7f,0.6281706107411081
n66c6b120d76552e,0.6677058240045345
n66d1cf4568eaaf1,0.39436020972084457
n66d86709e41e798,0.9083179821453875
n66da1df8eb05859,0.6402153889754854
n66ddd11b1be85ad,0.6516933541164801
n66e3949da31040c,0.8898965566104577
n66ffbb3ae909c2c,0.228142270086439
n6701d9c0f471098,0.09862547824854755
n670aad267f56cd6,0.8638231543148647
n670b631c2cfccad,0.20802040527136176
n670d9e32367a7da,0.4055547683151481
n670f639cb7fd23f,0.13830239478531955
n670f977a70124b3,0.4258183364035709
n67110d050ed08a3,0.18874876009635821
n67154f2e003189a,0.32209154031458126
n671967650245f5c,0.33484483491568656
n671dec70f2e04bc,0.06787586793254924
n6722e57169501d4,0.974635114071135
n67285e5d423854d,0.4701714609607482
n672c241110e58ec,0.795380473288933
n67454ea92efcbf2,0.5142411789712342
n67488ba67bcfa28,0.30792121298001984
n674e7fc2eedf80a,0.17316140002834066
n675e30991aa36ce,0.8496528269803032
n6760be7fe4f08b4,0.6346889613150064
n6768522f7449e90,0.3561003259175287
n676c105de02ae91,0.7629304236927873
n676c5145ce5b8fd,0.35978461102451464
n6799bc793d8b841,0.09890888479523877
n679e2aa160e7f72,0.08813943602097209
n67ab3cad9fbc4c8,0.5119739265977044
n67bd7f6c1d3393a,0.8714751310755279
n67bf7d774216fe7,0.46762080204052714
n67c3e55e8b4a323,0.09649992914836333
n67cf2e7e582b027,0.21708941476548108
n67e2eedd35302ae,0.31514807992064614
n67fd841b904ce72,0.3760804874592603
n6800b6836d16123,0.1438288224457985
n68087ca024de08d,0.8727504605356384
n680ca8d25e63a1d,0.2865240187048321
n682ca8127118bd8,0.10783619101601247
n683936b12082c68,0.20787870199801614
n683ae528c9b9fb3,0.9756270369845543
n68523fbb23287cb,0.0942326767748335
n685f29d98a37a7f,0.9236219356667139
n68685dcfd6197e9,0.1935666713901091
n686eeafdb3ac91a,0.23451891738699163
n68733bf3fc86055,0.03840158707666147
n68786375507f21e,0.21864815077228283
n6884041f087525d,0.7932549241887488
n688867c6b88fbaf,0.7752586084738557
n689386210818186,0.27617967975060226
n689af0eba2da16b,0.8745926030891313
n68ab17e3bdb0607,0.49454442397619386
n68aeacfe59919cc,0.7385574606773416
n68b58b8b5a9ec5b,0.796088989655661
n68b5a7dc00b5b85,0.9489868215955789
n68bcbd61244ecd1,0.7369987246705398
n68c246ff0d8cc27,0.9146946294459402
n68d628448d72d47,0.2899248972651268
n68d67d1e5badcc2,0.38359076094657785
n68da48d9d5b0b82,0.9010911152047613
n68de962be60b6f8,0.4214255349298569
n68dee619a3d0a36,0.2370695763072127
n68eaecfc7d7eeb4,0.3107552784469321
n68ee3e6194e8227,0.45515091398611307
n68f23c9c011e02b,0.9827122006518351
n691295f28e5b238,0.9903641774124983
n6931ac77b9dd9c5,0.42000850219640073
n693aa62fa75b219,0.3188323650276321
n6943d6fef548ec3,0.26243446223607764
n694e25f458d59af,0.16848519200793538
n6952515792c624b,0.32946011052855323
n6960c60d79bf018,0.8156440413773558
n69689a1cc9c89dd,0.6203769307070993
n69780ad47357ba2,0.7341646592036276
n69951c12b769b36,0.9641490718435596
n69a2cbcb5224f9b,0.1815218931557319
n69a5cc4dc11b966,0.6776250531387275
n69b36d33525e0fb,0.13801898823862832
n69bb2fda87812e0,0.9910726937792264
n69bcb4874d109d2,0.5561853478815361
n69c7d157f2eb62f,0.37452175145245853
n69c8ec2cde450f0,0.9400595153748051
n69d21cdd0824e10,0.40484625194842
n69d56a3a188af53,0.026356808842284255
n69e92b2d228b482,0.24840583817486184
n69ee4f070353d26,0.4564262434462236
n69f4cc3972b93ba,0.9831373104718719
n69f60ef072a4050,0.34278021822304094
n69f838bf7d4dd70,0.39124273770724105
n6a015444ace248c,0.87657644891597
n6a0883cebad9bd8,0.9936233526994473
n6a0c4d279ebd910,0.7870199801615417
n6a0f5ccfabe07d9,0.18662321099617402
n6a13e8d3f115e83,0.3492985687969392
n6a15e1f78cfdcbb,0.9988663738132351
n6a2065194575a0c,0.49752019271645176
n6a38c21e393a554,0.5563270511548817
n6a3be23f7b0a643,0.3945019129941902
n6a46c66bcbed5e6,0.23069292900666005
n6a4c63a4cf27be0,0.4993623352699447
n6a4e14f9296bd90,0.9457276463086297
n6a5874a35a0086f,0.6312880827547116
n6a67b02bfad1de6,0.34802323933682866
n6a7c3547941bcd1,0.9307070993339946
n6a8112f36445ba2,0.5533512824146237
n6a83c526af1c29c,0.980870058098342
n6a981c568f44a7f,0.8400170043928015
n6aaa4ae42fe2ba6,0.44409805866515517
n6ab257eb56bce90,0.3663029615984129
n6ad1ceb66ee4ba8,0.6438996740824713
n6ae2740ca6e44ea,0.12073118889046337
n6afbb60c91e5579,0.005809834207170185
n6b0c52ffca4cca6,0.6576448915969959
n6b139b1af18b67c,0.030607907042652684
n6b18535a01112bc,0.9583392376363894
n6b2adfd4f1bb974,0.17514524585517927
n6b392d93e91b49f,0.6824429644324784
n6b39bd810e9d25a,0.6002550658920222
n6b494f367a136de,0.3104718719002409
n6b5f83640f48c13,0.5979878135184923
n6b6262cbd5748f6,0.4772566246280289
n6b655df402a60d4,0.15799914978035992
n6b6ca5b6b974c66,0.3202493977610883
n6b6db54a27cffd1,0.7377072410372679
n6b6ee13da769d70,0.2750460535638373
n6b6f0e9265a4a68,0.5336545274195834
n6b76ad051c2be8f,0.44013036701147795
n6b80dbe5b76ddac,0.51211562987105
n6b881ed53d893dd,0.21581408530537055
n6b93f1e4a67822f,0.5755986963298853
n6ba2f05a6246b29,0.2741958339237636
n6bac0d776e2a039,0.6737990647583959
n6bba57b21a933f4,0.952245996882528
n6bbb96f959c46ea,0.5155165084313448
n6bc463843c73302,0.4931273912427377
n6bca2c2d151f066,0.345330877143262
n6bcf19fb3c15e6a,0.8609890888479523
n6bd1e8bdc7ff100,0.9250389684001701
n6bd6a1fc7080d1d,0.17429502621510556
n6be1105fedd994b,0.017004392801473714
n6be8a65a5eece51,0.81776959047754
n6bee13c436c9311,0.529403429219215
n6beeb83a30146ba,0.6375230267819186
n6bf1985245f124b,0.20178546124415475
n6c057a09f113187,0.3128808275471163
n6c19fe7751c6735,0.6944877426668556
n6c1d5ca8c61f4a7,0.2142553492985688
n6c2310c5c4818aa,0.57899957489018
n6c390b321a06010,0.6753578007651977
n6c392cdc331c093,0.49737848944310614
n6c3bd35d44ece5a,0.8130933824571348
n6c500293a342ec6,0.31004676208020404
n6c5410aa8c607f5,0.7327476264701714
n6c54537cc0a3fee,0.6005384724387134
n6c582185a7d7220,0.929856879693921
n6c58730824343c2,0.8108261300836049
n6c616b09bde9a44,0.4144820745359218
n6c6b72c9fdf6dc4,0.12413206745075811
n6c6c8fecb88822b,0.9246138585801332
n6c7f8d4df960568,0.6586368145104152
n6c806c1da517cfa,0.16182513816069152
n6c83c585aa31238,0.8300977752586085
n6ca2c6730fdc9c6,0.3996032308346323
n6ca59d7a2ff1af0,0.015303953521326342
n6ca68a36d8746df,0.5328043077795097
n6ccfbb6ef3e50e8,0.3043786311463795
n6ceb76f3a1b699a,0.9047754003117472
n6cf13f2327a74dd,0.2705115488167777
n6cf4f8472a8216c,0.6064900099192292
n6cf85728dea44f3,0.3987530111945586
n6cf95889edb5ad2,0.15544849086013887
n6cfe9df00f2128f,0.3977610882811393
n6d072a78a9d9f94,0.9778942893580842
n6d14f63dda36cf2,0.5644041377355817
n6d2832fdd852ae6,0.6771999433186907
n6d3b493c449d3fa,0.31599829956071984
n6d3c9ca5aa66b1c,0.4799489868215956
n6d4a88d63f4d76b,0.07921212980019839
n6d5b76f6786f699,0.8665155165084314
n6d790d9debbd65d,0.057389825704973786
n6d9965fd1d1a7bc,0.9097350148788437
n6dab0495a3dd8cd,0.1220065183505739
n6db05f41bc2f40b,0.5447073827405413
n6db77bca076fbef,0.58707666147088
n6dd162b5162971e,0.9917812101459543
n6dd2f01e2a46881,0.910726937792263
n6ddff5f601ea45c,0.5485333711208729
n6df8256fcfa4dc5,0.9394927022814227
n6dff04999b31a30,0.8407255207595296
n6dff6e5bd7475b5,0.6471588493694205
n6e11304012fbda2,0.21085447073827404
n6e1b7877cb74754,0.19583392376363895
n6e2ef12dfbf90dd,0.0317415332294176
n6e3fc8b5dde4173,0.2554910018421426
n6e40d1fb613c9c7,0.9355250106277455
n6e424709b5929e9,0.8726087572622928
n6e44f6beb757f27,0.9998582967266544
n6e46f220ae98508,0.649142695196259
n6e5e6a9f4ce78bd,0.6706815927447924
n6e6c7d6801f2f93,0.4154739974493411
n6e70591e3758b10,0.8102593169902225
n6e705fc5c3eba4d,0.09451608332152472
n6e71630261c8e2f,0.2421708941476548
n6e76525ad6bd7ea,0.17004392801473714
n6e7d89805eaf7ec,0.7816352557744084
n6e83de1ae19b750,0.22587501771290916
n6e9390a396b7e9a,0.7269377922630013
n6e981fcff7a21b1,0.4703131642340938
n6ea5a1ef3984084,0.605072977185773
n6eb5a6e5b8773a6,0.23735298285390394
n6ec594bbdcec62e,0.7596712484058382
n6ed14289e9e04d4,0.18010486042227575
n6edc45c375a8084,0.7280714184497662
n6edf35db5a05dde,0.871050021255491
n6eecb82a31f88a0,0.35638373246421995
n6f0e8719b83abd3,0.5809834207170186
n6f11ca70455b179,0.9348164942610174
n6f18e5d129408a0,0.5872183647442256
n6f1cdbcc9c58736,0.12101459543715459
n6f1fd3a9e2f442e,0.05172169477114921
n6f27582648d8a51,0.15006376647300554
n6f286502e7cb65c,0.9644324783902508
n6f395c86cbb9da0,0.7173019696754995
n6f41cc3a4896ad4,0.5023381040102026
n6f604793a9c72e7,0.2896414907184356
n6f77d5b3161f0b9,0.723395210429361
n6f794a9e3e25097,0.6171177554201502
n6f959d842b6e0d8,0.12186481507722828
n6f95e7e7c4a108f,0.9482783052288508
n6f961d5b78f7169,0.8465353549666997
n6f9960aae61b43f,0.5994048462519485
n6fa08169da7f108,0.4827830522885079
n6fa2b91dbb94b94,0.7375655377639223
n6fa382f8f44aa98,0.2698030324500496
n6fb6b1e37ffff99,0.8014737140427944
n6fb7b4f11838d6c,0.7551367436587785
n6fbbb2b4c6c45e2,0.6260450616409239
n6fc4d216b314dae,0.4139152614425393
n6fd54d787ba3e47,0.592603089131359
n6fd824712eafaf4,0.7153181238486609
n6fe0628cfb8ba54,0.9029332577582542
n6fe1f20c800d40d,0.25152331018846535
n6fec049ad74f5f4,0.014595437154598271
n6ff26308e70c5a9,0.4338954229842709
n6ff46e5a55feb98,0.043786311463794816
n6ff855170e44bae,0.7063908176278872
n6ffac9075804c28,0.005668130933824571
n6ffd8dcc55fd1ca,0.7139010911152047
n70066ad7cd6f0b9,0.008360493127391243
n7008148a4a7f830,0.9786028057248123
n70157b5773f06f2,0.23480232393368286
n701a1bc2d7fe48a,0.38231543148646735
n70379b927125a70,0.8282556327051155
n7037d7451a4f932,0.7958055831089699
n7041c84fa9faf43,0.19370837466345472
n707d6ea0703a89a,0.03755136743658778
n7080b46d317f4ba,0.8401587076661471
n7084d60b3ea5445,0.019271645175003543
n7086e800ff3ca92,0.8701998016154173
n708d9cce5a5b3fd,0.3767890038259884
n7092bb73729f8cc,0.6539606064900099
n70b6ab52e3c4a0d,0.6524018704832082
n70bc31417555e51,0.5610032591752869
n70c310aa07886ec,0.8711917245288366
n70d95619f8f008c,0.7119172452883662
n70da127f2213498,0.9315573189740683
n70da96418c7a68f,0.031316423409380754
n70f4ff3dd68d46c,0.652826980303245
n70fdedbfd831d05,0.14907184355958622
n7103a00361a39c4,0.8434178829530962
n713098bec2642c3,0.049596145670965
n713f513670354ff,0.3216664304945444
n7144260b5086c41,0.5320957914127816
n714a079e7d1beac,0.5469746351140712
n7156dca94627423,0.5618534788153606
n71575b381932eae,0.00028340654669122857
n715c6ee87cf7d07,0.21680600821878984
n71652a2f1cb8008,0.5309621652260167
n716d8e4d13a5d2a,0.7650559727929716
n716df39f7d6d14b,0.004817911293750886
n7172bbaa23aadfe,0.3083463228000567
n718175969e2c653,0.5916111662179396
n7184563c4d24ef9,0.9237636389400595
n71860abddb6475e,0.3892588918804024
n71865dd1adc28d3,0.2958764347456426
n718e62b07b18288,0.7676066317131925
n719424c01092912,0.12838316565112654
n719961429a79267,0.7126257616550943
n71ae3d9c7121365,0.11152047612299844
n71afd35fd2183b7,0.4076803174153323
n71b2ca63f848e24,0.2778801190307496
n71b8160a5af8844,0.17018563128808276
n71c1745b83797ba,0.6569363752302678
n71c20ca02bd1680,0.7996315714893014
n71c31203c920d3e,0.8857871616834349
n71d8b66561b3d0c,0.9491285248689245
n71e8ca84f72b993,0.9844126399319825
n71ebcff20656b37,0.4428227292050446
n71ecd383e1138cd,0.9920646166926456
n71fe9eec24e7b59,0.3797647725662463
n72096005c1d4dd2,0.9258891880402438
n720d0d865c2d31c,0.012044778234377215
n7233d1a3afad4ad,0.5080062349440272
n723695b12a45d4c,0.6641632421708942
n7238c2f7c6c2ad9,0.3124557177270795
n723a616d8fa7500,0.7783760804874592
n723ea521611b518,0.13844409805866514
n7244ce4ff4da139,0.575315289783194
n725651044e5e798,0.0972084455150914
n725de599285bf9d,0.9066175428652402
n7266b30b59f5d3c,0.6169760521468046
n726b3c4d4a12784,0.20745359217797932
n727cb703085a5b4,0.3908176278872042
n727e2fa7def0c74,0.15743233668697748
n7281e880bb37e5b,0.6668556043644608
n72980905f1f61d5,0.07595295451324925
n72aeeb563cc7828,0.11789712342355109
n72bf6c518b7bbc8,0.1426951962590336
n72c023a8aab6fe7,0.7623636105994048
n72c97f5b412863a,0.41802465636956215
n72c9a8326f081e9,0.8079920646166926
n72dbd437b7a44e0,0.7406830097775259
n72f3253ac0b2c30,0.24188748760096357
n72fdc8756771cc8,0.9586226441830806
n7308d7ae0b2289d,0.7480515799914979
n731021accfef9ca,0.2172311180388267
n73148b2f7e9a95b,0.6039393509990081
n732b14b1941e917,0.3154314864673374
n7332d32ad80bcf3,0.7171602664021539
n7343ceb9da0be17,0.4962448632563412
n73468f9e0275a7f,0.3811818052997024
n7350e285f831ab0,0.15700722686694063
n735ca03cebf65ac,0.994473572339521
n735e24ce39ee5f8,0.07878701998016154
n735f73dab19309d,0.4285106985971376
n735fae828f44109,0.9896556610457702
n736b72f0767ea08,0.5404562845401729
n73704773e00e835,0.1853478815360635
n73728cebb8eb048,0.8312314014453734
n738bc2e5a5a302c,0.4175995465495253
n739f134a1fa9f5b,0.9726512682442965
n73a4c6e960a6bee,0.5461244154739975
n73a6274fe90356c,0.970242312597421
n73da9c57a56bc93,0.9067592461385858
n73fa9e40099429c,0.18364744225591612
n740254e5ee3e824,0.8801190307496103
n740404375b6732f,0.7697321808133768
n740659a004b5dc3,0.8856454584100892
n742031ceeec333e,0.4034292192149639
n7423ec499a0733e,0.19923480232393367
n7425f29c5bb244a,0.484200085021964
n74360b3ecb2c8eb,0.7510273487317557
n74440872df7daa8,0.13986113079212129
n7447668ff080835,0.5549100184214255
n745837261e0d9aa,0.4752727788011903
n74599125ea51675,0.4891596995890605
n74880b06a796038,0.24953946436162674
n748bdb31e3bd6ca,0.594445231684852
n74921918ccd1db3,0.14042794388550375
n7495b137addb606,0.6908034575598696
n749d5ac94b1bf16,0.6142836899532379
n74a25c05db63a7c,0.9576307212696613
n74ab252031478b0,0.16125832506730906
n74ac948f11ce5ce,0.49822870908317984
n74b57bee778d5bf,0.10627745500921071
n74ba9f00766285c,0.07156015303953521
n74cd32905137597,0.7581125123990364
n74cf17067a5f7f5,0.0912569080345756
n74d50cc79e877bb,0.7841859146946294
n74d92aaaed23617,0.7748334986538189
n74db720c3b7337a,0.3803315856596287
n74e11ad1f89acf0,0.6419158282556328
n74e171594564421,0.4979453025364886
n74e596e6c144145,0.9974493410797789
n74fc1a22c92cacc,0.7941051438288225
n74feb1390032ddd,0.889046336970384
n750585c21601a85,0.025648292475556184
n750a9b7818c84ff,0.7769590477540032
n750b65e1635e337,0.011761371687685986
n751156da1f50ecb,0.31231401445373386
n75117005f68e9bf,0.6308629729346747
n7517c823a8c238d,0.21638089839875302
n751b787bdf77193,0.40144537338812525
n751fcfd0be720e9,0.5948703415048887
n75270f4fe969ea4,0.579708091256908
n753180fc01a7a86,0.5665296868357659
n753580d79524ba6,0.5369137027065325
n7550510eef293b2,0.24769732180813378
n756f6cefd035e3b,0.16834348873458976
n757236a51c507df,0.4999291483633272
n757a3a98eeb7c99,0.25974210004251097
n7580b19651a0f92,0.5605781493552501
n758b851f0590d49,0.46393651693354115
n7593df307bb146e,0.6361059940484625
n75a04298c3d550f,0.2848235794246847
n75a1cc987f9c459,0.763780643332861
n75a334a80a0edee,0.21383023947853194
n75b0371e04e3f8e,0.7306220773699873
n75e3b42f07f8cb5,0.9757687402579
n75eb9ce7634d8df,0.8846535354966699
n75ec15ba78a3e4a,0.07127674649284399
n75f08f01e0d8d40,0.6976052146804591
n75f698764b635f3,0.5923196825846677
n75fb411232c8c5e,0.656511265410231
n75fcc4eb13c496d,0.4109394927022814
n75fd52dbdbec4e7,0.17146096074819328
n76015ca4fa2afdf,0.716026640215389
n76098d731a08d7f,0.2561995182088706
n7618fef687c285f,0.7450758112512399
n762a3f11ef75ee8,0.5105568938642483
n7633455eaa1ba54,0.934958197534363
n763501a0989cca2,0.10089273062207738
n765534dbd96db43,0.8523451891738699
n765f81f6a622e70,0.8011903074961032
n7664756592c5c82,0.11336261867649143
n7667e575d0fdb57,0.24755561853478816
n76870c59c99b627,0.06603372537905626
n768864fa81d7024,0.4785319540881394
n76a433f9174bfec,0.6137168768598554
n76a6d8443d041fc,0.1378772849652827
n76b8c59a679d289,0.6366728071418449
n76c794e51cc8bbc,0.4871758537622219
n76eb52010479206,0.9376505597279298
n76ee848c0e7dddf,0.6054980870058099
n76f107f927e4886,0.333569505455576
n76ffef1af6bbc59,0.22374946861272496
n770d02e9c46ee08,0.5115488167776676
n77150a121377523,0.7924047045486751
n772785f51bbef10,0.07113504321949837
n773bfce75ca1407,0.3595012044778234
n7740daa90aad3f5,0.5340796372396203
n7752b21b44874b0,0.9849794530253649
n77761c06b656dbf,0.25520759529545134
n77831d3d804895e,0.9689669831373104
n778cebdc3f25227,0.1846393651693354
n77a015bd37db53b,0.7051154881677767
n77a41aab97118a2,0.8454017287799348
n77a63e56bbe1306,0.4574181663596429
n77a7c83598950c5,0.5333711208728922
n77aa3c279382774,0.545557602380615
n77b62ff481ff366,0.8357659061924331
n77c23aa0438314a,0.5132492560578149
n77c3bba5f1da955,0.7982145387558452
n77cfaa2fad49c86,0.6219356667139011
n77d1727b6b0e8f2,0.32676774833498656
n77d7f0155c6941c,0.9922063199659912
n77d9ef53e46f7fc,0.9396344055547683
n77da6afac64a9c2,0.35029049171035853
n77e381c71dc9f39,0.4997874450899816
n77ea96415a6f86f,0.10571064191582825
n77ec84c846ff984,0.3668697746917954
n77f7162a635162f,0.894572764630863
n77fa5751a7c7930,0.9165367719994332
n77fb405d309cd5b,0.25364885928864955
n7803e28c5e3818c,0.2794388550375514
n780475ebc221fa1,0.4234093807566955
n781602bedf7eef2,0.77738415757404
n78258b0db941c0f,0.44693212413206745
n7828839e75d9ee1,0.29219214963865664
n78496263e8b245a,0.926881110953663
n785b976c98a6b79,0.9185206178262718
n786166a79956605,0.745784327617968
n786a09aec9be238,0.34575598696329884
n786c449ba78d294,0.3352699447357234
n78a6e3e6ee65820,0.8374663454725804
n78b09d42929ebfe,0.05030466203769307
n78bcf1a3cda60be,0.48972651268244294
n78d2d08890a16bb,0.10698597137593878
n78d818110742e1f,0.15318123848660903
n78dd3ad99f8ec4c,0.3164234093807567
n78dd505973575d9,0.40314581266827265
n78e6dbd0f672992,0.0247980728354825
n78f0a3100b288f0,0.02253082046195267
n78f2ad24b86a864,0.6896698313731047
n78fd18b4e65b867,0.42836899532379197
n7905c5a4aab0088,0.2727788011903075
n7923b1b788cd9a1,0.9280147371404279
n793e70f0868975f,0.8553209579141278
n7947b6e1a6af5bd,0.9475697888621227
n7953c3b1da9aae9,0.727788011903075
n7963eb4a10d399f,0.6584951112370696
n7984c54e0847225,0.6593453308771433
n7985037c409861a,0.6389400595153748
n798601b059d60c2,0.9430352841150631
n798aab20aa445e0,0.40527136176845685
n798d3794ad4ddd2,0.12852486892447215
n798f4b4ce197693,1.0
n799384f80fbf476,0.0337253790562562
n7999998247ae52d,0.5547683151480799
n79b67ab2fccb5b0,0.5512257333144396
n79bf59739972b2a,0.3743800481791129
n79c1e4ea5975cb0,0.5024798072835482
n79c5c54608cf680,0.15247272211988097
n79c7eed711e6d2c,0.5145245855179255
n79d270f9b9d612f,0.9443106135751735
n79e99c591d75fe4,0.9093099050588068
n7a092b7a2061a9c,0.9219214963865665
n7a10d437ea88762,0.7389825704973785
n7a1c9bba69a2dc0,0.9061924330452034
n7a23f4bd84525cc,0.0138869207878702
n7a28b66a9913a32,0.22247413915261444
n7a2c77be1e74504,0.8614141986679892
n7a36ba90e8981fa,0.09437438004817911
n7a39151f268bd2f,0.38755845260025507
n7a3c525ca6bc51e,0.10486042227575457
n7a3d44ef6252728,0.8104010202635681
n7a3fb1468295b6b,0.09735014878843701
n7a62cc9581f7850,0.9020830381181806
n7a6a12be4c978af,0.3454725804166076
n7a73344245f538c,0.047187190024089554
n7a74829ee26e493,0.8385999716593453
n7a7852cc2df3e1d,0.14241178971234236
n7a78b96d04553c9,0.11463794813660196
n7a7a6bfc023a2d9,0.8866373813235086
n7a877714e7c49df,0.2382032024939776
n7a8f3f6961d6ecd,0.32421708941476546
n7a90e7cd96adb34,0.4890179963157149
n7a9ae263cc41523,0.5159416182513816
n7aa18fde291727d,0.2846818761513391
n7aacee2379ca550,0.7938217372821312
n7ab7abb45c1b8cc,0.9453025364885929
n7abed14707991e8,0.8728921638089839
n7ad041606249fc8,0.3184072552075953
n7ad73bb15b59856,0.43729630154456567
n7ae6831578eae2c,0.12668272637097916
n7aeb7fbd33af02d,0.566104577015729
n7b02ecfd81408b9,0.17826271786878276
n7b1162338b8d9ee,0.3179821453875585
n7b1a70044adaa3a,0.9223466062066034
n7b21a55ebfe1fe2,0.31996599121439706
n7b234865b427111,0.3260592319682585
n7b26dfeac5bd951,0.23763638940059514
n7b32842792417fc,0.3976193850077937
n7b35e3c7a4dee62,0.6295876434745643
n7b48ce707db3fc5,0.3283264843417883
n7b4d43c26526abe,0.5867932549241888
n7b5577b2fb983a5,0.4287941051438288
n7b55e2fb478ea41,0.8084171744367294
n7b563800c7da055,0.010060932407538614
n7b5af5b285d1236,0.6705398894714468
n7b6c8854ecd68a0,0.5345047470596571
n7b6fdeee365e321,0.6443247839025081
n7b87b8d5841f153,0.5658211704690378
n7b8fd4da3f8f97d,0.21878985404562845
n7b9a583d6c8cc8f,0.47059657078078504
n7ba2a5e7118800d,0.2391951254073969
n7bb0f2c3320ffd7,0.770015587360068
n7bb191f2e643b38,0.11846393651693354
n7bc92324663fc63,0.446365311038685
n7bc92f3329a1f08,0.2882244579849795
n7bcc39278dfbb6a,0.42100042510982005
n7bce45e6dd703dc,0.6766331302253082
n7bd3658bca9b935,0.843134476406405
n7bd7799e8a395bf,0.13816069151197394
n7bdc55a7c566624,0.8615559019413348
n7bf91eebee723e6,0.1516225024798073
n7bfb4740cee7ac5,0.19710925322374948
n7c0155e4aba16bd,0.9852628595720561
n7c02a506c31d614,0.1418449766189599
n7c042286a999db5,0.49865381890321664
n7c18c0c0084238e,0.8779934816494261
n7c27297090cdecc,0.010769448774266686
n7c2a4abf3034ce2,0.24344622360776533
n7c30b9c4eb6f99a,0.4079637239620235
n7c39fb001cb1bac,0.7048320816210855
n7c3f6cf999d5d14,0.7140427943885503
n7c4573c42ef4730,0.18619810117613717
n7c479107e4c2dc5,0.9121439705257192
n7c4ed87287aa891,0.5838174861839308
n7c5b921b15b4fd2,0.7857446507014312
n7c60c3528cdac94,0.698030324500496
n7c6221c92a1f8ae,0.5352132634263852
n7c68451febbe862,0.29445940201218646
n7c7996ff77f45e2,0.4673373954938359
n7c8df17baefc459,0.23055122573331444
n7ca15f143b736ce,0.4333286098908885
n7ca9bb0801b5bb4,0.8573048037409664
n7cb3627a2c66b66,0.6977469179538047
n7cbd6a8768d2553,0.13050871475131076
n7cc01b6826cbd2e,0.14014453733881252
n7cc383fce96ffa9,0.7630721269661329
n7ce01c5a9f75108,0.6662887912710783
n7ceca0224adce8b,0.7053988947144679
n7d02d0042c458dd,0.5534929856879693
n7d0e9d5369e13ea,0.7724245430069434
n7d1002ddcfb83ca,0.8723253507156016
n7d11aa96f8e3a43,0.7908459685418733
n7d1c2056e1bc66f,0.677483349865382
n7d1dc8528a548fd,0.5247272211988097
n7d1e0b6a2d3b3c0,0.14935525010627745
n7d1f7b3f824d8ab,0.9321241320674507
n7d21405bff902fa,0.43432053280430777
n7d29d468c8ee61c,0.002408955646875443
n7d2cc29140b3436,0.9277313305937367
n7d2f642e8fdb737,0.9275896273203911
n7d37ae3c7a79a73,0.82584667705824
n7d3abd2e737f5cc,0.8880544140569647
n7d3b90ae74f616b,0.09692503896840017
n7d54c16567efe55,0.1626753578007652
n7d6578feb4efae2,0.3046620376930707
n7d6fabbdc725682,0.5047470596570781
n7d860a550f4879a,0.39336828680742525
n7d8bbc2f4c9735d,0.09777525860847386
n7d909dcb7211d90,0.8336403570922488
n7d9b2999fae4e13,0.1578574465070143
n7da8f9216def119,0.0049596145670965
n7db1bf6ace39678,0.8873458976902366
n7db2caebc5320ce,0.9538047328893298
n7db425e81a9bd20,0.08176278872041944
n7db51f1e821f74e,0.28921638089839874
n7db69729081a75d,0.7438004817911293
n7dbbf0c8b1ca4a1,0.4768315148079921
n7dc79e6503737ba,0.4783902508147938
n7dc888adc796704,0.2180813376789004
n7dd4707d525e188,0.5629871050021256
n7dd5f567db94c1f,0.1825138160691512
n7dd638bd0cc399a,0.029332577582542155
n7dd87576fdc8de5,0.37324642199234803
n7ddb770abb52d7b,0.8942893580841718
n7ddfad641f3996d,0.045486750743942185
n7de7e2d353c9aa9,0.5767323225166502
n7de9e7a76d35a2a,0.6716735156582117
n7df21e244a24472,0.9963157148930141
n7df3c27d88ba165,0.34377214113646026
n7df45972f05d07f,0.2787303386708233
n7df4dccd91c6c85,0.014453733881252658
n7e0700014a94912,0.41419866798923055
n7e2c8824f4e77e5,0.6529686835765907
n7e2f0b9081918b5,0.1140711350432195
n7e340aedafe1862,0.9760521468045912
n7e3b4ee1b5e7a86,0.5192007935383307
n7e42ca6e81925ae,0.6963298852203486
n7e5309aee0ea2a8,0.7027065325209012
n7e5442977ae910b,0.8590052430211138
n7e5b3f5c6fb4410,0.5162250247980729
n7e678cd58deec19,0.7514524585517925
n7e76a3cef8d0605,0.5911860563979028
n7e791b41b3b67cd,0.8060082187898541
n7e7ce47dadbc2f7,0.4160408105427235
n7e8026626bd5198,0.518350573898257
n7e86d160b522987,0.6093240753861414
n7e87520060951f6,0.8570213971942752
n7ea3a4cc36d5afd,0.4939776108828114
n7ea94c35ec5d484,0.45812668272637097
n7eca082963b98e4,0.5822587501771291
n7ecd869303207d9,0.018563128808275473
n7ed1720cf6efe11,0.27759671248405837
n7ed4ecaeaadec4f,0.03698455434320533
n7ee4b401c823dd9,0.5955788578716168
n7ee4cf5966c156b,0.22785886353974777
n7eef79081c8283b,0.8043077795097067
n7ef24fd0a0a8e91,0.7494686127249539
n7efbbd131f4360e,0.6552359359501204
n7efd08a7fc62077,0.5995465495252941
n7f07340de32059b,0.7899957489017996
n7f08be7cb18422d,0.7056823012611592
n7f24f99927ca0ac,0.8330735439988664
n7f419e29db610ce,0.3484483491568655
n7f4226f17acf9d1,0.8863539747768173
n7f4b000d4cf4279,0.016295876434745643
n7f4c7632ce60dd9,0.9723678616976053
n7f7099b1c7c14ee,0.5274195833923764
n7f7757cfa28a7a9,0.0007085163667280714
n7f81d902b3e0ba4,0.6504180246563696
n7f9d8430bb82053,0.837608048745926
n7faae7cd92bbe08,0.9885220348590052
n7fb12cd283e2b8d,0.6176845685135327
n7fb29913371b20a,0.6725237352982854
n7fb5e836015e872,0.6973218081337679
n7fbb9dd1ea6933e,0.5068726087572623
n7fbe86a38ea95f7,0.4704548675074394
n7fc1440c8bba1ad,0.34561428368995323
n7fcfd3b97f6030c,0.7245288366161259
n7fd0c0a7599d921,0.6703981861981012
n7fd1ba8b8db9e93,0.06093240753861414
n7fdc058ada56b67,0.4314864673373955
n7fdc595a6318b41,0.04222757545699306
n7fe07f154dfef74,0.9777525860847386
n7fe2173f1c077cd,0.7447924047045487
n7ffb01e6c2f4dd8,0.9231968258466771
n801807c4cece1af,0.46266118747343066
n80183726ff7fd94,0.33101884653535496
n801fa274e9f7dba,0.03117472013603514
n802bdc9f7df6478,0.31316423409380756
n803bad9411974ac,0.65977044069718
n80503c9856ae592,0.43219498370412357
n8059bda85b8bedc,0.11562987105002126
n80672002b788541,0.408530537055406
n80b125697343f36,0.010627745500921071
n80b540277b90c17,0.8643899674082471
n80b678bdc6ef0b3,0.08558877710075102
n80e73c022df8d23,0.09253223749468613
n80e9ac1050d2d8c,0.9253223749468613
n80eab936094e3ba,0.2883661612583251
n80edbbcf94139d4,0.708658070001417
n8104704c98e244a,0.18563128808275473
n810f7c017f01b17,0.6063483066458836
n811945320c45692,0.8183364035709225
n811c45377a43f32,0.037834773983279016
n813246d19fb2eed,0.4049879552217656
n813bef646d7e18c,0.6071985262859572
n814d4c19f280bfc,0.9841292333852912
n817c5b4b73baf41,0.0012753294601105286
n8183255f315ad95,0.5243021113787728
n818627ca9f23b7c,0.022247413915261444
n818ccd38e63b354,0.4769732180813377
n819066eb60ba68a,0.44594020121864814
n8194da15cd77ffc,0.06985971375938785
n81a50a78972b1d7,0.6111662179396344
n81bbe65b579a021,0.6332719285815502
n81c08518b62cdad,0.7297718577299136
n81ce76ae5a923d2,0.2501062774550092
n81db511e72f570b,0.36375230267819186
n81dc5f406b80fd3,0.1251239903641774
n81fe9c561133ecf,0.7987813518492277
n820043624515ce9,0.9865381890321666
n821e5de3d622096,0.2054697463511407
n82226887e7a6825,0.676349723678617
n8223c8604fe81b5,0.8832365027632139
n82250fb1e601623,0.43602097208445517
n82342692725ccd8,0.48944310613575176
n8234b61bbab0b22,0.14652118463936517
n82410312c84cc9e,0.019838458268386
n8247226b5acee46,0.3483066458835199
n82490a0affc1c72,0.7583959189457277
n824efe4b435f421,0.39563553918095506
n8258c52ebf7b0f6,0.7544282272920505
n826595aaa23a9b7,0.8410089273062208
n826fa26a4ac05df,0.1914411222899249
n82705a54abc0629,0.7864531670681593
n8276a39e6e910ed,0.254215672382032
n827769b3e215cba,0.04208587218364744
n829682d844077f4,0.31018846535354966
n829c61a24cd198b,0.040952245996882526
n82b3a02b4d95f8b,0.8758679325492419
n82b8136c936146f,0.34589769023664446
n82b8ec458ea58c9,0.0624911435454159
n82d95a9018519da,0.5642624344622361
n82de147ee0fc760,0.8628312314014454
n82e965ab50b13f6,0.2094374380048179
n82ed1179af3c69b,0.8687827688819612
n82f3a90adf10a76,0.5138160691511974
n82f3f17d58c3121,0.5893439138444098
n82f5a17ab9ceca2,0.41703273345614283
n82f69d470ba49e9,0.6499929148363327
n830ba59684dfa43,0.5493835907609466
n8330c0981e96330,0.9606064900099193
n8330c693978a83e,0.964007368570214
n833591796a24e51,0.8795522176562278
n8341645b366274a,0.032733456142836896
n83450ca173dd5e1,0.29304236927873034
n83502e767d03a3c,0.8446932124132067
n83510e8714b0db3,0.6210854470738274
n8353db1e66a7949,0.7392659770440697
n836cb499f215a7c,0.7398327901374522
n837ebef4680662f,0.6086155590194133
n83851158e171039,0.5576023806149922
n838d045bd31a2a8,0.04732889329743517
n839667791e97bca,0.9205044636531103
n839881d8f9fcfef,0.862972934674791
n83aff030683207d,0.3565254357375655
n83b97a0abbd4d74,0.35780076519767606
n83ccfbaac1c006d,0.7314722970100609
n83cecd5fb890cef,0.6056397902791555
n83dc10c6e8f41cc,0.1547399744934108
n83e889ed2d0c70a,0.8055831089698172
n83e94ae7fd0e7b7,0.2143970525719144
n83e9d5066dce412,0.04605356383732464
n83ea6f41534293c,0.5226016720986255
n83ebc2ac31e4f25,0.5496669973076378
n83f030fed26ee9a,0.03911010344338954
n83f3443508f0e85,0.20575315289783194
n84014fffe3d8144,0.7301969675499504
n84099d3a7e436f6,0.8149355250106277
n840f02e9eb49f94,0.5286949128524869
n8411a8902dee162,0.6562278588635397
n841ea04f5c3535c,0.4671956922204903
n84212165334f8e0,0.14538755845260026
n843e3950bdc6cf7,0.6929290066600539
n843fa5e9f97b273,0.7877284965282698
n8444373811c6ed6,0.028340654669122858
n845023677f357a5,0.9631571489301403
n8450f0871e40908,0.4187331727362902
n8457cbd45175f13,0.41646592036276037
n845fc548b73141d,0.9519625903358367
n846066a42de1c1f,0.7865948703415049
n846b4b64d5e07ed,0.09905058806858438
n846f1dcdcd7618f,0.2948845118322233
n8472294392a1885,0.08388833782060366
n8481b900c4a7e14,0.7616550942326767
n8488adb0e9454fb,0.08502196400736857
n848a9b0bc06b735,0.5027632138302395
n848f2771fc0e274,0.3572339521042936
n849a7916327c40a,0.021397194275187756
n84a1fac57f642ca,0.2785886353974777
n84a721d40a6abe5,0.09876718152189315
n84bb0f969a0ca8b,0.950403854329035
n84c0aa76ad51cb2,0.04676208020405272
n84c42ed20f9c06a,0.16522601672098625
n84c8379e8088257,0.4450899815785745
n84cd4a0b5574e3b,0.05923196825846677
n84cff7e53941c2c,0.4474989372254499
n84d05dd99ca7775,0.40243729630154457
n84d391c8b7687fa,0.09791696188181948
n84d87cd09674761,0.8245713475981296
n84e75a7e9d59ad4,0.02749043502904917
n84ee31174796823,0.038826696896698314
n84f3d2b09ce7ed4,0.8363327192858155
n84f4512b498d6e4,0.21113787728496528
n84fa2474b2ba68d,0.1786878276888196
n84ff2120653c79b,0.7015729063341363
n8508b6ff6025dd9,0.48760096358225874
n850bffa634d9f75,0.6077653393793396
n850d3889fe0b425,0.12087289216380899
n85104a9052c9c4c,0.5131075527844693
n8513d3e3b1580a8,0.8485192007935384
n85182f9a0a384a3,0.07382740541306504
n85215a84c71f0b0,0.07552784469321241
n852659d47e114c3,0.9594728638231543
n8528d365fe084d1,0.7470596570780785
n8528d48f8e5dd0a,0.4433895422984271
n852d8564401467a,0.05625619951820887
n85369eb9886ab8a,0.9240470454867508
n853cab87c1268bc,0.34490576732322514
n8540e4f94dec64b,0.5072977185772991
n8541419867ee262,0.015445656794671957
n854a1b0b88bae3b,0.4919937650559728
n8557400ce0c4345,0.6817344480657503
n855ce65156a9f4d,0.0854470738274054
n856140cb5e5895e,0.10103443389542298
n8562febe0b642b0,0.8061499220631997
n8564f8e3e07996f,0.4127816352557744
n8571706cbd9f276,0.8676491426951962
n8571d0a5f211e9f,0.7956638798356243
n857434119e4e21e,0.4324783902508148
n85982d378c79319,0.5784327617967975
n859c3e6a6f18dd6,0.7252373529828539
n85b3e0420755568,0.6036559444523169
n85bb67e75b9aeff,0.25761655094232677
n85cdec1fed1fab2,0.8887629304236928
n85d896cc6329d0d,0.4782485475414482
n85da200b1fb5e67,0.7242454300694346
n85dd171943aca6f,0.27377072410372677
n85df76dabf199b5,0.03315856596287374
n85e253ec2206bbe,0.5675216097491852
n85f751486502ab3,0.236219356667139
n85feeae24c069c7,0.5608615559019413
n8605d60a7cc36c3,0.976477256624628
n86167e7c1814d63,0.867365736148505
n861ac7694dcbe2a,0.4039960323083463
n8637c9055cd6bfa,0.16437579708091257
n863f8e47cab3f5c,0.1358934391384441
n8663d355d700aa2,0.06730905483916678
n8676069695cad72,0.8010486042227576
n868eaeb50cfd785,0.34448065750318835
n869fec60d0227fe,0.1942751877568372
n86a0d8e4cc9bfa7,0.6365311038684993
n86a4aa497a1ed78,0.5326626045061641
n86a91f411946ed5,0.6232109961740117
n86a9d683864f479,0.32648434178829533
n86aa1c2ad2ffab1,0.3094799489868216
n86ad7fb8085cd0a,0.6893864248264134
n86cbdf7d5b3f0e4,0.7586793254924189
n86cc4d410dc1b7a,0.06064900099192291
n86d5c311ed5e373,0.39251806716735155
n86e421636790036,0.20504463653110386
n86e812a7af9b42b,0.22006518350573898
n86f25143ef17ddc,0.9390675924613858
n86f4af98a0bd271,0.14765481082613008
n8703074a3be4879,0.47810684426810257
n8708c185b47bd22,0.44027207028482357
n8709bb5f175b503,0.5937367153181239
n870ebae43ac955e,0.13943602097208446
n871d0ede329b701,0.2530820461952671
n87204ab11a5720d,0.26130083604931276
n8728bd950302797,0.9905058806858439
n873b5ee9ae0255b,0.9426101742950262
n874ddc599a1c783,0.2835482499645742
n874f2f227eb8f39,0.5631288082754712
n8754bdc5fd51bdb,0.631146379481366
n8756739b6d55efc,0.7839025081479383
n875b0bb3eb324eb,0.7218364744225592
n8766a5b5e20ecd6,0.37933966274620945
n877f849ffd3b1f5,0.5091398611307921
n8783e899250067d,0.6183930848802607
n87878a6d7172826,0.7833356950545558
n8788966133bfe94,0.8713334278021823
n8789eee322d482d,0.5641207311888905
n87a01f4ae79687d,0.325492418874876
n87a24d25aac9490,0.23664446648717585
n87a70ffd8cdf74f,0.6434745642624344
n87b1e92e550e754,0.378772849652827
n87bce3281b4df3e,0.454442397619385
n87d4dc26ac124ba,0.9145529261725945
n87e79d388a79eb3,0.8737423834490576
n87f940185ab132d,0.5278446932124132
n8809503c41763f4,0.8179112937508857
n88160b4a8c17770,0.6722403287515941
n8833394b6534fc1,0.9623069292900666
n883cb75d094bef7,0.8788437012894997
n88409e7d409317e,0.22715034717301968
n8841951ff8b7da8,0.8303811818052997
n88458ea8ccab70e,0.23551084030041095
n88535ec89094a9c,0.8510698597137594
n8868aca6f9a68b2,0.7181521893155732
n886a066f2239394,0.35836757829105853
n886cc723297a484,0.2084455150913986
n887eb0319d7a683,0.40130367011477963
n889a8b11f67aecf,0.938642482641349
n88b73bbd356714b,0.06164092390534221
n88bf584e416beda,0.7945302536488593
n88c2ba4b610ad9c,0.6519767606631713
n88c969fb5c85457,0.09394927022814227
n88d226a922385c0,0.14949695337962307
n88d25619e5ea790,0.08998157857446507
n88d27d1c9a5adb9,0.0853053705540598
n88d8bf737ea559d,0.591469462944594
n88ddcb60c7f8b5c,0.9601813801898824
n88f25c9fa1b8dd7,0.6719569222049029
n8909323d58c19c7,0.10726937792263001
n890fa8cbf4e2fec,0.119030749610316
n893098c7630deba,0.459968825279864
n89364c74e4c224e,0.7106419158282556
n893b3d712d555f1,0.7640640498795522
n89765ee77fa1b38,0.5332294175995466
n898de131886478f,0.448207453592178
n89917063fbf38fb,0.06589202210571064
n8992130e7df6c9c,0.37267960889896556
n89926cd2079df71,0.3543998866373813
n899635f2044da1c,0.9515374805157999
n899caa0c79f03a8,0.7442255916111662
n89a1fa3f9878d8d,0.22389117188607058
n89a40791e60ffeb,0.8040243729630154
n89a50df823d325d,0.2997024231259742
n89a70b3b8accbf5,0.5818336403570923
n89af94e99f5ab61,0.39846960464786735
n89bc69d20326a6a,0.7214113646025223
n89c38b2d9c9f785,0.2091540314581267
n89c9d9774a4343d,0.8845118322233244
n89de87e69511d0c,0.8123848660904067
n89de8929b14b929,0.9329743517075244
n89e4d77c3e55b18,0.6743658778517784
n89eb7d30307fa42,0.9465778659487034
n89f95b43a698d51,0.986396485758821
n89f976887f06adf,0.8822445798497945
n89f9eabb2d69e72,0.4363043786311464
n8a01c25ff676a97,0.9005243021113788
n8a0516e17140d3f,0.9132775967124841
n8a088a2ca67ea5e,0.14170327334561428
n8a189971f9b6e61,0.6623210996174012
n8a27872b4acd95f,0.8213121723111804
n8a3775e10548d1a,0.19073260592319682
n8a38c2dcd82700e,0.7986396485758821
n8a4f02cb1e5b587,0.2649851211562987
n8a61a0b1b4417c8,0.21751452458551793
n8a7a14e6e3a6774,0.3491568655235936
n8a7c635174cc767,0.7044069718010486
n8a8c0481af75536,0.23253507156015304
n8a8d3081922ac86,0.6711067025648293
n8abdba7d87a8d15,0.9750602238911719
n8acf0518a84a6e2,0.006518350573898257
n8acf24b00a1ce20,0.30508714751310756
n8ad2c8d7c0d8a5c,0.1696188181947003
n8afa8082c2a2447,0.47782343772141134
n8afc09181aba9f4,0.5794246847102168
n8b063b116646622,0.035709224883094796
n8b0df4c0c691f28,0.69434603939351
n8b152977342865b,0.8941476548108261
n8b16593dd197059,0.38075669547966556
n8b1e442c93acfb1,0.6694062632846819
n8b33531468ef9eb,0.4853337112087289
n8b37bf3d9fe25a0,0.21992348023239336
n8b3956f8b66eda1,0.7258041660762363
n8b42e44fd72799c,0.4718719002408956
n8b4a73c4ee3af78,0.7131925747484766
n8b52f83189415d6,0.6715318123848661
n8b7030e60beaca0,0.6043644608190449
n8b85b2d36286db7,0.6390817627887204
n8b883b2095580aa,0.559161116621794
n8b90837b14ea17a,0.020405271361768458
n8b95d368de9f5c8,0.7338812526569364
n8ba8f6fea8a9604,0.773699872467054
n8ba934e8d493be8,0.10131784044211421
n8bb6cf6ca741925,0.11662179396344055
n8bbaa23c3c24bb2,0.327334561428369
n8bbea59655f522b,0.523168485192008
n8bc67ca3fd84316,0.6161258325067309
n8bd7a7eec18a892,0.46988805441405695
n8bdf2ff4bcb6df3,0.5712058948561711
n8be34bf251922e5,0.7507439421850645
n8be3fb4a06676af,0.056681309338245715
n8be5b979b85fc22,0.7158849369420434
n8be6724a10c787a,0.168626895281281
n8beca2831291bc5,0.22346606206603373
n8bf0cdbfe6f0616,0.14708799773274764
n8bf4e538310f476,0.39917812101459543
n8bf7edebb814a2f,0.7534363043786312
n8c03af95e7785fc,0.2807141844976619
n8c0cdc34e427fbd,0.32067450758112515
n8c1d3fb4f6c43ca,0.1616834348873459
n8c21c33fb713e1f,0.8337820603655944
n8c24b64a619dba5,0.5262859572056114
n8c3d84bbb28dc54,0.6971801048604223
n8c464e9a1e11cd0,0.17443672948845118
n8c4c8188ba23bec,0.006234944027207028
n8c56ce862c18e0a,0.3841575740399603
n8c8de8c2fb40087,0.21397194275187756
n8c97634b48e0e55,0.3006943460393935
n8c9b0c1d01ed6cc,0.06773416465920362
n8ca4caeb4fbba41,0.2121298001983846
n8ca6f0293fa6ae4,0.752019271645175
n8caa46c58663daa,0.25350715601530394
n8cd0a0f326bdf33,0.4681876151339096
n8cd97454539f32a,0.5252940342921921
n8cf255204540528,0.5700722686694063
n8d0049918a30090,0.9879552217656228
n8d05587e4e71bb6,0.8070001417032734
n8d397e6947eae9f,0.17032733456142837
n8d3e209cde4d655,0.28510698597137596
n8d46f7ceb5fa9f9,0.5901941334844835
n8d53ad3fc883e71,0.7612299844126399
n8d5557284fa7c62,0.5282698030324501
n8d7082fe62ad7b4,0.9927731330593736
n8d7b2b910517a46,0.8823862831231402
n8d8a68abef18a88,0.1697605214680459
n8da6823c9c4e91a,0.4523168485192008
n8db78472a502fd4,0.009069009494119314
n8dc1fa8cbd324e9,0.28142270086439
n8dc83d5dcc62ef9,0.20192716451750034
n8dc96b43f9ad1d3,0.5721978177695904
n8dd79feb9fa23b0,0.8371829389258892
n8dda02bd054e208,0.717868782768882
n8de0fda88f527b5,0.9665580274904351
n8dee38bffa4f061,0.47173019696755
n8df016d7ddfb643,0.2934674790987672
n8df923c72303fbd,0.33002692362193564
n8dfda9633c95031,0.11548816777667564
n8e04eda2eb4ccb9,0.3810401020263568
n8e0e881711a09ba,0.0456284540172878
n8e1009ef4f52d17,0.09309905058806858
n8e239c23bd429e3,0.8027490435029049
n8e2939f989e6986,0.06957630721269661
n8e2e25ff772cf53,0.055972792971517644
n8e3777da17f31d9,0.47201360351424115
n8e3e869b42f7ceb,0.034859005243021116
n8e55f1cec8f079c,0.9553634688961316
n8e55faf37321521,0.27447924047045485
n8e567d41b384621,0.45798497945302535
n8e602818a268a80,0.9149780359926314
n8e6119abadbfce6,0.9848377497520193
n8e81c23804be660,0.07198526285957206
n8e82d6ca8aec73c,0.7459260308913136
n8e8386b4e00512e,0.6456001133626187
n8e8bccdfb9cd034,0.044778234377214114
n8e9f3c9a1ecf17d,0.9845543432053281
n8ea2eff02bc3d06,0.47654810826130084
n8eaa647dcdb95b8,0.9175286949128525
n8ec44e092ed89b9,0.7100751027348732
n8ec77a7f8132501,0.8390250814793822
n8ecc74f33bb346d,0.8921638089839875
n8ed467dd7c5d0bd,0.1459543715459827
n8edbc5363707a2f,0.827688819611733
n8ee45a8c54d5121,0.9035000708516366
n8ee70a73246bc33,0.5360634830664588
n8ee721bd68ebbe5,0.5848094090973501
n8efca0444f3850e,0.4929856879693921
n8efdfed4997f2c6,0.6213688536205186
n8efeeea0ca52b30,0.6679892305512257
n8f006e5a31c24af,0.6728071418449766
n8f04d1f8907e80c,0.5081479382173728
n8f083a84a8a7505,0.04038543290350007
n8f124d767904528,0.006093240753861414
n8f19a3e372d6d88,0.5625619951820887
n8f1dba48e2ece5d,0.7644891596995891
n8f21a2aa58e7d63,0.16820178546124415
n8f24de4daeb50b3,0.644749893722545
n8f2a491607e2a34,0.9501204477823437
n8f2ba72a4aaa51a,0.7707241037267961
n8f2fce10eacad79,0.7846110245146662
n8f3f27f907399f9,0.018988238628312313
n8f3f586a414b909,0.5108403004109395
n8f43be667eb941f,0.8296726654385717
n8f542576fc50ba1,0.8047328893297435
n8f5cbd0219accc1,0.08672240328751595
n8f60e1fd7ae2624,0.6923621935666714
n8f684a1009b22ff,0.30111945585943034
n8f6e4e53f729f6d,0.22275754569930564
n8f77d2e2566d555,0.913702706532521
n8f829a0b13df25d,0.28213121723111806
n8f86c64db629e28,0.26427660478957066
n8fcd7e8a89179a5,0.12937508856454585
n8fdda7e683b6f6b,0.12965849511123706
n8fde3c3702257f4,0.7591044353124557
n8fde88db51eccf0,0.5126824429644324
n8fe712c83ab1bde,0.5651126541023097
n8ff11bc0a9f9608,0.7443672948845118
n8ff27add1648e0d,0.67011477965141
n8ffeab452e8851a,0.37027065325209013
n9005f0ded6e48d0,0.6841434037126257
n900868dd2b0df03,0.8204619526711067
n9009a78d76f2896,0.14807992064616693
n9021e47e99410bb,0.07269377922630013
n902658be1d6a834,0.6178262717868783
n903121362cfec33,0.37848944310613575
n9034069b835c544,0.01955505172169477
n9038dac35a2c462,0.0565396060649001
n904331463085ed9,0.8089839875301119
n9052df21cadfaf5,0.04690378347739833
n905872f2d627e21,0.021255491001842142
n9058abf14657c2d,0.701289499787445
n906488edc557db7,0.059515374805158
n906582a3929d96a,0.44112228992489727
n90683ac8ce6c4dd,0.4946861272495395
n9068593be447d4a,0.04137735581691937
n906a8a7ec0b0d46,0.2868074252515233
n9079fc675cba228,0.21184639365169336
n908959992ec8b3a,0.18138018988238627
n90b72a9c52aad49,0.52019271645175
n90ca13c6946fd16,0.11166217939634406
n90d1165eb0b9da6,0.5850928156440414
n90d424f9a4a3224,0.8218789854045628
n90e18d7b3362210,0.7096499929148363
n90f6dc4ebb6f46a,0.5483916678475272
n910d21ed55555ce,0.26569363752302677
n9115642c4f81e35,0.17727079495536346
n913285df3770b53,0.10401020263568088
n9135b48b98a2646,0.6847102168060082
n913e2602fbc550f,0.8155023381040102
n913e81d7f4361ae,0.4020121864815077
n914a2fc93b56f21,0.8333569505455576
n91526821b9c77aa,0.2499645741816636
n91594799f691d42,0.8298143687119173
n91630b30e43c516,0.8252798639648576
n916e20580b6060b,0.36644466487175853
n917d2d353315a84,0.9861130792121298
n9180ed9aaa9df11,0.8184781068442681
n91a4639d6086b5c,0.6531103868499363
n91a7ab9bd8375bd,0.8383165651126541
n91b3b3fba44a65e,0.6762080204052714
n91ba7b6e1813149,0.9059090264985121
n91bd82ddb3490f9,0.8428510698597138
n91c176d659cd75c,0.843842992773133
n91c1d91886658c1,0.35170752444381465
n91c9bbe02a5b1fd,0.5890605072977185
n91ca6b9c03b2604,0.9155448490860139
n91ce3d5618a8ea8,0.8197534363043786
n91ddf5e48b5e514,0.9479948986821596
n91de6d1c0efe22d,0.9536630296159841
n91e550fdcd543c9,0.7695904775400312
n91ff6f1207ff231,0.6475839591894573
n921575497937828,0.2869491285248689
n921ea66f08e0a9a,0.16026640215388976
n9221fd32ac09186,0.012328184781068443
n922d7b87b3ec01a,0.8772849652826981
n922f20e3e97fe4c,0.7688819611733031
n9231f147e873006,0.036559444523168484
n92365b211fb4126,0.1674932690945161
n9237f19e73cd7f3,0.12441547399744934
n923d14b51968a9d,0.028198951395777244
n925b7686bf95deb,0.5313872750460535
n92698c00ea65043,0.2518067167351566
n9274b66cc829a13,0.27745500921071276
n9276e241557773d,0.8819611733031033
n9285eb2ead5a940,0.6587785177837608
n92b0d0cf6466360,0.050729771857729915
n92b116f1da32885,0.522034859005243
n92baa374a81313e,0.8738840867224033
n92c1cd38038d91b,0.47498937225449905
n92d4fe6ee22d3ff,0.7455009210712767
n92ed9cfeef37cdf,0.291341929998583
n92f18ef7f099d9d,0.12384866090406689
n92f4f52011dd1e7,0.5788578716168343
n92fe5d497d151b2,0.6559444523168485
n930327d1927a5e9,0.8968400170043928
n9314d535f022849,0.819611733031033
n93230fa4cd7f662,0.2451466628879127
n9326cccd2e10b86,0.5999716593453309
n932db887f7aea9c,0.47754003117472016
n933a487fe410edb,0.5329460110528553
n933c5de137010aa,0.48646733739549386
n933d72cfa25cf4b,0.29615984129233386
n934418c0d50fe62,0.5318123848660904
n9349c2f61c5d601,0.6155590194133485
n934e79201bc2f8e,0.3371120872892164
n9352b3bebe84377,0.24372963015445656
n9369b4abe0069af,0.027915544849086014
n936b81d8667bbd6,0.15941618251381606
n936fe1a8c42a656,0.3313022530820462
n93838a14a238628,0.9804449482783052
n93a77db3650e0c0,0.1905909026498512
n93aa461f11c1f64,0.45571772707949554
n93b72029b34ee58,0.4589769023664447
n93c5b84f0b005ce,0.19880969250389685
n93cd15154a562f2,0.4934107977894289
n93dc18121bf7e3c,0.7038401587076661
n93e064570e1c153,0.7678900382598838
n93e4c2d1da1f629,0.5760238061499221
n93e907887cc64c8,0.7710075102734874
n93ebf73968e77c2,0.8554626611874734
n93f8789c201ef5d,0.5918945727646309
n94026dd787417fa,0.5795663879835624
n94051b63da29ee9,0.40753861414198667
n9406ce7ffe942d5,0.5761655094232677
n940800661672281,0.013461810967833356
n941b44d9c418a40,0.7901374521751452
n9429ea2b5ef945f,0.9292900666005385
n942dff50e576ffe,0.4137735581691937
n943226663d49617,0.4901516225024798
n94599e9dd5d2c03,0.6033725379056256
n945b7e482e71c14,0.7209862547824855
n945b96d239f81c2,0.2571914411222899
n9465dd769a1c943,0.7827688819611733
n946af7edbf78321,0.6692645600113363
n947903038a1e5f7,0.9468612724953946
n9486b71492fe66e,0.2251665013461811
n948caaccad743bc,0.2709366586368145
n949eb9553f94d6a,0.18506447498937226
n94a8226e8bd05b3,0.2658353407963724
n94abb16aa02ae67,0.07524443814652118
n94af005d934a3fb,0.4568513532662605
n94b1eb9e7a63eb5,0.45500921071276745
n94b262be0ef9625,0.06008218789854046
n94bc05c2efd4c41,0.5741816635964291
n94c3983eab0f05f,0.678900382598838
n94c546d6cf4adf6,0.8760096358225875
n94c5518b8b9ac7c,0.16111662179396344
n94dd39b7cb43310,0.76930707099334
n94ec8c757014bc9,0.6382315431486467
n94ed713f38ece74,0.8166359642907751
n94ee7aaab21d2e8,0.8488026073402296
n94f2a88ae176161,0.06461669264560012
n9500ad290515257,0.9195125407396911
n950a7309eac0e10,0.9825704973784894
n950c36a683ff4ca,0.6164092390534222
n950f9418f95eb56,0.6395068726087573
n9524667e7b8e2a5,0.19795947286382315
n95251e44a621b32,0.841292333852912
n953f49b4bd3d087,0.6566529686835766
n955e668ec57d7cb,0.8862122715034717
n95630351bcf046b,0.49539464361626756
n956f3877c01a321,0.6898115346464503
n95704bec34a88b4,0.3243587926881111
n9579378b6caab55,0.08785602947428085
n9587bb38f651daa,0.9797364319115771
n9589027a97765cc,0.17627887204194417
n958a6305d196a9b,0.9346747909876718
n9594e2bfbc6d8d4,0.5727646308629729
n95a59b03b565d88,0.45189173869916394
n95b254de516defc,0.0307496103159983
n95b28a93d1ffa46,0.3073543998866374
n95bee2c9edd5dc9,0.2593169902224741
n95bf69dc6ae722a,0.6263284681876151
n95daae92df6cd92,0.4365877851778376
n95e27f268ec3238,0.7182938925889188
n95e3b5d4b73c9fe,0.0069434603939351
n95ec7bd45e7ef25,0.17996315714893013
n95ed0bfbcc30c83,0.8833782060365595
n95f5d70e9994b68,0.7613716876859855
n95fb620a5e98ae0,0.7365736148505031
n95fe1d2fbd1d2f6,0.8669406263284681
n9615e81128d92f4,0.2459968825279864
n96180248b754699,0.7780926739407681
n96188646169e3cd,0.4918520617826272
n9627d54810b8a5e,0.43304520334419727
n96298e5ae32f09b,0.2410372679608899
n9629939504bed1c,0.7070993339946153
n9631139189a1c7b,0.5146662887912711
n963890ef0f1a118,0.8513532662604506
n964ce975cf1796b,0.30636247697321806
n964fb626c0fd793,0.22686694062632848
n9655b6aafce9799,0.226300127532946
n9663ecd7fbddfac,0.8551792546407821
n966b6fb4ad0dc96,0.10542723536913702
n966e70e53494662,0.5456993056539606
n9672665f5bd8e74,0.6984554343205328
n96802c0c414d02a,0.8564545841008927
n96808f89617383c,0.6777667564120731
n968e77a1d38a792,0.31458126682726373
n968f3a1041ca61d,0.9817202777384157
n969034c2669610f,0.5607198526285957
n96a35f48b4c8361,0.7939634405554769
n96b2dfa00a8a214,0.6266118747343064
n96b469c2a948c64,0.6582117046903784
n96b476d8385bbb4,0.10769448774266685
n96b80c33edeed60,0.45217514524585517
n96c25c6adeb5336,0.8050162958764348
n96c27a201b0a4c7,0.3193991781210146
n96c8b7e8c6b365d,0.6179679750602239
n96cde6537b8af31,0.05101317840442114
n96d659d73fa239b,0.0238061499220632
n96ded23ebc102a7,0.21099617401161966
n96e0e2b2538f525,0.1377355816919371
n96e90c0ca5c74b9,0.580841717443673
n96ea0dadcb9208d,0.25081479382173727
n96f28fb6918515e,0.011052855320957913
n970ba81950d0237,0.2005101317840442
n971f621e6e9cf8f,0.553634688961315
n9721d38f13c44b8,0.6740824713050871
n9747e53231144bd,0.4980870058098342
n975672ace4853a3,0.9574890179963157
n97578257ca5e548,0.747626470171461
n975880692891089,0.7922630012753294
n97661cdce1ed19c,0.1468045911860564
n9766cbd73a4082a,0.15063057956638798
n976dd004c74c827,0.1477965140994757
n976f63513e47a75,0.23579424684710218
n977ee1fdf7c3c74,0.3579424684710217
n977f3e67cb545b2,0.4713050871475131
n978939e94e223b3,0.33909593311605496
n97957267cba59e9,0.6954796655802749
n9799ec261a9b004,0.44324783902508147
n979b77aaafbf856,0.7810684426810259
n97ba0dfd7b73963,0.833215247272212
n97c81f83e11e440,0.6305795663879835
n97ca5acccab5653,0.28043077795097066
n97d95c097bdce19,0.329176703981862
n97dff183168bb18,0.10230976335553352
n97f123be1ae1ae5,0.452600255065892
n9800a267fadcfb1,0.4479240470454868
n9807569f55e95a2,0.32860989088847953
n980789248e91ef0,0.29601813801898824
n981c46c03c5d82d,0.13646025223182656
n981e8b55ae34d9f,0.9050588068584384
n981ec748ab8025e,0.11761371687685986
n98414c544d257b1,0.5508006234944027
n984d362affca1f0,0.31699022247413916
n9856a4fe6978186,0.009919229134193
n9856d02aa88c497,0.37622219073260593
n98621289d867d5c,0.4642199234802324
n98664f525fa8ddb,0.9895139577724246
n986dba347c6a462,0.5251523310188465
n9885babca1d9957,0.8006234944027207
n989ee16a4258723,0.1725945869349582
n98a2214e1fce8ce,0.8444098058665155
n98a9276ecad110f,0.013320107694487743
n98b6fa38b458bf6,0.13433470313164234
n98c2d9ea821e579,0.879835624202919
n98c71ff90d942c2,0.2162391951254074
n98c7c22d9e4c71b,0.6759246138585802
n98cef7332e26fdc,0.2488309479948987
n98d5a3768ed2ffc,0.8285390392518067
n98dd333972f721a,0.030324500495961457
n99223dd8ebc5df1,0.3396627462094374
n9928017473a6736,0.15445656794671958
n99352328428b2a3,0.003400878560294743
n993ea9516151a98,0.0843134476406405
n995beb49d9b6011,0.9604647867365737
n9965f11160fbe50,0.601388692078787
n9972e078f5fa61f,0.0075102734873175574
n99746d90ce38bb4,0.3106135751735865
n998ec3d3aaeffdd,0.1706107411081196
n99a4e1e2e5c988c,0.25889188040243727
n99ac857ef101b4b,0.39492702281422704
n99af401e85f3ea7,0.7874450899815786
n99b4298dcb7a1ab,0.750177129091682
n99bd09b05d6cdfb,0.7789428935808417
n99d56708869cfbe,0.9203627603797647
n99d7ae92848ffb3,0.2984270936658637
n99df709b51efa33,0.5614283689953238
n99e07d4d44dac1b,0.19257474847668982
n99e5c94ad8c13a0,0.5196259033583676
n99e80264c7bd518,0.4963865665296868
n99f65f7fe4f32d3,0.3603514241178971
n99f7c01afe1bb4c,0.9862547824854754
n9a01503849d371c,0.5026215105568939
n9a0f57b4811bcda,0.2690945160833215
n9a0f5ae6160a40e,0.4331869066175429
n9a128879f1edc12,0.016720986254782487
n9a240a75acdf25f,0.90080770865807
n9a276461dea34d8,0.2240328751594162
n9a5233f04af4b6d,0.2818478106844268
n9a5e75f06f4322d,0.8257049737848944
n9a61e2e4c3fbc24,0.05781493552501063
n9a6d8b4f7b9d862,0.7085163667280714
n9a6e7d57215ee2f,0.19314156157007226
n9a78b3fb9c50cf3,0.9997165934533088
n9a7c301e84142fb,0.5704973784894432
n9a95eac5b7cf3f9,0.005243021113787729
n9a961377316a748,0.7378489443106135
n9a99ad2b3eda2e8,0.8415757403996033
n9a9b724d77d301b,0.8234377214113646
n9aa26f04a40f058,0.0208303811818053
n9aa624bcd0271ac,0.6511265410230976
n9ab1bae6fa9e555,0.515799914978036
n9ac7e21937d524d,0.62746209437438
n9adeea8356ea1d6,0.42411789712342357
n9adf6f311132129,0.3351282414623778
n9aec0743974fcf9,0.3779226300127533
n9aecab4be7182fb,0.003542581833640357
n9aedc8156e74d72,0.9676916536771999
n9aef1e4bb1d0b83,0.8677908459685418
n9aefbc0ee29fb93,0.16735156582117047
n9af232782fb44ea,0.6815927447924047
n9afab3eee063540,0.42539322658353407
n9afc01346ae1f53,0.6302961598412923
n9afd2d718b98402,0.5780076519767606
n9b021a8d7617802,0.3573756553776392
n9b0374b1390e3ab,0.9335411648009069
n9b064f913ba901d,0.6834348873458976
n9b06b8548639d29,0.3680034008785603
n9b09110308f02d6,0.7021397194275187
n9b10cbdd3acca56,0.25053138727504604
n9b36e02d70dccdd,0.8770015587360068
n9b3b42e942ac266,0.9795947286382315
n9b3e507abf56ed9,0.7660478957063909
n9b3fcc49d46f6b3,0.279580558310897
n9b4361436aeaa03,0.5714893014028624
n9b45c97aa7f7e78,0.6484341788295309
n9b4f47edeb85320,0.056823012611591325
n9b524c0b7699fcd,0.494119314156157
n9b58e7a47fa5e45,0.8503613433470313
n9b599609e72b151,0.9308488026073403
n9b5fd95389572f6,0.21893155731897407
n9b62c2c375e416a,0.17528694912852488
n9b76e95b4100fef,0.2676774833498654
n9b777c0335f91f8,0.8995323791979595
n9b781e2a208eb5a,0.9251806716735157
n9b82b8d0829d6c2,0.3542581833640357
n9b8bdaf3877f4e9,0.38373246421992346
n9b90278a8e6bbfa,0.9481366019555052
n9ba4f9ad839cd9e,0.05568938642482641
n9babc9abfa561b4,0.9091682017854612
n9bbc5b882af9114,0.5703556752160975
n9bc95d9695e9ddf,0.024372963015445656
n9bcd15dd39dfb0c,0.606206603372538
n9bcf64379a98268,0.03230834632280006
n9bd94a96de83859,0.037976477256624626
n9bdaf681556a93a,0.6981720277738416
n9befb175d882da4,0.9539464361626754
n9bf29a440ee559a,0.9120022672523735
n9bf9f795519910e,0.2202068867790846
n9bfa8a662409a31,0.37253790562561995
n9bfce7fdacd5b8b,0.9230551225733314
n9c161b53db49b08,0.2061782627178688
n9c1b98ad730464c,0.32053280430777953
n9c3c8d8c621c721,0.13334278021822304
n9c4503dd4be7ac1,0.8139436020972084
n9c4a26118843f2b,0.5438571631004676
n9c663e3f77349a7,0.0386849936233527
n9c703ecbffd95f3,0.6648717585376223
n9ca53e1920de900,0.20362760379764772
n9cb27fd4e88c220,0.03443389542298427
n9cb2af304ae360a,0.6857021397194275
n9cb62d0d597af3a,0.2712200651835057
n9cbbbf83d337673,0.7190024089556468
n9cc1ebd38c4eda3,0.07453592177979311
n9cc2aea39ddcb29,0.43942185064474987
n9ccfa9475453fb7,0.9753436304378631
n9cd32f87627ccd7,0.4225591611166218
n9cd4b8f1cc1aa92,0.9572056114496245
n9cdd39ff758efc4,0.13263426385149496
n9ce4ab51dbf4636,0.1944168910301828
n9ce9118aab5ea71,0.6570780785036134
n9cee3f4e4573e7e,0.8088422842567663
n9cf120c81588194,0.03684285106985971
n9cf374af52082d7,0.5370554059798781
n9cf9ede8f409b5b,0.2023522743375372
n9cffc74fc2bfcd1,0.35567521609749186
n9d06c827028202e,0.21411364602522318
n9d3c5787f8c213e,0.5910443531245572
n9d4460778830539,0.09267394076803175
n9d50b40aaa1ab14,0.6558027490435029
n9d5a27e17744232,0.4501912994190166
n9d67396f1f4ea86,0.9675499504038543
n9d7a61cde4a0337,0.7097916961881819
n9d9af6357f7e570,0.464361626753578
n9d9e3c6d8583313,0.9686835765906192
n9da6689d5280efa,0.8527702989939068
n9dd5020bccecd8c,0.07892872325350715
n9dd56dbeebfdba0,0.3790562561995182
n9ddb31e38cf4920,0.919937650559728
n9dde398a0b89f55,0.18775683718293892
n9df2d902556ee4e,0.39195125407396914
n9df8da62280f0ef,0.8169193708374664
n9dff8dff69dd628,0.5339379339662746
n9e00b070bc050a9,0.37112087289216383
n9e0af8ebdefaa20,0.559869632988522
n9e16537293f1255,0.6507014312030608
n9e17586cdb01e98,0.787303386708233
n9e1d926423b0468,0.9600396769165368
n9e20f70a47ddd64,0.15615700722686693
n9e338771f0ce7e7,0.7453592177979311
n9e59f44c03dc6d1,0.1876151339095933
n9e60926a29e5ddf,0.6144253932265835
n9e633d31451f7c8,0.011194558594303529
n9e801d6c415bf5d,0.9111520476122998
n9e935cb6e184f20,0.137027065325209
n9e9d7f8972573bd,0.4793821737282131
n9ea1cfc01da0fe8,0.10330168626895281
n9ea1e0ed2fbfdf4,0.8588635397477682
n9ea8db2f4afc4c7,0.2887912710783619
n9eb1764bef3f7fe,0.1456709649992915
n9eb31df64db108f,0.8658070001417033
n9ec26bcc2ffa407,0.41717443672948845
n9eca38783f7c0b5,0.873600680175712
n9ecf94b1e81f48f,0.05639790279155449
n9eda6aa1ddd3de9,0.7372821312172311
n9ee759b446b9d5b,0.8349156865523594
n9f0029df188fee4,0.4992206319965991
n9f029c5bf4a2538,0.8048745926030891
n9f14feac110ca63,0.14751310755278446
n9f1b1d83df6e696,0.04803740966416324
n9f242598b86528a,0.35057389825704977
n9f2d585e59b443f,0.33087714326200934
n9f333584438b9dc,0.14850503046620378
n9f39a2ebb71189c,0.6239195125407397
n9f4b355aee93d0a,0.028057248122431627
n9f4b597b140c768,0.42114212838316567
n9f4df8d481b3acb,0.07425251523310189
n9f58eb1849f0a74,0.3869916395068726
n9f6044c72e0fa83,0.6912285673799065
n9f79f28d8516b21,0.2053280430777951
n9f85db5f1cb71ac,0.42298427093665864
n9f9f548fa3b95fa,0.920646166926456
n9f9f5e733ff1406,0.3808983987530112
n9fb24b71d44509b,0.9659912143970526
n9fc75be29fe1676,0.4017287799348165
n9fd339a9a8f04ea,0.6016720986254782
n9fd42e7106545b6,0.6871191724528837
n9fd51d1501a7a35,0.3303103301686269
n9ffeb38122d6466,0.23083463228000567
na002dca8834bcfb,0.20957914127816352
na00c818707a10b0,0.7466345472580417
na0204b720f9bbce,0.1537480515799915
na0260e3e03a1b70,0.7912710783619101
na02a1c41a14e740,0.8231543148646734
na038dcafffb5e8c,0.35326626045061643
na03da61710a8d00,0.6301544565679468
na04a4db400333d0,0.07481932832648434
na050e738beb316f,0.658353407963724
na0514f1435f8918,0.19597562703698457
na056f47cbee79ac,0.807850361343347
na06b5bbed3e3f4e,0.3253507156015304
na06b978d752840d,0.7739832790137452
na06d8e511319be4,0.20164375797080913
na06fa91b1324aff,0.3624769732180813
na07088524a58507,0.5488167776675641
na0716b9ef13be62,0.7411081195975627
na09755c564e41e2,0.376930707099334
na0a30e5f02bb1e5,0.8741674932690945
na0bef043eff2d44,0.3135893439138444
na0c58ae01faeb0b,0.482357942468471
na0c847beb88ae7c,0.9957489017996316
na0d6b8e1ba09a8e,0.4188748760096358
na0ed1da5193d38e,0.43800481791129375
na0f5680e9fa4c99,0.887204194416891
na0ff6959965d8f0,0.08983987530111946
na1083f226be9559,0.6448915969958906
na108a997ab0ecdf,0.22176562278588635
na110f57fb7e1e7c,0.5952954513249256
na1118ae7f845602,0.261584242596004
na114e42c0696f63,0.4925605781493553
na11b5bee933f0db,0.7704406971801049
na11f4eeaf7cac1f,0.7617967975060224
na124790b8c8b3b6,0.31911577157432336
na12e0985c1b8681,0.525719144112229
na132d9178b2d93f,0.8143687119172452
na143f373b804c33,0.0813376789003826
na14dde580b3731b,0.500354258183364
na15177783864577,0.4844834915686552
na159338324c78c4,0.24047045486750743
na15b756495fb191,0.4620943743800482
na16af8626baeec2,0.393084880260734
na16d8f73cefcae6,0.35695054555760236
na17f7280b707564,0.6073402295593028
na18149bfdb0adec,0.07099333994615276
na18bf05283ed9db,0.7772424543006944
na199d09baf8df0b,0.6067734164659203
na1a5284a2b6ed8c,0.0059515374805158
na1a88a72dc154a4,0.41193141561570074
na1a94e28fd124ad,0.699872467053989
na1b1b981ff43784,0.861839308488026
na1c5822aa1d7daa,0.9509706674224174
na1cf4ae0a2a6fc8,0.6832931840725521
na1d146a0639f154,0.7796514099475698
na1d15eeabba7ee5,0.7487600963582258
na1d49e93ec27247,0.5452741958339238
na1d99f8c8df0c24,0.6773416465920363
na1e4cf4e0f1feec,0.5400311747201361
na1e981c37df8f46,0.8186198101176138
na1ea4aca97e818b,0.10471871900240895
na1ed791ded6b939,0.9462944594020122
na1f4166223ba452,0.8982570497378489
na1f549d662cfb60,0.3855746067734165
na21147060cb181a,0.9037834773983279
na215148a2835fa9,0.8529120022672524
na217e28ffce4176,0.0347173019696755
na2374403a70a0dc,0.14722970100609323
na238fd439fd11a1,0.09465778659487034
na24d66528ed3521,0.38840867224032877
na24e5d3efd729ba,0.5897690236644466
na28b3eae51cae1b,0.8849369420433612
na295eed05fa812b,0.9794530253648859
na296407358febc6,0.15303953521326344
na299568dba7fcd3,0.36885362051863396
na2a7da63e0356e2,0.7143262009352416
na2c8cf3a8b0a747,0.9369420433612017
na2cf2caf21aceaa,0.06560861555901941
na2de37f0b9125b8,0.08884795238770016
na2e356deebe38aa,0.9074677625053139
na2ec48f450d6d2f,0.6437579708091257
na2eebeb9f913ee2,0.11237069576307213
na2f13c233e9331b,0.7766756412073119
na31150680861d60,0.8391667847527278
na3152f6cb0e5a53,0.5724812243162817
na3280bde4398b7f,0.9754853337112087
na33752d6f97fa21,0.30877143262009354
na337ad1db77fd5f,0.8546124415473998
na361a2f7cad5b33,0.9693920929573473
na36318b006a7881,0.9713759387841859
na3763647c200412,0.9992914836332719
na388a9cd183d951,0.019413348448349157
na3c0142e98dd428,0.765622785886354
na3d8343513a480d,0.5765906192433046
na3e122a140096b5,0.9617401161966841
na3e817c4870bf7e,0.3498653818903217
na3f94c4bc10ceb3,0.30622077369987244
na3fc5a735885f0c,0.4038543290350007
na41f6ccc4a53101,0.9499787445089981
na425000f5468742,0.3858580133201077
na437bcd6c76332f,0.017712909168201785
na43daa3bed8a261,0.5152331018846535
na4482dc8fb79cac,0.6141419866798923
na451a4917726474,0.5921779793113221
na45672ccfffe004,0.06433328609890888
na469955eb6fc812,0.4731472297010061
na469acc300bd510,0.21978177695904774
na48a5bcdbb9e465,0.6501346181096783
na492109479e416b,0.14439563553918094
na4b62b49c6c032a,0.6607623636105994
na4c13e8e2217ee6,0.5546266118747343
na4c48de77508d7e,0.9842709366586369
na4d8b50475a36a0,0.2955930281989514
na4dd05dd6f1a645,0.5559019413348448
na4de591bb437220,0.6876859855462661
na4dfcb5d27ed3e7,0.5583108969817203
na4e53ba6c5c1ca9,0.9824287941051438
na4e84f47e9a0757,0.6158424259600397
na4fe66bc2d1272c,0.9419016579282982
na50122765d9a1e8,0.17287799348164942
na51419d11bca550,0.07949553634688962
na521a6a8b2b1e39,0.6888196117330311
na52345180505dc0,0.0476122998441264
na536c3f0dbd6d19,0.6147087997732747
na536dde58be642c,0.5532095791412782
na548e075a2411cf,0.5182088706249114
na56285eb6deafc0,0.5122573331443956
na56554ccab75fd7,0.47867365736148504
na568cd6fa77a368,0.04902933257758254
na56a8805bae2605,0.662746209437438
na56d47aad46e85c,0.43786311463794814
na575d3f63af4a0b,0.01657928298143687
na57efa4234a8b7f,0.8686410656086155
na583dac24eb47db,0.49241887487600966
na583e6e4771fd6b,0.4293609182372113
na586918737ebff6,0.7058240045345048
na58e3f90db6b9e1,0.1110953663029616
na5a7efd212dc21a,0.6573614850503047
na5a90c59b751b7d,0.45656794671956924
na5afc8ae69a12fa,0.6640215388975486
na5b333163912dc6,0.061357517358650984
na5b44d278dd5514,0.9297151764205753
na5b4c082756e8cb,0.5696471588493695
na5c38f5466f3f09,0.523877001558736
na5c610276ac0136,0.06815927447924047
na5d7a19958c8a3a,0.7307637806433329
na5db91f06e7a5e6,0.7463511407113504
na5e42c566400a8c,0.6801757120589486
na5e643bff0d2751,0.91696188181947
na5fba9c75d0993e,0.3939350999008077
na5fd020ba6c2527,0.8775683718293893
na5fde902475c951,0.637381323508573
na602e83313cfd44,0.7797931132209154
na6030dee2e4667c,0.21354683293184074
na613fb4b33b86b2,0.2591752869491285
na63b5cd910acebd,0.8639648575882103
na63c9b1db9fb230,0.533087714326201
na63cc7ef242a252,0.7928298143687119
na645ed49494e7fc,0.15927447924047045
na653ede57d1583f,0.6919370837466345
na658798ac743f12,0.08856454584100892
na659be8a346fa8c,0.3186906617542865
na66373737b0d7c6,0.5289783193991782
na66b17043359191,0.09168201785461244
na66bc99988b0572,0.5600113362618676
na67a65d8310294d,0.28794105143828824
na681a7e8a24876c,0.7092248830947995
na6b67e9f98a0317,0.2635680884228426
na6b702fa9a02632,0.7595295451324926
na6bfcb3a5b3552b,0.052997024231259744
na6c551075e4ff21,0.6257616550942326
na6d0a16df811c89,0.21482216239195126
na6d4b25c61f443d,0.41023097633555333
na6e3c3883a89fb2,0.08218789854045629
na6e52aa96009435,0.9980161541731614
na6f2bd7c95e7c58,0.32591752869491286
na6f8125f8f7f375,0.48930140286240614
na6f8f5ae2dcc355,0.7464928439846961
na70858eadb4ff75,0.2726370979169619
na70e3dc45b517ca,0.8044494827830523
na74b95bf763afbb,0.35992631429786026
na74da2068a8c323,0.8767181521893156
na74e63fad78b75e,0.790562561995182
na74ed964238a533,0.8616976052146804
na759e082122cf3d,0.28624061215814084
na767a5972b093d9,0.5824004534504748
na76acdfb0b37aee,0.4955363468896132
na770d6f34983e12,0.4449482783052289
na7717f879e0858d,0.09961740116196684
na7740d3e2c0cc10,0.7751169052005101
na77c66a6ed1c659,0.5632705115488168
na79c31fd8bee9f2,0.5046053563837325
na79e904609317f8,0.543715459827122
na7a16b47b770b12,0.5153748051579992
na7a2a03dc60d146,0.8961315006376648
na7abedd75a29255,0.5428652401870483
na7b1c3396100a77,0.5702139719427519
na7b2ff90870990d,0.036417741249822874
na7b396df7939e4f,0.9454442397619385
na7bbc37880d818f,0.9159699589060507
na7c465523626407,0.04421142128383165
na7c6d9303b5b23f,0.5991214397052572
na7ce02aaf68f22d,0.3120306079070427
na7d923a99074aa2,0.9716593453308772
na7dc59fad8b6a5a,0.6454584100892731
na7e37f1cd384e67,0.2586084738557461
na7fa4169ab2be66,0.6074819328326484
na7fb82cd95e56cb,0.7579708091256908
na80bb2dc212c366,0.48689244721553065
na80f1f311fc939e,0.012469888054414057
na839942306423bf,0.7729913561003259
na8477c95583130b,0.8217372821312172
na849e88e6f11807,0.9767606631713193
na84dc3ed1da2ca7,0.80969250389684
na84f07cab252502,0.41037267960889895
na8501074e71b864,0.8105427235369137
na8646ff942f68ca,0.07779509706674224
na868443590770d4,0.35340796372396205
na872c72e2768f5b,0.7605214680459118
na875d277091ea7b,0.9173869916395069
na87972c77f5670c,0.28567379906475837
na87fcd63d7f0fde,0.3451891738699164
na8807ae6e2eac4b,0.23777809267394076
na88a103a540f253,0.2924755561853479
na88b6891df55b0d,0.7109253223749469
na898ac8f8aa0fd1,0.29984412639931984
na89f881f8bc2ff8,0.08006234944027207
na8a813415ced197,0.47357233952104294
na8a958768934971,0.8167776675641207
na8af8589d89c5c5,0.5719144112228992
na8b343441095f56,0.053138727504605354
na8bc597db42539e,0.8475272778801191
na8c68916f9343eb,0.4442397619385008
na8d7906596cf0f9,0.9324075386141419
na8de087e114c393,0.7984979453025365
na8dff6af655428b,0.42015020546974635
na8e2d93d10c7dd9,0.8975485333711208
na9022025ef9c249,0.0158707666147088
na905a796061fb5f,0.6107411081195976
na9080c2605cee21,0.20093524160408105
na90b5bf94c8ee48,0.6675641207311889
na9188338782e568,0.07694487742666856
na922319981f6989,0.38812526569363753
na9298096941773f,0.4404137735581692
na94085eda1687d0,0.4806575031883237
na940bae8aa7e08f,0.949695337962307
na94c5ca4ed39c20,0.825138160691512
na94e4085202e227,0.385007793680034
na952cd38a440122,0.17840442114212837
na971db8c9191dc5,0.7320391101034434
na97c2a8b1960c28,0.7198526285957205
na985f6d0116572d,0.009777525860847385
na98c64daddff079,0.11067025648292475
na99ed73c37f5eb7,0.9285815502338104
na9a29232a871b1e,0.6026640215388975
na9b277d88459fd5,0.9727929715176421
na9e834005f0bd70,0.08048745926030891
na9f9d2d9f0ac16f,0.1646592036276038
na9fd2d06b7a54e8,0.7589627320391101
naa0af5f2578c84f,0.3780643332860989
naa0e6d5087e5d99,0.6848519200793538
naa0e9fd98a84fd9,0.3439138444098059
naa135341b8004e2,0.6463086297293468
naa14b66d35edcf2,0.24911435454158992
naa16d01ce1962fa,0.2132634263851495
naa2455498cb2082,0.3501487884370129
naa256cb5ed614c8,0.11222899248972651
naa42702159ff2b2,0.7715743233668698
naa5a584f3bf4551,0.2533654527419583
naa64bb05f12ddff,0.0026923621935666716
naa69c2a064ba846,0.2845401728779935
naa7132eed6eee45,0.9672665438571632
naa830da6bf840c3,0.20872892163808984
naa8ba3cb28ae5be,0.19526711067025648
naa8e897e9a5855e,0.14141986679892304
naa965aa9b0d9441,0.3141561570072269
naa9cf17c200ccad,0.673373954938359
naaa74777e431fee,0.2124132067450758
naab3b8881944bd5,0.9618818194700297
naab51da93daca84,0.7684568513532662
naaca52c9f8c18fd,0.3165651126541023
naadac614845f602,0.9056256199518209
naaf5b680c08bd23,0.7260875726229276
naaf87933e1aae51,0.7578291058523452
nab0f0d0b4120267,0.6783335695054555
nab1708433d701f9,0.4093807566954797
nab1c61d9cbf3399,0.7602380614992207
nab44932810be3e1,0.5118322233243588
nab4ba8d8a2713a4,0.4653535496669973
nab57ef6abb4b5b8,0.07014312030607907
nab5e4327d930770,0.7399744934107978
nab5fad00e7db191,0.0644749893722545
nab63bb50dc61eca,0.05498087005809834
nab8b22d4d9894fa,0.7497520192716451
nab8d3d41b982cba,0.26626045061640924
nab98f25c700746a,0.21949837041235654
nab9b6b524588486,0.5568938642482641
nab9db5c77c94564,0.24273770724103727
nab9fdfc0d78c6af,0.274054130650418
nab9fedcc8ef6605,0.07255207595295451
naba6fed2e4e3454,0.9261725945869349
naba794f5cf6189e,0.06674224174578433
nabc2b942a965036,0.01757120589485617
nabc6a4801157013,0.5088564545841009
nabcf47aeeb9ec9b,0.9060507297718577
nabe4fde391801b9,0.5816919370837467
nabe5b90501b353b,0.3321524727221199
nabea33d0b3ef282,0.24925605781493554
nabebf2a035b2647,0.27433753719710924
nabf39bfdec09bc4,0.24160408105427236
nabf6cd2be06a6ab,0.2153889754853337
nabfa13a3396eba0,0.8326484341788295
nabfa61b11585cba,0.6845685135326626
nac048d4b5270391,0.973218081337679
nac09b43abcf29f5,0.11265410230976336
nac0a000a832a5f4,0.6339804449482783
nac0b5a9dcc47310,0.5782910585234519
nac0e8114bab7744,0.29389258891880404
nac12ccda4e3b0af,0.06971801048604223
nac1685116a67a9f,0.9587643474564262
nac1a4d1091c682f,0.04931273912427377
nac1d68deebc1f26,0.3916678475272779
nac1f20ede92486c,0.4436729488451183
nac387774045437b,0.18279722261584241
nac4e00dd743f9b0,0.014170327334561429
nac5418e7ac29321,0.170469037834774
nac5818e0b984134,0.9053422134051297
nac5b46284cc9c7c,0.486042227575457
nac65851fc1a4da6,0.4236927873033867
nac700ac64fd81c6,0.19470029757687402
nac7a6d2ef39b6fb,0.2540739691086864
nac7dd28ccfdef94,0.5464078220206887
nac7fadb3df2b922,0.11832223324358793
nac9a882aad7e865,0.06178262717868783
naca1d0b1745fbd8,0.11973926597704407
naca948a4bfecae2,0.4849086013886921
nacadb0b9fa03462,0.33838741674932693
nacc198a98a93d2e,0.6052146804591186
nacc80f64d3a292c,0.27136176845685134
nacca41e747f39ba,0.7847527277880119
nacce251ca9e3541,0.45585943035284116
nacce38e28920a0e,0.30126115913277596
nacd49742ab050f0,0.41788295309621654
naceb72ae98f9fa3,0.1934249681167635
nacf42a8cb338840,0.9227717160266402
nacfa12e0159b240,0.42992773133059375
nacfcf16e6dac539,0.5017712909168202
nad04aa2d5c5d477,0.2529403429219215
nad05fbe8567aef8,0.8761513390959331
nad0d791a4c55a68,0.3966274620943744
nad10b3798f4ff96,0.035567521609749186
nad1302c0455ce33,0.05710641915828256
nad22c0b793d133c,0.05186339804449483
nad36368aa2a497c,0.442681025931699
nad44630c716aca3,0.3304520334419725
nad4f38a0eb86e8b,0.5495252940342922
nad5776d59fda2ad,0.2877993481649426
nad6c48889c05ca5,0.1745784327617968
nad6d66899c81898,0.5203344197250956
nad7511a9a3165b2,0.8748760096358226
nad783d31e2a6a50,0.2350857304803741
nad7ff83791145f3,0.2614425393226584
nad847fbf7fa4066,0.5200510131784044
nadb138ad14a5d8a,0.27915544849086016
nadb5ccfd3a1ca90,0.8864956780501629
nadc04ea99eba10d,0.24628028907467764
nadc41e1091f1b8f,0.7742666855604364
nadd72ebc0310988,0.07212696613291766
naddd3210501d827,0.256057814935525
nade429a0b33515f,0.2710783619101601
nade8411d38c3fc7,0.28128099759104436
nadec592d89f5620,0.2621510556893864
nadf1707b756584f,0.598838033158566
nadf1b4968954448,0.47002975768740257
nadff4c0fd308785,0.5860847385574607
nae015f5c631e2b9,0.8028907467762505
nae0806be6945f8f,0.5214680459118606
nae0d1e88883bd15,0.3460393935099901
nae0fbd6f5c9e0a5,0.49000991922913417
nae181fbc447d491,0.8466770582400454
nae222e2eaf10e41,0.42695196259033585
nae25ec9dea80d64,0.9508289641490718
nae306bda3c2af74,0.6128666572197817
nae4691b6af22984,0.5619951820887062
nae48e47621af12f,0.7569788862122715
nae5a68c25248760,0.4219923480232393
nae5c64ab9fa2677,0.14637948136601955
nae5f8dd1e853fd2,0.15034717301969674
nae64cf896281682,0.2210571064191583
nae65c7f2de1ece7,0.0014170327334561428
nae821729ce0676e,0.789145529261726
nae84455cdc249a4,0.878418591469463
nae84a9d890465a8,0.29460110528553207
nae8530934515319,0.4554343205328043
nae89e350e6b99cf,0.11520476122998441
nae8b872f61a989e,0.8774266685560437
nae952d1540997fe,0.6508431344764064
naeaf99eb2fe050a,0.5053138727504606
naec0247ccb40e89,0.9416182513816069
naecf839f8c719ce,0.8106844268102593
naed31cf3a65ebc1,0.6543857163100467
naed33307fd82c48,0.6421992348023239
naed94945b7c4876,0.9447357233952104
naedfa8955415d46,0.06900949411931416
naeed88ee2ecff2a,0.36857021397194273
naf0d6d14b08cd01,0.048462519484200085
naf176b277927775,0.0734022955930282
naf1efcd113c7b7e,0.8571631004676208
naf3e82ccb67e996,0.05427235369137027
naf5cb6b06afefa2,0.3440555476831515
naf639ff23871308,0.6567946719569222
naf6e47754c30c99,0.9027915544849086
naf77d68643c086a,0.5163667280714185
naf7ce1b3fa9e173,0.19385007793680034
naf824b6b3ac0acf,0.8662321099617402
naf846e5f9374438,0.8094090973501488
naf883ce42c62b52,0.672665438571631
naf9ac853ae58e61,0.8918804024372963
nafafcfa213a21d3,0.27164517500354257
nafb3351c2cc68a6,0.5335128241462378
nafb945819f99621,0.04577015729063341
nafc0936877ac357,0.2644183080629163
nafd0b3a8904bba7,0.16239195125407396
nafe1c645b0a0180,0.2699447357233952
nafe9b69938f4add,0.9341079778942893
naff084d7379777b,0.8954229842709367
naffd299ccb5a0bb,0.48476689811534646
nb00291264e912ac,0.4336120164375797
nb0052af5937ef49,0.26257616550942325
nb007fce550e913b,0.4594020121864815
nb009b878ed3705f,0.8944310613575174
nb01226111cbda6f,0.7114921354683293
nb01a7729cdb8d64,0.476122998441264
nb01b6378b48a8de,0.0884228425676633
nb02153c2ba4ebc7,0.24174578432761798
nb036bdaa2c1729b,0.7216947711492135
nb03b9fc86cd2ebb,0.7907042652685277
nb0405ca538a2766,0.28949978744509
nb04943f92383add,0.3417882953096216
nb04ea057272547c,0.8098342071701856
nb05a1aeb29ae1f9,0.7352982853903925
nb0615fb6155d140,0.6450333002692362
nb0663e81b4d69a1,0.08204619526711067
nb06feb4dd71045f,0.09012328184781068
nb07400473dbd4f6,0.9244721553067876
nb0757da06985733,0.48264134901516226
nb076e2ef0c40580,0.71050021255491
nb07733c66ae50fc,0.7078078503613433
nb07f152a647a742,0.3005526427660479
nb097cea11665304,0.5070143120306079
nb0a138303daed2f,0.7622219073260592
nb0a90cbffdfea06,0.6278872041944169
nb0afb1a2ee6efad,0.5254357375655377
nb0b5a1def732b71,0.2607340229559303
nb0ba368db71e730,0.4069718010486042
nb0be77118c6f4d9,0.48788437012895
nb0eb66bf34b0a2d,0.3090548391667848
nb0f2c2e3bf87e84,0.13362618676491428
nb0f8c8f385879f9,0.7371404279438855
nb100bc702223f8b,0.6814510415190591
nb107f98dcecf3bc,0.40158707666147087
nb109312832d5afc,0.5649709508289642
nb109a6b99b123b6,0.5751735865098484
nb10c5d5a87f421a,0.4385716310046762
nb1133b100102037,0.680742525152331
nb1283e101aa07a9,0.031883236502763215
nb12aec3ea063c05,0.3920929573473147
nb1385dec251d1fc,0.7800765197676066
nb13c892ff232fd7,0.18265551934249682
nb13fd5f532ede54,0.8325067309054839
nb1481b02d06c1d8,0.9597562703698456
nb1489b13d1544a9,0.06886779084596854
nb170b1cedd741bf,0.46917953804732887
nb176d4a6ee33110,0.422842567663313
nb17c0ed1de0353a,0.8275471163383874
nb182a51c0c871aa,0.646592036276038
nb190ad9430e3701,0.5978461102451467
nb1999b6a53ed2bf,0.6369562136885362
nb1a5c7d406d84c4,0.8992489726512682
nb1a840509f05cd2,0.28198951395777244
nb1a9e1d0d7d2b1e,0.828822445798498
nb1b4fb6c30a1eb6,0.0018421425534929858
nb1b60d77d1e250b,0.29899390675924614
nb1cbbfc8384fc46,0.9649992914836333
nb1d04d6630d3f7a,0.5720561144962448
nb1ecf79efe907d2,0.2527986396485759
nb1ee69dd3e7881c,0.8607056823012612
nb1ee9c6ca3689f0,0.5655377639223466
nb1f0023089b31d3,0.18308062916253365
nb2092a83ee2b9cf,0.15516508431344764
nb20ecc461275243,0.15714893014028625
nb212f7abc4830cf,0.08105427235369136
nb2135797de6b22d,0.38302394785319543
nb217bbef54dfbaf,0.6688394501912994
nb220794e90b4603,0.9284398469604648
nb2261dac58e3339,0.4207170185631288
nb227d6de49831e9,0.5235935950120448
nb2286daf2396432,0.43120306079070425
nb2304b96a5251f8,0.8417174436729489
nb235c2b0025f2a4,0.16650134618109677
nb236a85214a578d,0.2679608898965566
nb23d233a9b4592f,0.19229134192999858
nb23e666ba0e9f63,0.09182372112795806
nb24f27efb1aa469,0.19810117613716877
nb24fff348a00554,0.3203911010344339
nb25b83928154b2c,0.8163525577440839
nb25ca02c08fe4b3,0.7425251523310189
nb25d660390b6055,0.6852770298993907
nb2644885a7307d3,0.6750743942185065
nb2702581032b20b,0.6334136318548959
nb271823ef7ab0e2,0.8860705682301261
nb2782edd1fbed25,0.4674790987671815
nb278954c0dd2cd2,0.7035567521609749
nb27d379681482b2,0.23140144537338814
nb27e4b5c3f3f769,0.4279438855037551
nb28411413bd5a16,0.15828255632705115
nb28e1c46dd904a1,0.49879552217656226
nb29823828b35044,0.37126257616550945
nb2a4e63369d6dda,0.7778092673940769
nb2b287bf5879470,0.1519059090264985
nb2b98f02250c009,0.05271361768456851
nb2be5f652fdca42,0.5116905200510132
nb2c209a97ed0907,0.7055405979878135
nb2c8a54b57b9d41,0.008077086580700015
nb2c90c321585375,0.16409239053422134
nb2d0636e8e59256,0.229984412639932
nb2dafb867a67989,0.5775825421567238
nb2e3ab7032f7cc6,0.8568796939209296
nb2e8938c389bb1e,0.21340512965849512
nb2f2420086557e9,0.9032166643049454
nb2fb3baa4dcedfa,0.7065325209012329
nb308f239b0f57bd,0.3366869774691795
nb31be479f62714c,0.8540456284540173
nb32a566fae6280a,0.6083321524727221
nb3363b35058a0d9,0.1429786028057248
nb33b58f1d5b29d7,0.988238628312314
nb356b8564c1da9a,0.5034717301969676
nb35a1b88025c164,0.4895848094090974
nb36b1e78a9b598e,0.24500495961456709
nb3764dec7ee5614,0.9788862122715035
nb37a37f5acf8961,0.0119030749610316
nb37ea476e156873,0.079353833073544
nb38edec6d9e7788,0.5099900807708658
nb390abf366aca4d,0.5943035284115064
nb396e8d40fc2d89,0.9403429219214964
nb3991d46d393e20,0.4739974493410798
nb3a27cae618bac0,0.761938500779368
nb3bc95c59549a59,0.43347031316423407
nb3bcf78cc53817a,0.8132350857304804
nb3c268537305f6b,0.6020972084455151
nb3c7290141ec47c,0.9838458268386
nb3cd352fbaa19b5,0.6362476973218081
nb3dd0c6385a6b95,0.660904066883945
nb3e4146d97114e8,0.5634122148221624
nb3ec4d03bf4e671,0.07581125123990365
nb3ed827e97302e9,0.8283973359784611
nb3f5804f13c3392,0.04747059657078079
nb40db764b6a8d27,0.1975343630437863
nb410123a390fd02,0.890888479523877
nb4179dca92e1c56,0.7765339379339663
nb427c5d9414c982,0.20603655944452318
nb4298280dd9e022,0.9706674224174578
nb42c3d04f69519a,0.23791979594728638
nb438dda56655e61,0.2233243587926881
nb444eabf866ac3b,0.6956213688536205
nb445c6dbe42853b,0.4456567946719569
nb450361676b98b3,0.6767748334986539
nb456fd7f23302b5,0.6440413773558169
nb45818c5f8dc787,0.25945869349581974
nb45a2ef4750b57e,0.7493269094516083
nb46529381d517a5,0.7019980161541731
nb468374ba552aab,0.6380898398753011
nb46fbca7883950f,0.05285532095791413
nb48df7c406ec965,0.8162108544707383
nb4905e65fbf063e,0.6868357659061924
nb49606c8c26bbc0,0.5055972792971518
nb4a60151a0a80d6,0.33697038401587076
nb4adae2866ed05d,0.5894856171177554
nb4afc60f2c58a64,0.3857163100467621
nb4b222efb712d76,0.5748901799631572
nb4b551584ac2799,0.9148363327192858
nb4b5db17c556e0f,0.4195833923763639
nb4bc1b42af1ddf2,0.11648009069009495
nb4bf99b43262028,0.7283548249964574
nb4db279ab22b8c9,0.26186764914269517
nb4f353ae7592f12,0.90888479523877
nb4fe74ca1aef7aa,0.2411789712342355
nb509b46df60caee,0.5947286382315431
nb5122a24969c0c8,0.22204902933257759
nb518af0124c803e,0.614992206319966
nb51be12e914ede7,0.16097491852061782
nb529efbde08ffa3,0.9399178121014595
nb536e90ab4d76da,0.7863114637948136
nb539425741cb319,0.4158991072693779
nb54574353fcc40c,0.7267960889896556
nb55228316aafa47,0.8838033158565963
nb55854f3ff1107c,0.6926456001133626
nb561ac93165e443,0.5038968400170044
nb568c8c6e356ca9,0.44310613575173585
nb572b19b3b194f5,0.04633697038401587
nb57a77b098480db,0.513957772424543
nb57ecc2783d0f6a,0.34292192149638656
nb58005d6d3415b3,0.10273487317557035
nb589d4c01278513,0.49270228142270084
nb5a6c2c218f8cce,0.3225166501346181
nb5ab8255f224f1e,0.2682442964432478
nb5aee7da9529b69,0.09338245713475982
nb5bf44fd311b110,0.4985121156298711
nb5c995bf2b29743,0.804166076236361
nb5e69c857f679bb,0.9532379197959473
nb5f495b60c17b3d,0.7508856454584101
nb5f7c3815475e6c,0.38061499220631995
nb6074f667884fee,0.6307212696613291
nb6153ae2c7a7b6c,0.34646450333002693
nb61d908e3177a5c,0.04279438855037551
nb6223483a3dae60,0.8249964574181664
nb62755cb6cf8764,0.18789854045628454
nb62d9a90dd50249,0.6492843984696046
nb6307ec777c1e90,0.7999149780359927
nb6343926ff8ed84,0.944877426668556
nb6354333381e8c8,0.7018563128808275
nb6401b3d63e8510,0.4124982287090832
nb6405eedddd20ac,0.898965566104577
nb64f343a9a2729a,0.3736715318123849
nb651d608da85bd3,0.9577724245430069
nb6523cbe012c7e2,0.3290350007085164
nb66353db8be8db7,0.44466487175853764
nb665cff783725b1,0.15233101884653535
nb666e76a5ac2403,0.28709083179821454
nb66814cb83c273f,0.5398894714467904
nb671d43073b2442,0.5291200226725238
nb680cb1ed2f5546,0.2600255065892022
nb68adbf8f3f8fb2,0.5587360068017572
nb68f33f4669769c,0.48377497520192714
nb6945d6627688e5,0.15913277596712483
nb6ae3567560adaa,0.5009210712767465
nb6b481910626afd,0.02451466628879127
nb6b93d77d410a9c,0.32124132067450756
nb6bd9f3b06b46ae,0.5194842000850219
nb6c1e466185707c,0.32889329743517076
nb6c7e481e72f3c0,0.6820178546124416
nb6d6fc7225f9af9,0.9624486325634122
nb6f5fc32a5b919f,0.8663738132350858
nb70b94192d44c2d,0.11619668414340371
nb71a296b87fc314,0.30409522459968824
nb71bc499124886b,0.36290208303811816
nb72598a8f508fef,0.3097633555335128
nb72716b3b220476,0.6317131925747484
nb72f9b7262b063c,0.02848235794246847
nb73028e4c32321c,0.022955930281989514
nb74623a65886240,0.24330452033441974
nb74a5fa8cce1f63,0.49284398469604646
nb74fc940eb58b71,0.6121581408530538
nb7566c2ffdfc34e,0.1755703556752161
nb75736fd7472607,0.2598838033158566
nb75ac8cc1928aec,0.34462236077653396
nb761e312fce2cdd,0.18959897973643192
nb7678250c1a9065,0.64361626753578
nb767abbb1f39ecc,0.12044778234377214
nb77c7a59f5bc4d0,0.8934391384440981
nb7897390f421207,0.5917528694912852
nb78a970b8514cfe,0.3582258750177129
nb78ac0454f035d6,0.8266968966983137
nb790398673c0e0f,0.1051438288224458
nb79164a2c681aad,0.972084455150914
nb794a823879c12d,0.4688961315006377
nb79627f62ec1fe1,0.497803599263143
nb796a79cc8dca89,0.1555901941334845
nb7a3c3cc6a38126,0.008927306220773699
nb7b13cca6408d7f,0.5950120447782343
nb7b838942ca72f3,0.6556610457701573
nb7bb80f1ce651bf,0.9939067592461386
nb7dcab278fcee25,0.3825988380331586
nb7ddd96c8a7b1e5,0.8876293042369279
nb7de1fbe303147c,0.3946436162675358
nb7df661dceacb42,0.6902366444664871
nb7e929f84cba192,0.3729630154456568
nb7f8b6def3445fa,0.24826413490151622
nb7f90f56d071767,0.595862264418308
nb7fc28bedf15892,0.24443814652118465
nb814058d61d487d,0.20008502196400738
nb82c0db51220408,0.03599263142978603
nb8354191f92d7bc,0.3424968116763497
nb844805ac0b3a82,0.41434037126257617
nb8469cfe9f55afd,0.6006801757120589
nb84882929b8ac17,0.521326342638515
nb85ae090775b049,0.6318548958480941
nb85d4a340e5f2a4,0.5094232676774834
nb86e07e3903c16b,0.5030466203769307
nb87a9283a24bbc9,0.08459685418733173
nb88592ff27dd55b,0.2919087430919654
nb891a88892850ce,0.347173019696755
nb8a21070908afc2,0.5814085305370554
nb8b500b08fb2cae,0.2980019838458268
nb8b8dee3e883dfd,0.16777667564120732
nb8bf98f02650dcb,0.5019129941901658
nb8cb340cb32e1d4,0.3167068159274479
nb8d904d18113e15,0.9162533654527419
nb8d9c6ef32bdcb2,0.8377497520192716
nb9190294dfa31b8,0.7540031174720137
nb91ab9988e2884d,0.16947711492135467
nb951451e2045559,0.2114212838316565
nb964d12e51a39ec,0.3022530820461953
nb9655558ea80e00,0.5140994756978886
nb968d971e08f8c3,0.4377214113646025
nb978665006dda35,0.285815502338104
nb994494ecc69dd9,0.9518208870624911
nb998f2ad8799af4,0.7972226158424259
nb99c4b056db2e97,0.7568371829389259
nb99d8d63e31fa7b,0.8150772282839733
nb9a68e0373da52b,0.5063057956638798
nb9a6ef30e61fcc7,0.8505030466203769
nb9ac729ff8a18f8,0.557318974068301
nb9ae2da22591375,0.6205186339804449
nb9b1421c0e82e89,0.5772991356100325
nb9c2931a80d516b,0.7249539464361626
nb9c8b578300fc2f,0.7082329601813802
nb9d0fdf38dbde84,0.6084738557460677
nb9e88d063b386d4,0.6947711492135469
nb9ef84aaf2193d9,0.8492277171602663
nb9f0911f6aea371,0.355250106277455
nb9fd6e634c819d1,0.9941901657928298
nb9ffdc2244b9442,0.48986821595578856
nba0320cbbfd1290,0.3016862689528128
nba061ac865085f9,0.06263284681876151
nba0939dd9e34bb3,0.7386991639506872
nba0a4164ded5d15,0.22360776533937934
nba19686da9ed1ed,0.2003684285106986
nba1e73c86239169,0.43871333427802184
nba24c1edb1a620b,0.4317698738840867
nba35f4120c60488,0.15218931557318974
nba36aa944404bfe,0.24670539889471446
nba47e290cd96c1c,0.6370979169618818
nba5114a2862b0be,0.6794671956922205
nba5d9b86f853532,0.34192999858296724
nba608901dad3e8e,0.8000566813093383
nba623ddf747add4,0.3277596712484058
nba69e8c05c3e527,0.8914552926172594
nba72e783c44b51e,0.8808275471163384
nba82c0a28e7a86d,0.9117188607056823
nba910b9e8239604,0.6291625336545275
nba94ab8882c1d5f,0.9798781351849227
nbaa35e34c60ebf8,0.017854612441547398
nbaa9a03bee50775,0.24854754144820745
nbac25f115c96414,0.010486042227575458
nbacbf3ee9037659,0.47739832790137454
nbad1ba33400a50e,0.41618251381606913
nbad7f5f81f97acd,0.09678333569505455
nbae4e7650ba4a18,0.5261442539322658
nbaec4482348e0fe,0.7525860847385575
nbaf7a29acecb0a5,0.34887345897690236
nbafe957fa767c7d,0.6037976477256625
nbb1344c07450a08,0.771149213546833
nbb203ec93022358,0.8422842567663313
nbb25e7c0b3d7fb7,0.17330310330168627
nbb2d9bbe1478c72,0.1390109111520476
nbb43aea4831fbe1,0.26030891313589344
nbb47fac348753ed,0.8581550233810401
nbb58ff61feaa587,0.9427518775683719
nbb6e7bc98c746f7,0.8910301827972226
nbb72d52a75ea8d5,0.86042227575457
nbb79858bd1324ee,0.5401728779934817
nbb8169f69c250d5,0.30296159841292336
nbb82a5d707c3fc6,0.8118180529970243
nbb8c7d804bb1aa6,0.7731330593736715
nbb9470cc11a1591,0.8367578291058524
nbbadde2fdfe6b9f,0.2665438571631005
nbbb3791420837d6,0.6035142411789712
nbbb6be2291e8542,0.1408530537055406
nbbc7b22f573959f,0.6699730763780644
nbbd67c2e544bc3e,0.48037409664163244
nbbd96a90589982e,0.34958197534363045
nbbe0ac53bf7c300,0.6379481366019555
nbbe19f72645b7c4,0.2780218223040952
nbbf2f3110471d61,0.09154031458126682
nbbfe4aebade9f7d,0.7426668556043644
nbc0b83951d40fc6,0.9695337962306929
nbc1368e4d935772,0.46691228567379905
nbc1762be4903766,0.5376222190732606
nbc1db30fd6f7c82,0.4722970100609324
nbc1e7a0d92022e8,0.6424826413490151
nbc305952f54e20c,0.3641774124982287
nbc370f7512fbe40,0.3590760946577866
nbc37ca211796cdb,0.31373104718719
nbc427ff336f8d04,0.9608898965566105
nbc4a601dda53ae2,0.5104151905909027
nbc595362a23ef96,0.6779084596854187
nbc64d9e05c3c87c,0.6505597279297152
nbc6f49964ccdea1,0.47371404279438856
nbc897d9a945538a,0.3909593311605498
nbc99a6074dcad9b,0.6280289074677625
nbca65d15cc00086,0.3609182372112796
nbca71ce2f32173d,0.02338104010202636
nbcac4e0c81f1d9d,0.9678333569505455
nbcb6de082f54aab,0.2610174295026215
nbcb728d880dd4e0,0.32988522034859
nbce5a74b2810ece,0.3640357092248831
nbced482a5b8e1af,0.9994331869066175
nbcf33d934dfe168,0.5184922771716026
nbcfe2e3500446c8,0.3048037409664163
nbcff3c7bfe45dfe,0.5260025506589202
nbd07a9f5fcd9b68,0.5029049171035851
nbd17771c0d05502,0.3035284115063058
nbd17cabf785b220,0.5439988663738132
nbd1dc966db63c45,0.9229134192999858
nbd23042e2c3500f,0.4921354683293184
nbd2505aec8b3970,0.010202635680884229
nbd256d13a36cb54,0.5842425960039677
nbd521c8750d0816,0.5473997449341079
nbd5503058ffd022,0.6327051154881678
nbd57fa32f530843,0.31897406830097774
nbd60bec4269bade,0.4344622360776534
nbd6c93435d1f552,0.5071560153039535
nbd74ad24dc2998c,0.771857729913561
nbd76dd25c7ca798,0.043928014737140426
nbd77ea0766b17bd,0.3001275329460111
nbd7a3ce34a09d2b,0.9871050021255491
nbd7ef436958a7d2,0.53634688961315
nbd8c3ebd2edc1f4,0.6399319824287941
nbd8d8bcc9f9e35b,0.5544849086013887
nbd8e155d8caa450,0.6942043361201644
nbda94fae7c1ff36,0.8719002408955647
nbdaf17586ce4d50,0.6514099475697889
nbdb6a22bdfece1c,0.06759246138585802
nbdc8ba52a6862cf,0.4755561853478815
nbdca5431801a215,0.5595862264418308
nbdce445d3eb2874,0.7541448207453593
nbdcfae5c4ac71e7,0.8988238628312314
nbdd286e7d165c13,0.5835340796372396
nbdd2bff8b019b0f,0.09352416040810543
nbdd783b24e4eb27,0.5394643616267536
nbde18eccd9bce0b,0.8317982145387558
nbde34e7f675866e,0.8354824996457418
nbde6fdd0bca7e6f,0.650984837749752
nbde837b13a5177d,0.5325209012328185
nbe0cc46def20e65,0.8334986538189032
nbe0df443b52f159,0.12257333144395635
nbe0edb9be0dd0f7,0.018279722261584242
nbe23a50dfb7fcd7,0.5585943035284116
nbe24215b9731f04,0.9362335269944736
nbe2a7afb6682a89,0.6708232960181381
nbe34c23be980a44,0.5343630437863115
nbe3c7ea6cecd6e0,0.9970242312597422
nbe4151321730a5e,0.8360493127391243
nbe58fb021c5708a,0.9562136885362051
nbe5d449d857660e,0.061924330452033445
nbe70dd4699e540a,0.7882953096216523
nbe863235d14cec8,0.3878418591469463
nbe9230bc5c74da3,0.39110103443389543
nbea61911265a11e,0.27518775683718294
nbeb15c934d65caa,0.23466062066033724
nbeda9904b90a024,0.2681025931699022
nbee299b3b71f0d2,0.09593311605498087
nbf0cb41d10e50cc,0.4764064049879552
nbf181b2f5d7fd47,0.04123565254357375
nbf3681b7e74018b,0.3957772424543007
nbf386cbbdd967e6,0.3256341221482216
nbf39ad8c44b1e49,0.6536771999433187
nbf3dd939f59789a,0.1419866798923055
nbf44a310b6f273e,0.47144679042085874
nbf49b2c654e8710,0.18917386991639507
nbf5c10ee191262e,0.37055405979878137
nbf75cc13a07661d,0.12228992489726513
nbf76264e7a3d1e8,0.6835765906192433
nbf79c9ba98f09de,0.5054555760238062
nbf8d0cef922fe61,0.22304095224599688
nbf9a085f78c9616,0.5206178262717869
nbf9afa25cb631b2,0.7734164659203627
nbfaf03919dff63a,0.6891030182797223
nbfb4d7129f026bb,0.36743658778517785
nbfd72eca4a44bdf,0.6922204902933258
nbfd9c29297f726d,0.31387275046053564
nbfde0fec818d78c,0.6995890605072977
nbfe4156e63955d9,0.8996740824713051
nbff4d3d45280732,0.27674649284398467
nbff9ede5cd8fe37,0.7749752019271645
nbffd45a534444bf,0.6787586793254924
nc0022caf8003ba1,0.11633838741674933
nc01663a3e3b0447,0.1679183789145529
nc0167be8f1489d1,0.9172452883661613
nc0223cfd0682b13,0.9679750602238911
nc0279e9c9c261bb,0.4880260734022956
nc02fb6903560233,0.3536913702706532
nc0366be8889a349,0.6420575315289783
nc04dfdd5e24c6ba,0.6813093382457135
nc0520f006fdc9c5,0.03996032308346323
nc052b716b4288bb,0.623069292900666
nc068e0ea8851554,0.06702564829247555
nc06cec5003bfae7,0.42610174295026215
nc070457eeee9be1,0.06631713192574748
nc089a125edbc344,0.9407680317415332
nc0a486beaeff0d6,0.16012469888054415
nc0a7b7b1e065af1,0.5417316140002834
nc0b0c2a47367407,0.9176703981861981
nc0c388d25b30438,0.23125974210004252
nc0c7f17389c1fbb,0.7667564120731188
nc0cac66a79a081a,0.7255207595295451
nc0d940d4de64728,0.46081904491993764
nc0e5ed6cfebca6b,0.5791412781635256
nc0ed1eb6f01685d,0.45004959614567097
nc0ed9a4c3504962,0.6900949411931415
nc0eeb7e3eef2c78,0.07326059231968259
nc0f46f6b9e7769e,0.3477398327901374
nc0f48b91c097ecf,0.6135751735865098
nc107326d4ebc782,0.5172169477114922
nc116feb8971de61,0.8700580983420717
nc12e5b868e878c7,0.8109678333569506
nc137cfc2b1404ab,0.9274479240470455
nc13cfa6f7806e0c,0.27731330593736714
nc1424fc436bef24,0.7250956497095082
nc14e734a9caacce,0.013745217514524585
nc15d4a92ea8492a,0.9800198384582683
nc169cd3ab6d4a84,0.9725095649709509
nc16cea831ae4fe0,0.5887771007510273
nc16d67130e665b1,0.5731897406830098
nc1752c7c810dfef,0.2261584242596004
nc1863e4ac262944,0.9131358934391385
nc18a7a6d3fb24cb,0.7205611449624486
nc19b6765966c6a4,0.9570639081762788
nc19d3a985ce48f9,0.9247555618534788
nc1aa5c28982f3bc,0.2792971517642058
nc1c6447f4818b8a,0.533796230692929
nc1c689d764eb2e1,0.7702989939067593
nc1e2e44b188f49b,0.2815644041377356
nc1e7aaec63cd2c3,0.9216380898398753
nc1faeeb1e203614,0.1538897548533371
nc1ffc90e2b4c690,0.7228283973359785
nc21526f84e5765a,0.007793680034008785
nc21586fcb991461,0.21071276746492845
nc21db03acffd71c,0.8619810117613717
nc2249f902ff1e15,0.6226441830806292
nc2338e83430c056,0.8794105143828822
nc233d74db9a2367,0.5899107269377922
nc2428b16ff26303,0.4948278305228851
nc24da84bbd11a2d,0.3799064758395919
nc25e370b3150366,0.6059231968258467
nc26cff2da2fa06b,0.9888054414056965
nc275155172cc60c,0.22899248972651268
nc27c7c241029888,0.6669973076378064
nc28a06bda1555b5,0.45727646308629727
nc293ee22f56fc54,0.20121864815077228
nc2a770ac0f5463e,0.05129658495111237
nc2abc8d5d635152,0.13858580133201076
nc2ac6e6409435ae,0.4391384440980587
nc2af409d7b2843b,0.25223182655519344
nc2b05cd58373f01,0.7950970667422418
nc2b886637a8b4c6,0.7858863539747768
nc2c2b3c6904a11f,0.3650276321383024
nc2c7d1b240186f6,0.4989372254499079
nc2d2861238f4ce7,0.8682159557885787
nc2d3b715541c877,0.3512824146237778
nc2e6828e254fd80,0.3125974210004251
nc31c585424f11d9,0.6754995040385433
nc324581cd292b3c,0.5458410089273062
nc324c87bcaf72f3,0.7523026781918662
nc32898f1c0d3c82,0.9977327476264701
nc32dd10752fb839,0.7034150488876293
nc32ef7fb28f3c7d,0.9563553918095508
nc334bb52efd71d3,0.5078645316706816
nc3477e2b2da3c9c,0.7481932832648435
nc34dd8a5681868f,0.10826130083604932
nc3525dc4d996cea,0.35624202919087433
nc3566d5773c52c2,0.7187190024089557
nc36f01ae21ef87b,0.5880685843842993
nc373db8d3b480d8,0.8516366728071418
nc37479190cf4648,0.007226866940626329
nc378bdf457dbc31,0.6406404987955222
nc37acf3ce643d28,0.2927589627320391
nc37af0f769e6016,0.5211846393651693
nc386e899894ffd8,0.9009494119314156
nc38c6fd9f27e910,0.6879693920929574
nc38e06adc397978,0.4636531103868499
nc39d0e9088b071b,0.5486750743942185
nc39da0780871a99,0.8451183222332436
nc3a059dd1aadc07,0.706107411081196
nc3b0cf86c8cf3a3,0.30593736715318126
nc3ba817adc9a537,0.8315148079920646
nc3c797ec01df2e8,0.6957630721269661
nc3d7d3d26edf4e5,0.800906900949412
nc3da1ae30fe3c86,0.8595720561144963
nc3f478bed67792a,0.14467904208587218
nc3f496c1d5773fa,0.9036417741249823
nc3f672bb653ff9e,0.037126257616550945
nc3f94a2a6c2469f,0.4629445940201219
nc3fa937b4ecbe44,0.20107694487742667
nc4023a4317c673f,0.20972084455150913
nc4276a27051ddad,0.6631713192574749
nc427f5edb35d078,0.0862972934674791
nc428aec7ff8e2a7,0.34660620660337255
nc42e272a465a827,0.07056823012611592
nc43714a4c44088e,0.7415332294175996
nc4471652c40bafe,0.7045486750743942
nc452e3a6d4f610f,0.9709508289641491
nc45cd70c5cafb36,0.21595578857871617
nc45f4089524c18f,0.16040810542723538
nc4661641758c559,0.815218931557319
nc46fdc1e45c35d2,0.9178121014595437
nc47231e59220a21,0.8033158565962873
nc47648fd6a12290,0.4395635539180955
nc48e3da48ed0475,0.2866657219781777
nc491fd9b1f1d468,0.04647867365736148
nc4ac3c8dbf7666e,0.25818336403570924
nc4ae7f714fabce9,0.31486467337395496
nc4bd227af573b88,0.2309763355533513
nc4c32d9ebe54372,0.30281989513957774
nc4c4719b7ec754b,0.7775258608473856
nc4d505f4d383f6e,0.15629871050021255
nc4dbb93b7505010,0.3311605498087006
nc4e1c3ad23f2e8b,0.9610315998299561
nc4ebb50f62240ed,0.48462519484200084
nc4eca5827e6976f,0.9291483633271929
nc4f3afb17506053,0.35850928156440415
nc501488dce6f78c,0.5050304662037693
nc505fb8e1277d1c,0.7661895989797365
nc51001c8bab342b,0.6939209295734732
nc52ee92cda87374,0.9712342355108403
nc53110e4ff7d2f7,0.674507581125124
nc5318c12b13adaf,0.6355391809550801
nc53df32851ec5c5,0.48334986538189034
nc5470f64296cf54,0.8116763497236786
nc54fccf5d3c4496,0.8825279863964858
nc55d9455e9ea3bf,0.5853762221907326
nc565b70b8356108,0.5498087005809834
nc57147484996cbe,0.1299419016579283
nc58d5e5c5e88603,0.4174578432761797
nc59c15a69b51639,0.363327192858155
nc5bc32eea41643d,0.35454158991072693
nc5bc83513cc9e9c,0.441972509564971
nc5c93be5ee088da,0.9363752302678192
nc5df1bede56e00d,0.3708374663454726
nc5e45e7b7d6ab65,0.07864531670681593
nc5f0c139ba18037,0.28028907467762504
nc5f2869b68c1a4e,0.3447640640498795
nc60736bad72d3fa,0.9968825279863965
nc615172fbbcf97a,0.22077369987246706
nc6166b8daa78021,0.9026498512115629
nc62033e1df4def8,0.2231826555193425
nc6240a6aa70374a,0.30721269661329176
nc62aba873a5cd04,0.041802465636956214
nc64e052d0124b13,0.3877001558736007
nc64f4183ac2d990,0.4337537197109253
nc650b570cdf81fe,0.14283689953237919
nc660ac1f161d00b,0.6644466487175854
nc665c634d8c5e79,0.1915828255632705
nc666232aa51b6c6,0.47456426243446226
nc666aa37dbee676,0.7771007510273488
nc66bb68db7c8f8c,0.1041519059090265
nc66cc6caa9409f4,0.1645175003542582
nc6789ae753d205a,0.1360351424117897
nc67af35b96d5fc8,0.567238203202494
nc687bd89fba2885,0.6781918662321099
nc6a35af3bf90a1d,0.9103018279722261
nc6abc33e7d0922c,0.10245146662887912
nc6c9d2ff7a526b2,0.11747201360351424
nc6d727997327283,0.3113220915403146
nc6f06a3d4ac6705,0.04817911293750886
nc7032c6b8999a8e,0.6661470879977327
nc70dbb21ae11b3d,0.4664871758537622
nc7124f1b494a667,0.7943885503755137
nc71881aef5f8480,0.08743091965424402
nc71d2c0333d1df2,0.06504180246563696
nc71da32872a2c6c,0.9000991922913419
nc72c48a7eac4fc5,0.09494119314156158
nc72e84af4ed4763,0.10656086155590194
nc7338615ad290f8,0.7226866940626329
nc736814ea22a9dd,0.28638231543148646
nc7403278c85a452,0.5367719994331869
nc7434941aa38f96,0.2831231401445373
nc744c0d45763335,0.880969250389684
nc74ab6cc1f8896d,0.5551934249681167
nc768ce2e70c033f,0.8380331585659628
nc76b1222fc958ea,0.8051579991497804
nc76f57adeea442b,0.4850503046620377
nc77519cd49043ae,0.32350857304803743
nc775d8730128f57,0.6352557744083889
nc77a3caecd2889a,0.7588210287657645
nc780c8ba6ee93db,0.18038826696896698
nc789c80589b2ca3,0.4517500354258183
nc7964ecadd47472,0.6430494544423976
nc796c9f0683b852,0.7793680034008785
nc7aba0fa3513445,0.4005951537480516
nc7ac71bd9806ce6,0.19895139577724247
nc7c016f87bba9db,0.0833215247272212
nc7c337ac9ca8956,0.1793963440555477
nc7c66bb00313cc0,0.15601530395352134
nc7c8aeff8ee53e3,0.9580558310896982
nc7c9e8e3fd97660,0.2736290208303812
nc7cb3165aa49782,0.025223182655519344
nc7cd65b4b786872,0.3322941759954655
nc7e804c04e45487,0.46379481366019554
nc7ef381cd601105,0.14056964715884937
nc7f13c61bdb250f,0.6162675357800765
nc7f41c969cc1ff2,0.10599404846251949
nc7f435bc962ac17,0.8949978744508998
nc8020bbe7298c07,0.13447640640498795
nc80c102f2700e11,0.9791696188181948
nc815f02cf31e5af,0.6453167068159275
nc81c8c061e2ba12,0.6875442822729205
nc8235a1e8487c1d,0.1031599829956072
nc82431cfe6675ab,0.4531670681592745
nc829bab9a37dfaa,0.7898540456284541
nc83c8576757d041,0.12158140853053706
nc844349bfd18ad7,0.17613716876859856
nc84c5e7f3255a9b,0.7276463086297293
nc84ece6fb69878f,0.555476831514808
nc84f068b9015a39,0.09040668839450192
nc8516fa2b8c2d31,0.9733597846110246
nc8530b01564a92f,0.802323933682868
nc867a2496b43a48,0.3039535213263426
nc86ea5ab2c1bfe1,0.5525010627745501
nc87cb9a07cf7877,0.41731614000283407
nc87e7c7c0bb7b44,0.7528694912852487
nc881e82642e00de,0.9878135184922772
nc88661b9be60618,0.7361485050304662
nc88d898dac6d9c1,0.3600680175712059
nc88e4c86b22554c,0.057531528978319396
nc891113e1f2eb98,0.8789854045628454
nc89ee38833499d1,0.3654527419583392
nc8a87a1209163b4,0.7666147087997732
nc8a8e0477468a3b,0.22984270936658638
nc8b5b3c0c6042b7,0.43134476406404987
nc8c06c58e69ced3,0.9516791837891455
nc8d93ba8f4a212c,0.07992064616692646
nc8df67895ef667b,0.46181096783335696
nc8e4b18e87595af,0.44891596995890604
nc8fa7ad512b6b98,0.19214963865665297
nc8ff0bee84e1ad1,0.9662746209437438
nc900b055eb9102f,0.3381040102026357
nc9040d2163cd4bb,0.8461102451466629
nc9054ee6758523a,0.5109820036842851
nc9091b88becdd96,0.8268385999716593
nc90a97dbb9fa45d,0.06022389117188607
nc90f54e107f4f02,0.7517358650984838
nc91dcde7fb0efbf,0.537480515799915
nc9250c0e53526b6,0.2092957347314723
nc926590276a9025,0.9359501204477824
nc92d7c965f9ed9d,0.9100184214255349
nc9300a03be0d9eb,0.9318407255207596
nc947499c196bfe5,0.41108119597562703
nc950db259c24402,0.56284540172878
nc95e769199d2c25,0.5904775400311747
nc968d90eebbbb43,0.5112654102309764
nc98e39943aa64bd,0.6790420858721836
nc9a05db87ba21c8,0.1367436587785178
nc9ac6a1a8b83259,0.6246280289074677
nc9b694ff35fff48,0.5451324925605782
nc9bc51abfeadff2,0.38529120022672525
nc9bcf0806331bd2,0.1486467337395494
nc9c0b7a01401831,0.32365027632138305
nc9c2e0dc862e180,0.7195692220490293
nc9cde854446e50d,0.9464361626753578
nc9d1ea75ef60524,0.8649567805016296
nc9d5385c125d6db,0.4205753152897832
nc9d5e0d82fdaa88,0.17783760804874593
nc9e66ae48961099,0.831373104718719
nc9f3f48de6b907c,0.21553067875867932
nca0f56ede93f383,0.4025789995748902
nca13feaf827f2ad,0.9671248405838175
nca2132e67a8ed28,0.5821170469037835
nca24877f7a31d13,0.10301827972226159
nca2a83c5bdd8a9c,0.26115913277596714
nca4b53b23ae7098,0.6344055547683152
nca4bd3a31a65fac,0.5179254640782202
nca50975719b95ab,0.8771432620093524
nca5190ac3932f1c,0.6803174153322942
nca5307192dc3604,0.5580274904350291
nca6048c773be9b2,0.21907326059231969
nca64d6bedbec405,0.8806858438429928
nca6aeeed1286561,0.34745642624344625
nca6e2c212ed2984,0.9409097350148788
nca753734f7e3760,0.23310188465353548
nca7999e044cc0f2,0.1854895848094091
nca8cf3f4f6a5b8f,0.9377922630012754
nca90b01b7c1ccdc,0.9073260592319683
nca95205fd656d65,0.5150913986113079
nca9eab54244cd8f,0.2311180388266969
ncaab845c2510b04,0.573473147229701
ncaae080215f67d1,0.46903783477398325
ncab97088499f811,0.7068159274479241
ncab9b878d1ad206,0.7008643899674083
ncab9c71c920dae3,0.5422984270936658
ncad75190c0754f7,0.32407538614141984
ncae080dfd5d7ebc,0.8884795238770016
ncaeddc1e05cd324,0.14623777809267394
ncaefe1750842404,0.768173444806575
ncafe210036c92db,0.7626470171460961
ncb00248cbc7821b,0.24429644324783903
ncb062157492a110,0.21850644749893722
ncb0ee900fb1ecdf,0.13277596712484058
ncb0f0df806d1065,0.2183647442255916
ncb157bf22743314,0.33895422984270934
ncb2281115b25347,0.2724953946436163
ncb2ea880757d0af,0.3245004959614567
ncb35c5d8d524ea4,0.5819753436304379
ncb4705a884386c1,0.039676916536772
ncb5b3decdff3970,0.4577015729063341
ncb6b91bae7260dd,0.7072410372679608
ncb6ca3fdf330317,0.43899674082471307
ncb8892c2018c67d,0.7542865240187049
ncb88dad722a9f35,0.5386141419866799
ncb8a8c3dacc7b65,0.08360493127391243
ncb8b96f3d222c47,0.8886212271503472
ncb94d23f2257671,0.7263709791696188
ncbae4f7cfd55860,0.6749326909451608
ncbb036c4f2b2bb0,0.20688677908459685
ncbbf669aa7b4efb,0.38543290350007087
ncbcd3de83dcbd8d,0.7664730055264276
ncbe2306893563b4,0.5594445231684851
ncbec1ff584ec8b5,0.8136601955505172
ncbf33e8f5e806a5,0.6070568230126115
ncc0240e2996ee33,0.10046762080204052
ncc1873dc0d617fb,0.2771716026640215
ncc2317ee2b0ffc8,0.80161541731614
ncc28cc9aab20ae0,0.03287515941618251
ncc2a2fb7fb61b26,0.814085305370554
ncc364ee20886f23,0.40725520759529543
ncc3d22add3e82b2,0.434603939350999
ncc4e7a4f1b7b95e,0.5295451324925606
ncc56529834e2019,0.7802182230409522
ncc60f5d364078d7,0.5710641915828255
ncc8c4cccc7d9cd7,0.7946719569222049
ncca229f38692c2a,0.28496528269803034
nccb29496c82bc52,0.1239903641774125
nccbeee64e22be53,0.21652260167209864
ncccde307b8d149b,0.5564687544282273
nccd23ad4edaba03,0.29148363327192855
nccd3f7110534789,0.9023664446648718
nccd8518c796b1e5,0.27221198809692504
nccdb5fc93794d1f,0.8432761796797505
nccdf9a812e9d728,0.5299702423125974
nccdfd2c4d7c6479,0.9042085872183647
ncd03ce849f25d7c,0.22502479807283549
ncd0b8552d5319b4,0.36446081904491995
ncd1817ad37ced30,0.9555051721694772
ncd1f78128ff21cb,0.5465495252940343
ncd20796e4a2a104,0.5662462802890746
ncd342196919b7bd,0.8230126115913278
ncd3afea82d97286,0.015162250247980728
ncd4521023a4e924,0.43205328043077795
ncd4b4e17a883c62,0.051438288224457986
ncd5121d26c32f75,0.2917670398186198
ncd530a175592598,0.8755845260025507
ncd5353659848183,0.2469888054414057
ncd57fe659d8b234,0.6358225875017713
ncd62a16bf921b6c,0.12767464928439848
ncd651885368bdf8,0.23862831231401446
ncd66463738723ef,0.5729063341363185
ncd687ffdc84f0f3,0.4115063057956639
ncd6ecc57cbbcf55,0.8421425534929857
ncd771d9bafed66a,0.41207311888904635
ncd8630c9d9b089f,0.1337678900382599
ncd89150e31d3772,0.4598271220065184
ncd9668a88e0e48d,0.06475839591894572
ncda0793a7388bd4,0.22530820461952672
ncda728f3ef32feb,0.16905200510131785
ncdaa834e3ce8c76,0.12654102309763354
ncdab975b1c003eb,0.26640215388975486
ncdb0a2e9ba62208,0.07907042652685277
ncdb167767c8498a,0.1656511265410231
ncdb1ca30f8cc58b,0.014737140427943886
ncdbec6e726fc0bd,0.8366161258325068
ncdc9695f2349d14,0.46606206603372535
ncddcd55da9ee87d,0.41122289924897265
ncde2faae989b4a9,0.8235794246847102
ncdf3aaf6fba0dd3,0.9873884086722403
nce068990a5ff9c5,0.7259458693495819
nce1ed9ddc71d8e3,0.7052571914411223
nce29ccff42dbaf4,0.9984412639931982
nce2a5ae2cfe8450,0.18194700297576874
nce35b7d37f911f4,0.6635964290775117
nce447070edc1d1b,0.9270228142270086
nce4d447b792bac8,0.4168910301827972
nce4fe14028d93f6,0.7685985546266119
nce68301fab94ed1,0.02621510556893864
nce6e46c96536870,0.9471446790420859
nce745007122dbda,0.5396060649000992
nce7b193844f9568,0.3602097208445515
nce8fb7d78d3063e,0.307496103159983
ncea7686ec7b599e,0.8227292050446365
nceb5864ee59ca2c,0.37834773983279013
ncebc23228c1407c,0.22644183080629163
ncec03890bee3600,0.4248264134901516
ncecc9116a2c8725,0.9438855037551367
ncecde79d61ced4e,0.8597137593878419
nced96376f75b769,0.9421850644749894
ncee01839683fcdf,0.043219498370412356
ncef8f28e3eff181,0.29162533654527417
ncf10874876cb1ee,0.46677058240045344
ncf133b3dcaf21a0,0.6046478673657362
ncf1a0ada4a45106,0.35751735865098483
ncf1cafc2784510d,0.26923621935666714
ncf2272bf928feb6,0.7701572906334136
ncf2757643c72106,0.8489443106135752
ncf27be29895b41f,0.3519909309905059
ncf49e982d341dbc,0.9016579282981437
ncf581c3b27be3c3,0.6892447215530679
ncf63ab9d322a643,0.8278305228850786
ncf695f32ae2dbad,0.47272211988096924
ncf6f1d750d4f42c,0.5743233668697747
ncf79ddced8d7105,0.5420150205469746
ncfa22f9d1dba988,0.008502196400736857
ncfa2d4b78977f8b,0.30565396060649
ncfb5741300e9b0f,0.292050446365311
ncfb9330add8d2ff,0.49440272070284824
ncfce4308eac65c6,0.22842567663313024
ncfd3969849c18dd,0.9593311605498087
nd0021e31aa1896b,0.38429927731330593
nd00dbf6ad28edba,0.3551084030041094
nd00f8227ca7efad,0.337253790562562
nd01a7ab6e3c82cf,0.3364035709224883
nd02a12c9b27242d,0.8660904066883945
nd02de05f2abf84a,0.7653393793396628
nd0373bcb81813f8,0.9569222049029332
nd0401733658f9d5,0.3738132350857305
nd04f88f4628534f,0.8716168343488735
nd057baa63b5dd98,0.5156582117046904
nd05f20fcb27f139,0.3998866373813235
nd0618e6988a3e59,0.9477114921354683
nd06f76ad6d45117,0.3342780218223041
nd073e72684b0641,0.7330310330168627
nd08e4bff7c65369,0.2706532520901233
nd092b94bf670efa,0.22488309479948987
nd094dc272384f89,0.2526569363752303
nd0a02f276ada427,0.416607623636106
nd0a56a04c6d6cce,0.6769165367719995
nd0a7508554818ed,0.05696471588493694
nd0b4983070da0c0,0.3952104293609182
nd0bb3537af50dc3,0.6234944027207029
nd0cdbba70fd3989,0.5129658495111237
nd0d8dab20d10be6,0.775542015020547
nd0da4372ceafe3c,0.4968116763497237
nd0de07229616840,0.22870908317982144
nd0de75d8afe8f83,0.34788153606348304
nd0f343be76eac41,0.09139861130792121
nd0fc46570156bc5,0.8020405271361768
nd10c80bfff2b8f0,0.00014170327334561429
nd1114ac86e38621,0.07411081195975627
nd11aa9a857b06ef,0.2369278730338671
nd133215d4c67c38,0.23848660904066885
nd141ba73adb3bbc,0.9708091256908035
nd14ecfcc99d770d,0.6643049454442398
nd15416fed5b4c59,0.9248972651268245
nd15511012c15254,0.8893297435170753
nd1552f35c909f19,0.13915261442539323
nd1563631430276f,0.5233101884653536
nd158dd773c40c19,0.42751877568371827
nd161c0f247d140f,0.8781351849227718
nd17d92ae793a592,0.2937508856454584
nd17f517e0235353,0.9736431911577157
nd198886cba57099,0.46974635114071134
nd1a2a367a3998b2,0.4970950828964149
nd1a2ca2f724a627,0.10259316990222474
nd1b1da48de01a8d,0.811534646450333
nd1b533affd664cf,0.7303386708232961
nd1c7e27852ae100,0.004534504747059657
nd1ccc4a7baaf115,0.8976902366444665
nd1d600d746536c6,0.7511690520051013
nd1db6087663b507,0.7452175145245855
nd1dd5afa1ff7eae,0.3403712625761655
nd1df1e7dbace86f,0.04194416891030183
nd1fb684543edc29,0.2977185772991356
nd20bbe612358767,0.17401161966841433
nd20eacf88a8c0e7,0.007651976760663171
nd214600d2dcb774,0.07467762505313873
nd2173bdd1852a14,0.9975910443531245
nd22498d717bf8a5,0.2651268244296443
nd2332a28e6a7792,0.8343488734589769
nd235627c372237a,0.8111095366302962
nd237736b2a7c970,0.9810117613716877
nd24446d21bd7142,0.208303811818053
nd248a19b31e6c4c,0.9589060507297719
nd252cd17cd0479b,0.5218931557318974
nd255b09bf38d347,0.6718152189315573
nd26b610d4eb2c43,0.8480940909735015
nd2703d374990f0a,0.9951820887062491
nd2743f17e46cf96,0.22261584242596005
nd2754d9fd3b97f8,0.9484200085021964
nd27907ef1ddb594,0.4881677766756412
nd2825b09f1f1656,0.40923905342213407
nd28f9a93a178782,0.6647300552642766
nd2951e033d41e4c,0.4888762930423693
nd29974d97e02eb1,0.7962306929290066
nd29bb3e3753ff6d,0.17882953096216522
nd2a9bc1a5c1830b,0.8869207878701998
nd2b545743e6d766,0.3773558169193708
nd2b86700c68c5eb,0.28269803032450047
nd2bf5b6e548b22a,0.9947569788862123
nd2c4150bd328d85,0.2587501771290917
nd2cd3faed96fa41,0.45203344197250955
nd2eabf32f08dfa9,0.11733031033016862
nd2f801545372d44,0.30211137877284966
nd3071c8e2e3fec9,0.02026356808842284
nd30e9bf17cfa09f,0.18478106844268102
nd31185dc21c397d,0.3648859288649568
nd3143b15d12cd3e,0.3678616976052147
nd32a718914c0961,0.4204336120164376
nd32e22fcd00a2a1,0.8437012894997874
nd3328829ca7e596,0.06334136318548958
nd3393efed4bb18c,0.8211704690378347
nd33c6e31acf2ddc,0.16607623636105995
nd34021369e43ae8,0.3463228000566813
nd3402d970d16500,0.15757403996032307
nd342070576994c1,0.6259033583675783
nd345b0de3194da6,0.9611733031033017
nd3510bccf5ca65d,0.32180813376789
nd35f34c13361983,0.9134192999858297
nd3623148bd87017,0.8539039251806717
nd3649b5fb29d02c,0.8244296443247839
nd37bba82313d5a2,0.9168201785461244
nd3c0fdf8ae51b9b,0.026640215388975486
nd3c1fc20d3d8b3b,0.7727079495536346
nd3c2e3836046c94,0.8344905767323225
nd3c675b0f211620,0.5648292475556186
nd3c769d5f457d75,0.2978602805724812
nd3d83b74f842ebb,0.0019838458268386
nd3e1a04bafc3cec,0.5542015020546974
nd3e40397a63ce57,0.22658353407963724
nd3e42e44306fa97,0.38458268385999717
nd3ea365973e1bbf,0.45302536488592887
nd3febc24fad3c7d,0.9710925322374947
nd41f018641e7a6a,0.6555193424968117
nd41f427c267aab0,0.4972367861697605
nd4293d011267fe1,0.5007793680034008
nd42a31acbf5e2c3,0.20518633980444947
nd42de8124135236,0.4534504747059657
nd4327ed7a41f65c,0.6920787870199802
nd43afe8ba36aac9,0.5207595295451325
nd43c2226aa428c7,0.45373388125265696
nd442043e0086ebd,0.7408247130508715
nd44360db3db7bc2,0.4792404704548675
nd44afd292e35f32,0.7337395493835908
nd4574adee32aa2a,0.8591469462944594
nd472bd1258afc67,0.14099475697888622
nd478c64d68d0b22,0.922488309479949
nd478ed1afc9cb3f,0.44183080629162536
nd487cc3ed7cba98,0.14397052571914412
nd48961b9b206fe0,0.34207170185631286
nd490ed3c195afd5,0.46025223182655517
nd4adbe1c35450c7,0.6752160974918521
nd4b55767c6efe4b,0.4859005243021114
nd4b913b1be93c54,0.32974351707524446
nd4bb2e1314c3dae,0.38897548533371124
nd4bdbdd72c83bb5,0.530111945585943
nd4bdca2d358d9ca,0.6592036276037977
nd4c8c904f3e9426,0.9832790137452175
nd4e73d7316a4997,0.8874876009635823
nd4ec46d0ba8ef58,0.5193424968116763
nd4f08388241d9db,0.7225449907892872
nd4f168c123fc748,0.6053563837324643
nd4f2d3ea0ae3b23,0.9839875301119456
nd52d94ace78b8ba,0.7122006518350574
nd5362788e8948b9,0.03896840017004393
nd536601e5d29f33,0.8418591469462945
nd53a6ce4cb4149d,0.6742241745784328
nd53d88dd935d196,0.5913277596712484
nd5547eb4dffb78f,0.7299135610032592
nd56520030f37842,0.7028482357942468
nd565e422ca4119c,0.15133909593311606
nd56d8b044675374,0.24741391526144255
nd5793ca0c46697b,0.5190590902649851
nd57c8789174dc04,0.8641065608615559
nd586b8d7fc7b148,0.38160691511973927
nd58bfbfa09df1d8,0.29233385291200226
nd590cbfd43eae15,0.29020830381181806
nd596c6bdb05a00c,0.6760663171319258
nd59ad7e766fd5b6,0.4873175570355675
nd59bd1127d21a14,0.7004392801473714
nd5a5b295e2733cd,0.19767606631713192
nd5aaffcb92b583f,0.22800056681309339
nd5db715c0d56569,0.010344338954229843
nd5dccebff1fb975,0.7721411364602523
nd5f44d097f4d50f,0.8190449199376506
nd60975beef5a9eb,0.8463936516933541
nd61e7719e709149,0.9375088564545841
nd6213a556e7f131,0.6276037976477257
nd628c5adc6a0f6d,0.1835057389825705
nd62fc9c6260be17,0.8652401870483208
nd631abf644323f1,0.7674649284398469
nd632735a2894ade,0.6633130225308205
nd6341fea9dd5006,0.5909026498512115
nd63dcf6d08277c6,0.12484058381748618
nd65114e43e6e821,0.0168626895281281
nd67272cfe1df7c9,0.08417174436729488
nd675c2a200f8f94,0.36233526994473575
nd67a6c4a84f4bc3,0.9579141278163525
nd67afd94592d265,0.7738415757403996
nd680b2233396efb,0.5685135326626045
nd682d02650ecca9,0.6490009919229134
nd683d6dfd0d19ca,0.8198951395777242
nd6a6881837f3003,0.23267677483349866
nd6b3378ed7988af,0.4619526711067026
nd6cadd3d2d64125,0.6997307637806434
nd6d8fcbb2e844fe,0.10882811392943177
nd6e45001a4082f5,0.10755278446932125
nd6ea6c77d763970,0.8254215672382033
nd6f1669eed958bc,0.9934816494261017
nd6f9046d6448d1f,0.864815077228284
nd6fa1629f765df0,0.7256624628028907
nd6faffebf348d8a,0.7615133909593311
nd717d5d126a2ab4,0.2873742383449058
nd71e7218428eb5c,0.869207878701998
nd72c60c20578137,0.8237211279580559
nd73e1bace914d3f,0.8072835482499646
nd745ae647bd4915,0.14212838316565113
nd74900792140fc5,0.28425676633130226
nd74a0f28c310c1f,0.2430211137877285
nd74d0818674542a,0.6045061640923906
nd75372e5fdca26d,0.058240045345047474
nd785d4ebd8166a0,0.2322516650134618
nd78e32805f79c76,0.6878276888196118
nd7b128145282d12,0.10854470738274054
nd7b3d0ea4732e6a,0.4295026215105569
nd7b7e2634bdc703,0.3222332435879269
nd7c7c2eca35709c,0.989372254499079
nd7ddd3ff5f9db8d,0.4007368570213972
nd7e523a8e7b7852,0.011336261867649142
nd7e757541537c6a,0.47966558027490436
nd7eb6d63a3a22d4,0.371404279438855
nd7ec8f693c4de4f,0.38656652968683575
nd7edcde305f8bb8,0.8717585376222191
nd7edd52efd564cb,0.47881536063483066
nd7f900373e36e81,0.5981295167918379
nd801bf307242a13,0.2963015445656795
nd80f84fdeb5c828,0.09607481932832648
nd810fa5f2a4f729,0.23168485192007934
nd8121b872004259,0.9958906050729772
nd820994032a69cc,0.7177270794955364
nd822b3ca6fddb88,0.6854187331727363
nd823adfcdb1fdf5,0.08799773274762647
nd824e7eef3f3da5,0.8308062916253366
nd82e56c3419fdce,0.14822162391951255
nd8312da57aba863,0.9821453875584526
nd83712cfd8fe052,0.2617259458693496
nd83fc2c06322cd0,0.740257899957489
nd850f7938e0d2a6,0.3796230692929007
nd853d87eb48e8f4,0.896414907184356
nd853f5f3d5f5b06,0.6849936233526994
nd85c91a0897b875,0.09508289641490718
nd85dd7d34e71f8e,0.903358367578291
nd85e7f1f1585c10,0.3468896131500638
nd8679ca8ce12fca,0.18633980444948278
nd8712977237212e,0.17599546549525294
nd873b2188405db1,0.38869207878702
nd87a590e3618561,0.23721127958055832
nd89e79da3c865f8,0.7902791554484908
nd8a544bb19acf3a,0.3172736290208304
nd8a5db90ec9e740,0.9299985829672666
nd8a74048fe4f748,0.7807850361343347
nd8b7659d858e83a,0.32506730905483916
nd8b88e6603aaeae,0.9152614425393226
nd8b9a5449fbdcfa,0.23962023522743375
nd8bb6ce25cc8159,0.9698172027773841
nd8c139db0416c60,0.4010202635680884
nd8d22878dbce1db,0.017287799348164944
nd8d4310ba2a51de,0.7136176845685135
nd8d784778a2e88f,0.4303528411506306
nd8d7ccd2f26e257,0.07226866940626328
nd8e1a20bda87688,0.7080912569080345
nd8ea8d3c9063023,0.9440272070284823
nd8f0c72d2e2cc3f,0.12370695763072127
nd9011595c0997b2,0.836899532379198
nd90fc3c04b5243c,0.6480090690094941
nd91a279f16e2dab,0.14411222899248974
nd9273f9c61ff377,0.3522743375371971
nd93886d6849a3da,0.05398894714467904
nd93b5c5fb039bdc,0.06660053847243871
nd96097f498ebb42,0.904491993765056
nd962b7c7412566e,0.6960464786736573
nd96c1902db21e35,0.8038826696896698
nd96d950f208680d,0.018704832081621086
nd97235a7edc1fda,0.5770157290633413
nd97380477559e77,0.09564970950828965
nd9951c58b613168,0.18081337678900383
nd99569c8cb0b06f,0.6284540172877994
nd9980c167581c93,0.9366586368145104
nd99a7b15de7e545,0.1300836049312739
nd99d077968f6d1a,0.6702564829247556
nd9a0a0ab19bc2a9,0.7878701998016154
nd9b640f51fd6370,0.3055122573331444
nd9c8897d9c611b7,0.3689953237919796
nd9ca31c8b6cc35c,0.14156157007226866
nd9cdbd94b2f7a50,0.7416749326909452
nd9cf43844abf54f,0.8812526569363752
nd9db9b8bc135699,0.07793680034008786
nd9e37c0305503f0,0.0109111520476123
nd9f17ab8423c12d,0.6117330310330169
nda0235ed4f9ea33,0.23565254357375656
nda0b7ed7bb63b46,0.41320674507581123
nda0ec155c8de473,0.5216097491852062
nda0fa8233b6ec1e,0.9182372112795806
nda12532f2e971fc,0.03330026923621936
nda18eaf3a9828cd,0.982003684285107
nda1e8b0f048878f,0.8064333286098909
nda385a8bd7377a6,0.7207028482357942
nda3937e9fe97eda,0.24557177270794955
nda3dae36699d356,0.947853195408814
nda4b22156b02036,0.18336403570922488
nda5917a686637a7,0.7231118038826697
nda6c77405e9b78d,0.7156015303953521
nda71e147453d0e4,0.48703415048887627
nda83a897396e868,0.3531245571772708
nda85626c7c06a42,0.06107411081195976
nda8a1946ccb5f49,0.47583959189457276
nda9046ee834fdbb,0.42029190874309197
nda91e506ea2db76,0.7170185631288083
nda9abb83e09c86f,0.22233243587926882
ndaacc2e8925fa15,0.8744508998157857
ndab29f17936bd1e,0.5413065041802466
ndab8dcd380368d8,0.13150063766473005
ndab99d2f81fdd87,0.2489726512682443
ndabee16a2a4cc6d,0.6414907184355959
ndac34a342b64e2f,0.1081195975627037
ndad7f83fdd150ce,0.31684851920079354
ndadbe3246f0f80e,0.13093382457134758
ndade588b859d30b,0.9688252798639648
ndae4591359bf08c,0.8322233243587926
ndaed6fb18918b88,0.4415473997449341
ndaed766f4c0dcf7,0.1011761371687686
ndaf888f2bad6e7e,0.44990789287232535
ndb1b6de716cb7e1,0.5089981578574465
ndb1d9393f05f477,0.34348873458976903
ndb21fb6102e0842,0.4613858580133201
ndb25362095e12c8,0.41292333852912
ndb2fd48d8692cde,0.8584384299277313
ndb35c53ce1c7a15,0.1319257474847669
ndb372bdcf2e1e49,0.6253365452741958
ndb3935aacefa2ce,0.5777242454300694
ndb5355a3cbde91f,0.09579141278163525
ndb56912de0f5321,0.635964290775117
ndb68b0cc26473ae,0.85007793680034
ndb6d19cbc8ff470,0.5014878843701289
ndb7683115dc0a79,0.9505455576023806
ndba2075731423fe,0.6363894005951537
ndba76adeff46941,0.75315289783194
ndbaa5e06b252181,0.962873742383449
ndbcb637ebe70009,0.34150488876293045
ndbd81a861574a1d,0.2967266543857163
ndbe252bc1b3ce7d,0.6720986254782485
ndbe78c801678b49,0.9379339662746209
ndbedef56e517c2e,0.48547541448207454
ndbf17c46b94af16,0.5889188040243729
ndbfbb4ace654844,0.5223182655519343
ndc05d4a15e1c7d5,0.5475414482074535
ndc089a1dcf74a95,0.3906759246138586
ndc125a225e081ee,0.7403996032308346
ndc20b166b30c5ac,0.7925464078220207
ndc234585a821ef8,0.14340371262576165
ndc281b27a113903,0.9183789145529262
ndc303d754472d9a,0.6417741249822871
ndc3415afcf01a62,0.9906475839591895
ndc36dabd8d43737,0.8969817202777384
ndc37d52cff60937,0.5516508431344764
ndc3aa6c727e186a,0.7432336686977469
ndc3cfdb4ca910a8,0.3201076944877427
ndc4f0e08ebbea4b,0.44976618959897974
ndc54469911b050a,0.3871333427802182
ndc611c2f9ed7ee9,0.050162958764347454
ndc612624e2d96a7,0.6837182938925889
ndc769bed147ca77,0.9108686410656086
ndc778d7d8aeb174,0.20887062491143546
ndc78c96bb9f731a,0.6946294459402013
ndc80833ad80e145,0.11421283831656512
ndc876f22341cede,0.5986963298852204
ndca34fdbc57d477,0.9596145670965
ndcc190809a3d679,0.31812384866090404
ndccc521ba0f698b,0.3566671390109111
ndcd048880498cbd,0.04945444239761938
ndcdb48a713825b9,0.9071843559586227
ndcdbbd43bfbe977,0.685135326626045
ndce10fae7161673,0.12569080345755987
ndcf0eb0c9a25e8b,0.1628170610741108
ndcf124e34bcc8a7,0.6069151197392659
ndcfe8033a765096,0.09054839166784753
ndd0523fbe4116f1,0.29403429219214966
ndd1ec5819751a3f,0.22417457843276178
ndd1f55d88ce51ca,0.5067309054839166
ndd202327dab1c44,0.17174436729488451
ndd20c249df36db0,0.6444664871758538
ndd25e507f471c1f,0.7642057531528978
ndd294adb5629d98,0.44622360776533937
ndd41cb0280ad488,0.7786594870341504
ndd489587eca9363,0.06490009919229134
ndd567826bda9b9d,0.1130792121298002
ndd59a31b9086587,0.178546124415474
ndd59e3f020206c0,0.23834490576732323
ndd60068132a1d49,0.4759812951679184
ndd6abac11748e42,0.6244863256341221
ndd6af275189885a,0.06234944027207028
ndd72d0523c59719,0.5359217797931132
ndd747d83c883bfe,0.12115629871050021
ndd78227984bc83b,0.9217797931132209
ndd7a0f0044f8613,0.03939350999008077
ndd803b6a2c2be9e,0.06404987955221765
ndd8375d29cc4a0a,0.2173728213121723
ndd83c56551a13ca,0.6271786878276888
ndd8b3bb27e0dda1,0.799064758395919
ndd9e6a7816eae67,0.2853903925180672
nddb19f6dfd159b6,0.681876151339096
nddbc3512cb7d659,0.3284681876151339
nddc3d344586b35c,0.8679325492418875
nddcc7903e8e92eb,0.6321383023947853
nddd9e78b848ed95,0.11818052997024231
ndde9d4cc6b650c6,0.5873600680175712
nddea13bd4d96439,0.6664304945444239
nddf316ab87008c8,0.15842425960039677
nde25a5f38a85bd4,0.5306787586793255
nde2c6dc96bf683e,0.1507722828397336
nde30ef2aec0c1ec,0.5387558452600255
nde346e2fb4d13b8,0.2272920504463653
nde3bac174950ca8,0.2954513249256058
nde4383940b59491,0.16621793963440556
nde43ce65e66a785,0.04236927873033867
nde47abf339516a4,0.04520334419725096
nde4d3dcf7c42952,0.11435454158991072
nde5a2a50b910695,0.6132917670398186
nde6708162820274,0.9948986821595579
nde69f52527094c0,0.7756837182938926
nde6aabb324357b9,0.016437579708091257
nde6cb53b4b5fab1,0.2073118889046337
nde6ff80ff747941,0.8153606348306646
nde77b6539574d51,0.9179538047328893
nde7899ffd465ad0,0.054555760238061496
nde7a923e4d12d6f,0.34859005243021113
nde7b78da8f697e8,0.2557744083888338
nde83e38a0b34c84,0.8966983137310471
nde85b2a3ec4a98c,0.059798781351849226
nde8618834b935bd,0.8813943602097208
nde88298b8c8d7b1,0.6159841292333853
nde88bc5d4138181,0.3879835624202919
nde955630a1c0c51,0.9868215955788578
nde9a26a73b8c03c,0.8302394785319541
nde9ec16d2e4e850,0.9353833073543999
ndea31250bcfa343,0.39039251806716735
ndea52183611f205,0.7926881110953663
ndeb6938b386aff0,0.05994048462519484
ndeb851cfc1dc6de,0.29828539039251806
ndeba234e4ec3eed,0.6685560436446082
ndec1e9b428fc1c7,0.17415332294175995
ndec9aa74e39040d,0.03145812668272637
ndecb29a7971f998,0.43998866373813234
nded1ffa380a78d1,0.08969817202777385
nded5ee4c78c05df,0.07963723962023522
ndedbedf9a580ca0,0.4628028907467763
ndedce6c7b5181a2,0.7851778376080487
ndeff9568be74588,0.6858438429927731
ndf001f83a4d75c3,0.004109394927022814
ndf1dcf4c5068dc3,0.3395210429360918
ndf22100c2a3df13,0.2666855604364461
ndf29a84ea4f403c,0.1449624486325634
ndf3f6aec83c60d6,0.5858013320107694
ndf453d4f874611c,0.731047187190024
ndf4601068522c4c,0.9309905058806859
ndf541f606cb7941,0.27462094374380047
ndf67e3cb15c50fc,0.33852912002267255
ndf6b2b379f9b562,0.4762647017146096
ndf70ed02b449a43,0.0218223040952246
ndf75846302f1fb6,0.41504888762930425
ndf84b6fe2c7c7a3,0.8099759104435312
ndfac671ef1f9e71,0.786169760521468
ndfc01416742d4fe,0.3888337820603656
ndfc71b41bd5a9aa,0.17670398186198102
ndfc8e935230083c,0.4908601388692079
ndfd1a829603f380,0.6264701714609607
ndffce627fc427ef,0.05328043077795097
ndffea093356a163,0.9210712767464928
ne005cc2fdafb948,0.7853195408813943
ne00a3126d5a91d3,0.6961881819470029
ne00a7377554d171,0.19200793538330735
ne00af00bd88ce20,0.4748476689811535
ne01115402c9b790,0.9433186906617543
ne02242ebfb22ee9,0.9960323083463228
ne03d22ae32c9f95,0.6049312739124274
ne04b9de76bf64dc,0.18123848660904066
ne04d2670e0ea3ea,0.269661329176704
ne0687cb5267f2f6,0.7634972367861698
ne06c0ac0ce8d0ff,0.5968541873317273
ne074ce7b1770892,0.9818619810117614
ne07eff49240abd7,0.18804024372963016
ne082f49fed3b021,0.4263851494969534
ne08349aa97e499e,0.9645741816635964
ne088cbde1589ade,0.5010627745500921
ne08f5b059577b10,0.5479665580274904
ne0934d15a7550a3,0.4406971801048604
ne0a0669c34588c5,0.0724103726796089
ne0ab1f4eebea5fb,0.3862831231401445
ne0ad61c03449c05,0.36431911577157433
ne0bb18eeb61a9e2,0.08573048037409664
ne0c6033c20e33b9,0.621227150347173
ne0d25d3dadcd2ae,0.4421142128383166
ne0d531cfc2204bd,0.9069009494119314
ne0d82045be0ba68,0.8879127107836191
ne0db79e31cf31c4,0.19625903358367577
ne0dfad2180d208d,0.24358792688111094
ne0f0da6e0d483b9,0.23678616976052147
ne110c5587cf2bce,0.2471305087147513
ne11a58e81cfa2b1,0.7714326200935242
ne11ebf99df68458,0.22970100609324076
ne12393de567ee96,0.35468329318407255
ne12692a70fd1bea,0.1101034433895423
ne128d4199cfe0c0,0.44395635539180955
ne1295d5887b3458,0.3558169193708375
ne129f28f3411e2f,0.2532237494686127
ne134c89217ae67f,0.6611874734306362
ne14083c166649b0,0.8675074394218506
ne143aebf81f8e9e,0.6474422559161117
ne15fed44e5d9cd1,0.8653818903216665
ne163024f7f4c159,0.13220915403145814
ne17890510b72465,0.6654385716310047
ne17913c24e10618,0.4524585517925464
ne181e0a27c089ea,0.9530962165226017
ne18d058da51ea8c,0.9139861130792122
ne1922b9eb9ee786,0.8650984837749752
ne199d9696238325,0.5676633130225308
ne19ba80352b8b47,0.7762505313872751
ne19f2565ea9ee86,0.44679042085872184
ne1c0fa217c377e2,0.3441972509564971
ne1cd29ac13c6488,0.6009635822587501
ne1da84d3e95cff1,0.028765764489159698
ne1dd8e03f1231e8,0.16054980870058097
ne1e52bc81e1b2fb,0.19668414340371262
ne1e6fbf16262d15,0.029899390675924613
ne1f08d5194f3536,0.0982003684285107
ne1f0faa91f0b069,0.7909876718152189
ne1f12c42e5e8672,0.20986254782485475
ne1f5004dc018931,0.8689244721553068
ne1fab771d019f59,0.9302819895139578
ne202c2af87caa42,0.2757545699305654
ne20eef5be03c545,0.7535780076519768
ne21dbc10d8b75ea,0.4725804166076236
ne21e22248386841,0.9739265977044069
ne22e0008edd453f,0.8557460677341646
ne2390bf1b4a73f4,0.9343913844409806
ne2397fec7203168,0.7745500921071277
ne239e93d9e84491,0.9837041235652544
ne23cb3112821801,0.8986821595578858
ne2448f31b9ca643,0.39733597846110247
ne24dc16fd264714,0.2906334136318549
ne2503cd0649204f,0.03400878560294743
ne25fb6da31faafc,0.8299560719852629
ne28231a31cba3d3,0.1844976618959898
ne293a12d6a93099,0.0051013178404421145
ne2951e790b6dd5e,0.8135184922771717
ne2983bb1d20bbad,0.9372254499078929
ne29a26b5cae0add,0.1436871191724529
ne29c955dc47d156,0.5903358367578291
ne2a2aeca4429823,0.19087430919654244
ne2a9adc4874a80c,0.9933399461527561
ne2adf2484ed3c75,0.690661754286524
ne2b481d40cdbe60,0.5560436446081904
ne2c686788c14439,0.37650559727929717
ne2e6d655bdcea49,0.5602947428085588
ne2e9133bc0203a2,0.7691653677199943
ne2edef59936d494,0.9158282556327051
ne2f891c22adb6cd,0.05880685843842993
ne2f8a1c01820571,0.3065041802465637
ne2fdf44244f7742,0.1727362902083038
ne30d1435cb4aeb0,0.058381748618393084
ne30edabad94cb32,0.029615984129233386
ne314816c575e4cf,0.17472013603514241
ne31d3e4dfee28b2,0.04888762930423693
ne32992d3e82eff5,0.19498370412356525
ne32e84614098905,0.22771716026640215
ne333c29af068aae,0.5048887629304237
ne338a5a0b970dd7,0.6130083604931273
ne33d9c7a592f9c5,0.848660904066884
ne36b5442cba59af,0.5869349581975344
ne37f1f41864e56a,0.33867082329601816
ne39eb6516ca0aca,0.4107977894289358
ne3aea12ea13c382,0.3947853195408814
ne3b381fc9bf593f,0.4866090406688395
ne3bc6512b2687e2,0.5726229275896273
ne3c21f255c30221,0.33385291200226724
ne3c9414811d5d64,0.6229275896273204
ne3d89adc1ab661e,0.0032591752869491285
ne3e0b82f9ee730e,0.8057248122431628
ne3e60a6cd7e971b,0.2897831939917812
ne3e7fbe71fa642c,0.01161966841434037
ne3eb9b1edf4e2a5,0.8694912852486892
ne3ef83264f724b4,0.08587218364744226
ne3fcb0a78675576,0.5930281989513958
ne40ab371110ec50,0.5364885928864956
ne410c334aaa0678,0.3009777525860847
ne41bcc4bde1bb62,0.6473005526427661
ne42682c6a25eb2a,0.6577865948703415
ne42ff9a93a09e30,0.18378914552926173
ne43345ab016af5b,0.12129800198384583
ne4342cf47bf68f4,0.5581691937083747
ne43ac69a8ed333f,0.9445940201218648
ne43afa097e52924,0.20773699872467055
ne45260fd2a6193a,0.4058381748618393
ne457aadcdc91767,0.5002125549100184
ne45979bad6196ec,0.6665721978177696
ne464b7897273dca,0.23381040102026357
ne4656bd5d44119c,0.7599546549525295
ne465e5006a5cfdf,0.9924897265126824
ne4756e8a6d43003,0.915119739265977
ne4850b5292791d8,0.36573614850503045
ne4a17e908a22275,0.48561711775542016
ne4a43db697aba6e,0.8830947994898682
ne4a67f3605584df,0.08700580983420717
ne4c3c0b91c51fbc,0.09409097350148789
ne4c8f37e8d1b107,0.47796514099475695
ne4cd30584f99f99,0.20150205469746352
ne4cff4be360aff8,0.0046762080204052715
ne4d75e2a1f0e16f,0.9774691795380474
ne4ed840a57a6d79,0.7606631713192574
ne4ef4747fb42575,0.9022247413915262
ne503ff57de1b920,0.5974210004251098
ne509e74add9413f,0.13504321949837042
ne50e8d250682b0a,0.5673799064758396
ne50fdda8aa2e838,0.4035709224883095
ne517d20223de946,0.33314439563553916
ne52a82d97b248b6,0.5768740257899958
ne532c8d86300b99,0.5210429360918237
ne53b57e3c23e61b,0.31982428794105144
ne55998e74182e50,0.7483349865381891
ne5629d64f78fe66,0.06532520901232819
ne563d04d4262d68,0.9114354541589911
ne56acad60c38063,0.7272211988096925
ne575890804b8136,0.20476122998441265
ne57a42de925063b,0.19172452883661611
ne580afcfc4ce0ff,0.803457559869633
ne584207d59e1cb4,0.13561003259175286
ne58e298327d01a6,0.22757545699305654
ne5a3a798dec23da,0.8645316706815928
ne5abf76d6ef56c4,0.41221482216239197
ne5ad42ad41c816c,0.6603372537905625
ne5c6e590f3bbbf9,0.5920362760379765
ne5c7f1943d97b00,0.7374238344905767
ne5cbd3a7ee8366d,0.004392801473714043
ne5d499238d916d0,0.6356808842284257
ne5d5ef3f74f1d4c,0.6189598979736431
ne5dc217cc331928,0.8435595862264418
ne5f1ca918b5f6b5,0.7728496528269803
ne5f28fd4ce356d3,0.5489584809409097
ne5f3bc23a9ce916,0.7090831798214539
ne5f5fb3b36c7afb,0.928723253507156
ne60dc69f5f53f82,0.8353407963723962
ne61d47e8bef6fb5,0.3410797789428936
ne628b81abd495b8,0.12214822162391951
ne63f8cb54808827,0.3150063766473006
ne6404110cdf6bcb,0.5865098483774975
ne64af67ef98a1ad,0.4177412498228709
ne64b1b79a66f0c4,0.265977044069718
ne657825e4dbd8ea,0.5085730480374097
ne65f1c73b0ccb71,0.3252090123281848
ne66799558176a0b,0.39350999008077087
ne674403f112b6d5,0.7670398186198101
ne67bebf9074ac47,0.8479523877001559
ne68c6a0187d66ef,0.1200226725237353
ne68f9ca9578b480,0.44296443247839024
ne6975c05ce8a8cd,0.8917386991639507
ne6a3560b2342534,0.6859855462661187
ne6ae106eb27905c,0.6268952812809976
ne6b1ced9ae98e02,0.01558736006801757
ne6bd631c99025ee,0.5000708516366728
ne6c23c982753442,0.04336120164375797
ne6d0e8c89c4c7a3,0.03386708232960181
ne6e22d981039a42,0.7820603655944453
ne6e560f1a39c741,0.0932407538614142
ne6f1117c011a021,0.1795380473288933
ne6f8efcb8fb1943,0.2766047895706391
ne70af6842ffdb73,0.7409664163242171
ne710b02fbc167ca,0.9488451183222333
ne711b544730e9c1,0.2838316565112654
ne71b27dab8b7e34,0.5354966699730764
ne75c1a12ca64784,0.6808842284256766
ne75f6ca44aaa2a0,0.5971375938784186
ne767b8c87e4488d,0.0634830664588352
ne76c177cc8f29c4,0.8208870624911435
ne76f5c4ba80346d,0.593311605498087
ne7702b1745f1bb8,0.6747909876718152
ne774a7ce92f90ef,0.6886779084596855
ne77553ac90d6b00,0.40017004392801475
ne790b5facf3fdca,0.089273062207737
ne79f1cef4a15d46,0.668272637097917
ne7b3a3456c6ca92,0.6698313731047187
ne7b4112d1eefc89,0.5444239761938501
ne7bbc9a5f786a3a,0.4156157007226867
ne7c775da397c560,0.6522601672098626
ne7c78cb014a0374,0.027632138302394787
ne7c9efa1d79b888,0.11378772849652827
ne7cde230bee40a2,0.2563412214822162
ne7d5c2c5d151a47,0.7180104860422276
ne7de7edebb95cb2,0.6018138018988238
ne7e5729e96b4bde,0.951112370695763
ne7e75a4e797393e,0.20759529545132493
ne7f34055d1b600c,0.3023947853195409
ne7f535996e14801,0.04973784894431062
ne82389acf11f29d,0.2458551792546408
ne82e70147590652,0.7253790562561995
ne834a47732ad9a6,0.4056964715884937
ne83ac1c12d56361,0.24245430069434604
ne841d6981c7d59e,0.1764205753152898
ne84e3ef3e1dcb4e,0.8757262292758963
ne850461e443904d,0.6140002834065467
ne85977e5c7eccd8,0.5004959614567096
ne8674d8748ccbf7,0.4098058665155165
ne86c04d225bcfec,0.3127391242737707
ne86cb747eadcea9,0.8411506305795664
ne877055a5045153,0.4480657503188324
ne889227c47746ae,0.1738699163950687
ne8b9c4b254c0dd7,0.8082754711633838
ne8bf4a3c8b1beea,0.8452600255065892
ne8c2a2eae10a05d,0.9982995607198526
ne8c5cbc35b51218,0.634830664588352
ne8c5ed33d98db12,0.7782343772141136
ne8c9b42180eceeb,0.3099050588068584
ne8cb432b8629214,0.509564970950829
ne8ce63cfcb4dd63,0.3739549383590761
ne8d49574bb3cddd,0.9017996315714893
ne8d9817f64f8ed8,0.07708658070001417
ne8d989f72230d39,0.632988522034859
ne8e5bb8ff8f799f,0.9264560011336261
ne90b5a37f35a2bb,0.7963723962023522
ne9138708a0faa96,0.9930565396060649
ne9150e612d58a4a,0.0367011477965141
ne92dce974ff8b4b,0.6905200510131784
ne95611266d79e0e,0.48051579991497806
ne957a3bc39dd323,0.6657219781776959
ne9582ec2bc8ae85,0.2688111095366303
ne959011055ef38a,0.001558736006801757
ne95b71f9ae2be7c,0.4296443247839025
ne9646f3907b225b,0.8458268385999717
ne97688a51e5b223,0.15814085305370554
ne9857f33163ebc4,0.6090406688394502
ne98c82cb6724307,0.13660195550517218
ne99ea84f4d9cd06,0.08941476548108261
ne9a27b1ef2e1080,0.20674507581125123
ne9ad2c0d605d802,0.4249681167634972
ne9b2d369a3c171e,0.8517783760804875
ne9c7b611a7932df,0.9869632988522035
ne9d2608044686dc,0.756412073118889
ne9d5f9c3dae97ae,0.13631854895848095
ne9d84e9c9d33bc5,0.8815360634830665
ne9d93567716f33b,0.9455859430352841
ne9da0bf069ffa8e,0.3142978602805725
ne9ec8e813207910,0.6930707099333995
ne9f1d248c1b6219,0.239903641774125
ne9f631358212862,0.2754711633838742
nea05b124ee9d770,0.0674507581125124
nea1370b2acab64a,0.2569080345755987
nea1b2704d2ae634,0.9899390675924614
nea2307b2398feb1,0.7609465778659487
nea247cbe2cb1188,0.426526852770299
nea3253f0d9799bb,0.28850786453167065
nea3daadb0376c2f,0.7717160266402154
nea461ba968ba4ae,0.45784327617967974
nea4be9be4920226,0.3171319257474848
nea5cfbb28202a0b,0.1676349723678617
nea663a2556233f8,0.35383307354399884
nea774469b984ac1,0.7489017996315714
nea80935632867d9,0.4514666288791271
nea83663a1693b4d,0.9886637381323509
nea89054800bf392,0.9003825988380332
nea8f60f4ed9a67f,0.5128241462377781
nea91eb7998778ad,0.4183080629162534
nea9ae4096ddb1e0,0.5877851778376081
nea9bb78c031af1e,0.9953237919795948
neaa8b7f008902e1,0.37863114637948136
neabde539c884bf4,0.9630154456567946
neac9ab807b49377,0.7202777384157574
neacee2cea976dbf,0.8972651268244296
nead9d13823fb0c8,0.9281564404137735
neadd518c7d58161,0.2608757262292759
neae56279e6cd082,0.09536630296159841
neae745c9ac74884,0.6342638514949696
neaed2ba1e77e4b2,0.6304378631146379
neaf39f8235395e0,0.9747768173444806
neaffa57bfd4bb76,0.36276037976477254
neb0163faa406591,0.2525152331018847
neb04836a07d9b65,0.906334136318549
neb1fdc3ca0247f1,0.9916395068726087
neb251637e3a6ae7,0.30338670823296016
neb394939ea16be0,0.8560294742808559
neb3a45abba35eac,0.9987246705398894
neb4a7548447bd91,0.11577157432336686
neb4dcb177f5a560,0.12314014453733882
neb5b03da153dc29,0.38954229842709365
neb5d6d334c6755f,0.47300552642766047
neb677ae0ce020d0,0.26725237352982856
neb6aba783546831,0.5597279297151764
neb737b963dbc02c,0.025931699022247415
neb80ac19fa361b8,0.5296868357659061
neb8cc41932191f2,0.44239761938500777
neb936432689cf7a,0.596995890605073
neb97df3b69b0e68,0.7969392092957347
nebc323c4ab9283a,0.888337820603656
nebdf82d0d6d77e2,0.46563695621368856
nebe71d8b215fb4b,0.6696896698313731
nebe778f9eff798c,0.7911293750885645
nebeb147f163cf79,0.8370412356525436
nebf2cae3b4c34ec,0.13348448349156866
nec00024ec4f72f5,0.03585092815644041
nec00733203b61df,0.8448349156865523
nec1b52fd187b3bf,0.8753011194558594
nec272cad6da0e55,0.06872608757262293
nec4716edccca013,0.7102168060082188
nec51c928b959d52,0.6991639506872609
nec523e1bacb5e8f,0.36219356667139013
nec7619df06de704,0.4242596003967692
nec7833d497d95f3,0.2822729205044637
nec84a7b719b6ad3,0.06716735156582117
nec8c783dedab480,0.8054414056964716
nec906015ac9eebe,0.6225024798072836
nec90f81ea5bb60f,0.08686410656086156
nec99dc6c4a365c5,0.21156298710500213
necb2889a1625b8a,0.4100892730622077
necc237c313c66e4,0.07283548249964575
necc4b0cdbba721d,0.24543006943460394
necd28a4f9d5518d,0.820320249397761
necdd23e7b08fb4d,0.20376930707099333
nece5606e1721565,0.9417599546549525
necf0364e3164f39,0.6166926456001134
necf253a3fb2590f,0.6091823721127958
necfb2672c505f50,0.013603514241178971
ned0581f3636a956,0.7871616834348873
ned19b7f554327ff,0.9923480232393368
ned1d41a42964474,0.468045911860564
ned20a05a538a044,0.4694629445940201
ned2e0d4061490ee,0.7503188323650276
ned2fc165d667fd8,0.4887345897690237
ned3fc709228ed84,0.05795663879835624
ned523b067d44efd,0.7515941618251382
ned580f6e3dcca7e,0.4493410797789429
ned6a99478b447d0,0.9655661045770157
ned6acf02f3cf703,0.6497095082896415
ned8e4771cc13960,0.016012469888054413
ned8f58a90b3ea99,0.8319399178121014
ned99320463e0df6,0.9105852345189174
ned9f2a2a73a9a07,0.3997449341079779
nedab62dc378de6f,0.8932974351707524
nedabd3b3292beb3,0.8750177129091682
nedb2188bb9c9145,0.3722544990789287
nedb92103d6a841a,0.7362902083038119
nedcef6303b81fce,0.6674224174578433
nedd9487183a6ff1,0.9533796230692929
nede69bc7f26f1ff,0.638514949695338
nede7bbb11905f88,0.2519484200085022
neded273bd7e58a4,0.6618959897973643
nedf52112fcc26eb,0.2673940768031742
nedf843c852f47b8,0.3052288507864532
nedfa1432042fa20,0.18733172736290207
nedfaa150acffbf6,0.8672240328751594
nee00e1f980eee89,0.030891313589343914
nee018df188474e0,0.7571205894856171
nee0368e9dfc905d,0.05583108969817203
nee1174685e2ed38,0.164942610174295
nee1515e0913680b,0.9919229134193
nee1ca0d52d73876,0.2270086438996741
nee237004a0a4d2c,0.9084596854187331
nee2404292c8578a,0.017996315714893015
nee3456dfe22a3b2,0.8670823296018138
nee35a7a81f0c08a,0.16295876434745643
nee4f0f59b66d38d,0.8582967266543857
nee551013ccf7154,0.0535638373246422
nee551142cca3acf,0.8541873317273629
nee5969233d73013,0.5593028198951395
nee64f30c47c6f66,0.734022955930282
nee725c9c6bbb2d8,0.5754569930565396
nee7d6a8821a1ce2,0.10174295026215105
nee7e2f1e4cbbf28,0.015020546974635115
nee8af57f6c0b58d,0.1489301402862406
nee954ea71440b49,0.5160833215247272
nee959488283451a,0.0824713050871475
nee9665bded3ed6e,0.8690661754286524
neea2dedfbbac923,0.430919654244013
neea42b72014d307,0.9654244013036701
neeaff8f6ae33ae3,0.12824146237778092
neeb13770aa03d98,0.918095508006235
neec7f009fe65de1,0.09295734731472297
neeec20251b5e468,0.1716026640215389
neeee6851650a45b,0.6485758821028765
neefd5f54fa018f6,0.7712909168201786
neeff102f2f4264f,0.058948561711775545
nef02a70765cefa3,0.38940059515374803
nef08813fd3cb070,0.3936516933541165
nef119b7777cec5d,0.5876434745642625
nef22e85646227dc,0.7095082896414907
nef232b5e7884310,0.735865098483775
nef23a137e76f580,0.6575031883236503
nef248717c9b7633,0.8598554626611875
nef36fe1f8a168ed,0.6290208303811818
nef47a992a3794b0,0.36559444523168483
nef4d36d28bf25fd,0.954088139436021
nef574171d054c05,0.6959047754003117
nef5b3c0de4b00b4,0.38826696896698315
nef61a7e93c0011e,0.5075811251239903
nef638af048e5644,0.7671815218931557
nef65d0df16b41f5,0.05809834207170186
nef682a1817aa836,0.42326767748334987
nef6dc89e6b68548,0.4095224599688253
nef7419984f8ac2b,0.5689386424826414
nef7becc5d18acef,0.7418166359642908
nef886385f806846,0.27306220773699874
nef92a6cd6bf39ed,0.7513107552784469
nef9b37453e95fac,0.9669831373104719
nefa6a93a9f8a006,0.5771574323366869
nefaa5e7cc91fabe,0.9811534646450333
nefb0a32e435ed9c,0.7323225166501346
nefc4122f896270b,0.8835199093099051
nefc8a9c30e4804f,0.5639790279155449
nefd20ccc5de028d,0.7989230551225733
nefd21aa689fe17d,0.8191866232109962
nefd7946d24aebd1,0.45359217797931134
nefe44f5c779f15a,0.6502763213830239
nefe65ee677bd647,0.16338387416749328
nefe7c34d90668bd,0.1269661329176704
nefe972651f57f83,0.196542440130367
neff11caa157df3c,0.38217372821312173
neff2dec38bb234a,0.858580133201077
neffa2cf1d9b0f2d,0.40810542723536913
nefff09f51db2ffa,0.34873175570355675
nefff11ad1a0e652,0.14552926172594588
nf00140ebd4df60f,0.5074394218506447
nf00cde4e2c05878,0.11024514666288791
nf015a311e1154a6,0.25166501346181097
nf016373be2fdfc8,0.5682301261159133
nf018eed68c56af7,0.5315289783193992
nf022bdf6212fce1,0.04832081621085447
nf03cd421219eabd,0.5016295876434745
nf047948696557a0,0.23976193850077937
nf04fc47f51b2e9e,0.859288649567805
nf051c29685d8e23,0.9771857729913561
nf0527d19415f1e9,0.6791837891455292
nf052ba1967b2d43,0.16310046762080205
nf057175154bc862,0.7856029474280856
nf057a3ad42423c1,0.0038259883803315855
nf06cfed69c7b0cb,0.033441972509564974
nf074df25f9ab8bc,0.6883945019129942
nf078c7a08fafc6b,0.09479948986821596
nf0800c6b5669fd5,0.7157432336686977
nf080e0cbd8fd23b,0.978319399178121
nf083fb1689d2276,0.5013461810967833
nf08cb99260ff231,0.9632988522034859
nf092804147dd967,0.6110245146662888
nf0964e0d83527ec,0.1347598129516792
nf099c3e64e58c95,0.5781493552501062
nf0aded0fd471b97,0.052146804591186056
nf0bdb92ce1dc02b,0.07510273487317556
nf0c25c04629d772,0.7486183930848802
nf0c7cc0e811d65f,0.8537622219073261
nf0cb09ca84b10c9,0.6990222474139153
nf0e474ffa676e28,0.11959756270369845
nf0e514bb571c8ad,0.6538189032166644
nf0ea303d76e3c3c,0.7343063624769732
nf0f142b5b9087cb,0.5695054555760238
nf0f473092280491,0.40229559302819895
nf0fd32435e0dff5,0.7318974068300977
nf129e3c704a15e7,0.6217939634405555
nf13b9b17d811459,0.5601530395352132
nf14d9353d7e5b18,0.23650276321383024
nf16774a49fad2ed,0.2559161116621794
nf16b138efdc1807,0.7795097066742241
nf16f211b226197d,0.5492418874876009
nf1709c15118b90a,0.7759671248405838
nf174be144108280,0.4561428368995324
nf1809751d2a6df3,0.2063199659912144
nf18d2150e1c30a2,0.16196684143403714
nf198d1b60b0ffca,0.2749043502904917
nf1b7edd61d0a01c,0.30933824571347596
nf1becd20adbda26,0.9528128099759104
nf1bf93a45c4dce5,0.5377639223466062
nf1c1cbcbd7fe735,0.3332860989088848
nf1d0495a2d139a3,0.15417316140002835
nf1d35e619ba103e,0.8850786453167068
nf1d59e3e5ec90aa,0.09550800623494403
nf1e8d2b73f08c26,0.738415757403996
nf1f2242e78dac10,0.311180388266969
nf1f9d084ccd6f99,0.43502904917103585
nf1fc7efacbb93c3,0.548108261300836
nf207e86f28601b2,0.8520617826271787
nf208d68bebfcb66,0.6145670964999291
nf20bd2ab9ccab42,0.2652685277029899
nf2141b95eb7c5d2,0.7850361343347031
nf21794b6d8106d3,0.3541164800906901
nf22eadf171e65e1,0.6029474280855888
nf230a589844069b,0.7552784469321241
nf23399a142769f0,0.04534504747059657
nf2345f46da3edd0,0.4078220206886779
nf24509cf6a552c9,0.2638514949695338
nf249b0a1af89330,0.8279722261584243
nf249d2e289c06c9,0.36531103868499365
nf24d6bee1844933,0.04406971801048604
nf2594c8300c1a09,0.315573189740683
nf26354311131264,0.6081904491993765
nf26c475919cecfd,0.5604364460819045
nf26d702a1b5f098,0.4663454725804166
nf274529ac0b0cd9,0.6416324217089415
nf279ea071b36c91,0.6672807141844976
nf27ac2640b70941,0.09635822587501772
nf27bb4715cfaa19,0.37041235652543575
nf295c3b8540327d,0.6294459402012187
nf2a259f434fe349,0.9115771574323367
nf2a6071d83512db,0.8923055122573331
nf2a6699d1c4d360,0.130792121298002
nf2c701ec4cfad09,0.8906050729771857
nf2cbe8d7f29dac9,0.5284115063057957
nf2cca10dccbf2ae,0.7368570213971942
nf2ddfe5766262fb,0.7992064616692646
nf2e551baa522cb9,0.3060790704265269
nf2f6240d837fc08,0.5478248547541448
nf2fa8345f67e7ae,0.7248122431628171
nf30784779d6390b,0.3133059373671532
nf30a47fb6e90925,0.6287374238344906
nf311366ae2437e2,0.7477681734448066
nf31d37a2e8580b8,0.16891030182797223
nf333b86e27c27cc,0.6030891313589344
nf33cd7d20fab5e8,0.32379197959472866
nf3472ed50970565,0.48079920646166924
nf34994ca07613a2,0.7885787161683435
nf3556f11480f24a,0.936091823721128
nf36e6c2ce87ffc3,0.7076661470879977
nf36fb3b1f0399db,0.22162391951254073
nf37af54740f601d,0.3638940059515375
nf3830d0578fd047,0.42241745784327617
nf38b1da91dbf870,0.7668981153464645
nf3a6611a278f547,0.7803599263142978
nf3b33d92a481968,0.8621227150347173
nf3b82872c80ee62,0.564687544282273
nf3c45dfa768bf61,0.9521042936091824
nf3d9ea37878e012,0.05228850786453167
nf3dc104ca12388f,0.2122715034717302
nf3f219dda84e1f3,0.2428794105143829
nf3f25c01c9e29a4,0.040243729630154455
nf3ffa9ac7740572,0.20816210854470737
nf40237fff95e668,0.238061499220632
nf40a7daf1ad5523,0.3898257049737849
nf415f127a5700b5,0.43276179679750604
nf41ea595ebe607f,0.0011336261867649143
nf423421cb454fe0,0.8329318407255207
nf4423f0bfdb7534,0.7381323508573048
nf44afbe75bb9b75,0.5965707807850361
nf4535ff010bbe78,0.18719002408955646
nf454498eec02dd3,0.19271645175003543
nf45463113e01a7b,0.04491993765055973
nf45954dd6856ec0,0.9699589060507298
nf499635824470ac,0.20717018563128808
nf49a4f0e464f317,0.40328751594161827
nf49b03a8fdf5a2d,0.6660053847243871
nf4a0c8b583da97d,0.9642907751169052
nf4a38bf83db913c,0.2032024939776109
nf4aa6169f08e61b,0.791696188181947
nf4aba6483b87e78,0.13121723111803882
nf4aea241b3785ec,0.43049454442397617
nf4b8c535efb7f3c,0.7875867932549242
nf4d435473680f3c,0.3432053280430778
nf4d66102b0033bf,0.7239620235227434
nf4e3501604ac580,0.12554910018421425
nf4e4476b79f3fdf,0.527561286665722
nf4e8e128a960738,0.7134759812951679
nf4efbff82049f91,0.6215105568938643
nf4f178cac4c399b,0.40456284540172877
nf4f5d112b3d0b30,0.9171035850928156
nf4f8f8b9052846c,0.551084030041094
nf500037f7fefb29,0.5279863964857588
nf514887406573b9,0.8782768881961174
nf525ccb8922ee94,0.15048887629304236
nf52e1be974257db,0.37551367436587785
nf541f44346f6a5f,0.7994898682159558
nf547f78f4008412,0.9752019271645175
nf55524499608266,0.16210854470738273
nf5605eb44f7c1e8,0.3341363185489585
nf5612dcbe51ab0e,0.6563695621368854
nf56a544ec56b42f,0.03854329035000709
nf56f0bcafe395e5,0.6378064333286099
nf57117fe4876908,0.08062916253365453
nf580be850c21be9,0.5707807850361344
nf585bb982c5c881,0.8356242029190875
nf5948edee599113,0.4457984979453025
nf59e0c450bf4900,0.17301969675499504
nf5a0b2ce9b2169c,0.09196542440130367
nf5a43d4cf66db3c,0.8948561711775542
nf5a92c2e5cfef07,0.5992631429786028
nf5bcdf7380f0b0b,0.8075669547966559
nf5d5d205aa3b1fc,0.38968400170043926
nf5e8c2a9a959f38,0.4028624061215814
nf5eb8e5af18bc2f,0.9437438004817912
nf5ee52f73527a01,0.9380756695479665
nf5ff8f1af001a05,0.39790279155448494
nf6029c66747f3c1,0.930565396060649
nf6217d1d9f80341,0.4443814652118464
nf62384b98b2e322,0.7840442114212838
nf62444feb5cbebc,0.08615559019413349
nf63ea9d3c4e0088,0.7806433328609891
nf641da1a9f248e4,0.0515799914978036
nf64541461217045,0.7980728354824996
nf6567e0a6745eec,0.9413348448349157
nf65b55d4a202e73,0.2889329743517075
nf66142972c279d6,0.3840158707666147
nf6739b132a78267,0.5061640923905342
nf6851f94a7edfa7,0.8200368428510698
nf688aa48e568479,0.1734448065750319
nf68d2246b66de0a,0.505880685843843
nf690a26418c1997,0.5744650701431203
nf69112038e43f81,0.7001558736006802
nf6966ecbc148678,0.5322374946861272
nf6b1eca7c42e1fb,0.13461810967833357
nf6bd4ef830e5dc0,0.7286382315431487
nf6c3f9b30cfba5c,0.07354399886637382
nf6d112bd4add7e6,0.8635397477681734
nf6dcc02afc0446c,0.5459827122006519
nf6e5bdc5b22610a,0.9046336970384016
nf6ec434a327f6fd,0.5500921071276746
nf6f185ec7427113,0.40838883378206037
nf6f5c2ff766f50d,0.48845118322233244
nf7001c96f394e6a,0.01912994190165793
nf70a451dc93ed7f,0.43715459827122005
nf725fa405d1090a,0.23281847810684428
nf72815f6368828c,0.7124840583817487
nf730080cd9833b8,0.2556327051154882
nf7382136365773a,0.8792688111095366
nf73cc3bf086da11,0.7219781776959048
nf74ab4f45af46b4,0.5938784185914695
nf74f3414ff7b4f4,0.3661612583250673
nf75010105420ff7,0.06858438429927731
nf75072bc6e8bf2a,0.5217514524585518
nf756035d2f9f457,0.43191157715743234
nf75cf04dc3a45e9,0.7262292758962732
nf76875bbfc22f41,0.3631854895848094
nf7765cde893fd9f,0.39535213263426383
nf77903fe3747f42,0.6535354966699731
nf77e2b623c177c4,0.3461810967833357
nf78d2414c7e820e,0.27079495536346887
nf7915b5c52b4af8,0.577865948703415
nf792fdaa36280ed,0.589627320391101
nf7965d00b565122,0.3915261442539323
nf7bb13e1c4d3387,0.9397761088281139
nf7bcf744d10ec4c,0.714893014028624
nf7c590b54b4f450,0.4938359076094658
nf7cb12400b0c183,0.8221623919512541
nf7dadadf88a028b,0.35482499645741816
nf7df13db563d294,0.148788437012895
nf7ea193d509ac96,0.7970809125690803
nf7f464460b5124e,0.6541023097633555
nf819907ba48efaf,0.9858296726654385
nf8352982c3635c0,0.370695763072127
nf835d51a53e08d6,0.4820745359217798
nf836f29107f789d,0.8826696896698314
nf837ab5b0d0a84d,0.3076378064333286
nf84e69475a44bf3,0.8768598554626612
nf850b0bdd82a2df,0.17769590477540032
nf85520fc06b50cc,0.563553918095508
nf8594f41b7fd3c1,0.8026073402295593
nf866dd07da683ce,0.06319965991214398
nf8687b87e97a1c8,0.22445798497945302
nf86a6f57c3773e4,0.0406688394501913
nf87303cdef0cbe9,0.07651976760663172
nf8846dde1cdd0c0,0.3025364885928865
nf88b1a7bc907769,0.11392943176987388
nf8977079b41a6ee,0.14510415190590903
nf8a0154a3e2398c,0.7625053138727504
nf8ad90fdf14de7c,0.1823721127958056
nf8b1d87c2eca849,0.18322233243587926
nf8b1db5cb681a88,0.3549666997307638
nf8bc5c6acb86df1,0.5537763922346606
nf8c7cd888099698,0.2359359501204478
nf8db61561a0d6ca,0.24982287090831798
nf8e4da44b93e014,0.7394076803174153
nf8f0698d25c5905,0.1954088139436021
nf8f6733b2cf203d,0.10145954371545983
nf8fba1cb907ac97,0.6713901091115205
nf912d9868e3e7dc,0.08913135893439138
nf918c34cf295322,0.6796088989655661
nf91d5cce8cb08c5,0.1279580558310897
nf9268fc2f7060eb,0.6855604364460819
nf93e2d24b135048,0.9967408247130509
nf94fe63bde1a270,0.1160549808700581
nf95159d7f760c2f,0.9681167634972367
nf954ddf58a5eb56,0.414765481082613
nf95ed03901548fc,0.09281564404137736
nf960992ed0515ed,0.34363043786311465
nf962c7edb3ef5a6,0.062066033725379055
nf963e8b87c3775a,0.9054839166784753
nf9696e789e2c749,0.4555760238061499
nf97658eeb95894e,0.6446081904491994
nf985a2ddbd0afe8,0.6467337395493836
nf98abbee76415c2,0.40909735014878845
nf991673fc27c395,0.48859288649567806
nf9b515a78efac24,0.6273203911010344
nf9bdc76c41368bb,0.5342213405129659
nf9be038bce520f0,0.5513674365877852
nf9d424ce5d53f21,0.7741249822870908
nf9d8a6cb1bd2f94,0.07609465778659487
nf9dab45cba6365a,0.6580700014170328
nf9e4f72b3c216a9,0.44707382740541307
nf9eb35c57bab803,0.9703840158707666
nf9f768e3ffca609,0.48164942610174294
nf9fd02fcf48ae70,0.6985971375938784
nf9fd43963fca68c,0.21042936091823722
nfa06ad127c2c4f2,0.6057814935525011
nfa0b619f4c990a7,0.11322091540314581
nfa1e403550f668b,0.6125832506730905
nfa2576a7c7e826a,0.19030749610315997
nfa25f955075df04,0.6001133626186765
nfa2b683512c7ea2,0.38004817911293753
nfa3089e649f03b9,0.7479098767181522
nfa343d1ee06d663,0.5424401303670114
nfa35d8eede5fac0,0.4819328326484342
nfa39371c8898bd8,0.8534788153606349
nfa4ba6e956ea16a,0.9294317698738841
nfa558393beb5f85,0.7915544849086014
nfa6dfd8d6d4b089,0.6613291767039818
nfa78de580643136,0.8030324500495961
nfa7c7b2f9449a56,0.9025081479382173
nfa81e1249cdb3e4,0.807141844976619
nfa9119808d46ddd,0.35935950120447785
nfa9414e4c003f15,0.23154314864673373
nfa9498a3322baf8,0.5303953521326342
nfa9bc8a1ef8c325,0.0872892163808984
nfaa1e7c17f70351,0.5353549666997308
nfabafa8b3ac564e,0.6468754428227292
nfac3322d0f26b9f,0.11860563979027916
nfac41244f67440e,0.06291625336545274
nfad13446be3d364,0.3719710925322375
nfad58e9e55334f5,0.8387416749326909
nfad65c1b420e7dd,0.3891171886070568
nfad9bedac11682a,0.11874734306362476
nfae654b079457e7,0.788011903074961
nfaf55b85b0126d6,0.42383449057673234
nfafe61c7132e210,0.4592603089131359
nfb08aabbfefa081,0.07666147087997732
nfb0ea964ea6aeb8,0.9086013886920787
nfb12746ab8e49f4,0.3587926881110954
nfb154910518ce1c,0.774408388833782
nfb1622e9e98d0f4,0.6412073118889047
nfb1ae739100c3ec,0.44537338812526567
nfb222703e00029e,0.19115771574323367
nfb2e7eb03b3f48a,0.7779509706674225
nfb3180fae603100,0.6413490151622503
nfb3cbf29976356f,0.6298710500212555
nfb3dbaa4272c65c,0.6732322516650134
nfb49120456b9a20,0.29686835765906194
nfb4997a1616f035,0.275896273203911
nfb5510f6f6f0e55,0.9370837466345473
nfb59719d46f9d48,0.0704265268527703
nfb5cd74d6d0f9ec,0.9834207170185632
nfb691cc754a5f3e,0.742100042510982
nfb6bd5f65dee0bd,0.6261867649142695
nfb7463d373a776c,0.7046903783477398
nfb7bf44c3300515,0.8577299135610033
nfb828c02eadf151,0.13532662604506165
nfb82a2b58541faa,0.743942185064475
nfb86e0fdc2184a2,0.37480515799914976
nfb8adf7838a8270,0.5221765622785887
nfb98013f188f62d,0.7592461385858014
nfba878024331405,0.4487742666855604
nfbaf5105f88d800,0.9144112228992489
nfbb293b0b069dc3,0.9080345755986964
nfbb413ac38653fb,0.11803882669689669
nfbbc9c0ae1838d6,0.5431486467337395
nfbc08c31b75952c,0.5006376647300552
nfbc2931a598a98c,0.3817486183930849
nfbd262ac3f7c577,0.6970384015870766
nfbdf56aea961907,0.7887204194416891
nfbed11e9dcc0428,0.19186623210996173
nfc09e74c0446d6b,0.7367153181238486
nfc0efb6c1c8b7a3,0.6019555051721694
nfc2469915f85628,0.09239053422134051
nfc51cd195867172,0.872183647442256
nfc6b35d84b3d0b0,0.9365169335411648
nfc7211247980daa,0.18067167351565822
nfc782b8b1a42b19,0.45486750743942184
nfc7bf5eeb0bd0f4,0.14836332719285816
nfc80e85640b4720,0.44905767323225165
nfc845fc063de357,0.6830097775258609
nfc954076bb9d550,0.8119597562703699
nfc9f91c1ccd6c7e,0.2890746776250531
nfcaa131177d3165,0.6165509423267678
nfcb89050a326bf5,0.39719427518775685
nfcc9cac5e44da03,0.6966132917670398
nfcd4d057841fae1,0.5414482074535921
nfcd78792e6ac0cf,0.782910585234519
nfcd96665f2b1a12,0.571631004676208
nfcd97e26031c452,0.7449341079778943
nfcfcaae4b801e93,0.33300269236219354
nfd0e9ae0b11d985,0.24202919087430919
nfd0fd5eb7acb583,0.1798214538755845
nfd24ebb2b4990eb,0.9142695196259033
nfd33b8be4a255f5,0.9812951679183789
nfd385847ae02062,0.5448490860138869
nfd3d1a66fd9b140,0.5187756837182939
nfd401e1478ea9a4,0.7895706390817628
nfd4141338bd708f,0.4585517925464078
nfd455bdaa96c338,0.5849511123706957
nfd51f32ce0e377e,0.7892872325350716
nfd5721390309877,0.6297293467479099
nfd71770f2cfa0a4,0.4117897123423551
nfd726d670636e66,0.4861839308488026
nfd8e7346e7a403e,0.9265977044069718
nfd8f535f4535064,0.20447782343772142
nfd9511bb051e205,0.6601955505172169
nfd95ee84c74260f,0.6638798356242029
nfd999694dd23611,0.583392376363894
nfda1ed2f86b63be,0.4484908601388692
nfdae86fe09a6ebc,0.24656369562136884
nfdb1f3c3118237b,0.38146521184639365
nfdb36e1a50bbcb2,0.5962873742383449
nfdc1981e9af7c3b,0.7636389400595154
nfdd2be607c05b62,0.19682584667705824
nfdd64db68fe6edf,0.43644608190449197
nfde33ba8a09a5f7,0.09749185206178262
nfde40b2571de1b5,0.08473855746067734
nfde946f0d693832,0.70242312597421
nfdfe9df9537fd0c,0.054414056964715886
nfe00872f24d8b2d,0.9095933116054981
nfe0262bc2c49cbf,0.9902224741391527
nfe0698db60ea240,0.0009919229134193
nfe0735f20b77a31,0.7273629020830381
nfe0b5883f41a556,0.32960181380189885
nfe0f51b100c9b99,0.7335978461102451
nfe129c73af8d53d,0.5989797364319116
nfe269c1dd61156c,0.6025223182655519
nfe2ccd7969a3482,0.5434320532804308
nfe2fe3f69d004a5,0.6186764914269519
nfe33e9646325170,0.7212696613291767
nfe3f4d99f34ad3e,0.772566246280289
nfe414cefdaacddf,0.24642199234802323
nfe6543e6e674ac5,0.23749468612724953
nfe69d731c0b7d23,0.931699022247414
nfe6a19e59e29079,0.8081337678900382
nfe6e83c151a46fa,0.5177837608048745
nfe77b6bbecf370d,0.18435595862264417
nfe86146037eb4fd,0.19484200085021963
nfe8ca0d4db75421,0.16423409380756696
nfe96c96f05799df,0.31103868499362336
nfe993c70955ad85,0.1548816777667564
nfea84ff8d79cde2,0.3692787303386708
nfeaef4cc84d0fc4,0.46011052855320955
nfeb3affb3eb99b2,0.5267110670256483
nfebf70bfa220598,0.5509423267677483
nfec3ca1c0619e3e,0.8920221057106419
nfec63d43cce580b,0.918804024372963
nfecac2946a19ba5,0.5964290775116905
nfeccd95ab39eb67,0.5519342496811677
nfed94cf247afc9c,0.25379056256199517
nfee658b1a3e45e0,0.012611591327759672
nfeee9fc4667588a,0.7083746634547258
nfefc3e4fb881890,0.047895706390817624
nff0178af7adcc21,0.664588351990931
nff0517608999ec9,0.5656794671956922
nff165c5e30b1770,0.6315714893014028
nff1bc95eff82604,0.4306362476973218
nff252a4e31f6192,0.759387841859147
nff29c4090c88d55,0.2734873175570356
nff420d55ebdf80a,0.8128099759104436
nff4215ca62eb9e9,0.3988947144679042
nff5046385c750ef,0.40739691086864105
nff5939079577042,0.12611591327759672
nff651e60ee1f2f3,0.08091256908034576
nff6d670b9a051c9,0.882811392943177
nff6dad96b9adc9a,0.8575882102876576
nff789a88bb272ff,0.029757687402579
nff79cc79b6dc95c,0.8058665155165085
nff7c0fbaf5d4a36,0.41816635964290777
nff85a04f8334871,0.6950545557602381
nff8e2cf416b43ac,0.8536205186339805
nff9c348161893f4,0.10585234518917387
nffaadbbf82e240d,0.9273062207736998
nffb3c1b683d0599,0.21694771149213546
nffb6f62a9164e69,0.8142270086438996
nffbdd6950f2cf5a,0.7705824004534505
nfff52d11ba2b5b3,0.8024656369562136
