A 五十日,B フィキシング,C 週末,平均
-0.4858031686563246,0.25426231184737613,-0.27681615560948214,-0.16945233747281022
0.8337900506959577,0.2547679598520015,-0.023712941857870352,0.3549483562300297
-0.4165604913916475,0.5479191371698126,0.25588895796448097,0.129082534580882
-0.8302084429482675,0.524861913145768,286.4241383522461,95.3729306074812
0.039808667193198005,0.3258391373985017,1.6479165194046446,0.6711881079987814
-0.30072915557344276,0.22039245949021122,-0.2559976195154355,-0.112111438532889
-0.3239191949341662,0.17620751668324017,0.0642404270924703,-0.027823750386151914
-0.11231496053537804,0.6650083092212136,1.0101281049412036,0.5209404845423463
-0.26394762609937195,0.405823860776514,0.08112046953556813,0.07433223473757006
-0.7747835543138982,0.35776068949811013,-0.5484855784748919,-0.32183614776356
-0.5911007186565048,0.13791679269965096,-0.6498141751898499,-0.36766603371556794
-0.3250528492751632,-0.2671951843254682,1.6392258253685885,0.3489925972559857
0.10409550269943794,0.41757862406465485,-0.02619453821471975,0.165159862849791
-0.326082248352181,0.39347671876936263,0.25171756065872963,0.10637067702530374
-0.20130419833374463,0.2029220061405242,0.531017246034482,0.17754501794708719
0.3136295055770361,0.511521575117006,0.46775696325678207,0.43096934798360803
-0.24165484038596471,0.4495250364381869,2.0159583733856907,0.7412761898126377
-0.5030183745911135,0.0961060659209131,0.1257155032421619,-0.09373226847601285
0.09130619537085383,0.5080430543020383,-0.6220219218432533,-0.007557557390120391
0.18813697602114307,0.22212974314437212,-360.6049245631645,-120.06488594799966
-0.03909719282060875,0.3596084137529831,0.5035531582267394,0.27468812638637125
-0.2329178545556338,0.24996045207829876,-2.9708229081291893,-0.9845934368688414
-0.2338197656626195,0.5614090241783464,-0.5542374770935846,-0.07554940619261925
0.03537945461932941,0.15328744232860333,-0.4073641041092007,-0.07289906905375598
0.7247525922836859,0.30439130421361266,1.0299668780644893,0.6863702581872625
-0.5507176931847244,0.22239368356856873,-2.756022873965424,-1.0281156278605266
0.19585612285924456,0.2558417421655009,0.13947158842410118,0.19705648448294885
-0.842120524113294,0.4078517984775252,0.23432803931689308,-0.06664689543962524
0.608047815703819,0.4982203564587691,0.6860177554442431,0.5974286425356105
-0.43444488169122675,0.5544000156697759,-2.2524091437047105,-0.7108180032420538
0.05226191022350316,0.56711354266728,0.3776326691891671,0.33233604069331674
0.8127688334717641,0.13438979647445246,0.349000259425395,0.43205296312387054
0.062339139631613395,0.19034937334024604,0.46802308413306165,0.24023719903497373
0.3197117445436625,-0.16246249717947864,-0.8769864999997491,-0.2399124175451884
-0.26473553799574834,-0.02124068049629785,-2.4810562245306405,-0.9223441476742288
-0.28173405434538634,-0.006556608893146783,-0.35971685628998024,-0.21600250650950445
0.4292592564335714,0.44027785249004353,-0.05693918773079104,0.2708659737309413
-0.45614963471041015,0.26292627042570865,0.43430693377335744,0.08036118982955198
-0.23825650213687533,0.11855674898817288,-0.575351826436325,-0.2316838598616758
-0.3877757493672528,0.2700993717714593,6.861491390116659,2.2479383375069553
0.3197779350605327,0.24447343099834518,-0.5501507381666307,0.004700209297415732
-0.47851588433809417,-0.02231512676061555,-1.4821455360200466,-0.6609921823729188
0.4368300704836542,0.19420028209476586,0.1591526650567246,0.26339433921171485
-0.5876232509688372,0.11734562221539618,0.47778068701351223,0.00250101942002375
-0.024244956808428277,0.40308521771488603,1.6917603108415435,0.690200190582667
0.3858362800691294,0.42472515308338554,4.862258584916736,1.8909400060230837
0.13678321318002254,0.2422963781778279,0.9582807729976676,0.445786788118506
0.06485902988232779,0.28342007950161785,-5.8457044358271535,-1.8324751088144027
0.418641171366201,0.4597076274100276,0.19093023433339937,0.356426344369876
-0.24392170833179086,0.09488695654249228,0.5764482914466811,0.14247117988579416
-0.3428274246684283,0.26574272765867646,0.17930058318263475,0.034071962057627636
-0.30242507071487956,0.3261631909665765,0.1618033665378595,0.06184716226318548
0.39283765344044325,0.40479946033952224,0.5525442546915204,0.45006045615716195
-0.19742062396680948,0.2401288177503194,-0.003338381005523536,0.013123270925995465
-0.032046400010399684,0.16126906139326702,-2.230524113997502,-0.7004338175382115
0.17691641707685857,-0.020233770239101678,-1.4755935132167104,-0.43963695545965115
-1.6324453716682237,0.3131645669075045,0.01667670951448823,-0.434201365082077
-0.11384311634640822,0.37515957591556875,-2.448826771189203,-0.7291701038733476
0.003789777677565649,0.270603079528948,0.9499588921906076,0.4081172497990404
0.4295243860407859,0.448767194820207,0.08985468341105111,0.32271542142401466
-0.3089709150209275,0.309575716529759,-0.5916758606001756,-0.1970236863637814
0.19290437695273352,0.5775200253125355,0.26471749734926187,0.34504729987151034
-0.029630653800186226,0.19749698286205208,6.107872106722172,2.0919128119280126
-0.17338736224662846,0.47916397503448854,-1.5263307900360816,-0.4068513924160739
0.02128647478054164,0.2142321447024923,-1.1262586080085675,-0.2969133295085112
-0.001578449713969786,0.32158431984126046,-4.57693721605145,-1.418977115308053
-0.5150489240052175,0.29505519756058146,0.42017396532787327,0.0667267462944124
0.08464066213796115,0.057319440467284974,5.45127167425126,1.864410592285502
0.5742868685096394,-0.0049493277014663085,0.9324023386245546,0.5005799598109092
0.2929011375892018,0.21392023693384835,3.665902119214111,1.3909078312457204
-0.14959937018795105,0.45175489682454195,0.692887698196425,0.3316810749443386
0.1906283725574198,0.283364828329926,-1.3568588202735303,-0.2942885397953949
-0.030745120894909838,0.059105991550603004,0.6135619019843594,0.2139742575466842
-0.6256112721052579,0.3970415907050474,0.18821527194188883,-0.013451469819440556
-0.13858993777540865,0.21280421221218415,-2.8886324637480616,-0.9381393964370953
0.3430143398069227,0.30474497896201036,0.3037167768091438,0.3171586985260256
-0.0293599863148394,0.36026494568794215,0.2980692475952699,0.20965806898945757
0.3912281281526944,0.2863844937862325,0.27400858932464656,0.3172070704211912
-0.42682175882586915,0.4631265659612965,0.07862437593728942,0.038309727690905584
-0.18212431802743206,0.09531740498081794,0.5370149507402979,0.15006934589789458
1.06635528052993,0.25271804100870215,0.890313122314652,0.7364621479510948
0.4086903937237796,0.17001439341279545,-1.2654123613923693,-0.22890252475193143
0.4003268995314717,0.259172901865845,2.079072431144459,0.9128574108472586
0.1126701594506027,0.5130144023992036,-0.21423523485685655,0.13714977566431655
0.30583988896659203,0.4500614846546631,-0.0898528756834548,0.2220161659792668
0.41305589593863373,0.15904258238063224,-0.2924034484456452,0.09323167662454025
-0.1599359778218375,0.35427687172529637,-0.24267570461713522,-0.016111603571225448
0.3508937099646235,0.40953530590384407,0.08141375474185372,0.2806142568701071
0.035061038722670884,0.2434063461973415,-0.624690179773076,-0.11540759828435453
0.39401541965468895,0.4926641376175996,0.41197058072084997,0.4328833793310462
0.8770351066748241,0.14658614999653302,0.6360220108241359,0.5532144224984977
0.1634718625733169,0.42296258130100256,-0.3342970040956997,0.08404581325953991
-0.23926035004501775,0.5071729003317773,1.7551709666518682,0.6743611723128758
-0.3891453454145074,0.5061621716973232,0.48660939262101094,0.20120873963460895
-0.6538502354091743,0.51552008161607,0.42082865596388797,0.09416616739026122
0.6078345122339179,0.5438094825085322,0.6418932695255579,0.5978457547560027
0.5908687799059746,0.6907023335921928,0.11819095711932384,0.466587356872497
-0.22276269110999905,0.5151028160594512,0.3959158107258316,0.2294186452250946
-0.06365494613438528,0.2522799802701182,0.26380546840288577,0.1508101675128729
0.26971028434087874,0.45363891343560886,-0.3223648983345706,0.1336614331473057
-0.09564122535818421,0.2636960706709107,0.18496358060346205,0.11767280863872953
0.47874156611712126,0.29529553741030823,0.3585401586361018,0.37752575405451044
-0.16388212406947336,0.5862196487417763,0.4679856963849353,0.2967744070190794
-0.34269840965477477,0.46278865960473514,-0.6952181248563932,-0.1917092916354776
-0.15787950703980336,0.271108603799167,1.084254186893827,0.3991610945510635
-0.04506337014517059,0.23110389867306258,0.08307201621397871,0.08970418158062356
0.25645805938323396,0.282380775173973,0.2709324671398051,0.26992376723233735
0.09101409375853836,0.6218937677055325,-0.8867919378399752,-0.0579613587919681
0.35238681708097347,0.2752903480581415,-2.8563291641922044,-0.7428839996843631
-0.039253648377273846,0.4810986080878122,-4.661258848161189,-1.406471296150217
-0.1121487866600165,0.11378343034438256,0.4162154747686074,0.13928337281765782
-0.5288550105397896,0.07103755250828006,0.31391046275932877,-0.04796899842406025
0.4110584401160893,0.4253765689194587,0.23423927846610498,0.3568914291672176
0.011987736612444157,0.29339341222165194,-2.1768422599881396,-0.6238203703846812
0.055814805915787,0.37798793028787203,5.021266644964856,1.818356460389505
-0.03933766040121932,0.6777856974374681,2.2063353579854517,0.9482611316739001
-0.18013127260574238,0.2509553425010265,1.5044253660787021,0.5250831453246622
-0.059118763384695676,0.19220406166525927,0.29893143048014165,0.1440055762535684
-0.1791573744716525,0.533831074224597,0.8127233394132499,0.3891323463887315
-0.06861762738261168,0.6041780137785835,0.4874164735921251,0.34099228666269893
0.11107118847348539,0.38100305607319174,0.5410246407889135,0.34436629511186356
-0.02843924580941489,0.017673276469008174,0.15486299451961555,0.048032341726402944
0.28665614646567483,0.16493871960023415,0.44973646051008664,0.3004437755253319
0.027055200336826492,0.30394102890363484,0.7467738781070137,0.35925670244915836
0.16522310072207533,0.15319015045825232,-0.01359568410816017,0.1016058556907225
0.5756652988829475,0.14518244577437608,0.2171336832242003,0.312660475960508
-0.6528373779028473,0.5017895136818039,-1.5634093015642145,-0.5714857219284193
0.056519487590951135,0.28412712192758116,0.13303815726497628,0.15789492226116952
0.22930056892054063,0.05630599532711891,2.329131784860025,0.8715794497025614
0.23561349059659878,-0.11428096391272623,-7.495116795311068,-2.4579280895423987
0.09705375333040696,0.234281924207243,0.07972960131133201,0.13702175961632732
0.23700324254172048,0.2786308788286859,0.6608407699937424,0.392158297121383
-0.028014798784544475,0.3187207102107248,1130.812386379132,377.0343640968527
-0.39759702057208657,0.3437455297441146,-0.6341071718346777,-0.22931955422088324
-0.3143340067047141,0.3624891745393941,0.6136515678859829,0.22060224524022096
0.07681334186146457,0.4875030228853739,-0.5374815512021169,0.0089449378482405
-0.010167378509963817,0.3569542099197113,0.5513935951390925,0.29939347551628
-0.6555236851162665,0.38273686286727954,-1.1404095543486028,-0.4710654588658632
0.16272346565389442,0.17537038656684892,-0.1827512161278571,0.05178087869762874
0.5298667187168316,0.16041347080001211,9.556671587305296,3.4156505922740465
-0.09439685159887118,0.5929762474493222,-1.4528434819700702,-0.31808802870653974
-0.20743535552893014,0.7948829725905471,0.7676163859700792,0.45168800101056544
-0.4796944588498964,0.18115703425298496,-0.5395052546692559,-0.2793475597553891
-0.18162537726109154,0.12390568613189198,0.1337098053542854,0.02533003807502861
-0.656225399725774,0.2071233723048278,0.19014454858896662,-0.08631915961065985
0.2881185243125984,0.11706807611485098,4.268227253606789,1.557804618011413
-0.06008272727485411,0.13789360389076524,0.22880746420705403,0.10220611360765504
-1.141344075046387,0.22002743316617293,0.26501756578558083,-0.21876635869821107
-0.20566506499928425,0.4083287217309334,2.0486493098453304,0.7504376555256599
-0.3474709940775765,0.21025611654313672,0.32805540363441316,0.06361350869999113
-0.29653969704753447,0.6314594864479485,0.8003692054478633,0.3784296649494257
-0.3885580732400004,0.45527788219737964,-0.007819358720712056,0.01963348341222239
0.583573861857116,0.0823774069664479,2.3762055849326997,1.0140522845854212
0.2910001516986477,0.35416754337315237,-1.2762036343640328,-0.21034531309741092
0.11535107736803425,0.007413905902233231,0.41323283236140707,0.17866593854389154
-0.31263937621136495,0.5905904270524112,-1.891400399060304,-0.5378164494064194
0.1626871127997123,0.5249261320339034,0.38559470389577344,0.35773598290979636
0.3527318675506186,0.21515988791461715,-0.14408366327467684,0.14126936406351964
-1.0164390420184972,0.4096459963236306,0.5190793319562755,-0.029237904579530388
2.31976727627752,0.437754072182674,0.7722714696176047,1.1765976060259329
-0.09322371088455784,0.16247542405948767,0.13001390099717602,0.06642187139070195
-0.01691713712454365,0.308779483037388,-0.3734820044502268,-0.027206552845794135
-0.2692132995295296,0.556684541279355,3.649412584173908,1.3122946086412444
0.11558863941729662,0.284813697528275,0.9654402934301755,0.4552808767919157
-0.8883409185242467,0.3188349909706971,3.7319892430300112,1.0541611051588207
-0.26683311304324014,0.03135990018236053,0.6311594631272188,0.1318954167554464
0.32064938129082077,0.5209748472528692,0.6145680963723076,0.4853974416386659
-0.09439250963410946,0.3093978358193613,-1.496645080468942,-0.42721325142789673
0.25677229082311687,0.29575268784648934,-1.3635630123143925,-0.27034601121492874
0.055573260611204336,0.25631086674393716,0.7180590800349944,0.3433144024633787
0.07912647581505823,0.1349250600741998,-2.4939115902159856,-0.7599533514422426
0.10628865994782095,0.21707278166346172,-1.138528778047046,-0.2717224454785878
-0.5674402221915302,0.045050853020453724,2.011993424212856,0.4965346850139265
0.3303332727978971,0.4338703093978468,-0.6411396534010757,0.041021309598222734
-0.002080223756156751,0.479824927512093,0.5597665455760121,0.3458370831106494
-0.04694913146895232,0.3656230254623525,0.06639688277745939,0.12835692559028652
0.47485999314747646,0.20691826613066885,0.21637584779254293,0.29938470235689607
-0.8284459809945485,0.09640729486046137,0.6351625641392521,-0.03229204066494499
-0.4255643435504681,0.4548463259290408,19.615991106230265,6.548424362869613
-0.38521203772862506,-0.004330071918436308,1.4616228352803788,0.35736024187777254
0.12528981536336004,0.1972057844256943,1.3959164119767322,0.5728040039219289
-0.3518126401082996,0.020921709499449347,1.091478554968352,0.2535292081198339
-0.10392473583244988,0.3068155111169124,0.2826967608494888,0.16186251204465044
-0.43081896200024783,0.1517816852398195,4.291043109742028,1.3373352776605332
0.20301875661439778,0.5029107885045472,1.769023166015386,0.824984237044777
0.16733416449114522,0.2827240084520515,0.014402166329759776,0.1548201130909855
-0.10474604489903785,0.6529682936676608,-0.5031547081312352,0.015022513545795943
0.06203886390066648,0.2958368370282632,-0.02710691864269943,0.11025626076207674
-0.9268940951005585,0.3410252964747709,1.159182053348245,0.19110441824081917
0.03444537704018584,-0.011408988909007812,0.16404966122431297,0.062362016451830336
0.12205452954052001,0.3919759999374744,0.6316600168735985,0.3818968487838643
0.35204707977007343,0.23092145935396527,0.04860325722006996,0.21052393211470288
0.22917288293484395,0.250274556829488,-2.3139030075918314,-0.6114851892758332
-1.0259367974540463,0.2636811422207001,0.04320299210824091,-0.23968422104170176
-0.20442102345981644,0.26673352934989375,0.24027847314909945,0.10086365967972559
0.4268762485377284,0.2817150768458444,-0.25206009255148953,0.1521770776106944
0.5288607451524975,0.4224022209749944,-16.47157075558994,-5.173435929820816
-1.2795709433163651,0.29851171650221836,0.8014375753596482,-0.05987388381816616
-2.347864707169668,0.3035138571916486,2.0065103888868676,-0.012613487030384007
-0.927491575009965,0.15710798962280328,0.6102944195940464,-0.053363055264371795
0.6402709518985149,-0.03275412331416731,-10.658749179437486,-3.3504107836177126
-0.12676091249152102,0.1932752078111644,0.22362825350721804,0.09671418294228713
-0.5180023093816608,0.3925323444761551,0.4700115308086877,0.11484718863439398
-1.1941815398090818,0.6000756566863631,-0.2640485048482244,-0.28605146265698106
-0.04130586937022131,0.16635704059951117,1.2798364404055311,0.4682958705449403
-0.9238206916560394,0.3603045868042528,0.15825420280716013,-0.13508730068154215
-0.13693878680066263,0.32123862044986035,-0.7980166070396498,-0.20457225779681734
0.24458742464146221,0.18142910803868806,-1.4299674734444923,-0.33465031358811403
-0.4441704636991908,0.26452805462511503,-3.199729235659328,-1.1264572149111347
-0.15182305904803217,0.30610197928856986,0.33250232339342944,0.1622604145446557
-0.016043438866777823,0.05368429065155938,-0.05939235659836445,-0.007250501604527631
-0.09510299552535055,0.4502528102478673,0.6912315874057717,0.3487938007094295
-0.45225564608402563,0.2592293878987728,0.14909366724191325,-0.014644196981113189
-0.6499615576289132,0.18006435713138771,1.3788399580440305,0.30298091918216835
0.189119617105267,0.45277815033415364,1.3887215930886092,0.67687312017601
-0.4882430001326012,0.10049750425990457,-0.658861570756525,-0.34886902220974053
-0.40279314392146226,0.40261377243382873,-3.63798692365223,-1.2127220983799545
0.4363492803843407,0.19324825597604417,-0.7285515051027249,-0.032984656247446696
-0.2481041435970062,0.41651579927117804,-2.2012313553461986,-0.6776065665573423
0.7224025424463619,0.19756547604736974,0.4361888936602075,0.4520523040513131
0.07214358279829006,0.03285648102550857,0.457253320901231,0.1874177949083432
-0.5247457612738385,0.5427737289784059,-0.9947075621152024,-0.325559864803545
-0.12889018376698622,0.35444834378595014,-0.7117552719328892,-0.16206570397130846
0.020129609471464614,0.12047419296708471,-1.42787241390932,-0.4290895371569235
0.46710371945024165,0.6452943400182715,0.12897319417807077,0.41379041788219456
0.038667089332287935,-0.0020532456058277755,0.4188251390057217,0.1518129942440606
1.2757866827569626,0.30829662688450393,-5.812266003694595,-1.4093942313510428
-0.562296361729637,-0.058112752508696255,-2.063746338351078,-0.8947184841964705
0.03281516802185475,0.7119529686419621,-1.1194568762939534,-0.12489624654337883
-0.13447751832267832,-0.08321730548335005,0.5229431355743916,0.10174943725612111
-0.03594490369428491,0.08310525744743325,0.9431175260635121,0.33009262660555344
-0.7283749860108599,0.31851097127281264,-0.9731530913388691,-0.4610057020256388
0.1957486666782208,0.19921446866842926,-0.07535289487777642,0.10653674682295788
-0.2619556512789777,0.41134890113725586,-127.61894998700713,-42.489852245716285
-0.6814687959143058,0.2832192918416173,-0.43193008989663384,-0.2767265313231074
-0.05340522518513583,0.3033426679152204,1.0527791135631512,0.4342388520977453
-0.07656251626278433,0.11978681962956263,-0.9700275049634316,-0.30893440053221777
-0.5710705753876275,0.2746728590385004,-0.68637972761851,-0.3275924813225457
0.16619947656809578,0.4883427782168817,0.746197092710454,0.4669131158318105
0.0159600970225093,0.35650860386829025,0.3548769077082984,0.2424485361996993
0.10174651074925908,0.32047427534670175,0.23160807770611738,0.2179429546006927
-0.6567400776355331,0.027792095807090626,-0.1853666415402917,-0.27143820778957806
-0.1996531545395841,0.13934546746134566,1.0537624306189264,0.3311515811802293
0.1267979735149848,0.33621378402101304,-0.1742631969389812,0.09624952019900557
-0.22971521723329127,0.1280810032272875,0.24082475165961054,0.04639684588453558
-0.6677895064617405,0.5107772870899854,-5.70866486682869,-1.9552256954001486
-0.1031679987059332,0.12885703108688348,0.24896626019200258,0.09155176419098428
-0.7275602028944208,0.2292284018167705,0.20005162892475056,-0.09942672405096657
-0.3277529903699751,0.26627585874862425,0.3718459720909264,0.1034562801565252
-0.850692542288125,0.4695403105198234,0.09389906031801333,-0.09575105715009607
-0.15415618711225354,0.17318632374131152,-0.6151786077186296,-0.19871615702985723
0.25685861421830997,0.21180440100552494,3.3541851610298052,1.2742827254178801
-0.24750850220643547,0.42063404968744267,-0.06788842653296896,0.03507904031601274
-1.7217136467125396,0.04727099675066702,-0.10529519369965135,-0.5932459478871747
-0.31128232693213415,-0.059217477944487985,0.207285537073481,-0.054404755934380385
0.3998161485788772,0.25707385319329845,-2.464915521678505,-0.6026751733021097
-1.316347641291774,0.3157795429698611,-15.250565671023534,-5.417044589781816
-2.585704598574776,0.49171892619264085,-0.5001897588432224,-0.8647251437417859
-0.25726448018105125,0.1584485448780155,-0.559617201545848,-0.21947771228296128
-0.0035789157166640395,0.09562138428065409,0.6356858220928284,0.24257609688560614
0.36484005740999553,0.19394703913186892,1.8165423818843232,0.7917764928087291
-0.06984216418219802,0.2120784641833797,-0.9140721356697653,-0.2572786118895279
-0.12291016430604691,-0.042983712034937116,0.06258570019532438,-0.03443605871521988
0.19298321676290653,0.46832078064283883,0.07383281649267687,0.24504560463280742
-0.5810426076133048,0.06595457628629812,0.43408184647894116,-0.027002061616021866
-0.16625570434300296,0.37723793199056777,0.47411914718721376,0.22836712494492617
-0.2884846907471861,0.29638086922371926,5.482641832427439,1.8301793369679906
0.032892578849778045,0.4716655218040053,-0.5306171118741119,-0.008686337073442832
-0.8010394243611119,0.22712520569426153,0.17708757920918722,-0.1322755464858877
0.45030934721220706,0.2778273783895141,0.24572656573037965,0.32462109711070025
0.07263585226521106,0.26855759413034286,-0.20735439850838086,0.04461301596239103
-0.02551563243834118,0.17824489213431538,4.12955110957773,1.4274267897579014
-0.33024510848229655,0.009140160365653389,0.3556045905699215,0.011499880817759453
-0.24408008136614054,0.31362122110568225,-108.9296830776917,-36.28671397931739
-0.2503693779696081,0.3633133845102371,1.449115564570329,0.5206865237036528
-2.064807935963218,0.10101483248548808,-0.0787150681305014,-0.6808360572027438
-0.22718494643956227,-0.09368210928485268,0.16723101174184157,-0.051212014660857806
-1.1462758153194388,0.27878317076916614,-1.4309318523928964,-0.7661414989810563
0.25391109146806107,0.26666273309285515,0.36350595112261685,0.2946932585611777
0.7523688058491467,0.19374947302866477,0.14446240717186615,0.3635268953498925
0.10349094939465552,0.32745437059490484,0.0688850228309696,0.16661011427351
-1.4940818377359686,0.24015154988570075,0.10466503923725992,-0.383088416204336
0.9675342701550488,0.311161336485584,0.2502408487221155,0.5096454851209161
0.257575171632324,0.5882185702870844,-0.25410150337897547,0.19723074618014427
-0.026777325684506782,0.40105160488208547,1.527600519081526,0.6339582660930349
-0.44794421128480827,0.17428933282415057,0.10497344840287505,-0.05622714335259423
-0.8186197079548528,0.795966890411683,0.12475878564076422,0.03403532269919813
0.597861171048931,0.43249143486832897,0.265304642142335,0.4318857493531984
0.10172644199573141,0.19844072352038772,0.4831683987797373,0.2611118547652855
0.45186634384295987,0.47381674862385226,-0.8580614990915685,0.022540531125081215
0.09976468985999637,0.2782659108574575,0.7197968336627414,0.36594247812673175
0.01827999118493887,0.42245951605775056,-0.5883409877371798,-0.049200493498163446
-0.26195633851802175,0.2794409434230372,0.5083643213236264,0.1752829754095473
-0.16240121955879458,0.0062123964116501534,4.55091324669831,1.464908141183722
-0.4001053609657303,0.07145921303705413,0.9800939155200984,0.2171492558638074
-0.217093943841903,0.11896882673113565,0.43386941970541865,0.11191476753155043
-0.3303530962049425,0.6045920964934469,3.576455811819065,1.2835649373691898
0.17963049265614478,0.27167719656080175,0.19998546011475685,0.2170977164439011
-0.2535449176074595,0.38001854546123026,-0.05033143922648983,0.025380729542426973
-1.0339192328277735,0.5913611980224258,-0.1835785779224257,-0.20871220424259115
-0.93332688630863,-0.16775656751994134,0.3349737870501614,-0.25536988892613666
0.15220808499924282,0.381843800793182,0.2772428852358698,0.27043159034276487
0.08750026646336513,-0.2295498584359795,0.32698922861622276,0.06164654554786947
-0.6183317402009044,0.03448203427802614,1.955149058779447,0.45709978428552284
-0.5032696953739566,0.47220348506721965,0.37466410182588034,0.11453263050638113
-0.34532920615159285,0.3805731012246016,0.06364270291810267,0.03296219933037047
-0.5792611588620875,0.3072119537962037,0.31305678923795144,0.01366919472402254
-0.8080422356375138,0.23634901392066493,-10.763070113691722,-3.77825444513619
-0.7456683765917693,0.1300091213559893,6.269996802064126,1.8847791822761153
0.2283765022816297,0.17095031560967486,-70.34806404666844,-23.316245742925712
0.4408008952565361,0.8724242045850157,-1.3158605859807155,-0.0008784953797212521
0.11547283679476078,0.24284892777647885,1.22970051201026,0.5293407588604998
-0.010774655781307967,0.3353176837869579,-0.12467221723926523,0.06662360358879489
-0.5021727068526123,0.38642410822000134,-0.7292613376702013,-0.2816699787676041
-0.48859131076628626,0.5313663023941174,0.21225291775836963,0.0850093031287336
-0.20539924351010297,0.34135560662323466,0.7986254699356322,0.31152727768292127
-1.376273879041467,0.6689780097580236,0.5812309377266538,-0.04202164385226322
-0.05044443287849425,0.2887739617150083,0.13251347754701073,0.12361433546117491
-1.800009002013665,-0.1776672844876831,-2.088770871175738,-1.355482385892362
0.3375141704619686,0.16465103865961556,0.5340040718801736,0.34538976033391927
-0.1327996259050401,0.4598218835049248,1.9627649500174376,0.7632624025391074
0.9553296626844752,0.3469940001608039,0.10808983535713605,0.47013783273413834
0.22358016265200775,0.38155359564580205,0.1858247481713286,0.2636528354897128
0.08296026774391137,0.21132209568652116,0.461584430458852,0.2519555979630948
-0.1764200552265946,0.49991544541655686,-1.4622851277092914,-0.37959657917310974
-0.04723540927088875,0.11733318660570945,-1.132866218670458,-0.354256147111879
0.245465791722215,0.3516133742335493,-0.4616800035465936,0.04513305413639026
-0.3388287798854658,0.4146708585700972,9.763144377858598,3.2796621521810767
-0.6287110550852992,0.6756878756505845,-1.2690380190791886,-0.4073537328379677
1.6133393303336951,0.25739491525846814,1.2850138393852673,1.0519160283258102
-0.16844137492147215,0.667140691293522,0.32034921200962324,0.27301617612722434
-0.041735925253974605,0.1407077754134851,0.0472651568831048,0.048745669014205094
-0.4383471841591357,0.19297831816845,-0.16331768703855898,-0.13622885100974821
-1.0844080126276003,0.446379012348998,0.36078911760820015,-0.09241329422346739
-0.6406592052753743,0.20645294024344418,1.6467995879136343,0.40419777429390136
-0.49439868471814863,0.22375347974632154,-5.863555747427779,-2.0447336507998686
0.6920036561796385,0.3000192899887173,-1.0742481198465599,-0.027408391226068012
-0.3156648394212027,0.13110533623575388,-1.3879978959189867,-0.5241857997014785
0.5085839878826438,0.3009177217023918,0.060121050396262456,0.2898742533270994
-0.20575675645944974,-0.06580803293543155,-12.64225052981577,-4.30460510640355
1.0118998377321664,0.26000625500164104,-0.36450250734692613,0.3024678617956271
0.9714563185165769,0.13675130545634828,0.17260852817229264,0.4269387173817392
0.2583456051606683,-0.15952468660417274,-0.28156667043152095,-0.060915250625008466
-0.16372625637510257,0.4099038699970579,1.0214551186835494,0.42254424410183494
-0.7157022173256414,0.27816616455484044,-0.1842928596691682,-0.2072763041466564
-0.4803010728656281,0.43564790763952294,7.640783598585335,2.53204347778641
0.08137241249139501,0.25312059305687057,0.09201876472247593,0.14217059009024716
-0.7005184284824889,0.015927193196069462,-0.1913803525493922,-0.29199052927860386
-0.19235843179023318,0.3555502355626979,-0.40248953811347915,-0.07976591144700482
0.5637615319673209,0.38659708069018955,0.45447607749732744,0.4682782300516126
-0.3136126446595883,0.2607373832251451,0.788586567214214,0.2452371019265903
-0.7478898560635588,0.24828753185120483,0.6138306097503448,0.03807609517933025
-0.22767172746315031,0.021653733592535054,-1.5941847566128933,-0.6000675834945028
-0.7802959126540279,0.256176103045953,-0.3026295448171329,-0.2755831181417359
-0.20673250334195112,0.09739468185823401,0.4728760031274872,0.12117939388125669
-0.08644144295074706,0.4042348071265207,-2.010863328645038,-0.5643566548230882
0.2696287098993777,0.32009331352084347,0.27040916772239815,0.28671039704753976
-0.13842740191869712,0.29080658059699277,-0.287873803498761,-0.04516487494015512
0.434509729132591,0.16830705117275524,0.42935843892570025,0.34405840641034885
0.11172301934786695,0.2903120899055492,0.0543781369595692,0.15213774873766178
0.2484143078176637,0.25068173559057333,0.09527521164536665,0.19812375168453455
-0.09118514453272766,0.345885370188937,0.44270760893479033,0.2324692781969999
0.44875255292714,-0.12441614284206731,-0.029374919300309166,0.09832049692825451
-0.2850517556477106,0.4869482338233608,2.578336177558309,0.9267442185779865
-0.47232193660587085,0.43670136685758454,1.0406642898132497,0.3350145733549878
-0.1820887469299107,-0.11156264495251195,1.583433574944332,0.4299273943539698
0.02435541061980887,0.12641318289665499,0.7844744337397772,0.31174767575208034
0.5475004427442683,0.1118002837580065,0.308005116856659,0.32243528111964465
-0.48242221024137333,0.12751990830807178,17.98166293389804,5.87558687732158
-0.4059786117987918,1.063059028762607,0.5492537766637383,0.4021113978758512
-0.606827844195638,0.06047800029124993,12.915643884804622,4.123098013633411
-1.2504293513253701,0.49490146111474426,0.68250466997914,-0.024341073410495295
-0.06256974165025803,0.003572181095220848,2.0136309116483995,0.6515444503644541
-0.7598698150626892,0.36148132451690623,-2.3567537969546035,-0.9183807625001288
0.943242012287381,0.4608657892652004,-4.685221581550001,-1.0937045933324734
0.4484164925727414,0.12738536104943926,0.8301370843413122,0.4686463126544977
-0.30693923456083416,0.27591102494620395,0.8802053472512186,0.2830590458788628
0.6007814306857033,0.5212776223695205,0.23828696614577075,0.4534486730669982
0.6759308795188509,0.37840747180514445,0.4276834358325003,0.4940072623854985
-0.0789757328180141,0.17445414321028024,2.494367303698018,0.8632819046967614
0.24527508472983856,0.37594862566671045,0.7821546027544044,0.4677927710503178
0.6306778498935762,0.6472782737247905,-0.021311582891047943,0.4188815135757729
0.2348952249605984,-0.06433022489169214,0.03672108298564096,0.06909536101818241
-0.094595088456592,0.21467186850337955,0.2931463194114473,0.13774103315274497
-1.7693943224482869,0.30669429249362773,0.9304305279527217,-0.17742316733397911
-0.11793634542522954,-0.12621823804046783,-0.5496980904795877,-0.26461755798176173
0.10606436322077714,0.08763777235848573,0.13872437258047343,0.11080883605324543
-0.23311034758822297,-0.09505981424431661,-0.017011010915309665,-0.11506039091594973
0.026922906866683485,0.6231919242475752,0.6307021647067347,0.4269389986069978
0.04906316324813419,0.9154855170214334,-0.9621384091812107,0.0008034236961189656
-0.36882128364267847,0.4406060072857624,0.4654403228811325,0.17907501550807214
0.07982173244235935,0.26207053945808056,0.31515479271991576,0.21901568820678521
0.4950804758150602,0.28701639009055424,0.01480197034449207,0.2656329454167022
1.377633317282707,0.4440566201772667,-0.23140289606644235,0.5300956804645105
0.26803529146959887,0.09912979622446197,-0.2226997190581001,0.04815512287865359
-0.07363989134344834,0.1253461880222555,-0.1749098130648969,-0.04106783879536324
-0.04164605264385539,0.41153662915839795,-0.9969029729903258,-0.2090041321585944
-0.3606598319175502,0.3848782247366685,1.0629101732758572,0.3623761886983252
-1.3100174855941642,0.012315053351983333,-0.6153671677627899,-0.6376898666683236
0.22467331414783825,0.11996168529457736,-3.0897905782297084,-0.9150518595957643
0.015240581356212661,0.351946760332603,0.5530025801348809,0.3067299739412322
-0.2845856778424443,-0.004378589845741682,-0.4550655063133333,-0.24800992466717312
-1.2965772796788932,0.3252386355963918,1.7347470084769032,0.25446945479813393
0.03708806078840471,0.3500645291889815,-0.22733302080288445,0.05327318972483392
-0.7407484915986243,0.34241162732953345,-0.842607846791066,-0.41364823702005227
0.2597625473787724,0.48245805208391246,1.4009471407635627,0.7143892467420825
0.7434855237407818,0.24849418318855246,-0.041298140405759895,0.31689385550785815
0.06412583349056121,0.291263459406225,0.27150993981538873,0.20896641090405832
-0.5361598295682914,0.12450812682430577,0.20392077319903404,-0.06924364318165054
0.07487095098051137,0.022197429218635985,2.2076714738725305,0.7682466180238926
2.2264413481298053,0.2997067716213184,-8.585116530535172,-2.0196561369280164
-0.14415661488160234,0.20842057053033183,0.6927078724058916,0.25232394268487374
-0.5432511304394135,0.32094049234346883,-3.2197864026207395,-1.1473656802388947
0.7499202441559634,0.3221061448999027,-0.105838623322877,0.32206258857766307
0.26030184564366093,0.8421967791771383,0.22306888092435997,0.4418558352483864
0.2776741570827771,0.27059428044394856,-0.23869642404967992,0.10319067115901526
0.04312102774298463,0.3295197813299108,3.1322133480079994,1.168284719026965
-0.07504504320100201,0.2527121108003203,-0.41393161309774856,-0.07875484849947677
0.12565181566243036,0.22847951524700494,0.20316571393476643,0.18576568161473392
0.7857404216819469,0.29890401639090625,16.00493100897753,5.696525149016794
0.09638025949516273,0.053590106112456605,-0.7338179241771682,-0.19461585285651628
0.09472557970107995,0.5340264851123067,1.208232303443365,0.6123281227522506
-0.2979090162711959,0.2152697167180297,-1.7097991380486661,-0.5974794792006107
-0.47480464695220337,0.34016528423214365,-0.2879782725607148,-0.1408725450935915
0.24856696411134374,0.24443567193111376,-0.06714806910728606,0.14195152231172384
0.0028387115588624137,0.47533535156124773,0.527257425700996,0.3351438296070353
-0.40598223754284773,0.2028887498908938,2.685902636596064,0.8276030496480367
0.33924998249614635,0.3373605639910835,-1.8292852493671812,-0.3842249009599838
-0.5625546605663491,0.1786419261939759,-0.1271234008252929,-0.170345378399222
-0.2488273843506084,0.11654978352503825,1.7267531234561135,0.5314918408768478
-0.22975031070095323,0.08544134178988688,1.3412340950719002,0.3989750420536113
0.26538979320654954,0.3825768650160312,0.7091762930563432,0.4523809837596413
0.25961102261748564,0.24215290299970813,0.031859019632873846,0.17787431508335586
0.033332009135590805,0.520809222585584,0.5256196605598819,0.35992029742701886
-1.159065685785647,0.5813801671932084,-0.036856064571842546,-0.2048471943880937
-0.5838217120562006,0.3184825831317463,-2.419315694459893,-0.8948849411281157
-0.5375770891612558,0.45785977370993003,-2.6714659538026413,-0.9170610897513223
-0.12436689058513205,0.19525699526923276,43.28935928403008,14.453416462904727
-1.7481345161652349,0.04042159654703735,0.7140952983335931,-0.3312058737615348
0.6066271862011098,0.19816186958436316,6.180617689053731,2.3284689149464013
0.7050422928856589,0.4453361833850681,0.3414217906137611,0.4972667556281627
-0.18847899760571243,0.7139581320668278,0.7237121214048333,0.41639708528864955
0.5371807415337292,0.8196259798938598,-1.5191219060308878,-0.05410506153443295
0.18353130107275206,0.29637097305621235,1.9996075152676243,0.8265032631321962
-0.5837685168191219,0.45497548731664,0.4821074021014194,0.11777145753297917
-1.2383740806517984,-0.07692087798312053,0.2754240836984282,-0.3466236249788303
0.4012547131602556,0.22163375473606672,-3.9578977787450964,-1.1116697702829248
-0.14056688207906634,0.33132278244850266,-0.9249656536775908,-0.24473658443605148
0.009100100416114547,0.34383427691523333,0.5043103736012949,0.28574825031088097
0.32981856649879304,0.006470803337319017,-0.9827693446698167,-0.21549332494456822
-0.5298831768011081,0.6837270717534214,0.7227668311092618,0.2922035753538584
-0.3427396744503105,-0.04767992184248444,0.8231530925703278,0.1442444987591776
-0.2869070443601103,0.3189026890167669,1.576206702806109,0.5360674491542552
0.3755925918095141,0.18204025248101055,-0.1587703559843612,0.13295416276872116
0.18930954239549097,0.3029858348812787,-0.39738621982414196,0.03163638581754258
-0.007689822167419709,0.20332546500942814,0.004593501405981449,0.06674304808266329
-0.1810649536437178,0.17841938875720403,-6.088132601063709,-2.0302593886500744
0.5902684966627071,0.534591575990253,0.45847492593814715,0.5277783328637023
-0.30308029395555963,0.5745648910251681,0.2557338823539702,0.17573949314119286
0.11774905318601665,0.19960084470143147,1.676175383791974,0.664508427226474
-0.14004014056527186,0.17102903733321873,0.017408981059854202,0.016132625942600353
0.5265020194057662,0.5456691929368346,0.12105403921369742,0.3977417505187661
0.5919350291406142,0.16745889256903498,0.052919683840366195,0.27077120185000514
0.5179532190878471,0.3862607020041516,0.10951449530553192,0.3379094721325102
-0.2871036634064885,0.1083664734667281,0.599871176341463,0.1403779954672342
-0.5595958628143743,0.46001056105310933,4.5309239849756695,1.4771128944048015
-0.2303081748939728,0.25661313011987424,1.752800011175906,0.5930349888006025
-0.3964431403891472,0.36504568204817023,-0.07390578795081637,-0.035101082097264445
-0.08781003530549988,0.2557396369144102,0.005554429702541996,0.05782801043715077
-0.3178274948169847,0.24407266937242045,-0.152340463885753,-0.07536509644343908
0.030126217351179048,0.309406268613747,0.4544088746821477,0.26464712021569126
-0.1033906277624172,-0.14464423076444996,-0.2912575302082992,-0.1797641295783888
-0.22393763068617328,0.38020339519079344,16.115958951590635,5.424074905365085
0.018488932539745095,0.5120714788967595,-0.7123164092179878,-0.060585332593827736
0.1967624338368523,0.5275521061506212,0.2680636583999337,0.3307927327958024
1.7106406520750101,0.19660087485705896,0.24993492888497154,0.7190588186056802
0.2569371903567864,0.555324870123648,0.8812919871832563,0.5645180158878969
0.5646313907808787,0.039095012641590834,1.4111216338048413,0.6716160124091036
-0.0699033139115473,0.4732417744269322,-0.31099337238932867,0.030781696042018747
-0.258072436978622,0.07665448200728513,0.009950481233944866,-0.057155824579130654
0.22787603090055664,0.41483396167532244,-0.03605013134557278,0.2022199537434354
0.16541479648285698,0.12676720875639802,0.48849266912896677,0.2602248914560739
0.40394163562277635,0.3215214054776714,0.10301374424949883,0.2761589284499822
-0.45541328191797253,0.19161336703660042,-2.7499178296963596,-1.0045725815259106
-1.0348853250319527,0.33449048471837134,0.20336345373663056,-0.16567712885898359
0.22946321857451785,0.13533128958276863,-2.7463713348937198,-0.7938589422454778
-0.21045753303822495,0.008082549430494475,-2.119749397051169,-0.7740414602196332
-0.4812466054140571,0.1180782737992298,0.6078050648164082,0.08154557773386029
0.08083916278353803,0.3924083266466966,0.3272531873857394,0.266833558938658
0.14864080378109312,0.3033339214405181,34.925578705061696,11.792517810094436
0.028142105745972767,-0.015053880787098661,-3.7676400322969257,-1.251517269112684
-0.03238675569917058,0.0988150265965065,-0.3329518457391563,-0.08884119161394015
-0.36119552718549786,0.4296325815020454,1.1837308203496313,0.41738929155539295
-0.5733791734918341,0.2641053663861169,0.16999307888219534,-0.04642690940784061
0.1161634017512596,0.199338858134347,5.410815168058889,1.9087724759814986
0.35231739397097206,-0.01594950344133747,7.360745621658421,2.565704504062685
-0.38112000647208616,0.1717512684455766,0.20378352362823574,-0.0018617381327579452
0.297889037786953,0.20478604541271597,-17.479500362238326,-5.658941759679553
2.595372626910391,0.47045926811275895,-0.5476451191788452,0.8393955919481016
-0.09095612261983733,0.2570015751626947,-1.609775784285827,-0.48124344391432317
-0.477583756716946,0.34121554265962584,0.9739539386122883,0.2791952415183227
-0.21331918299274719,0.5557209819081628,-0.6492380458463946,-0.102278748976993
-0.9783489962813668,0.5016240699293756,0.968003718380495,0.1637595973428346
-1.2122486386166618,0.3260625719381946,0.43429443623687186,-0.15063054348053176
0.5021738282322273,0.16097363433044246,0.03363185851062743,0.23225977369109907
0.5603688358456255,0.10761327209304461,0.49156014191266617,0.38651408328377873
-0.21208259481314112,0.16994057516960154,0.29537795070882006,0.08441197702176016
-0.33924486065677695,-0.04047231849169694,0.31401191953004387,-0.02190175320614335
0.5798034885390644,0.3170563814627463,1.4593163230649893,0.7853920643555999
0.6169345031814217,-0.11504288424939985,0.9604436561574247,0.48744509169648226
0.0437096708833519,0.6372296592520235,-2.191553974688678,-0.5035382148511008
0.14224255682090886,0.191577831503561,0.08813054484785982,0.14065031105744322
-0.5410716235208187,0.3181225132610299,0.011553523989895573,-0.07046519542329775
-0.6802794313438846,0.4234793772812709,0.2742990611856498,0.005833002374345364
0.46104107830083574,0.10551598836116859,2.01988759914737,0.8621482219364581
0.7710704316972055,0.3299094969016257,-0.49532045552027476,0.20188649102618542
0.3277727183379405,0.287008628092646,-0.006377064268038236,0.20280142738751608
-0.5276090935280764,0.3887939639371211,-0.363241426574675,-0.16735218538854343
-0.23156699851976012,0.6132211100545896,9.26252100828677,3.2147250399405327
-0.2521574979980752,0.2921293756853754,0.44054984527680313,0.1601739076547011
-1.086667060818867,0.27763361070573267,0.5445484585411791,-0.08816166385731845
0.020974799042218266,0.46930871306484695,-7.160165138678083,-2.2232938755236726
-0.4979850657055076,0.6461205481751744,-4.746761165851119,-1.5328752277938174
0.359609925687832,0.3397127179366052,0.5031859625261068,0.4008362020501813
-0.26458878517341655,0.1319818176489235,1.6247546827123374,0.49738257172928146
0.41098161253695514,0.20585291968875744,0.5077478058240139,0.37486077934990886
-0.013772815898150487,0.20146704608373628,0.2400684874937208,0.14258757255976887
0.143804952211841,-0.02731863592805617,-0.2743950605355665,-0.05263624808392722
-0.9691798738052236,0.28707622589785525,3.1549811954532165,0.8242925158486161
-0.07685580734270253,0.2283126577156897,-0.6570914154628418,-0.16854485502995153
-0.1667872998213607,0.257150550266496,39.44695713767421,13.179106796039783
-0.2050026800967217,0.33719940092647616,-0.07747593442698925,0.01824026213425507
-0.5734727537390769,-0.010880992567243737,0.46446834018272815,-0.0399618020411975
-0.15302567756077973,0.347924572897548,-2.7552168611900156,-0.8534393219510825
-0.015001039362412769,0.15148922198460954,-0.2726760008681124,-0.0453959394153052
0.2461864618384588,0.2701400257984804,0.04375804151419566,0.1866948430503783
-0.345773766808768,0.25702249333384514,0.8312849359636636,0.24751122082958024
-0.12274233324215633,0.7581762471076727,-0.4580594664368754,0.059124815809547
-0.1336839439079461,0.10089155381803527,1.1115649110304389,0.35959084031350935
-0.13742169502238546,0.43101976024956035,2.32807781576977,0.873891960332315
0.020264731162571645,0.6092050660144391,0.2711535212657878,0.3002077728142662
1.1407361925708288,0.40427595464976485,-1.2223149177562318,0.10756574315478733
0.022838756999770754,0.23671998343900905,-2.2473817292946907,-0.6626076629519703
0.3460278535186462,0.5539298817349025,0.21546186936495818,0.37180653487283566
-0.39080531464953744,0.547215276255916,-0.062120180769871185,0.03142992694550247
-1.1350179017715551,0.17203289993633564,0.291357264775132,-0.2238759123533625
-0.05077174836751508,0.2563069631254942,0.27895695614824456,0.16149739030207458
0.20516105212947033,0.3005835383512423,0.3317337919048372,0.2791594607951833
-0.5933793093487005,0.1751007938724421,0.8358555072983124,0.1391923306073513
-0.09881194072294663,0.12422409600373911,0.8622720263619583,0.29589472721425025
0.3189590596365949,0.3471795287832845,-1.4316670480042282,-0.25517615319478293
0.02015901403284548,0.5520251215886918,0.5814273463044684,0.38453716064200183
0.13050076599896648,0.20809408311882285,5.844324989295245,2.0609732794710114
-0.03430736386379182,0.34654833623243203,-0.3686207508079962,-0.01879325947978533
0.6551880239634638,0.5004507761188887,-0.013923331496563697,0.38057182286192964
-0.3604129879808388,0.6470363242050378,0.6490818036747481,0.31190171329964905
0.46472337927905993,0.5001398224062559,2.273364720473513,1.0794093073862763
0.41116785437226416,0.451715597426301,2.778260138471816,1.213714530090127
-0.04955689277663451,0.24114971609780855,0.35662663021580987,0.18273981784566132
-0.08492553661959529,0.07594314535546184,5.423403642123006,1.8048070836196242
0.10465621343978508,-0.006272683475685426,0.06998765069475074,0.05612372688628347
-0.1497545985016451,0.8676357562090581,0.8596141594546624,0.5258317723873585
0.22460597211720285,0.2114633837357295,-0.6222067078985317,-0.06204578401519978
-0.10283659197957919,0.34659464681424645,4.205172427735394,1.4829768275233537
-0.03916667752048587,0.6866790821108314,0.42238287498805926,0.3566317598594682
0.2677896508354322,0.08719938258632391,0.18157492037788336,0.1788546512665465
0.15415420822885398,0.0023334466597022016,0.25540230937880426,0.1372966547557868
0.2845457740542967,0.2624130278009094,0.20067666486427066,0.24921182223982555
0.37249885857667053,0.35235821209833856,1.8238486837024566,0.8495685847924884
-0.19883165260430882,0.6019917575653037,0.5624989353263931,0.32188634676246264
0.489436846660667,0.08043253390910196,-0.8628068445043058,-0.09764582131151227
-0.6998720037700982,0.5292101921181408,-0.781022782553672,-0.31722819806854313
-0.18763881279016092,0.030251553203782408,4.729298030388789,1.5239702569341371
0.3624823761605773,0.2772129435462371,-0.3104547799244227,0.10974684659413059
0.6103601143126157,0.3214050561221241,-0.4331236171934218,0.16621385108043935
-0.17387319635812418,0.04203090296465047,0.8553760148835577,0.24117790716336138
-0.5880007923978958,0.37950154674018416,1.2836581262414208,0.358386293527903
0.1333897631542759,0.11964533860807468,-0.04537201638315919,0.06922102845973045
0.15157134928693689,0.7315448469082804,1.4736200369618457,0.7855787443856878
-0.006493813089153954,0.07033125844814515,-0.22759276629978242,-0.05458510698026373
0.7094100586396556,0.4084354873921624,0.4428533472591749,0.520232964430331
0.6165652119388063,0.2658222837139606,-1.9942879442713328,-0.3706334828728553
-0.18888161607419454,0.19949251833754503,-0.06598856283692596,-0.018459220191191825
-0.21122560654523753,0.47824108894902523,-0.1306129796566226,0.045467500915721694
0.2475410203152405,-0.027643427836529767,-0.7914820337262167,-0.190528147082502
0.16983854769258608,0.5234113719317008,-3.7110278387629156,-1.0059259730462096
-0.7786480828825401,-0.0023900559969191808,-0.37392076725425294,-0.38498630204457074
-0.30047936235255424,0.3064284240121244,0.074716262609211,0.026888441422927054
-0.3742278205618757,0.08880816501108975,-1.0780940443478146,-0.45450456663286687
0.12646708824432285,0.2979967727608254,0.5934475171774338,0.33930379272752736
0.003172745893070672,0.2539559966737249,-5.986057846044892,-1.9096430344926987
0.4070508503951826,0.5711921185747842,1.5338388905862455,0.8373606198520708
-0.4192949096681672,0.39979887088951405,-0.39184858877825723,-0.13711487585230345
0.03405522456309261,0.48175327890369835,0.8363354813432297,0.45071466160334017
-0.49162136739993256,0.5775317846908505,2.296155164594075,0.794021860628331
-0.28627401419197135,0.15932035166266123,0.3581572552262701,0.07706786423232
0.037037059089783386,0.3938071190376774,-0.5687099060511174,-0.04595524264121886
-0.26402273870671783,-0.014491651189302308,-1.383890088041827,-0.5541348259792823
0.07028000372615323,0.7014664254136055,0.07310745520105719,0.2816179614469386
0.17699997476823986,0.5582755818377098,-0.8892069945861821,-0.05131047932674415
0.30581850728650267,0.5574541546409887,0.14624775538087167,0.3365068057694543
-0.8024444050889052,0.4691416228995345,-0.24506961134393568,-0.1927907978444355
-0.030890188250730116,0.3898474319568716,-2.2367892398426656,-0.6259439987121748
0.3166799589384397,-0.07906259331234611,0.006111859814176409,0.08124307514675667
0.11248195013600794,0.2358044919218692,2.8547292571197898,1.067671899725889
2.100134807268851,-0.009359627391058023,0.8407090779319502,0.9771614192699144
-0.6629492969899765,0.0674049802960315,0.20510767343502656,-0.13014554775297282
-0.4204522702124479,0.4287469639995355,-0.7044956273547089,-0.2320669778558738
0.12483296132049561,0.21726116011839536,-0.8291271966890651,-0.1623443584167247
0.2226173953863509,0.39835957615455403,0.5692462978319581,0.3967410897909544
0.1350341462535596,0.10244784401722384,0.2333323413709885,0.15693811054725731
-0.467657892256206,0.26012919264761825,0.96250180803457,0.25165770280866073
-0.2007513416666644,0.44562375748984795,2.951685496184566,1.0655193040025832
-0.24856356780848923,0.15007603668078953,-0.3202770746635775,-0.13958820193042573
-0.5058959241878337,0.5239833577286693,0.1933766470754946,0.07048802687211007
0.41983395671934076,0.3131089614322588,0.5085819307212289,0.41384161629094285
0.17648826766242237,0.21609710108795965,0.15566020436367137,0.18274852437135114
0.6197545122014999,0.2191682355940663,-0.03657212329761048,0.26745020816598525
-0.37743595629942406,0.06649645326592006,0.5287183198963346,0.07259293895427686
0.22456830652347948,0.1013104681207893,0.24331407527500293,0.1897309499730906
0.1079611387838296,0.08218220051042613,37.89816461869282,12.696102652662356
0.22930203535527172,-0.035684172975640895,0.5844172398243882,0.25934503406800635
-0.17180093249437348,0.34778228033692454,-0.3031753851703001,-0.04239801244258302
-0.5347773870014101,0.3202329616873805,0.6623345571136497,0.14926337726654007
-0.712952473071856,0.010215751101452201,0.5294933668686117,-0.05774778503393071
-0.5446186355887899,0.22395435542368583,0.1648676877051743,-0.05193219748664326
-0.5182768992646707,0.7645119482945989,0.4073119421262742,0.21784899705206748
0.015547150647844146,0.11937716075122713,0.5280792948041457,0.221001202067739
-0.17541748787093803,0.1319008427903811,2.1556643972588825,0.7040492507261086
-0.6154315010583656,0.19257144237564733,-1.3502591542577642,-0.5910397376468275
-1.3325093166049182,0.35103127724423044,-0.12165926090932,-0.3677124334233359
0.6986193153368385,0.1385780301566932,-0.7144489156593686,0.04091614327805437
-0.5068583919534301,0.10998391456302747,0.36094505870833243,-0.01197647289402339
-0.45688627045085733,0.24056539956438927,0.5953327701062575,0.12633729973992983
0.7566985979869638,0.11249028980665135,-3.172227027470837,-0.7676793798924072
0.44488869048440755,0.051782948028373806,-0.6837780017817662,-0.06236878775632828
-0.639616968421337,0.13527849957618426,0.38940496592816964,-0.03831116763899434
-0.4493798082055332,-0.014519503748204847,-0.25297077731990075,-0.23895669642454628
0.2462648077333867,0.13408293496570578,0.4999076619856435,0.2934184682282453
0.09058026142441172,0.2964185011002961,-0.4329915332311718,-0.01533092356882132
0.1498771255455765,0.4188794321281639,0.5685615797142095,0.37910604579598334
-0.08272457130392676,0.270313864535594,0.8207683886974049,0.3361192273096907
0.9323814957588855,0.21005359742544305,-0.48853651567005035,0.21796619250475943
0.553898740424084,0.6828475981828691,-2.8390164418230586,-0.5340900344053684
-0.36818353184616237,0.023313110516690442,10.399974158471917,3.3517012457141484
-0.19204215816704903,0.4251824488132485,0.3551419866309138,0.1960940924257044
-0.5336953584227275,0.3226481061878502,-0.5865590404077599,-0.2658687642142124
9.254049133332707,0.3112775537278362,-1.5228304831174717,2.6808320679810236
0.05056202558912701,0.4871308454274922,0.6391692409634749,0.3922873706600314
2.5973004919937024,0.31183627952705184,0.2721108262080882,1.0604158659096141
-0.35572335761596946,0.20125841653385873,5.171692214951006,1.6724090912896317
-0.8435948468408584,0.15185992284923988,0.011171128039655488,-0.22685459865065435
0.2565985714391921,0.2651053126161604,1.0760768900256954,0.5325935913603493
0.28948002733202177,0.37350749713532966,0.07084011596973352,0.2446092134790283
0.34059756819709375,0.40462432953523236,-0.004734975813691483,0.2468289739728782
-0.42253874617166465,0.18822338419326465,0.2877177370934626,0.017800791705020868
-0.12708513734128984,0.18889514632468551,1.2814919513049992,0.4477673200961316
-0.3107130324378816,0.17347015213551378,0.4513342169011616,0.10469711219959792
-0.06528501440710821,0.5486810469967797,0.5360157980487507,0.3398039435461407
-0.2844757697095876,0.11517930063658494,-0.21206847836548126,-0.1271216491461613
-0.13442253938472085,0.9254441106827233,0.14708404564162855,0.31270187231321034
-0.013243766997458174,-0.04486077333929666,-0.13568365726694614,-0.06459606586790033
0.21614814304701482,0.22000853467652287,0.029672984112990165,0.1552765539455093
0.05895968624686415,0.587401092944529,0.5379189399011685,0.3947599063641872
0.08078331930757862,0.4386993706846112,1.6097604384189863,0.709747709470392
0.5313677226049273,0.3564902998870711,-1.2721276512997575,-0.12808987626925306
-0.3061888222425233,0.5075403392189898,0.0023831436923134938,0.06791155355625998
-0.49156402361947577,0.39723801762136457,0.5932152673429428,0.16629642044827722
-0.6999728415487025,0.23079730468155832,-9.370939557853761,-3.2800383649069684
-0.45274768015357075,0.1813943095264262,0.16890741192692948,-0.034148652900071685
-0.16867072378134074,0.051178095497312975,1.6615181309558442,0.5146751675572722
-0.2880695665462695,0.23529307856762577,-0.18120004420546612,-0.07799217739470328
0.5030518928029627,0.24657345963539734,0.13908649212034432,0.29623728151956813
-0.6760083463861499,0.36374073256383493,-0.27412482097736135,-0.19546414493322542
0.6596800202825348,0.0628511000538847,0.37419345764979334,0.3655748593287376
2.0055040692703727,0.33740902483244983,1.1172328411565857,1.1533819784198027
-0.40514161755429245,0.3682894630904115,-1.097929771575692,-0.37826064201319093
-0.004020744674816439,0.6659478284103744,0.5209944797787642,0.3943071878381074
-0.381695433149182,0.23630310823986453,0.26518662768380125,0.039931434258161265
0.3831223628268096,0.3868472792740798,-0.7839069433570003,-0.004645767085370271
-1.2310988611744322,-0.024591652781676798,0.01070236876588204,-0.4149960483967423
0.17910113007851064,0.4697957478252013,-30.353199742902095,-9.901434288332794
1.0641157101011491,0.04321483031964056,2.451005332007176,1.1861119574759884
0.9216265227032,0.17956276889181855,-0.050563884125684876,0.3502084691564446
-0.3638552015428747,0.08365704232320398,-0.40549271150916405,-0.22856362357627824
-0.003934055695872746,0.5310300598907748,1.498459995683073,0.6751853332926583
-0.0890827012130885,0.6524158345287568,0.9235095516225653,0.49561422831274454
-0.021499344789622753,0.271370364299257,0.2795724622842405,0.17648116059795824
-0.436494344045433,0.06992868488621366,2.0708109660333283,0.5680817689580363
-0.08412788003584354,0.3845925059712977,0.13551137228951077,0.14532533274165496
-0.6240306543850481,0.38064833339840154,0.4813015663833378,0.07930641513223041
-0.9043285888586258,0.24970119835430346,-1.456461781881707,-0.7036963907953431
-0.29050459720977784,0.3628879085324243,0.43747276680445385,0.16995202604236678
-0.9597023305600801,0.21941524553874223,0.20337026441488007,-0.17897227353548595
0.31626480551425884,0.5575793396731227,0.5701355174297412,0.4813265542057075
-0.2484451963479103,-0.08494060479263205,-0.6051669491190509,-0.3128509167531977
0.007033869158144462,-0.025783587920744592,0.3850117907167076,0.12208735731803583
-0.7976579679425401,0.17987533321866037,0.39883590426827736,-0.07298224348520078
-0.0012026817306535207,0.24657116316624766,0.034661054985203624,0.09334317880693259
-0.1851731805991233,0.05615770534427227,0.19730812791367688,0.022764217552941956
0.27044419494603056,0.5879493611781352,0.04112797770738605,0.299840511277184
-0.06296595078367866,0.4696795004566265,-2.140969558458894,-0.578085336261982
0.9453576714082074,0.43617844656049926,0.4630921424095723,0.6148760867927597
-0.7120411597313738,0.3890656458429889,0.5269864184610806,0.06800363485756523
-0.4032344203739307,0.7058451665690737,-1.8069774215586243,-0.5014555584544937
0.05793837483222618,0.39065939912463615,-0.4061271593290423,0.014156871542606678
-0.6538052120948267,0.42114568440442135,3.101404839317537,0.956248437209044
-0.5267960182398639,0.6604068149724056,-5.3460810488948916,-1.7374900840541165
-0.38929989056261094,0.06761241246175878,-0.27702148951184385,-0.19956965587089867
-0.013192879262721547,0.12315318034068552,1.3694444517425608,0.4931349176068416
-0.2470625323586275,0.3326893951963452,-70.3648792588834,-23.426417465348564
0.5958598476276922,0.23221267762516845,0.8574501579418558,0.5618408943982388
-0.2119997457014546,0.872191167621842,0.47103334337903996,0.3770749217664758
0.1163125815967059,0.18540273919123082,0.8050760610118145,0.3689304605999171
-0.754321966510191,0.2474546544598464,-0.09975060717728286,-0.20220597307587584
-0.24934277679459133,0.3972890020159826,5.489123899849129,1.8790233750235066
-0.9790667725104669,0.3304773262875594,0.4461711495427159,-0.06747276556006389
0.10032113055192982,0.4573312487991297,0.3734221762100668,0.3103581851870421
0.4950497093960139,0.46293635013542167,-2.626474864508983,-0.5561629349925158
0.18338913219672334,0.2742967848375662,0.8607618337917857,0.43948258360869175
-0.37536317538157765,0.2906032188497795,0.5033863546078486,0.13954213269201685
-0.3490881760141023,0.4726038749469564,0.2530044424145529,0.125506713782469
-0.026889255821125738,0.30494053581784586,0.36381592721438694,0.21395573573703572
-0.014741511990654347,0.37164018358225626,0.2278512677487496,0.19491664644678383
-1.2709464138964808,0.6422039300275162,0.7506295852987122,0.04062903380991586
-0.31811571051415566,0.1132662990495163,0.2615027008212374,0.018884429785532675
0.7820374820596914,0.14193881826191815,0.22897524886423112,0.3843171830619469
0.13648426527235324,0.1553250867734169,0.6906044901811217,0.32747128074229725
-1.05198700346508,0.32863324769717417,-0.022700010355644926,-0.24868458870785026
-0.55198807018085,0.6155213142387941,-3.8416847034832124,-1.2593838198084228
0.0344297944720022,0.4662336389761365,0.3819519671260379,0.29420513352472555
-0.300063680758792,0.5797259149423936,0.44722728319181726,0.24229650579180628
0.19946345704211013,0.35952075122103494,-0.6004458005869827,-0.013820530774612538
0.18647936558989464,0.09519524662626154,-0.09538436170704219,0.06209675016970467
0.5947804680549245,0.22107224731824845,-4.663106890826785,-1.2824180584845373
-0.5412254337891165,0.30881211669746567,0.17506493699933715,-0.019116126697437886
-0.26857078707359905,0.2820377298473371,-0.8163486573205601,-0.267627238182274
-0.042460165350547474,0.6797010671234915,-3.1779959328829785,-0.8469183437033448
1.208341838663608,0.13002158575378425,1.0677044718235158,0.8020226320803028
-0.7568117801347352,0.53527419397967,0.35174494203359435,0.04340245195950974
0.4785712477350452,-0.007395980785256956,0.3628541517131771,0.2780098062209884
-0.3150276474935053,-0.07033817935923761,0.015411507656145981,-0.12331810639886565
0.0225516476281798,0.25247967284729056,-0.3831316805676737,-0.03603345336406779
-0.10903524777727683,0.397181332456396,1.547581137615779,0.6119090740982994
-0.09944129431552572,0.1879310992980849,-26.29137613249665,-8.734295442504697
-0.11619014417538552,0.4178702927868612,-242.1125772692077,-80.60363237353208
0.5145608417854539,0.21496036111843222,-0.428120862434461,0.10046678015647503
0.2174644731946873,1.1394077172790316,1.5372802020321428,0.9647174641686206
-0.9364799830592162,0.25261696570435943,-1.2135760992246172,-0.6324797055264914
-0.09767461379494616,0.28274287924347496,-2.504836469599744,-0.7732560680504051
-0.40800476920735007,0.25462967566262373,8.78088157434091,2.875835493598728
-0.6575100967622234,0.106218706869208,-0.4534452139265319,-0.33491220127318244
-0.6742024696031412,0.3225959004363834,-0.9844458233141027,-0.44535079749362017
-0.4232499606521435,0.04055379120441205,1.3432863839185762,0.32019673815694827
-0.28841372251312025,0.2813076218795939,-0.19679513238744265,-0.06796707767365633
0.11974553628666779,0.3258471241707236,0.8425255352435556,0.4293727319003156
0.9401864580765156,0.18006005219253055,36.109583078204665,12.409943196157904
-0.43706586046558066,0.39085237555155555,-0.9760792268842629,-0.340764237266096
-0.3065411152552838,0.3590011110716856,0.2892086507786673,0.11388954886502302
0.18823783901965194,0.20110299573229096,0.7734890663219828,0.38760996702464184
-0.5562525308801602,0.3468862291639805,-6.631373918756133,-2.2802467401574376
-0.1967987725456723,0.5023563006344473,-0.4496310439620239,-0.048024505291082986
0.10614957223737631,-0.09536192402128531,0.380054731858689,0.13028079335826
0.0757752411704879,0.2237290074467256,-2.0776909921320903,-0.5927289145049589
-0.36620567302156026,0.3338674990973533,0.5136402499229785,0.16043402533292386
0.4169086432928239,0.11556490902133577,0.19662308309463625,0.243032211802932
0.8800541998400554,0.3522259365200648,0.19781437342524955,0.47669816992845654
-0.13854156123545222,0.38314848658978784,3.745039451316569,1.3298821255569682
-0.2900105589497887,0.2344019267956733,1.5715197186078291,0.5053036954845712
-0.11942486035470577,0.09474317501738469,0.7090641241724093,0.22812747961169608
0.2730093814785123,0.31378236467521087,-0.29869888959317886,0.09603095218684808
-0.21581985467288445,0.06870246427629081,1.239420252164971,0.36410095392279246
-0.15892969671767815,0.6181258497068682,15.728913677018824,5.396036610002671
-0.32913110705338644,0.259864053787552,1.7359215440227067,0.5555514969189574
-0.1126255679780558,0.5136094105692862,0.5035246714668127,0.3015028380193477
0.12683224260841455,0.33073510345784474,0.14749562310168668,0.2016876563893153
0.18264377496620784,0.1589222276651981,0.8631300930835144,0.4015653652383067
-0.4542953998970244,0.347620764323868,0.6607505969901626,0.18469198713900206
0.16777604860682005,0.6148560624151505,-20.60630332676941,-6.6078904052491465
-0.13003348944084742,0.5022447950971028,0.13065258922640935,0.1676212982942216
-0.08856087133820059,0.0891341807344419,0.5894830452019104,0.19668545153271724
-0.0004918242990912634,0.24729668329852478,0.885966158471537,0.3775903391569902
-0.18115415651200426,0.4670902204044173,0.6799046485598006,0.32194690415073784
-1.2131629994623045,0.2551867868913217,-0.5938197597360122,-0.5172653241023317
-0.6022353554226149,0.21336068641850645,0.27684698561944066,-0.037342561128222575
0.43445376133480623,0.20352716085549183,2.4502665438880227,1.029415822026107
-0.23478314311663087,0.12022464960153939,0.7216506982067905,0.20236406823056632
-0.009513283182061256,-0.09893887344757397,-2.449638043313808,-0.852696733314481
-0.26449791654774896,0.37232119846826506,1.0047201065822187,0.37084779616757824
-0.06687343092319349,0.041191013616011705,1.1467028220626645,0.3736734682518276
0.01784655687807223,0.09828780979435482,0.008884115506425243,0.04167282739295076
0.15908388785400374,0.28963475659320986,-0.013202455987108778,0.14517206282003495
-0.40983656824206977,0.27272118295352776,-3.6987991971353895,-1.2786381941413105
-0.49336358527541524,0.43202268417050216,0.14414592436580137,0.027601674420296096
-0.8456404689034726,-0.13086856424573523,2.257161494704833,0.42688415385187506
-0.7269337662850556,0.19643188919886428,0.023253634830832596,-0.1690827474184529
0.028135679168843585,0.1887501221595372,1.1047168540978203,0.44053421847540036
-0.620332586054691,0.1678381138957935,0.7288836121723745,0.09212971333782567
-0.18673417294975328,0.28264768711980265,-0.33657000133753123,-0.08021882905582729
0.8146083001087564,0.2089715550545849,-0.0720632360068292,0.31717220638550403
-0.1672217043948424,0.2786591611965345,-2.9681571294892333,-0.952239890895847
-0.2921363464910212,0.45251933331681576,0.2035882827386257,0.12132375652147342
0.8668129047653479,0.1539230441321648,1.4810051947327043,0.8339137145434057
0.2592184990466498,0.20810446962106746,-0.47369215269605314,-0.0021230613427786205
-1.2700441593919756,0.3835062277312973,0.6638790831883581,-0.07421961615744006
0.12995141954236045,0.4723230413896813,1.3220899272092328,0.6414547960470914
-0.33514335448044724,0.41986275154065295,0.10226914618208292,0.06232951441409621
0.24199129398958144,0.5809683352921128,0.22550617985379431,0.3494886030451629
-1.8397425606714772,0.7946961781373024,10.369031684646453,3.107995100704093
0.040213808775993044,-0.00697656798024753,-0.5470563111179056,-0.17127302344072004
-0.18816123711612398,0.28094611659187135,0.15043022660547006,0.08107170202707248
-0.004413676183422259,0.2152267806224159,-1.2887989134924929,-0.3593286030178331
-0.24407149097195865,0.3131675137075362,-0.05554562424668171,0.004516799496298613
0.3113661031973679,0.2567510556939334,-1.1862087286809386,-0.20603052326321245
-0.11369549129533431,0.5929440007196052,0.093808338085142,0.1910189491698043
-0.5978402149001305,0.30666102568917625,-2.029308255139575,-0.7734958147835097
0.0963173947429355,0.4190409775275849,0.6891632999585826,0.4015072240763677
-0.28856764439489746,0.393140063240976,0.4111793602470026,0.1719172596976937
-0.3411247015592748,0.28659285362572956,0.030031568475636282,-0.008166759819302994
-0.18631742686767314,0.26852675029956347,-1.0364453710395152,-0.31807868253587496
-0.6588430465745344,0.37249415254211937,0.47616312641090225,0.06327141079282907
-0.43474640594509245,0.32595091458460296,0.8069663007166697,0.23272360311872675
-0.12454942611642607,0.3768483683834741,-2.217621672443839,-0.655107576725597
0.112086128076891,0.41281292363610117,-0.3902378976919447,0.04488705134034913
-0.10049056306127309,0.3625909182287623,0.3758902687459586,0.21266354130448262
0.05808938414252152,0.49952768256567776,0.9363721535801908,0.4979964067627967
-0.64524309815301,0.40437848735663806,0.23775315013722476,-0.0010371535530490454
-0.21585784013519857,0.4342485440099728,0.39441045459440993,0.20426705282306137
0.26595760319124695,0.7487604052055881,-0.3315023997420746,0.22773853621825346
-0.3591875415274561,0.024313012280256743,0.7878957347267415,0.1510070684931807
0.04332583355095787,0.10543364119067214,-0.058412543265652074,0.030115643825325982
-0.3570174008567825,0.3007788216478091,0.6488582854267249,0.1975399020725838
0.16978063486750355,0.43272032920895065,-0.9813181208572006,-0.12627238559358211
-0.45277309949311884,0.4653550465825721,0.050614465606889106,0.02106547089878079
-0.0911727871575608,0.2745481117904697,0.0738714175174461,0.08574891405011832
0.6513462139700674,0.3743743698724298,0.2821557804196644,0.4359587880873872
0.26578091595862263,0.22105253117602652,0.6004195531430763,0.3624176667592418
-0.08170698387370574,0.5435831455061538,0.9859226349533046,0.48259959886191756
0.22169772924706446,0.303940234422814,-0.6031204693157676,-0.025827501881963033
-0.17755439509031093,0.369382174112649,-1.551158301445097,-0.4531101741409196
-1.9649723291263999,0.09148862518838276,1.2101959062591663,-0.2210959325596169
1.0560534446782204,0.09462039152642812,0.05913046102065484,0.40326809907510114
1.9803477733473658,0.17501722471151915,-0.2955401307042728,0.6199416224515374
0.3909739858888348,0.11872278889728104,1.3655109762828328,0.6250692503563162
0.07983608247399723,0.438700357175107,-0.061006772690373114,0.1525098889862437
-0.18726081862011998,0.30858782216005953,0.6525729601025436,0.2579666545474944
0.5507593836303692,0.36160407430204194,-3.3694009204838076,-0.8190124875171322
-0.5696952591004396,0.40074420321130744,-2.943194983285846,-1.0373820130583262
1.5390043956448902,0.20702686445667462,0.6497853775047416,0.7986055458687688
-0.3306594321624803,0.13393544662290943,0.09160356852655754,-0.03504013900433777
0.5045346911930355,0.634699546746625,-0.12060318081041979,0.3395436857097469
-0.13287443362643672,0.46868430800830235,0.15655818691897755,0.16412268710028105
-0.15380576465390075,-0.054658177714494605,-0.655304996316662,-0.2879229795616858
0.10247521447042268,0.2168868789827407,0.5870080441963178,0.30212337921649374
-0.14196628282836413,0.2701393311852122,-0.03646199325267426,0.030570351701391274
-0.09242716073864189,0.25367275751617396,0.049489394527538894,0.07024499710169033
0.3017107495203022,0.05442706727667777,0.12190256582354898,0.15934679420684297
-0.16255579806184234,0.23907715235569305,0.5294584243282601,0.2019932595407036
0.13870463308245817,0.2961516292127362,0.17130283539379054,0.20205303256299498
-0.8117957036027834,0.5302007252025341,1.5542718581980055,0.42422562659925206
-0.1330464930512606,0.10001012066277504,1.0141682922004334,0.32704397327064927
-0.43271230691837304,0.2110818161251744,0.456957737327717,0.07844241551150612
-0.41866195556803,0.8229724742750225,0.3900484508728163,0.2647863231932696
-0.360757245022553,0.033870593515810954,0.27273091292388657,-0.01805191286095183
-0.5529331128180881,0.1296647852804703,0.4372685647745716,0.004666745745651272
-0.5817871570429277,0.23018628261615656,-2.5888527000183053,-0.980151191481692
-0.30932048170059023,0.11359509911199303,0.0694109974470091,-0.04210479504719603
-0.16094798791222856,0.12293961780989111,-0.11146856178495378,-0.04982564396243041
-0.28636961732409405,0.3380071767305749,0.0679978064349116,0.03987845528046415
-0.2414545169704697,0.4228112891374437,0.4938779582264782,0.22507824346448405
0.16677055022382908,0.17757110664079773,0.412588863144212,0.2523101733362796
0.24611582974654672,0.3994948470529243,0.66423574244088,0.43661547308011706
0.4734039911387765,0.29515655833948856,-0.11474648864271914,0.21793802027851528
-0.07413305098618503,0.19113073720947885,1.9576054889976924,0.6915343917403288
0.30878747838662196,0.5432024537282634,3.4696019241662737,1.4405306187603866
-0.04780916445065256,0.056268519655852486,0.23063435797880358,0.07969790439466784
-0.13922578441727052,0.6436631181904201,-1.4483976938538419,-0.31465345336023076
-0.24245724142605757,0.38101427254400966,-1.1056911665114393,-0.3223780451311624
0.19080303713278965,0.20398087280581167,0.6190616053935637,0.33794850511072166
-0.2841737360571147,0.21752157798650967,-4.838919657487045,-1.6351906051858833
-0.1675041655328477,0.15860913030959872,4.26152619215644,1.4175437189777302
-0.18820849020759867,0.1947971176557181,-22.509497149814784,-7.5009695074555545
-0.03959318016347019,-0.12078480673832112,-0.002250643629817963,-0.054209543510536425
-0.31602203745909496,0.1494201303409859,0.6155145513503771,0.1496375480774227
-0.3301264203784689,0.3543474116302353,-0.7601011661926127,-0.24529339164694877
0.45941628568156195,0.02815776020062612,0.6306945606138679,0.37275620216535194
-0.2323948531671733,0.2842845848673876,0.39374105316633196,0.14854359495551542
-0.5838993511773304,0.5951941529075441,-0.22248559001483548,-0.07039692942820726
-0.37357358774725813,0.87197188659912,-0.5082351030361266,-0.0032789347280882675
-0.6035694564850593,0.2486522173157733,-0.33489110842726105,-0.22993611586551568
0.05353338914656686,0.25039103712088767,4.064022804182873,1.455982410150109
0.7843818867569636,0.1599171380118373,-1.544031557821704,-0.19991084435096773
-0.7616271172296355,0.1950946635156947,-3.2031637728462625,-1.256565408853401
-0.5371542124499903,0.3377059765396513,-0.649811937416745,-0.2830867244423613
-0.04129081662895422,0.0705847026942024,0.24085774541099952,0.0900505438254159
0.16536384674625362,0.5270543452254384,0.10754014304202851,0.26665277833790685
0.4721267604681213,0.24998618805080716,-0.18745187298778934,0.17822035851037973
0.11542337138923114,0.2760019831424907,0.4964777674989201,0.2959677073435473
0.09767752480762816,1.073884880814646,-0.9214993996359065,0.08335433532878922
0.2814104953331688,-0.011880340643189938,-0.8365274058559478,-0.18899908372198962
-0.2926461818436332,0.2936903783297189,1.2596246134021054,0.420222936629397
-0.11431418934661032,0.4854892148618602,0.8461857335435654,0.4057869196862718
-0.3169591831971707,0.29035458182241586,0.8922009518751852,0.2885321168334768
0.23429202475288036,0.7089544390398568,-26.459327743288533,-8.5053604264986
-0.09565353199555221,0.06779052484172728,-0.6024443546197363,-0.21010245392452043
-0.027354811410090257,0.3509046853331222,-0.6577459401036455,-0.1113986887268712
0.14553236005365824,0.5954667278045287,-0.11233081290205167,0.20955609165204506
0.4676083778362873,0.36416775825343206,-0.5834483757116703,0.08277592012601635
-0.40550701782429494,0.2641729160817544,0.20896241026188472,0.022542769506448068
0.18418157541568334,0.527345373787916,4.370564118228797,1.694030355810799
-0.14853032611846398,0.3560502257197372,-12.219171430899843,-4.00388384376619
-0.10340070481694645,0.22507647387952245,1.5042813572576699,0.5419857087734153
0.5779829649690293,0.17502173456981052,0.7764248411911903,0.50980984691001
0.5274026827351277,0.20246304594238126,-0.6350686468586202,0.03159902727296293
-0.07741002531843658,0.609860941468312,-0.4373443996974934,0.03170217215079404
0.30749115601343585,0.49566634731546727,3.7330865033061214,1.5120813355450082
-0.0009988187619354616,0.35593047891755586,-6.374971329444448,-2.0066798897629425
0.1032573012371746,0.26677916264674656,0.2819452851245475,0.21732724966948955
-0.3729069935401201,0.2548486134267923,-2.396359226306921,-0.838139202140083
-0.05781586425679296,0.5548296941100985,0.3936868272490896,0.2969002190341317
-1.034118641761175,0.0730150588554935,2.5103279490343864,0.5164081220429017
0.8648169792315228,0.6452637511983915,-1.6879266720917026,-0.05928198055392945
-0.16894132595192038,0.1679221264463474,0.16656500917552686,0.055181936556651295
-0.30403621476997256,0.24804904950773846,0.018132227733618347,-0.012618312509538585
-0.26465661279426755,0.38813684848045477,0.9451277447352578,0.3562026601404817
0.173474139289091,0.3532650723053751,0.44425220071147214,0.3236638041019794
0.3500591425462042,0.20002033922770443,0.06656593920125453,0.20554847365838771
-0.46589223681564546,0.26225355748120105,0.16048191027547629,-0.014385589686322706
-0.18743878609036363,0.3473315359218439,0.2097700288384825,0.12322092622332093
0.2557038771317333,0.20689138408203558,0.19256796853380487,0.21838774324919127
0.10206945026907578,0.07444288250488115,0.8563368793907123,0.34428307072155645
0.1296999527311557,0.21681432787611726,3.0518533567820505,1.1327892124631078
-0.3047815034205328,-0.024763145829052577,-23.84516620755874,-8.058236952269441
0.9102843669848426,0.4264881002841801,-1.9131291366492655,-0.1921188897934143
-0.27778805942619206,0.37376648010834285,0.500679729875076,0.19888605018574226
0.018177361806572322,0.35901548953090306,4.854856775630552,1.7440165423226757
-1.2954281714833051,0.44387239544271306,0.496832444114442,-0.11824111064205002
0.8966157203783511,0.3323438135909593,0.02073642448191174,0.4165653194837407
-0.11696969773404205,0.03036342506469298,0.06309723097322109,-0.007836347232042656
0.06832458869736197,0.6549349303585394,0.12417040434797079,0.28247664113462406
-0.3266589171731986,0.24426750121000287,-0.11077025268104809,-0.06438722288141462
0.2642489149034468,0.17134820490533934,4.7261786974977396,1.7205919391021753
-0.5337027728546371,0.3331878842337499,0.7309275052184385,0.1768042055325171
-0.3251967053497376,0.3836335220839511,-0.000658061935982246,0.019259584932743743
-0.21759840707813627,0.5060104115306057,0.14716380565095266,0.1451919367011407
-0.16620608677032114,0.014549326868873017,0.11147452689099195,-0.013394077670152054
-0.4675042553980951,0.44816984705890384,-0.35638043596237906,-0.12523828143385676
1.2367551529328547,0.5832330589012122,-0.45784163329598315,0.4540488595126946
0.294408211640848,0.001806785262064912,0.28620749160142683,0.1941408295014466
-0.12254255798414045,0.3516037227183223,-1.188560177732841,-0.31983300433288636
0.24761274813372267,0.3540955198820597,33.14294837837424,11.24821888213001
0.3261606355474228,-0.24464417354544274,0.2660993585889532,0.11587194019697777
-0.40966549391831875,0.09708855436058005,-1.4676502642762106,-0.5934090679446498
0.023544304100405238,0.027051123281941265,0.5760984519543323,0.20889795977889292
-0.3943552130338803,0.08019849072645478,-0.19858343594724678,-0.1709133860848908
0.3722853154325878,0.40904380972670745,-0.4422034153044004,0.11304190328496498
0.3566292131491503,0.3830694925543559,-0.016083755660240062,0.24120498334775542
-0.3880455698957776,0.20765095490455276,-0.056238766031082084,-0.0788777936741023
0.020674575873752585,-0.027604250690830886,-0.13355604523010317,-0.04682857334906049
-0.0422810393654979,0.30561897922165304,0.5318082099541396,0.2650487166034316
0.13827169976922601,0.37917068863706915,-0.050433117826851205,0.15566975685981466
0.593249536537429,0.42258861115798585,-0.3951040183279002,0.2069113764558382
-0.49915382944083525,-0.05993288948672933,-0.013247642688097097,-0.1907781205385539
0.13471399968634504,0.32257817169716846,0.4041604952754708,0.2871508888863281
-0.2789811939289829,0.3404596711818245,-2.0374851797298144,-0.6586689008256575
0.30502842671672764,0.47822202188302465,-23.319813328923843,-7.512187626774697
-0.0923351784922644,0.2742253659509213,0.45747327959759715,0.213121155685418
0.3043784307615334,0.12040868385545585,-0.6324892913227729,-0.06923405890192787
0.3749373559750955,0.024885058133169775,2.5727397809180648,0.9908540650087767
0.03094617008924882,0.1369680894295682,-0.7786817020476627,-0.20358914750961524
-0.9943570539931524,0.34258304611795193,0.014313774007586242,-0.2124867446225381
1.4306927592809724,0.3547863477381284,1.4083104770494117,1.0645965280228376
1.7715194585442267,0.34937219472014214,2.0283007036249723,1.3830641189631134
-0.39272557663075347,0.5313894744709631,-0.5508250120084098,-0.13738703805606675
-0.3189413894469429,0.28139467543402874,0.8041447748573539,0.2555326869481466
-0.20963720007968634,0.353742225037533,-2.5412298423716555,-0.7990416058046029
0.6937983979208787,0.3476877213793317,0.40377991056074064,0.4817553432869837
-0.4924653418335425,0.24384137007377799,0.488013326012976,0.07979645141773715
0.24985468477080622,0.3749145765760832,-1.907289237988669,-0.4275066588805932
-0.4872305883453185,0.07885962347089304,-4.756545815260552,-1.7216389267116592
0.3019269915983553,-0.1915935323978266,0.1382496847515941,0.08286104798404094
-0.2679553560154018,0.01921518284838269,-0.2578082926352139,-0.16884948860074434
-0.3137442630315055,0.1853191603137974,3.1243800256555923,0.9986516409792947
0.06935320254721365,0.3879899825090244,-1.3297447921386323,-0.2908005356941314
0.096992607665369,0.30400607505096255,-0.9478990437351771,-0.18230012033961518
-0.06135359414759803,0.9418017663458539,2.45282080801647,1.1110896600715754
-0.28343164321260855,0.20563469216822322,0.2593372542522144,0.06051343440260968
0.4288902792908869,0.49897043161342497,0.4716368968614624,0.46649920258859146
1.004064248806938,0.0854365750289294,0.1837464693199547,0.424415764385274
0.09580425553765451,-0.07204699770945136,0.34848806603965565,0.1240817746226196
0.04725815005119935,0.20568652272043844,-0.8543572510357219,-0.20047085942136136
-0.373671547772043,0.10257257988064049,0.7704473042699366,0.16644944545951137
0.12723917980177654,0.45711864083872106,3.9765737807443546,1.5203105337949507
-0.02380527618982953,0.4979692707428415,0.54264807016023,0.33893735490441396
0.17450051015976217,0.16430792600630284,-0.38551519620681785,-0.015568920013584267
-0.1909984947861327,0.41054116644301286,1.23804464687626,0.48586243951104674
0.909696526622581,0.185489380697645,2.0584118607428876,1.051199256021038
-0.06260227304353251,0.04706320361273552,0.19814223894408897,0.06086772317109732
0.37467927514627225,0.4488661913592561,0.09274093340037477,0.3054287999686344
-0.17826787969224248,0.5002652462085386,1.4392350304971708,0.5870774656711557
-0.6877045405544115,0.21706070068083358,-2.216155527422456,-0.8955997890986781
0.4526835898594044,0.2601637968940939,-0.12759434119577853,0.19508434851923995
0.402378818291802,0.13235126348063417,0.22641831350775438,0.2537161317600635
-0.06471380035057038,0.1693166204377418,-1.4657876443944544,-0.45372827476909433
0.0021179790211175464,-0.025210715532333904,-79.17552986466784,-26.399540867059685
0.0753627426668657,0.26807177985687264,0.36889543463970786,0.2374433190544821
0.3301048595326585,0.24612771001096082,0.09548944671475375,0.22390733875279104
-0.5050505478230353,0.459365226466388,-2.005169739713264,-0.6836183536899704
-0.15509146479037572,0.018086619544144537,-1.5963443452775918,-0.577783063507941
0.03039721268701599,0.5483391109307485,-0.2272056171961198,0.11717690214054823
-0.22948075629667017,0.1732054201979664,0.06596898620940976,0.0032312167035686615
-0.7311396018436871,-0.08357442010115228,-0.7994127636504759,-0.5380422618651051
-0.10974699580067962,0.6506586521239576,0.39941773233290206,0.31344312955206005
0.38355106084652096,0.017786271613823297,0.5906234011761426,0.33065357787882893
-1.9622433481300015,0.6100159724769675,-0.8519073546717165,-0.7347115767749169
-0.5151662160291086,0.3745451211273874,0.08227137156614533,-0.01944990777852529
0.14881863032704296,0.20151144313854,-5.821098541054172,-1.8235894891961966
-0.30151028721249956,0.6214895476595016,-1.23750302205142,-0.3058412538681394
-0.4167980550663963,0.30143238438115144,0.17694806061264487,0.020527463309133343
0.17916265203574536,0.5375193421286477,0.39630611368430285,0.37099603594956526
0.21143000728108657,0.19062719674177145,5.447997716933974,1.950018306985611
0.5992376592683145,0.15839968287187725,-1.0734905266762393,-0.1052843948453492
0.10106107065905191,0.5114867880726148,0.6413549511793976,0.4179676033036881
-0.5201942052001701,0.1788788306004878,3.442363895229405,1.0336828402099076
0.48512981221759255,0.529571143946744,-1.9138259462569678,-0.2997083300308771
-0.25480212321810963,0.1662897622774306,0.4016584754601211,0.10438203817314735
-0.21842132801789385,0.3275215548455005,0.343279359491383,0.1507931954396632
0.3888006664305125,0.35714952810571376,0.6767301449079047,0.47422677981471034
-0.15282979364473082,0.3832161275998541,-2.8969980343312836,-0.8888705667920535
0.02483411338581005,-0.21707682951836563,0.17321599682008645,-0.006342239770823044
0.04562332429388663,0.7928079155576816,0.742656212883477,0.5270291509116817
-0.3488234619552728,0.12627545610121516,-0.19791119343404373,-0.14015306642936712
0.2618381824299733,0.06828612085972338,-0.2368310129909498,0.03109776343291562
-0.17728235484693683,0.35251625237492384,0.49370743143192863,0.22298044298663855
-0.3884671364781388,0.49980296167871113,0.7141370421231097,0.2751576224412273
0.02300591176779306,0.6624928585784345,0.06087706212598691,0.24879194415740483
0.30553087094751147,0.5117041580873044,0.5160529980729125,0.44442934236924275
-0.03789384099458898,0.1395677660599058,0.09122274245005815,0.06429888917179166
-0.8756435996336405,0.19579800839081676,0.28439864620210503,-0.13181564834690623
0.3864875995199702,0.2827899854466627,2.6717555880322896,1.113677724332974
-1.208318675946676,0.35695157443860404,2.620893117856203,0.589842005449377
0.0363001802099242,0.2955612232703314,-0.2149267642536204,0.038978213075545075
-0.012109206274222547,0.05646611848818882,-12.325543908105216,-4.093728998630416
-0.37722018573928656,0.4166187029718502,-0.11790944406826628,-0.02617030894523421
0.1156322741628387,0.38186282576435043,-1.063033366814314,-0.1885127556290416
0.03270313601540578,0.5073080696006537,0.1405313261625826,0.22684751059288066
1.0394533950174116,0.2229857428672777,-1.1493562240211275,0.03769430462118728
0.27019171282646914,0.3358933299585377,-11.786979013072724,-3.726964656762572
-0.42256662205322915,0.8657311510826675,0.38938962264458976,0.2775180505580094
0.4081028031917456,0.4317481232188276,-1.177709372778852,-0.11261948212275959
-0.014019130188285584,0.16180558621400465,0.22038923053891807,0.12272522885487906
-0.6191625989760714,0.12060880334901636,0.7042768117705629,0.06857433871450262
0.2828004993313005,0.1907092289233954,0.8725505477777367,0.4486867586774775
-0.4181284273180057,-0.03879662685594588,2.7570342768574796,0.7667030742278427
0.36203701820834705,0.4734570649154613,0.3108046320603173,0.3820995717280418
-0.07452880488078333,0.20954502041167686,0.028616746541374735,0.0545443206907561
0.22987752407405906,0.41633233555497934,0.11962776686456639,0.25527920883120164
-0.6090782949447116,0.07306181607298624,0.36785621477270036,-0.05605342136634165
-0.9418885439390587,0.0950791560345316,1.2224652541777628,0.12521862209107856
0.024451502702241137,0.31523326018376313,0.2851516088156499,0.20827879056721801
0.22711883434566413,0.3597158182731069,0.15280014793935495,0.24654493351937531
0.08598385098856966,0.14464307997620834,7.305735184189206,2.5121207050513283
0.7607885478670949,0.316859088031536,0.19502262524784097,0.42422342038215727
-0.5518898754962556,0.4013779294047633,0.19109376028860128,0.013527271399036339
0.3049749983049872,0.5648107908694717,0.3995893455681229,0.42312504491419395
0.1628656068590271,0.05906408435069821,-1.5161253960903858,-0.4313985682935535
0.2970815460383728,0.24962590395411824,-1.1035390706030068,-0.1856105402035053
1.0256923237463518,-0.017703859378123944,1.6155872964131985,0.8745252535938087
0.6670309001304924,0.285345318103266,1.5258936828155891,0.8260899670164492
-0.3189977048753536,0.23474702695349128,0.013134716356331698,-0.023705320521843543
0.008263846463037516,0.47551254121915676,-0.31426250545619794,0.056504627408665443
-0.11049244320992287,0.30184572170511437,0.1667325293222249,0.1193619359391388
1.5614356646561658,0.13455053719926185,5.648062650997248,2.448016284284225
-1.0281667330109077,0.14001220404517972,0.8790932104440656,-0.003020439507220788
-0.26240011118169215,0.2029954304115318,-1.8104755049494166,-0.6232933952398589
0.5063491601645014,0.22777892040075362,1.0268181023228997,0.5869820609627182
-0.44319782315502526,0.31654178321056414,0.03607384964104952,-0.030194063434470536
0.23007356205177862,0.04404565307453747,15.126908136359392,5.133675783828569
0.05874937766773326,0.22241099969687958,0.1997900089440874,0.16031679543623342
-0.955183565170376,0.24465638991717326,-0.5385668363095298,-0.4163646705209108
0.867178579883343,0.18852274203817382,0.21465672043385697,0.4234526807851246
-0.1445261861067677,0.13965498378066518,0.16190219275833742,0.05234366347741163
-0.2977105957783246,0.3731921329023583,10.360649518864873,3.4787103519963023
0.2695441154321731,0.3500259148273237,-0.09236895013682832,0.17573369337422284
0.7366930398184564,0.4121578192202626,-2.045122364608885,-0.2987571685233887
0.36722869995567525,0.33024348400079845,-1.4376402306096396,-0.24672268221772198
-0.017337800355111496,0.18744764556803653,0.3932480492153413,0.1877859648094221
0.14314609045790072,0.28854305544866027,-0.6068607640745258,-0.058390539389321615
0.5636908797235647,0.2958530612930286,-22.80183859832428,-7.314098219102562
-0.05618394301844736,0.2527516872057996,0.20121920897351153,0.13259565105362126
-0.10828634011898301,0.40831750831505614,0.3303924618154467,0.21014121000383992
0.06464109767542252,0.4295787711647647,-4.518741314212123,-1.341507148457312
-0.21284068433204556,-0.40337688676473815,-0.26260508982424285,-0.29294088697367554
-0.08031346309324561,0.19066561884578018,-0.5197879968823964,-0.13647861370995396
0.22346175172838895,0.6426067928598048,0.31736195062766165,0.39447683173861847
-0.5098530129429103,0.1774492879175465,1.1777643581225579,0.2817868776990647
0.7806211294026233,-0.030109196495030265,0.5754432425327214,0.4419850584801048
0.571302544342595,0.5168320192793626,-0.5104641095355948,0.19255681802878763
0.06263653680282771,0.06847006777461784,-0.684811247145551,-0.18456821418936845
0.2921991156105112,0.49693646412718007,0.5827419187362327,0.45729249949130796
0.272367903344244,0.3495550443871054,0.1621514641187529,0.26135813728336743
-0.8296753720675896,0.46171856290160157,-0.06169724087826673,-0.14321801668141823
0.19463461636095977,0.3120206745867976,-53.32524688762475,-17.606197198892332
-0.12873626002842284,0.2121714905357795,13.526244128995987,4.5365597865011145
-0.13427435498597018,0.4524191324188442,0.4428561223246329,0.2536669665858356
-0.48299266589086426,0.1421768446687675,-122.76870309980792,-41.03650630701001
0.14692429007274915,0.15839793331690138,-0.5406964152976611,-0.07845806396933686
-0.03869477925335351,0.09161734893883608,0.2748961807664405,0.1092729168173077
-0.6044266538016677,0.5291683919190081,0.3628907348752099,0.09587749099751676
0.4233055179561777,0.31615885755044565,1.5110469684352292,0.7501704479806176
1.7854130370314454,0.28497260589033624,1.5051773987714547,1.1918543472310787
-0.16562607754024233,-0.06598092600416004,-0.13963039455051635,-0.12374579936497292
-0.7893168919597435,0.7370255354138968,-0.16958432762554956,-0.07395856139046543
0.6322587399157156,0.1270595477225092,333.53184305121323,111.43038711295048
1.0613139466595825,0.17447784000867586,2.681646487228982,1.3058127579657468
-0.5268380758280281,0.35797213054481875,0.5464440512610073,0.12585936865926597
-0.2683866798996635,0.4250382537627788,0.18699247911204897,0.11454801765838808
0.022823691536497763,0.23454776953873246,3.2185064515611144,1.1586259708787816
0.27927569859713086,0.07376988397464622,-2.3343332220253274,-0.6604292131511834
-1.164121735535011,0.4742667705254948,-5.110030881388048,-1.9332952821325213
-0.6535657943510924,0.42803357144492094,0.3732827555032838,0.049250177532370785
0.3825502032722933,0.48283276944651315,0.42204891880393847,0.42914396384091497
0.40690557125118454,0.6160371361474871,0.10644549534583465,0.3764627342481688
-0.1728301198170542,0.344396376430077,0.44676425823382726,0.2061101716156167
-0.16129365500127452,0.2573515513210794,5.276962495996801,1.7910067974388688
0.01902593684012044,0.249624231427778,0.7119137319305556,0.3268546333994847
0.2214406778446595,0.11263045577637947,0.10839430514580033,0.14748847958894643
-0.508212154872575,0.5271020232538672,1.400446011059248,0.4731119598135134
0.06881101169087021,0.29872962387896274,-1.187136717508064,-0.2731986939794104
0.12294080018466785,0.24427828799378207,0.014151736603813154,0.12712360826075436
-0.019482272471533963,0.025332008685975852,0.05456724673990021,0.020138994318114032
-0.2602002859760188,0.04409615932697834,1.1892869692884998,0.32439428087981975
-0.21925361622378725,0.18761079709378212,-0.7525125563842265,-0.26138512517141055
0.07498309766733513,0.16263807918845766,0.4601968193426485,0.23260599873281376
0.6095269968015828,0.04232610373802075,0.3045281209748436,0.31879374050481574
0.7043856827884718,0.44862337705039296,2.910508067111792,1.3545057089835524
-0.11200152936074224,0.30543586481829865,0.7186553915501989,0.3040299090025851
-0.4669430531459083,0.16978023932118225,-0.845341134181108,-0.38083464933527805
-0.22191473705220768,0.27452314206830825,0.21456329378962463,0.08905723293524175
0.8878857471521866,0.3147432439425189,-12.913346438383064,-3.903572482429453
0.12261504570370695,0.1208194632257213,0.08883039867242558,0.11075496920061795
-1.1050870486596671,0.5101987559541614,-2.415661823888961,-1.0035167055314889
0.03591809336813164,0.04531266095279104,-1.2289683045727093,-0.3825791834172622
0.5169926231711491,0.3713458981593717,-1.0094972358686347,-0.040386238179371294
-0.07144764742530808,0.2616034600141676,0.3767490038389599,0.18896827214260647
0.27492975793786073,-0.014181060164865335,-3.940335274994622,-1.2265288590738754
0.1284935316019673,0.3500607224463235,5.812624843070547,2.0970596990396126
0.029793436163999494,0.7411912032281303,0.13720531427950433,0.3027299845572114
-0.5155714117078468,0.23296381145073658,2.694752475600441,0.8040482917811103
-0.05711126522462307,-0.08371649253522673,0.00412141045961308,-0.04556878243341223
0.5193287272384551,0.1898196506147892,5.339750163581018,2.0162995138114206
-0.44194111432687744,0.19596629454717213,-0.017472612327321606,-0.0878158107023423
0.3451708541390739,0.2037532925980864,0.990067817132889,0.5129973212900164
-0.6648833909498016,0.13447726728515103,0.3606636007062895,-0.056580840986120394
0.8302726707136151,0.16842215968528648,0.1076760358635625,0.3687902887541547
0.26739585854955916,0.09603461206592626,0.6562760523140722,0.33990217430985253
0.49594617663138896,0.00908876881441695,0.37706208185102763,0.2940323424322779
-1.1376509907701342,0.3892875918820936,0.29094542132527723,-0.1524726591875878
-0.561225494082199,0.4532868668151682,0.6772061908685191,0.18975585453382945
0.27951298428971383,0.5584082109720188,0.09830258297280749,0.31207459274484667
-0.34515661596623687,0.3682937053351458,-0.26336686906634243,-0.08007659323247783
0.340269134546281,0.10773360325718372,0.17273590247147944,0.20691288009164807
-0.0011639554286809915,0.22351124449277152,0.8104946992871734,0.34428066278375463
0.38740105425502874,0.10352037923110348,0.18904545046006963,0.2266556279820673
-0.31176839034459003,0.12711055874258098,0.24560435112836804,0.02031550650878633
-0.31745177486181353,0.387650038738665,0.2973484032760281,0.12251555571762651
0.07457434444972467,0.5807130298952479,0.41649234285697456,0.3572599057339823
1.2450744530049906,0.053637292875432334,0.30623169462450095,0.5349811468349747
-0.018878620351393104,0.2498825896873884,-0.09460423668760755,0.045466577549462595
-0.4401359566844922,0.4970349882172781,0.6252495038312521,0.227382845121346
-0.31993660913771327,0.31209003614442615,-0.1902209199698778,-0.0660224976543883
-0.5528215575227682,0.38236628568916853,0.3755895556853861,0.06837809461726214
-0.06460344236364632,0.42430578378523376,-186.88128685009963,-62.173861502892684
0.12034191281481585,0.11687224286825282,7.23244967224198,2.489887942641683
1.4768501018509328,0.45126422191597615,0.026666458981859233,0.6515935942495894
0.16648418519831526,0.22563941140052185,0.8773097335404837,0.4231444433797736
0.6569020085135849,-0.02651451133783071,0.22381735309124126,0.2847349500889985
0.07315407565178568,0.387180393999749,0.12086451107054838,0.1937329935740277
-1.7720902475150822,0.4025624030152856,4.758642075040297,1.1297047435135001
-0.36257002527010734,0.32550645682566,0.09367601732244826,0.01887081629266697
0.5735790884090131,0.4242671084411869,-3.785674148953245,-0.9292759840343484
-1.1591549312177898,-0.003642357329992678,0.24892437675978316,-0.3046243039293331
0.5008865780173385,0.12474978611774568,-1.626320456046679,-0.33356136397053165
-0.31229109746409317,0.43963833373466427,0.7608252743416297,0.2960575035374003
0.36613021366841797,0.13398866669812626,0.42469872631357425,0.3082725355600395
-0.35710285684378024,0.3311070447545027,0.42442399513595885,0.13280939434889377
-0.5826931623675163,0.17984795046707935,-0.6586314117724816,-0.35382554122430615
-0.42568961824070917,0.559503702688898,0.1335584948836193,0.08912419311060271
0.38189755376195167,0.4587932857469879,-0.39836733051435025,0.14744116966486312
0.18012366737849633,-0.13084764042446073,0.12309330634181175,0.05745644443194912
-0.08528840217149555,0.5169678858189142,-0.573609252323994,-0.04730992289219179
0.6049929519719207,0.42181948916537104,-0.12938732186058124,0.29914170642557014
-0.5011083688914818,0.5135850427320782,1.6031721744607181,0.5385496161004382
-0.24573048754032709,0.1556832838873889,0.6235939336863363,0.1778489100111327
-0.6232452148810823,0.2995667091618781,0.7369133879933416,0.1377449607580458
-0.26349176198846774,0.2558528463808371,1.0904574532556288,0.3609395125493327
-1.1601543606710893,0.25080118954771563,-1.4096734508431565,-0.7730088739888434
-0.4502888473545451,0.801742317948232,-0.7253499417528477,-0.1246321570530536
-0.09887571853343861,0.5244912559111352,0.7510655531720875,0.3922270301832613
-0.31090433116278576,0.039873651997439516,0.12009458623053029,-0.05031203097827198
-0.8840908571778946,0.5863265831317215,1.9359810884352662,0.546072271463031
0.77964671375264,0.3347413081373912,0.21186145072475307,0.4420831575382615
-0.44080504913630175,0.44038626025833,2.4991404818860623,0.8329072310026969
0.8280332792566575,0.9499782038373699,-1.2619977015545116,0.1720045938465052
-0.3061227894916931,0.31317469654778396,0.46382805894475876,0.15695998866694988
-0.453244180889915,0.20532386833685617,0.5758535045635355,0.1093110640034922
-0.4772753887236754,0.042021478406997645,20.54826098571563,6.70433569179965
0.3915529307317895,0.20106085499225756,0.660847487567262,0.41782042443043627
0.4910693967195708,0.11923128812134426,0.749486850493855,0.4532625117782567
0.11140019306966974,0.15231991385770524,0.46058279035122063,0.2414342990928652
0.46221690979226615,0.27442631901280157,-0.30650359322649895,0.14337987852618958
0.26041811234296985,0.25518128463327444,-0.46589194678093765,0.016569150065102196
0.0444686020157064,0.5192352959679359,0.20996093662743961,0.257888278203694
0.10779552835218932,0.5656149284113483,0.8496018186148477,0.5076707584594619
0.4775979233154058,0.2061964708606291,0.39917420302152734,0.3609895323991874
0.17429781878557835,0.003242413779734419,0.04890246249945572,0.07548089835492283
-0.45888783114199055,-0.025555735800250223,-0.19058131377094648,-0.22500829357106242
0.052952493392569695,0.3238121044654442,-0.5964063272314748,-0.07321390979115365
-0.4367960914943302,0.20435262299096912,-2.051781025816493,-0.7614081647732847
0.622411082391405,0.6109306475276528,0.27603833256025845,0.5031266874931054
1.4856225868123056,0.04897418580479991,-0.5526690100308574,0.327309254195416
0.014896713043112499,0.1013790916994034,0.9085755032418157,0.34161710266144385
-0.1584318848068772,0.1931533017792992,-0.751417162421016,-0.23889858181619797
-0.3906467739433963,0.26900144536693127,2.6506702089759466,0.8430082934664939
-1.4587213492440652,0.3192001558651552,0.19052911475505335,-0.31633069287461885
0.07792501397606369,0.24427055565564193,2.111078204810435,0.8110912581473801
0.3705876512777488,0.20883985973479408,1.2068386153971888,0.5954220421365772
0.144487382384658,0.07476496216655384,2.117617027755394,0.7789564574355353
-1.0768320007697711,0.20987954667005895,1.1278342264073111,0.08696059076919964
1.0741800203973455,-0.00964724974974418,1.10118953919307,0.721907436613557
-0.27313984886912906,0.25012228260962677,0.5713470754351284,0.18277650305854207
-0.13457819055115117,0.6010323259648732,0.2202046138740352,0.22888624976258576
0.13991637935735404,0.12373551344088342,0.10332069483766067,0.1223241958786327
0.35017183523108325,0.43345496964650715,-0.7570326850339738,0.008864706614538864
0.1576919382533896,0.45788907476567436,0.2601772537659087,0.29191942226165757
0.3674715469969853,0.029664177688857308,3.1379654133068557,1.1783670459975661
-0.010347138280550528,0.23826845131936858,0.3456416351930921,0.1911876494106367
-0.2444559309543193,0.5590521075857314,2.9405401304037295,1.0850454356783805
-0.45856423449603556,0.6148503118650062,-1.2613664392270492,-0.3683601206193596
-0.3073218108731502,0.4046941141785747,0.053509051905813905,0.0502937850704128
-0.19131344438638448,0.47759007218716304,-0.01577429567655949,0.09016744404140636
1.630328500195376,-0.11988936769829088,-1.1431770724322476,0.12242068668827917
-0.10182878919932871,0.3982652531740179,-12.81295096469078,-4.172171500238696
-0.5458761985634828,0.5058620521314652,0.5149148474519041,0.1583002336732955
-0.17335706010036772,0.5380240207186524,-0.19707590700718372,0.05586368453703366
0.3213875748415536,0.4964455626984189,-1.0159518190677372,-0.0660395605092549
0.36090907885334467,0.375683047977712,-0.28491804440943835,0.15055802747387279
0.1846518254024376,0.2203396718140947,0.5129527332758178,0.3059814101641167
0.22846358401238534,0.5003412158474105,-3.0705160541571916,-0.7805704180991319
-0.3691114598709015,0.14874149071182616,-0.00549556859645973,-0.07528851258517835
-0.516710970381015,0.08742504947058494,-0.9980492070706157,-0.47577837599368195
0.5707078419976411,0.46893054044909027,0.43143883806605904,0.4903590735042635
-0.1477489284304524,0.4627339757670871,-12.506052280026925,-4.0636890775634305
-2.9984521896113323,0.6109160289946288,1.6671966608795985,-0.24011316657903495
-0.11689844256576577,0.4423864893405001,-3.0965832917208704,-0.9236984149820454
-0.30033418578286714,0.30594790302107966,0.2847707121629065,0.09679480980037301
-0.49969827037264036,0.10178446083634744,1.8950084058813803,0.49903153211502915
0.20306659070696673,0.08394762640004876,-0.16296009159985278,0.04135137516905423
-0.5543616961219462,0.24183701155573245,2.454436529848753,0.7139706150941798
0.24391602050017666,0.1696339321269114,1.2207560960952326,0.5447686829074402
0.20171084138389142,0.6039449880782678,0.7098790047225381,0.5051782780615658
0.14223148908507185,0.2803507500451632,0.3573459945380731,0.25997607788943605
0.05583170501621921,0.05922999205735335,1.4908254103200942,0.5352957024645556
-0.23117610667063895,0.24789854466806738,0.4331589819736343,0.14996047332368756
0.31141178289778093,0.16494961038025774,-0.4282930947163982,0.01602276618721349
0.20259197714514218,0.15071064012680077,0.6105026192546694,0.3212684121755374
0.9260047171671663,0.08970580426394907,0.45097657368618055,0.48889569837243196
-0.5424902442210437,0.08320673923102336,0.12407788623422165,-0.11173520625193291
-0.9784888188019026,0.10839540914575835,-0.062311591750784295,-0.3108016671356429
-0.02717573001775806,0.540651098717492,-0.0560126595364997,0.15248756972107805
0.1797095198913294,0.2884488272398374,0.5233827318719049,0.3305136930010239
0.0975780397471763,0.19169157209335783,0.6286253123325601,0.30596497472436474
0.28049590115730727,0.27970540403802546,0.5656350848074205,0.3752787966675844
0.366631007172489,0.372347400825866,0.4007762118867395,0.37991820662836484
-0.10952672295961069,0.14252977931415528,0.4227314726804207,0.15191150967832176
-0.053053087964020904,0.15917222747794935,0.053855952834471026,0.05332503078279982
-0.3038563592585219,0.6132081654881136,0.3785867636468682,0.22931285662548664
0.014696134148960566,0.39514510033918815,-1.2073854070441008,-0.2658480575186507
-0.1782089007786803,0.09007044769988613,0.6155970343370515,0.17581952708608575
-0.04286154086544597,0.785597362312252,0.06275627149580586,0.26849736431420396
0.7507051225729244,0.623274131813508,13.618608834793939,4.997529363060123
-0.5603739765473122,0.3571653664909135,0.4414248511198417,0.07940541368781433
-0.24738118339505055,0.2578842672449283,10.209064462851654,3.4065225155671772
0.2580937318250113,0.32263909378244626,0.4507112129660304,0.343814679524496
-0.5203858944017951,0.19792503875596132,-0.056827938194197805,-0.12642959794667716
0.053440177872222695,0.4064779433682218,-1.0426898454768148,-0.19425724141212342
-0.14397474348911585,0.6831131201860445,-3.1791775470138104,-0.8800130567722939
-0.28788862875103965,0.3259596017090304,0.36299792654185975,0.13368963316661683
0.2590580406672928,0.4347516761247049,1.018604118210933,0.5708046116676436
-0.1540923797368065,0.10972459892919509,0.5473951058360571,0.16767577500948191
0.33064328525412784,0.3945522835153545,-0.40029276808193387,0.10830093356251615
-0.5302606030571568,0.696645837388958,0.06778028602135865,0.07805517345105328
-0.7850611258842645,0.3851841289111373,0.7781591083062086,0.12609403711102715
-0.42748552513139926,0.26022175498318967,0.4514311199229034,0.09472244992489794
-0.25909671976786686,0.33150344610502097,0.21724805870702102,0.09655159501472504
0.3528294516617939,-0.26661430723732893,0.9001737034227115,0.3287962826157255
0.5871228093007833,-0.0797837323673781,1.0627385045831168,0.5233591938388407
0.2858876939484859,0.30860033326929137,0.22648361810373685,0.2736572151071714
0.3415476216778362,0.3058537841994125,0.2815091429872416,0.3096368496214968
-1.0015435770830063,0.5065638633945441,-0.4438860157703041,-0.3129552431529221
-0.9726391771593622,0.020700209769782044,0.6144634685225736,-0.11249183295566885
0.12460516439175034,0.6210093595605531,0.3783565423253023,0.3746570220925353
0.3545058688725426,0.04377493570690851,-0.6247936216308067,-0.07550427235045186
0.03527256832917107,0.582437840971234,-0.7804849811709461,-0.054258190623513704
0.32863403991473733,0.6356221830318022,0.38880462452161246,0.4510202824893839
-0.590541697051536,0.045844302705199236,0.3087304776251997,-0.0786556389070457
-0.8826738263032642,0.22998391389590211,-2.556983850116735,-1.069891254174699
-0.645418407171228,0.48648435854258887,-0.5834045719916793,-0.24744620687343946
0.2911561608855449,0.4379872312585022,0.4919219798651375,0.4070217906697282
-0.06253957427808916,0.11134444394363213,0.6712105264427101,0.24000513203608434
-0.25011573962613853,0.2521540899179206,0.7039687967976076,0.2353357156964632
-0.6154697467015348,0.3198494312410107,0.1256301904535063,-0.05666337500233926
-0.6023143940075347,0.43366166887416396,-0.05844756884020807,-0.07570009799119294
-0.14494871045233362,0.5112110742205621,0.3106591682259998,0.22564051066474278
-0.31411451390109046,0.13445677744217693,4.780675717397577,1.533672660312888
-0.17305571043285603,0.14357115517121774,-0.5264728090362836,-0.18531912143264062
0.07499208627128369,0.35411172119730416,-0.21411874784480897,0.07166168654125962
0.1665942147182301,0.1598547829475031,0.18865776879134732,0.1717022554856935
-0.5352713374219688,0.3180452488425771,0.07576392902951756,-0.047154053183291356
-0.266479417502215,0.21824998319171973,-0.9277713791218322,-0.3253336044774425
-0.5403654081865976,0.3501887742850541,0.30204862882318456,0.03729066497388036
0.6435930622948739,0.07021584921619815,1.418352348293804,0.7107204199349587
0.039362363713842816,0.5055312671247213,0.6780021183704428,0.4076319164030023
-0.3636189035930586,0.5219309441643115,0.478635728595049,0.21231592305543398
0.34229361490442967,0.1759538961348567,-197.41282888873334,-65.63152712589802
0.14327610603422083,0.12255755751093887,0.6759920479673361,0.3139419038374986
0.15594518102598934,0.08909836840186028,5.057727730450205,1.7675904266260183
0.09803276509963733,0.2911213132648776,-2.9835222101785703,-0.8647893772713519
-0.14192278504549932,0.19417582545032877,-1.2555747667963522,-0.4011072421305076
-0.289990754294873,0.14849531598525453,0.9742029271082552,0.2775691629328789
0.5664413214776426,-0.11678949569179702,-8.74945883539089,-2.7666023365350143
-0.859692263362356,-0.23521006724133425,-0.07265194909134531,-0.38918475989834517
0.060101900332390545,0.23779031354865518,-1.8878690234145543,-0.5299922698445029
0.15741420445056237,0.16805185136291048,-0.8639163830873909,-0.17948344242463934
0.06615947031056535,0.15494330613622892,-1.9347024215061475,-0.5711998816864511
-0.3705786487078994,0.0645169176874458,-3.3086902041786868,-1.2049173117330467
-0.1722726660116916,0.42733997969581233,1.0661822941945318,0.4404165359595509
-0.5797307838999817,0.47212958618624723,0.6972302717394138,0.19654302467522644
-1.201659247577414,0.12737579929720055,1.5940417463853747,0.1732527660350538
-0.5858346577184399,0.7869069025696674,0.44086789768405754,0.2139800475117617
-0.5247776374351751,0.42680351299219443,-1.046876699365422,-0.3816169412694676
-0.868749485028355,0.23625251903196967,3.7870740679802526,1.051525700661289
0.7139185840556365,0.19646632925852822,-0.06378351575964318,0.2822004658515072
-0.08601566084639495,0.21004813962344887,0.07474140451400685,0.06625796109702026
0.448068905283606,-0.09724582734058769,5.125311330197937,1.8253781360469852
-0.06997295150673813,0.5714503473069967,0.24099846938059805,0.24749195506028557
-0.10703470129239602,0.6378975509023003,2.428681985039824,0.9865149448832428
-0.07078420199274324,0.3771467353939208,1.4898385091038988,0.5987336808350254
-0.11932581106842623,0.3330249493931613,0.02496198385665283,0.07955370739379597
-0.28907233130853444,0.4309628698440401,-1.0390706402916554,-0.2990600339187166
0.18713148638379315,0.19912107341920457,-1.2473679996133653,-0.28703847993678916
-0.24653443751100865,0.4086097082778549,0.6166130306330033,0.2595627671332832
-0.002211403952666769,0.27810488348581136,0.989497745656595,0.4217970750632465
-0.5340150155951289,0.3182766908023659,-1.047794433259461,-0.421177586017408
-0.5194597555855266,0.19039390176748222,0.24629634191485433,-0.027589837301063347
-0.88421212385597,0.4496643174406891,-2.946227507311276,-1.126925104575519
0.10453644770474758,0.4758598591732248,0.5102391835231519,0.36354516346704147
0.5898616776190747,0.2980261864162751,0.10368141469958699,0.3305230929116456
0.3442189434370226,0.17317910897374703,0.8716555373897649,0.46301786326684485
-0.40495662364914237,0.30236937265711894,9.970151734905933,3.2891881613046365
-0.31987087151924215,0.1401656886494997,0.24405868033260128,0.02145116582095294
0.024432824796720924,0.2555284869647272,2.1271187468310138,0.8023600195308207
0.007898020673713575,0.15032644352377925,-2.579642116060471,-0.8071392172876592
-0.5952937461801598,0.23591672927480567,0.0747813122548411,-0.09486523488350436
0.3882084792772012,0.4480510833229636,-1.1905773324132127,-0.11810592327101599
-0.19114620855358855,0.29273353172324595,0.5070704135030543,0.20288591222423724
-1.0859438987024699,0.28711970473035203,0.13719603211639395,-0.22054272061857463
0.21500797447155479,0.018968723253952338,0.24181528973488295,0.15859732915346336
0.20155725264067056,-0.05388631755057115,0.45913753765501697,0.2022694909150388
0.14730931575938808,0.24914984631482107,-0.05377232503842035,0.11422894567859627
0.4680601666829674,0.7067185246740108,-1.9716431622944435,-0.26562149031248844
0.021493698576690607,0.09946463016215065,0.5036048278506522,0.20818771886316448
-0.03845590672738803,0.37029221021633485,0.37067364894737437,0.2341699841454404
2.1136040155184816,0.24524957531740127,1.1731338966423304,1.1773291624927378
0.8808077328744921,0.6227296387359159,0.9922338291119036,0.8319237335741039
-0.2194664599767855,0.5329359614096617,4.8113884637813635,1.7082859884047465
-0.6857472647560519,0.11226861831610936,0.5625036797822783,-0.003658322219221392
0.10522680249017188,0.2321916966780845,0.9295249046972738,0.42231446795517674
-0.30746810265490104,0.2096644552883033,-6.967652074631792,-2.3551519073327962
0.3417978834500157,0.36705395620261355,1.067890878808391,0.5922475728203401
-1.0574475856405323,0.34694840379906194,1.4874052873675558,0.2589687018420285
-0.022985646526688153,0.31742428093476727,4.196242204676997,1.4968936130283588
0.9252337424340553,0.40322884128604747,1.4836998371218655,0.9373874736139894
-0.2857732090863941,0.2815809543766386,1.0588781817837825,0.35156197569134234
0.26692866032948814,0.16701220984615428,-0.20788588213409712,0.0753516626805151
-0.5624339615801264,0.34139168643087775,-0.8023466061926213,-0.3411296271139566
-0.6421093210958859,0.34172464919919837,-0.8130216268754789,-0.3711354329240555
-0.2078262910210663,0.1064308431530105,0.10178246376397514,0.00012900529863977642
-0.17676460537404765,0.11279512851853966,0.3574129909557604,0.09781450470008414
-0.23105529358047197,0.3194254939735816,0.7954617285425022,0.2946106429785373
0.3839400875901206,0.45847674005510786,0.3177690800403169,0.38672863589518175
-0.5964656246264597,0.16243620342308956,1.186449122831574,0.2508065672094013
-0.013219794627311859,-0.066901096560127,-3.275287188425206,-1.1184693598708817
-0.7980758346093261,0.3545660766908659,0.3409272717364065,-0.03419416206068456
-0.5223953885544061,0.5307947430597193,0.4755533321395087,0.16131756221494062
-0.7727467478349245,-0.04303568326554544,-1.5134999993493978,-0.7764274768166226
-0.4482232590925084,0.4818019293212349,-0.07447167200145394,-0.01363100059090914
-0.6520894934775465,0.31361817366952704,3.4565262495508837,1.0393516432476215
0.17618944189979738,0.4940474203666533,-0.7281038617807691,-0.01928899983810617
0.07435164278381173,0.23448809005902316,7.363832160009493,2.5575572976174428
-0.18648419233900046,0.13820122312695488,-8.651804071290405,-2.900029013500817
0.22237885219508685,0.1237123784027429,0.10325280049528986,0.14978134369770654
0.8395361756845309,0.6983653487331469,-0.47809456962559704,0.35326898493069364
0.2654897514968454,0.035387230250867,0.4483610072491041,0.24974599633227215
0.5535863605640416,0.07403524012488237,1.1640216636056113,0.5972144214315117
0.7782598242675578,0.48192560001668194,-0.039616413048304294,0.4068563370786451
0.05271983446877176,0.03733375117585659,-0.456154739722473,-0.12203371802594822
0.7248571454869519,0.2827771889196038,0.8258123269482395,0.6111488871182651
-0.2845587484506415,0.3345925585502856,1.8011669642598331,0.6170669247864924
-0.36927597839129433,0.34381366052171936,2.99047449046481,0.9883373908650782
0.46023008499177553,0.42510919846936457,0.5517638498055077,0.4790343777555493
-0.23078121872878313,0.3763181720334077,-0.8872637146176262,-0.24724225377100054
-0.30997773897227243,0.1612406411896794,0.683379028336429,0.17821397685127868
0.4831246199059111,0.3886378241665202,0.5481387397831246,0.47330039461851864
0.27898500741124277,0.3577652103480207,0.4497662386381992,0.3621721521324875
-0.5281190518642609,0.24667669291499986,1.173953182287184,0.2975036077793077
-0.6182107208681211,0.16945942841005593,0.2109294944295446,-0.07927393267617354
0.7951722179775012,0.33888231071911373,-1.5132612459798778,-0.12640223909442097
0.08329985204904443,0.43349548559274836,1.8958378708227264,0.804211069488173
0.35080402001256644,0.2748480112832798,-0.03045664590031882,0.19839846179850915
-0.21832924442205148,0.23544799492645443,0.08774145528918169,0.03495340193119488
-0.08307614006216989,0.3704434189767519,-2.840148261943522,-0.8509269943429801
-0.686393033802611,0.06464977270416848,0.9721811712566498,0.11681263671940245
0.41707157756253754,-0.0782431654103894,0.35818570108736913,0.23233803774650577
0.14209463834627628,0.27607064826872746,1.2204840154530827,0.5462164340226955
0.03616881362204527,0.37880133697864415,0.3050685093923106,0.24001288666433332
0.397169377292045,0.19604191335472596,0.40217752036404414,0.33179627033693837
-0.07798568140636301,0.5431108872664129,0.20684532645203876,0.22399017743736285
0.2140826684864491,0.20095807000679355,0.16862275525538173,0.19455449791620813
-0.5586203248171847,0.3410317664474194,0.0834679679986616,-0.04470686345703457
0.48158386742852677,0.44718362327694905,1.8636068072190812,0.9307914326415191
-0.29387626812393103,0.12914165379056627,0.0681691004943611,-0.03218850461300122
-0.1445986501373906,-0.029062766079692392,-0.6515002719032872,-0.27505389604012337
0.2255179803677072,0.15869434583213746,0.7148756675487267,0.3663626645828571
0.037669188401897064,0.12441501024538797,8.61026672696148,2.924116975202922
-0.24375262871909392,0.03729100582674935,0.7110789683177535,0.16820578180846965
-0.653516093708013,0.0882121379714648,-1.2732416746870567,-0.612848543474535
0.4956863938369136,0.5986299965138144,0.1428705768511639,0.4123956557339639
-0.10732225312023014,0.5707997886174829,0.579770771229386,0.34774943557554633
-0.017281883283603534,0.3446314221258325,454.89701336979044,151.74145430287754
-0.39439919180213756,0.7018673379191621,-5.701456738972193,-1.7979961976183896
0.771874641590298,0.2679341604794484,-0.044681174298231006,0.3317092092571718
-0.529872598105618,0.12200103697270986,-4.252406039650214,-1.5534258669277075
-0.36036820407326525,0.3908040279996892,1.1236094835823849,0.38468176916960295
-0.7145070690388515,0.20039019166478336,-1.3469045275009215,-0.6203404682916632
0.21758622820124857,0.007812117532961847,0.05269444052452858,0.09269759541957967
0.11812672688825451,0.2420796486228157,0.15061038799388346,0.1702722545016512
0.6172855187422935,0.35717918570221624,0.13957247761582242,0.3713457273534441
-0.03440389062089262,0.32703989350608903,4.412710867377194,1.5684489567541302
-0.06596210340785486,0.25005485714341835,-0.40153711631432715,-0.07248145419292122
-0.21178671506765803,0.33825741696564365,0.33195407256455867,0.15280825815418142
-0.3836162466599643,-0.0740165188065887,-3.0447769560271776,-1.1674699071645769
0.0390702990242616,0.09377168492003364,0.28548517539598084,0.1394423864467587
0.29225313667059805,0.17877647663203486,0.2204400038680872,0.23048987239024007
-0.21249227525810446,0.6896888892702452,0.30808890312220094,0.26176183904478056
-0.04525744565302275,0.2769232204516501,1.9375667225098572,0.7230774991028283
0.1841934036752183,0.2918586563711571,2.4274884043273777,0.9678468214579178
0.5050086341753556,0.10152206640305932,0.6996353218035033,0.4353886741273061
-0.11986019342509278,0.40973017050956395,0.5106215784421225,0.2668305185088646
0.029328696610862962,0.13682862043531074,-2.2788387543657027,-0.7042271457731762
-0.024397643921016374,0.16030037844328665,0.7048728414540202,0.28025852532543016
-0.14352751682194936,0.2789248013055484,-0.9564558526158159,-0.27368618937740563
-0.4305485448786101,0.6633277516313281,-0.19379077265409675,0.012996144699540404
-0.11880278516961018,0.13478390295136014,0.1831127751348602,0.0663646309722034
0.2054876625095069,0.3310605699092694,6.419173688509542,2.318573973642773
0.37647311818096935,0.13903727536102023,0.24672507879770864,0.2540784907798994
0.20512437721427443,0.35972406937611806,0.15560198705711392,0.2401501445491688
-0.46321931672511996,0.07901265523833441,-3.425222735628147,-1.2698097990383108
0.030501458709622165,0.029422668847815133,-4.238838736879851,-1.3929715364408046
-0.1915008894251668,0.34150431771899076,-0.06050028465838152,0.029834381211814146
-0.7213963101067209,0.39677644442390586,-1.1293602109614647,-0.48466002554809323
0.8711850485251392,0.3808437891734864,0.652067998406213,0.6346989453682795
0.3108291045908052,0.2788016123604365,-0.6018831594326758,-0.004084147493811363
-0.581524239204599,0.6853009748708513,0.270915380993269,0.12489737221984044
-0.7733165541020469,0.3478272037414403,0.1875536358871967,-0.07931190482446997
0.4755946577420606,0.31742114368676855,-1.1882945633369202,-0.13175958730269702
0.6385702674503615,0.16574256266904805,174.67274370130363,58.492352177141015
0.3066519249097556,0.25941045358029147,0.13897012910564233,0.23501083586522983
-0.133532098976972,0.05796898093812438,-3.0400869728502404,-1.0385500302963626
-0.38330740876199404,0.3361223482293807,0.465163774783158,0.13932623808351488
-0.4007896492537823,-0.17790985251432254,-0.4532716775494822,-0.3439903931058623
-0.3316004989087906,-0.11282351276103823,-13.550780961816676,-4.665068324495501
0.280326209843625,0.4188353888720375,-2.1355835140097117,-0.4788073050980164
-0.24184168534600464,0.5729859300600757,-1.1860725024989012,-0.28497608592827667
-0.810699788118418,-0.16958616745536287,0.10642229239413507,-0.2912878877265486
0.14263203901892843,0.5026187881554623,0.1289668174482986,0.25807254820756315
-0.412399301773652,0.2884292053024896,0.4387009382734531,0.10491028060076356
-0.5138523109399947,0.1963547376315099,1.1184187551119518,0.2669737272678223
0.3237565765743169,0.2600413364238607,1.428389511367686,0.670729141455288
-0.8619813966532223,0.597632529350941,1.3965600817455452,0.37740373814775463
0.03652405126081698,0.2955938898254327,-1.2348434987145238,-0.3009085192094247
-0.31014323912113,0.32888273281576763,-0.27763359216463235,-0.08629803282333158
0.7327454428903863,0.1895346265288542,0.06531073348753459,0.3291969343022584
0.706574897682427,0.13172450684636144,1.4675938751062958,0.7686310932116948
0.10079410933771475,0.5033450378882437,-0.167696944173468,0.14548073435083012
0.4861979687656862,0.025710353979620633,1.5614752135635177,0.6911278454362749
-0.4138267305536554,0.5343971064163759,0.4099366893357998,0.1768356883995068
0.3782218590778077,0.3401838753816243,0.07730423652006939,0.2652366569931671
-0.8101478769774425,0.2460226490533068,0.4959247352461524,-0.02273349755932776
-0.49365670394210465,0.27564159984517805,0.10870071803442075,-0.03643812868750195
0.030613928671236048,0.21371173083698503,0.2326998220918048,0.1590084938666753
0.23385981188475571,0.3636508945476095,1.9993780377228276,0.8656295813850643
0.39309571220193756,0.7183868342184859,0.2204021412551042,0.4439615625585092
0.7953610710561009,0.12267969239451926,0.48437596152847817,0.4674722416596994
0.25098139605870984,0.390266322210191,1.2181122121041006,0.6197866434576671
-0.06294735694470655,0.11967934873581841,-23.146937871405427,-7.696735293204772
0.06960332344006932,0.2446886398528338,-0.8458220763347734,-0.17717670434729008
-0.0716529633186187,0.3321175069994017,-0.4339001049192495,-0.057811853746155516
0.222474136260224,0.3475210220191234,1.1584703796740898,0.5761551793178125
0.9466638646098723,0.2387684493745087,0.21343268321461942,0.46628833239966677
0.41806188494450464,0.5169499991896512,1.5383561767287754,0.8244560202876438
0.3630235308011291,0.4116089711084946,0.019847385765469575,0.2648266292250311
-0.7541270551920412,0.2920502406950883,0.9926119580454549,0.17684504784950064
-0.18596456958110308,0.26144055186697923,1.671111369689406,0.5821957839917608
-0.27247518282934025,0.504802220921139,0.3509589066434876,0.19442864824509545
-0.8561388683117186,0.4971044450145732,-0.2940545836594443,-0.2176963356521966
0.3652815409842208,0.42981382806913904,0.13432840303873902,0.3098079240306996
0.2773193349078352,0.1562054405650019,0.25546005691869894,0.2296616107971787
-0.25039033784252906,0.17051016647434108,0.5623499307198426,0.1608232531172182
-0.046037328694602545,0.3949053253228149,-0.051666789535885695,0.09906706903077556
0.16116086939454055,0.3907347363318027,-0.4154124597552785,0.04549438199035494
-0.11076928738547179,0.23198912795346152,2.1174724007899153,0.7462307471193017
0.4680886155321216,0.14703466869958356,-1.9654879148230453,-0.4501215435304467
-0.1127341601534338,0.14358664026944046,0.51405320892143,0.18163522967914555
0.4086187678564068,0.19892652501463884,0.341751898431165,0.31643239710073684
-0.08310030398803818,0.4580171762834302,0.442214406693207,0.27237709299619967
0.6835437678142272,0.15115303793901,1.2249816068196229,0.68655947085762
-0.032117709506286694,0.5858623223775089,0.29244012829396904,0.28206158038839707
-0.5449328994196063,0.31835479036381137,-1.8434861565295315,-0.6900214218617755
0.2690862178794159,0.2903862816963942,-2.9456018746098724,-0.7953764583446875
-0.2574089848252332,0.29496814508963487,0.005883235684235164,0.014480798649545603
0.7232102160112964,0.21256142013944068,-0.16866246710570046,0.25570305634834556
0.11157497081748627,0.15961802359479893,-0.31419812841822237,-0.014335044668645732
0.5342115948607478,0.42821942189899154,1.1400455462620822,0.7008255210072738
-0.08063796845551806,-0.13746745751766443,-1.458407252584311,-0.5588375595191645
-0.035173219941767225,0.4921602652858367,0.5317432097246135,0.32957675168956097
0.28719230563589515,0.14039106513892055,0.7850656842941737,0.4042163516896631
-0.6612354505480127,0.3736901911142955,0.3385567176312769,0.017003819399186586
-0.14354677427086238,0.15543117101212667,-0.32570666068787973,-0.10460742131553848
0.2602115210745086,0.4226542653677852,-0.6012604400967236,0.02720178211519005
0.2355666955715044,0.5281942651679892,-0.41763910176498314,0.11537395299150345
0.3211497623577858,0.18963429430625883,0.41332589894952526,0.30803665187118995
-0.20120942360214716,-0.03505633586465711,0.13252718762456794,-0.034579523947412115
0.1050228859264498,0.33315168297344244,0.040141212905364494,0.15943859393508558
-0.37034481751662973,0.6135955904713525,0.31904418567017623,0.18743165287496633
0.04226851830455468,0.47840032744241157,-0.40786496838546515,0.0376012924538337
-0.44438524577986355,0.5615940538925186,0.42851299910647056,0.1819072690730419
-0.19384325637743297,0.23107052362592956,-0.07467003798507228,-0.012480923578858563
-0.16428883782772952,0.073277753836099,0.40858808748843123,0.10585900116560025
-0.0225425260264151,0.47791869897675415,0.43085963068101674,0.2954119345437853
0.2265173954798174,0.49527265755254907,-0.09485452459090547,0.208978509480487
0.3972194237552045,0.25810968557476777,0.08125181052250031,0.2455269732841575
0.3359582637789659,0.29039732560814074,0.27965355744336506,0.30200304894349056
-0.8478300559871069,0.18620993841761144,1.268661339209271,0.20234707387992515
0.15842874882564328,0.24315726198569396,2.226836784737166,0.876140931849501
0.3007409450781739,0.4720668175717939,0.005082493550450883,0.25929675206680625
-0.37353072275702254,0.7122903620856998,0.18875302719426734,0.1758375555076482
-0.16020358097940243,0.6344393301453458,3.7452065865088313,1.4064807785582583
0.02684677927515767,0.455148784449886,1.679294214983375,0.7204299262361396
-0.42689534338038193,-0.06506867494903137,2.372073377293215,0.6267031196546006
-0.26432523554224213,0.15346318404060236,-1.2215334559736628,-0.4441318358251009
-0.42785901204344107,0.20017049444482146,2.338122068317586,0.7034778502396555
-0.35032607610069344,0.3306534194061343,0.2749826972301418,0.08510334684519422
-0.10605019699950755,0.481775645472342,0.3690845070573075,0.24826998517671398
0.22848873985435642,0.21318625158894058,0.8435890928323276,0.4284213614252082
-0.12149388493774785,0.2133605739737052,-8.439862886990941,-2.782665399318328
0.37577815320058505,0.2389442331228928,0.03597640206827363,0.21689959613058382
-0.5752377833769764,0.20460494788794814,0.09491591582678068,-0.09190563988741586
-1.5006093644865326,0.32406263171932304,8.766815060276022,2.530089442502937
-1.1612685732023564,0.15287221572427181,7.668578704764602,2.220060782428839
-0.015652692818452055,0.27479204664318546,-0.06184276483560456,0.06576552966304296
-0.2888131536162068,0.7659859084611823,0.30994683829169106,0.2623731977122222
0.4857318025585687,0.29998420214698984,-0.23557920773300106,0.1833789323241858
-0.22450121388127137,0.3203670732493506,-2.577537162154927,-0.8272237675956159
0.2582321759831939,0.09308304989365465,0.04921338936329659,0.13350953841338173
0.18305742579654136,0.06854009844848075,-1.7144664986829339,-0.48762299147930394
0.17193375773952885,0.11273376767854489,0.02005104194794068,0.10157285578867147
-0.7174261686094628,0.38384186905328377,0.17225222698129894,-0.053777357524960046
2.9777599166049784,-0.10098622058279276,0.3677879067257206,1.0815205342493022
-0.23041143912409817,0.2616689974294834,-0.06270479659033437,-0.010482412761649712
0.6236476460537304,0.34492980779519467,-8.703383384808015,-2.57826864365303
-0.0892490373798297,0.22284059424514283,0.5528512607762286,0.22881427254718056
-0.36557621776187976,0.27942277830558704,-0.1830117714482319,-0.08972173696817487
0.0009232040201190626,0.6248922108188897,0.19949367767681156,0.27510303083860677
-0.7354789153997076,0.09086616615851799,-0.5744282279336405,-0.40634699239161004
0.2921175381465477,0.3115207623325028,0.0691158323237931,0.22425137760094785
0.5242671724512433,0.2798917838297541,0.4908560994063543,0.4316716852291172
-0.48528817854403555,1.0589193793208858,-0.011411916316146586,0.1874064281535679
0.21152549353967567,0.47967027215721514,-1.0053495974389657,-0.10471794391402496
-0.01000818926363882,0.30057557087150977,0.25604144830668957,0.1822029433048535
-0.2102484668605558,0.44628957664737945,1.6421765309691558,0.6260725469186598
-0.9067429534504314,0.1258089539885216,1.1994598575523734,0.13950861936348788
0.7301865815978065,0.2181340209124577,0.008709720044959885,0.319010107518408
0.07096426014177994,0.28505205213962204,0.22679340456498873,0.19426990561546356
0.372192979963826,0.140680938455596,0.030531464306945106,0.1811351275754557
0.33544957247492735,0.43149163186631473,0.3160204259285388,0.36098721008992696
-0.46793439133328396,0.10188059038899405,2.122823746958977,0.5855899820048956
-0.042458223467961166,0.6064677723489871,-1.1604013189834563,-0.19879725670081014
-0.2982264055104395,0.23252159985234702,0.5508478758750568,0.16171435673898812
-0.438900422763704,0.37854161096398076,-0.018541408763258615,-0.026300073520993953
-0.3044296213627931,0.6159870977181833,-0.3366304279093792,-0.008357650517996343
0.020287876890408164,0.4264080621684062,1.2180863255875856,0.5549274215487999
-0.35110916370197653,0.09313547712416122,0.568598398838568,0.10354157075358422
0.6442305581833802,0.22716378309909227,0.4937229382015685,0.455039093161347
0.5442068356231052,0.14138324688793735,-0.18265848351504305,0.16764386633199982
-0.1379366307678055,0.33640018412638484,-3.3975995880110044,-1.0663786782174751
-0.3378796192763001,0.1513884430798281,0.370693049682506,0.06140062449534466
-0.15864632870079887,0.3953809690142819,-0.5326864727453576,-0.09865061081062487
-0.7165199512838263,0.25890426629120483,0.1831557812798171,-0.0914866345709348
0.6886481179407866,0.5970413161073623,-0.6047111995397537,0.22699274483613177
0.3142794799210391,0.2750855001045626,0.8985825289198359,0.49598250298181257
-0.05388301234483419,0.23063544914581918,-1.3697358363882213,-0.3976611331957454
0.03558640452655223,0.0004595735688994062,0.9628854550975873,0.3329771443976796
-0.796053442184801,0.2686761182186064,0.5680002604801075,0.01354097883797097
0.36078000149506495,0.5659608750246571,-4.722468674901579,-1.265242599460619
-0.2885199880704577,0.233163531409307,0.9753857739479359,0.3066764390955951
0.11971685659231739,0.2650410794354998,0.16255961103194758,0.18243918235325493
0.6206606138076248,0.3883928258397263,0.7098766812615769,0.5729767069696426
-0.21705994022077107,0.3987607324938912,0.009376065176932768,0.0636922858166843
-0.40164954275458353,0.2766726948651899,-0.05692628310350435,-0.060634376997632654
0.43027728173889174,0.40320982710376924,0.34654481474753285,0.3933439745300646
0.07061420754380186,0.16631567936764563,1.7969339824016461,0.6779546231043646
0.5744088524766381,0.97949230988044,-0.9955098700395112,0.18613043077252234
0.6635450136017691,0.311275625625193,-10.52353720477056,-3.182905521847866
-0.050250083425583875,0.45149529247387815,1.2417816222277147,0.5476756104253363
-0.006680802356736931,0.07533438078712879,-0.4645275734544738,-0.13195799834136065
0.1732669336771331,0.21564731404375082,5.903702269881933,2.0975388392009386
-0.870764468990914,0.2968774647176588,-1.1566954812534527,-0.5768608285089026
0.293928759071816,0.33146982668429215,-1.565286837346054,-0.31329608386331526
-0.2663462509664062,0.49553456094766357,0.045156362438824614,0.09144822414002733
0.74693221620504,0.2867545355875623,0.09785262640121242,0.3771797927312716
-0.7015298393455905,0.2561560802350036,0.7121219795403164,0.08891607347657648
0.13262394316233186,0.20191499415681968,-0.17415298928855708,0.05346198267686481
0.16461508725621346,0.4245277252046153,0.004031514155174269,0.19772477553866766
-0.12320210290719479,0.18093892647839036,-0.010249339809772407,0.015829161253807723
0.26503280996554507,0.22774298111830565,0.6976981196265596,0.3968246369034701
0.10132593006593736,0.27116760955629693,2.031524638649667,0.8013393927573005
-0.8449117871194519,-0.004117110927585878,-0.34383811103877837,-0.3976223363619387
0.34925585576199314,0.16903367513092052,-5.205090617191693,-1.5622670287662597
-0.23150326442423477,0.0907302226026806,0.5147237307165392,0.12465022963166168
-0.10511455135283605,0.22104338039393912,-16.672682313320053,-5.518917828092984
0.34240283292568313,0.20400058643869462,0.5342727729315246,0.3602253974319674
-0.005245441354795848,0.4533564375830621,0.2434350551206669,0.2305153504496444
0.943003177379011,0.10632530986050534,0.6679696838619357,0.572432723700484
-0.3353777558284364,0.2598122443899551,-0.6457921035027411,-0.2404525383137408
0.3410113821265369,0.4782305022706125,0.42086349513251264,0.41336845984322074
-0.10304209889554533,0.3350716629455015,0.5735908678020717,0.268540143950676
0.45103891968836174,0.3073997348882943,0.09251254575008303,0.283650400108913
-0.4751899332035501,0.4767857345893549,0.06358189035788052,0.02172589724789512
0.034939070092798154,0.15495261938388927,0.645174687844823,0.27835545910717013
-0.4328765523640906,0.5098302022571845,-0.08010143630527564,-0.0010492621373939341
-0.8317210916192831,0.060757211269608015,1.1469887869759054,0.12534163554207678
-0.20788796186117922,0.1622548548752513,0.10008368950633617,0.018150194173469414
0.3232357883633952,0.27100466712699933,-0.05041984084399412,0.18127353821546685
-0.273992104700784,0.25784495666267065,0.5180254282821967,0.1672927600813611
-0.4721949193942013,0.09277318754535788,-0.05529647554159987,-0.14490606913014778
-0.2956023345772441,0.3423346869899888,-8.514893569567267,-2.822720405718174
-0.04673575740691177,0.07367358682452892,0.39463786217693136,0.14052523053151617
-0.34164944030819183,0.7212524755864544,0.5261005813528218,0.30190120554369476
0.26815835831414353,0.282955957786406,1.3485038282421515,0.6332060481142338
-0.42183110905683013,0.062352372323527916,-0.5504698196117144,-0.3033161854483389
-0.057816142258143695,0.5191648873499054,0.8235487096781667,0.4282991515899761
0.6541047906309272,0.2048636703601188,0.27254030945020924,0.37716959014708507
0.27564310872461556,0.31926043096706264,-0.9635280834423622,-0.12287484791689467
-0.18394125303026373,-0.05390505339715464,-4.338202064211876,-1.5253494568797648
0.3018493104586335,0.1993059220974413,-1.9922300075060186,-0.4970249249833146
-0.4577463623358256,0.29265460651001,0.31288391206815114,0.04926405208077852
0.07852067644722659,0.2781875014998022,0.19777735670219393,0.18482851154974092
-0.20099547350371225,0.3749974038718279,-0.7055659108564426,-0.177187993496109
-0.13080989301740895,0.2523383087685657,0.2460977373547866,0.12254205103531446
-0.17398857551397753,0.2930010126173656,-2.3894316782853102,-0.7568064137273073
-0.6851302084125137,0.2786251883844927,0.40021924963158867,-0.002095256798810785
-0.011674694438390688,0.26950746471469694,-0.5984582008737481,-0.11354181019914729
0.18885095667055107,0.36574399039302935,-0.330213706284066,0.07479374692650483
0.861842616384416,0.24147185208249933,-0.07108494991434064,0.3440765061841915
0.29469334219184035,0.23926499443674407,-2.2592986088047127,-0.5751134240587095
-0.8197183829758321,0.21013306667394935,-1.07353969566696,-0.561041670656281
0.009088743475103307,0.4049974056073292,2.5310383855396,0.9817081782073441
-0.4277361782943057,0.29938622341590493,2.204826198945481,0.6921587480223601
-0.7958449461195828,0.0743093273645602,-0.15486454649992745,-0.29213338841831665
-0.19342096517453825,0.17090417467701718,0.20065228161426008,0.05937849703891301
0.21248226931199013,0.3833847853947141,0.43854812238675295,0.3448050590311524
0.7217185967716108,0.27744517064655577,0.21163036195252447,0.4035980431235637
-0.02054213454691983,0.2235646967448614,0.39035784461246426,0.19779346893680194
0.3149192519112474,0.4401067550009464,-6.805991375694344,-2.0169884562607163
0.058826693350890566,0.41052223451736325,0.9361643330888693,0.468504420319041
0.28659075787233435,0.055186352910368955,2.4147299916478238,0.9188357008101757
-0.696905886142531,0.2063648118761625,0.27583635258329015,-0.07156824056102612
0.7622287033704455,0.0681185546554558,-0.16144700113551125,0.22296675229679666
-0.6267285883874636,0.13271542366765351,-2.843199332138095,-1.1124041656193018
0.272031015103601,0.12002347074076354,1.4113114205973818,0.6011219688139154
-0.1575314006408987,0.3951270796335754,0.4234329981513025,0.2203428923813264
0.15046928020531272,0.5164899803630572,0.024789003368027186,0.23058275464546565
-0.38566547331879764,0.061602037445310516,-0.911795946464595,-0.41195312744602736
-0.16634427489090856,0.5968723880117562,0.05034475972137669,0.1602909576140748
-0.7071690385789821,0.0723123628273527,0.8123007074460583,0.05914801056480964
0.2632998363255704,0.035725966516198436,-11.391156875418668,-3.6973770241922996
0.7226885851758967,0.5912677228587927,0.6143539294322424,0.642770079155644
-0.5267806291826914,0.3578905166502303,0.05213101902947316,-0.03891969783432932
-0.3195976395508709,0.2835805410309527,0.03859525621730818,0.0008593858991299969
0.14887591695660876,0.059682762464391775,0.39914192919712266,0.2025668695393744
0.12138121835962916,0.5540234443092091,0.2645922346598337,0.31333229910955734
2.887869019759844,0.7549952864655937,0.008772000901528548,1.2172121023756552
0.15766526932180625,0.25595113686127946,0.5533886455373637,0.3223350172401498
-0.10262731732080739,0.2948753753386242,0.06527986452867646,0.08584264084883109
1.1896576871584592,0.624904858042269,-0.341352420625683,0.49107004152501504
-0.42922134169726023,0.10065903643993611,0.7547670056783323,0.1420682334736694
-0.48967633263516885,0.2389307482524513,0.47697562162677976,0.07541001241468741
-0.056297187495483736,0.5429584047857838,0.21397199871552883,0.23354440533527632
-0.5352319713556388,0.42542788638595674,0.02095577397776946,-0.029616103663970873
-0.1677867412177511,-0.17003541235169758,1.198458478719968,0.28687877505017306
-0.39003457344390996,0.26928174636096464,0.1364972508993444,0.005248141272133022
-0.6502809661174105,0.23773128992059256,0.49662983993283744,0.028026721245339836
-0.20605598031883002,-0.4162377649678377,1.8194041492076665,0.3990368013069996
-0.026948634262289734,0.4341489474105788,-3.67918018366749,-1.0906599568397335
-0.8093870284730772,0.47424463135739703,-2.597214502890383,-0.977452300002021
-0.3944270685057372,-0.02900690590879915,-12.880052124717249,-4.434495366377262
0.4672104109479121,-0.24585104805507546,0.7408971084188439,0.32075215710389354
0.06367966907130634,0.18231945240576752,1.7722468137062173,0.672748645061097
0.22803439563595398,0.25341177608258114,0.11299075142877651,0.1981456410491039
-0.6421354348252412,0.13301054049237102,-2.767354430494272,-1.0921597749423808
-0.030250700583320144,0.22060190337346722,0.10569911323575508,0.09868343867530072
-0.26066451797857393,0.4101632057036308,-1.101564272120612,-0.3173551947985184
-0.303476295778987,0.15414956063175522,-2.3155646752423493,-0.8216304701298603
0.6675869016917294,0.42830523811307475,1.1040251819286786,0.7333057739111609
0.20183560182514998,0.5094970492763299,0.31746570230910437,0.34293278447019476
-0.3123861425635098,0.14766806557368428,-0.4436937262545801,-0.2028039344148019
-0.19327481627223417,0.6785257933870427,0.12275367994860202,0.20266821902113683
0.07485017999650623,0.10204670332420675,-0.8475203607207935,-0.22354115913336017
0.028663502949068734,0.19322335751874098,-0.5938860462932417,-0.12399972860847734
-0.8430924156534471,0.3088923697676459,1.9647281650590067,0.4768427063910685
0.10466244170937733,0.8219147778079888,0.9678627236429271,0.6314799810534311
-0.05778016698477541,0.2627740478317345,0.8612868650265121,0.3554269152911571
-0.5309122352150624,0.05837932707533762,0.05583510802569394,-0.13889926670467692
0.13994802192082978,0.26746340415632,0.6869394918297849,0.36478363930231156
-0.1325829766196984,0.7309273211218466,-4.014385347430518,-1.1386803343094567
-0.4028496116639828,0.5268335706419411,3.791555225009143,1.3051797279957005
0.406903187407504,0.21326573193329235,0.06731469514915564,0.229161204829984
-0.6531870373236809,0.4165941279919048,0.14688346525528492,-0.02990314802549705
-0.5843276541220643,0.5414731529234703,-0.30256963625200983,-0.11514137915020128
0.4375014487705958,0.18592987736831829,0.19818960198371086,0.27387364270754166
0.29706433878618627,0.12248836387427267,0.9159222733195843,0.4451583253266811
0.7548121305242672,0.2504188547691617,0.6701354398406126,0.5584554750446805
-0.3728999016783088,0.0037260531943584495,0.023236935429929984,-0.11531230435134011
-0.424699608447828,0.813647018997703,-0.10664771759800208,0.0940998976506243
-0.988202880752227,0.46567235190505657,-0.2358904407019392,-0.25280698984970323
-0.25954167521885596,0.13182715335450879,0.03943031506423054,-0.029428068933372215
-0.6625742263218171,0.1531562676007311,1.2196875945488268,0.2367565452759136
0.48795247174783546,0.34912791758679984,1.170986829392063,0.669355739575566
-0.24038673749243106,0.6398194975706865,0.1973263870450459,0.19891971570776712
0.04046245999317499,0.3342263218075756,0.9137743399892128,0.42948770726332114
0.004165195704308309,0.08385745833926685,0.9662380214842736,0.35142022517594956
0.2610823215728398,0.06557795712313978,0.19480753432372305,0.17382260433990085
0.287002541645077,0.23478654367175208,-0.7205426965398034,-0.06625120374099143
-0.5011916759945498,0.2694143760075416,0.6086820421155016,0.12563491404283111
-0.4292513235370806,0.6301599981260666,-2.3627968045054595,-0.7206293766388244
0.033573246131265735,0.3748759663892791,-0.32050120469008364,0.02931600261015373
-0.13688070513179074,0.648617496842454,0.6991459403451229,0.40362757735192867
0.27117781412247133,0.4500957593886804,1.2695504231033377,0.6636079988714965
0.11037573453671674,0.37098820507831143,-0.01095422538210542,0.1568032380776409
0.9827733387165983,0.10341408801960775,-0.1073979797549738,0.32626314899374415
-0.4223755836648953,0.2545202103973542,1.8518833225618916,0.5613426497647834
0.26547753635584775,0.48550249712591625,-0.11027380998837212,0.21356874116446398
0.04629147018736242,0.31034563047514524,-0.884901166441124,-0.17608802192620546
-0.172714253395141,0.44832069652490175,0.6724309999537834,0.31601248102784807
-0.17221780331430458,0.5500850498316138,-0.8340627550397159,-0.15206516950746893
-0.22907648003971115,0.45634195010233525,-0.18161453352854073,0.015216978844694454
-0.12793102103777682,0.4098181645655109,0.054244530068786566,0.11204389119884021
-0.22023090498848427,0.7335390461627564,-4.933041912895688,-1.4732445905738054
-0.002212995125242655,0.213564024788337,0.9370801791108702,0.38281040292465485
-0.8108018016094393,0.5694146377666532,0.5420081156221798,0.10020698392646459
0.3139574416295689,0.4024586029037994,0.9958084887431095,0.5707415110921592
0.04651076216365861,0.42615767917431097,3.899504470555036,1.4573909706310018
0.046131490750685504,0.2657392264095818,-0.2869298325766832,0.008313628194528041
-0.48593006725580196,0.0916074261325862,1.4772226762249334,0.3609666783672392
-0.16144258679821055,0.6901245085075909,0.3750185310676159,0.30123348425899876
0.05488935535512893,0.19339612121265032,1.5955686543604826,0.614618043642754
0.09899794075996496,0.23025676767973613,0.6109300147212505,0.3133949077203172
0.01577563706163821,0.2691545435893417,-0.03213055040687539,0.08426654341470151
-0.5968730504800971,-0.05414813764711952,0.02083993586974517,-0.21006041741915715
0.909713214274874,0.7031533409182998,0.5953879504837635,0.7360848352256458
-0.9057094229743358,0.3389076729030978,1.1028244204593465,0.17867422346270287
0.462664376494225,0.47358368639568865,0.09267809156304582,0.34297538481765316
-0.32949167881047586,0.47860887043146133,1.2135157906289207,0.45421099408330207
-0.3577814311221747,0.6796320775373875,0.0318337694634955,0.11789480529290276
0.15172520162337103,0.8081261823636012,0.36327229124038457,0.4410412250757856
0.00415535960729056,0.3919174092491132,0.8804277006413788,0.4255001564992609
-0.151264310640519,0.16063319334847337,-0.15720624795759192,-0.04927912174987919
-0.021069699288612676,0.437888001994056,0.6232148561951051,0.3466777196335162
-0.5216600624474387,0.52244288420372,0.18296234572539033,0.061248389160557214
-0.30920497595745305,0.22987441336141698,-0.6698365771977218,-0.24972237993125265
-0.11039162307839383,0.5635324911748235,-0.2934367036144951,0.0532347214939782
0.335270243129385,0.20798684555904037,0.13659569998085164,0.22661759622309233
-0.2650326565333348,0.30091963378939196,3.8804575168665014,1.3054481647075196
0.49929368274794034,0.07063823852362996,0.7751815236395917,0.4483711483037207
0.174870753236057,0.21923265900121477,0.057539211944814365,0.1505475413940287
-0.6415868393560258,0.4866898337018779,-1.637568986561094,-0.5974886640717473
-0.28951728732634585,0.0774622580154715,1.3006600156790016,0.36286832878937575
0.058526059743455316,-0.1336325283574377,-0.4309944606256155,-0.16870030974653263
-0.4690840066074591,0.041861424321602725,0.7894956924940627,0.12075770340273545
-0.39394537372352395,0.14208351189025034,0.41158052949196666,0.053239555886231006
0.13348184120921508,0.49760824626528827,-0.49437409182945175,0.045571998548350534
0.9543789776081096,0.0266512192142667,-0.34262765809771994,0.21280084624155213
-0.06572961819020215,0.3722499236784357,-0.17687223350423836,0.043216023994665044
-1.0460070369235974,0.4649638380313571,0.04511798484681534,-0.17864173801514163
-0.015230715924348107,0.3888775870575214,-0.5346529601466294,-0.05366869633781871
-0.20096429528809306,-0.046660485417657264,5.614965238338809,1.7891134858776863
0.6841777738369779,0.05977716397218583,-2.7823225793025728,-0.679455880497803
-0.3187999957036972,0.48560118439396854,-0.31103815971805787,-0.048078990342595516
-0.5552926574411943,0.36466187927940474,1.168923444263553,0.3260975553672545
-0.43406337703463393,0.09507097887376889,-0.09176962185286425,-0.14358734000457643
-0.1947582829022158,0.24971518305960727,-0.007227901470383826,0.015909666229002545
-0.34908670745607334,0.2145068133693964,-0.04785218829820568,-0.06081069412829421
0.1624189853771668,0.48186357474609126,2.9117984236922823,1.1853603279385134
-0.30904019318285825,0.08487104143796706,0.530745800880723,0.1021922163786106
-1.493768165536037,0.15444773222692187,-0.5574017420308558,-0.6322407251133236
-0.4511756990768851,0.2741945881542327,0.503515283118034,0.10884472406512719
0.2380930566813815,0.36333383377988127,-14.609838394520683,-4.66947050135314
-0.326025164267009,0.23350683628419486,0.24028269367917743,0.04925478856545443
-0.3848345428626408,0.35974120507321394,0.46402474737476623,0.14631046986177978
-0.31009502590855653,-0.11270337406366242,0.2709417025512295,-0.05061889914032982
-0.7729532765068231,0.33326501708194667,0.08311279887606568,-0.11885848684960358
0.13494178703178802,0.1754337081716168,-0.36986126691306925,-0.019828590569888154
-0.08739819350467931,0.04684326831878392,-1.948729492656922,-0.6630948059476058
0.04542478327436716,0.5166619569888076,0.5474641737138047,0.36985030465899316
0.7748155769767153,0.27211014792710386,0.37783185226996285,0.4749191923912606
0.11578715103737466,0.25992598663236566,-0.07590931026683177,0.09993460913430285
-0.2114021618878403,0.6347765151582068,1.516021253585324,0.6464652022852301
0.00959521839541877,0.3167132329658605,1.080077105695445,0.46879518568557477
0.36498492412249617,0.3220631461310341,13.77432140576391,4.820456492005813
0.013853789963827615,0.0016368307741324796,0.08129031523280872,0.03226031199025627
0.07844756755532312,0.41035026427434323,0.5031731732791799,0.3306570017029487
-0.23757249957011964,0.2501614787339663,0.1583248979694214,0.05697129237775603
0.3983387528808628,0.3792862627072109,0.05715232065977101,0.27825911208261495
-0.5574822307361798,0.26496496414600224,0.6220289647372078,0.10983723271567676
0.432782404666363,0.3776377844136353,2.1140247057990074,0.9748149649596686
-0.5073039536777372,0.4805571441195939,0.3761440564407447,0.11646574896086714
0.516225731420491,0.8198910876817628,0.30138500604163365,0.5458339417146291
0.23221663333552778,0.5019499287996271,0.40444114284037896,0.3795359016585113
0.034943909258123095,-0.05389153264486613,-0.06249319425765275,-0.027146939214798594
-0.07855517956468919,0.37374842652443624,-4.479218331943426,-1.394675028327893
0.43965802723029657,0.21123430494134662,0.32234154594892545,0.32441129270685626
0.08156097770688245,-0.17806723136797936,-2.7955644552274164,-0.9640235696295044
0.6184614875332862,0.3097548273318956,0.2680506969658753,0.3987556706103524
0.8051211667461269,0.17465265678819356,0.16779460860609852,0.382522810713473
0.1881501686629551,0.20414515899922708,0.00702429440868724,0.1331065406902898
-0.09982766556754481,0.32969990245524394,0.6145568882440556,0.28147637504391826
0.04473301115273113,0.2962028590999939,0.14312095854104612,0.1613522762645904
-0.33397101584920175,0.3548533316390876,-3.618189572525049,-1.199102418911721
-0.18120821772979023,0.30620662349087274,-0.5376267918214894,-0.13754279535346897
-0.35419584891171507,0.2561401668870616,1.3770838287672507,0.4263427155808657
-0.17010532240374998,0.37101365790346413,0.8681924009566993,0.3563669121521378
-0.6892360328070863,0.26864059152250036,0.4098092690687098,-0.003595390738625396
-0.05860611684630787,0.261293209955452,1.9300714873455715,0.7109195268182386
-0.30505665133678994,0.552958083493866,-0.17102760634528744,0.02562460860392954
0.07776244689673238,0.12421194813927919,-3.066841606739702,-0.9549557372345635
0.4150013381786079,0.027195840978415504,-0.21813283849510057,0.07468811355397427
-0.65698692491043,0.31038769734774047,0.16825478170524746,-0.05944814861914735
-0.4761672233829139,0.47294220736301196,0.8173702578567976,0.27138174727896525
0.2773027336386235,0.39143610980373006,1.3448562700232451,0.6711983711551995
0.7870152509098086,0.5402720469209787,0.38129280396540455,0.5695267005987307
0.40287571702768493,0.27058058235703053,-0.8582825108106498,-0.061608737141978086
-0.47041998396040197,0.28409653831854603,1.2984675639507415,0.37071470610296187
-0.2635004659562496,0.3534774130223827,-0.506036382631909,-0.13868647852192528
0.64493081956455,0.10635567524907666,-4.140300816994317,-1.1296714407268968
0.2150075203031859,0.27783056373122605,-0.18657991420877265,0.10208605660854646
-0.09944757052492727,0.25252315623097676,1.6488376175216417,0.6006377344092304
0.4790508655766387,0.530138184691494,1.467337226324613,0.8255087588642486
1.4987106699501633,0.26800204611627515,0.06246744569716426,0.6097267205878676
0.4798528591435784,0.10401934490133968,-15.872831926785768,-5.096319907580283
0.1399175717257303,0.3791135536309067,0.16172263378604448,0.22691791971422715
1.0962865487713616,0.4382503763966537,-1.0653058812854796,0.1564103479608452
-0.15038144483246216,-0.006235299311893436,0.3544185484236968,0.0659339347597804
-0.6507367906037023,0.029220769037705804,0.21218350725213994,-0.13644417143795218
0.06312871780264019,0.23839420798028513,0.4309464702104763,0.2441564653311339
-0.2614153039068574,0.4077804196699433,0.41811821611837585,0.1881611106271539
0.14291256947600048,0.25354159522664427,-1.271243213972253,-0.2915963497565361
-0.059491779283378204,0.2936205595006146,-1.6214557676402428,-0.4624423291410021
0.039229564835776214,0.04192399902451154,4.053270853194932,1.37814147235174
-0.3015165927756745,0.18574744081964464,0.36481041858416263,0.08301375554271093
0.027122446800632423,0.353533021916435,0.21892146890716355,0.19985897920807696
-0.395451794298278,0.12901282253696966,0.9402465924030606,0.22460254021391743
-0.3813798814986438,0.1954209130328499,1.4033785743183342,0.40580653528418015
-0.13517539200059578,0.22526211810161875,0.15938655293035686,0.08315775967712662
-0.2550963271913068,0.4662914504396641,-2.560245545753062,-0.7830168075015682
0.2658376531381518,0.4670712133590092,-0.2953366398129712,0.14585740889472995
0.43400634356311685,0.3151106858983245,1.3909882551770336,0.7133684282128249
-0.12220313528529246,0.17819454150929634,-5.37371529391573,-1.7725746292305755
-0.10143986821852281,0.0954282452819873,0.08268810656086048,0.02555882787477499
0.29707777152140646,0.42047789574565136,0.1375526795536127,0.2850361156068902
0.132441829875799,0.4388864745971152,0.28669081743900277,0.28600637397063905
-0.5474043641348229,0.23068791491720247,0.25912602849724736,-0.019196806906791004
0.045768658193625494,0.5448344983283071,-1.8016092821087908,-0.4036687085289527
-0.8346206456647662,0.4455706519429537,-2.8489884757685946,-1.0793461564968023
-0.4701224300705395,0.11472535621048116,-2.2788719416674077,-0.8780896718424888
0.3830617647967123,0.2744307434018456,0.19515190922802844,0.2842148058088621
-0.08194738118055962,0.7373458576007167,0.5872639689490816,0.4142208151230795
-0.36945096405319855,0.2616167231429347,-2.047283130662453,-0.7183724571909056
-0.5642154488576331,-0.05713019448039123,0.2770231483537462,-0.11477416499475938
-0.08089436570611071,0.3640989937808217,-1.671992281884846,-0.4629292179367117
-0.14933799436538214,0.027947182566339154,0.18199606766043847,0.020201751953798492
0.4149140214310192,0.26541156693033857,-0.045437558783425626,0.21162934319264404
0.056033785409393536,-0.051588982453481674,0.23285981780200876,0.07910154025264021
-0.3118921944735251,0.39127979141813973,11.566552478651344,3.881980025198653
0.0388643518378192,0.19716831855453473,0.4602022702541009,0.23207831354881825
0.3730342363333482,0.1275698185175685,0.03190741753912937,0.1775038241300154
-0.651584573662085,0.41371398778941765,0.13728970700286985,-0.03352695962326583
0.03460753597169012,0.6170860807512774,0.6134906167610148,0.4217280778279941
-0.3141403370293055,0.3792738129324,0.6869810068327437,0.25070482757861273
0.5264178045887496,0.06768626796123672,0.2600097899772921,0.2847046208424262
-0.1627158990559533,0.24532006606217666,0.373457162289929,0.15202044309871746
-0.1683410060488137,0.5551100737529658,0.19171430529605943,0.19282779100007053
0.6970472841855144,0.5918248874848328,-1.1234252690282016,0.05514896754738189
0.46260892805594966,-0.01211005586813526,1.644935178942852,0.6984780170435555
-0.5718552365815652,0.5027878211995096,2.1055212075145446,0.6788179307108297
-1.2303729931066925,0.21688999721127744,0.07971310519959438,-0.3112566302319402
-0.2131505860480252,0.5791855011920972,-0.4331493834046721,-0.022371489420200008
-0.11131538810544353,0.14072860334084436,0.47890782161770695,0.1694403456177026
-0.03520730604789733,0.43728354483512405,-2.7214302434162385,-0.773118001543004
0.04869035890770486,0.33737444301640224,0.28350861132352434,0.22319113774921048
-0.10158815517173,0.11765128646125718,-0.4641786228664427,-0.1493718305256385
-0.7015056367687832,-0.007857512883884137,1.3341987572738008,0.20827853587371115
0.33436396734161555,0.17778836274233886,0.2897080320259157,0.2672867873699567
0.043700751129781085,0.20403464365317164,-0.12567917903193812,0.0406854052503382
-0.35545089117771195,0.4502047179219746,0.3247026766581843,0.1398188344674823
-0.20777924247244975,0.43773878173867936,-0.08752030009946833,0.04747974638892042
-0.27286723664400664,0.5979433200350821,-0.20005786115749769,0.04167274074452593
-0.41178968606093214,0.22943657152635216,-1.5114776667899301,-0.5646102604415034
1.7975145162838686,0.0027997127804425524,0.02953752393149692,0.609950584331936
-0.1553340549303502,0.17034610593542085,0.37655855621453577,0.1305235357398688
-0.3805585376956712,0.2958505804725356,0.14734484305516274,0.02087896194400904
-0.032227334179953535,0.42683046305512873,0.17718094048658364,0.19059468978725294
0.7060122008188221,0.012415218262765607,-1.1504969665520568,-0.14402318249015636
-0.22548804814049972,0.46146519201631897,2.2773838546365144,0.8377869995041113
-0.6593585971926194,0.34783663769305195,0.7956443137671506,0.1613741180891944
0.1105397905381109,0.7547000355292064,-3.79996901507469,-0.9782430630024574
-0.5440851851847419,0.06805368020372445,-0.04632251739788762,-0.17411800745963504
-0.47318457060641606,0.44623437082163536,0.34312958700303725,0.10539312907275218
-2.0519906492714557,0.43118586422502336,-1.0131639879922407,-0.8779895910128911
0.09344837587347887,0.291567320920664,0.7644143310591867,0.38314334261777655
0.03377831003531721,0.38160250956803116,0.2628786683708268,0.22608649599139174
-0.17584279779728212,0.3900825674113891,-0.08417716208883558,0.04335420250842379
-0.5321278164095089,0.24790480608781468,1.8298229657083434,0.515199985128883
0.3150171361325932,0.3008658622039576,0.04674558529027521,0.22087619454227533
-0.19734093724556026,0.3448971328779979,0.01969456859014898,0.055750254740862204
-0.14031255447400315,0.054392567588873134,-0.19614961564747677,-0.09402320084420225
-0.2244181868551732,0.23244222044707383,0.8516055891144843,0.286543207568795
-0.14560867623535426,0.5664492738198544,-0.5845781361514509,-0.05457917952231691
0.9230612136906784,0.4176680570463782,0.29710234906790833,0.5459438732683216
0.14232338995970745,0.35821599042671187,0.35102587462619345,0.28385508500420426
-0.18210024912243794,0.14386211777880928,0.14191071623478205,0.03455752829705113
-0.017856330489351188,0.124871443074494,0.021790885610755248,0.042935332731966015
0.6502599520874063,0.17972441138642586,-0.07919740308498709,0.250262320129615
0.5566470319789564,0.17066014336677035,0.6292228101112046,0.4521766618189771
-0.8049644181123453,0.11124424371091657,0.4494891243504908,-0.08141035001697931
0.16095142220827868,0.5517237095400113,-0.5189322165597531,0.06458097172951231
-0.5780838462136133,-0.07105697040048901,2.4174821072132593,0.5894470968663857
-0.6437281926558902,0.48121433879585523,0.3184702366083515,0.05198546091610551
-0.4475245761840377,0.17280079193753556,1.59458177346282,0.439952663072106
-0.31569588645337643,0.19739748174004643,-1.2490865995713332,-0.45579500142822105
-0.9113559360291518,-0.11955964150815471,1.874629246289775,0.28123788958415613
-0.05685602303328593,0.2611486553241911,0.17363018722128395,0.1259742731707297
-0.5085856536463188,0.43363301694807094,0.5645111820621527,0.16318618178796826
-0.31660679602509567,0.07642699068019336,-0.027296632754698583,-0.08915881269986696
0.006269923584726141,0.5060168191782268,0.4989580009218518,0.3370815812282682
-0.2961568736080335,0.13889925521512064,1.4337469260527196,0.42549643588660224
0.065000774480192,0.5356931132630608,-0.5509078424514685,0.016595348430594774
0.11939552616983769,0.1894855295422319,-1.9694267098006781,-0.5535152180295362
0.004646663959429851,0.28346720566990063,0.42818443789471344,0.23876610250801464
-0.25754171675800897,0.36022193902966765,0.7372121005873428,0.2799641076196671
-0.5911457906623302,0.16879080932530588,0.04270220108004022,-0.12655092675232804
-0.09630457500510886,0.38074459793038806,-0.5420915672877541,-0.08588384812082496
0.1542424615229511,0.48369649551574656,-0.620374221331106,0.00585491190253055
-0.0012293759512608303,0.12667309075202096,-1.6850552371296486,-0.5198705074429628
0.0012814112709037904,0.5735064211720711,0.9453665457681774,0.506718126070384
-0.7592956706489363,0.6822718344942486,2.2016682432212145,0.7082148023555089
-0.715105155516865,0.42828442198560457,-2.9088938204833417,-1.065238184671534
-0.16324856916429048,0.35977918682286236,4.078632953758939,1.425054523805837
-0.043519776016837076,0.07630923327111959,0.15686465327254295,0.06321803684227516
-1.6706721258926416,0.16039935711759123,-1.8481373869016513,-1.119470051892234
-0.19784909188279676,0.16310305597236385,-10.94128580990036,-3.658677281936931
-0.4413809095569878,0.1965753144683973,0.06200970249138033,-0.06093196419907005
0.6224405516733122,0.44556522061250253,-0.045282975434683584,0.3409075989503771
0.19582261110193297,0.07491282974759152,0.37460120617329845,0.21511221567427433
-0.15623889191704485,0.17798636740671792,-0.9643532448074381,-0.3142019231059217
-0.12510966294077663,0.6747174348365024,0.38273398597595715,0.31078058595722763
-0.43614699393351886,0.21751065279843781,9.999666806195908,3.260343488353609
0.3309139589580278,0.4594021730537389,1.3282701038640201,0.7061954119585957
-0.25045306930337846,0.056597324700910265,2.034091549163032,0.6134119348535213
-0.6390960451830581,0.4572154157757118,0.29669060296729877,0.03826999118665083
-0.3034244835517865,0.42735918217573915,1.0892195689129218,0.40438475584562483
-0.38768455560750303,0.6448130373026582,0.14582470395861716,0.13431772855125743
0.270773264586394,0.2582580725952854,-8.352614575642532,-2.6078610794869506
0.02295964502781909,0.15967559997548295,-1.0194450698506465,-0.2789366082824482
0.26970163414678133,0.6425591362490457,0.5635421708801389,0.4919343137586553
0.2786666292012252,0.053992315335644844,0.2459058379495422,0.19285492749547076
0.017074723415307837,0.5394666479728192,0.08407456923694301,0.21353864687502333
-0.4136207942468365,0.22437790268380678,0.4133370289897203,0.07469804580889686
-0.05761675644415259,0.12203318717951869,0.650468712008021,0.23829504758112904
0.24445261372296107,0.7610999488932404,-0.8096437852232299,0.06530292579765717
