sym,period,rep,raw|p_wrc,raw|p_spa_consistent,raw|p_spa_conservative,raw|p_spa_lower,centered|p_wrc,centered|p_spa_consistent,centered|p_spa_conservative,centered|p_spa_lower,positive_control|p_wrc,positive_control|p_spa_consistent,positive_control|p_spa_conservative,positive_control|p_spa_lower
EURUSD,前半,0,0.3263263263263263,0.4004004004004004,0.4004004004004004,0.38038038038038036,0.22722722722722724,0.2772772772772773,0.2772772772772773,0.27127127127127126,0.22722722722722724,0.2772772772772773,0.2772772772772773,0.27127127127127126
EURUSD,前半,1,0.2022022022022022,0.2502502502502503,0.2502502502502503,0.22622622622622623,0.13213213213213212,0.18118118118118118,0.18118118118118118,0.17017017017017017,0.12212212212212212,0.15615615615615616,0.15615615615615616,0.14814814814814814
EURUSD,前半,2,0.21121121121121122,0.24724724724724725,0.24724724724724725,0.23223223223223224,0.17317317317317318,0.2002002002002002,0.2002002002002002,0.19519519519519518,0.03203203203203203,0.035035035035035036,0.035035035035035036,0.03403403403403404
EURUSD,前半,3,0.056056056056056056,0.056056056056056056,0.056056056056056056,0.05405405405405406,0.03803803803803804,0.04604604604604605,0.04604604604604605,0.04604604604604605,0.008008008008008008,0.013013013013013013,0.013013013013013013,0.013013013013013013
EURUSD,前半,4,0.975975975975976,0.965965965965966,0.965965965965966,0.8518518518518519,0.9169169169169169,0.9569569569569569,0.9569569569569569,0.8818818818818819,0.9169169169169169,0.9569569569569569,0.9569569569569569,0.8818818818818819
EURUSD,前半,5,0.9569569569569569,0.948948948948949,0.948948948948949,0.8368368368368369,0.9039039039039038,0.9409409409409409,0.9409409409409409,0.8908908908908909,0.9039039039039038,0.9409409409409409,0.9409409409409409,0.8918918918918919
EURUSD,前半,6,0.7147147147147147,0.8048048048048048,0.8048048048048048,0.7607607607607607,0.5825825825825826,0.6836836836836837,0.6836836836836837,0.6476476476476476,0.5825825825825826,0.6836836836836837,0.6836836836836837,0.6476476476476476
EURUSD,前半,7,0.5575575575575575,0.6616616616616616,0.6616616616616616,0.5585585585585585,0.41541541541541543,0.5275275275275275,0.5275275275275275,0.4574574574574575,0.41541541541541543,0.5275275275275275,0.5275275275275275,0.4594594594594595
EURUSD,前半,8,0.3233233233233233,0.4244244244244244,0.4244244244244244,0.4014014014014014,0.21621621621621623,0.30430430430430433,0.30430430430430433,0.2962962962962963,0.21621621621621623,0.30430430430430433,0.30430430430430433,0.2962962962962963
EURUSD,前半,9,0.5275275275275275,0.6346346346346347,0.6346346346346347,0.5575575575575575,0.47147147147147145,0.5765765765765766,0.5765765765765766,0.5175175175175175,0.47147147147147145,0.5765765765765766,0.5765765765765766,0.5175175175175175
EURUSD,前半,10,0.8958958958958959,0.9129129129129129,0.9129129129129129,0.8008008008008008,0.8578578578578578,0.9019019019019019,0.9019019019019019,0.8348348348348348,0.8578578578578578,0.9019019019019019,0.9019019019019019,0.8358358358358359
EURUSD,前半,11,0.7757757757757757,0.7987987987987988,0.7987987987987988,0.6726726726726727,0.7057057057057057,0.7797797797797797,0.7797797797797797,0.6826826826826827,0.7057057057057057,0.7797797797797797,0.7797797797797797,0.6896896896896897
EURUSD,前半,12,0.8298298298298298,0.8758758758758759,0.8758758758758759,0.8138138138138138,0.7297297297297297,0.8198198198198198,0.8198198198198198,0.7647647647647647,0.4344344344344344,0.5825825825825826,0.5825825825825826,0.5185185185185185
EURUSD,前半,13,0.7307307307307307,0.8108108108108109,0.8128128128128128,0.7217217217217218,0.6236236236236237,0.7457457457457457,0.7457457457457457,0.6806806806806807,0.6236236236236237,0.7457457457457457,0.7457457457457457,0.6806806806806807
EURUSD,前半,14,0.6906906906906907,0.7737737737737738,0.7747747747747747,0.6516516516516516,0.5745745745745746,0.6546546546546547,0.6546546546546547,0.5535535535535535,0.5745745745745746,0.6546546546546547,0.6546546546546547,0.5555555555555556
EURUSD,前半,15,0.7717717717717718,0.7957957957957958,0.7957957957957958,0.6936936936936937,0.6736736736736737,0.7657657657657657,0.7657657657657657,0.7047047047047047,0.6736736736736737,0.7657657657657657,0.7657657657657657,0.7047047047047047
EURUSD,前半,16,0.8908908908908909,0.8928928928928929,0.8968968968968969,0.7817817817817818,0.8518518518518519,0.8958958958958959,0.8968968968968969,0.8098098098098098,0.46146146146146144,0.5545545545545546,0.5555555555555556,0.4144144144144144
EURUSD,前半,17,0.9719719719719719,0.965965965965966,0.973973973973974,0.7907907907907908,0.964964964964965,0.977977977977978,0.97997997997998,0.8878878878878879,0.964964964964965,0.977977977977978,0.97997997997998,0.8888888888888888
EURUSD,前半,18,0.6476476476476476,0.7257257257257257,0.7257257257257257,0.6656656656656657,0.5105105105105106,0.5775775775775776,0.5775775775775776,0.5535535535535535,0.5105105105105106,0.5775775775775776,0.5775775775775776,0.5535535535535535
EURUSD,前半,19,0.8738738738738738,0.8848848848848849,0.8848848848848849,0.8128128128128128,0.8288288288288288,0.8978978978978979,0.8978978978978979,0.8648648648648649,0.4314314314314314,0.6026026026026026,0.6026026026026026,0.5255255255255256
EURUSD,後半,0,0.8028028028028028,0.8528528528528528,0.8528528528528528,0.7747747747747747,0.5485485485485485,0.6486486486486487,0.6486486486486487,0.5785785785785785,0.4494494494494494,0.5725725725725725,0.5725725725725725,0.5015015015015015
EURUSD,後半,1,0.7347347347347347,0.7927927927927928,0.7927927927927928,0.7477477477477478,0.6386386386386387,0.7197197197197197,0.7197197197197197,0.6776776776776777,0.6386386386386387,0.7197197197197197,0.7197197197197197,0.6836836836836837
EURUSD,後半,2,0.973973973973974,0.963963963963964,0.963963963963964,0.9109109109109109,0.8548548548548549,0.8998998998998999,0.8998998998998999,0.8378378378378378,0.5495495495495496,0.6866866866866866,0.6866866866866866,0.5895895895895896
EURUSD,後半,3,0.8198198198198198,0.8718718718718719,0.8718718718718719,0.7857857857857858,0.6546546546546547,0.7377377377377378,0.7377377377377378,0.6286286286286287,0.15015015015015015,0.2122122122122122,0.2122122122122122,0.14714714714714713
EURUSD,後半,4,0.2702702702702703,0.3813813813813814,0.3813813813813814,0.37237237237237236,0.19019019019019018,0.25925925925925924,0.25925925925925924,0.25925925925925924,0.19019019019019018,0.25925925925925924,0.25925925925925924,0.25925925925925924
EURUSD,後半,5,0.14814814814814814,0.2082082082082082,0.2082082082082082,0.2032032032032032,0.07607607607607608,0.1021021021021021,0.1021021021021021,0.1001001001001001,0.07607607607607608,0.1021021021021021,0.1021021021021021,0.1001001001001001
EURUSD,後半,6,0.5985985985985987,0.6886886886886887,0.6886886886886887,0.5795795795795796,0.4574574574574575,0.5365365365365365,0.5365365365365365,0.45845845845845845,0.4574574574574575,0.5365365365365365,0.5365365365365365,0.46546546546546547
EURUSD,後半,7,0.18118118118118118,0.24824824824824826,0.24824824824824826,0.22922922922922923,0.11611611611611612,0.17917917917917917,0.17917917917917917,0.16616616616616617,0.11611611611611612,0.17917917917917917,0.17917917917917917,0.16616616616616617
EURUSD,後半,8,0.13713713713713713,0.18118118118118118,0.18118118118118118,0.16216216216216217,0.056056056056056056,0.08108108108108109,0.08108108108108109,0.07607607607607608,0.056056056056056056,0.08108108108108109,0.08108108108108109,0.07607607607607608
EURUSD,後半,9,0.8688688688688688,0.8618618618618619,0.8628628628628628,0.7597597597597597,0.6186186186186187,0.7157157157157157,0.7157157157157157,0.6206206206206206,0.5955955955955956,0.7157157157157157,0.7157157157157157,0.6206206206206206
EURUSD,後半,10,0.8508508508508509,0.8658658658658659,0.8658658658658659,0.7517517517517518,0.7277277277277278,0.7637637637637638,0.7637637637637638,0.6606606606606606,0.7277277277277278,0.7637637637637638,0.7637637637637638,0.6656656656656657
EURUSD,後半,11,0.31931931931931934,0.37537537537537535,0.37537537537537535,0.31931931931931934,0.24424424424424424,0.3023023023023023,0.3023023023023023,0.26326326326326327,0.0890890890890891,0.1091091091091091,0.1091091091091091,0.08808808808808809
EURUSD,後半,12,0.2082082082082082,0.26326326326326327,0.26326326326326327,0.26126126126126126,0.15115115115115116,0.19519519519519518,0.19519519519519518,0.1921921921921922,0.04104104104104104,0.06506506506506507,0.06506506506506507,0.06406406406406406
EURUSD,後半,13,0.7237237237237237,0.8308308308308309,0.8308308308308309,0.6336336336336337,0.5905905905905906,0.7067067067067067,0.7067067067067067,0.5405405405405406,0.5905905905905906,0.7067067067067067,0.7067067067067067,0.5515515515515516
EURUSD,後半,14,0.2722722722722723,0.3113113113113113,0.3113113113113113,0.30430430430430433,0.17017017017017017,0.1981981981981982,0.1981981981981982,0.1941941941941942,0.1091091091091091,0.17417417417417416,0.17417417417417416,0.17117117117117117
EURUSD,後半,15,0.5295295295295295,0.6216216216216216,0.6216216216216216,0.4854854854854855,0.4084084084084084,0.5015015015015015,0.5015015015015015,0.4194194194194194,0.4084084084084084,0.5015015015015015,0.5015015015015015,0.42742742742742745
EURUSD,後半,16,0.8788788788788788,0.8888888888888888,0.8968968968968969,0.6916916916916916,0.8078078078078078,0.8668668668668669,0.8698698698698699,0.7137137137137137,0.8078078078078078,0.8668668668668669,0.8698698698698699,0.7207207207207207
EURUSD,後半,17,0.057057057057057055,0.09309309309309309,0.09309309309309309,0.09009009009009009,0.028028028028028028,0.04804804804804805,0.04804804804804805,0.04804804804804805,0.028028028028028028,0.04804804804804805,0.04804804804804805,0.04804804804804805
EURUSD,後半,18,0.7237237237237237,0.7737737737737738,0.7877877877877878,0.6316316316316316,0.5395395395395396,0.6296296296296297,0.6316316316316316,0.5155155155155156,0.5395395395395396,0.6296296296296297,0.6316316316316316,0.5295295295295295
EURUSD,後半,19,0.4754754754754755,0.5935935935935935,0.5935935935935935,0.5425425425425425,0.32932932932932935,0.36236236236236236,0.36236236236236236,0.3203203203203203,0.32932932932932935,0.36236236236236236,0.36236236236236236,0.3203203203203203
GBPUSD,前半,0,0.6086086086086087,0.7117117117117117,0.7227227227227228,0.5435435435435435,0.5135135135135135,0.6286286286286287,0.6366366366366366,0.4894894894894895,0.5135135135135135,0.6286286286286287,0.6366366366366366,0.4944944944944945
GBPUSD,前半,1,0.3333333333333333,0.4174174174174174,0.4174174174174174,0.3953953953953954,0.23623623623623624,0.2972972972972973,0.2972972972972973,0.28928928928928926,0.23623623623623624,0.2972972972972973,0.2972972972972973,0.2902902902902903
GBPUSD,前半,2,0.9279279279279279,0.9369369369369369,0.93993993993994,0.7437437437437437,0.8338338338338338,0.9019019019019019,0.9019019019019019,0.7277277277277278,0.8028028028028028,0.8828828828828829,0.8838838838838838,0.6886886886886887
GBPUSD,前半,3,0.6006006006006006,0.7067067067067067,0.7067067067067067,0.6026026026026026,0.45345345345345345,0.5575575575575575,0.5575575575575575,0.5045045045045045,0.3863863863863864,0.47347347347347346,0.47347347347347346,0.4264264264264264
GBPUSD,前半,4,0.8348348348348348,0.8788788788788788,0.8788788788788788,0.7887887887887888,0.7307307307307307,0.8258258258258259,0.8258258258258259,0.7597597597597597,0.7307307307307307,0.8258258258258259,0.8258258258258259,0.7597597597597597
GBPUSD,前半,5,0.3053053053053053,0.3563563563563564,0.3563563563563564,0.30930930930930933,0.1991991991991992,0.23123123123123124,0.23123123123123124,0.1991991991991992,0.028028028028028028,0.035035035035035036,0.035035035035035036,0.028028028028028028
GBPUSD,前半,6,0.6756756756756757,0.7507507507507507,0.7507507507507507,0.6866866866866866,0.5625625625625625,0.6736736736736737,0.6736736736736737,0.6266266266266266,0.5625625625625625,0.6736736736736737,0.6736736736736737,0.6276276276276276
GBPUSD,前半,7,0.16016016016016016,0.23423423423423423,0.23423423423423423,0.21621621621621623,0.11511511511511512,0.16316316316316315,0.16316316316316315,0.15415415415415415,0.11511511511511512,0.16316316316316315,0.16316316316316315,0.15415415415415415
GBPUSD,前半,8,0.14514514514514515,0.2172172172172172,0.2172172172172172,0.1941941941941942,0.0970970970970971,0.14814814814814814,0.14814814814814814,0.13813813813813813,0.0970970970970971,0.14814814814814814,0.14814814814814814,0.13813813813813813
GBPUSD,前半,9,0.36736736736736736,0.4794794794794795,0.4794794794794795,0.3863863863863864,0.23623623623623624,0.33233233233233234,0.33233233233233234,0.2722722722722723,0.23623623623623624,0.33233233233233234,0.33233233233233234,0.2782782782782783
GBPUSD,前半,10,0.6716716716716716,0.7517517517517518,0.7517517517517518,0.6976976976976977,0.5545545545545546,0.6476476476476476,0.6476476476476476,0.5995995995995996,0.5545545545545546,0.6476476476476476,0.6476476476476476,0.5995995995995996
GBPUSD,前半,11,0.996996996996997,0.997997997997998,0.997997997997998,0.9109109109109109,1.0,1.0,1.0,0.9769769769769769,0.986986986986987,0.992992992992993,0.994994994994995,0.8738738738738738
GBPUSD,前半,12,0.7467467467467468,0.8548548548548549,0.8548548548548549,0.7837837837837838,0.6066066066066066,0.7367367367367368,0.7367367367367368,0.7017017017017017,0.5435435435435435,0.6516516516516516,0.6516516516516516,0.6236236236236237
GBPUSD,前半,13,0.8048048048048048,0.8688688688688688,0.8688688688688688,0.7837837837837838,0.6966966966966966,0.7697697697697697,0.7697697697697697,0.6966966966966966,0.6966966966966966,0.7697697697697697,0.7697697697697697,0.7067067067067067
GBPUSD,前半,14,0.36536536536536535,0.4494494494494494,0.4494494494494494,0.3993993993993994,0.27927927927927926,0.35735735735735735,0.35735735735735735,0.32432432432432434,0.27927927927927926,0.35735735735735735,0.35735735735735735,0.32432432432432434
GBPUSD,前半,15,0.48348348348348347,0.6266266266266266,0.6266266266266266,0.5125125125125125,0.34534534534534533,0.4844844844844845,0.4844844844844845,0.3933933933933934,0.31931931931931934,0.45845845845845845,0.45845845845845845,0.3743743743743744
GBPUSD,前半,16,0.975975975975976,0.978978978978979,0.978978978978979,0.8818818818818819,0.948948948948949,0.975975975975976,0.975975975975976,0.9069069069069069,0.6896896896896897,0.7967967967967968,0.7977977977977978,0.6496496496496497
GBPUSD,前半,17,0.8428428428428428,0.8788788788788788,0.8788788788788788,0.7947947947947948,0.7127127127127127,0.8008008008008008,0.8008008008008008,0.7047047047047047,0.48348348348348347,0.5955955955955956,0.5955955955955956,0.48848848848848847
GBPUSD,前半,18,0.908908908908909,0.9319319319319319,0.933933933933934,0.8268268268268268,0.8308308308308309,0.8918918918918919,0.8918918918918919,0.7847847847847848,0.8308308308308309,0.8918918918918919,0.8918918918918919,0.7847847847847848
GBPUSD,前半,19,0.2752752752752753,0.3883883883883884,0.3883883883883884,0.3383383383383383,0.1961961961961962,0.2992992992992993,0.2992992992992993,0.2702702702702703,0.1961961961961962,0.2992992992992993,0.2992992992992993,0.2702702702702703
GBPUSD,後半,0,0.992992992992993,0.990990990990991,0.992992992992993,0.8778778778778779,0.990990990990991,0.991991991991992,0.992992992992993,0.9169169169169169,0.990990990990991,0.991991991991992,0.992992992992993,0.9219219219219219
GBPUSD,後半,1,0.91991991991992,0.8968968968968969,0.8988988988988988,0.7957957957957958,0.7497497497497497,0.8328328328328328,0.8358358358358359,0.7277277277277278,0.7497497497497497,0.8338338338338338,0.8358358358358359,0.7277277277277278
GBPUSD,後半,2,0.7377377377377378,0.8248248248248248,0.8268268268268268,0.6576576576576577,0.6226226226226226,0.7317317317317318,0.7327327327327328,0.5975975975975976,0.6226226226226226,0.7317317317317318,0.7327327327327328,0.6016016016016016
GBPUSD,後半,3,0.6386386386386387,0.7197197197197197,0.7207207207207207,0.6316316316316316,0.3973973973973974,0.47047047047047047,0.47047047047047047,0.42242242242242245,0.3973973973973974,0.47047047047047047,0.47047047047047047,0.42242242242242245
GBPUSD,後半,4,0.9719719719719719,0.972972972972973,0.972972972972973,0.9019019019019019,0.8978978978978979,0.9329329329329329,0.9329329329329329,0.8688688688688688,0.8978978978978979,0.9329329329329329,0.9329329329329329,0.8718718718718719
GBPUSD,後半,5,0.3983983983983984,0.5265265265265265,0.5265265265265265,0.44844844844844844,0.2602602602602603,0.36236236236236236,0.36236236236236236,0.33133133133133136,0.2602602602602603,0.36236236236236236,0.36236236236236236,0.33133133133133136
GBPUSD,後半,6,0.3663663663663664,0.45845845845845845,0.45845845845845845,0.42742742742742745,0.19519519519519518,0.29429429429429427,0.29429429429429427,0.2722722722722723,0.19519519519519518,0.29429429429429427,0.29429429429429427,0.27427427427427425
GBPUSD,後半,7,0.5485485485485485,0.6756756756756757,0.6756756756756757,0.5825825825825826,0.3203203203203203,0.47347347347347346,0.47347347347347346,0.4014014014014014,0.3203203203203203,0.47347347347347346,0.47347347347347346,0.41041041041041043
GBPUSD,後半,8,0.958958958958959,0.943943943943944,0.944944944944945,0.8558558558558559,0.8958958958958959,0.9309309309309309,0.9309309309309309,0.8648648648648649,0.8958958958958959,0.9309309309309309,0.9309309309309309,0.8668668668668669
GBPUSD,後半,9,0.8388388388388388,0.8778778778778779,0.8778778778778779,0.7457457457457457,0.6396396396396397,0.7337337337337337,0.7337337337337337,0.6386386386386387,0.6396396396396397,0.7337337337337337,0.7337337337337337,0.6496496496496497
GBPUSD,後半,10,0.3433433433433433,0.4264264264264264,0.4264264264264264,0.32232232232232233,0.23523523523523523,0.3053053053053053,0.3053053053053053,0.24824824824824826,0.23523523523523523,0.3053053053053053,0.3053053053053053,0.24824824824824826
GBPUSD,後半,11,0.6976976976976977,0.7327327327327328,0.7337337337337337,0.5645645645645646,0.5315315315315315,0.5715715715715716,0.5715715715715716,0.44544544544544545,0.5315315315315315,0.5715715715715716,0.5715715715715716,0.44544544544544545
GBPUSD,後半,12,0.972972972972973,0.9629629629629629,0.9629629629629629,0.913913913913914,0.9269269269269269,0.948948948948949,0.948948948948949,0.9119119119119119,0.908908908908909,0.938938938938939,0.938938938938939,0.8988988988988988
GBPUSD,後半,13,0.986986986986987,0.985985985985986,0.986986986986987,0.8708708708708709,0.9719719719719719,0.982982982982983,0.982982982982983,0.8738738738738738,0.9719719719719719,0.982982982982983,0.982982982982983,0.8968968968968969
GBPUSD,後半,14,0.9069069069069069,0.9159159159159159,0.9169169169169169,0.7787787787787788,0.7867867867867868,0.8498498498498499,0.8508508508508509,0.7117117117117117,0.6486486486486487,0.7287287287287287,0.7297297297297297,0.5635635635635635
GBPUSD,後半,15,0.5385385385385385,0.6396396396396397,0.6406406406406406,0.5295295295295295,0.4494494494494494,0.5685685685685685,0.5685685685685685,0.47347347347347346,0.4494494494494494,0.5685685685685685,0.5685685685685685,0.47347347347347346
GBPUSD,後半,16,0.997997997997998,0.996996996996997,0.996996996996997,0.8918918918918919,0.996996996996997,0.997997997997998,0.997997997997998,0.9429429429429429,0.996996996996997,0.997997997997998,0.997997997997998,0.94994994994995
GBPUSD,後半,17,0.04604604604604605,0.07207207207207207,0.07207207207207207,0.06906906906906907,0.016016016016016016,0.026026026026026026,0.026026026026026026,0.025025025025025027,0.016016016016016016,0.026026026026026026,0.026026026026026026,0.025025025025025027
GBPUSD,後半,18,0.3683683683683684,0.43543543543543545,0.43543543543543545,0.39039039039039036,0.25725725725725723,0.3053053053053053,0.3063063063063063,0.28128128128128127,0.25725725725725723,0.3053053053053053,0.3063063063063063,0.28128128128128127
GBPUSD,後半,19,0.7567567567567568,0.8228228228228228,0.8328328328328328,0.6296296296296297,0.5835835835835835,0.6886886886886887,0.6936936936936937,0.5295295295295295,0.5835835835835835,0.6886886886886887,0.6936936936936937,0.5295295295295295
AUDUSD,前半,0,0.8628628628628628,0.8968968968968969,0.8968968968968969,0.8148148148148148,0.7177177177177178,0.8008008008008008,0.8008008008008008,0.7237237237237237,0.7177177177177178,0.8008008008008008,0.8008008008008008,0.7277277277277278
AUDUSD,前半,1,0.9479479479479479,0.9329329329329329,0.934934934934935,0.7917917917917918,0.8768768768768769,0.8998998998998999,0.8998998998998999,0.7847847847847848,0.8768768768768769,0.8998998998998999,0.8998998998998999,0.7847847847847848
AUDUSD,前半,2,0.15715715715715717,0.22422422422422422,0.22422422422422422,0.1931931931931932,0.08008008008008008,0.11411411411411411,0.11411411411411411,0.0960960960960961,0.08008008008008008,0.11411411411411411,0.11411411411411411,0.0960960960960961
AUDUSD,前半,3,0.27627627627627627,0.34734734734734735,0.34734734734734735,0.3173173173173173,0.16716716716716717,0.23523523523523523,0.23523523523523523,0.2132132132132132,0.16716716716716717,0.23523523523523523,0.23523523523523523,0.2172172172172172
AUDUSD,前半,4,0.5995995995995996,0.6726726726726727,0.6726726726726727,0.6206206206206206,0.4574574574574575,0.5185185185185185,0.5185185185185185,0.4924924924924925,0.4574574574574575,0.5185185185185185,0.5185185185185185,0.4924924924924925
AUDUSD,前半,5,0.45845845845845845,0.5605605605605606,0.5605605605605606,0.5055055055055055,0.3063063063063063,0.3923923923923924,0.3923923923923924,0.36536536536536535,0.3063063063063063,0.3923923923923924,0.3923923923923924,0.36536536536536535
AUDUSD,前半,6,0.3103103103103103,0.3743743743743744,0.3833833833833834,0.34534534534534533,0.16316316316316315,0.2062062062062062,0.2092092092092092,0.1891891891891892,0.16316316316316315,0.2062062062062062,0.2092092092092092,0.1891891891891892
AUDUSD,前半,7,0.2952952952952953,0.37537537537537535,0.37537537537537535,0.35735735735735735,0.19119119119119118,0.24424424424424424,0.24424424424424424,0.23623623623623624,0.19119119119119118,0.24424424424424424,0.24424424424424424,0.23623623623623624
AUDUSD,前半,8,0.6496496496496497,0.6866866866866866,0.6896896896896897,0.4574574574574575,0.5005005005005005,0.5245245245245245,0.5245245245245245,0.35935935935935936,0.40540540540540543,0.45145145145145144,0.45145145145145144,0.2872872872872873
AUDUSD,前半,9,0.5345345345345346,0.6096096096096096,0.6136136136136137,0.43343343343343343,0.36236236236236236,0.44244244244244246,0.44244244244244246,0.34434434434434436,0.36236236236236236,0.44244244244244246,0.44244244244244246,0.34734734734734735
AUDUSD,前半,10,0.986986986986987,0.978978978978979,0.9819819819819819,0.8678678678678678,0.948948948948949,0.972972972972973,0.975975975975976,0.8888888888888888,0.948948948948949,0.972972972972973,0.975975975975976,0.8888888888888888
AUDUSD,前半,11,0.4624624624624625,0.5505505505505506,0.5505505505505506,0.5075075075075075,0.3173173173173173,0.3883883883883884,0.3883883883883884,0.37037037037037035,0.3173173173173173,0.3883883883883884,0.3883883883883884,0.37037037037037035
AUDUSD,前半,12,0.8658658658658659,0.8938938938938938,0.8938938938938938,0.7427427427427428,0.7947947947947948,0.8428428428428428,0.8428428428428428,0.7007007007007007,0.7947947947947948,0.8428428428428428,0.8428428428428428,0.7107107107107107
AUDUSD,前半,13,0.9769769769769769,0.970970970970971,0.970970970970971,0.918918918918919,0.950950950950951,0.963963963963964,0.963963963963964,0.934934934934935,0.950950950950951,0.963963963963964,0.963963963963964,0.934934934934935
AUDUSD,前半,14,0.8898898898898899,0.9039039039039038,0.9039039039039038,0.7857857857857858,0.7427427427427428,0.7977977977977978,0.7977977977977978,0.6636636636636637,0.7427427427427428,0.7977977977977978,0.7977977977977978,0.6636636636636637
AUDUSD,前半,15,0.9159159159159159,0.924924924924925,0.924924924924925,0.7787787787787788,0.8118118118118118,0.8788788788788788,0.8788788788788788,0.7557557557557557,0.8118118118118118,0.8788788788788788,0.8788788788788788,0.7667667667667668
AUDUSD,前半,16,0.5805805805805806,0.6996996996996997,0.6996996996996997,0.5635635635635635,0.3763763763763764,0.4954954954954955,0.4954954954954955,0.41541541541541543,0.3763763763763764,0.4954954954954955,0.4954954954954955,0.41541541541541543
AUDUSD,前半,17,0.7427427427427428,0.8198198198198198,0.8198198198198198,0.6956956956956957,0.5555555555555556,0.6546546546546547,0.6546546546546547,0.5465465465465466,0.5555555555555556,0.6546546546546547,0.6546546546546547,0.5465465465465466
AUDUSD,前半,18,0.6356356356356356,0.7107107107107107,0.7117117117117117,0.5455455455455456,0.48148148148148145,0.5535535535535535,0.5545545545545546,0.42042042042042044,0.48148148148148145,0.5535535535535535,0.5545545545545546,0.42042042042042044
AUDUSD,前半,19,0.5665665665665666,0.6876876876876877,0.6876876876876877,0.6326326326326326,0.43543543543543545,0.5515515515515516,0.5515515515515516,0.5385385385385385,0.43543543543543545,0.5515515515515516,0.5515515515515516,0.5385385385385385
AUDUSD,後半,0,0.998998998998999,1.0,1.0,1.0,0.988988988988989,0.990990990990991,0.990990990990991,0.96996996996997,0.923923923923924,0.9459459459459459,0.9459459459459459,0.8738738738738738
AUDUSD,後半,1,0.5505505505505506,0.6176176176176176,0.6196196196196196,0.5115115115115115,0.3983983983983984,0.4754754754754755,0.4754754754754755,0.42042042042042044,0.3983983983983984,0.4754754754754755,0.4754754754754755,0.42042042042042044
AUDUSD,後半,2,0.7047047047047047,0.7787787787787788,0.7787787787787788,0.6666666666666666,0.5275275275275275,0.6336336336336337,0.6336336336336337,0.5605605605605606,0.5275275275275275,0.6336336336336337,0.6336336336336337,0.5655655655655656
AUDUSD,後半,3,1.0,1.0,1.0,0.964964964964965,0.993993993993994,0.995995995995996,0.995995995995996,0.9419419419419419,0.993993993993994,0.995995995995996,0.995995995995996,0.943943943943944
AUDUSD,後半,4,0.08208208208208208,0.12112112112112113,0.12312312312312312,0.09509509509509509,0.03303303303303303,0.05205205205205205,0.05205205205205205,0.04604604604604605,0.03303303303303303,0.05205205205205205,0.05205205205205205,0.04604604604604605
AUDUSD,後半,5,0.7887887887887888,0.8498498498498499,0.8528528528528528,0.6476476476476476,0.4494494494494494,0.5635635635635635,0.5635635635635635,0.3943943943943944,0.4494494494494494,0.5635635635635635,0.5635635635635635,0.3943943943943944
AUDUSD,後半,6,0.990990990990991,0.993993993993994,0.993993993993994,0.8978978978978979,0.95995995995996,0.972972972972973,0.972972972972973,0.8518518518518519,0.95995995995996,0.972972972972973,0.972972972972973,0.8578578578578578
AUDUSD,後半,7,0.14914914914914915,0.22622622622622623,0.22622622622622623,0.1981981981981982,0.07307307307307308,0.12312312312312312,0.12312312312312312,0.1111111111111111,0.07307307307307308,0.12312312312312312,0.12312312312312312,0.11211211211211211
AUDUSD,後半,8,0.6356356356356356,0.7437437437437437,0.7437437437437437,0.6776776776776777,0.4904904904904905,0.5905905905905906,0.5905905905905906,0.5505505505505506,0.4904904904904905,0.5905905905905906,0.5905905905905906,0.5505505505505506
AUDUSD,後半,9,0.5665665665665666,0.6826826826826827,0.6826826826826827,0.6116116116116116,0.4214214214214214,0.5405405405405406,0.5405405405405406,0.4854854854854855,0.4214214214214214,0.5405405405405406,0.5405405405405406,0.4854854854854855
AUDUSD,後半,10,0.46346346346346345,0.5625625625625625,0.5625625625625625,0.5295295295295295,0.3743743743743744,0.47047047047047047,0.47047047047047047,0.46046046046046046,0.3743743743743744,0.47047047047047047,0.47047047047047047,0.46046046046046046
AUDUSD,後半,11,0.3433433433433433,0.4194194194194194,0.42842842842842843,0.36536536536536535,0.1941941941941942,0.25825825825825827,0.26326326326326327,0.22622622622622623,0.1941941941941942,0.25825825825825827,0.26326326326326327,0.23223223223223224
AUDUSD,後半,12,0.7417417417417418,0.8228228228228228,0.8258258258258259,0.6866866866866866,0.35135135135135137,0.44644644644644643,0.44744744744744747,0.35135135135135137,0.35135135135135137,0.44644644644644643,0.44744744744744747,0.35135135135135137
AUDUSD,後半,13,0.14214214214214213,0.23223223223223224,0.23223223223223224,0.22122122122122123,0.08808808808808809,0.16016016016016016,0.16016016016016016,0.15515515515515516,0.043043043043043044,0.07907907907907907,0.07907907907907907,0.07707707707707707
AUDUSD,後半,14,0.954954954954955,0.9619619619619619,0.964964964964965,0.8038038038038038,0.8538538538538538,0.8938938938938938,0.8958958958958959,0.7627627627627628,0.8538538538538538,0.8938938938938938,0.8958958958958959,0.7667667667667668
AUDUSD,後半,15,0.8868868868868869,0.9129129129129129,0.9129129129129129,0.8608608608608609,0.7507507507507507,0.7897897897897898,0.7897897897897898,0.7387387387387387,0.7507507507507507,0.7897897897897898,0.7897897897897898,0.7387387387387387
AUDUSD,後半,16,1.0,1.0,1.0,1.0,0.993993993993994,0.995995995995996,0.996996996996997,0.934934934934935,0.9669669669669669,0.9819819819819819,0.9819819819819819,0.8508508508508509
AUDUSD,後半,17,0.2702702702702703,0.3763763763763764,0.3763763763763764,0.36536536536536535,0.15215215215215216,0.22622622622622623,0.22622622622622623,0.22322322322322322,0.15215215215215216,0.22622622622622623,0.22622622622622623,0.22322322322322322
AUDUSD,後半,18,0.8068068068068068,0.8528528528528528,0.8568568568568569,0.7317317317317318,0.42542542542542544,0.5135135135135135,0.5145145145145145,0.4114114114114114,0.42542542542542544,0.5135135135135135,0.5145145145145145,0.4164164164164164
AUDUSD,後半,19,0.19519519519519518,0.2552552552552553,0.2552552552552553,0.1981981981981982,0.11511511511511512,0.16316316316316315,0.16316316316316315,0.14014014014014015,0.11511511511511512,0.16316316316316315,0.16316316316316315,0.14214214214214213
USDJPY,前半,0,0.15815815815815815,0.2222222222222222,0.2222222222222222,0.21021021021021022,0.16016016016016016,0.23423423423423423,0.23423423423423423,0.23423423423423423,0.16016016016016016,0.23423423423423423,0.23423423423423423,0.23423423423423423
USDJPY,前半,1,0.7337337337337337,0.7627627627627628,0.7717717717717718,0.5975975975975976,0.7827827827827828,0.8448448448448449,0.8488488488488488,0.7267267267267268,0.7827827827827828,0.8448448448448449,0.8488488488488488,0.7277277277277278
USDJPY,前半,2,0.9529529529529529,0.9529529529529529,0.9529529529529529,0.8018018018018018,0.982982982982983,0.984984984984985,0.984984984984985,0.9429429429429429,0.982982982982983,0.984984984984985,0.984984984984985,0.9429429429429429
USDJPY,前半,3,0.7917917917917918,0.7827827827827828,0.7827827827827828,0.7057057057057057,0.7747747747747747,0.8358358358358359,0.8358358358358359,0.7747747747747747,0.7747747747747747,0.8358358358358359,0.8358358358358359,0.7747747747747747
USDJPY,前半,4,0.7047047047047047,0.7167167167167167,0.7177177177177178,0.5785785785785785,0.6336336336336337,0.7017017017017017,0.7017017017017017,0.5755755755755756,0.44744744744744747,0.5005005005005005,0.5005005005005005,0.3863863863863864
USDJPY,前半,5,0.5085085085085085,0.5155155155155156,0.5555555555555556,0.22422422422422422,0.2802802802802803,0.2902902902902903,0.3213213213213213,0.0920920920920921,0.2802802802802803,0.2902902902902903,0.3213213213213213,0.1001001001001001
USDJPY,前半,6,0.5815815815815816,0.5775775775775776,0.5775775775775776,0.5125125125125125,0.5845845845845846,0.6456456456456456,0.6456456456456456,0.5865865865865866,0.5845845845845846,0.6456456456456456,0.6456456456456456,0.5865865865865866
USDJPY,前半,7,0.5435435435435435,0.6356356356356356,0.6356356356356356,0.5445445445445446,0.5435435435435435,0.6356356356356356,0.6356356356356356,0.5555555555555556,0.5435435435435435,0.6356356356356356,0.6356356356356356,0.5555555555555556
USDJPY,前半,8,0.6176176176176176,0.6976976976976977,0.7007007007007007,0.5835835835835835,0.6296296296296297,0.7447447447447447,0.7447447447447447,0.6676676676676677,0.6296296296296297,0.7447447447447447,0.7447447447447447,0.6696696696696697
USDJPY,前半,9,0.9279279279279279,0.8638638638638638,0.8858858858858859,0.6716716716716716,0.9379379379379379,0.9579579579579579,0.9579579579579579,0.8328328328328328,0.9379379379379379,0.9579579579579579,0.9579579579579579,0.8328328328328328
USDJPY,前半,10,0.8738738738738738,0.7867867867867868,0.7917917917917918,0.6266266266266266,0.8228228228228228,0.8298298298298298,0.8318318318318318,0.7017017017017017,0.8228228228228228,0.8298298298298298,0.8318318318318318,0.7177177177177178
USDJPY,前半,11,0.2082082082082082,0.24624624624624625,0.24624624624624625,0.24624624624624625,0.22422422422422422,0.2772772772772773,0.2772772772772773,0.2772772772772773,0.22422422422422422,0.2772772772772773,0.2772772772772773,0.2772772772772773
USDJPY,前半,12,0.6246246246246246,0.7097097097097097,0.7097097097097097,0.6356356356356356,0.4994994994994995,0.5945945945945946,0.5945945945945946,0.5225225225225225,0.45645645645645644,0.5715715715715716,0.5715715715715716,0.4924924924924925
USDJPY,前半,13,0.970970970970971,0.9459459459459459,0.948948948948949,0.7507507507507507,0.992992992992993,0.993993993993994,0.993993993993994,0.9209209209209209,0.992992992992993,0.993993993993994,0.993993993993994,0.9269269269269269
USDJPY,前半,14,0.7527527527527528,0.7407407407407407,0.7407407407407407,0.6176176176176176,0.7267267267267268,0.8318318318318318,0.8318318318318318,0.7207207207207207,0.7267267267267268,0.8318318318318318,0.8318318318318318,0.7247247247247247
USDJPY,前半,15,0.9479479479479479,0.9019019019019019,0.9069069069069069,0.7397397397397397,0.944944944944945,0.95995995995996,0.960960960960961,0.8708708708708709,0.944944944944945,0.95995995995996,0.960960960960961,0.8708708708708709
USDJPY,前半,16,0.43043043043043044,0.5475475475475475,0.5515515515515516,0.4924924924924925,0.36236236236236236,0.4924924924924925,0.4924924924924925,0.44344344344344344,0.36236236236236236,0.4924924924924925,0.4924924924924925,0.45045045045045046
USDJPY,前半,17,0.96996996996997,0.963963963963964,0.9679679679679679,0.7527527527527528,0.972972972972973,0.982982982982983,0.982982982982983,0.8748748748748749,0.972972972972973,0.982982982982983,0.982982982982983,0.8818818818818819
USDJPY,前半,18,0.9359359359359359,0.9039039039039038,0.9169169169169169,0.7037037037037037,0.8858858858858859,0.923923923923924,0.9269269269269269,0.7397397397397397,0.8858858858858859,0.923923923923924,0.9269269269269269,0.7397397397397397
USDJPY,前半,19,0.43043043043043044,0.4644644644644645,0.4644644644644645,0.42242242242242245,0.4084084084084084,0.4944944944944945,0.4944944944944945,0.46046046046046046,0.4084084084084084,0.4944944944944945,0.4944944944944945,0.46346346346346345
USDJPY,後半,0,0.6216216216216216,0.46646646646646645,0.4864864864864865,0.34634634634634637,0.6706706706706707,0.7667667667667668,0.7667667667667668,0.6796796796796797,0.6706706706706707,0.7667667667667668,0.7667667667667668,0.6796796796796797
USDJPY,後半,1,0.5545545545545546,0.48148148148148145,0.48148148148148145,0.3633633633633634,0.5765765765765766,0.6896896896896897,0.6896896896896897,0.6316316316316316,0.5765765765765766,0.6896896896896897,0.6896896896896897,0.6326326326326326
USDJPY,後半,2,0.16416416416416416,0.23623623623623624,0.23623623623623624,0.18018018018018017,0.2132132132132132,0.3013013013013013,0.3013013013013013,0.2822822822822823,0.2132132132132132,0.3013013013013013,0.3013013013013013,0.2822822822822823
USDJPY,後半,3,0.7447447447447447,0.6556556556556556,0.6676676676676677,0.42742742742742745,0.8218218218218218,0.8908908908908909,0.8908908908908909,0.7717717717717718,0.34134134134134136,0.4974974974974975,0.4974974974974975,0.2952952952952953
USDJPY,後半,4,0.6646646646646647,0.6286286286286287,0.6356356356356356,0.4594594594594595,0.7307307307307307,0.7907907907907908,0.7917917917917918,0.6876876876876877,0.7307307307307307,0.7917917917917918,0.7917917917917918,0.6876876876876877
USDJPY,後半,5,0.3133133133133133,0.2822822822822823,0.28928928928928926,0.2062062062062062,0.3963963963963964,0.4864864864864865,0.48848848848848847,0.3813813813813814,0.3963963963963964,0.4864864864864865,0.48848848848848847,0.38538538538538536
USDJPY,後半,6,0.5785785785785785,0.5105105105105106,0.5215215215215215,0.33633633633633636,0.5175175175175175,0.6416416416416416,0.6416416416416416,0.48348348348348347,0.5175175175175175,0.6416416416416416,0.6416416416416416,0.48848848848848847
USDJPY,後半,7,0.7997997997997998,0.8108108108108109,0.8138138138138138,0.5925925925925926,0.972972972972973,0.9819819819819819,0.9819819819819819,0.9519519519519519,0.9669669669669669,0.9769769769769769,0.9769769769769769,0.9479479479479479
USDJPY,後半,8,0.7027027027027027,0.5005005005005005,0.5155155155155156,0.34434434434434436,0.7417417417417418,0.8148148148148148,0.8208208208208209,0.6786786786786787,0.7417417417417418,0.8148148148148148,0.8208208208208209,0.6846846846846847
USDJPY,後半,9,0.7197197197197197,0.6466466466466466,0.6776776776776777,0.4944944944944945,0.8868868868868869,0.92992992992993,0.9319319319319319,0.8618618618618619,0.8868868868868869,0.92992992992993,0.9319319319319319,0.8648648648648649
USDJPY,後半,10,0.5055055055055055,0.3953953953953954,0.3963963963963964,0.30930930930930933,0.5945945945945946,0.6716716716716716,0.6716716716716716,0.5965965965965966,0.5945945945945946,0.6716716716716716,0.6716716716716716,0.5975975975975976
USDJPY,後半,11,0.36536536536536535,0.33133133133133136,0.33633633633633636,0.21621621621621623,0.3103103103103103,0.4184184184184184,0.42042042042042044,0.3073073073073073,0.3103103103103103,0.4184184184184184,0.42042042042042044,0.3103103103103103
USDJPY,後半,12,0.6826826826826827,0.6506506506506506,0.6516516516516516,0.5205205205205206,0.8508508508508509,0.9059059059059059,0.9059059059059059,0.8568568568568569,0.8438438438438438,0.9059059059059059,0.9059059059059059,0.8578578578578578
USDJPY,後半,13,0.8778778778778779,0.7887887887887888,0.7967967967967968,0.5485485485485485,0.973973973973974,0.983983983983984,0.983983983983984,0.9219219219219219,0.923923923923924,0.9569569569569569,0.9579579579579579,0.8428428428428428
USDJPY,後半,14,0.6236236236236237,0.5005005005005005,0.5005005005005005,0.3893893893893894,0.6086086086086087,0.7337337337337337,0.7337337337337337,0.7017017017017017,0.6086086086086087,0.7337337337337337,0.7337337337337337,0.7017017017017017
USDJPY,後半,15,0.17917917917917917,0.16916916916916916,0.16916916916916916,0.14414414414414414,0.18618618618618618,0.24124124124124124,0.24124124124124124,0.22922922922922923,0.18618618618618618,0.24124124124124124,0.24124124124124124,0.22922922922922923
USDJPY,後半,16,0.4804804804804805,0.3173173173173173,0.3183183183183183,0.22622622622622623,0.4144144144144144,0.45645645645645644,0.45645645645645644,0.3783783783783784,0.4144144144144144,0.45645645645645644,0.45645645645645644,0.3783783783783784
USDJPY,後半,17,0.6306306306306306,0.5445445445445446,0.5505505505505506,0.3963963963963964,0.6406406406406406,0.7607607607607607,0.7607607607607607,0.6536536536536537,0.6406406406406406,0.7607607607607607,0.7607607607607607,0.6606606606606606
USDJPY,後半,18,0.6206206206206206,0.5855855855855856,0.5855855855855856,0.4944944944944945,0.7047047047047047,0.7817817817817818,0.7817817817817818,0.7477477477477478,0.7047047047047047,0.7817817817817818,0.7817817817817818,0.7567567567567568
USDJPY,後半,19,0.2602602602602603,0.23523523523523523,0.23523523523523523,0.2022022022022022,0.34734734734734735,0.40540540540540543,0.40540540540540543,0.3783783783783784,0.19019019019019018,0.35735735735735735,0.35735735735735735,0.32732732732732733
USDCHF,前半,0,0.3253253253253253,0.4034034034034034,0.42242242242242245,0.2982982982982983,0.23223223223223224,0.29429429429429427,0.3063063063063063,0.23423423423423423,0.16316316316316315,0.19519519519519518,0.2032032032032032,0.15415415415415415
USDCHF,前半,1,0.008008008008008008,0.007007007007007007,0.007007007007007007,0.006006006006006006,0.001001001001001001,0.002002002002002002,0.002002002002002002,0.002002002002002002,0.001001001001001001,0.002002002002002002,0.002002002002002002,0.002002002002002002
USDCHF,前半,2,0.43343343343343343,0.5455455455455456,0.5475475475475475,0.46046046046046046,0.22022022022022023,0.30430430430430433,0.3073073073073073,0.26426426426426425,0.22022022022022023,0.30430430430430433,0.3073073073073073,0.26426426426426425
USDCHF,前半,3,0.5825825825825826,0.6556556556556556,0.6556556556556556,0.5555555555555556,0.4074074074074074,0.47847847847847846,0.47847847847847846,0.42842842842842843,0.4074074074074074,0.47847847847847846,0.47847847847847846,0.4314314314314314
USDCHF,前半,4,0.93993993993994,0.972972972972973,0.972972972972973,0.918918918918919,0.8618618618618619,0.9159159159159159,0.9159159159159159,0.8628628628628628,0.8618618618618619,0.9159159159159159,0.9159159159159159,0.8628628628628628
USDCHF,前半,5,0.4594594594594595,0.5675675675675675,0.5675675675675675,0.47847847847847846,0.3263263263263263,0.4124124124124124,0.4124124124124124,0.3683683683683684,0.3263263263263263,0.4124124124124124,0.4124124124124124,0.37037037037037035
USDCHF,前半,6,0.45145145145145144,0.5405405405405406,0.5405405405405406,0.47847847847847846,0.34134134134134136,0.4094094094094094,0.4094094094094094,0.3733733733733734,0.34134134134134136,0.4094094094094094,0.4094094094094094,0.3733733733733734
USDCHF,前半,7,0.34134134134134136,0.42542542542542544,0.42542542542542544,0.37237237237237236,0.16216216216216217,0.23523523523523523,0.23523523523523523,0.2132132132132132,0.16216216216216217,0.23523523523523523,0.23523523523523523,0.2132132132132132
USDCHF,前半,8,0.95995995995996,0.9679679679679679,0.9679679679679679,0.8738738738738738,0.8218218218218218,0.9009009009009009,0.9009009009009009,0.7867867867867868,0.8218218218218218,0.9009009009009009,0.9009009009009009,0.7867867867867868
USDCHF,前半,9,0.5735735735735735,0.6876876876876877,0.6876876876876877,0.6146146146146146,0.4934934934934935,0.6136136136136137,0.6136136136136137,0.5865865865865866,0.4934934934934935,0.6136136136136137,0.6136136136136137,0.5865865865865866
USDCHF,前半,10,0.17417417417417416,0.2222222222222222,0.2222222222222222,0.17317317317317318,0.13213213213213212,0.17517517517517517,0.17517517517517517,0.15015015015015015,0.13213213213213212,0.17517517517517517,0.17517517517517517,0.15015015015015015
USDCHF,前半,11,0.07107107107107107,0.11211211211211211,0.11211211211211211,0.1041041041041041,0.04504504504504504,0.06506506506506507,0.06506506506506507,0.05905905905905906,0.04504504504504504,0.06506506506506507,0.06506506506506507,0.05905905905905906
USDCHF,前半,12,0.5905905905905906,0.6936936936936937,0.6966966966966966,0.5385385385385385,0.42042042042042044,0.5235235235235235,0.5275275275275275,0.42042042042042044,0.42042042042042044,0.5235235235235235,0.5275275275275275,0.42742742742742745
USDCHF,前半,13,0.43343343343343343,0.5575575575575575,0.5575575575575575,0.5165165165165165,0.27927927927927926,0.37237237237237236,0.37237237237237236,0.36936936936936937,0.27927927927927926,0.37237237237237236,0.37237237237237236,0.36936936936936937
USDCHF,前半,14,0.983983983983984,0.980980980980981,0.982982982982983,0.91991991991992,0.974974974974975,0.9819819819819819,0.982982982982983,0.9529529529529529,0.8958958958958959,0.92992992992993,0.9309309309309309,0.8008008008008008
USDCHF,前半,15,0.42842842842842843,0.5745745745745746,0.5745745745745746,0.46346346346346345,0.3123123123123123,0.4344344344344344,0.4344344344344344,0.3733733733733734,0.3123123123123123,0.4344344344344344,0.4344344344344344,0.3743743743743744
USDCHF,前半,16,0.8118118118118118,0.8698698698698699,0.8698698698698699,0.7377377377377378,0.6986986986986987,0.7907907907907908,0.7907907907907908,0.6886886886886887,0.6986986986986987,0.7907907907907908,0.7907907907907908,0.6886886886886887
USDCHF,前半,17,0.32232232232232233,0.43243243243243246,0.43243243243243246,0.4014014014014014,0.13813813813813813,0.2092092092092092,0.2092092092092092,0.19519519519519518,0.13813813813813813,0.2092092092092092,0.2092092092092092,0.19519519519519518
USDCHF,前半,18,0.5425425425425425,0.6696696696696697,0.6696696696696697,0.6156156156156156,0.3733733733733734,0.46546546546546547,0.46546546546546547,0.44844844844844844,0.3733733733733734,0.46546546546546547,0.46546546546546547,0.44844844844844844
USDCHF,前半,19,0.8818818818818819,0.9169169169169169,0.9169169169169169,0.8468468468468469,0.8008008008008008,0.8488488488488488,0.8488488488488488,0.7857857857857858,0.8008008008008008,0.8488488488488488,0.8488488488488488,0.7867867867867868
USDCHF,後半,0,0.042042042042042045,0.08308308308308308,0.08308308308308308,0.08108108108108109,0.031031031031031032,0.05105105105105105,0.05105105105105105,0.05005005005005005,0.031031031031031032,0.05105105105105105,0.05105105105105105,0.05005005005005005
USDCHF,後半,1,0.7677677677677678,0.7467467467467468,0.7577577577577578,0.5105105105105106,0.6486486486486487,0.7447447447447447,0.7447447447447447,0.5715715715715716,0.6486486486486487,0.7447447447447447,0.7447447447447447,0.5735735735735735
USDCHF,後半,2,0.8028028028028028,0.7457457457457457,0.7457457457457457,0.6376376376376376,0.5025025025025025,0.6016016016016016,0.6016016016016016,0.5485485485485485,0.3283283283283283,0.4824824824824825,0.4824824824824825,0.4134134134134134
USDCHF,後半,3,0.31431431431431434,0.3923923923923924,0.4064064064064064,0.34534534534534533,0.2042042042042042,0.2922922922922923,0.2932932932932933,0.24524524524524524,0.2042042042042042,0.2922922922922923,0.2932932932932933,0.24824824824824826
USDCHF,後半,4,0.6636636636636637,0.6166166166166166,0.6166166166166166,0.5305305305305306,0.5465465465465466,0.6466466466466466,0.6466466466466466,0.6056056056056056,0.5465465465465466,0.6466466466466466,0.6466466466466466,0.6076076076076076
USDCHF,後半,5,0.15615615615615616,0.22922922922922923,0.22922922922922923,0.2022022022022022,0.0980980980980981,0.16116116116116116,0.16116116116116116,0.15215215215215216,0.07707707707707707,0.12512512512512514,0.12512512512512514,0.11811811811811812
USDCHF,後半,6,0.92992992992993,0.8938938938938938,0.8968968968968969,0.7387387387387387,0.9119119119119119,0.948948948948949,0.948948948948949,0.8718718718718719,0.3963963963963964,0.5585585585585585,0.5615615615615616,0.3843843843843844
USDCHF,後半,7,0.8468468468468469,0.7647647647647647,0.7727727727727728,0.5755755755755756,0.8028028028028028,0.8448448448448449,0.8448448448448449,0.6926926926926927,0.8028028028028028,0.8448448448448449,0.8448448448448449,0.6946946946946947
USDCHF,後半,8,0.5745745745745746,0.6006006006006006,0.6006006006006006,0.5455455455455456,0.4494494494494494,0.5805805805805806,0.5805805805805806,0.5625625625625625,0.4494494494494494,0.5805805805805806,0.5805805805805806,0.5635635635635635
USDCHF,後半,9,0.948948948948949,0.938938938938939,0.93993993993994,0.7437437437437437,0.950950950950951,0.965965965965966,0.965965965965966,0.8918918918918919,0.950950950950951,0.965965965965966,0.965965965965966,0.8958958958958959
USDCHF,後半,10,0.3073073073073073,0.4064064064064064,0.4064064064064064,0.3893893893893894,0.22922922922922923,0.3123123123123123,0.3123123123123123,0.3073073073073073,0.22922922922922923,0.3123123123123123,0.3123123123123123,0.3073073073073073
USDCHF,後半,11,0.4754754754754755,0.5495495495495496,0.5495495495495496,0.4364364364364364,0.35135135135135137,0.4164164164164164,0.4164164164164164,0.36536536536536535,0.35135135135135137,0.4164164164164164,0.4164164164164164,0.36536536536536535
USDCHF,後半,12,0.2702702702702703,0.36436436436436437,0.36436436436436437,0.3433433433433433,0.15315315315315314,0.23723723723723725,0.23723723723723725,0.23223223223223224,0.13113113113113112,0.1881881881881882,0.1881881881881882,0.1841841841841842
USDCHF,後半,13,0.5845845845845846,0.6536536536536537,0.6626626626626627,0.5725725725725725,0.48848848848848847,0.5945945945945946,0.5945945945945946,0.5385385385385385,0.48848848848848847,0.5945945945945946,0.5945945945945946,0.5475475475475475
USDCHF,後半,14,0.2882882882882883,0.35935935935935936,0.35935935935935936,0.3383383383383383,0.2012012012012012,0.2732732732732733,0.2732732732732733,0.26426426426426425,0.2012012012012012,0.2732732732732733,0.2732732732732733,0.26426426426426425
USDCHF,後半,15,0.03003003003003003,0.031031031031031032,0.031031031031031032,0.028028028028028028,0.014014014014014014,0.02002002002002002,0.02002002002002002,0.01901901901901902,0.014014014014014014,0.02002002002002002,0.02002002002002002,0.01901901901901902
USDCHF,後半,16,0.968968968968969,0.944944944944945,0.9469469469469469,0.8078078078078078,0.972972972972973,0.9819819819819819,0.9819819819819819,0.9459459459459459,0.953953953953954,0.973973973973974,0.973973973973974,0.9369369369369369
USDCHF,後半,17,0.8608608608608609,0.8178178178178178,0.8198198198198198,0.6976976976976977,0.7747747747747747,0.8268268268268268,0.8268268268268268,0.7377377377377378,0.7747747747747747,0.8268268268268268,0.8268268268268268,0.7467467467467468
USDCHF,後半,18,0.8898898898898899,0.8278278278278278,0.8378378378378378,0.6236236236236237,0.8598598598598599,0.9029029029029029,0.9029029029029029,0.7497497497497497,0.8598598598598599,0.9029029029029029,0.9029029029029029,0.7507507507507507
USDCHF,後半,19,0.13513513513513514,0.18518518518518517,0.18518518518518517,0.15715715715715717,0.0890890890890891,0.11911911911911911,0.11911911911911911,0.11011011011011011,0.0890890890890891,0.11911911911911911,0.11911911911911911,0.11011011011011011
USDCAD,前半,0,0.1881881881881882,0.26626626626626626,0.26626626626626626,0.24924924924924924,0.11511511511511512,0.16416416416416416,0.16416416416416416,0.16116116116116116,0.0970970970970971,0.16416416416416416,0.16416416416416416,0.16116116116116116
USDCAD,前半,1,0.27627627627627627,0.35835835835835833,0.35835835835835833,0.2922922922922923,0.1971971971971972,0.25825825825825827,0.25825825825825827,0.22122122122122123,0.1971971971971972,0.25825825825825827,0.25825825825825827,0.22122122122122123
USDCAD,前半,2,0.3843843843843844,0.47847847847847846,0.4894894894894895,0.3733733733733734,0.2672672672672673,0.35135135135135137,0.35435435435435436,0.2752752752752753,0.2672672672672673,0.35135135135135137,0.35435435435435436,0.2752752752752753
USDCAD,前半,3,0.9629629629629629,0.943943943943944,0.943943943943944,0.8378378378378378,0.9269269269269269,0.9469469469469469,0.9469469469469469,0.8968968968968969,0.9269269269269269,0.9469469469469469,0.9469469469469469,0.8988988988988988
USDCAD,前半,4,0.8658658658658659,0.8648648648648649,0.8648648648648649,0.7897897897897898,0.7837837837837838,0.8418418418418419,0.8418418418418419,0.7897897897897898,0.7837837837837838,0.8418418418418419,0.8418418418418419,0.7897897897897898
USDCAD,前半,5,0.6756756756756757,0.7407407407407407,0.7427427427427428,0.6466466466466466,0.5515515515515516,0.6336336336336337,0.6396396396396397,0.5475475475475475,0.5515515515515516,0.6336336336336337,0.6396396396396397,0.5625625625625625
USDCAD,前半,6,0.6916916916916916,0.7667667667667668,0.7667667667667668,0.6816816816816816,0.5315315315315315,0.5955955955955956,0.5955955955955956,0.5325325325325325,0.5315315315315315,0.5955955955955956,0.5955955955955956,0.5375375375375375
USDCAD,前半,7,0.7117117117117117,0.7877877877877878,0.7877877877877878,0.7407407407407407,0.5775775775775776,0.6756756756756757,0.6756756756756757,0.6566566566566566,0.5775775775775776,0.6756756756756757,0.6756756756756757,0.6566566566566566
USDCAD,前半,8,0.9259259259259259,0.9529529529529529,0.9529529529529529,0.8658658658658659,0.8168168168168168,0.8788788788788788,0.8788788788788788,0.8038038038038038,0.8168168168168168,0.8788788788788788,0.8788788788788788,0.8098098098098098
USDCAD,前半,9,0.5025025025025025,0.5765765765765766,0.5785785785785785,0.4314314314314314,0.3783783783783784,0.44244244244244246,0.44344344344344344,0.34034034034034033,0.3783783783783784,0.44244244244244246,0.44344344344344344,0.34034034034034033
USDCAD,前半,10,0.9669669669669669,0.9569569569569569,0.9569569569569569,0.8848848848848849,0.9429429429429429,0.9569569569569569,0.9569569569569569,0.914914914914915,0.8758758758758759,0.9119119119119119,0.9119119119119119,0.8358358358358359
USDCAD,前半,11,0.8978978978978979,0.934934934934935,0.934934934934935,0.8118118118118118,0.8048048048048048,0.8568568568568569,0.8578578578578578,0.7527527527527528,0.8048048048048048,0.8568568568568569,0.8578578578578578,0.7647647647647647
USDCAD,前半,12,0.93993993993994,0.948948948948949,0.954954954954955,0.7697697697697697,0.8648648648648649,0.8948948948948949,0.9059059059059059,0.7317317317317318,0.8648648648648649,0.8948948948948949,0.9059059059059059,0.7347347347347347
USDCAD,前半,13,0.7517517517517518,0.8038038038038038,0.8038038038038038,0.7527527527527528,0.6626626626626627,0.7607607607607607,0.7607607607607607,0.7237237237237237,0.6186186186186187,0.6906906906906907,0.6906906906906907,0.6316316316316316
USDCAD,前半,14,0.5725725725725725,0.6496496496496497,0.6496496496496497,0.6116116116116116,0.5555555555555556,0.6346346346346347,0.6346346346346347,0.6116116116116116,0.33633633633633636,0.42742742742742745,0.42742742742742745,0.4004004004004004
USDCAD,前半,15,0.2912912912912913,0.3713713713713714,0.3713713713713714,0.3433433433433433,0.1781781781781782,0.24824824824824826,0.24824824824824826,0.23623623623623624,0.1781781781781782,0.24824824824824826,0.24824824824824826,0.23623623623623624
USDCAD,前半,16,0.8098098098098098,0.8548548548548549,0.8558558558558559,0.7347347347347347,0.7597597597597597,0.8118118118118118,0.8118118118118118,0.7207207207207207,0.7597597597597597,0.8118118118118118,0.8118118118118118,0.7207207207207207
USDCAD,前半,17,0.8828828828828829,0.8978978978978979,0.8978978978978979,0.7817817817817818,0.8728728728728729,0.9059059059059059,0.9059059059059059,0.8638638638638638,0.6866866866866866,0.7257257257257257,0.7257257257257257,0.6516516516516516
USDCAD,前半,18,0.6206206206206206,0.6946946946946947,0.6946946946946947,0.6226226226226226,0.44544544544544545,0.5185185185185185,0.5185185185185185,0.4744744744744745,0.44544544544544545,0.5185185185185185,0.5185185185185185,0.4754754754754755
USDCAD,前半,19,0.8508508508508509,0.8878878878878879,0.8878878878878879,0.7947947947947948,0.7437437437437437,0.8178178178178178,0.8178178178178178,0.7177177177177178,0.7437437437437437,0.8178178178178178,0.8178178178178178,0.7177177177177178
USDCAD,後半,0,0.983983983983984,0.982982982982983,0.982982982982983,0.8918918918918919,0.963963963963964,0.980980980980981,0.980980980980981,0.918918918918919,0.963963963963964,0.980980980980981,0.980980980980981,0.9219219219219219
USDCAD,後半,1,0.970970970970971,0.9669669669669669,0.9669669669669669,0.908908908908909,0.913913913913914,0.9409409409409409,0.9409409409409409,0.8728728728728729,0.7507507507507507,0.8198198198198198,0.8208208208208209,0.7197197197197197
USDCAD,後半,2,0.9469469469469469,0.958958958958959,0.958958958958959,0.8608608608608609,0.9329329329329329,0.94994994994995,0.94994994994995,0.8878878878878879,0.9329329329329329,0.94994994994995,0.94994994994995,0.8908908908908909
USDCAD,後半,3,0.4934934934934935,0.5735735735735735,0.5735735735735735,0.4774774774774775,0.3783783783783784,0.4744744744744745,0.4744744744744745,0.41041041041041043,0.3783783783783784,0.4744744744744745,0.4744744744744745,0.41041041041041043
USDCAD,後半,4,0.8388388388388388,0.8958958958958959,0.8958958958958959,0.8248248248248248,0.7667667667667668,0.8468468468468469,0.8468468468468469,0.7887887887887888,0.7517517517517518,0.8228228228228228,0.8228228228228228,0.7617617617617618
USDCAD,後半,5,0.968968968968969,0.9629629629629629,0.9629629629629629,0.923923923923924,0.9429429429429429,0.9619619619619619,0.9619619619619619,0.92992992992993,0.6616616616616616,0.7647647647647647,0.7647647647647647,0.6896896896896897
USDCAD,後半,6,0.8628628628628628,0.8958958958958959,0.8958958958958959,0.7797797797797797,0.7757757757757757,0.8308308308308309,0.8308308308308309,0.7027027027027027,0.7757757757757757,0.8308308308308309,0.8308308308308309,0.7087087087087087
USDCAD,後半,7,0.6566566566566566,0.7347347347347347,0.7347347347347347,0.5915915915915916,0.5325325325325325,0.6236236236236237,0.6236236236236237,0.4974974974974975,0.5325325325325325,0.6236236236236237,0.6236236236236237,0.4974974974974975
USDCAD,後半,8,0.9569569569569569,0.958958958958959,0.958958958958959,0.8568568568568569,0.933933933933934,0.958958958958959,0.958958958958959,0.8848848848848849,0.9329329329329329,0.954954954954955,0.954954954954955,0.8848848848848849
USDCAD,後半,9,0.23123123123123124,0.3213213213213213,0.3213213213213213,0.2962962962962963,0.15815815815815815,0.22122122122122123,0.22122122122122123,0.21421421421421422,0.15015015015015015,0.22122122122122123,0.22122122122122123,0.21421421421421422
USDCAD,後半,10,0.22622622622622623,0.2732732732732733,0.2862862862862863,0.15315315315315314,0.14714714714714713,0.17717717717717718,0.18118118118118118,0.1021021021021021,0.005005005005005005,0.005005005005005005,0.006006006006006006,0.002002002002002002
USDCAD,後半,11,0.7557557557557557,0.8348348348348348,0.8348348348348348,0.7217217217217218,0.6466466466466466,0.7577577577577578,0.7577577577577578,0.6626626626626627,0.09109109109109109,0.16716716716716717,0.16716716716716717,0.12012012012012012
USDCAD,後半,12,0.6576576576576577,0.7597597597597597,0.7597597597597597,0.6606606606606606,0.6156156156156156,0.7237237237237237,0.7237237237237237,0.6426426426426426,0.6156156156156156,0.7237237237237237,0.7237237237237237,0.6516516516516516
USDCAD,後半,13,0.963963963963964,0.9529529529529529,0.965965965965966,0.8468468468468469,0.9519519519519519,0.9529529529529529,0.95995995995996,0.8598598598598599,0.944944944944945,0.944944944944945,0.955955955955956,0.8468468468468469
USDCAD,後半,14,0.35935935935935936,0.4744744744744745,0.4744744744744745,0.45645645645645644,0.2652652652652653,0.34734734734734735,0.34734734734734735,0.3433433433433433,0.022022022022022022,0.03803803803803804,0.03803803803803804,0.035035035035035036
USDCAD,後半,15,0.985985985985986,0.982982982982983,0.984984984984985,0.8788788788788788,0.9769769769769769,0.984984984984985,0.984984984984985,0.9029029029029029,0.9769769769769769,0.984984984984985,0.984984984984985,0.9079079079079079
USDCAD,後半,16,0.4344344344344344,0.4904904904904905,0.4904904904904905,0.4644644644644645,0.3783783783783784,0.43543543543543545,0.43543543543543545,0.4174174174174174,0.11411411411411411,0.1991991991991992,0.1991991991991992,0.1921921921921922
USDCAD,後半,17,0.45345345345345345,0.5035035035035035,0.5085085085085085,0.3073073073073073,0.35035035035035034,0.4094094094094094,0.4134134134134134,0.25225225225225223,0.35035035035035034,0.4094094094094094,0.4134134134134134,0.25325325325325326
USDCAD,後半,18,0.8528528528528528,0.8978978978978979,0.8978978978978979,0.7827827827827828,0.6616616616616616,0.7407407407407407,0.7407407407407407,0.6116116116116116,0.6616616616616616,0.7407407407407407,0.7407407407407407,0.6176176176176176
USDCAD,後半,19,0.6906906906906907,0.7667667667667668,0.7667667667667668,0.7057057057057057,0.6196196196196196,0.7117117117117117,0.7117117117117117,0.6606606606606606,0.6196196196196196,0.7117117117117117,0.7117117117117117,0.6626626626626627
EURJPY,前半,0,0.23323323323323322,0.34934934934934936,0.35135135135135137,0.25125125125125125,0.12912912912912913,0.21121121121121122,0.21121121121121122,0.15015015015015015,0.12912912912912913,0.21121121121121122,0.21121121121121122,0.15115115115115116
EURJPY,前半,1,0.6206206206206206,0.7307307307307307,0.7307307307307307,0.6976976976976977,0.5355355355355356,0.6286286286286287,0.6286286286286287,0.6046046046046046,0.5355355355355356,0.6286286286286287,0.6286286286286287,0.6046046046046046
EURJPY,前半,2,0.09109109109109109,0.1091091091091091,0.1091091091091091,0.0890890890890891,0.057057057057057055,0.07307307307307308,0.07307307307307308,0.062062062062062065,0.057057057057057055,0.07307307307307308,0.07307307307307308,0.062062062062062065
EURJPY,前半,3,0.5155155155155156,0.5855855855855856,0.5855855855855856,0.5255255255255256,0.4794794794794795,0.5285285285285285,0.5285285285285285,0.4964964964964965,0.20520520520520522,0.25625625625625625,0.25625625625625625,0.22822822822822822
EURJPY,前半,4,0.5145145145145145,0.6056056056056056,0.6056056056056056,0.5795795795795796,0.3893893893893894,0.4774774774774775,0.4774774774774775,0.46046046046046046,0.3893893893893894,0.4774774774774775,0.4774774774774775,0.46046046046046046
EURJPY,前半,5,0.7807807807807807,0.8568568568568569,0.8618618618618619,0.7387387387387387,0.7427427427427428,0.8408408408408409,0.8418418418418419,0.7257257257257257,0.43043043043043044,0.5805805805805806,0.5815815815815816,0.43843843843843844
EURJPY,前半,6,0.992992992992993,0.992992992992993,0.992992992992993,0.9719719719719719,0.97997997997998,0.984984984984985,0.984984984984985,0.954954954954955,0.97997997997998,0.984984984984985,0.984984984984985,0.954954954954955
EURJPY,前半,7,0.43843843843843844,0.47147147147147145,0.5265265265265265,0.3283283283283283,0.34634634634634637,0.38038038038038036,0.42342342342342343,0.2782782782782783,0.34634634634634637,0.38038038038038036,0.42342342342342343,0.2782782782782783
EURJPY,前半,8,0.918918918918919,0.943943943943944,0.94994994994995,0.8368368368368369,0.8368368368368369,0.8788788788788788,0.8808808808808809,0.7837837837837838,0.8368368368368369,0.8788788788788788,0.8808808808808809,0.7837837837837838
EURJPY,前半,9,0.913913913913914,0.9479479479479479,0.9479479479479479,0.8878878878878879,0.8708708708708709,0.91991991991992,0.91991991991992,0.8788788788788788,0.7747747747747747,0.8478478478478478,0.8478478478478478,0.7847847847847848
EURJPY,前半,10,0.8958958958958959,0.934934934934935,0.9369369369369369,0.8718718718718719,0.7937937937937938,0.8328328328328328,0.8348348348348348,0.7527527527527528,0.7937937937937938,0.8328328328328328,0.8348348348348348,0.7547547547547547
EURJPY,前半,11,0.6806806806806807,0.7557557557557557,0.7557557557557557,0.6136136136136137,0.5375375375375375,0.6056056056056056,0.6056056056056056,0.5025025025025025,0.5375375375375375,0.6056056056056056,0.6056056056056056,0.5025025025025025
EURJPY,前半,12,0.2122122122122122,0.3173173173173173,0.3173173173173173,0.27927927927927926,0.13713713713713713,0.2022022022022022,0.2022022022022022,0.1891891891891892,0.13713713713713713,0.2022022022022022,0.2022022022022022,0.1891891891891892
EURJPY,前半,13,0.7167167167167167,0.7767767767767768,0.7767767767767768,0.7027027027027027,0.5895895895895896,0.6656656656656657,0.6656656656656657,0.6246246246246246,0.5895895895895896,0.6656656656656657,0.6656656656656657,0.6256256256256256
EURJPY,前半,14,0.986986986986987,0.98998998998999,0.98998998998999,0.9359359359359359,0.970970970970971,0.978978978978979,0.97997997997998,0.9319319319319319,0.970970970970971,0.978978978978979,0.97997997997998,0.9329329329329329
EURJPY,前半,15,0.7697697697697697,0.8408408408408409,0.8478478478478478,0.6266266266266266,0.6696696696696697,0.7517517517517518,0.7627627627627628,0.5495495495495496,0.6696696696696697,0.7517517517517518,0.7627627627627628,0.5495495495495496
EURJPY,前半,16,0.8148148148148148,0.8748748748748749,0.8748748748748749,0.6736736736736737,0.6926926926926927,0.7737737737737738,0.7767767767767768,0.6076076076076076,0.6926926926926927,0.7737737737737738,0.7767767767767768,0.6116116116116116
EURJPY,前半,17,1.0,1.0,1.0,1.0,1.0,1.0,1.0,1.0,1.0,1.0,1.0,1.0
EURJPY,前半,18,0.1021021021021021,0.16516516516516516,0.16516516516516516,0.16216216216216217,0.07507507507507508,0.13313313313313313,0.13313313313313313,0.12912912912912913,0.07507507507507508,0.13313313313313313,0.13313313313313313,0.12912912912912913
EURJPY,前半,19,0.6966966966966966,0.7627627627627628,0.7637637637637638,0.6496496496496497,0.6236236236236237,0.6846846846846847,0.6846846846846847,0.5945945945945946,0.6236236236236237,0.6846846846846847,0.6846846846846847,0.5945945945945946
EURJPY,後半,0,0.6036036036036037,0.5285285285285285,0.5395395395395396,0.3383383383383383,0.9319319319319319,0.9619619619619619,0.9619619619619619,0.8788788788788788,0.8558558558558559,0.9059059059059059,0.9069069069069069,0.7967967967967968
EURJPY,後半,1,0.2122122122122122,0.2042042042042042,0.2082082082082082,0.12512512512512514,0.3613613613613614,0.5005005005005005,0.5005005005005005,0.39039039039039036,0.3613613613613614,0.5005005005005005,0.5005005005005005,0.3923923923923924
EURJPY,後半,2,0.18018018018018017,0.12912912912912913,0.12912912912912913,0.10810810810810811,0.25325325325325326,0.3613613613613614,0.3613613613613614,0.3533533533533533,0.16816816816816818,0.24524524524524524,0.24524524524524524,0.23723723723723725
EURJPY,後半,3,0.5345345345345346,0.3943943943943944,0.4014014014014014,0.25825825825825827,0.7337337337337337,0.8398398398398398,0.8398398398398398,0.6666666666666666,0.7337337337337337,0.8398398398398398,0.8398398398398398,0.6766766766766766
EURJPY,後半,4,0.48348348348348347,0.4594594594594595,0.4974974974974975,0.3173173173173173,0.6196196196196196,0.7807807807807807,0.7807807807807807,0.6006006006006006,0.6196196196196196,0.7807807807807807,0.7807807807807807,0.6006006006006006
EURJPY,後半,5,0.4624624624624625,0.3003003003003003,0.30430430430430433,0.24024024024024024,0.7117117117117117,0.8108108108108109,0.8108108108108109,0.7667667667667668,0.3883883883883884,0.4944944944944945,0.4944944944944945,0.45645645645645644
EURJPY,後半,6,0.3923923923923924,0.2602602602602603,0.26226226226226224,0.1981981981981982,0.5975975975975976,0.7297297297297297,0.7297297297297297,0.6986986986986987,0.5975975975975976,0.7297297297297297,0.7297297297297297,0.7007007007007007
EURJPY,後半,7,0.32432432432432434,0.24024024024024024,0.24024024024024024,0.15315315315315314,0.3963963963963964,0.5465465465465466,0.5465465465465466,0.4754754754754755,0.2682682682682683,0.3563563563563564,0.3563563563563564,0.3053053053053053
EURJPY,後半,8,0.6786786786786787,0.5365365365365365,0.5575575575575575,0.3233233233233233,0.8838838838838838,0.9409409409409409,0.9409409409409409,0.8088088088088088,0.40540540540540543,0.5175175175175175,0.5175175175175175,0.29429429429429427
EURJPY,後半,9,0.22022022022022023,0.12512512512512514,0.13213213213213212,0.06106106106106106,0.13513513513513514,0.18518518518518517,0.18518518518518517,0.062062062062062065,0.13513513513513514,0.18518518518518517,0.18518518518518517,0.06706706706706707
EURJPY,後半,10,0.6316316316316316,0.4344344344344344,0.4824824824824825,0.22322322322322322,0.8038038038038038,0.8858858858858859,0.8938938938938938,0.5535535535535535,0.8038038038038038,0.8858858858858859,0.8938938938938938,0.5645645645645646
EURJPY,後半,11,0.5175175175175175,0.3843843843843844,0.3843843843843844,0.27927927927927926,0.7837837837837838,0.8718718718718719,0.8718718718718719,0.8118118118118118,0.7837837837837838,0.8718718718718719,0.8718718718718719,0.8138138138138138
EURJPY,後半,12,0.22922922922922923,0.19519519519519518,0.19519519519519518,0.15715715715715717,0.4954954954954955,0.6066066066066066,0.6066066066066066,0.5965965965965966,0.4954954954954955,0.6066066066066066,0.6066066066066066,0.5965965965965966
EURJPY,後半,13,0.1981981981981982,0.21421421421421422,0.21621621621621623,0.15715715715715717,0.3813813813813814,0.5055055055055055,0.5055055055055055,0.4294294294294294,0.3813813813813814,0.5055055055055055,0.5055055055055055,0.4294294294294294
EURJPY,後半,14,0.06106106106106106,0.04904904904904905,0.05005005005005005,0.04104104104104104,0.15015015015015015,0.22622622622622623,0.22622622622622623,0.1881881881881882,0.15015015015015015,0.22622622622622623,0.22622622622622623,0.19019019019019018
EURJPY,後半,15,0.5315315315315315,0.5425425425425425,0.5975975975975976,0.3233233233233233,0.8328328328328328,0.9029029029029029,0.9039039039039038,0.7737737737737738,0.8328328328328328,0.9029029029029029,0.9039039039039038,0.7777777777777778
EURJPY,後半,16,0.16316316316316315,0.13013013013013014,0.13013013013013014,0.0980980980980981,0.2172172172172172,0.34234234234234234,0.34234234234234234,0.2972972972972973,0.2172172172172172,0.34234234234234234,0.34234234234234234,0.2992992992992993
EURJPY,後半,17,0.19519519519519518,0.17317317317317318,0.17317317317317318,0.13413413413413414,0.33233233233233234,0.4824824824824825,0.4824824824824825,0.43743743743743746,0.33233233233233234,0.4824824824824825,0.4824824824824825,0.43743743743743746
EURJPY,後半,18,0.1021021021021021,0.0940940940940941,0.0940940940940941,0.07907907907907907,0.26126126126126126,0.35135135135135137,0.35135135135135137,0.3163163163163163,0.26126126126126126,0.35135135135135137,0.35135135135135137,0.3163163163163163
EURJPY,後半,19,0.4624624624624625,0.2862862862862863,0.2862862862862863,0.22322322322322322,0.4044044044044044,0.5565565565565566,0.5565565565565566,0.5315315315315315,0.4044044044044044,0.5565565565565566,0.5565565565565566,0.5325325325325325
GBPJPY,前半,0,0.7367367367367368,0.8298298298298298,0.8298298298298298,0.7577577577577578,0.6756756756756757,0.7807807807807807,0.7807807807807807,0.7257257257257257,0.6756756756756757,0.7807807807807807,0.7807807807807807,0.7257257257257257
GBPJPY,前半,1,0.23523523523523523,0.2972972972972973,0.2972972972972973,0.2652652652652653,0.18218218218218218,0.22522522522522523,0.22522522522522523,0.2072072072072072,0.1041041041041041,0.13513513513513514,0.13513513513513514,0.12712712712712712
GBPJPY,前半,2,0.7587587587587588,0.8048048048048048,0.8048048048048048,0.7047047047047047,0.6656656656656657,0.7187187187187187,0.7187187187187187,0.6436436436436437,0.6656656656656657,0.7187187187187187,0.7187187187187187,0.6466466466466466
GBPJPY,前半,3,0.3083083083083083,0.42042042042042044,0.42042042042042044,0.3613613613613614,0.24624624624624625,0.35935935935935936,0.35935935935935936,0.3133133133133133,0.0990990990990991,0.1961961961961962,0.1961961961961962,0.15715715715715717
GBPJPY,前半,4,0.991991991991992,0.991991991991992,0.991991991991992,0.9409409409409409,0.983983983983984,0.987987987987988,0.987987987987988,0.953953953953954,0.982982982982983,0.986986986986987,0.986986986986987,0.9529529529529529
GBPJPY,前半,5,0.953953953953954,0.960960960960961,0.965965965965966,0.7667667667667668,0.92992992992993,0.9459459459459459,0.9479479479479479,0.7477477477477478,0.92992992992993,0.9459459459459459,0.9479479479479479,0.7537537537537538
GBPJPY,前半,6,0.995995995995996,0.994994994994995,0.994994994994995,0.923923923923924,0.991991991991992,0.991991991991992,0.991991991991992,0.9369369369369369,0.991991991991992,0.991991991991992,0.991991991991992,0.93993993993994
GBPJPY,前半,7,0.7427427427427428,0.8228228228228228,0.8228228228228228,0.7097097097097097,0.6216216216216216,0.7337337337337337,0.7337337337337337,0.6596596596596597,0.6216216216216216,0.7337337337337337,0.7337337337337337,0.6596596596596597
GBPJPY,前半,8,0.8528528528528528,0.9099099099099099,0.9109109109109109,0.7997997997997998,0.7867867867867868,0.8708708708708709,0.8718718718718719,0.7757757757757757,0.7867867867867868,0.8708708708708709,0.8718718718718719,0.7757757757757757
GBPJPY,前半,9,0.8248248248248248,0.8648648648648649,0.8648648648648649,0.6926926926926927,0.7287287287287287,0.8028028028028028,0.8028028028028028,0.6336336336336337,0.7287287287287287,0.8028028028028028,0.8028028028028028,0.6336336336336337
GBPJPY,前半,10,0.7467467467467468,0.8088088088088088,0.8088088088088088,0.7137137137137137,0.6506506506506506,0.7337337337337337,0.7337337337337337,0.6486486486486487,0.6506506506506506,0.7337337337337337,0.7337337337337337,0.6486486486486487
GBPJPY,前半,11,0.5085085085085085,0.6036036036036037,0.6036036036036037,0.5575575575575575,0.33633633633633636,0.4004004004004004,0.4004004004004004,0.36436436436436437,0.33633633633633636,0.4004004004004004,0.4004004004004004,0.36936936936936937
GBPJPY,前半,12,0.46646646646646645,0.5725725725725725,0.5725725725725725,0.5515515515515516,0.33933933933933935,0.4544544544544545,0.4544544544544545,0.43843843843843844,0.33933933933933935,0.4544544544544545,0.4544544544544545,0.43843843843843844
GBPJPY,前半,13,0.37037037037037035,0.4574574574574575,0.4574574574574575,0.3953953953953954,0.27427427427427425,0.35035035035035034,0.35035035035035034,0.3233233233233233,0.11311311311311312,0.17517517517517517,0.17517517517517517,0.15615615615615616
GBPJPY,前半,14,0.985985985985986,0.988988988988989,0.988988988988989,0.9369369369369369,0.9669669669669669,0.9769769769769769,0.9769769769769769,0.9359359359359359,0.9669669669669669,0.9769769769769769,0.9769769769769769,0.9379379379379379
GBPJPY,前半,15,0.08108108108108109,0.13013013013013014,0.13013013013013014,0.12012012012012012,0.042042042042042045,0.06506506506506507,0.06506506506506507,0.06006006006006006,0.042042042042042045,0.06506506506506507,0.06506506506506507,0.06006006006006006
GBPJPY,前半,16,0.7977977977977978,0.8468468468468469,0.8508508508508509,0.7007007007007007,0.7307307307307307,0.8028028028028028,0.8038038038038038,0.6676676676676677,0.7307307307307307,0.8028028028028028,0.8038038038038038,0.6676676676676677
GBPJPY,前半,17,0.955955955955956,0.96996996996997,0.96996996996997,0.8878878878878879,0.9049049049049049,0.933933933933934,0.933933933933934,0.8478478478478478,0.9049049049049049,0.933933933933934,0.933933933933934,0.8538538538538538
GBPJPY,前半,18,1.0,1.0,1.0,0.94994994994995,0.995995995995996,0.997997997997998,0.997997997997998,0.960960960960961,0.995995995995996,0.997997997997998,0.997997997997998,0.960960960960961
GBPJPY,前半,19,0.6516516516516516,0.7467467467467468,0.7557557557557557,0.5345345345345346,0.5555555555555556,0.6676676676676677,0.6766766766766766,0.4954954954954955,0.5555555555555556,0.6676676676676677,0.6766766766766766,0.4954954954954955
GBPJPY,後半,0,0.5845845845845846,0.4974974974974975,0.4984984984984985,0.37237237237237236,0.7447447447447447,0.8328328328328328,0.8328328328328328,0.7867867867867868,0.7327327327327328,0.8198198198198198,0.8198198198198198,0.7737737737737738
GBPJPY,後半,1,0.044044044044044044,0.043043043043043044,0.043043043043043044,0.04104104104104104,0.03203203203203203,0.03903903903903904,0.03903903903903904,0.03903903903903904,0.03203203203203203,0.03903903903903904,0.03903903903903904,0.03903903903903904
GBPJPY,後半,2,0.6796796796796797,0.5925925925925926,0.6066066066066066,0.4004004004004004,0.8918918918918919,0.9309309309309309,0.9329329329329329,0.8088088088088088,0.8918918918918919,0.9309309309309309,0.9329329329329329,0.8108108108108109
GBPJPY,後半,3,0.6926926926926927,0.5845845845845846,0.5915915915915916,0.4004004004004004,0.8088088088088088,0.8788788788788788,0.8788788788788788,0.8148148148148148,0.38038038038038036,0.48848848848848847,0.48848848848848847,0.3683683683683684
GBPJPY,後半,4,0.13213213213213212,0.14614614614614616,0.14914914914914915,0.10810810810810811,0.14214214214214213,0.22022022022022023,0.22022022022022023,0.16716716716716717,0.14214214214214213,0.22022022022022023,0.22022022022022023,0.16716716716716717
GBPJPY,後半,5,0.34434434434434436,0.2852852852852853,0.2862862862862863,0.2092092092092092,0.35135135135135137,0.5195195195195195,0.5195195195195195,0.44344344344344344,0.2952952952952953,0.33633633633633636,0.33633633633633636,0.26626626626626626
GBPJPY,後半,6,0.18618618618618618,0.23023023023023023,0.23023023023023023,0.2042042042042042,0.22522522522522523,0.2772772772772773,0.2772772772772773,0.2752752752752753,0.22522522522522523,0.2772772772772773,0.2772772772772773,0.2752752752752753
GBPJPY,後半,7,0.3083083083083083,0.34134134134134136,0.34134134134134136,0.2952952952952953,0.3253253253253253,0.47647647647647645,0.47647647647647645,0.45345345345345345,0.3253253253253253,0.47647647647647645,0.47647647647647645,0.45345345345345345
GBPJPY,後半,8,0.7577577577577578,0.7187187187187187,0.7197197197197197,0.5095095095095095,0.918918918918919,0.954954954954955,0.954954954954955,0.8698698698698699,0.918918918918919,0.954954954954955,0.954954954954955,0.8708708708708709
GBPJPY,後半,9,0.8528528528528528,0.8408408408408409,0.8438438438438438,0.6486486486486487,0.990990990990991,0.992992992992993,0.992992992992993,0.985985985985986,0.990990990990991,0.992992992992993,0.992992992992993,0.985985985985986
GBPJPY,後半,10,0.06506506506506507,0.08808808808808809,0.09109109109109109,0.07207207207207207,0.0970970970970971,0.14814814814814814,0.14814814814814814,0.12212212212212212,0.0970970970970971,0.14814814814814814,0.14814814814814814,0.12212212212212212
GBPJPY,後半,11,0.3663663663663664,0.33133133133133136,0.33233233233233234,0.27627627627627627,0.5525525525525525,0.6676676676676677,0.6676676676676677,0.5865865865865866,0.5525525525525525,0.6676676676676677,0.6676676676676677,0.5865865865865866
GBPJPY,後半,12,0.3743743743743744,0.2982982982982983,0.3003003003003003,0.23623623623623624,0.44644644644644643,0.5645645645645646,0.5645645645645646,0.5365365365365365,0.44644644644644643,0.5645645645645646,0.5645645645645646,0.5365365365365365
GBPJPY,後半,13,0.07007007007007007,0.11511511511511512,0.11511511511511512,0.0920920920920921,0.08008008008008008,0.13013013013013014,0.13013013013013014,0.11611611611611612,0.08008008008008008,0.13013013013013014,0.13013013013013014,0.11611611611611612
GBPJPY,後半,14,0.7507507507507507,0.6666666666666666,0.6786786786786787,0.44544544544544545,0.8708708708708709,0.9219219219219219,0.9219219219219219,0.8298298298298298,0.8708708708708709,0.9219219219219219,0.9219219219219219,0.8308308308308309
GBPJPY,後半,15,0.0980980980980981,0.08508508508508508,0.08508508508508508,0.08008008008008008,0.12412412412412413,0.17917917917917917,0.17917917917917917,0.17917917917917917,0.12412412412412413,0.17917917917917917,0.17917917917917917,0.17917917917917917
GBPJPY,後半,16,0.5765765765765766,0.45345345345345345,0.45345345345345345,0.34234234234234234,0.6166166166166166,0.7377377377377378,0.7377377377377378,0.6636636636636637,0.6166166166166166,0.7377377377377378,0.7377377377377378,0.6656656656656657
GBPJPY,後半,17,0.6766766766766766,0.5645645645645646,0.5655655655655656,0.4174174174174174,0.8158158158158159,0.8768768768768769,0.8768768768768769,0.7887887887887888,0.7687687687687688,0.8298298298298298,0.8298298298298298,0.7457457457457457
GBPJPY,後半,18,0.7817817817817818,0.6886886886886887,0.7087087087087087,0.44244244244244246,0.9669669669669669,0.974974974974975,0.974974974974975,0.9009009009009009,0.9669669669669669,0.974974974974975,0.974974974974975,0.9009009009009009
GBPJPY,後半,19,0.6726726726726727,0.5665665665665666,0.5665665665665666,0.45545545545545546,0.8068068068068068,0.8738738738738738,0.8738738738738738,0.8268268268268268,0.8068068068068068,0.8738738738738738,0.8738738738738738,0.8298298298298298
XAUUSD,前半,0,0.38538538538538536,0.5105105105105106,0.5145145145145145,0.4124124124124124,0.2552552552552553,0.37537537537537535,0.37537537537537535,0.3013013013013013,0.2552552552552553,0.37537537537537535,0.37537537537537535,0.3013013013013013
XAUUSD,前半,1,0.9259259259259259,0.914914914914915,0.9209209209209209,0.7397397397397397,0.8128128128128128,0.8958958958958959,0.8968968968968969,0.7757757757757757,0.6106106106106106,0.7257257257257257,0.7287287287287287,0.5505505505505506
XAUUSD,前半,2,0.17617617617617617,0.22922922922922923,0.22922922922922923,0.1991991991991992,0.12712712712712712,0.17317317317317318,0.17317317317317318,0.15715715715715717,0.12712712712712712,0.17317317317317318,0.17317317317317318,0.15715715715715717
XAUUSD,前半,3,0.014014014014014014,0.023023023023023025,0.023023023023023025,0.022022022022022022,0.011011011011011011,0.014014014014014014,0.014014014014014014,0.014014014014014014,0.011011011011011011,0.014014014014014014,0.014014014014014014,0.014014014014014014
XAUUSD,前半,4,0.7227227227227228,0.7587587587587588,0.7707707707707707,0.5965965965965966,0.5495495495495496,0.5925925925925926,0.5925925925925926,0.4844844844844845,0.5495495495495496,0.5925925925925926,0.5925925925925926,0.4844844844844845
XAUUSD,前半,5,0.8418418418418419,0.8598598598598599,0.8598598598598599,0.7927927927927928,0.7997997997997998,0.8548548548548549,0.8548548548548549,0.8288288288288288,0.7997997997997998,0.8548548548548549,0.8548548548548549,0.8288288288288288
XAUUSD,前半,6,0.7727727727727728,0.8198198198198198,0.8198198198198198,0.7507507507507507,0.6916916916916916,0.7877877877877878,0.7877877877877878,0.7567567567567568,0.6916916916916916,0.7877877877877878,0.7877877877877878,0.7577577577577578
XAUUSD,前半,7,0.056056056056056056,0.08708708708708708,0.08708708708708708,0.07807807807807808,0.028028028028028028,0.04704704704704705,0.04704704704704705,0.04604604604604605,0.028028028028028028,0.04704704704704705,0.04704704704704705,0.04604604604604605
XAUUSD,前半,8,0.7667667667667668,0.7567567567567568,0.7567567567567568,0.6286286286286287,0.7067067067067067,0.7777777777777778,0.7777777777777778,0.7017017017017017,0.7067067067067067,0.7777777777777778,0.7777777777777778,0.7047047047047047
XAUUSD,前半,9,0.043043043043043044,0.06506506506506507,0.06506506506506507,0.06106106106106106,0.028028028028028028,0.04504504504504504,0.04504504504504504,0.04504504504504504,0.007007007007007007,0.023023023023023025,0.023023023023023025,0.022022022022022022
XAUUSD,前半,10,0.8858858858858859,0.8768768768768769,0.8768768768768769,0.8158158158158159,0.8018018018018018,0.8608608608608609,0.8608608608608609,0.8328328328328328,0.8018018018018018,0.8608608608608609,0.8608608608608609,0.8328328328328328
XAUUSD,前半,11,0.25625625625625625,0.36536536536536535,0.36536536536536535,0.3303303303303303,0.14414414414414414,0.2172172172172172,0.2172172172172172,0.21021021021021022,0.14414414414414414,0.2172172172172172,0.2172172172172172,0.21021021021021022
XAUUSD,前半,12,0.4134134134134134,0.5475475475475475,0.5475475475475475,0.4944944944944945,0.2832832832832833,0.4034034034034034,0.4034034034034034,0.38238238238238237,0.2832832832832833,0.4034034034034034,0.4034034034034034,0.38238238238238237
XAUUSD,前半,13,0.3613613613613614,0.47847847847847846,0.47847847847847846,0.45145145145145144,0.1921921921921922,0.2852852852852853,0.2852852852852853,0.2802802802802803,0.1921921921921922,0.2852852852852853,0.2852852852852853,0.2802802802802803
XAUUSD,前半,14,0.9679679679679679,0.954954954954955,0.954954954954955,0.8018018018018018,0.9679679679679679,0.977977977977978,0.977977977977978,0.91991991991992,0.9679679679679679,0.977977977977978,0.977977977977978,0.9219219219219219
XAUUSD,前半,15,0.07007007007007007,0.06506506506506507,0.06506506506506507,0.062062062062062065,0.02702702702702703,0.021021021021021023,0.021021021021021023,0.021021021021021023,0.018018018018018018,0.021021021021021023,0.021021021021021023,0.021021021021021023
XAUUSD,前半,16,0.7347347347347347,0.8178178178178178,0.8178178178178178,0.7237237237237237,0.6676676676676677,0.7807807807807807,0.7807807807807807,0.7257257257257257,0.6676676676676677,0.7807807807807807,0.7807807807807807,0.7257257257257257
XAUUSD,前半,17,0.970970970970971,0.972972972972973,0.978978978978979,0.8738738738738738,0.965965965965966,0.988988988988989,0.988988988988989,0.944944944944945,0.928928928928929,0.965965965965966,0.965965965965966,0.8928928928928929
XAUUSD,前半,18,0.8788788788788788,0.8508508508508509,0.8508508508508509,0.7627627627627628,0.8038038038038038,0.8498498498498499,0.8498498498498499,0.8068068068068068,0.8038038038038038,0.8498498498498499,0.8498498498498499,0.8068068068068068
XAUUSD,前半,19,0.980980980980981,0.972972972972973,0.975975975975976,0.7987987987987988,0.994994994994995,0.996996996996997,0.996996996996997,0.95995995995996,0.994994994994995,0.996996996996997,0.996996996996997,0.95995995995996
XAUUSD,後半,0,0.12212212212212212,0.02702702702702703,0.02902902902902903,0.016016016016016016,0.8788788788788788,0.918918918918919,0.918918918918919,0.8788788788788788,0.8788788788788788,0.918918918918919,0.918918918918919,0.8788788788788788
XAUUSD,後半,1,0.14414414414414414,0.062062062062062065,0.06406406406406406,0.04004004004004004,0.8128128128128128,0.8748748748748749,0.8748748748748749,0.8498498498498499,0.8128128128128128,0.8748748748748749,0.8748748748748749,0.8498498498498499
XAUUSD,後半,2,0.11211211211211211,0.08508508508508508,0.0960960960960961,0.04104104104104104,0.5305305305305306,0.7167167167167167,0.7167167167167167,0.6426426426426426,0.5305305305305306,0.7167167167167167,0.7167167167167167,0.6456456456456456
XAUUSD,後半,3,0.13913913913913914,0.043043043043043044,0.057057057057057055,0.03003003003003003,0.8568568568568569,0.9159159159159159,0.9169169169169169,0.8218218218218218,0.8568568568568569,0.9169169169169169,0.9169169169169169,0.8218218218218218
XAUUSD,後半,4,0.16516516516516516,0.07607607607607608,0.09109109109109109,0.05005005005005005,0.5135135135135135,0.6986986986986987,0.6986986986986987,0.6006006006006006,0.5135135135135135,0.6986986986986987,0.6986986986986987,0.6006006006006006
XAUUSD,後半,5,0.06706706706706707,0.018018018018018018,0.01901901901901902,0.014014014014014014,0.3973973973973974,0.5575575575575575,0.5575575575575575,0.5115115115115115,0.3973973973973974,0.5575575575575575,0.5575575575575575,0.5115115115115115
XAUUSD,後半,6,0.2702702702702703,0.1871871871871872,0.2042042042042042,0.12512512512512514,0.958958958958959,0.977977977977978,0.977977977977978,0.9379379379379379,0.8548548548548549,0.9329329329329329,0.9329329329329329,0.8338338338338338
XAUUSD,後半,7,0.04904904904904905,0.003003003003003003,0.004004004004004004,0.001001001001001001,0.17417417417417416,0.2502502502502503,0.2502502502502503,0.21521521521521522,0.17417417417417416,0.2502502502502503,0.2502502502502503,0.21521521521521522
XAUUSD,後半,8,0.21521521521521522,0.08608608608608609,0.11311311311311312,0.05005005005005005,0.6316316316316316,0.7767767767767768,0.7787787787787788,0.6406406406406406,0.6316316316316316,0.7767767767767768,0.7787787787787788,0.6446446446446447
XAUUSD,後半,9,0.1031031031031031,0.05805805805805806,0.06106106106106106,0.04004004004004004,0.5385385385385385,0.6476476476476476,0.6496496496496497,0.5965965965965966,0.5385385385385385,0.6476476476476476,0.6496496496496497,0.5965965965965966
XAUUSD,後半,10,0.1031031031031031,0.07807807807807808,0.11211211211211211,0.04904904904904905,0.7977977977977978,0.8988988988988988,0.8988988988988988,0.7547547547547547,0.7977977977977978,0.8988988988988988,0.8988988988988988,0.7587587587587588
XAUUSD,後半,11,0.06506506506506507,0.013013013013013013,0.013013013013013013,0.009009009009009009,0.4344344344344344,0.5505505505505506,0.5505505505505506,0.5065065065065065,0.4344344344344344,0.5505505505505506,0.5505505505505506,0.5095095095095095
XAUUSD,後半,12,0.023023023023023025,0.005005005005005005,0.005005005005005005,0.002002002002002002,0.07607607607607608,0.12612612612612611,0.12612612612612611,0.1111111111111111,0.07607607607607608,0.12612612612612611,0.12612612612612611,0.1111111111111111
XAUUSD,後半,13,0.06106106106106106,0.028028028028028028,0.028028028028028028,0.021021021021021023,0.3203203203203203,0.4034034034034034,0.4034034034034034,0.3993993993993994,0.3203203203203203,0.4034034034034034,0.4034034034034034,0.3993993993993994
XAUUSD,後半,14,0.06706706706706707,0.012012012012012012,0.012012012012012012,0.01001001001001001,0.0980980980980981,0.16716716716716717,0.16716716716716717,0.15615615615615616,0.0980980980980981,0.16716716716716717,0.16716716716716717,0.15615615615615616
XAUUSD,後半,15,0.12412412412412413,0.07307307307307308,0.08508508508508508,0.03303303303303303,0.8678678678678678,0.9309309309309309,0.9309309309309309,0.8748748748748749,0.8678678678678678,0.9309309309309309,0.9309309309309309,0.8748748748748749
XAUUSD,後半,16,0.05405405405405406,0.013013013013013013,0.014014014014014014,0.009009009009009009,0.7127127127127127,0.7967967967967968,0.7967967967967968,0.7587587587587588,0.7127127127127127,0.7967967967967968,0.7967967967967968,0.7587587587587588
XAUUSD,後半,17,0.23723723723723725,0.19019019019019018,0.2602602602602603,0.1091091091091091,0.950950950950951,0.97997997997998,0.97997997997998,0.938938938938939,0.950950950950951,0.97997997997998,0.97997997997998,0.93993993993994
XAUUSD,後半,18,0.08308308308308308,0.1021021021021021,0.12512512512512514,0.05405405405405406,0.7847847847847848,0.6176176176176176,0.6286286286286287,0.45545545545545546,0.7847847847847848,0.6176176176176176,0.6286286286286287,0.46046046046046046
XAUUSD,後半,19,0.12212212212212212,0.07707707707707707,0.0980980980980981,0.05005005005005005,0.7797797797797797,0.8838838838838838,0.8858858858858859,0.7907907907907908,0.7797797797797797,0.8838838838838838,0.8858858858858859,0.7967967967967968
XAGUSD,前半,0,0.41541541541541543,0.5025025025025025,0.5025025025025025,0.4244244244244244,0.23923923923923923,0.30930930930930933,0.30930930930930933,0.2912912912912913,0.23923923923923923,0.30930930930930933,0.30930930930930933,0.2912912912912913
XAGUSD,前半,1,0.8708708708708709,0.8758758758758759,0.8758758758758759,0.7277277277277278,0.5905905905905906,0.7177177177177178,0.7177177177177178,0.6676676676676677,0.5905905905905906,0.7177177177177178,0.7177177177177178,0.6676676676676677
XAGUSD,前半,2,0.98998998998999,0.987987987987988,0.98998998998999,0.8178178178178178,0.9769769769769769,0.985985985985986,0.985985985985986,0.9219219219219219,0.9769769769769769,0.985985985985986,0.985985985985986,0.9219219219219219
XAGUSD,前半,3,0.998998998998999,0.996996996996997,0.997997997997998,0.9069069069069069,0.958958958958959,0.978978978978979,0.978978978978979,0.9109109109109109,0.958958958958959,0.978978978978979,0.978978978978979,0.9109109109109109
XAGUSD,前半,4,0.8848848848848849,0.8718718718718719,0.8828828828828829,0.6176176176176176,0.3163163163163163,0.4164164164164164,0.42242242242242245,0.25825825825825827,0.3163163163163163,0.4164164164164164,0.42242242242242245,0.25825825825825827
XAGUSD,前半,5,0.3013013013013013,0.35435435435435436,0.36436436436436437,0.24824824824824826,0.11311311311311312,0.14614614614614616,0.14614614614614616,0.12312312312312312,0.11311311311311312,0.14614614614614616,0.14614614614614616,0.12312312312312312
XAGUSD,前半,6,0.973973973973974,0.9459459459459459,0.950950950950951,0.8348348348348348,0.8178178178178178,0.8688688688688688,0.8718718718718719,0.7787787787787788,0.7097097097097097,0.7927927927927928,0.7947947947947948,0.6736736736736737
XAGUSD,前半,7,0.5675675675675675,0.6366366366366366,0.6366366366366366,0.5985985985985987,0.33233233233233234,0.4184184184184184,0.4184184184184184,0.4014014014014014,0.33233233233233234,0.4184184184184184,0.4184184184184184,0.4044044044044044
XAGUSD,前半,8,0.914914914914915,0.914914914914915,0.9159159159159159,0.8108108108108109,0.7077077077077077,0.7937937937937938,0.7937937937937938,0.7557557557557557,0.7077077077077077,0.7937937937937938,0.7937937937937938,0.7557557557557557
XAGUSD,前半,9,0.7537537537537538,0.7927927927927928,0.8018018018018018,0.7437437437437437,0.5395395395395396,0.6376376376376376,0.6376376376376376,0.6116116116116116,0.5395395395395396,0.6376376376376376,0.6376376376376376,0.6116116116116116
XAGUSD,前半,10,0.16816816816816818,0.2022022022022022,0.2122122122122122,0.16716716716716717,0.04504504504504504,0.06806806806806807,0.06806806806806807,0.05105105105105105,0.04504504504504504,0.06806806806806807,0.06806806806806807,0.05105105105105105
XAGUSD,前半,11,0.5625625625625625,0.6056056056056056,0.6056056056056056,0.5365365365365365,0.2902902902902903,0.4194194194194194,0.4194194194194194,0.3973973973973974,0.2902902902902903,0.4194194194194194,0.4194194194194194,0.3973973973973974
XAGUSD,前半,12,0.6666666666666666,0.7387387387387387,0.7387387387387387,0.7157157157157157,0.3053053053053053,0.4004004004004004,0.4004004004004004,0.38738738738738737,0.3053053053053053,0.4004004004004004,0.4004004004004004,0.38738738738738737
XAGUSD,前半,13,0.2862862862862863,0.39039039039039036,0.39039039039039036,0.31931931931931934,0.1041041041041041,0.15815815815815815,0.15815815815815815,0.15415415415415415,0.1041041041041041,0.15815815815815815,0.15815815815815815,0.15415415415415415
XAGUSD,前半,14,0.987987987987988,0.985985985985986,0.990990990990991,0.7997997997997998,0.97997997997998,0.986986986986987,0.986986986986987,0.9069069069069069,0.97997997997998,0.986986986986987,0.986986986986987,0.9069069069069069
XAGUSD,前半,15,0.8068068068068068,0.8308308308308309,0.8308308308308309,0.7477477477477478,0.22922922922922923,0.3173173173173173,0.3173173173173173,0.2922922922922923,0.22922922922922923,0.3173173173173173,0.3173173173173173,0.2922922922922923
XAGUSD,前半,16,0.6656656656656657,0.7077077077077077,0.7097097097097097,0.5515515515515516,0.3683683683683684,0.4794794794794795,0.4794794794794795,0.42342342342342343,0.3683683683683684,0.4794794794794795,0.4794794794794795,0.42342342342342343
XAGUSD,前半,17,0.3333333333333333,0.40540540540540543,0.40540540540540543,0.35235235235235235,0.17217217217217218,0.22722722722722724,0.22722722722722724,0.21921921921921922,0.17217217217217218,0.22722722722722724,0.22722722722722724,0.21921921921921922
XAGUSD,前半,18,0.5195195195195195,0.5655655655655656,0.5655655655655656,0.4594594594594595,0.27427427427427425,0.3133133133133133,0.3133133133133133,0.27427427427427425,0.27427427427427425,0.3133133133133133,0.3133133133133133,0.27427427427427425
XAGUSD,前半,19,0.7247247247247247,0.7687687687687688,0.7747747747747747,0.6296296296296297,0.2702702702702703,0.35235235235235235,0.3563563563563564,0.26326326326326327,0.2702702702702703,0.35235235235235235,0.3563563563563564,0.26326326326326327
XAGUSD,後半,0,0.8428428428428428,0.7877877877877878,0.8238238238238238,0.5275275275275275,1.0,1.0,1.0,0.977977977977978,1.0,1.0,1.0,0.978978978978979
XAGUSD,後半,1,0.21521521521521522,0.11411411411411411,0.12012012012012012,0.08308308308308308,0.2182182182182182,0.3023023023023023,0.3023023023023023,0.2602602602602603,0.2182182182182182,0.3023023023023023,0.3023023023023023,0.2602602602602603
XAGUSD,後半,2,0.1881881881881882,0.18618618618618618,0.1871871871871872,0.15615615615615616,0.25125125125125125,0.3263263263263263,0.3263263263263263,0.3113113113113113,0.25125125125125125,0.3263263263263263,0.3263263263263263,0.3113113113113113
XAGUSD,後半,3,0.3953953953953954,0.24724724724724725,0.25425425425425424,0.18618618618618618,0.38738738738738737,0.5585585585585585,0.5585585585585585,0.5195195195195195,0.38738738738738737,0.5585585585585585,0.5585585585585585,0.5195195195195195
XAGUSD,後半,4,0.6296296296296297,0.5835835835835835,0.5845845845845846,0.44244244244244246,0.8628628628628628,0.9099099099099099,0.9099099099099099,0.8898898898898899,0.8628628628628628,0.9099099099099099,0.9099099099099099,0.8898898898898899
XAGUSD,後半,5,0.7167167167167167,0.7307307307307307,0.7517517517517518,0.48148148148148145,0.8958958958958959,0.934934934934935,0.934934934934935,0.8318318318318318,0.8958958958958959,0.934934934934935,0.934934934934935,0.8358358358358359
XAGUSD,後半,6,0.08008008008008008,0.08408408408408409,0.08408408408408409,0.062062062062062065,0.10810810810810811,0.1891891891891892,0.1891891891891892,0.18118118118118118,0.10810810810810811,0.1891891891891892,0.1891891891891892,0.18118118118118118
XAGUSD,後半,7,0.3883883883883884,0.24024024024024024,0.24424424424424424,0.15515515515515516,0.5785785785785785,0.6766766766766766,0.6766766766766766,0.6116116116116116,0.5785785785785785,0.6766766766766766,0.6766766766766766,0.6146146146146146
XAGUSD,後半,8,0.5055055055055055,0.42242242242242245,0.44744744744744747,0.25625625625625625,0.7037037037037037,0.8198198198198198,0.8228228228228228,0.7107107107107107,0.7037037037037037,0.8198198198198198,0.8228228228228228,0.7127127127127127
XAGUSD,後半,9,0.22422422422422422,0.18018018018018017,0.1881881881881882,0.13313313313313313,0.29429429429429427,0.3953953953953954,0.3953953953953954,0.3433433433433433,0.29429429429429427,0.3953953953953954,0.3953953953953954,0.3433433433433433
XAGUSD,後半,10,0.6926926926926927,0.4184184184184184,0.4264264264264264,0.3003003003003003,0.914914914914915,0.9319319319319319,0.9319319319319319,0.8728728728728729,0.914914914914915,0.9319319319319319,0.9319319319319319,0.8738738738738738
XAGUSD,後半,11,0.5945945945945946,0.5575575575575575,0.5625625625625625,0.4014014014014014,0.8618618618618619,0.9169169169169169,0.9169169169169169,0.8918918918918919,0.8618618618618619,0.9169169169169169,0.9169169169169169,0.8918918918918919
XAGUSD,後半,12,0.24824824824824826,0.08808808808808809,0.10510510510510511,0.043043043043043044,0.25625625625625625,0.31931931931931934,0.31931931931931934,0.16916916916916916,0.25625625625625625,0.31931931931931934,0.31931931931931934,0.17317317317317318
XAGUSD,後半,13,0.4624624624624625,0.2852852852852853,0.2872872872872873,0.1991991991991992,0.5735735735735735,0.6826826826826827,0.6826826826826827,0.6166166166166166,0.5735735735735735,0.6826826826826827,0.6826826826826827,0.6216216216216216
XAGUSD,後半,14,0.47147147147147145,0.4394394394394394,0.46346346346346345,0.25425425425425424,0.6966966966966966,0.7807807807807807,0.7807807807807807,0.5895895895895896,0.6966966966966966,0.7807807807807807,0.7807807807807807,0.5945945945945946
XAGUSD,後半,15,0.46146146146146144,0.3123123123123123,0.31431431431431434,0.21121121121121122,0.6266266266266266,0.7337337337337337,0.7337337337337337,0.6726726726726727,0.6266266266266266,0.7337337337337337,0.7337337337337337,0.6736736736736737
XAGUSD,後半,16,0.5245245245245245,0.5375375375375375,0.5645645645645646,0.3163163163163163,0.8248248248248248,0.8608608608608609,0.8628628628628628,0.7557557557557557,0.8248248248248248,0.8608608608608609,0.8628628628628628,0.7557557557557557
XAGUSD,後半,17,0.25125125125125125,0.16816816816816818,0.17117117117117117,0.11611611611611612,0.2502502502502503,0.27127127127127126,0.27127127127127126,0.24224224224224225,0.2502502502502503,0.27127127127127126,0.27127127127127126,0.24224224224224225
XAGUSD,後半,18,0.05805805805805806,0.024024024024024024,0.024024024024024024,0.021021021021021023,0.023023023023023025,0.03803803803803804,0.03803803803803804,0.03203203203203203,0.023023023023023025,0.03803803803803804,0.03803803803803804,0.03303303303303303
XAGUSD,後半,19,0.43343343343343343,0.2932932932932933,0.3123123123123123,0.1921921921921922,0.5535535535535535,0.6466466466466466,0.6466466466466466,0.5215215215215215,0.5535535535535535,0.6466466466466466,0.6466466466466466,0.5225225225225225
WTI,前半,0,0.3163163163163163,0.44144144144144143,0.44144144144144143,0.4174174174174174,0.13713713713713713,0.22422422422422422,0.22422422422422422,0.2182182182182182,0.13713713713713713,0.22422422422422422,0.22422422422422422,0.2182182182182182
WTI,前半,1,0.980980980980981,0.978978978978979,0.980980980980981,0.9219219219219219,0.960960960960961,0.974974974974975,0.974974974974975,0.93993993993994,0.960960960960961,0.974974974974975,0.974974974974975,0.9409409409409409
WTI,前半,2,0.8178178178178178,0.8648648648648649,0.8648648648648649,0.7547547547547547,0.6446446446446447,0.7137137137137137,0.7137137137137137,0.6236236236236237,0.6446446446446447,0.7137137137137137,0.7137137137137137,0.6246246246246246
WTI,前半,3,0.6716716716716716,0.7537537537537538,0.7537537537537538,0.6206206206206206,0.6626626626626627,0.7437437437437437,0.7437437437437437,0.6596596596596597,0.6626626626626627,0.7437437437437437,0.7437437437437437,0.6596596596596597
WTI,前半,4,0.42042042042042044,0.5185185185185185,0.5185185185185185,0.4494494494494494,0.2682682682682683,0.34434434434434436,0.34434434434434436,0.32432432432432434,0.2682682682682683,0.34434434434434436,0.34434434434434436,0.32432432432432434
WTI,前半,5,0.8218218218218218,0.8568568568568569,0.8878878878878879,0.7267267267267268,0.6716716716716716,0.7757757757757757,0.7857857857857858,0.6366366366366366,0.6716716716716716,0.7757757757757757,0.7857857857857858,0.6366366366366366
WTI,前半,6,0.6786786786786787,0.7727727727727728,0.7727727727727728,0.6566566566566566,0.5675675675675675,0.6896896896896897,0.6896896896896897,0.6276276276276276,0.5675675675675675,0.6896896896896897,0.6896896896896897,0.6276276276276276
WTI,前半,7,0.9159159159159159,0.934934934934935,0.934934934934935,0.8828828828828829,0.8048048048048048,0.8658658658658659,0.8658658658658659,0.8218218218218218,0.8048048048048048,0.8658658658658659,0.8658658658658659,0.8218218218218218
WTI,前半,8,0.5655655655655656,0.6216216216216216,0.6216216216216216,0.5415415415415415,0.5195195195195195,0.5615615615615616,0.5615615615615616,0.5275275275275275,0.5195195195195195,0.5615615615615616,0.5615615615615616,0.5305305305305306
WTI,前半,9,0.96996996996997,0.980980980980981,0.980980980980981,0.8988988988988988,0.934934934934935,0.955955955955956,0.955955955955956,0.91991991991992,0.934934934934935,0.955955955955956,0.955955955955956,0.9209209209209209
WTI,前半,10,0.7277277277277278,0.7827827827827828,0.7977977977977978,0.5735735735735735,0.5235235235235235,0.6116116116116116,0.6176176176176176,0.44344344344344344,0.5235235235235235,0.6116116116116116,0.6176176176176176,0.44344344344344344
WTI,前半,11,0.984984984984985,0.978978978978979,0.978978978978979,0.9209209209209209,0.9569569569569569,0.978978978978979,0.978978978978979,0.954954954954955,0.9569569569569569,0.978978978978979,0.978978978978979,0.954954954954955
WTI,前半,12,0.995995995995996,0.996996996996997,0.996996996996997,0.9269269269269269,0.991991991991992,0.996996996996997,0.996996996996997,0.968968968968969,0.991991991991992,0.996996996996997,0.996996996996997,0.968968968968969
WTI,前半,13,0.5875875875875876,0.6886886886886887,0.6886886886886887,0.6206206206206206,0.4114114114114114,0.4914914914914915,0.4914914914914915,0.44244244244244246,0.4114114114114114,0.4914914914914915,0.4914914914914915,0.44244244244244246
WTI,前半,14,0.6556556556556556,0.7467467467467468,0.7517517517517518,0.6866866866866866,0.44044044044044045,0.4494494494494494,0.45245245245245247,0.4124124124124124,0.44044044044044045,0.4494494494494494,0.45245245245245247,0.4124124124124124
WTI,前半,15,0.5875875875875876,0.6456456456456456,0.6606606606606606,0.5575575575575575,0.4174174174174174,0.48348348348348347,0.4944944944944945,0.43043043043043044,0.4174174174174174,0.48348348348348347,0.4944944944944945,0.43043043043043044
WTI,前半,16,0.2832832832832833,0.3893893893893894,0.3893893893893894,0.35535535535535534,0.22122122122122123,0.3123123123123123,0.3123123123123123,0.2862862862862863,0.22122122122122123,0.3123123123123123,0.3123123123123123,0.2862862862862863
WTI,前半,17,0.6286286286286287,0.7367367367367368,0.7367367367367368,0.6586586586586587,0.4724724724724725,0.4674674674674675,0.4674674674674675,0.42842842842842843,0.4724724724724725,0.4674674674674675,0.4674674674674675,0.42842842842842843
WTI,前半,18,0.977977977977978,0.985985985985986,0.985985985985986,0.8988988988988988,0.92992992992993,0.958958958958959,0.958958958958959,0.9099099099099099,0.92992992992993,0.958958958958959,0.958958958958959,0.9109109109109109
WTI,前半,19,0.8188188188188188,0.8758758758758759,0.8828828828828829,0.7377377377377378,0.7627627627627628,0.8388388388388388,0.8408408408408409,0.7007007007007007,0.7627627627627628,0.8388388388388388,0.8408408408408409,0.7007007007007007
WTI,後半,0,0.923923923923924,0.8648648648648649,0.8688688688688688,0.6276276276276276,0.9419419419419419,0.960960960960961,0.960960960960961,0.8608608608608609,0.9419419419419419,0.960960960960961,0.960960960960961,0.8608608608608609
WTI,後半,1,0.3213213213213213,0.3783783783783784,0.3783783783783784,0.3053053053053053,0.18118118118118118,0.25925925925925924,0.25925925925925924,0.22022022022022023,0.18118118118118118,0.25925925925925924,0.25925925925925924,0.22022022022022023
WTI,後半,2,0.4124124124124124,0.4394394394394394,0.4394394394394394,0.33933933933933935,0.3203203203203203,0.37037037037037035,0.37037037037037035,0.3133133133133133,0.3203203203203203,0.37037037037037035,0.37037037037037035,0.3133133133133133
WTI,後半,3,0.43543543543543545,0.38038038038038036,0.3893893893893894,0.34634634634634637,0.27127127127127126,0.3743743743743744,0.3743743743743744,0.34434434434434436,0.27127127127127126,0.3743743743743744,0.3743743743743744,0.34434434434434436
WTI,後半,4,0.960960960960961,0.943943943943944,0.950950950950951,0.6926926926926927,0.984984984984985,0.990990990990991,0.990990990990991,0.913913913913914,0.984984984984985,0.990990990990991,0.990990990990991,0.913913913913914
WTI,後半,5,0.9069069069069069,0.8038038038038038,0.8038038038038038,0.7367367367367368,0.8408408408408409,0.8948948948948949,0.8948948948948949,0.8748748748748749,0.8408408408408409,0.8948948948948949,0.8948948948948949,0.8758758758758759
WTI,後半,6,0.96996996996997,0.958958958958959,0.964964964964965,0.7577577577577578,0.985985985985986,0.992992992992993,0.992992992992993,0.934934934934935,0.985985985985986,0.992992992992993,0.992992992992993,0.934934934934935
WTI,後半,7,0.2932932932932933,0.2952952952952953,0.3023023023023023,0.17417417417417416,0.1941941941941942,0.23623623623623624,0.23623623623623624,0.13813813813813813,0.15715715715715717,0.17917917917917917,0.17917917917917917,0.10510510510510511
WTI,後半,8,0.7517517517517518,0.7037037037037037,0.7037037037037037,0.5795795795795796,0.6876876876876877,0.7717717717717718,0.7717717717717718,0.7297297297297297,0.5915915915915916,0.6876876876876877,0.6876876876876877,0.6296296296296297
WTI,後半,9,0.5345345345345346,0.6206206206206206,0.6246246246246246,0.5365365365365365,0.4644644644644645,0.6026026026026026,0.6026026026026026,0.5425425425425425,0.4644644644644645,0.6026026026026026,0.6026026026026026,0.5425425425425425
WTI,後半,10,0.08508508508508508,0.13413413413413414,0.13413413413413414,0.12512512512512514,0.06106106106106106,0.1091091091091091,0.1091091091091091,0.1061061061061061,0.06106106106106106,0.1091091091091091,0.1091091091091091,0.1061061061061061
WTI,後半,11,0.4494494494494494,0.5215215215215215,0.5215215215215215,0.4594594594594595,0.3993993993993994,0.5265265265265265,0.5265265265265265,0.5035035035035035,0.3993993993993994,0.5265265265265265,0.5265265265265265,0.5045045045045045
WTI,後半,12,0.42542542542542544,0.4364364364364364,0.4364364364364364,0.3063063063063063,0.2722722722722723,0.34634634634634637,0.34634634634634637,0.2502502502502503,0.2722722722722723,0.34634634634634637,0.34634634634634637,0.2502502502502503
WTI,後半,13,0.28928928928928926,0.3953953953953954,0.3953953953953954,0.33233233233233234,0.14814814814814814,0.24024024024024024,0.24024024024024024,0.21621621621621623,0.14814814814814814,0.24024024024024024,0.24024024024024024,0.21621621621621623
WTI,後半,14,0.7827827827827828,0.7417417417417418,0.7617617617617618,0.6106106106106106,0.6696696696696697,0.7547547547547547,0.7627627627627628,0.6716716716716716,0.6696696696696697,0.7547547547547547,0.7627627627627628,0.6716716716716716
WTI,後半,15,0.924924924924925,0.8698698698698699,0.8908908908908909,0.6596596596596597,0.93993993993994,0.953953953953954,0.953953953953954,0.8348348348348348,0.93993993993994,0.953953953953954,0.953953953953954,0.8348348348348348
WTI,後半,16,0.960960960960961,0.948948948948949,0.954954954954955,0.7707707707707707,0.96996996996997,0.982982982982983,0.982982982982983,0.9059059059059059,0.96996996996997,0.982982982982983,0.982982982982983,0.9059059059059059
WTI,後半,17,0.8818818818818819,0.8008008008008008,0.8308308308308309,0.5975975975975976,0.8648648648648649,0.9059059059059059,0.9059059059059059,0.7607607607607607,0.7977977977977978,0.8598598598598599,0.8638638638638638,0.6776776776776777
WTI,後半,18,0.7427427427427428,0.5725725725725725,0.5765765765765766,0.40540540540540543,0.6816816816816816,0.7727727727727728,0.7727727727727728,0.6356356356356356,0.6816816816816816,0.7727727727727728,0.7727727727727728,0.6356356356356356
WTI,後半,19,0.6606606606606606,0.6666666666666666,0.6676676676676677,0.5905905905905906,0.5715715715715716,0.6776776776776777,0.6776776776776777,0.6256256256256256,0.46346346346346345,0.5575575575575575,0.5575575575575575,0.5185185185185185
UKOIL,前半,0,0.7747747747747747,0.7977977977977978,0.8508508508508509,0.6226226226226226,0.7627627627627628,0.7987987987987988,0.8288288288288288,0.6276276276276276,0.7627627627627628,0.7987987987987988,0.8288288288288288,0.6286286286286287
UKOIL,前半,1,0.22822822822822822,0.32432432432432434,0.32432432432432434,0.26626626626626626,0.21021021021021022,0.2962962962962963,0.2962962962962963,0.26926926926926925,0.21021021021021022,0.2962962962962963,0.2962962962962963,0.26926926926926925
UKOIL,前半,2,0.92992992992993,0.9099099099099099,0.9099099099099099,0.8338338338338338,0.9269269269269269,0.9529529529529529,0.9529529529529529,0.9079079079079079,0.8788788788788788,0.9169169169169169,0.9169169169169169,0.8648648648648649
UKOIL,前半,3,0.8688688688688688,0.8558558558558559,0.8568568568568569,0.7037037037037037,0.7787787787787788,0.8748748748748749,0.8758758758758759,0.7767767767767768,0.7787787787787788,0.8748748748748749,0.8758758758758759,0.7767767767767768
UKOIL,前半,4,0.8928928928928929,0.8598598598598599,0.8618618618618619,0.7647647647647647,0.8168168168168168,0.8838838838838838,0.8838838838838838,0.8248248248248248,0.7337337337337337,0.8238238238238238,0.8238238238238238,0.7467467467467468
UKOIL,前半,5,0.9009009009009009,0.8918918918918919,0.8998998998998999,0.7117117117117117,0.8818818818818819,0.9329329329329329,0.9329329329329329,0.8028028028028028,0.8818818818818819,0.9329329329329329,0.9329329329329329,0.8038038038038038
UKOIL,前半,6,0.6206206206206206,0.6586586586586587,0.6606606606606606,0.5635635635635635,0.4944944944944945,0.5855855855855856,0.5855855855855856,0.5025025025025025,0.4944944944944945,0.5855855855855856,0.5855855855855856,0.5025025025025025
UKOIL,前半,7,0.954954954954955,0.9479479479479479,0.94994994994995,0.7857857857857858,0.9419419419419419,0.972972972972973,0.972972972972973,0.9009009009009009,0.9419419419419419,0.972972972972973,0.972972972972973,0.9009009009009009
UKOIL,前半,8,0.8498498498498499,0.8248248248248248,0.8248248248248248,0.7027027027027027,0.8248248248248248,0.8608608608608609,0.8608608608608609,0.7887887887887888,0.8248248248248248,0.8608608608608609,0.8608608608608609,0.7887887887887888
UKOIL,前半,9,0.6956956956956957,0.7037037037037037,0.7137137137137137,0.5625625625625625,0.6046046046046046,0.6906906906906907,0.6926926926926927,0.5645645645645646,0.6046046046046046,0.6906906906906907,0.6926926926926927,0.5655655655655656
UKOIL,前半,10,0.19019019019019018,0.2882882882882883,0.2882882882882883,0.2862862862862863,0.08608608608608609,0.13013013013013014,0.13013013013013014,0.13013013013013014,0.08608608608608609,0.13013013013013014,0.13013013013013014,0.13013013013013014
UKOIL,前半,11,0.8958958958958959,0.8708708708708709,0.8708708708708709,0.7957957957957958,0.9159159159159159,0.9409409409409409,0.9409409409409409,0.9009009009009009,0.9159159159159159,0.9409409409409409,0.9409409409409409,0.9009009009009009
UKOIL,前半,12,0.07907907907907907,0.11411411411411411,0.11411411411411411,0.1021021021021021,0.07307307307307308,0.1041041041041041,0.1041041041041041,0.1011011011011011,0.07307307307307308,0.1041041041041041,0.1041041041041041,0.1011011011011011
UKOIL,前半,13,0.9619619619619619,0.9619619619619619,0.963963963963964,0.8088088088088088,0.963963963963964,0.973973973973974,0.9769769769769769,0.8868868868868869,0.963963963963964,0.973973973973974,0.9769769769769769,0.8868868868868869
UKOIL,前半,14,0.1971971971971972,0.19119119119119118,0.2122122122122122,0.15115115115115116,0.16016016016016016,0.1891891891891892,0.19519519519519518,0.13513513513513514,0.16016016016016016,0.1891891891891892,0.19519519519519518,0.13513513513513514
UKOIL,前半,15,0.954954954954955,0.9479479479479479,0.9479479479479479,0.7877877877877878,0.9669669669669669,0.977977977977978,0.978978978978979,0.8938938938938938,0.9669669669669669,0.977977977977978,0.978978978978979,0.8978978978978979
UKOIL,前半,16,0.26626626626626626,0.3483483483483483,0.3483483483483483,0.2992992992992993,0.23323323323323322,0.3113113113113113,0.3113113113113113,0.27627627627627627,0.23323323323323322,0.3113113113113113,0.3113113113113113,0.27627627627627627
UKOIL,前半,17,0.6336336336336337,0.7187187187187187,0.7227227227227228,0.5975975975975976,0.4954954954954955,0.6216216216216216,0.6216216216216216,0.5265265265265265,0.4954954954954955,0.6216216216216216,0.6216216216216216,0.5265265265265265
UKOIL,前半,18,0.7897897897897898,0.8228228228228228,0.8338338338338338,0.6746746746746747,0.8268268268268268,0.8858858858858859,0.8878878878878879,0.7857857857857858,0.8268268268268268,0.8858858858858859,0.8878878878878879,0.7857857857857858
UKOIL,前半,19,0.3993993993993994,0.46046046046046046,0.46046046046046046,0.39039039039039036,0.4364364364364364,0.5045045045045045,0.5045045045045045,0.47347347347347346,0.4364364364364364,0.5045045045045045,0.5045045045045045,0.4744744744744745
UKOIL,後半,0,0.34034034034034033,0.34434434434434436,0.34534534534534533,0.2862862862862863,0.3063063063063063,0.3203203203203203,0.3203203203203203,0.26426426426426425,0.3063063063063063,0.3203203203203203,0.3203203203203203,0.26426426426426425
UKOIL,後半,1,0.8958958958958959,0.8468468468468469,0.8528528528528528,0.6836836836836837,0.8278278278278278,0.8658658658658659,0.8678678678678678,0.7447447447447447,0.8278278278278278,0.8658658658658659,0.8678678678678678,0.7447447447447447
UKOIL,後半,2,0.933933933933934,0.9109109109109109,0.9109109109109109,0.7207207207207207,0.9359359359359359,0.955955955955956,0.955955955955956,0.8738738738738738,0.9039039039039038,0.9359359359359359,0.9359359359359359,0.8318318318318318
UKOIL,後半,3,0.9219219219219219,0.8738738738738738,0.8758758758758759,0.6996996996996997,0.9009009009009009,0.934934934934935,0.934934934934935,0.8408408408408409,0.9009009009009009,0.934934934934935,0.934934934934935,0.8428428428428428
UKOIL,後半,4,0.9419419419419419,0.928928928928929,0.9319319319319319,0.8038038038038038,0.9429429429429429,0.955955955955956,0.955955955955956,0.9119119119119119,0.9429429429429429,0.955955955955956,0.955955955955956,0.9129129129129129
UKOIL,後半,5,0.996996996996997,0.996996996996997,0.997997997997998,0.8048048048048048,1.0,1.0,1.0,1.0,1.0,1.0,1.0,1.0
UKOIL,後半,6,0.7057057057057057,0.6106106106106106,0.6106106106106106,0.5095095095095095,0.6406406406406406,0.7177177177177178,0.7177177177177178,0.6636636636636637,0.6406406406406406,0.7177177177177178,0.7177177177177178,0.6636636636636637
UKOIL,後半,7,0.8558558558558559,0.8198198198198198,0.8198198198198198,0.7157157157157157,0.7587587587587588,0.8198198198198198,0.8198198198198198,0.7697697697697697,0.7587587587587588,0.8198198198198198,0.8198198198198198,0.7697697697697697
UKOIL,後半,8,0.3763763763763764,0.44544544544544545,0.44544544544544545,0.4014014014014014,0.2602602602602603,0.34534534534534533,0.34534534534534533,0.33433433433433435,0.2602602602602603,0.34534534534534533,0.34534534534534533,0.33433433433433435
UKOIL,後半,9,0.40540540540540543,0.4934934934934935,0.4934934934934935,0.43543543543543545,0.3053053053053053,0.3783783783783784,0.3783783783783784,0.34234234234234234,0.3053053053053053,0.3783783783783784,0.3783783783783784,0.3433433433433433
UKOIL,後半,10,0.2122122122122122,0.33933933933933935,0.33933933933933935,0.3173173173173173,0.12512512512512514,0.23623623623623624,0.23623623623623624,0.22822822822822822,0.12512512512512514,0.23623623623623624,0.23623623623623624,0.22822822822822822
UKOIL,後半,11,0.03003003003003003,0.055055055055055056,0.055055055055055056,0.04904904904904905,0.022022022022022022,0.042042042042042045,0.042042042042042045,0.04004004004004004,0.022022022022022022,0.042042042042042045,0.042042042042042045,0.04004004004004004
UKOIL,後半,12,0.3633633633633634,0.46846846846846846,0.46846846846846846,0.41541541541541543,0.3303303303303303,0.4244244244244244,0.4244244244244244,0.4034034034034034,0.3303303303303303,0.4244244244244244,0.4244244244244244,0.4034034034034034
UKOIL,後半,13,0.24224224224224225,0.33633633633633636,0.33633633633633636,0.2752752752752753,0.18018018018018017,0.2832832832832833,0.2832832832832833,0.23823823823823823,0.18018018018018017,0.2832832832832833,0.2832832832832833,0.23823823823823823
UKOIL,後半,14,0.8398398398398398,0.7877877877877878,0.8018018018018018,0.6386386386386387,0.7607607607607607,0.8278278278278278,0.8358358358358359,0.7027027027027027,0.7607607607607607,0.8278278278278278,0.8358358358358359,0.7027027027027027
UKOIL,後半,15,0.23323323323323322,0.35435435435435436,0.35435435435435436,0.33733733733733734,0.17617617617617617,0.2872872872872873,0.2872872872872873,0.2872872872872873,0.17617617617617617,0.2872872872872873,0.2872872872872873,0.2872872872872873
UKOIL,後半,16,0.6086086086086087,0.6476476476476476,0.6646646646646647,0.44844844844844844,0.3253253253253253,0.42742742742742745,0.44044044044044045,0.2862862862862863,0.3253253253253253,0.42742742742742745,0.44044044044044045,0.2862862862862863
UKOIL,後半,17,0.4344344344344344,0.4344344344344344,0.43543543543543545,0.3033033033033033,0.4264264264264264,0.5165165165165165,0.5165165165165165,0.4094094094094094,0.4264264264264264,0.5165165165165165,0.5165165165165165,0.4094094094094094
UKOIL,後半,18,0.6516516516516516,0.7237237237237237,0.7237237237237237,0.6166166166166166,0.5125125125125125,0.6316316316316316,0.6316316316316316,0.5655655655655656,0.5125125125125125,0.6316316316316316,0.6316316316316316,0.5655655655655656
UKOIL,後半,19,0.7247247247247247,0.7937937937937938,0.7997997997997998,0.6696696696696697,0.6156156156156156,0.6996996996996997,0.7007007007007007,0.6096096096096096,0.6156156156156156,0.6996996996996997,0.7007007007007007,0.6096096096096096
US500,前半,0,0.5745745745745746,0.5965965965965966,0.5985985985985987,0.4174174174174174,0.968968968968969,0.9819819819819819,0.9819819819819819,0.955955955955956,0.968968968968969,0.9819819819819819,0.9819819819819819,0.955955955955956
US500,前半,1,0.26626626626626626,0.4294294294294294,0.45245245245245247,0.22722722722722724,0.6496496496496497,0.036036036036036036,0.036036036036036036,0.01901901901901902,0.6496496496496497,0.036036036036036036,0.036036036036036036,0.01901901901901902
US500,前半,2,0.5615615615615616,0.5525525525525525,0.5535535535535535,0.43043043043043044,0.7737737737737738,0.8558558558558559,0.8558558558558559,0.8168168168168168,0.7737737737737738,0.8558558558558559,0.8558558558558559,0.8168168168168168
US500,前半,3,0.5035035035035035,0.3263263263263263,0.3383383383383383,0.23223223223223224,0.4924924924924925,0.6546546546546547,0.6546546546546547,0.5535535535535535,0.4924924924924925,0.6546546546546547,0.6546546546546547,0.5535535535535535
US500,前半,4,0.07907907907907907,0.1001001001001001,0.1061061061061061,0.06806806806806807,0.11911911911911911,0.17017017017017017,0.17617617617617617,0.12512512512512514,0.11911911911911911,0.17017017017017017,0.17617617617617617,0.12512512512512514
US500,前半,5,0.46646646646646645,0.5295295295295295,0.5465465465465466,0.39039039039039036,0.7577577577577578,0.8528528528528528,0.8598598598598599,0.7737737737737738,0.7577577577577578,0.8528528528528528,0.8598598598598599,0.7767767767767768
US500,前半,6,0.6286286286286287,0.6796796796796797,0.7007007007007007,0.4674674674674675,0.98998998998999,0.998998998998999,0.998998998998999,0.977977977977978,0.98998998998999,0.998998998998999,0.998998998998999,0.978978978978979
US500,前半,7,0.6016016016016016,0.7087087087087087,0.7297297297297297,0.46846846846846846,0.9359359359359359,0.974974974974975,0.974974974974975,0.9409409409409409,0.7807807807807807,0.9069069069069069,0.9069069069069069,0.8208208208208209
US500,前半,8,0.15515515515515516,0.12612612612612611,0.12612612612612611,0.0980980980980981,0.2772772772772773,0.4294294294294294,0.4294294294294294,0.41541541541541543,0.2772772772772773,0.4294294294294294,0.4294294294294294,0.41541541541541543
US500,前半,9,0.6016016016016016,0.4964964964964965,0.5035035035035035,0.35435435435435436,0.7387387387387387,0.8748748748748749,0.8748748748748749,0.7877877877877878,0.7387387387387387,0.8748748748748749,0.8748748748748749,0.7897897897897898
US500,前半,10,0.2782782782782783,0.1981981981981982,0.21021021021021022,0.14114114114114115,0.28428428428428426,0.43543543543543545,0.43543543543543545,0.33133133133133136,0.28428428428428426,0.43543543543543545,0.43543543543543545,0.33133133133133136
US500,前半,11,0.3993993993993994,0.3943943943943944,0.4084084084084084,0.29429429429429427,0.3633633633633634,0.5645645645645646,0.5645645645645646,0.5015015015015015,0.3633633633633634,0.5645645645645646,0.5645645645645646,0.5015015015015015
US500,前半,12,0.10810810810810811,0.12212212212212212,0.12312312312312312,0.09309309309309309,0.10810810810810811,0.16316316316316315,0.16316316316316315,0.14914914914914915,0.10810810810810811,0.16316316316316315,0.16316316316316315,0.14914914914914915
US500,前半,13,0.2952952952952953,0.19519519519519518,0.20520520520520522,0.13113113113113112,0.6706706706706707,0.7567567567567568,0.7637637637637638,0.5995995995995996,0.6706706706706707,0.7567567567567568,0.7637637637637638,0.5995995995995996
US500,前半,14,0.009009009009009009,0.007007007007007007,0.007007007007007007,0.007007007007007007,0.04804804804804805,0.005005005005005005,0.005005005005005005,0.004004004004004004,0.04804804804804805,0.005005005005005005,0.005005005005005005,0.004004004004004004
US500,前半,15,0.04804804804804805,0.06506506506506507,0.06806806806806807,0.05105105105105105,0.12312312312312312,0.16916916916916916,0.16916916916916916,0.12612612612612611,0.12312312312312312,0.16916916916916916,0.16916916916916916,0.12612612612612611
US500,前半,16,0.4494494494494494,0.5795795795795796,0.5945945945945946,0.3743743743743744,0.6976976976976977,0.8118118118118118,0.8118118118118118,0.7127127127127127,0.6976976976976977,0.8118118118118118,0.8118118118118118,0.7127127127127127
US500,前半,17,0.27427427427427425,0.24624624624624625,0.24824824824824826,0.16816816816816818,0.5635635635635635,0.7087087087087087,0.7087087087087087,0.5975975975975976,0.5635635635635635,0.7087087087087087,0.7087087087087087,0.6056056056056056
US500,前半,18,0.17117117117117117,0.35935935935935936,0.3613613613613614,0.26126126126126126,0.4774774774774775,0.028028028028028028,0.028028028028028028,0.023023023023023025,0.4774774774774775,0.028028028028028028,0.028028028028028028,0.023023023023023025
US500,前半,19,0.5025025025025025,0.4904904904904905,0.5105105105105106,0.3053053053053053,0.8718718718718719,0.944944944944945,0.944944944944945,0.8698698698698699,0.8718718718718719,0.944944944944945,0.944944944944945,0.8698698698698699
US500,後半,0,0.014014014014014014,0.015015015015015015,0.015015015015015015,0.014014014014014014,0.043043043043043044,0.055055055055055056,0.055055055055055056,0.055055055055055056,0.014014014014014014,0.02002002002002002,0.02002002002002002,0.02002002002002002
US500,後半,1,0.2882882882882883,0.1841841841841842,0.2082082082082082,0.11511511511511512,0.973973973973974,0.984984984984985,0.984984984984985,0.9259259259259259,0.973973973973974,0.984984984984985,0.984984984984985,0.9269269269269269
US500,後半,2,0.11511511511511512,0.1011011011011011,0.1021021021021021,0.06706706706706707,0.5705705705705706,0.5295295295295295,0.5295295295295295,0.4674674674674675,0.5705705705705706,0.5295295295295295,0.5295295295295295,0.4674674674674675
US500,後半,3,0.2982982982982983,0.2972972972972973,0.3433433433433433,0.1841841841841842,0.933933933933934,0.9769769769769769,0.9769769769769769,0.924924924924925,0.933933933933934,0.9769769769769769,0.9769769769769769,0.9279279279279279
US500,後半,4,0.013013013013013013,0.014014014014014014,0.015015015015015015,0.012012012012012012,0.11411411411411411,0.2062062062062062,0.2062062062062062,0.17617617617617617,0.11411411411411411,0.2062062062062062,0.2062062062062062,0.17617617617617617
US500,後半,5,0.16116116116116116,0.1061061061061061,0.13513513513513514,0.055055055055055056,0.5195195195195195,0.5405405405405406,0.5465465465465466,0.3893893893893894,0.5195195195195195,0.5405405405405406,0.5465465465465466,0.3893893893893894
US500,後半,6,0.11911911911911911,0.17117117117117117,0.1921921921921922,0.10710710710710711,0.7717717717717718,0.7237237237237237,0.7237237237237237,0.6066066066066066,0.7717717717717718,0.7237237237237237,0.7237237237237237,0.6086086086086087
US500,後半,7,0.13413413413413414,0.013013013013013013,0.013013013013013013,0.005005005005005005,0.28428428428428426,0.3863863863863864,0.3863863863863864,0.3613613613613614,0.28428428428428426,0.3863863863863864,0.3863863863863864,0.3613613613613614
US500,後半,8,0.2772772772772773,0.1881881881881882,0.1891891891891892,0.1111111111111111,0.9019019019019019,0.9569569569569569,0.9569569569569569,0.91991991991992,0.9019019019019019,0.9569569569569569,0.9569569569569569,0.91991991991992
US500,後半,9,0.24224224224224225,0.2122122122122122,0.26126126126126126,0.12312312312312312,0.94994994994995,0.954954954954955,0.9619619619619619,0.8608608608608609,0.94994994994995,0.954954954954955,0.9619619619619619,0.8628628628628628
US500,後半,10,0.19019019019019018,0.07507507507507508,0.08008008008008008,0.05405405405405406,0.6646646646646647,0.7887887887887888,0.7887887887887888,0.7547547547547547,0.47647647647647645,0.6246246246246246,0.6256256256256256,0.5835835835835835
US500,後半,11,0.13413413413413414,0.026026026026026026,0.026026026026026026,0.018018018018018018,0.32932932932932935,0.4954954954954955,0.4954954954954955,0.46646646646646645,0.2132132132132132,0.32732732732732733,0.32732732732732733,0.3123123123123123
US500,後半,12,0.2552552552552553,0.2022022022022022,0.23323323323323322,0.12412412412412413,0.9329329329329329,0.9679679679679679,0.9679679679679679,0.9129129129129129,0.9329329329329329,0.9679679679679679,0.9679679679679679,0.918918918918919
US500,後半,13,0.07907907907907907,0.09309309309309309,0.09309309309309309,0.06006006006006006,0.3913913913913914,0.35035035035035034,0.35035035035035034,0.3233233233233233,0.3913913913913914,0.35035035035035034,0.35035035035035034,0.3233233233233233
US500,後半,14,0.006006006006006006,0.011011011011011011,0.011011011011011011,0.008008008008008008,0.03903903903903904,0.06506506506506507,0.06506506506506507,0.05905905905905906,0.03903903903903904,0.06506506506506507,0.06506506506506507,0.06106106106106106
US500,後半,15,0.31431431431431434,0.11811811811811812,0.13213213213213212,0.08208208208208208,0.7597597597597597,0.8508508508508509,0.8548548548548549,0.6786786786786787,0.5265265265265265,0.6426426426426426,0.6496496496496497,0.43043043043043044
US500,後半,16,0.04904904904904905,0.013013013013013013,0.013013013013013013,0.01001001001001001,0.1921921921921922,0.2502502502502503,0.2502502502502503,0.22422422422422422,0.1921921921921922,0.2502502502502503,0.2502502502502503,0.22422422422422422
US500,後半,17,0.0940940940940941,0.08708708708708708,0.0920920920920921,0.05405405405405406,0.6486486486486487,0.7657657657657657,0.7707707707707707,0.6196196196196196,0.6486486486486487,0.7677677677677678,0.7707707707707707,0.6196196196196196
US500,後半,18,0.12212212212212212,0.062062062062062065,0.06306306306306306,0.037037037037037035,0.23223223223223224,0.35935935935935936,0.35935935935935936,0.27927927927927926,0.1041041041041041,0.17417417417417416,0.17417417417417416,0.14014014014014015
US500,後半,19,0.1881881881881882,0.14214214214214213,0.16616616616616617,0.0920920920920921,0.7987987987987988,0.8648648648648649,0.8648648648648649,0.7727727727727728,0.7987987987987988,0.8648648648648649,0.8648648648648649,0.7727727727727728
USTECH,前半,0,0.3103103103103103,0.27927927927927926,0.2862862862862863,0.17417417417417416,0.6846846846846847,0.8048048048048048,0.8048048048048048,0.7547547547547547,0.6846846846846847,0.8048048048048048,0.8048048048048048,0.7547547547547547
USTECH,前半,1,0.2032032032032032,0.25725725725725723,0.3103103103103103,0.13913913913913914,0.7717717717717718,0.33233233233233234,0.34034034034034033,0.22922922922922923,0.7717717717717718,0.33233233233233234,0.34034034034034033,0.23223223223223224
USTECH,前半,2,0.44544544544544545,0.46846846846846846,0.5175175175175175,0.28428428428428426,0.7937937937937938,0.8968968968968969,0.8968968968968969,0.6796796796796797,0.7937937937937938,0.8968968968968969,0.8968968968968969,0.6816816816816816
USTECH,前半,3,0.26126126126126126,0.3763763763763764,0.3893893893893894,0.23023023023023023,0.7457457457457457,0.4674674674674675,0.4674674674674675,0.3933933933933934,0.7457457457457457,0.4674674674674675,0.4674674674674675,0.3933933933933934
USTECH,前半,4,0.25325325325325326,0.35835835835835833,0.42742742742742745,0.19119119119119118,0.9099099099099099,0.7287287287287287,0.7287287287287287,0.5215215215215215,0.9099099099099099,0.7287287287287287,0.7287287287287287,0.5245245245245245
USTECH,前半,5,0.15915915915915915,0.14914914914914915,0.15815815815815815,0.0990990990990991,0.6096096096096096,0.6996996996996997,0.6996996996996997,0.6156156156156156,0.6096096096096096,0.6996996996996997,0.6996996996996997,0.6156156156156156
USTECH,前半,6,0.26126126126126126,0.23523523523523523,0.2502502502502503,0.12612612612612611,0.3003003003003003,0.4174174174174174,0.4174174174174174,0.32432432432432434,0.3003003003003003,0.4174174174174174,0.4174174174174174,0.3263263263263263
USTECH,前半,7,0.26926926926926925,0.2932932932932933,0.31431431431431434,0.17017017017017017,0.6596596596596597,0.8658658658658659,0.8658658658658659,0.7987987987987988,0.6596596596596597,0.8658658658658659,0.8658658658658659,0.7987987987987988
USTECH,前半,8,0.27627627627627627,0.4084084084084084,0.47647647647647645,0.2042042042042042,0.953953953953954,0.5045045045045045,0.5045045045045045,0.37537537537537535,0.953953953953954,0.5045045045045045,0.5045045045045045,0.3783783783783784
USTECH,前半,9,0.2042042042042042,0.2782782782782783,0.3793793793793794,0.13313313313313313,0.8628628628628628,0.0,0.0,0.0,0.8628628628628628,0.0,0.0,0.0
USTECH,前半,10,0.23723723723723725,0.12512512512512514,0.12512512512512514,0.07607607607607608,0.36236236236236236,0.5385385385385385,0.5385385385385385,0.5085085085085085,0.36236236236236236,0.5385385385385385,0.5385385385385385,0.5085085085085085
USTECH,前半,11,0.2062062062062062,0.3383383383383383,0.39039039039039036,0.19019019019019018,0.8608608608608609,0.012012012012012012,0.012012012012012012,0.004004004004004004,0.8608608608608609,0.012012012012012012,0.012012012012012012,0.004004004004004004
USTECH,前半,12,0.13213213213213212,0.0960960960960961,0.1021021021021021,0.06006006006006006,0.4264264264264264,0.5525525525525525,0.5575575575575575,0.40540540540540543,0.4264264264264264,0.5525525525525525,0.5575575575575575,0.40540540540540543
USTECH,前半,13,0.2822822822822823,0.24224224224224225,0.25225225225225223,0.15115115115115116,0.6216216216216216,0.7747747747747747,0.7747747747747747,0.7257257257257257,0.6216216216216216,0.7747747747747747,0.7747747747747747,0.7267267267267268
USTECH,前半,14,0.15415415415415415,0.07307307307307308,0.07307307307307308,0.05205205205205205,0.23223223223223224,0.32232232232232233,0.32232232232232233,0.26426426426426425,0.23223223223223224,0.32232232232232233,0.32232232232232233,0.26426426426426425
USTECH,前半,15,0.25425425425425424,0.2852852852852853,0.3483483483483483,0.16316316316316315,0.6406406406406406,0.8408408408408409,0.8408408408408409,0.7057057057057057,0.6406406406406406,0.8408408408408409,0.8408408408408409,0.7057057057057057
USTECH,前半,16,0.23023023023023023,0.3003003003003003,0.3183183183183183,0.17017017017017017,0.8048048048048048,0.04804804804804805,0.04804804804804805,0.04004004004004004,0.8048048048048048,0.04804804804804805,0.04804804804804805,0.04004004004004004
USTECH,前半,17,0.2902902902902903,0.3103103103103103,0.3183183183183183,0.2042042042042042,0.5495495495495496,0.7027027027027027,0.7027027027027027,0.5935935935935935,0.5495495495495496,0.7027027027027027,0.7027027027027027,0.5975975975975976
USTECH,前半,18,0.07507507507507508,0.10510510510510511,0.11011011011011011,0.06006006006006006,0.5865865865865866,0.15815815815815815,0.15815815815815815,0.13213213213213212,0.5865865865865866,0.15815815815815815,0.15815815815815815,0.13213213213213212
USTECH,前半,19,0.3733733733733734,0.3893893893893894,0.3943943943943944,0.24424424424424424,0.6316316316316316,0.7787787787787788,0.7817817817817818,0.7047047047047047,0.6316316316316316,0.7787787787787788,0.7817817817817818,0.7047047047047047
USTECH,後半,0,0.056056056056056056,0.04604604604604605,0.05905905905905906,0.02902902902902903,0.8848848848848849,0.9079079079079079,0.9079079079079079,0.7647647647647647,0.8848848848848849,0.9079079079079079,0.9079079079079079,0.7667667667667668
USTECH,後半,1,0.042042042042042045,0.013013013013013013,0.014014014014014014,0.01001001001001001,0.5015015015015015,0.6316316316316316,0.6316316316316316,0.5895895895895896,0.5015015015015015,0.6316316316316316,0.6316316316316316,0.5895895895895896
USTECH,後半,2,0.031031031031031032,0.03803803803803804,0.04104104104104104,0.021021021021021023,0.4174174174174174,0.4854854854854855,0.4854854854854855,0.4724724724724725,0.4174174174174174,0.4854854854854855,0.4854854854854855,0.4754754754754755
USTECH,後半,3,0.036036036036036036,0.03403403403403404,0.04004004004004004,0.022022022022022022,0.8138138138138138,0.7307307307307307,0.7307307307307307,0.6736736736736737,0.8138138138138138,0.7307307307307307,0.7307307307307307,0.6766766766766766
USTECH,後半,4,0.1031031031031031,0.062062062062062065,0.07807807807807808,0.03803803803803804,0.8828828828828829,0.9529529529529529,0.9529529529529529,0.8828828828828829,0.8828828828828829,0.9529529529529529,0.9529529529529529,0.8868868868868869
USTECH,後半,5,0.08208208208208208,0.043043043043043044,0.05305305305305305,0.024024024024024024,0.8028028028028028,0.9129129129129129,0.9129129129129129,0.8758758758758759,0.8028028028028028,0.9129129129129129,0.9129129129129129,0.8768768768768769
USTECH,後半,6,0.09009009009009009,0.012012012012012012,0.015015015015015015,0.004004004004004004,0.41541541541541543,0.5255255255255256,0.5255255255255256,0.4194194194194194,0.41541541541541543,0.5255255255255256,0.5255255255255256,0.4194194194194194
USTECH,後半,7,0.03403403403403404,0.008008008008008008,0.008008008008008008,0.008008008008008008,0.0970970970970971,0.1871871871871872,0.1871871871871872,0.14214214214214213,0.0970970970970971,0.1871871871871872,0.1871871871871872,0.14214214214214213
USTECH,後半,8,0.06506506506506507,0.05105105105105105,0.06906906906906907,0.031031031031031032,0.908908908908909,0.8958958958958959,0.8958958958958959,0.7607607607607607,0.908908908908909,0.8958958958958959,0.8958958958958959,0.7617617617617618
USTECH,後半,9,0.03303303303303303,0.024024024024024024,0.03003003003003003,0.014014014014014014,0.6336336336336337,0.6766766766766766,0.6766766766766766,0.5655655655655656,0.6336336336336337,0.6766766766766766,0.6766766766766766,0.5665665665665666
USTECH,後半,10,0.0940940940940941,0.04904904904904905,0.05805805805805806,0.031031031031031032,0.9629629629629629,0.9669669669669669,0.968968968968969,0.923923923923924,0.9629629629629629,0.9669669669669669,0.968968968968969,0.923923923923924
USTECH,後半,11,0.01701701701701702,0.003003003003003003,0.004004004004004004,0.002002002002002002,0.0890890890890891,0.1871871871871872,0.1871871871871872,0.15215215215215216,0.0890890890890891,0.1871871871871872,0.1871871871871872,0.15215215215215216
USTECH,後半,12,0.04004004004004004,0.006006006006006006,0.006006006006006006,0.004004004004004004,0.22622622622622623,0.3303303303303303,0.3303303303303303,0.2902902902902903,0.22622622622622623,0.3303303303303303,0.3303303303303303,0.2902902902902903
USTECH,後半,13,0.012012012012012012,0.02702702702702703,0.02902902902902903,0.021021021021021023,0.4904904904904905,0.2802802802802803,0.2802802802802803,0.26326326326326327,0.4904904904904905,0.2802802802802803,0.2802802802802803,0.26326326326326327
USTECH,後半,14,0.014014014014014014,0.002002002002002002,0.002002002002002002,0.002002002002002002,0.14714714714714713,0.21521521521521522,0.21521521521521522,0.21421421421421422,0.14714714714714713,0.21521521521521522,0.21521521521521522,0.21421421421421422
USTECH,後半,15,0.07307307307307308,0.0920920920920921,0.12212212212212212,0.05905905905905906,0.9309309309309309,0.8568568568568569,0.8568568568568569,0.7397397397397397,0.9309309309309309,0.8568568568568569,0.8568568568568569,0.7397397397397397
USTECH,後半,16,0.062062062062062065,0.02702702702702703,0.03303303303303303,0.015015015015015015,0.8918918918918919,0.9469469469469469,0.9469469469469469,0.8998998998998999,0.8918918918918919,0.9469469469469469,0.9469469469469469,0.9009009009009009
USTECH,後半,17,0.01701701701701702,0.014014014014014014,0.018018018018018018,0.009009009009009009,0.3933933933933934,0.4264264264264264,0.4264264264264264,0.35935935935935936,0.3933933933933934,0.4264264264264264,0.4264264264264264,0.36036036036036034
USTECH,後半,18,0.04004004004004004,0.005005005005005005,0.005005005005005005,0.003003003003003003,0.3943943943943944,0.5195195195195195,0.5195195195195195,0.4824824824824825,0.3943943943943944,0.5195195195195195,0.5195195195195195,0.48348348348348347
USTECH,後半,19,0.07507507507507508,0.036036036036036036,0.044044044044044044,0.026026026026026026,0.7687687687687688,0.8668668668668669,0.8668668668668669,0.7847847847847848,0.7687687687687688,0.8668668668668669,0.8668668668668669,0.7847847847847848
BTCUSD,後半,0,0.7687687687687688,0.5595595595595596,0.6116116116116116,0.3233233233233233,0.9679679679679679,0.974974974974975,0.975975975975976,0.8548548548548549,0.9679679679679679,0.974974974974975,0.975975975975976,0.8548548548548549
BTCUSD,後半,1,0.6206206206206206,0.4004004004004004,0.4174174174174174,0.22322322322322322,0.6066066066066066,0.6736736736736737,0.6786786786786787,0.4344344344344344,0.6066066066066066,0.6736736736736737,0.6786786786786787,0.4344344344344344
BTCUSD,後半,2,0.4084084084084084,0.2022022022022022,0.2082082082082082,0.14614614614614616,0.46546546546546547,0.5645645645645646,0.5645645645645646,0.47647647647647645,0.46546546546546547,0.5645645645645646,0.5645645645645646,0.47647647647647645
BTCUSD,後半,3,0.28428428428428426,0.13213213213213212,0.14014014014014015,0.07207207207207207,0.21121121121121122,0.3173173173173173,0.3173173173173173,0.2182182182182182,0.16416416416416416,0.24324324324324326,0.24324324324324326,0.16716716716716717
BTCUSD,後半,4,0.38238238238238237,0.3113113113113113,0.3153153153153153,0.1921921921921922,0.4674674674674675,0.6376376376376376,0.6376376376376376,0.5515515515515516,0.4674674674674675,0.6376376376376376,0.6376376376376376,0.5515515515515516
BTCUSD,後半,5,0.4394394394394394,0.1931931931931932,0.19519519519519518,0.14514514514514515,0.45545545545545546,0.5965965965965966,0.5965965965965966,0.5335335335335335,0.45545545545545546,0.5965965965965966,0.5965965965965966,0.5345345345345346
BTCUSD,後半,6,0.3953953953953954,0.18618618618618618,0.1961961961961962,0.12712712712712712,0.3263263263263263,0.3993993993993994,0.4004004004004004,0.3183183183183183,0.3263263263263263,0.3993993993993994,0.4004004004004004,0.3183183183183183
BTCUSD,後半,7,0.0960960960960961,0.05905905905905906,0.062062062062062065,0.04504504504504504,0.06606606606606606,0.12012012012012012,0.12012012012012012,0.10510510510510511,0.06606606606606606,0.12012012012012012,0.12012012012012012,0.10510510510510511
BTCUSD,後半,8,0.8848848848848849,0.7917917917917918,0.8938938938938938,0.48348348348348347,1.0,1.0,1.0,1.0,1.0,1.0,1.0,1.0
BTCUSD,後半,9,0.3833833833833834,0.25425425425425424,0.25825825825825827,0.1831831831831832,0.4954954954954955,0.6016016016016016,0.6016016016016016,0.5515515515515516,0.4954954954954955,0.6016016016016016,0.6016016016016016,0.5515515515515516
BTCUSD,後半,10,0.36236236236236236,0.31931931931931934,0.33133133133133136,0.1971971971971972,0.5385385385385385,0.6646646646646647,0.6646646646646647,0.5615615615615616,0.5385385385385385,0.6646646646646647,0.6646646646646647,0.5625625625625625
BTCUSD,後半,11,0.6796796796796797,0.5975975975975976,0.6316316316316316,0.3883883883883884,0.9019019019019019,0.9419419419419419,0.9419419419419419,0.8558558558558559,0.9019019019019019,0.9419419419419419,0.9419419419419419,0.8568568568568569
BTCUSD,後半,12,0.41041041041041043,0.14814814814814814,0.15715715715715717,0.0960960960960961,0.4294294294294294,0.4754754754754755,0.4754754754754755,0.38538538538538536,0.3933933933933934,0.4344344344344344,0.4344344344344344,0.3613613613613614
BTCUSD,後半,13,0.7857857857857858,0.5595595595595596,0.5965965965965966,0.3153153153153153,0.968968968968969,0.983983983983984,0.983983983983984,0.9059059059059059,0.968968968968969,0.983983983983984,0.983983983983984,0.9059059059059059
BTCUSD,後半,14,0.3793793793793794,0.24124124124124124,0.24624624624624625,0.17617617617617617,0.43543543543543545,0.5325325325325325,0.5325325325325325,0.5005005005005005,0.43543543543543545,0.5325325325325325,0.5325325325325325,0.5005005005005005
BTCUSD,後半,15,0.3433433433433433,0.13613613613613615,0.13813813813813813,0.0920920920920921,0.4014014014014014,0.4974974974974975,0.4974974974974975,0.45345345345345345,0.4014014014014014,0.4974974974974975,0.4974974974974975,0.45345345345345345
BTCUSD,後半,16,0.8018018018018018,0.7227227227227228,0.7627627627627628,0.45545545545545546,0.997997997997998,1.0,1.0,1.0,0.997997997997998,1.0,1.0,1.0
BTCUSD,後半,17,0.35935935935935936,0.25925925925925924,0.27127127127127126,0.16316316316316315,0.45545545545545546,0.5755755755755756,0.5755755755755756,0.4724724724724725,0.45545545545545546,0.5755755755755756,0.5755755755755756,0.4724724724724725
BTCUSD,後半,18,0.5585585585585585,0.3943943943943944,0.41541541541541543,0.25325325325325326,0.8128128128128128,0.8668668668668669,0.8678678678678678,0.7217217217217218,0.8128128128128128,0.8668668668668669,0.8678678678678678,0.7227227227227228
BTCUSD,後半,19,0.3063063063063063,0.13013013013013014,0.14214214214214213,0.08008008008008008,0.3233233233233233,0.31931931931931934,0.32232232232232233,0.22122122122122123,0.3233233233233233,0.31931931931931934,0.32232232232232233,0.22122122122122123
