day,entry,close,range,R_long,why_long,R_short,why_short,both_touch,real_dir
2021-01-04,103.247,102.857,0.4960000000000093,-0.39300000000000057,time,0.38700000000000057,time,False,short
2021-01-06,102.684,102.798,0.29300000000000637,0.11100000000000432,time,-0.11700000000000432,time,False,long
2021-01-07,103.021,103.678,0.7530000000000001,0.497,tp,-0.503,sl,False,long
2021-01-13,103.749,103.84,0.340999999999994,0.08800000000000818,time,-0.09400000000000819,time,False,long
2021-01-14,103.827,103.995,0.39799999999999613,0.16500000000000636,time,-0.17100000000000637,time,False,long
2021-01-15,103.838,103.661,0.23799999999999955,-0.1799999999999925,time,0.1739999999999925,time,False,short
2021-01-18,103.916,103.755,0.242999999999995,-0.16400000000000137,time,0.15800000000000136,time,False,short
2021-01-19,103.705,103.991,0.4329999999999927,0.28300000000000136,time,-0.28900000000000137,time,False,long
2021-01-20,103.898,103.82,0.2150000000000034,-0.08100000000000296,time,0.07500000000000295,time,False,short
2021-01-21,103.557,103.412,0.3030000000000115,-0.14799999999999602,time,0.14199999999999602,time,False,short
2021-01-25,103.789,103.817,0.21800000000000352,0.024999999999991588,time,-0.030999999999991586,time,False,long
2021-01-26,103.763,103.774,0.17100000000000648,0.00799999999999568,time,-0.013999999999995679,time,False,long
2021-01-27,103.599,103.836,0.2810000000000059,0.23399999999999477,time,-0.23999999999999477,time,False,long
2021-01-28,104.142,104.307,0.2360000000000042,0.16200000000000625,time,-0.16800000000000626,time,False,long
2021-02-01,104.715,104.883,0.34199999999999875,0.16499999999999215,time,-0.17099999999999216,time,False,long
2021-02-03,105.03,105.062,0.18200000000000216,0.028999999999996477,time,-0.03499999999999648,time,False,long
2021-02-04,104.996,105.335,0.3640000000000043,0.33599999999999863,time,-0.34199999999999864,time,False,long
2021-02-05,105.574,105.615,0.3370000000000033,0.037999999999996814,time,-0.04399999999999682,time,False,long
2021-02-08,105.395,105.501,0.20000000000000284,0.10300000000000875,time,-0.10900000000000876,time,False,long
2021-02-10,104.583,104.774,0.4339999999999975,0.1880000000000025,time,-0.1940000000000025,time,False,long
2021-02-11,104.618,104.723,0.21399999999999864,0.10200000000000398,time,-0.10800000000000398,time,False,long
2021-02-12,104.751,105.033,0.34199999999999875,0.2789999999999965,time,-0.2849999999999965,time,False,long
2021-02-15,105.065,105.265,0.4380000000000024,0.19700000000000284,time,-0.20300000000000284,time,False,long
2021-02-19,105.653,105.341,0.43200000000000216,-0.3150000000000118,time,0.3090000000000118,time,False,short
2021-02-24,105.296,105.822,0.5990000000000038,0.497,tp,-0.503,sl,False,long
2021-02-25,105.958,106.061,0.3270000000000124,0.10000000000000864,time,-0.10600000000000864,time,False,long
2021-02-26,106.39,106.325,0.671999999999997,-0.503,sl,0.497,tp,False,short
2021-03-01,106.48,106.71,0.37699999999999534,0.22699999999998977,time,-0.23299999999998977,time,False,long
2021-03-02,106.844,106.918,0.23299999999998988,0.07100000000001228,time,-0.07700000000001228,time,False,long
2021-03-03,106.758,106.999,0.3299999999999983,0.23799999999999966,time,-0.24399999999999966,time,False,long
2021-03-05,107.949,108.398,0.7360000000000042,0.497,tp,-0.503,sl,False,long
2021-03-08,108.404,108.574,0.29699999999999704,0.1670000000000017,time,-0.1730000000000017,time,False,long
2021-03-09,108.927,108.775,0.6730000000000018,-0.15500000000000103,time,0.14900000000000102,time,False,short
2021-03-10,108.576,108.818,0.402000000000001,0.23900000000000443,time,-0.24500000000000444,time,False,long
2021-03-11,108.451,108.471,0.4550000000000125,0.017000000000010233,time,-0.02300000000001023,time,False,long
2021-03-12,108.572,108.983,0.6490000000000009,0.497,tp,-0.503,sl,False,long
2021-03-15,109.116,109.175,0.45000000000000284,0.055999999999997496,time,-0.0619999999999975,time,False,long
2021-03-16,109.125,109.051,0.2560000000000002,-0.07699999999999807,time,0.07099999999999806,time,False,short
2021-03-17,109.03,109.185,0.2219999999999942,0.15200000000000113,time,-0.15800000000000114,time,False,long
2021-03-18,108.899,109.064,0.679000000000002,0.16199999999999204,time,-0.16799999999999204,time,False,long
2021-03-19,108.93,108.822,0.5210000000000008,-0.1110000000000041,time,0.10500000000000409,time,False,short
2021-03-22,108.875,108.7,0.3370000000000033,-0.17799999999999716,time,0.17199999999999716,time,False,short
2021-03-23,108.778,108.524,0.4680000000000035,-0.2570000000000049,time,0.2510000000000049,time,False,short
2021-03-24,108.518,108.656,0.3049999999999926,0.13500000000000523,time,-0.14100000000000523,time,False,long
2021-03-25,108.788,109.092,0.37699999999999534,0.30100000000000204,time,-0.30700000000000205,time,False,long
2021-03-26,109.177,109.755,0.6319999999999908,0.497,tp,-0.503,sl,False,long
2021-03-29,109.791,109.585,0.4210000000000065,-0.20900000000000307,time,0.20300000000000307,time,False,short
2021-03-30,109.837,110.349,0.6059999999999945,0.497,tp,-0.503,sl,False,long
2021-04-01,110.758,110.753,0.2779999999999916,-0.007999999999995452,time,0.0019999999999954525,time,False,short
2021-04-02,110.612,110.526,0.2950000000000017,-0.08899999999999852,time,0.08299999999999852,time,False,short
2021-04-05,110.679,110.493,0.2710000000000008,-0.18900000000000705,time,0.18300000000000705,time,False,short
2021-04-06,110.195,110.345,0.4240000000000066,0.14700000000000568,time,-0.1530000000000057,time,False,long
2021-04-07,109.796,109.832,0.36299999999999955,0.03299999999998715,time,-0.038999999999987156,time,False,long
2021-04-08,109.856,109.208,0.7220000000000084,-0.503,sl,0.497,tp,False,short
2021-04-09,109.332,109.714,0.5360000000000014,0.379000000000005,time,-0.385000000000005,time,False,long
2021-04-12,109.72,109.344,0.5249999999999915,-0.3790000000000048,time,0.37300000000000477,time,False,short
2021-04-13,109.381,109.407,0.6240000000000094,0.02299999999999625,time,-0.028999999999996248,time,False,long
2021-04-14,108.924,108.952,0.3199999999999932,0.024999999999991588,time,-0.030999999999991586,time,False,long
2021-04-15,108.893,108.789,0.29399999999999693,-0.1069999999999992,time,0.1009999999999992,time,False,short
2021-04-16,108.69,108.771,0.3539999999999992,0.07800000000000307,time,-0.08400000000000307,time,False,long
2021-04-19,108.723,108.048,0.7569999999999908,-0.503,sl,0.497,tp,False,short
2021-04-20,108.108,108.408,0.578000000000003,0.29699999999999716,time,-0.30299999999999716,time,False,long
2021-04-21,108.132,108.128,0.4060000000000059,-0.007000000000004889,time,0.0010000000000048885,time,False,short
2021-04-22,108.042,108.026,0.2459999999999951,-0.019000000000005342,time,0.013000000000005344,time,False,short
2021-04-23,107.986,107.779,0.23699999999999477,-0.21000000000000785,time,0.20400000000000784,time,False,short
2021-04-26,107.881,107.772,0.29999999999999716,-0.11199999999999466,time,0.10599999999999465,time,False,short
2021-04-27,108.199,108.229,0.3259999999999934,0.027000000000001138,time,-0.03300000000000114,time,False,long
2021-04-28,108.749,108.898,0.35299999999999443,0.1460000000000009,time,-0.1520000000000009,time,False,long
2021-04-29,108.505,108.978,0.6340000000000003,0.497,tp,-0.503,sl,False,long
2021-04-30,108.904,108.918,0.34600000000000364,0.011000000000010005,time,-0.017000000000010004,time,False,long
2021-05-03,109.285,109.473,0.38400000000000034,0.18500000000000238,time,-0.1910000000000024,time,False,long
2021-05-04,109.088,109.296,0.42799999999999727,0.20500000000001262,time,-0.21100000000001262,time,False,long
2021-05-05,109.331,109.333,0.28600000000000136,-0.0010000000000046612,time,-0.004999999999995339,time,False,long
2021-05-06,109.22,109.165,0.3669999999999902,-0.05799999999999261,time,0.05199999999999261,time,False,short
2021-05-07,109.05,109.207,0.2709999999999866,0.15399999999999647,time,-0.15999999999999648,time,False,long
2021-05-10,108.574,108.799,0.5,0.22200000000000852,time,-0.22800000000000853,time,False,long
2021-05-11,108.848,108.593,0.394999999999996,-0.25799999999999546,time,0.25199999999999545,time,False,short
2021-05-13,109.664,109.617,0.30400000000000205,-0.04999999999999705,time,0.04399999999999704,time,False,short
2021-05-14,109.517,109.32,0.409000000000006,-0.20000000000000273,time,0.19400000000000273,time,False,short
2021-05-17,109.42,109.204,0.4280000000000115,-0.2190000000000082,time,0.21300000000000818,time,False,short
2021-05-19,108.868,109.182,0.4759999999999991,0.31100000000000716,time,-0.31700000000000716,time,False,long
2021-05-20,109.261,108.917,0.4230000000000018,-0.3469999999999941,time,0.3409999999999941,time,False,short
2021-05-21,108.862,108.827,0.2890000000000015,-0.03799999999999659,time,0.03199999999999659,time,False,short
2021-05-24,108.914,108.927,0.2960000000000065,0.01000000000000523,time,-0.01600000000000523,time,False,long
2021-05-25,108.847,108.87,0.40800000000000125,0.020000000000010346,time,-0.026000000000010345,time,False,long
2021-05-26,108.794,108.905,0.2120000000000033,0.1080000000000042,time,-0.11400000000000421,time,False,long
2021-05-27,109.171,109.229,0.2189999999999941,0.05499999999999272,time,-0.06099999999999273,time,False,long
2021-05-28,109.81,110.044,0.2909999999999968,0.23099999999999465,time,-0.23699999999999466,time,False,long
2021-06-03,109.595,109.794,0.28000000000000114,0.19599999999999806,time,-0.20199999999999807,time,False,long
2021-06-04,110.291,110.101,0.2400000000000091,-0.19299999999999773,time,0.18699999999999772,time,False,short
2021-06-07,109.618,109.3,0.38800000000000523,-0.32099999999999784,time,0.31499999999999784,time,False,short
2021-06-08,109.272,109.406,0.36000000000001364,0.13100000000000034,time,-0.13700000000000034,time,False,long
2021-06-09,109.47,109.385,0.18200000000000216,-0.08799999999999375,time,0.08199999999999374,time,False,short
2021-06-10,109.614,109.523,0.22799999999999443,-0.09400000000000819,time,0.08800000000000818,time,False,short
2021-06-11,109.393,109.567,0.2680000000000007,0.17099999999999238,time,-0.17699999999999239,time,False,long
2021-06-14,109.715,109.753,0.2189999999999941,0.0349999999999967,time,-0.040999999999996706,time,False,long
2021-06-15,110.043,110.126,0.1799999999999926,0.0799999999999984,time,-0.08599999999999841,time,False,long
2021-06-16,110.081,109.95,0.24200000000000443,-0.13400000000000023,time,0.12800000000000022,time,False,short
2021-06-17,110.772,110.713,0.2780000000000058,-0.06200000000001171,time,0.05600000000001171,time,False,short
2021-06-18,110.324,110.092,0.38700000000000045,-0.23499999999999932,time,0.22899999999999932,time,False,short
2021-06-21,110.204,110.11,0.5409999999999968,-0.09699999999999409,time,0.09099999999999409,time,False,short
2021-06-22,110.378,110.452,0.2609999999999957,0.07099999999999806,time,-0.07699999999999807,time,False,long
2021-06-23,110.653,111.036,0.46000000000000796,0.37999999999999556,time,-0.38599999999999557,time,False,long
2021-06-24,111.013,110.86,0.355000000000004,-0.1560000000000058,time,0.1500000000000058,time,False,short
2021-06-28,110.81,110.934,0.33100000000000307,0.12099999999999522,time,-0.12699999999999523,time,False,long
2021-06-29,110.605,110.606,0.24200000000000443,-0.002000000000009436,time,-0.003999999999990564,time,False,long
2021-06-30,110.535,110.523,0.1770000000000067,-0.015000000000000454,time,0.009000000000000456,time,False,short
2021-07-01,111.131,111.466,0.6000000000000085,0.33199999999999374,time,-0.33799999999999375,time,False,long
2021-07-02,111.571,111.443,0.27899999999999636,-0.13100000000000012,time,0.1250000000000001,time,False,short
2021-07-05,111.141,110.843,0.39299999999998647,-0.3010000000000018,time,0.2950000000000018,time,False,short
2021-07-06,110.917,110.654,0.32200000000000273,-0.26600000000000523,time,0.2600000000000052,time,False,short
2021-07-07,110.601,110.681,0.42199999999999704,0.07699999999999829,time,-0.0829999999999983,time,False,long
2021-07-08,110.634,109.75,0.9449999999999932,-0.503,sl,0.497,tp,False,short
2021-07-09,109.802,110.055,0.38000000000000966,0.2500000000000001,time,-0.2560000000000001,time,False,long
2021-07-12,110.217,110.209,0.30100000000000193,-0.010999999999995565,time,0.004999999999995566,time,False,short
2021-07-13,110.329,110.216,0.24899999999999523,-0.11599999999999955,time,0.10999999999999954,time,False,short
2021-07-14,110.597,110.461,0.2839999999999918,-0.13899999999999568,time,0.13299999999999568,time,False,short
2021-07-15,109.996,109.993,0.3300000000000125,-0.006000000000000114,time,1.1362438767648086e-16,time,False,short
2021-07-16,109.777,110.197,0.5080000000000098,0.4170000000000017,time,-0.4230000000000017,time,False,long
2021-07-19,109.876,109.665,0.42199999999999704,-0.21399999999999852,time,0.20799999999999852,time,False,short
2021-07-20,109.528,109.59,0.4170000000000016,0.05899999999999761,time,-0.06499999999999762,time,False,long
2021-07-21,109.917,110.078,0.3780000000000001,0.15800000000000136,time,-0.16400000000000137,time,False,long
2021-07-22,110.248,110.268,0.2909999999999968,0.016999999999996022,time,-0.02299999999999602,time,False,long
2021-07-23,110.141,110.527,0.4609999999999985,0.3829999999999957,time,-0.3889999999999957,time,False,long
2021-07-26,110.543,110.284,0.46699999999999875,-0.26200000000000034,time,0.25600000000000034,time,False,short
2021-07-27,110.307,110.126,0.35299999999999443,-0.1839999999999974,time,0.17799999999999738,time,False,short
2021-07-28,109.807,109.976,0.242999999999995,0.16599999999999693,time,-0.17199999999999693,time,False,long
2021-07-29,109.89,109.838,0.21399999999999864,-0.05500000000000671,time,0.049000000000006705,time,False,short
2021-07-30,109.41,109.525,0.2669999999999959,0.11200000000000909,time,-0.1180000000000091,time,False,long
2021-08-03,109.271,109.17,0.2360000000000042,-0.1039999999999991,time,0.09799999999999909,time,False,short
2021-08-04,108.989,109.166,0.3100000000000023,0.1739999999999925,time,-0.1799999999999925,time,False,long
2021-08-05,109.534,109.592,0.2389999999999901,0.05499999999999272,time,-0.06099999999999273,time,False,long
2021-08-06,109.753,109.827,0.18900000000000716,0.07099999999999806,time,-0.07699999999999807,time,False,long
2021-08-09,110.263,110.101,0.2739999999999867,-0.16500000000000614,time,0.15900000000000614,time,False,short
2021-08-10,110.322,110.487,0.2459999999999951,0.16199999999999204,time,-0.16799999999999204,time,False,long
2021-08-11,110.598,110.738,0.16899999999999693,0.13700000000000057,time,-0.14300000000000057,time,False,long
2021-08-12,110.374,110.438,0.14700000000000557,0.06100000000000716,time,-0.06700000000000716,time,False,long
2021-08-13,110.402,110.236,0.257000000000005,-0.16899999999999682,time,0.16299999999999681,time,False,short
2021-08-16,109.627,109.385,0.3709999999999951,-0.24499999999999023,time,0.23899999999999022,time,False,short
2021-08-17,109.299,109.295,0.3130000000000024,-0.007000000000004889,time,0.0010000000000048885,time,False,short
2021-08-18,109.537,109.744,0.33899999999999864,0.20399999999999363,time,-0.20999999999999364,time,False,long
2021-08-19,109.84,109.572,0.7449999999999903,-0.2710000000000007,time,0.2650000000000007,time,False,short
2021-08-20,109.769,109.694,0.3160000000000025,-0.07800000000000284,time,0.07200000000000284,time,False,short
2021-08-23,109.841,110.13,0.33899999999999864,0.2860000000000015,time,-0.2920000000000015,time,False,long
2021-08-24,109.676,109.794,0.23699999999999477,0.114999999999995,time,-0.120999999999995,time,False,long
2021-08-25,109.727,109.778,0.1700000000000017,0.04800000000000193,time,-0.054000000000001935,time,False,long
2021-08-27,110.048,110.144,0.3059999999999974,0.09300000000000364,time,-0.09900000000000364,time,False,long
2021-08-30,109.862,109.835,0.17499999999999716,-0.030000000000001022,time,0.024000000000001024,time,False,short
2021-08-31,109.946,109.936,0.18499999999998806,-0.012999999999990904,time,0.006999999999990905,time,False,short
2021-09-01,110.056,110.4,0.367999999999995,0.3410000000000083,time,-0.3470000000000083,time,False,long
2021-09-02,110.092,109.995,0.20699999999999363,-0.0999999999999942,time,0.0939999999999942,time,False,short
2021-09-03,109.946,109.948,0.2680000000000007,-0.0010000000000046612,time,-0.004999999999995339,time,False,long
2021-09-06,109.779,109.85,0.20000000000000284,0.06799999999999795,time,-0.07399999999999796,time,False,long
2021-09-07,109.823,110.025,0.3160000000000025,0.1990000000000124,time,-0.2050000000000124,time,False,long
2021-09-08,110.297,110.296,0.3049999999999926,-0.003999999999990564,time,-0.002000000000009436,time,False,short
2021-09-09,110.22,109.86,0.4240000000000066,-0.36299999999999943,time,0.35699999999999943,time,False,short
2021-09-10,109.771,109.867,0.2960000000000065,0.09300000000000364,time,-0.09900000000000364,time,False,long
2021-09-13,109.916,110.096,0.23599999999999,0.17700000000000682,time,-0.18300000000000682,time,False,long
2021-09-14,109.995,110.113,0.19899999999999807,0.114999999999995,time,-0.120999999999995,time,False,long
2021-09-15,109.714,109.239,0.5229999999999961,-0.4779999999999943,time,0.4719999999999943,time,False,short
2021-09-16,109.382,109.397,0.2150000000000034,0.01200000000000057,time,-0.018000000000000568,time,False,long
2021-09-20,109.978,109.525,0.5439999999999969,-0.45599999999998875,time,0.44999999999998874,time,False,short
2021-09-21,109.435,109.396,0.34499999999999886,-0.04200000000000148,time,0.036000000000001475,time,False,short
2021-09-22,109.152,109.53,0.48399999999999466,0.3750000000000001,time,-0.3810000000000001,time,False,long
2021-09-23,109.822,110.025,0.29000000000000625,0.20000000000000295,time,-0.20600000000000296,time,False,long
2021-09-24,110.328,110.534,0.25899999999998613,0.20300000000000307,time,-0.20900000000000307,time,False,long
2021-09-27,110.766,111.029,0.5309999999999917,0.259999999999991,time,-0.265999999999991,time,False,long
2021-09-28,110.963,111.437,0.5310000000000059,0.497,tp,-0.503,sl,False,long
2021-09-29,111.526,111.401,0.47800000000000864,-0.128,time,0.122,time,False,short
2021-09-30,111.936,111.988,0.284000000000006,0.048999999999992494,time,-0.0549999999999925,time,False,long
2021-10-01,111.463,111.16,0.4409999999999883,-0.3059999999999973,time,0.29999999999999727,time,False,short
2021-10-04,110.949,111.081,0.41800000000000637,0.129000000000005,time,-0.135000000000005,time,False,long
2021-10-05,110.968,111.218,0.4440000000000026,0.247,time,-0.253,time,False,long
2021-10-06,111.485,111.371,0.4420000000000073,-0.11700000000000432,time,0.11100000000000432,time,False,short
2021-10-07,111.404,111.35,0.2990000000000066,-0.05700000000000205,time,0.051000000000002044,time,False,short
2021-10-08,111.661,111.748,0.34199999999999875,0.0840000000000033,time,-0.0900000000000033,time,False,long
2021-10-11,112.273,112.911,0.7789999999999964,0.497,tp,-0.503,sl,False,long
2021-10-12,113.387,113.356,0.4860000000000042,-0.034000000000005914,time,0.028000000000005913,time,False,short
2021-10-13,113.537,113.58,0.20900000000000318,0.03999999999999215,time,-0.04599999999999216,time,False,long
2021-10-15,113.831,114.327,0.5939999999999941,0.497,tp,-0.503,sl,False,long
2021-10-18,114.331,114.372,0.4369999999999976,0.037999999999996814,time,-0.04399999999999682,time,False,long
2021-10-19,114.286,114.201,0.4749999999999943,-0.08800000000000796,time,0.08200000000000796,time,False,short
2021-10-20,114.544,114.398,0.41100000000000136,-0.1490000000000008,time,0.1430000000000008,time,False,short
2021-10-21,114.386,114.169,0.4989999999999952,-0.21999999999999875,time,0.21399999999999875,time,False,short
2021-10-22,113.846,113.88,0.46699999999999875,0.030999999999991815,time,-0.03699999999999182,time,False,long
2021-10-25,113.669,113.696,0.31399999999999295,0.024000000000001024,time,-0.030000000000001022,time,False,long
2021-10-26,113.763,113.946,0.36199999999999477,0.17999999999999272,time,-0.18599999999999273,time,False,long
2021-10-27,114.183,113.656,0.6829999999999927,-0.503,sl,0.497,tp,False,short
2021-10-28,113.77,113.609,0.36700000000000443,-0.16400000000000137,time,0.15800000000000136,time,False,short
2021-10-29,113.617,113.867,0.4969999999999999,0.247,time,-0.253,time,False,long
2021-11-01,114.236,114.236,0.41799999999999216,-0.003,time,-0.003,time,False,short
2021-11-02,114.089,113.694,0.6710000000000065,-0.503,sl,0.497,tp,False,short
2021-11-03,113.964,113.774,0.22700000000000387,-0.19299999999999773,time,0.18699999999999772,time,False,short
2021-11-04,114.068,113.814,0.48799999999999955,-0.2570000000000049,time,0.2510000000000049,time,False,short
2021-11-05,113.833,113.83,0.36299999999999955,-0.006000000000000114,time,1.1362438767648086e-16,time,False,short
2021-11-08,113.474,113.477,0.22800000000000864,1.1362438767648086e-16,time,-0.006000000000000114,time,False,long
2021-11-09,113.254,112.965,0.5370000000000061,-0.503,sl,0.497,tp,False,short
2021-11-10,112.914,113.226,0.4759999999999991,0.3089999999999976,time,-0.3149999999999976,time,False,long
2021-11-11,113.905,113.956,0.2669999999999959,0.04800000000000193,time,-0.054000000000001935,time,False,long
2021-11-12,114.042,114.057,0.34900000000000375,0.01200000000000057,time,-0.018000000000000568,time,False,long
2021-11-15,113.981,113.823,0.2599999999999909,-0.16100000000000125,time,0.15500000000000125,time,False,short
2021-11-16,114.129,114.232,0.21099999999999852,0.09999999999999443,time,-0.10599999999999443,time,False,long
2021-11-17,114.903,114.741,0.23800000000001376,-0.16500000000000614,time,0.15900000000000614,time,False,short
2021-11-18,114.19,114.181,0.29300000000000637,-0.01200000000000034,time,0.006000000000000341,time,False,short
2021-11-19,114.282,113.841,0.7279999999999944,-0.4440000000000025,time,0.4380000000000025,time,False,short
2021-11-22,114.142,114.116,0.2469999999999999,-0.028999999999996248,time,0.02299999999999625,time,False,short
2021-11-23,114.788,114.961,0.6710000000000065,0.17000000000000182,time,-0.17600000000000182,time,False,long
2021-11-24,115.141,115.001,0.41100000000000136,-0.14300000000000057,time,0.13700000000000057,time,False,short
2021-11-25,115.407,115.347,0.14399999999999125,-0.06300000000000228,time,0.05700000000000227,time,False,short
2021-11-26,115.074,114.161,0.9740000000000038,-0.503,sl,0.497,tp,False,short
2021-11-29,113.719,113.445,0.6440000000000055,-0.2770000000000009,time,0.2710000000000009,time,False,short
2021-11-30,113.804,113.074,1.2090000000000032,-0.503,sl,0.497,tp,False,short
2021-12-01,113.3,113.38,0.5250000000000057,0.07699999999999829,time,-0.0829999999999983,time,False,long
2021-12-02,112.879,113.205,0.5139999999999958,0.3229999999999934,time,-0.3289999999999934,time,False,long
2021-12-03,113.021,113.254,0.3810000000000002,0.2300000000000041,time,-0.2360000000000041,time,False,long
2021-12-06,113.044,113.228,0.5240000000000009,0.1809999999999975,time,-0.1869999999999975,time,False,long
2021-12-09,113.684,113.498,0.46300000000000807,-0.18899999999999284,time,0.18299999999999284,time,False,short
2021-12-10,113.439,113.762,0.4609999999999985,0.3200000000000075,time,-0.3260000000000075,time,False,long
2021-12-13,113.513,113.638,0.2810000000000059,0.122,time,-0.128,time,False,long
2021-12-14,113.578,113.534,0.28700000000000614,-0.04699999999999693,time,0.04099999999999693,time,False,short
2021-12-15,113.739,113.797,0.21000000000000796,0.05499999999999272,time,-0.06099999999999273,time,False,long
2021-12-16,114.142,114.174,0.2120000000000033,0.029000000000010687,time,-0.03500000000001069,time,False,long
2021-12-17,113.664,113.476,0.43899999999999295,-0.1910000000000024,time,0.18500000000000238,time,False,short
2021-12-20,113.516,113.681,0.367999999999995,0.16199999999999204,time,-0.16799999999999204,time,False,long
2021-12-21,113.664,113.703,0.22299999999999898,0.036000000000001475,time,-0.04200000000000148,time,False,long
2021-12-22,113.993,114.223,0.3410000000000082,0.22700000000000398,time,-0.23300000000000398,time,False,long
2021-12-23,114.126,114.291,0.23399999999999466,0.16199999999999204,time,-0.16799999999999204,time,False,long
2021-12-24,114.461,114.379,0.21299999999999386,-0.08499999999999364,time,0.07899999999999363,time,False,short
2021-12-27,114.34,114.662,0.37699999999999534,0.3190000000000027,time,-0.32500000000000273,time,False,long
2021-12-28,114.791,114.845,0.20300000000000296,0.051000000000002044,time,-0.05700000000000205,time,False,long
2021-12-29,114.767,114.881,0.29300000000000637,0.11100000000000432,time,-0.11700000000000432,time,False,long
2021-12-30,114.949,115.109,0.26200000000000045,0.1569999999999966,time,-0.1629999999999966,time,False,long
2021-12-31,115.063,115.126,0.1529999999999916,0.060000000000002385,time,-0.06600000000000239,time,False,long
2022-01-03,115.14,115.065,0.3689999999999998,-0.07800000000000284,time,0.07200000000000284,time,False,short
2022-01-04,115.33,116.146,0.8829999999999956,0.497,tp,-0.503,sl,False,long
2022-01-05,116.174,115.672,0.6219999999999999,-0.503,sl,0.497,tp,False,short
2022-01-06,116.124,115.797,0.527000000000001,-0.3299999999999982,time,0.3239999999999982,time,False,short
2022-01-07,115.864,115.797,0.2950000000000017,-0.07000000000000728,time,0.06400000000000727,time,False,short
2022-01-10,115.621,115.312,0.5520000000000067,-0.3119999999999975,time,0.3059999999999975,time,False,short
2022-01-11,115.279,115.401,0.3509999999999991,0.11899999999999988,time,-0.12499999999999989,time,False,long
2022-01-12,115.332,115.397,0.23499999999999943,0.062000000000011934,time,-0.06800000000001194,time,False,long
2022-01-13,114.675,114.507,0.33899999999999864,-0.17099999999999216,time,0.16499999999999215,time,False,short
2022-01-14,114.116,113.885,0.5390000000000015,-0.23399999999999455,time,0.22799999999999454,time,False,short
2022-01-17,114.309,114.479,0.2710000000000008,0.1670000000000017,time,-0.1730000000000017,time,False,long
2022-01-18,114.572,114.688,0.6080000000000041,0.11299999999999966,time,-0.11899999999999966,time,False,long
2022-01-19,114.555,114.5,0.5820000000000078,-0.058000000000006824,time,0.05200000000000682,time,False,short
2022-01-20,114.347,114.278,0.5240000000000009,-0.0719999999999884,time,0.0659999999999884,time,False,short
2022-01-21,113.99,113.844,0.40800000000000125,-0.1490000000000008,time,0.1430000000000008,time,False,short
2022-01-24,113.787,113.819,0.5080000000000098,0.028999999999996477,time,-0.03499999999999648,time,False,long
2022-01-25,114.012,114.005,0.48799999999999955,-0.010000000000005001,time,0.004000000000005002,time,False,short
2022-01-26,113.895,114.196,0.4590000000000032,0.29800000000000193,time,-0.30400000000000194,time,False,long
2022-01-27,114.719,115.199,0.7729999999999961,0.497,tp,-0.503,sl,False,long
2022-01-28,115.35,115.644,0.37000000000000455,0.29100000000001114,time,-0.29700000000001114,time,False,long
2022-02-01,115.119,114.625,0.5790000000000077,-0.503,sl,0.497,tp,False,short
2022-02-03,114.378,114.834,0.5229999999999961,0.45300000000000307,time,-0.45900000000000307,time,False,long
2022-02-04,114.956,114.872,0.3370000000000033,-0.08700000000000319,time,0.08100000000000318,time,False,short
2022-02-07,115.225,114.945,0.4620000000000033,-0.28300000000000114,time,0.27700000000000113,time,False,short
2022-02-08,115.063,115.31,0.4860000000000042,0.24399999999999988,time,-0.2499999999999999,time,False,long
2022-02-09,115.533,115.435,0.27300000000001035,-0.10099999999999898,time,0.09499999999999897,time,False,short
2022-02-10,115.598,115.816,0.3960000000000008,0.21500000000000352,time,-0.22100000000000353,time,False,long
2022-02-11,116.052,116.001,0.29400000000001114,-0.054000000000001935,time,0.04800000000000193,time,False,short
2022-02-14,115.583,115.176,0.583999999999989,-0.503,sl,0.497,tp,False,short
2022-02-15,115.539,115.602,0.387999999999991,0.060000000000002385,time,-0.06600000000000239,time,False,long
2022-02-16,115.64,115.722,0.18500000000000227,0.07899999999999363,time,-0.08499999999999364,time,False,long
2022-02-17,115.391,115.06,0.5490000000000066,-0.33400000000000307,time,0.32800000000000307,time,False,short
2022-02-21,114.961,114.871,0.32200000000000273,-0.09300000000000341,time,0.08700000000000341,time,False,short
2022-02-22,114.608,115.079,0.5759999999999934,0.4679999999999894,time,-0.47399999999998943,time,False,long
2022-02-23,115.097,115.09,0.17900000000000205,-0.00999999999999079,time,0.003999999999990791,time,False,short
2022-02-24,114.895,114.784,0.7109999999999985,-0.11399999999999,time,0.10799999999998999,time,False,short
2022-02-25,115.548,115.469,0.47800000000000864,-0.08200000000000773,time,0.07600000000000773,time,False,short
2022-02-28,115.587,115.541,0.24800000000000466,-0.04900000000000648,time,0.04300000000000648,time,False,short
2022-03-01,115.086,114.805,0.5450000000000017,-0.2839999999999917,time,0.2779999999999917,time,False,short
2022-03-02,114.838,115.248,0.49900000000000944,0.4070000000000108,time,-0.4130000000000108,time,False,long
2022-03-03,115.515,115.762,0.3149999999999977,0.24399999999999988,time,-0.2499999999999999,time,False,long
2022-03-04,115.484,115.379,0.30299999999999727,-0.10799999999998977,time,0.10199999999998977,time,False,short
2022-03-07,114.952,115.082,0.3079999999999927,0.12699999999999545,time,-0.13299999999999546,time,False,long
2022-03-08,115.365,115.633,0.3810000000000002,0.2650000000000007,time,-0.2710000000000007,time,False,long
2022-03-09,115.723,115.916,0.23699999999999477,0.18999999999999784,time,-0.19599999999999784,time,False,long
2022-03-10,115.906,115.94,0.382000000000005,0.030999999999991815,time,-0.03699999999999182,time,False,long
2022-03-11,116.18,116.889,0.9159999999999968,0.497,tp,-0.503,sl,False,long
2022-03-14,117.529,117.952,0.605000000000004,0.497,tp,-0.503,sl,False,long
2022-03-15,118.219,117.897,0.7540000000000049,-0.503,sl,0.497,tp,False,short
2022-03-16,118.312,118.241,0.25499999999999545,-0.07399999999999796,time,0.06799999999999795,time,False,short
2022-03-17,118.868,118.626,0.5319999999999965,-0.24499999999999023,time,0.23899999999999022,time,False,short
2022-03-18,118.487,119.04,0.6580000000000013,0.497,tp,-0.503,sl,False,long
2022-03-21,119.263,119.205,0.16100000000000136,-0.06100000000000694,time,0.05500000000000693,time,False,short
2022-03-22,119.591,120.327,0.882000000000005,0.497,tp,-0.503,sl,False,long
2022-03-23,121.338,121.08,0.5539999999999878,-0.503,sl,0.497,tp,False,short
2022-03-24,121.121,121.221,0.3509999999999991,0.09700000000000852,time,-0.10300000000000853,time,False,long
2022-03-25,122.349,121.93,0.6500000000000057,-0.503,sl,0.497,tp,False,short
2022-04-04,122.632,122.783,0.5729999999999933,0.14799999999999625,time,-0.15399999999999625,time,False,long
2022-04-05,122.796,122.925,0.625,0.12599999999999068,time,-0.13199999999999068,time,False,long
2022-04-06,123.656,123.869,0.4509999999999934,0.20999999999999386,time,-0.21599999999999386,time,False,long
2022-04-07,123.724,123.94,0.48499999999999943,0.21299999999999397,time,-0.21899999999999398,time,False,long
2022-04-08,124.096,124.095,0.49200000000000443,-0.004000000000004775,time,-0.001999999999995225,time,False,short
2022-04-11,124.395,125.702,1.4209999999999923,0.497,tp,-0.503,sl,False,long
2022-04-12,125.482,125.476,0.6539999999999964,-0.009000000000000227,time,0.0030000000000002273,time,False,short
2022-04-13,125.429,125.832,0.9660000000000082,0.497,tp,-0.503,sl,False,long
2022-04-14,125.364,125.347,0.5120000000000005,-0.020000000000010117,time,0.014000000000010119,time,False,short
2022-04-15,126.173,126.466,0.625,0.497,tp,-0.503,sl,False,long
2022-04-18,126.61,126.547,0.5510000000000019,-0.06600000000000239,time,0.060000000000002385,time,False,short
2022-04-19,127.143,128.196,1.472999999999999,0.497,tp,-0.503,sl,False,long
2022-04-20,129.328,127.882,1.8029999999999973,-0.503,sl,0.497,tp,False,short
2022-04-21,127.978,128.232,0.8359999999999985,0.497,tp,-0.503,sl,False,long
2022-04-22,128.439,128.266,0.9539999999999935,-0.503,sl,0.497,tp,False,short
2022-04-25,128.605,128.165,0.9869999999999948,-0.503,sl,0.497,tp,False,short
2022-04-26,127.779,127.542,0.8569999999999993,-0.23999999999999477,time,0.23399999999999477,time,False,short
2022-04-27,127.262,127.918,0.8580000000000041,0.497,tp,-0.503,sl,False,long
2022-04-28,128.446,130.916,2.6610000000000014,0.497,tp,-0.503,sl,False,long
2022-04-29,130.782,130.005,1.054000000000002,-0.503,sl,0.497,tp,False,short
2022-05-02,129.997,129.894,0.8159999999999741,-0.10600000000000864,time,0.10000000000000864,time,False,short
2022-05-05,129.234,129.992,1.257000000000005,0.497,tp,-0.503,sl,False,long
2022-05-06,130.321,130.419,0.5939999999999941,0.09500000000001319,time,-0.10100000000001319,time,False,long
2022-05-09,130.737,131.019,0.6730000000000018,0.497,tp,-0.503,sl,False,long
2022-05-10,130.376,130.073,0.679000000000002,-0.503,sl,0.497,tp,False,short
2022-05-11,130.366,129.813,0.8830000000000098,-0.503,sl,0.497,tp,False,short
2022-05-12,129.844,128.525,1.4969999999999857,-0.503,sl,0.497,tp,False,short
2022-05-13,128.602,129.055,1.0130000000000052,0.497,tp,-0.503,sl,False,long
2022-05-16,129.407,129.485,0.9410000000000025,-0.503,sl,0.497,tp,False,long
2022-05-17,128.948,129.324,0.7319999999999993,0.497,tp,-0.503,sl,False,long
2022-05-18,129.422,129.105,0.5200000000000102,-0.3200000000000073,time,0.3140000000000073,time,False,short
2022-05-19,127.929,127.934,1.3660000000000139,0.497,tp,-0.503,sl,False,long
2022-05-20,127.851,128.047,0.769999999999996,0.19299999999999795,time,-0.19899999999999796,time,False,long
2022-05-23,127.89,127.612,0.8039999999999878,-0.503,sl,0.497,tp,False,short
2022-05-24,127.816,127.389,1.0040000000000049,-0.503,sl,0.497,tp,False,short
2022-05-25,126.732,126.971,0.6420000000000101,0.497,tp,-0.503,sl,False,long
2022-05-26,127.15,127.029,1.0300000000000011,-0.503,sl,0.497,tp,False,short
2022-05-27,127.103,126.915,0.5219999999999914,-0.19099999999998818,time,0.18499999999998817,time,False,short
2022-05-30,127.268,127.422,0.487000000000009,0.15099999999999636,time,-0.15699999999999636,time,False,long
2022-05-31,127.779,128.177,0.7049999999999983,0.497,tp,-0.503,sl,False,long
2022-06-01,128.737,129.55,0.8779999999999859,0.497,tp,-0.503,sl,False,long
2022-06-02,130.125,129.672,0.6079999999999757,-0.503,sl,0.497,tp,False,short
2022-06-03,129.934,130.132,0.5130000000000052,0.1950000000000075,time,-0.2010000000000075,time,False,long
2022-06-06,130.72,130.648,0.41100000000000136,-0.07500000000000273,time,0.06900000000000273,time,False,short
2022-06-07,132.173,132.852,0.9070000000000107,0.497,tp,-0.503,sl,False,long
2022-06-08,132.82,133.981,1.4129999999999825,0.497,tp,-0.503,sl,False,long
2022-06-09,134.454,133.707,1.3730000000000189,-0.503,sl,0.497,tp,False,short
2022-06-10,134.391,133.951,1.0300000000000011,-0.503,sl,0.497,tp,False,short
2022-06-13,134.786,134.5,1.0600000000000023,-0.503,sl,0.497,tp,False,short
2022-06-14,134.235,134.513,0.9470000000000027,0.497,tp,-0.503,sl,False,long
2022-06-15,135.274,134.523,1.009999999999991,-0.503,sl,0.497,tp,False,short
2022-06-16,134.045,132.842,2.3640000000000043,0.497,tp,-0.503,sl,True,short
2022-06-17,132.414,134.688,2.7379999999999995,0.497,tp,-0.503,sl,False,long
2022-06-22,136.313,136.252,0.5790000000000077,-0.06399999999997863,time,0.057999999999978624,time,False,short
2022-06-23,135.99,135.433,1.0749999999999886,-0.503,sl,0.497,tp,False,short
2022-06-24,134.817,134.549,0.679000000000002,-0.2710000000000007,time,0.2650000000000007,time,False,short
2022-06-28,135.435,136.088,1.1839999999999975,0.497,tp,-0.503,sl,False,long
2022-06-29,136.043,136.503,0.8140000000000214,0.497,tp,-0.503,sl,False,long
2022-06-30,136.62,136.286,0.8460000000000036,-0.503,sl,0.497,tp,False,short
2022-07-01,135.796,135.353,1.13900000000001,-0.503,sl,0.497,tp,False,short
2022-07-04,134.999,135.322,0.76400000000001,0.497,tp,-0.503,sl,False,long
2022-07-05,135.862,135.842,0.8070000000000164,-0.02299999999998181,time,0.01699999999998181,time,False,short
2022-07-06,135.54,135.251,0.6299999999999955,-0.29199999999998727,time,0.28599999999998726,time,False,short
2022-07-07,135.95,135.689,0.6709999999999923,-0.2639999999999957,time,0.2579999999999957,time,False,short
2022-07-11,136.294,137.343,1.163000000000011,0.497,tp,-0.503,sl,False,long
2022-07-12,137.412,136.777,0.9120000000000061,-0.503,sl,0.497,tp,False,short
2022-07-13,136.734,137.041,0.5629999999999882,0.497,tp,-0.503,sl,False,long
2022-07-14,137.629,138.865,1.7990000000000066,0.497,tp,-0.503,sl,False,long
2022-07-15,138.973,138.697,0.532999999999987,-0.27900000000001046,time,0.27300000000001046,time,False,short
2022-07-18,138.293,138.279,0.5660000000000025,-0.017000000000010004,time,0.011000000000010005,time,False,short
2022-07-19,138.256,137.476,1.0109999999999957,-0.503,sl,0.497,tp,False,short
2022-07-20,138.184,138.142,0.47399999999998954,-0.045000000000001594,time,0.03900000000000159,time,False,short
2022-07-21,138.417,138.749,0.8959999999999866,0.32899999999999363,time,-0.33499999999999364,time,False,long
2022-07-22,137.078,136.895,1.1740000000000066,0.497,tp,-0.503,sl,False,short
2022-07-26,136.409,136.657,0.5669999999999789,0.24500000000001887,time,-0.2510000000000189,time,False,long
2022-07-27,136.959,136.772,0.6119999999999948,-0.19000000000001183,time,0.18400000000001182,time,False,short
2022-07-28,136.115,135.708,1.3160000000000025,-0.503,sl,0.497,tp,False,short
2022-07-29,134.399,133.442,2.1710000000000207,-0.503,sl,0.497,tp,False,short
2022-08-01,133.367,132.416,1.5369999999999777,-0.503,sl,0.497,tp,False,short
2022-08-02,131.402,130.989,1.1330000000000098,-0.503,sl,0.497,tp,False,short
2022-08-03,133.341,133.466,1.6200000000000045,0.497,tp,-0.503,sl,True,long
2022-08-04,133.925,133.788,1.0039999999999907,-0.503,sl,0.497,tp,False,short
2022-08-08,135.059,134.798,0.9830000000000041,0.497,tp,-0.503,sl,False,short
2022-08-10,135.206,134.811,0.5020000000000095,-0.3979999999999818,time,0.3919999999999818,time,False,short
2022-08-11,132.809,132.372,1.0199999999999818,-0.503,sl,0.497,tp,False,short
2022-08-12,133.007,133.821,0.9939999999999998,0.497,tp,-0.503,sl,False,long
2022-08-16,133.132,134.388,1.5360000000000014,0.497,tp,-0.503,sl,False,long
2022-08-17,134.279,135.157,1.295000000000016,0.497,tp,-0.503,sl,False,long
2022-08-18,134.954,134.802,0.6999999999999886,-0.15500000000001524,time,0.14900000000001523,time,False,short
2022-08-19,135.804,137.022,1.3360000000000127,0.497,tp,-0.503,sl,False,long
2022-08-22,137.02,136.978,0.73599999999999,-0.045000000000001594,time,0.03900000000000159,time,False,short
2022-08-23,137.577,137.368,0.6690000000000111,-0.503,sl,0.497,tp,False,short
2022-08-24,136.739,136.713,0.8670000000000186,-0.503,sl,0.497,tp,False,short
2022-08-25,137.096,136.533,0.8789999999999907,-0.503,sl,0.497,tp,False,short
2022-08-26,136.562,136.976,0.6339999999999861,0.497,tp,-0.503,sl,False,long
2022-08-29,138.16,138.571,0.9159999999999968,0.497,tp,-0.503,sl,False,long
2022-08-30,138.643,138.193,0.6259999999999764,-0.503,sl,0.497,tp,False,short
2022-08-31,138.758,138.75,0.6219999999999857,-0.011000000000009776,time,0.005000000000009777,time,False,short
2022-09-01,139.33,139.222,0.6189999999999998,-0.1110000000000041,time,0.10500000000000409,time,False,short
2022-09-02,140.084,140.433,0.6199999999999761,0.34599999999998954,time,-0.35199999999998954,time,False,long
2022-09-05,140.536,140.501,0.478999999999985,-0.03799999999999659,time,0.03199999999999659,time,False,short
2022-09-06,140.431,141.906,1.858000000000004,0.497,tp,-0.503,sl,False,long
2022-09-07,143.158,144.962,2.0630000000000166,0.497,tp,-0.503,sl,False,long
2022-09-09,143.872,142.538,2.4579999999999984,-0.503,sl,0.497,tp,False,short
2022-09-12,142.561,142.551,0.710000000000008,-0.013000000000019326,time,0.007000000000019327,time,False,short
2022-09-13,142.579,142.035,0.8619999999999948,-0.503,sl,0.497,tp,False,short
2022-09-15,142.919,143.507,0.8950000000000102,0.497,tp,-0.503,sl,False,long
2022-09-16,143.333,143.074,0.8640000000000043,-0.503,sl,0.497,tp,False,short
2022-09-19,142.755,143.624,0.9619999999999891,0.497,tp,-0.503,sl,False,long
2022-09-20,143.178,143.618,0.8839999999999861,0.497,tp,-0.503,sl,False,long
2022-09-21,143.581,144.074,0.8629999999999995,0.497,tp,-0.503,sl,False,long
2022-09-22,144.24,141.253,5.221000000000004,-0.503,both,-0.503,both,True,short
2022-09-23,142.267,142.793,1.5050000000000239,-0.503,sl,0.497,tp,True,long
2022-09-26,143.518,144.202,0.9550000000000125,0.497,tp,-0.503,sl,False,long
2022-09-27,144.472,144.442,0.5769999999999982,-0.03300000000000114,time,0.027000000000001138,time,False,short
2022-09-28,144.704,144.744,0.4620000000000175,0.03699999999999204,time,-0.042999999999992045,time,False,long
2022-09-29,144.412,144.697,0.6090000000000089,0.2819999999999966,time,-0.2879999999999966,time,False,long
2022-09-30,144.419,144.63,0.3959999999999866,0.2079999999999843,time,-0.21399999999998431,time,False,long
2022-10-06,144.433,144.693,0.38999999999998636,0.2570000000000193,time,-0.26300000000001933,time,False,long
2022-10-07,145.044,144.928,0.38900000000001,-0.11900000000001387,time,0.11300000000001387,time,False,short
2022-10-10,145.461,145.538,0.4339999999999975,0.07399999999999818,time,-0.07999999999999818,time,False,long
2022-10-11,145.668,145.561,0.36299999999999955,-0.10999999999999932,time,0.10399999999999932,time,False,short
2022-10-12,145.887,146.601,0.8170000000000073,0.497,tp,-0.503,sl,False,long
2022-10-13,146.774,146.699,0.26900000000000546,-0.07799999999998863,time,0.07199999999998863,time,False,short
2022-10-14,147.308,147.8,0.7919999999999732,0.497,tp,-0.503,sl,False,long
2022-10-17,148.635,148.842,0.4679999999999893,0.20400000000002205,time,-0.21000000000002206,time,False,long
2022-10-18,148.97,149.111,1.15300000000002,-0.503,sl,0.497,tp,False,long
2022-10-19,149.211,149.615,0.6159999999999854,0.497,tp,-0.503,sl,False,long
2022-10-20,149.824,149.807,0.4440000000000168,-0.020000000000024328,time,0.01400000000002433,time,False,short
2022-10-21,150.172,151.518,1.453000000000003,0.497,tp,-0.503,sl,False,long
2022-10-24,147.615,149.008,2.094999999999999,0.497,tp,-0.503,sl,False,long
2022-10-25,148.884,148.903,0.570999999999998,0.016000000000005458,time,-0.022000000000005456,time,False,long
2022-10-26,147.977,147.097,1.7019999999999982,-0.503,sl,0.497,tp,False,short
2022-10-27,146.082,146.428,1.372000000000014,-0.503,sl,0.497,tp,False,long
2022-10-28,146.281,146.604,0.8799999999999955,0.497,tp,-0.503,sl,False,long
2022-10-31,147.813,148.679,1.0049999999999955,0.497,tp,-0.503,sl,False,long
2022-11-01,148.733,147.218,1.8360000000000127,-0.503,sl,0.497,tp,False,short
2022-11-02,147.913,147.073,1.1400000000000148,-0.503,sl,0.497,tp,False,short
2022-11-03,147.888,148.232,1.3179999999999836,-0.503,sl,0.497,tp,True,long
2022-11-04,148.376,147.64,0.867999999999995,-0.503,sl,0.497,tp,False,short
2022-11-07,146.843,146.623,1.1420000000000243,0.497,tp,-0.503,sl,False,short
2022-11-08,146.624,146.333,0.7849999999999966,-0.2939999999999968,time,0.2879999999999968,time,False,short
2022-11-09,145.292,145.701,0.7349999999999852,0.497,tp,-0.503,sl,False,long
2022-11-10,146.198,146.517,0.539999999999992,0.3159999999999884,time,-0.3219999999999884,time,False,long
2022-11-11,141.736,139.492,3.201000000000022,0.497,tp,-0.503,sl,True,short
2022-11-14,139.609,140.553,1.9989999999999952,-0.503,sl,0.497,tp,True,long
2022-11-15,140.092,139.171,1.664999999999992,0.497,tp,-0.503,sl,True,short
2022-11-18,140.422,139.858,0.8669999999999902,-0.503,sl,0.497,tp,False,short
2022-11-21,140.261,141.871,1.7480000000000189,0.497,tp,-0.503,sl,False,long
2022-11-22,142.087,141.174,1.1580000000000155,-0.503,sl,0.497,tp,False,short
2022-11-23,141.159,141.424,0.7040000000000077,0.2620000000000148,time,-0.2680000000000148,time,False,long
2022-11-24,139.242,138.321,1.4420000000000073,-0.503,sl,0.497,tp,False,short
2022-11-25,138.602,139.58,1.2249999999999943,0.497,tp,-0.503,sl,False,long
2022-11-28,139.374,138.152,1.877999999999986,-0.503,sl,0.497,tp,False,short
2022-12-06,136.576,136.647,1.1409999999999911,0.497,tp,-0.503,sl,False,long
2022-12-07,136.883,137.387,0.6269999999999811,0.497,tp,-0.503,sl,False,long
2022-12-08,136.378,136.943,0.9729999999999848,0.497,tp,-0.503,sl,False,long
2022-12-13,137.511,137.556,0.650999999999982,0.042000000000015913,time,-0.04800000000001592,time,False,long
2022-12-14,135.573,134.945,1.1800000000000068,-0.503,sl,0.497,tp,False,short
2022-12-15,135.363,136.523,1.641999999999996,0.497,tp,-0.503,sl,False,long
2022-12-16,137.746,137.026,0.9650000000000034,-0.503,sl,0.497,tp,False,short
2022-12-19,136.568,136.321,0.828000000000003,-0.503,sl,0.497,tp,False,short
2022-12-20,136.971,132.45,5.475999999999999,0.497,tp,-0.503,sl,True,short
2022-12-21,131.89,131.835,0.8759999999999764,-0.0579999999999784,time,0.0519999999999784,time,False,short
2022-12-22,132.394,132.104,0.8200000000000216,-0.503,sl,0.497,tp,False,short
2022-12-23,132.373,132.709,0.5190000000000055,0.33300000000001273,time,-0.33900000000001274,time,False,long
2022-12-26,132.754,133.111,0.8849999999999909,0.3539999999999993,time,-0.3599999999999993,time,False,long
2022-12-27,132.762,133.265,0.7409999999999854,0.497,tp,-0.503,sl,False,long
2022-12-28,133.487,133.829,0.950000000000017,0.497,tp,-0.503,sl,False,long
2022-12-30,132.918,131.743,1.407999999999987,-0.503,sl,0.497,tp,False,short
2023-01-02,130.886,130.766,0.28899999999998727,-0.12300000000000455,time,0.11700000000000454,time,False,short
2023-01-03,130.789,130.874,1.4489999999999839,-0.503,sl,0.497,tp,False,long
2023-01-04,131.296,130.53,1.3810000000000002,-0.503,sl,0.497,tp,False,short
2023-01-05,132.243,132.451,1.2199999999999989,-0.503,sl,0.497,tp,True,long
2023-01-06,133.318,134.527,1.3230000000000075,0.497,tp,-0.503,sl,False,long
2023-01-09,131.805,132.508,1.3489999999999895,-0.503,sl,0.497,tp,True,long
2023-01-10,131.731,132.046,0.9099999999999966,0.497,tp,-0.503,sl,False,long
2023-01-11,132.103,132.581,0.6570000000000107,0.497,tp,-0.503,sl,False,long
2023-01-12,131.896,130.877,1.2270000000000039,-0.503,sl,0.497,tp,False,short
2023-01-13,129.172,128.747,1.2410000000000139,-0.503,sl,0.497,tp,False,short
2023-01-16,128.05,128.305,1.644999999999996,-0.503,sl,0.497,tp,True,long
2023-01-17,128.337,128.702,0.8580000000000041,0.497,tp,-0.503,sl,False,long
2023-01-18,128.288,128.986,3.3530000000000086,0.497,tp,-0.503,sl,False,long
2023-01-19,128.552,128.612,0.9619999999999891,-0.503,sl,0.497,tp,False,long
2023-01-20,128.371,129.914,1.617999999999995,0.497,tp,-0.503,sl,False,long
2023-01-23,129.389,130.318,1.2909999999999968,0.497,tp,-0.503,sl,False,long
2023-01-24,130.593,130.19,1.0049999999999955,-0.503,sl,0.497,tp,False,short
2023-01-25,130.214,129.692,0.9259999999999877,-0.503,sl,0.497,tp,False,short
2023-01-26,129.257,129.821,0.9770000000000039,0.497,tp,-0.503,sl,False,long
2023-01-27,129.804,129.907,0.768999999999977,0.10000000000000864,time,-0.10600000000000864,time,False,long
2023-01-30,129.835,130.17,1.0889999999999986,-0.503,sl,0.497,tp,False,long
2023-01-31,130.48,130.432,0.4650000000000034,-0.05100000000000182,time,0.045000000000001816,time,False,short
2023-02-01,130.109,129.807,0.6969999999999743,-0.3050000000000209,time,0.2990000000000209,time,False,short
2023-02-02,128.603,128.724,0.960000000000008,0.497,tp,-0.503,sl,False,long
2023-02-03,128.763,128.394,0.4579999999999984,-0.3719999999999998,time,0.36599999999999977,time,False,short
2023-02-06,132.06,131.824,0.7090000000000032,-0.23899999999999,time,0.23299999999999,time,False,short
2023-02-08,131.054,130.848,0.4849999999999852,-0.20899999999998886,time,0.20299999999998886,time,False,short
2023-02-13,131.549,132.681,1.328000000000003,0.497,tp,-0.503,sl,False,long
2023-02-14,132.335,132.23,0.4630000000000223,-0.10800000000001819,time,0.10200000000001819,time,False,short
2023-02-15,132.989,133.439,0.9439999999999884,0.44699999999998863,time,-0.45299999999998863,time,False,long
2023-02-17,134.074,135.037,1.054000000000002,0.497,tp,-0.503,sl,False,long
2023-02-20,134.31,134.002,0.5889999999999986,-0.3109999999999927,time,0.3049999999999927,time,False,short
2023-02-21,134.334,134.6,0.6970000000000027,0.497,tp,-0.503,sl,False,long
2023-02-22,134.989,134.757,0.5120000000000005,-0.23499999999999932,time,0.22899999999999932,time,False,short
2023-02-23,134.932,134.933,0.2890000000000157,-0.001999999999995225,time,-0.004000000000004775,time,False,long
2023-02-24,134.623,135.399,1.3930000000000007,-0.503,sl,0.497,tp,True,long
2023-02-27,136.423,136.255,0.5560000000000116,-0.17100000000000637,time,0.16500000000000636,time,False,short
2023-02-28,136.321,136.771,0.73599999999999,0.497,tp,-0.503,sl,False,long
2023-03-01,136.344,135.338,1.164999999999992,-0.503,sl,0.497,tp,False,short
2023-03-02,136.19,136.61,0.7319999999999993,0.497,tp,-0.503,sl,False,long
2023-03-03,136.716,136.271,0.6519999999999868,-0.503,sl,0.497,tp,False,short
2023-03-06,136.016,136.159,0.8259999999999934,-0.503,sl,0.497,tp,False,long
2023-03-07,135.995,136.024,0.34600000000000364,0.025999999999996363,time,-0.031999999999996365,time,False,long
2023-03-14,133.083,134.159,1.3059999999999832,0.497,tp,-0.503,sl,False,long
2023-03-15,134.435,134.198,1.134999999999991,0.497,tp,-0.503,sl,False,short
2023-03-16,132.899,132.773,0.992999999999995,0.497,tp,-0.503,sl,False,short
2023-03-28,131.235,130.808,0.7909999999999968,-0.503,sl,0.497,tp,False,short
2023-03-29,131.047,132.187,1.2820000000000107,0.497,tp,-0.503,sl,False,long
2023-03-31,133.197,133.184,0.9070000000000107,-0.503,sl,0.497,tp,False,short
2023-04-05,131.431,131.474,0.6100000000000136,0.03999999999997794,time,-0.04599999999997795,time,False,long
2023-04-06,130.937,131.477,0.8000000000000114,0.497,tp,-0.503,sl,False,long
2023-04-07,131.672,131.658,0.4230000000000018,-0.017000000000010004,time,0.011000000000010005,time,False,short
2023-04-10,132.099,132.165,0.7450000000000045,0.497,tp,-0.503,sl,False,long
2023-04-11,133.469,133.261,0.7189999999999941,-0.2109999999999984,time,0.2049999999999984,time,False,short
2023-04-14,132.486,132.608,0.5759999999999934,0.1190000000000141,time,-0.1250000000000141,time,False,long
2023-04-17,133.986,133.776,0.5049999999999955,-0.21299999999997954,time,0.20699999999997953,time,False,short
2023-04-18,134.454,133.89,0.8429999999999893,-0.503,sl,0.497,tp,False,short
2023-04-19,134.041,134.673,0.9710000000000036,0.497,tp,-0.503,sl,False,long
2023-04-20,134.712,134.609,0.5880000000000223,-0.10599999999998022,time,0.09999999999998022,time,False,short
2023-04-24,133.964,134.624,0.8079999999999927,0.497,tp,-0.503,sl,False,long
2023-04-25,134.086,134.195,0.6640000000000157,0.10599999999998044,time,-0.11199999999998045,time,False,long
2023-04-26,133.707,133.735,0.5879999999999939,0.02500000000002001,time,-0.031000000000020008,time,False,long
2023-04-27,133.462,133.486,0.5550000000000068,0.02100000000000091,time,-0.02700000000000091,time,False,long
2023-04-28,133.804,136.131,2.844999999999999,0.497,tp,-0.503,sl,False,long
2023-05-01,136.404,136.815,0.7280000000000086,0.497,tp,-0.503,sl,False,long
2023-05-02,137.521,137.337,0.5279999999999916,-0.1869999999999975,time,0.1809999999999975,time,False,short
2023-05-03,136.468,135.494,1.1289999999999907,-0.503,sl,0.497,tp,False,short
2023-05-04,134.549,134.418,0.6680000000000064,-0.13400000000000023,time,0.12800000000000022,time,False,short
2023-05-05,134.161,134.248,0.41100000000000136,0.08399999999998908,time,-0.08999999999998909,time,False,long
2023-05-08,135.192,135.186,0.568000000000012,-0.503,sl,0.497,tp,False,short
2023-05-09,135.084,134.931,0.6030000000000086,-0.1559999999999916,time,0.14999999999999158,time,False,short
2023-05-10,135.292,135.313,0.40500000000000114,0.017999999999986586,time,-0.023999999999986584,time,False,long
2023-05-11,134.101,134.153,0.950000000000017,0.497,tp,-0.503,sl,False,long
2023-05-12,134.491,134.926,0.542999999999978,0.43199999999997385,time,-0.43799999999997385,time,False,long
2023-05-15,135.823,136.14,0.5980000000000132,0.497,tp,-0.503,sl,False,long
2023-05-16,136.031,135.856,0.4170000000000016,-0.17800000000001137,time,0.17200000000001137,time,False,short
2023-05-17,136.425,136.992,0.867999999999995,0.497,tp,-0.503,sl,False,long
2023-05-18,137.602,137.817,0.6510000000000105,0.2120000000000034,time,-0.2180000000000034,time,False,long
2023-05-19,138.624,138.406,0.6980000000000075,-0.503,sl,0.497,tp,False,short
2023-05-22,137.693,138.235,0.8540000000000134,0.497,tp,-0.503,sl,False,long
2023-05-23,138.663,138.412,0.6349999999999909,-0.2540000000000048,time,0.24800000000000477,time,False,short
2023-05-24,138.611,138.374,0.5010000000000048,-0.23999999999999477,time,0.23399999999999477,time,False,short
2023-05-25,139.294,139.571,0.4410000000000025,0.2739999999999868,time,-0.2799999999999868,time,False,long
2023-05-26,140.023,139.76,0.6110000000000184,-0.503,sl,0.497,tp,False,short
2023-05-29,140.883,140.333,0.6980000000000075,-0.503,sl,0.497,tp,False,short
2023-05-31,139.793,139.695,0.7479999999999905,-0.10100000000001319,time,0.09500000000001319,time,False,short
2023-06-01,139.135,139.388,0.8700000000000045,0.497,tp,-0.503,sl,False,long
2023-06-02,138.741,138.929,0.5019999999999811,0.18499999999998817,time,-0.19099999999998818,time,False,long
2023-06-05,140.213,140.266,0.4689999999999941,0.04999999999999727,time,-0.055999999999997274,time,False,long
2023-06-06,139.414,139.592,0.37999999999999545,0.1750000000000257,time,-0.1810000000000257,time,False,long
2023-06-08,139.913,139.689,0.47299999999998477,-0.22700000000001797,time,0.22100000000001796,time,False,short
2023-06-09,138.887,139.383,0.8610000000000184,0.497,tp,-0.503,sl,False,long
2023-06-13,139.458,139.516,0.34099999999997976,0.05499999999999272,time,-0.06099999999999273,time,False,long
2023-06-14,140.147,139.977,0.34899999999998954,-0.1729999999999875,time,0.1669999999999875,time,False,short
2023-06-15,139.968,141.248,1.5629999999999882,0.497,tp,-0.503,sl,False,long
2023-06-16,140.265,140.97,1.5529999999999973,0.497,tp,-0.503,sl,False,long
2023-06-19,141.861,141.856,0.5600000000000023,-0.007999999999995452,time,0.0019999999999954525,time,False,short
2023-06-20,141.905,141.377,0.9099999999999966,-0.503,sl,0.497,tp,False,short
2023-06-21,141.335,141.816,0.835000000000008,0.497,tp,-0.503,sl,False,long
2023-06-22,141.684,142.128,0.5509999999999877,0.4409999999999884,time,-0.4469999999999884,time,False,long
2023-06-23,143.028,143.262,0.6800000000000068,0.23100000000000886,time,-0.23700000000000887,time,False,long
2023-06-26,143.538,143.385,0.42799999999999727,-0.15600000000002,time,0.15000000000002,time,False,short
2023-07-07,143.974,143.239,1.3249999999999886,-0.503,sl,0.497,tp,False,short
2023-07-10,142.21,142.294,0.8870000000000005,0.497,tp,-0.503,sl,False,long
2023-07-11,141.307,140.392,1.3010000000000161,-0.503,sl,0.497,tp,False,short
2023-07-17,138.685,138.359,0.7589999999999861,-0.503,sl,0.497,tp,False,short
2023-07-18,138.719,138.275,0.835000000000008,-0.503,sl,0.497,tp,False,short
2023-07-19,139.021,139.795,1.143999999999977,0.497,tp,-0.503,sl,False,long
2023-07-20,139.605,139.531,0.592000000000013,-0.07699999999998386,time,0.07099999999998385,time,False,short
2023-07-21,139.843,141.771,2.204999999999984,0.497,tp,-0.503,sl,False,long
2023-07-24,141.751,140.996,0.967000000000013,-0.503,sl,0.497,tp,False,short
2023-07-25,141.541,141.381,0.5330000000000155,-0.1629999999999966,time,0.1569999999999966,time,False,short
2023-07-26,140.911,140.374,1.0060000000000002,-0.503,sl,0.497,tp,False,short
2023-07-27,140.368,140.125,1.1040000000000134,-0.503,sl,0.497,tp,False,short
2023-07-28,138.869,139.268,3.0180000000000007,0.497,tp,-0.503,sl,True,long
2023-07-31,140.753,142.194,1.8050000000000068,0.497,tp,-0.503,sl,False,long
2023-08-01,142.324,142.973,0.7280000000000086,0.497,tp,-0.503,sl,False,long
2023-08-02,142.96,142.803,1.1180000000000234,-0.503,sl,0.497,tp,False,short
2023-08-03,143.35,142.93,1.1400000000000148,0.497,tp,-0.503,sl,True,short
2023-08-04,142.602,142.696,0.568000000000012,0.09099999999999409,time,-0.09699999999999409,time,False,long
2023-08-07,141.871,142.183,0.936000000000007,0.497,tp,-0.503,sl,False,long
2023-08-08,142.536,143.122,0.8060000000000116,0.497,tp,-0.503,sl,False,long
2023-08-14,144.853,145.01,0.570999999999998,0.15399999999998226,time,-0.15999999999998227,time,False,long
2023-08-15,145.433,145.536,0.5409999999999968,0.10000000000000864,time,-0.10600000000000864,time,False,long
2023-08-18,145.708,145.388,0.6400000000000148,-0.503,sl,0.497,tp,False,short
2023-08-21,145.323,145.834,0.8200000000000216,0.497,tp,-0.503,sl,False,long
2023-08-22,146.248,145.774,0.9029999999999916,-0.503,sl,0.497,tp,False,short
2023-08-23,145.776,145.432,0.5719999999999743,-0.503,sl,0.497,tp,False,short
2023-08-24,144.679,145.658,1.063999999999993,0.497,tp,-0.503,sl,False,long
2023-08-25,146.051,145.995,0.35200000000000387,-0.05899999999998318,time,0.05299999999998317,time,False,short
2023-08-28,146.547,146.545,0.3300000000000125,-0.00500000000000955,time,-0.0009999999999904504,time,False,short
2023-08-29,146.46,147.137,0.8530000000000086,0.497,tp,-0.503,sl,False,long
2023-08-30,145.981,146.34,0.681999999999988,0.497,tp,-0.503,sl,False,long
2023-08-31,146.087,145.817,0.40500000000000114,-0.2729999999999818,time,0.2669999999999818,time,False,short
2023-09-01,145.485,145.228,0.49100000000001387,-0.260000000000005,time,0.254000000000005,time,False,short
2023-09-04,146.065,146.39,0.4300000000000068,0.32199999999998863,time,-0.32799999999998863,time,False,long
2023-09-06,147.456,147.373,0.7849999999999966,-0.08599999999999841,time,0.0799999999999984,time,False,short
2023-09-07,147.713,147.28,0.5940000000000225,-0.4359999999999927,time,0.4299999999999927,time,False,short
2023-09-08,147.334,147.452,0.9070000000000107,-0.503,sl,0.497,tp,False,long
2023-09-12,146.672,146.895,0.5619999999999834,0.22000000000001319,time,-0.2260000000000132,time,False,long
2023-09-13,147.158,147.396,0.3439999999999941,0.23499999999999954,time,-0.24099999999999955,time,False,long
2023-09-18,147.864,147.642,0.31799999999998363,-0.22500000000000842,time,0.2190000000000084,time,False,short
2023-09-19,147.613,147.838,0.38900000000001,0.2219999999999943,time,-0.22799999999999432,time,False,long
2023-10-11,148.625,148.833,0.4730000000000132,0.2049999999999984,time,-0.2109999999999984,time,False,long
2023-10-12,149.034,149.149,0.25199999999998113,0.11200000000000909,time,-0.1180000000000091,time,False,long
2023-10-13,149.786,149.61,0.2709999999999866,-0.17899999999998772,time,0.17299999999998772,time,False,short
2023-10-16,149.558,149.508,0.2400000000000091,-0.05299999999998295,time,0.046999999999982944,time,False,short
2023-10-17,149.579,149.461,1.0089999999999861,-0.503,sl,0.497,tp,False,short
2023-10-18,149.76,149.679,0.31100000000000705,-0.08399999999998886,time,0.07799999999998886,time,False,short
2023-10-19,149.767,149.857,0.21599999999997976,0.08700000000000341,time,-0.09300000000000341,time,False,long
2023-10-20,149.805,149.943,0.3529999999999802,0.13500000000000523,time,-0.14100000000000523,time,False,long
2023-10-24,149.773,149.755,0.5240000000000009,-0.02100000000000068,time,0.015000000000000683,time,False,short
2023-10-25,149.856,149.928,0.15099999999998204,0.06900000000000273,time,-0.07500000000000273,time,False,long
2023-10-26,150.094,150.429,0.945999999999998,0.497,tp,-0.503,sl,False,long
2023-10-27,150.364,150.083,0.4420000000000073,-0.2840000000000059,time,0.2780000000000059,time,False,short
2023-10-30,149.734,149.752,0.3990000000000009,0.015000000000000683,time,-0.02100000000000068,time,False,long
2023-10-31,149.096,150.736,1.6850000000000023,0.497,tp,-0.503,sl,False,long
2023-11-01,151.319,151.23,0.3050000000000068,-0.09199999999999864,time,0.08599999999999863,time,False,short
2023-11-02,150.573,150.365,0.4420000000000073,-0.2109999999999984,time,0.2049999999999984,time,False,short
2023-11-03,150.493,150.18,0.3480000000000132,-0.3159999999999882,time,0.3099999999999882,time,False,short
2023-11-06,149.453,149.542,0.23699999999999477,0.08599999999999863,time,-0.09199999999999864,time,False,long
2023-11-07,149.985,150.286,0.35599999999999454,0.2979999999999877,time,-0.3039999999999877,time,False,long
2023-11-08,150.396,150.495,0.26600000000001955,0.09600000000001796,time,-0.10200000000001797,time,False,long
2023-11-14,151.648,151.703,0.18000000000000682,0.05200000000000682,time,-0.058000000000006824,time,False,long
2023-11-17,150.704,149.505,1.5490000000000066,-0.503,sl,0.497,tp,False,short
2023-11-20,149.959,148.205,1.8880000000000052,-0.503,sl,0.497,tp,False,short
2023-11-21,148.383,147.717,1.2680000000000007,-0.503,sl,0.497,tp,False,short
2023-11-22,148.146,148.768,1.320999999999998,0.497,tp,-0.503,sl,False,long
2023-11-23,149.46,149.242,0.5730000000000075,-0.503,sl,0.497,tp,False,short
2023-11-24,149.638,149.567,0.5150000000000148,-0.07399999999999796,time,0.06799999999999795,time,False,short
2023-11-30,147.057,147.707,0.8789999999999907,0.497,tp,-0.503,sl,False,long
2023-12-01,147.996,148.132,0.7150000000000034,0.13299999999999568,time,-0.13899999999999568,time,False,long
2023-12-04,146.361,146.539,0.8889999999999816,0.497,tp,-0.503,sl,False,long
2023-12-05,147.302,147.022,0.7040000000000077,-0.503,sl,0.497,tp,False,short
2023-12-06,147.186,147.395,0.6040000000000134,0.20600000000000318,time,-0.21200000000000319,time,False,long
2023-12-07,147.179,145.022,2.6430000000000007,-0.503,sl,0.497,tp,False,short
2023-12-08,144.237,144.445,1.6659999999999968,-0.503,sl,0.497,tp,False,long
2023-12-11,144.987,146.16,1.5889999999999986,0.497,tp,-0.503,sl,False,long
2023-12-12,146.049,145.176,1.0649999999999977,-0.503,sl,0.497,tp,False,short
2023-12-13,145.296,145.684,0.4369999999999834,0.3850000000000052,time,-0.39100000000000523,time,False,long
2023-12-14,142.787,141.421,1.9519999999999982,-0.503,sl,0.497,tp,False,short
2023-12-15,142.277,141.745,0.9000000000000057,-0.503,sl,0.497,tp,False,short
2023-12-19,142.686,144.792,2.710000000000008,0.497,tp,-0.503,sl,False,long
2023-12-20,143.925,143.369,0.835000000000008,-0.503,sl,0.497,tp,False,short
2023-12-21,143.525,142.728,0.921999999999997,-0.503,sl,0.497,tp,False,short
2023-12-22,142.069,141.997,0.6899999999999977,-0.07499999999997431,time,0.0689999999999743,time,False,short
2023-12-25,142.408,142.346,0.3780000000000143,-0.0649999999999834,time,0.0589999999999834,time,False,short
2023-12-26,142.239,142.376,0.43600000000000705,0.13400000000000045,time,-0.14000000000000046,time,False,long
2023-12-27,142.487,142.545,0.4140000000000157,0.05499999999999272,time,-0.06099999999999273,time,False,long
2023-12-28,141.439,140.813,1.0180000000000007,-0.503,sl,0.497,tp,False,short
2023-12-29,141.436,141.544,0.7760000000000105,0.10500000000000409,time,-0.1110000000000041,time,False,long
2024-01-02,141.11,141.649,0.674999999999983,0.497,tp,-0.503,sl,False,long
2024-01-03,142.174,142.637,0.8520000000000039,0.497,tp,-0.503,sl,False,long
2024-01-04,142.995,143.588,1.039999999999992,0.497,tp,-0.503,sl,False,long
2024-01-05,144.772,145.075,0.7090000000000032,0.497,tp,-0.503,sl,False,long
2024-01-08,144.721,144.18,0.6279999999999859,-0.503,sl,0.497,tp,False,short
2024-01-09,144.223,144.072,0.8949999999999818,-0.503,sl,0.497,tp,False,short
2024-01-10,144.431,144.993,0.7340000000000089,0.497,tp,-0.503,sl,False,long
2024-01-11,145.724,145.394,0.5010000000000048,-0.3329999999999841,time,0.3269999999999841,time,False,short
2024-01-12,145.1,145.234,0.5620000000000118,0.13100000000001455,time,-0.13700000000001455,time,False,long
2024-01-16,145.79,146.603,1.164999999999992,0.497,tp,-0.503,sl,False,long
2024-01-17,147.242,147.753,0.8689999999999998,0.497,tp,-0.503,sl,False,long
2024-01-18,148.134,147.82,0.5949999999999989,-0.31699999999999295,time,0.31099999999999295,time,False,short
2024-01-19,148.122,147.977,0.9639999999999986,0.497,tp,-0.503,sl,False,short
2024-01-22,148.124,147.884,0.5720000000000027,-0.2430000000000091,time,0.2370000000000091,time,False,short
2024-01-23,148.144,148.025,1.5730000000000075,-0.503,sl,0.497,tp,False,short
2024-01-24,148.235,147.515,0.8839999999999861,-0.503,sl,0.497,tp,False,short
2024-01-25,147.585,147.514,0.40399999999999636,-0.07399999999999796,time,0.06799999999999795,time,False,short
2024-01-26,147.721,147.715,0.6099999999999852,-0.009000000000000227,time,0.0030000000000002273,time,False,short
2024-01-29,148.178,147.875,0.625,-0.3059999999999973,time,0.29999999999999727,time,False,short
2024-01-30,147.486,147.261,0.39200000000002433,-0.22799999999999432,time,0.2219999999999943,time,False,short
2024-01-31,147.333,147.655,0.7119999999999891,0.497,tp,-0.503,sl,False,long
2024-02-01,147.005,146.842,0.6069999999999993,-0.503,sl,0.497,tp,False,short
2024-02-02,146.46,146.531,0.5229999999999961,0.06799999999999795,time,-0.07399999999999796,time,False,long
2024-02-05,148.512,148.435,0.5130000000000052,-0.07999999999999818,time,0.07399999999999818,time,False,short
2024-02-06,148.663,148.443,0.3129999999999882,-0.22299999999999887,time,0.21699999999999886,time,False,short
2024-02-07,147.82,148.084,0.44599999999999795,0.26100000000001,time,-0.26700000000001,time,False,long
2024-02-12,149.179,149.022,0.26300000000000523,-0.1600000000000107,time,0.15400000000001068,time,False,short
2024-02-13,149.404,149.374,0.41200000000000614,-0.03300000000000114,time,0.027000000000001138,time,False,short
2024-02-14,150.722,150.576,0.43200000000001637,-0.149000000000015,time,0.143000000000015,time,False,short
2024-02-15,150.555,150.072,0.6340000000000146,-0.503,sl,0.497,tp,False,short
2024-02-16,149.958,150.179,0.4420000000000073,0.21800000000000364,time,-0.22400000000000364,time,False,long
2024-02-19,150.147,149.987,0.27599999999998204,-0.1629999999999966,time,0.1569999999999966,time,False,short
2024-02-20,150.27,150.226,0.3310000000000173,-0.047000000000011144,time,0.04100000000001114,time,False,short
2024-02-21,149.966,150.067,0.33500000000000796,0.09799999999999909,time,-0.1039999999999991,time,False,long
2024-02-22,150.338,150.218,0.4410000000000025,-0.12300000000000455,time,0.11700000000000454,time,False,short
2024-02-23,150.473,150.653,0.39699999999999136,0.1769999999999784,time,-0.1829999999999784,time,False,long
2024-02-26,150.501,150.686,0.40399999999999636,0.18200000000000227,time,-0.18800000000000228,time,False,long
2024-02-27,150.57,150.312,0.492999999999995,-0.26099999999998136,time,0.25499999999998135,time,False,short
2024-02-28,150.516,150.631,0.4240000000000066,0.11200000000000909,time,-0.1180000000000091,time,False,long
2024-02-29,150.656,149.971,1.0459999999999923,-0.503,sl,0.497,tp,False,short
2024-03-01,150.07,150.388,0.6270000000000095,0.497,tp,-0.503,sl,False,long
2024-03-04,150.129,150.423,0.6280000000000143,0.29100000000001114,time,-0.29700000000001114,time,False,long
2024-03-05,150.457,150.417,0.20199999999999818,-0.042999999999992045,time,0.03699999999999204,time,False,short
2024-03-06,150.05,149.711,0.7599999999999909,-0.503,sl,0.497,tp,False,short
2024-03-07,149.259,147.838,1.4909999999999854,-0.503,sl,0.497,tp,False,short
2024-03-08,147.862,147.099,1.242999999999995,-0.503,sl,0.497,tp,False,short
2024-03-11,146.796,146.642,0.603999999999985,-0.15699999999999636,time,0.15099999999999636,time,False,short
2024-03-12,146.737,147.435,0.9749999999999943,0.497,tp,-0.503,sl,False,long
2024-03-13,147.62,147.972,0.8129999999999882,0.34900000000000386,time,-0.35500000000000387,time,False,long
2024-03-14,147.588,147.7,0.4440000000000168,0.10899999999999477,time,-0.11499999999999477,time,False,long
2024-03-15,148.302,148.649,0.8009999999999877,0.497,tp,-0.503,sl,False,long
2024-03-18,148.955,149.028,0.42099999999999227,0.06999999999997908,time,-0.07599999999997908,time,False,long
2024-03-19,149.153,150.388,1.6989999999999839,0.497,tp,-0.503,sl,False,long
2024-03-20,151.021,151.707,0.7630000000000052,0.497,tp,-0.503,sl,False,long
2024-03-21,150.737,151.11,1.1929999999999836,0.497,tp,-0.503,sl,False,long
2024-03-22,151.629,151.466,0.6059999999999945,-0.1659999999999825,time,0.1599999999999825,time,False,short
2024-03-25,151.311,151.295,0.38800000000000523,-0.019000000000019553,time,0.013000000000019555,time,False,short
2024-03-27,151.521,151.231,0.9449999999999932,-0.29299999999999204,time,0.28699999999999204,time,False,short
2024-03-28,151.292,151.366,0.29400000000001114,0.07100000000001228,time,-0.07700000000001228,time,False,long
2024-03-29,151.442,151.345,0.3149999999999977,-0.10000000000000842,time,0.09400000000000841,time,False,short
2024-04-01,151.401,151.389,0.1810000000000116,-0.015000000000000454,time,0.009000000000000456,time,False,short
2024-04-02,151.594,151.653,0.29999999999998295,0.055999999999997496,time,-0.0619999999999975,time,False,long
2024-04-03,151.545,151.772,0.36000000000001364,0.22400000000000386,time,-0.23000000000000387,time,False,long
2024-04-04,151.581,151.742,0.22299999999998477,0.15800000000000136,time,-0.16400000000000137,time,False,long
2024-04-05,151.292,151.373,0.6399999999999864,0.07799999999998886,time,-0.08399999999998886,time,False,long
2024-04-08,151.679,151.918,0.25200000000000955,0.23600000000000432,time,-0.24200000000000432,time,False,long
2024-04-09,151.833,151.828,0.20900000000000318,-0.007999999999995452,time,0.0019999999999954525,time,False,short
2024-04-12,153.195,153.16,0.4210000000000207,-0.03799999999999659,time,0.03199999999999659,time,False,short
2024-04-15,153.305,153.911,0.688999999999993,0.497,tp,-0.503,sl,False,long
2024-04-16,154.216,154.618,0.5740000000000123,0.3989999999999868,time,-0.4049999999999868,time,False,long
2024-04-17,154.698,154.626,0.27899999999999636,-0.07500000000000273,time,0.06900000000000273,time,False,short
2024-04-18,154.338,154.294,0.4519999999999982,-0.04699999999998272,time,0.04099999999998272,time,False,short
2024-04-19,154.614,154.32,1.0859999999999843,-0.503,sl,0.497,tp,False,short
2024-04-25,155.268,155.555,0.4960000000000093,0.28400000000000614,time,-0.29000000000000614,time,False,long
2024-04-26,155.621,156.817,1.9000000000000057,0.497,tp,-0.503,sl,True,long
2024-04-29,158.201,159.396,2.155000000000001,0.497,tp,-0.503,sl,False,long
2024-04-30,156.325,156.855,0.8329999999999984,0.497,tp,-0.503,sl,False,long
2024-05-20,155.763,155.745,0.4420000000000073,-0.02100000000000068,time,0.015000000000000683,time,False,short
2024-05-21,156.4,156.225,0.5169999999999959,-0.17800000000001137,time,0.17200000000001137,time,False,short
2024-05-22,156.271,156.424,0.37699999999998113,0.15000000000002,time,-0.15600000000002,time,False,long
2024-05-23,156.733,156.586,0.3459999999999752,-0.14999999999999136,time,0.14399999999999136,time,False,short
2024-05-24,156.991,157.029,0.22500000000002274,0.03499999999998249,time,-0.040999999999982495,time,False,long
2024-05-27,156.867,156.877,0.2949999999999875,0.007000000000019327,time,-0.013000000000019326,time,False,long
2024-05-28,156.838,156.8,0.3739999999999952,-0.040999999999982495,time,0.03499999999998249,time,False,short
2024-05-29,157.272,157.269,0.5109999999999957,-0.005999999999985903,time,-1.4097230327525523e-14,time,False,short
2024-05-30,157.624,156.728,1.0910000000000082,-0.503,sl,0.497,tp,False,short
2024-05-31,156.991,157.167,0.7930000000000064,0.17299999999998772,time,-0.17899999999998772,time,False,long
2024-06-03,157.182,156.857,0.8340000000000032,-0.503,sl,0.497,tp,False,short
2024-06-04,156.091,154.865,1.7820000000000107,-0.503,sl,0.497,tp,False,short
2024-06-05,155.113,156.145,1.210000000000008,0.497,tp,-0.503,sl,False,long
2024-06-06,155.912,156.192,1.0249999999999773,-0.503,sl,0.497,tp,False,long
2024-06-07,155.676,155.59,0.8149999999999977,-0.503,sl,0.497,tp,False,short
2024-06-10,156.821,156.881,0.47400000000001796,0.05700000000000227,time,-0.06300000000000228,time,False,long
2024-06-11,157.042,157.099,0.36099999999999,0.05399999999998795,time,-0.05999999999998795,time,False,long
2024-06-12,157.111,157.332,0.3269999999999982,0.21800000000000364,time,-0.22400000000000364,time,False,long
2024-06-13,156.8,157.21,0.6170000000000186,0.497,tp,-0.503,sl,False,long
2024-06-14,157.123,157.061,1.460000000000008,0.497,tp,-0.503,sl,False,short
2024-06-17,157.56,157.846,0.7119999999999891,0.28300000000000136,time,-0.28900000000000137,time,False,long
2024-06-18,157.695,158.085,0.7140000000000271,0.497,tp,-0.503,sl,False,long
2024-06-19,157.87,157.903,0.2810000000000059,0.02999999999998704,time,-0.03599999999998704,time,False,long
2024-06-20,157.955,158.43,0.5159999999999911,0.497,tp,-0.503,sl,False,long
2024-06-21,158.936,158.9,0.45599999999998886,-0.03900000000000137,time,0.03300000000000136,time,False,short
2024-06-24,159.897,159.463,1.1869999999999834,-0.503,sl,0.497,tp,False,short
2024-06-25,159.7,159.46,0.5149999999999864,-0.503,sl,0.497,tp,False,short
2024-06-26,159.7,160.303,0.7309999999999945,0.497,tp,-0.503,sl,False,long
2024-06-27,160.627,160.553,0.41500000000002046,-0.07700000000001228,time,0.07100000000001228,time,False,short
2024-06-28,160.704,160.462,0.8220000000000027,0.497,tp,-0.503,sl,False,short
2024-07-01,160.922,161.099,0.4490000000000123,0.1739999999999925,time,-0.1799999999999925,time,False,long
2024-07-02,161.513,161.623,0.2599999999999909,0.10699999999998522,time,-0.11299999999998522,time,False,long
2024-07-05,161.361,160.801,0.8640000000000043,-0.503,sl,0.497,tp,False,short
2024-07-08,160.637,161.012,0.8410000000000082,0.372,time,-0.378,time,False,long
2024-07-09,160.859,161.119,0.43899999999999295,0.2569999999999909,time,-0.2629999999999909,time,False,long
2024-07-10,161.329,161.482,0.3100000000000023,0.14999999999999158,time,-0.1559999999999916,time,False,long
2024-07-12,158.275,158.972,1.4099999999999966,0.497,tp,-0.503,sl,False,long
2024-07-15,158.286,158.114,0.6160000000000139,-0.503,sl,0.497,tp,False,short
2024-07-16,158.15,158.343,0.6829999999999927,0.497,tp,-0.503,sl,False,long
2024-07-17,158.361,156.509,2.5250000000000057,-0.503,sl,0.497,tp,False,short
2024-07-19,157.176,157.467,0.9099999999999966,0.497,tp,-0.503,sl,False,long
2024-07-22,157.423,156.854,1.3260000000000218,-0.503,sl,0.497,tp,False,short
2024-07-23,156.901,156.153,1.0079999999999814,-0.503,sl,0.497,tp,False,short
2024-07-26,153.699,154.563,1.2789999999999964,0.497,tp,-0.503,sl,False,long
2024-07-29,154.149,153.833,1.336999999999989,-0.503,sl,0.497,tp,False,short
2024-07-30,153.833,154.884,1.5979999999999848,0.497,tp,-0.503,sl,False,long
2024-07-31,152.658,150.183,3.844999999999999,-0.503,sl,0.497,tp,True,short
2024-08-01,149.786,150.523,2.1129999999999995,-0.503,sl,0.497,tp,True,long
2024-08-02,149.205,149.008,1.149000000000001,0.497,tp,-0.503,sl,True,short
2024-08-05,145.589,142.306,4.26400000000001,-0.503,sl,0.497,tp,False,short
2024-08-06,145.8,144.887,2.0630000000000166,0.497,tp,-0.503,sl,True,short
2024-08-07,144.743,147.193,3.2709999999999866,0.497,tp,-0.503,sl,False,long
2024-08-08,146.297,146.161,1.4450000000000216,-0.503,sl,0.497,tp,True,short
2024-08-09,147.694,147.011,1.0579999999999927,-0.503,sl,0.497,tp,False,short
2024-08-12,147.071,147.571,0.9679999999999893,0.497,tp,-0.503,sl,False,long
2024-08-13,147.023,147.348,0.9420000000000073,0.497,tp,-0.503,sl,False,long
2024-08-14,146.944,146.89,1.4329999999999927,-0.503,sl,0.497,tp,True,short
2024-08-15,147.273,147.219,0.5560000000000116,-0.05700000000000205,time,0.051000000000002044,time,False,short
2024-08-16,149.227,148.045,1.311000000000007,-0.503,sl,0.497,tp,False,short
2024-08-20,146.711,146.374,1.5,-0.503,sl,0.497,tp,True,short
2024-08-21,145.322,146.175,1.2959999999999923,0.497,tp,-0.503,sl,False,long
2024-08-22,145.122,145.99,1.2069999999999936,0.497,tp,-0.503,sl,False,long
2024-08-23,146.208,146.031,1.0409999999999968,-0.503,sl,0.497,tp,False,short
2024-08-26,143.92,143.885,0.771000000000015,-0.03799999999999659,time,0.03199999999999659,time,False,short
2024-08-27,144.504,144.832,0.7250000000000227,0.497,tp,-0.503,sl,False,long
2024-08-28,143.964,144.354,0.6300000000000239,0.497,tp,-0.503,sl,False,long
2024-09-02,146.401,146.986,1.217000000000013,-0.503,sl,0.497,tp,True,long
2024-09-03,146.751,146.174,1.600999999999999,-0.503,sl,0.497,tp,False,short
2024-09-04,145.365,145.206,0.7990000000000066,-0.503,sl,0.497,tp,False,short
2024-09-05,143.334,143.611,0.8549999999999898,0.497,tp,-0.503,sl,False,long
2024-09-06,143.386,143.058,0.9370000000000118,-0.503,sl,0.497,tp,False,short
2024-09-09,142.487,143.609,1.3810000000000002,0.497,tp,-0.503,sl,False,long
2024-09-10,143.18,143.126,0.7599999999999909,0.497,tp,-0.503,sl,False,short
2024-09-11,142.231,141.689,1.7180000000000177,-0.503,sl,0.497,tp,False,short
2024-09-12,142.637,142.567,0.7880000000000109,-0.07299999999999318,time,0.06699999999999318,time,False,short
2024-09-13,141.509,140.831,1.195999999999998,-0.503,sl,0.497,tp,False,short
2024-09-16,140.845,139.886,1.125,-0.503,sl,0.497,tp,False,short
2024-09-17,140.795,140.605,0.5229999999999961,-0.19299999999999773,time,0.18699999999999772,time,False,short
2024-09-18,142.008,141.846,0.796999999999997,-0.503,sl,0.497,tp,False,short
2024-09-19,142.698,142.917,1.552000000000021,0.497,tp,-0.503,sl,True,long
2024-09-20,142.86,144.255,2.531000000000006,-0.503,sl,0.497,tp,True,long
2024-09-23,144.086,144.12,0.2330000000000041,0.030999999999991815,time,-0.03699999999999182,time,False,long
2024-09-24,143.632,143.976,1.3050000000000068,0.497,tp,-0.503,sl,False,long
2024-09-25,142.945,143.878,1.0010000000000048,0.497,tp,-0.503,sl,False,long
2024-10-02,143.724,144.698,1.3590000000000089,0.497,tp,-0.503,sl,False,long
2024-10-03,146.577,146.664,0.9380000000000166,0.497,tp,-0.503,sl,False,long
2024-10-04,146.841,146.22,1.0109999999999957,-0.503,sl,0.497,tp,False,short
2024-10-07,148.792,148.319,0.7309999999999945,-0.503,sl,0.497,tp,False,short
2024-10-15,149.722,149.35,0.8959999999999866,-0.503,sl,0.497,tp,False,short
2024-10-17,149.563,149.524,0.6289999999999907,-0.04199999999998727,time,0.035999999999987264,time,False,short
2024-10-18,150.103,150.004,0.5769999999999982,-0.503,sl,0.497,tp,False,short
2024-10-21,149.603,149.835,0.768999999999977,-0.503,sl,0.497,tp,False,long
2024-10-22,150.62,151.0,0.6080000000000041,0.37699999999999545,time,-0.38299999999999546,time,False,long
2024-10-28,152.955,153.409,1.1119999999999948,0.497,tp,-0.503,sl,False,long
2024-10-29,153.141,152.833,0.48799999999999955,-0.3109999999999927,time,0.3049999999999927,time,False,short
2024-11-01,151.979,152.675,0.9710000000000036,0.497,tp,-0.503,sl,False,long
2024-11-04,152.288,151.55,0.757000000000005,-0.503,sl,0.497,tp,False,short
2024-11-05,152.276,152.153,0.45699999999999363,-0.12600000000001887,time,0.12000000000001887,time,False,short
2024-11-06,151.439,154.215,3.0970000000000084,0.497,tp,-0.503,sl,False,long
2024-11-07,154.307,154.062,1.0589999999999975,-0.503,sl,0.497,tp,False,short
2024-11-08,153.173,152.425,1.2270000000000039,-0.503,sl,0.497,tp,False,short
2024-11-11,152.91,153.754,0.9830000000000041,0.497,tp,-0.503,sl,False,long
2024-11-12,153.52,154.071,0.7630000000000052,0.497,tp,-0.503,sl,False,long
2024-11-13,154.656,154.818,0.6150000000000091,0.15900000000000614,time,-0.16500000000000614,time,False,long
2024-11-14,155.416,155.921,0.8360000000000127,0.497,tp,-0.503,sl,False,long
2024-11-15,156.48,155.493,1.52800000000002,-0.503,sl,0.497,tp,False,short
2024-11-18,154.639,155.056,1.3000000000000114,-0.503,sl,0.497,tp,False,long
2024-11-19,154.614,154.084,0.8919999999999959,-0.503,sl,0.497,tp,False,short
2024-11-21,155.271,154.532,1.2180000000000177,-0.503,sl,0.497,tp,False,short
2024-11-25,154.148,154.419,1.1740000000000066,-0.503,sl,0.497,tp,True,long
2024-11-26,154.38,153.765,0.8120000000000118,-0.503,sl,0.497,tp,False,short
2024-11-27,152.93,151.484,1.677000000000021,-0.503,sl,0.497,tp,False,short
2024-11-28,151.338,151.833,0.6670000000000016,0.497,tp,-0.503,sl,False,long
2024-12-02,149.865,150.148,0.9450000000000216,0.497,tp,-0.503,sl,False,long
2024-12-03,149.516,149.73,0.7369999999999948,0.497,tp,-0.503,sl,False,long
2024-12-04,149.613,150.885,1.525999999999982,0.497,tp,-0.503,sl,False,long
2024-12-05,150.547,150.157,1.021000000000015,-0.503,sl,0.497,tp,False,short
2024-12-06,150.121,150.506,0.8509999999999991,0.3819999999999909,time,-0.3879999999999909,time,False,long
2024-12-11,151.839,152.549,1.7870000000000061,-0.503,sl,0.497,tp,True,long
2024-12-12,152.242,152.185,0.8219999999999743,0.497,tp,-0.503,sl,False,short
2024-12-13,152.595,153.623,1.0699999999999932,0.497,tp,-0.503,sl,False,long
2024-12-16,153.454,153.802,0.6469999999999914,0.497,tp,-0.503,sl,False,long
2024-12-17,154.091,153.909,0.6570000000000107,-0.18500000000001637,time,0.17900000000001637,time,False,short
2024-12-18,153.569,153.661,0.4519999999999982,0.08900000000001296,time,-0.09500000000001296,time,False,long
2024-12-19,154.663,156.694,2.6820000000000164,0.497,tp,-0.503,sl,False,long
2024-12-20,157.647,156.772,1.304000000000002,-0.503,sl,0.497,tp,False,short
2024-12-23,156.563,156.844,0.5420000000000016,0.2780000000000059,time,-0.2840000000000059,time,False,long
2024-12-24,157.181,157.142,0.4590000000000032,-0.04200000000001569,time,0.036000000000015686,time,False,short
2024-12-25,157.056,157.311,0.3859999999999957,0.25199999999999545,time,-0.25799999999999546,time,False,long
2024-12-26,157.121,157.588,0.521000000000015,0.46399999999998454,time,-0.46999999999998454,time,False,long
2024-12-27,157.763,157.649,0.4440000000000168,-0.11700000000000432,time,0.11100000000000432,time,False,short
2024-12-30,157.897,157.635,0.5130000000000052,-0.26500000000000046,time,0.25900000000000045,time,False,short
2024-12-31,157.005,156.798,0.9839999999999804,-0.503,sl,0.497,tp,False,short
2025-01-03,157.359,157.244,0.41800000000000637,-0.1180000000000091,time,0.11200000000000909,time,False,short
2025-01-06,157.505,157.197,0.7959999999999923,-0.3109999999999927,time,0.3049999999999927,time,False,short
2025-01-07,157.737,157.711,1.0510000000000161,0.497,tp,-0.503,sl,False,short
2025-01-08,158.22,158.324,0.4490000000000123,0.10100000000001341,time,-0.10700000000001342,time,False,long
2025-01-09,158.186,157.905,0.5020000000000095,-0.2840000000000059,time,0.2780000000000059,time,False,short
2025-01-10,158.04,158.078,0.6049999999999898,0.03500000000001091,time,-0.04100000000001092,time,False,long
2025-01-14,157.309,157.937,0.9959999999999809,0.497,tp,-0.503,sl,False,long
2025-01-15,158.053,157.011,1.3739999999999952,-0.503,sl,0.497,tp,False,short
2025-01-16,156.218,155.781,1.3220000000000027,-0.503,sl,0.497,tp,False,short
2025-01-17,155.363,155.692,0.8700000000000045,0.32600000000000773,time,-0.33200000000000773,time,False,long
2025-01-20,156.313,156.341,0.7489999999999952,-0.503,sl,0.497,tp,False,long
2025-01-21,155.272,155.908,1.460000000000008,0.497,tp,-0.503,sl,True,long
2025-01-22,155.74,155.871,0.7630000000000052,0.12800000000000022,time,-0.13400000000000023,time,False,long
2025-01-23,156.431,156.547,0.5480000000000018,0.11299999999998545,time,-0.11899999999998545,time,False,long
2025-01-24,156.133,156.096,1.5700000000000216,-0.503,sl,0.497,tp,False,short
2025-01-27,155.719,153.962,2.533999999999992,0.497,tp,-0.503,sl,True,short
2025-01-28,154.912,155.435,1.1829999999999927,0.497,tp,-0.503,sl,False,long
2025-01-29,155.563,155.417,0.7880000000000109,-0.503,sl,0.497,tp,False,short
2025-01-30,155.174,154.591,0.9230000000000018,-0.503,sl,0.497,tp,False,short
2025-01-31,154.088,154.84,0.9180000000000064,0.497,tp,-0.503,sl,False,long
2025-02-03,155.358,154.606,1.2870000000000061,0.497,tp,-0.503,sl,True,short
2025-02-04,155.263,155.312,0.6979999999999791,0.04600000000000659,time,-0.052000000000006597,time,False,long
2025-02-05,154.132,152.87,1.804000000000002,-0.503,sl,0.497,tp,False,short
2025-02-06,152.648,152.429,1.086999999999989,-0.503,sl,0.497,tp,False,short
2025-02-07,151.167,152.154,1.2249999999999943,0.497,tp,-0.503,sl,False,long
2025-02-10,151.875,152.119,0.9130000000000109,0.497,tp,-0.503,sl,False,long
2025-02-11,151.786,152.337,0.7290000000000134,0.497,tp,-0.503,sl,False,long
2025-02-12,152.765,153.552,1.1599999999999966,0.497,tp,-0.503,sl,False,long
2025-02-13,154.23,153.847,0.9329999999999927,-0.38599999999998136,time,0.37999999999998135,time,False,short
2025-02-14,152.996,152.704,0.7160000000000082,-0.503,sl,0.497,tp,False,short
2025-02-17,152.004,151.504,0.6399999999999864,-0.503,sl,0.497,tp,False,short
2025-02-18,151.435,152.052,0.8059999999999832,0.497,tp,-0.503,sl,False,long
2025-02-19,151.92,152.134,0.41499999999999204,0.21099999999999863,time,-0.21699999999999864,time,False,long
2025-02-20,151.218,150.251,0.9900000000000091,-0.503,sl,0.497,tp,False,short
2025-03-05,149.824,149.395,1.0859999999999843,-0.503,sl,0.497,tp,False,short
2025-03-06,148.88,147.829,1.6329999999999814,-0.503,sl,0.497,tp,False,short
2025-03-07,148.146,147.694,0.9610000000000127,-0.503,sl,0.497,tp,False,short
2025-03-10,147.584,147.124,0.9299999999999784,-0.503,sl,0.497,tp,False,short
2025-03-11,147.076,147.556,1.1029999999999802,-0.503,sl,0.497,tp,True,long
2025-03-14,147.922,148.727,1.1740000000000066,0.497,tp,-0.503,sl,False,long
2025-03-17,148.605,148.454,0.679000000000002,-0.15399999999998204,time,0.14799999999998203,time,False,short
2025-03-18,149.394,149.744,0.6470000000000198,0.497,tp,-0.503,sl,False,long
2025-03-19,149.439,149.828,0.8790000000000191,0.497,tp,-0.503,sl,False,long
2025-03-20,148.456,148.457,0.6020000000000039,-0.001999999999995225,time,-0.004000000000004775,time,False,long
2025-03-24,149.664,149.75,0.4969999999999857,0.08300000000001273,time,-0.08900000000001274,time,False,long
2025-03-25,150.784,150.175,0.8830000000000098,-0.503,sl,0.497,tp,False,short
2025-03-26,149.939,150.206,0.7069999999999936,0.497,tp,-0.503,sl,False,long
2025-03-28,150.849,150.802,0.8489999999999895,-0.04999999999999705,time,0.04399999999999704,time,False,short
2025-03-31,149.617,149.373,0.9369999999999834,-0.503,sl,0.497,tp,False,short
2025-04-01,149.946,149.197,0.8700000000000045,-0.503,sl,0.497,tp,False,short
2025-04-02,149.749,149.792,0.228999999999985,0.040000000000006364,time,-0.04600000000000637,time,False,long
2025-04-08,147.789,146.906,1.1920000000000073,-0.503,sl,0.497,tp,False,short
2025-04-09,145.848,144.648,1.36099999999999,-0.503,sl,0.497,tp,False,short
2025-04-10,147.402,145.526,2.1239999999999952,-0.503,sl,0.497,tp,False,short
2025-04-11,143.754,142.599,2.0819999999999936,-0.503,sl,0.497,tp,False,short
2025-04-14,143.692,142.911,1.5180000000000007,-0.503,sl,0.497,tp,False,short
2025-04-15,143.214,142.898,0.7700000000000102,-0.3190000000000025,time,0.3130000000000025,time,False,short
2025-04-16,143.157,142.657,1.1289999999999907,-0.503,sl,0.497,tp,False,short
2025-04-17,141.927,142.582,1.2419999999999902,0.497,tp,-0.503,sl,False,long
2025-04-18,142.351,142.323,0.24600000000000932,-0.030999999999991586,time,0.024999999999991588,time,False,short
2025-04-21,141.589,140.653,1.1219999999999857,-0.503,sl,0.497,tp,False,short
2025-04-22,140.872,140.252,1.2870000000000061,-0.503,sl,0.497,tp,False,short
2025-04-25,142.853,143.373,1.0319999999999823,0.497,tp,-0.503,sl,False,long
2025-04-28,143.851,143.371,0.6049999999999898,-0.503,sl,0.497,tp,False,short
2025-04-29,142.18,142.739,0.6910000000000025,0.497,tp,-0.503,sl,False,long
2025-04-30,142.259,143.014,0.9819999999999993,0.497,tp,-0.503,sl,False,long
2025-05-01,143.018,144.481,1.8640000000000043,0.497,tp,-0.503,sl,False,long
2025-05-02,145.406,144.556,1.561000000000007,0.497,tp,-0.503,sl,True,short
2025-05-05,144.649,143.848,1.049999999999983,-0.503,sl,0.497,tp,False,short
2025-05-06,143.702,142.778,1.531000000000006,0.497,tp,-0.503,sl,True,short
2025-05-07,143.089,143.392,0.7079999999999984,0.29999999999999727,time,-0.3059999999999973,time,False,long
2025-05-08,143.86,144.643,1.5609999999999786,0.497,tp,-0.503,sl,False,long
2025-05-09,145.948,145.126,1.2549999999999955,-0.503,sl,0.497,tp,False,short
2025-05-12,145.836,147.876,2.875,0.497,tp,-0.503,sl,False,long
2025-05-13,148.257,148.116,0.6129999999999995,-0.503,sl,0.497,tp,False,short
2025-05-14,147.521,146.977,0.8319999999999936,-0.503,sl,0.497,tp,False,short
2025-05-16,145.571,145.235,0.6990000000000123,-0.503,sl,0.497,tp,False,short
2025-05-20,144.976,144.59,1.4230000000000018,0.497,tp,-0.503,sl,True,short
2025-05-21,144.319,143.75,0.8899999999999864,-0.503,sl,0.497,tp,False,short
2025-05-22,143.691,143.36,0.9770000000000039,-0.503,sl,0.497,tp,False,short
2025-05-23,143.859,142.626,1.507000000000005,-0.503,sl,0.497,tp,False,short
2025-05-26,142.821,142.929,0.7630000000000052,-0.503,sl,0.497,tp,False,long
2025-05-27,142.627,144.097,2.063999999999993,-0.503,sl,0.497,tp,True,long
2025-05-28,144.133,144.422,0.9199999999999875,0.497,tp,-0.503,sl,False,long
2025-05-29,145.724,145.082,1.4050000000000011,0.497,tp,-0.503,sl,True,short
2025-05-30,143.751,143.846,0.7860000000000014,0.09199999999999886,time,-0.09799999999999887,time,False,long
2025-06-02,143.798,142.755,1.1769999999999925,-0.503,sl,0.497,tp,False,short
2025-06-03,142.425,143.081,0.8439999999999941,0.497,tp,-0.503,sl,False,long
2025-06-04,143.818,144.269,0.7229999999999848,0.497,tp,-0.503,sl,False,long
2025-06-05,142.724,143.268,0.8230000000000075,0.497,tp,-0.503,sl,False,long
2025-06-06,143.554,144.154,0.6620000000000061,0.497,tp,-0.503,sl,False,long
2025-06-10,144.564,144.584,0.8850000000000193,0.497,tp,-0.503,sl,False,long
2025-06-11,144.836,145.137,0.5900000000000034,0.2979999999999877,time,-0.3039999999999877,time,False,long
2025-06-12,144.18,143.619,0.9429999999999836,-0.503,sl,0.497,tp,False,short
2025-06-13,143.094,144.112,1.3730000000000189,0.497,tp,-0.503,sl,False,long
2025-06-16,144.568,144.115,0.6280000000000143,-0.503,sl,0.497,tp,False,short
2025-06-17,144.682,144.613,0.7059999999999889,-0.0719999999999884,time,0.0659999999999884,time,False,short
2025-06-18,145.384,144.931,0.5869999999999891,-0.503,sl,0.497,tp,False,short
2025-06-19,144.953,145.669,1.0360000000000014,0.497,tp,-0.503,sl,False,long
2025-06-20,145.228,145.59,0.4939999999999998,0.35899999999999477,time,-0.3649999999999948,time,False,long
2025-06-23,146.21,147.591,1.882000000000005,0.497,tp,-0.503,sl,False,long
2025-06-24,145.92,144.967,1.0870000000000175,-0.503,sl,0.497,tp,False,short
2025-06-25,144.934,145.748,1.1920000000000073,0.497,tp,-0.503,sl,False,long
2025-06-30,144.5,144.331,0.9830000000000041,-0.503,sl,0.497,tp,False,short
2025-07-01,143.806,143.038,1.0459999999999923,-0.503,sl,0.497,tp,False,short
2025-07-02,143.372,144.183,0.9250000000000114,0.497,tp,-0.503,sl,False,long
2025-07-03,143.519,143.863,0.48799999999999955,0.3409999999999941,time,-0.3469999999999941,time,False,long
2025-07-07,144.487,145.492,1.306999999999988,0.497,tp,-0.503,sl,False,long
2025-07-08,145.878,146.587,0.8189999999999884,0.497,tp,-0.503,sl,False,long
2025-07-09,146.866,146.765,0.6419999999999959,-0.10400000000002751,time,0.09800000000002751,time,False,short
2025-07-10,146.103,146.25,0.710000000000008,0.14399999999999136,time,-0.14999999999999136,time,False,long
2025-07-11,146.276,147.022,0.8369999999999891,0.497,tp,-0.503,sl,False,long
2025-07-16,148.781,148.763,0.4140000000000157,-0.02100000000000068,time,0.015000000000000683,time,False,short
2025-07-17,147.995,148.765,0.8520000000000039,0.497,tp,-0.503,sl,False,long
2025-07-21,148.453,147.545,1.054000000000002,-0.503,sl,0.497,tp,False,short
2025-07-22,147.399,147.534,0.5860000000000127,0.497,tp,-0.503,sl,False,long
2025-07-23,146.755,146.207,1.108000000000004,-0.503,sl,0.497,tp,False,short
2025-07-24,146.35,146.482,0.8049999999999784,0.129000000000005,time,-0.135000000000005,time,False,long
2025-07-25,147.009,147.678,1.1310000000000002,0.497,tp,-0.503,sl,False,long
2025-07-28,147.781,147.854,0.2779999999999916,0.0700000000000075,time,-0.0760000000000075,time,False,long
2025-08-04,147.347,147.341,0.8169999999999789,0.497,tp,-0.503,sl,False,short
2025-08-06,147.524,147.537,0.5809999999999889,0.01000000000000523,time,-0.01600000000000523,time,False,long
2025-08-07,147.192,147.328,1.0200000000000102,0.497,tp,-0.503,sl,True,long
2025-08-08,146.797,147.709,1.0060000000000002,0.497,tp,-0.503,sl,False,long
2025-08-18,147.229,147.55,0.46399999999999864,0.31799999999999795,time,-0.32399999999999796,time,False,long
2025-08-19,147.918,147.708,0.5809999999999889,-0.21300000000000796,time,0.20700000000000796,time,False,short
2025-08-20,147.742,147.538,0.671999999999997,-0.503,sl,0.497,tp,False,short
2025-08-21,147.301,147.924,0.679000000000002,0.497,tp,-0.503,sl,False,long
2025-08-22,148.385,148.706,0.4949999999999761,0.31799999999999795,time,-0.32399999999999796,time,False,long
2025-08-25,147.265,147.32,0.42900000000000205,0.05200000000000682,time,-0.058000000000006824,time,False,long
2025-08-26,147.81,147.463,0.9230000000000018,-0.503,sl,0.497,tp,False,short
2025-08-27,147.475,148.142,0.7819999999999823,0.497,tp,-0.503,sl,False,long
2025-08-28,147.335,146.928,0.6810000000000116,-0.503,sl,0.497,tp,False,short
2025-08-29,146.831,147.251,0.49799999999999045,0.4170000000000159,time,-0.4230000000000159,time,False,long
2025-09-01,147.121,147.157,0.5929999999999893,0.03300000000000136,time,-0.03900000000000137,time,False,long
2025-09-02,147.094,148.62,1.7009999999999934,0.497,tp,-0.503,sl,False,long
2025-09-03,148.582,148.614,0.7049999999999841,0.497,tp,-0.503,sl,False,long
2025-09-04,147.973,148.342,0.6240000000000236,0.36599999999999977,time,-0.3719999999999998,time,False,long
2025-09-05,148.419,148.197,0.35799999999997567,-0.22500000000000842,time,0.2190000000000084,time,False,short
2025-09-08,148.315,147.777,1.11099999999999,-0.503,sl,0.497,tp,False,short
2025-09-09,147.374,146.73,1.122000000000014,-0.503,sl,0.497,tp,False,short
2025-09-10,147.391,147.513,0.3170000000000073,0.1190000000000141,time,-0.1250000000000141,time,False,long
2025-09-11,147.355,147.968,0.6690000000000111,0.497,tp,-0.503,sl,False,long
2025-09-12,147.226,147.838,0.8160000000000025,0.497,tp,-0.503,sl,False,long
2025-09-15,147.677,147.416,0.44299999999998363,-0.2639999999999957,time,0.2579999999999957,time,False,short
2025-09-16,147.406,146.954,0.8470000000000084,-0.503,sl,0.497,tp,False,short
2025-09-17,146.411,146.45,0.47299999999998477,0.035999999999987264,time,-0.04199999999998727,time,False,long
2025-09-18,146.88,147.384,0.6430000000000007,0.497,tp,-0.503,sl,False,long
2025-09-19,147.966,148.164,0.7299999999999898,0.19499999999997908,time,-0.20099999999997908,time,False,long
2025-09-22,148.105,147.842,0.6370000000000005,-0.2659999999999768,time,0.2599999999999768,time,False,short
2025-09-23,147.731,147.609,0.3569999999999993,-0.12499999999998568,time,0.11899999999998567,time,False,short
2025-09-24,147.601,148.058,0.5889999999999986,0.497,tp,-0.503,sl,False,long
2025-09-25,148.783,148.792,0.3020000000000209,0.006000000000014552,time,-0.012000000000014551,time,False,long
2025-09-26,149.874,149.787,0.3149999999999977,-0.08999999999998909,time,0.08399999999998908,time,False,short
2025-09-29,149.412,148.629,0.8990000000000009,-0.503,sl,0.497,tp,False,short
2025-09-30,148.619,147.969,1.0130000000000052,-0.503,sl,0.497,tp,False,short
2025-10-01,148.024,147.003,1.3249999999999886,-0.503,sl,0.497,tp,False,short
2025-10-02,147.108,146.796,0.7789999999999964,-0.503,sl,0.497,tp,False,short
2025-10-03,147.155,147.322,0.6589999999999918,0.497,tp,-0.503,sl,False,long
2025-10-06,149.58,150.372,1.0279999999999916,0.497,tp,-0.503,sl,False,long
2025-10-07,150.36,150.897,0.7019999999999982,0.497,tp,-0.503,sl,False,long
2025-10-08,152.057,152.693,0.9419999999999789,0.497,tp,-0.503,sl,False,long
2025-10-09,152.714,152.792,0.8080000000000211,0.497,tp,-0.503,sl,False,long
2025-10-10,153.024,152.632,0.785000000000025,-0.503,sl,0.497,tp,False,short
2025-10-14,152.458,152.092,0.9959999999999809,-0.503,sl,0.497,tp,False,short
2025-10-17,150.148,150.235,1.011000000000024,-0.503,sl,0.497,tp,False,long
2025-10-20,150.917,150.701,0.9269999999999925,-0.503,sl,0.497,tp,False,short
2025-10-21,150.821,151.95,1.5790000000000077,0.497,tp,-0.503,sl,False,long
2025-10-22,151.877,151.786,0.4620000000000175,-0.09400000000000819,time,0.08800000000000818,time,False,short
2025-10-23,151.986,152.67,0.820999999999998,0.497,tp,-0.503,sl,False,long
2025-10-24,152.609,152.933,0.5860000000000127,0.32099999999998385,time,-0.32699999999998386,time,False,long
2025-10-27,153.078,152.636,0.6629999999999825,-0.4450000000000073,time,0.4390000000000073,time,False,short
2025-10-28,152.699,152.034,0.9770000000000039,-0.503,sl,0.497,tp,False,short
2025-10-29,151.737,152.244,1.0039999999999907,0.497,tp,-0.503,sl,False,long
2025-10-30,152.727,154.116,2.0120000000000005,-0.503,sl,0.497,tp,True,long
2025-10-31,153.906,154.103,0.7600000000000193,0.497,tp,-0.503,sl,False,long
2025-11-03,154.201,154.152,0.29599999999999227,-0.052000000000006597,time,0.04600000000000659,time,False,short
2025-11-05,153.549,153.615,0.8850000000000193,-0.503,sl,0.497,tp,False,long
2025-11-06,154.089,153.645,0.6089999999999804,-0.503,sl,0.497,tp,False,short
2025-11-07,152.953,153.129,0.6829999999999927,0.497,tp,-0.503,sl,False,long
2025-11-10,153.828,154.131,0.8470000000000084,0.29999999999999727,time,-0.3059999999999973,time,False,long
2025-11-11,154.151,154.253,0.40500000000000114,0.09899999999997544,time,-0.10499999999997545,time,False,long
2025-11-12,154.084,154.804,0.8569999999999993,0.497,tp,-0.503,sl,False,long
2025-11-13,154.709,154.74,0.688999999999993,0.028000000000005913,time,-0.034000000000005914,time,False,long
2025-11-14,154.634,154.657,0.45300000000000296,0.020000000000024557,time,-0.026000000000024556,time,False,long
2025-11-17,154.592,154.795,0.4560000000000173,0.19999999999997453,time,-0.20599999999997454,time,False,long
2025-11-18,155.278,155.426,0.625,0.14499999999999613,time,-0.15099999999999614,time,False,long
2025-11-19,155.527,156.108,1.082000000000022,0.497,tp,-0.503,sl,False,long
2025-11-20,156.998,157.509,0.9000000000000057,0.497,tp,-0.503,sl,False,long
2025-11-21,157.384,156.853,0.9840000000000089,-0.503,sl,0.497,tp,False,short
2025-11-24,156.686,156.835,0.43600000000000705,0.1460000000000009,time,-0.1520000000000009,time,False,long
2025-11-25,156.904,156.443,0.8410000000000082,-0.503,sl,0.497,tp,False,short
2025-11-26,156.198,156.476,0.9259999999999877,-0.503,sl,0.497,tp,False,long
2025-11-27,156.219,156.31,0.6839999999999975,0.08800000000000818,time,-0.09400000000000819,time,False,long
2025-11-28,156.291,156.199,0.49099999999998545,-0.09499999999998454,time,0.08899999999998454,time,False,short
2025-12-01,155.907,155.105,0.8910000000000196,-0.503,sl,0.497,tp,False,short
2025-12-02,155.56,155.925,0.6229999999999905,0.497,tp,-0.503,sl,False,long
2025-12-03,155.764,155.418,0.4000000000000057,-0.34900000000000364,time,0.34300000000000364,time,False,short
2025-12-04,155.114,154.531,1.016999999999996,-0.503,sl,0.497,tp,False,short
2025-12-05,155.132,155.145,0.88900000000001,-0.503,sl,0.497,tp,False,long
2025-12-08,155.31,155.585,0.688999999999993,0.2720000000000057,time,-0.2780000000000057,time,False,long
2025-12-09,155.846,156.186,0.686000000000007,0.497,tp,-0.503,sl,False,long
2025-12-10,156.805,156.709,0.37700000000000955,-0.09900000000000364,time,0.09300000000000364,time,False,short
2025-12-11,155.749,155.765,0.6740000000000066,0.012999999999991133,time,-0.01899999999999113,time,False,long
2025-12-12,155.502,155.915,0.5339999999999918,0.4099999999999825,time,-0.4159999999999825,time,False,long
2025-12-15,155.869,154.924,1.1359999999999957,-0.503,sl,0.497,tp,False,short
2025-12-16,155.034,154.817,0.4380000000000166,-0.21999999999998454,time,0.21399999999998454,time,False,short
2025-12-17,154.771,155.546,1.0840000000000032,0.497,tp,-0.503,sl,False,long
2025-12-18,155.488,155.791,0.549999999999983,0.29999999999999727,time,-0.3059999999999973,time,False,long
2025-12-19,155.579,157.318,1.843999999999994,0.497,tp,-0.503,sl,False,long
2025-12-22,157.623,157.421,0.4309999999999832,-0.20499999999999818,time,0.19899999999999818,time,False,short
2025-12-23,156.92,156.462,0.5060000000000002,-0.4609999999999984,time,0.4549999999999984,time,False,short
2025-12-24,156.169,155.655,0.6809999999999832,-0.503,sl,0.497,tp,False,short
2025-12-29,156.485,156.399,0.45999999999997954,-0.08900000000001274,time,0.08300000000001273,time,False,short
2025-12-30,155.994,155.891,0.5949999999999989,-0.10600000000000864,time,0.10000000000000864,time,False,short
2025-12-31,156.394,156.607,0.34600000000000364,0.20999999999999386,time,-0.21599999999999386,time,False,long
2026-01-02,156.72,156.917,0.4790000000000134,0.19400000000000273,time,-0.20000000000000273,time,False,long
2026-01-05,156.998,156.988,0.3779999999999859,-0.012999999999990904,time,0.006999999999990905,time,False,short
2026-01-06,156.615,156.367,0.5589999999999975,-0.2510000000000189,time,0.24500000000001887,time,False,short
2026-01-07,156.663,156.515,0.4399999999999977,-0.15100000000002456,time,0.14500000000002455,time,False,short
2026-01-08,156.694,156.761,0.3240000000000123,0.06400000000000727,time,-0.07000000000000728,time,False,long
2026-01-09,156.868,157.576,0.8670000000000186,0.497,tp,-0.503,sl,False,long
2026-01-12,158.137,157.893,0.6880000000000166,-0.503,sl,0.497,tp,False,short
2026-01-13,157.977,158.854,1.085000000000008,0.497,tp,-0.503,sl,False,long
2026-01-14,159.196,158.711,0.8839999999999861,-0.503,sl,0.497,tp,False,short
2026-01-15,158.424,158.565,0.5049999999999955,0.13799999999999113,time,-0.14399999999999114,time,False,long
2026-01-16,158.591,158.09,0.7439999999999998,-0.503,sl,0.497,tp,False,short
2026-01-19,157.554,158.04,0.7430000000000234,0.497,tp,-0.503,sl,False,long
2026-01-20,158.164,157.748,1.0459999999999923,-0.503,sl,0.497,tp,False,short
2026-01-21,158.153,157.912,0.46000000000000796,-0.24399999999998545,time,0.23799999999998545,time,False,short
2026-01-22,158.46,158.594,0.6769999999999925,0.13099999999998613,time,-0.13699999999998613,time,False,long
2026-01-23,158.488,158.134,0.8790000000000191,-0.503,sl,0.497,tp,False,short
2026-01-26,155.149,153.738,2.0389999999999873,-0.503,sl,0.497,tp,False,short
2026-01-27,154.386,153.727,1.7010000000000218,-0.503,sl,0.497,tp,False,short
2026-01-28,152.49,152.605,0.7900000000000205,0.497,tp,-0.503,sl,False,long
2026-01-29,153.084,153.436,0.693000000000012,0.34900000000000386,time,-0.35500000000000387,time,False,long
2026-01-30,153.142,154.164,1.3050000000000068,0.497,tp,-0.503,sl,False,long
2026-02-02,155.225,154.753,0.8410000000000082,-0.503,sl,0.497,tp,False,short
2026-02-03,155.472,155.95,0.6839999999999975,0.497,tp,-0.503,sl,False,long
2026-02-04,155.806,156.818,1.0480000000000018,0.497,tp,-0.503,sl,False,long
2026-02-05,156.905,157.148,0.6500000000000057,0.239999999999995,time,-0.245999999999995,time,False,long
2026-02-06,156.804,157.043,0.6450000000000102,0.23600000000000432,time,-0.24200000000000432,time,False,long
2026-02-09,157.251,156.466,1.0840000000000032,-0.503,sl,0.497,tp,False,short
2026-02-10,156.127,155.271,1.247000000000014,-0.503,sl,0.497,tp,False,short
2026-02-11,154.498,153.494,1.7179999999999893,-0.503,sl,0.497,tp,False,short
2026-02-12,153.268,153.31,1.281000000000006,-0.503,sl,0.497,tp,False,long
2026-02-13,152.788,153.361,0.929000000000002,0.497,tp,-0.503,sl,False,long
2026-02-16,152.798,153.371,0.867999999999995,0.497,tp,-0.503,sl,False,long
2026-02-17,153.55,153.132,0.8880000000000052,-0.503,sl,0.497,tp,False,short
2026-02-18,153.13,153.706,0.7880000000000109,0.497,tp,-0.503,sl,False,long
2026-02-19,154.687,154.705,0.7220000000000084,0.497,tp,-0.503,sl,False,long
2026-02-20,155.196,155.178,0.7439999999999998,-0.02100000000000068,time,0.015000000000000683,time,False,short
2026-02-23,154.342,154.923,0.9479999999999791,0.497,tp,-0.503,sl,False,long
2026-02-24,154.66,155.879,1.6580000000000155,0.497,tp,-0.503,sl,False,long
2026-02-25,155.91,156.795,1.4800000000000182,-0.503,sl,0.497,tp,True,long
2026-02-26,156.168,156.076,0.5310000000000059,-0.09500000000001296,time,0.08900000000001296,time,False,short
2026-02-27,155.857,155.908,0.695999999999998,0.04799999999998772,time,-0.053999999999987724,time,False,long
2026-03-02,156.633,156.978,0.8800000000000239,0.34199999999999886,time,-0.34799999999999887,time,False,long
2026-03-03,157.27,157.68,0.7949999999999875,0.497,tp,-0.503,sl,False,long
2026-03-05,156.977,157.347,0.9279999999999973,-0.503,sl,0.497,tp,False,long
2026-03-06,157.564,157.842,0.492999999999995,0.27500000000002,time,-0.28100000000002,time,False,long
2026-03-16,159.56,159.126,0.5390000000000157,-0.4369999999999975,time,0.4309999999999975,time,False,short
2026-03-17,159.133,159.1,0.5289999999999964,-0.036000000000015464,time,0.030000000000015462,time,False,short
2026-03-18,158.908,158.976,0.5720000000000027,0.06500000000001205,time,-0.07100000000001205,time,False,long
2026-03-19,159.816,159.06,0.8100000000000023,-0.503,sl,0.497,tp,False,short
2026-03-20,157.93,158.58,1.1519999999999868,0.497,tp,-0.503,sl,False,long
2026-03-23,159.148,158.927,1.4139999999999873,0.497,tp,-0.503,sl,True,short
2026-03-24,158.482,158.767,0.39400000000000546,0.2819999999999966,time,-0.2879999999999966,time,False,long
2026-03-25,158.703,158.848,0.6260000000000048,0.14200000000001023,time,-0.14800000000001023,time,False,long
2026-03-26,159.39,159.655,0.38800000000000523,0.2620000000000148,time,-0.2680000000000148,time,False,long
2026-03-27,159.723,159.854,0.5229999999999961,0.12800000000000022,time,-0.13400000000000023,time,False,long
2026-03-30,160.232,159.514,0.8389999999999986,-0.503,sl,0.497,tp,False,short
2026-03-31,159.844,159.415,0.6090000000000089,-0.43200000000000205,time,0.42600000000000204,time,False,short
2026-04-01,158.585,158.345,0.7390000000000043,-0.2430000000000091,time,0.2370000000000091,time,False,short
2026-04-02,158.712,159.703,1.1620000000000061,0.497,tp,-0.503,sl,False,long
2026-04-03,159.493,159.556,0.28300000000001546,0.060000000000016596,time,-0.0660000000000166,time,False,long
2026-04-06,159.78,159.554,0.49799999999999045,-0.2289999999999991,time,0.2229999999999991,time,False,short
2026-04-07,159.694,159.83,0.4619999999999891,0.1330000000000241,time,-0.1390000000000241,time,False,long
2026-04-08,158.717,158.253,0.742999999999995,-0.503,sl,0.497,tp,False,short
2026-04-09,158.651,158.891,0.4890000000000043,0.23699999999998067,time,-0.24299999999998068,time,False,long
2026-04-10,159.093,159.177,0.3499999999999943,0.08100000000000318,time,-0.08700000000000319,time,False,long
2026-04-13,159.679,159.844,0.28999999999999204,0.16199999999999204,time,-0.16799999999999204,time,False,long
2026-04-14,159.22,158.772,0.6280000000000143,-0.503,sl,0.497,tp,False,short
2026-04-15,158.802,159.025,0.4509999999999934,0.22000000000001319,time,-0.2260000000000132,time,False,long
2026-04-16,158.815,158.959,0.8650000000000091,-0.503,sl,0.497,tp,False,long
2026-04-17,159.209,159.174,0.5229999999999961,-0.03799999999999659,time,0.03199999999999659,time,False,short
2026-04-20,159.153,158.836,0.4759999999999991,-0.31999999999997886,time,0.31399999999997885,time,False,short
2026-04-21,158.848,159.045,0.4619999999999891,0.1939999999999743,time,-0.1999999999999743,time,False,long
2026-04-22,159.381,159.247,0.2990000000000066,-0.13699999999998613,time,0.13099999999998613,time,False,short
2026-04-23,159.486,159.552,0.4830000000000041,0.0630000000000025,time,-0.0690000000000025,time,False,long
2026-04-24,159.754,159.427,0.5060000000000002,-0.3299999999999982,time,0.3239999999999982,time,False,short
2026-04-29,159.557,159.844,0.33500000000000796,0.28400000000000614,time,-0.29000000000000614,time,False,long
2026-04-30,160.198,156.374,5.169000000000011,0.497,tp,-0.503,sl,True,short
2026-05-01,156.988,156.579,1.8400000000000034,-0.503,sl,0.497,tp,False,short
2026-05-07,156.522,156.403,0.5060000000000002,-0.503,sl,0.497,tp,False,short
2026-05-08,156.857,156.749,0.36299999999999955,-0.1110000000000041,time,0.10500000000000409,time,False,short
2026-05-11,156.864,157.119,0.3400000000000034,0.25199999999999545,time,-0.25799999999999546,time,False,long
2026-05-12,157.238,157.572,1.021000000000015,0.497,tp,-0.503,sl,True,long
2026-05-13,157.673,157.765,0.3329999999999984,0.08899999999998454,time,-0.09499999999998454,time,False,long
2026-05-14,157.858,157.971,0.4779999999999802,0.10999999999999954,time,-0.11599999999999955,time,False,long
2026-05-15,158.381,158.571,0.382000000000005,0.18699999999999772,time,-0.19299999999999773,time,False,long
2026-05-18,158.849,158.833,0.39099999999999113,-0.01899999999999113,time,0.012999999999991133,time,False,short
2026-05-19,158.869,159.092,0.3199999999999932,0.22000000000001319,time,-0.2260000000000132,time,False,long
2026-05-20,159.043,159.035,0.2839999999999918,-0.011000000000009776,time,0.005000000000009777,time,False,short
2026-05-21,158.887,158.979,0.27700000000001523,0.08900000000001296,time,-0.09500000000001296,time,False,long
2026-05-22,159.026,159.106,0.1349999999999909,0.07699999999998408,time,-0.08299999999998409,time,False,long
2026-05-26,158.952,159.192,0.32800000000000296,0.2370000000000091,time,-0.2430000000000091,time,False,long
2026-05-27,159.251,159.431,0.27299999999999613,0.17700000000000682,time,-0.18300000000000682,time,False,long
2026-05-28,159.572,159.463,0.27300000000002456,-0.11200000000000887,time,0.10600000000000886,time,False,short
2026-05-29,159.27,159.25,0.17799999999999727,-0.02300000000001023,time,0.017000000000010233,time,False,short
2026-06-01,159.36,159.487,0.1379999999999768,0.12399999999998113,time,-0.12999999999998113,time,False,long
2026-06-02,159.644,159.742,0.11700000000001864,0.09499999999998476,time,-0.10099999999998477,time,False,long
2026-06-03,159.982,159.837,0.6299999999999955,-0.503,sl,0.497,tp,False,short
2026-06-04,159.947,159.767,0.3919999999999959,-0.18300000000000682,time,0.17700000000000682,time,False,short
2026-06-05,159.993,159.844,0.17599999999998772,-0.1520000000000009,time,0.1460000000000009,time,False,short
2026-06-08,160.337,159.969,0.5430000000000064,-0.370999999999995,time,0.364999999999995,time,False,short
2026-06-09,160.183,160.158,0.2259999999999991,-0.028000000000005684,time,0.022000000000005685,time,False,short
2026-06-10,160.392,160.497,0.29300000000000637,0.10200000000001819,time,-0.10800000000001819,time,False,long
2026-06-11,160.53,160.535,0.16199999999997772,0.0019999999999954525,time,-0.007999999999995452,time,False,long
2026-06-12,160.138,160.172,0.42500000000001137,0.030999999999991815,time,-0.03699999999999182,time,False,long
2026-06-15,159.958,160.185,0.34799999999998477,0.22400000000000386,time,-0.23000000000000387,time,False,long
2026-06-16,160.244,160.358,0.31100000000000705,0.11100000000000432,time,-0.11700000000000432,time,False,long
2026-06-17,160.422,160.31,0.3079999999999927,-0.11499999999999477,time,0.10899999999999477,time,False,short
2026-06-18,160.604,160.929,0.47400000000001796,0.32199999999998863,time,-0.32799999999998863,time,False,long
2026-06-19,161.298,161.258,0.46999999999999886,-0.042999999999992045,time,0.03699999999999204,time,False,short
2026-06-22,161.439,161.74,0.34899999999998954,0.29800000000001614,time,-0.30400000000001615,time,False,long
2026-06-23,161.575,161.642,0.21600000000000819,0.06400000000000727,time,-0.07000000000000728,time,False,long
2026-06-26,161.803,161.662,0.3160000000000025,-0.14399999999999114,time,0.13799999999999113,time,False,short
2026-06-29,161.794,161.835,0.1810000000000116,0.037999999999996814,time,-0.04399999999999682,time,False,long
2026-06-30,161.923,162.315,0.4900000000000091,0.3889999999999959,time,-0.3949999999999959,time,False,long
2026-07-01,162.633,162.695,0.27600000000001046,0.0589999999999834,time,-0.0649999999999834,time,False,long
2026-07-02,162.546,161.479,1.6980000000000075,-0.503,sl,0.497,tp,False,short
2026-07-03,161.456,161.118,1.0419999999999732,-0.503,sl,0.497,tp,False,short
2026-07-06,161.458,162.333,0.9540000000000077,0.497,tp,-0.503,sl,False,long
2026-07-07,162.094,161.899,0.5220000000000198,-0.19799999999999318,time,0.19199999999999318,time,False,short
2026-07-08,162.363,162.223,0.38700000000000045,-0.14299999999998636,time,0.13699999999998635,time,False,short
2026-07-09,162.541,162.347,0.3259999999999934,-0.1969999999999884,time,0.1909999999999884,time,False,short
2026-07-13,161.885,162.119,0.2920000000000016,0.23100000000000886,time,-0.23700000000000887,time,False,long
