day,entry,close,range,R_long,why_long,R_short,why_short,both_touch,real_dir
2021-01-04,103.247,103.005,0.32900000000000773,-0.24500000000000444,time,0.23900000000000443,time,False,short
2021-01-06,102.684,102.807,0.2780000000000058,0.12000000000000466,time,-0.12600000000000466,time,False,long
2021-01-07,103.021,103.211,0.2960000000000065,0.18699999999999772,time,-0.19299999999999773,time,False,long
2021-01-13,103.749,103.684,0.22499999999999432,-0.06799999999999773,time,0.061999999999997724,time,False,short
2021-01-14,103.827,103.984,0.39799999999999613,0.15399999999999647,time,-0.15999999999999648,time,False,long
2021-01-15,103.838,103.804,0.15399999999999636,-0.03699999999999182,time,0.030999999999991815,time,False,short
2021-01-18,103.916,103.727,0.242999999999995,-0.19199999999999295,time,0.18599999999999295,time,False,short
2021-01-19,103.705,103.991,0.4299999999999926,0.28300000000000136,time,-0.28900000000000137,time,False,long
2021-01-20,103.898,103.746,0.20000000000000284,-0.15500000000000103,time,0.14900000000000102,time,False,short
2021-01-21,103.557,103.398,0.2790000000000106,-0.16200000000000603,time,0.15600000000000602,time,False,short
2021-01-25,103.789,103.766,0.17199999999999704,-0.025999999999996134,time,0.019999999999996135,time,False,short
2021-01-26,103.763,103.731,0.14200000000001012,-0.03500000000001069,time,0.029000000000010687,time,False,short
2021-01-27,103.599,103.712,0.16500000000000625,0.10999999999999954,time,-0.11599999999999955,time,False,long
2021-01-28,104.142,104.238,0.2360000000000042,0.09300000000000364,time,-0.09900000000000364,time,False,long
2021-02-01,104.715,104.659,0.1460000000000008,-0.05899999999999739,time,0.05299999999999738,time,False,short
2021-02-03,105.03,105.004,0.12600000000000477,-0.028999999999996248,time,0.02299999999999625,time,False,short
2021-02-04,104.996,105.143,0.2150000000000034,0.14400000000000557,time,-0.15000000000000557,time,False,long
2021-02-05,105.574,105.51,0.18099999999999739,-0.06699999999999295,time,0.06099999999999295,time,False,short
2021-02-08,105.395,105.501,0.20000000000000284,0.10300000000000875,time,-0.10900000000000876,time,False,long
2021-02-10,104.583,104.561,0.20199999999999818,-0.02499999999999136,time,0.01899999999999136,time,False,short
2021-02-11,104.618,104.593,0.0800000000000125,-0.027999999999991473,time,0.021999999999991474,time,False,short
2021-02-12,104.751,104.869,0.14800000000001035,0.114999999999995,time,-0.120999999999995,time,False,long
2021-02-15,105.065,105.047,0.16400000000000148,-0.02100000000000068,time,0.015000000000000683,time,False,short
2021-02-19,105.653,105.698,0.09700000000000841,0.04199999999998749,time,-0.0479999999999875,time,False,long
2021-02-24,105.296,105.533,0.29399999999999693,0.23399999999999477,time,-0.23999999999999477,time,False,long
2021-02-25,105.958,105.884,0.29400000000001114,-0.07699999999999807,time,0.07099999999999806,time,False,short
2021-02-26,106.39,106.195,0.5820000000000078,-0.503,sl,0.497,tp,False,short
2021-03-01,106.48,106.529,0.3369999999999891,0.04599999999999238,time,-0.051999999999992386,time,False,long
2021-03-02,106.844,106.826,0.20000000000000284,-0.02100000000000068,time,0.015000000000000683,time,False,short
2021-03-03,106.758,106.868,0.18600000000000705,0.10699999999999943,time,-0.11299999999999943,time,False,long
2021-03-05,107.949,108.108,0.3059999999999974,0.15600000000000602,time,-0.16200000000000603,time,False,long
2021-03-08,108.404,108.347,0.18000000000000682,-0.06000000000000216,time,0.05400000000000216,time,False,short
2021-03-09,108.927,109.182,0.3430000000000035,0.25199999999999545,time,-0.25799999999999546,time,False,long
2021-03-10,108.576,108.885,0.39500000000001023,0.3060000000000117,time,-0.3120000000000117,time,False,long
2021-03-11,108.451,108.698,0.3760000000000048,0.24399999999999988,time,-0.2499999999999999,time,False,long
2021-03-12,108.572,108.745,0.2680000000000007,0.17000000000000182,time,-0.17600000000000182,time,False,long
2021-03-15,109.116,109.283,0.37699999999999534,0.1640000000000016,time,-0.1700000000000016,time,False,long
2021-03-16,109.125,109.175,0.12899999999999068,0.046999999999997155,time,-0.05299999999999716,time,False,long
2021-03-17,109.03,109.175,0.1880000000000024,0.14199999999999602,time,-0.14799999999999602,time,False,long
2021-03-18,108.899,108.866,0.5010000000000048,-0.03600000000000125,time,0.03000000000000125,time,False,short
2021-03-19,108.93,108.888,0.2980000000000018,-0.045000000000001594,time,0.03900000000000159,time,False,short
2021-03-22,108.875,108.807,0.2560000000000002,-0.07099999999999784,time,0.06499999999999784,time,False,short
2021-03-23,108.778,108.745,0.1840000000000117,-0.03600000000000125,time,0.03000000000000125,time,False,short
2021-03-24,108.518,108.537,0.1910000000000025,0.016000000000005458,time,-0.022000000000005456,time,False,long
2021-03-25,108.788,108.937,0.20299999999998875,0.1460000000000009,time,-0.1520000000000009,time,False,long
2021-03-26,109.177,109.249,0.1839999999999975,0.06899999999998851,time,-0.07499999999998852,time,False,long
2021-03-29,109.791,109.482,0.4210000000000065,-0.3119999999999975,time,0.3059999999999975,time,False,short
2021-03-30,109.837,109.982,0.20300000000000296,0.14199999999999602,time,-0.14799999999999602,time,False,long
2021-04-01,110.758,110.75,0.2539999999999907,-0.010999999999995565,time,0.004999999999995566,time,False,short
2021-04-02,110.612,110.537,0.19200000000000728,-0.07799999999998863,time,0.07199999999998863,time,False,short
2021-04-05,110.679,110.672,0.19899999999999807,-0.010000000000005001,time,0.004000000000005002,time,False,short
2021-04-06,110.195,110.166,0.2780000000000058,-0.031999999999996365,time,0.025999999999996363,time,False,short
2021-04-07,109.796,109.766,0.3160000000000025,-0.03300000000000114,time,0.027000000000001138,time,False,short
2021-04-08,109.856,109.68,0.26500000000000057,-0.17899999999998772,time,0.17299999999998772,time,False,short
2021-04-09,109.332,109.386,0.21800000000000352,0.051000000000002044,time,-0.05700000000000205,time,False,long
2021-04-12,109.72,109.537,0.2989999999999924,-0.18599999999999273,time,0.17999999999999272,time,False,short
2021-04-13,109.381,109.689,0.3790000000000049,0.3049999999999927,time,-0.3109999999999927,time,False,long
2021-04-14,108.924,108.952,0.20399999999999352,0.024999999999991588,time,-0.030999999999991586,time,False,long
2021-04-15,108.893,108.912,0.12699999999999534,0.016000000000005458,time,-0.022000000000005456,time,False,long
2021-04-16,108.69,108.811,0.3299999999999983,0.11800000000000932,time,-0.12400000000000932,time,False,long
2021-04-19,108.723,108.517,0.2680000000000007,-0.20900000000000307,time,0.20300000000000307,time,False,short
2021-04-20,108.108,108.195,0.347999999999999,0.08399999999998908,time,-0.08999999999998909,time,False,long
2021-04-21,108.132,108.002,0.27000000000001023,-0.13300000000000967,time,0.12700000000000966,time,False,short
2021-04-22,108.042,107.969,0.22799999999999443,-0.0760000000000075,time,0.0700000000000075,time,False,short
2021-04-23,107.986,107.889,0.18899999999999295,-0.10000000000000842,time,0.09400000000000841,time,False,short
2021-04-26,107.881,107.797,0.2920000000000016,-0.08700000000000319,time,0.08100000000000318,time,False,short
2021-04-27,108.199,108.222,0.28699999999999193,0.019999999999996135,time,-0.025999999999996134,time,False,long
2021-04-28,108.749,108.85,0.22499999999999432,0.09799999999999909,time,-0.1039999999999991,time,False,long
2021-04-29,108.505,108.577,0.23499999999999943,0.06900000000000273,time,-0.07500000000000273,time,False,long
2021-04-30,108.904,108.836,0.34600000000000364,-0.07099999999999784,time,0.06499999999999784,time,False,short
2021-05-03,109.285,109.627,0.375,0.33899999999999875,time,-0.34499999999999875,time,False,long
2021-05-04,109.088,109.303,0.29399999999999693,0.2120000000000034,time,-0.2180000000000034,time,False,long
2021-05-05,109.331,109.371,0.1979999999999933,0.03699999999999204,time,-0.042999999999992045,time,False,long
2021-05-06,109.22,109.335,0.24399999999999977,0.11199999999999488,time,-0.11799999999999489,time,False,long
2021-05-07,109.05,109.11,0.25199999999999534,0.05700000000000227,time,-0.06300000000000228,time,False,long
2021-05-10,108.574,108.858,0.3569999999999993,0.281000000000006,time,-0.28700000000000603,time,False,long
2021-05-11,108.848,108.858,0.19299999999999784,0.007000000000005116,time,-0.013000000000005115,time,False,long
2021-05-13,109.664,109.709,0.3020000000000067,0.0420000000000017,time,-0.04800000000000171,time,False,long
2021-05-14,109.517,109.501,0.15500000000000114,-0.01899999999999113,time,0.012999999999991133,time,False,short
2021-05-17,109.42,109.335,0.23400000000000887,-0.08800000000000796,time,0.08200000000000796,time,False,short
2021-05-19,108.868,108.943,0.2150000000000034,0.07200000000000284,time,-0.07800000000000284,time,False,long
2021-05-20,109.261,109.144,0.2050000000000125,-0.11999999999999023,time,0.11399999999999022,time,False,short
2021-05-21,108.862,108.743,0.18999999999999773,-0.12199999999999978,time,0.11599999999999977,time,False,short
2021-05-24,108.914,108.791,0.22100000000000364,-0.12600000000000466,time,0.12000000000000466,time,False,short
2021-05-25,108.847,108.748,0.16799999999999216,-0.10199999999998954,time,0.09599999999998954,time,False,short
2021-05-26,108.794,108.797,0.1039999999999992,1.1362438767648086e-16,time,-0.006000000000000114,time,False,long
2021-05-27,109.171,109.075,0.16899999999999693,-0.09900000000000364,time,0.09300000000000364,time,False,short
2021-05-28,109.81,109.903,0.14699999999999136,0.09000000000000352,time,-0.09600000000000353,time,False,long
2021-06-03,109.595,109.767,0.21000000000000796,0.16899999999999704,time,-0.17499999999999705,time,False,long
2021-06-04,110.291,110.274,0.1869999999999976,-0.019999999999995906,time,0.013999999999995908,time,False,short
2021-06-07,109.618,109.523,0.2560000000000002,-0.09799999999999887,time,0.09199999999999886,time,False,short
2021-06-08,109.272,109.481,0.2880000000000109,0.20599999999998897,time,-0.21199999999998898,time,False,long
2021-06-09,109.47,109.47,0.10099999999999909,-0.003,time,-0.003,time,False,short
2021-06-10,109.614,109.551,0.16100000000000136,-0.06600000000000239,time,0.060000000000002385,time,False,short
2021-06-11,109.393,109.418,0.10500000000000398,0.022000000000005685,time,-0.028000000000005684,time,False,long
2021-06-14,109.715,109.746,0.14000000000000057,0.0279999999999917,time,-0.033999999999991704,time,False,long
2021-06-15,110.043,110.033,0.12599999999999056,-0.013000000000005115,time,0.007000000000005116,time,False,short
2021-06-16,110.081,110.071,0.09099999999999397,-0.013000000000005115,time,0.007000000000005116,time,False,short
2021-06-17,110.772,110.643,0.21699999999999875,-0.1320000000000049,time,0.12600000000000489,time,False,short
2021-06-18,110.324,110.046,0.3539999999999992,-0.2809999999999916,time,0.2749999999999916,time,False,short
2021-06-21,110.204,109.864,0.5409999999999968,-0.3429999999999892,time,0.3369999999999892,time,False,short
2021-06-22,110.378,110.452,0.2609999999999957,0.07099999999999806,time,-0.07699999999999807,time,False,long
2021-06-23,110.653,110.767,0.2079999999999984,0.1109999999999901,time,-0.11699999999999011,time,False,long
2021-06-24,111.013,110.856,0.30800000000000693,-0.1600000000000107,time,0.15400000000001068,time,False,short
2021-06-28,110.81,110.655,0.22400000000000375,-0.15800000000000114,time,0.15200000000000113,time,False,short
2021-06-29,110.605,110.554,0.1880000000000024,-0.054000000000001935,time,0.04800000000000193,time,False,short
2021-06-30,110.535,110.5,0.15400000000001057,-0.03799999999999659,time,0.03199999999999659,time,False,short
2021-07-01,111.131,111.119,0.13700000000000045,-0.015000000000000454,time,0.009000000000000456,time,False,short
2021-07-02,111.571,111.607,0.10799999999998988,0.03300000000000136,time,-0.03900000000000137,time,False,long
2021-07-05,111.141,111.138,0.1389999999999958,-0.006000000000000114,time,1.1362438767648086e-16,time,False,short
2021-07-06,110.917,110.819,0.14300000000000068,-0.10099999999999898,time,0.09499999999999897,time,False,short
2021-07-07,110.601,110.594,0.2469999999999999,-0.010000000000005001,time,0.004000000000005002,time,False,short
2021-07-08,110.634,110.275,0.4380000000000024,-0.36199999999999466,time,0.35599999999999465,time,False,short
2021-07-09,109.802,110.01,0.32500000000000284,0.2049999999999984,time,-0.2109999999999984,time,False,long
2021-07-12,110.217,110.169,0.24099999999999966,-0.05100000000000182,time,0.045000000000001816,time,False,short
2021-07-13,110.329,110.373,0.1599999999999966,0.04100000000001114,time,-0.047000000000011144,time,False,long
2021-07-14,110.597,110.502,0.2539999999999907,-0.09799999999999887,time,0.09199999999999886,time,False,short
2021-07-15,109.996,109.84,0.19600000000001216,-0.1589999999999917,time,0.1529999999999917,time,False,short
2021-07-16,109.777,109.988,0.3410000000000082,0.20799999999999852,time,-0.21399999999999852,time,False,long
2021-07-19,109.876,109.944,0.11399999999999011,0.06499999999999784,time,-0.07099999999999784,time,False,long
2021-07-20,109.528,109.489,0.23199999999999932,-0.04200000000000148,time,0.036000000000001475,time,False,short
2021-07-21,109.917,109.904,0.12699999999999534,-0.01600000000000523,time,0.01000000000000523,time,False,short
2021-07-22,110.248,110.166,0.17900000000000205,-0.08500000000000785,time,0.07900000000000784,time,False,short
2021-07-23,110.141,110.271,0.19200000000000728,0.12699999999999545,time,-0.13299999999999546,time,False,long
2021-07-26,110.543,110.318,0.31799999999999784,-0.22800000000000853,time,0.22200000000000852,time,False,short
2021-07-27,110.307,110.204,0.1629999999999967,-0.10600000000000864,time,0.10000000000000864,time,False,short
2021-07-28,109.807,109.837,0.1599999999999966,0.027000000000001138,time,-0.03300000000000114,time,False,long
2021-07-29,109.89,109.732,0.21299999999999386,-0.16100000000000125,time,0.15500000000000125,time,False,short
2021-07-30,109.41,109.519,0.2459999999999951,0.10600000000000886,time,-0.11200000000000887,time,False,long
2021-08-03,109.271,109.174,0.20000000000000284,-0.0999999999999942,time,0.0939999999999942,time,False,short
2021-08-04,108.989,109.053,0.18299999999999272,0.06099999999999295,time,-0.06699999999999295,time,False,long
2021-08-05,109.534,109.658,0.20299999999998875,0.12099999999999522,time,-0.12699999999999523,time,False,long
2021-08-06,109.753,109.815,0.14700000000000557,0.05899999999999761,time,-0.06499999999999762,time,False,long
2021-08-09,110.263,110.217,0.12899999999999068,-0.04900000000000648,time,0.04300000000000648,time,False,short
2021-08-10,110.322,110.357,0.1039999999999992,0.03199999999999659,time,-0.03799999999999659,time,False,long
2021-08-11,110.598,110.687,0.1039999999999992,0.08599999999999863,time,-0.09199999999999864,time,False,long
2021-08-12,110.374,110.402,0.11700000000000443,0.0250000000000058,time,-0.031000000000005797,time,False,long
2021-08-13,110.402,110.409,0.08899999999999864,0.004000000000005002,time,-0.010000000000005001,time,False,long
2021-08-16,109.627,109.423,0.29999999999999716,-0.20699999999999352,time,0.20099999999999352,time,False,short
2021-08-17,109.299,109.341,0.15200000000000102,0.03899999999998738,time,-0.04499999999998738,time,False,long
2021-08-18,109.537,109.605,0.20600000000000307,0.06499999999999784,time,-0.07099999999999784,time,False,long
2021-08-19,109.84,110.134,0.3919999999999959,0.29099999999999693,time,-0.29699999999999693,time,False,long
2021-08-20,109.769,109.693,0.26400000000001,-0.07900000000000762,time,0.07300000000000761,time,False,short
2021-08-23,109.841,109.948,0.14399999999999125,0.10399999999999932,time,-0.10999999999999932,time,False,long
2021-08-24,109.676,109.77,0.14799999999999613,0.09099999999999409,time,-0.09699999999999409,time,False,long
2021-08-25,109.727,109.708,0.16400000000000148,-0.022000000000005456,time,0.016000000000005458,time,False,short
2021-08-27,110.048,109.923,0.2009999999999934,-0.128,time,0.122,time,False,short
2021-08-30,109.862,109.751,0.17499999999999716,-0.11399999999999,time,0.10799999999998999,time,False,short
2021-08-31,109.946,109.81,0.16499999999999204,-0.13899999999999568,time,0.13299999999999568,time,False,short
2021-09-01,110.056,110.22,0.20399999999999352,0.16100000000000148,time,-0.16700000000000148,time,False,long
2021-09-02,110.092,109.971,0.20699999999999363,-0.12399999999999511,time,0.11799999999999511,time,False,short
2021-09-03,109.946,110.061,0.2680000000000007,0.11200000000000909,time,-0.1180000000000091,time,False,long
2021-09-06,109.779,109.781,0.09499999999999886,-0.0009999999999904504,time,-0.00500000000000955,time,False,long
2021-09-07,109.823,109.828,0.10999999999999943,0.0020000000000096633,time,-0.008000000000009663,time,False,long
2021-09-08,110.297,110.399,0.15699999999999648,0.09900000000000386,time,-0.10500000000000387,time,False,long
2021-09-09,110.22,110.122,0.17600000000000193,-0.10099999999999898,time,0.09499999999999897,time,False,short
2021-09-10,109.771,109.906,0.21100000000001273,0.1320000000000051,time,-0.13800000000000512,time,False,long
2021-09-13,109.916,110.031,0.14699999999999136,0.11200000000000909,time,-0.1180000000000091,time,False,long
2021-09-14,109.995,110.079,0.14699999999999136,0.08099999999998897,time,-0.08699999999998898,time,False,long
2021-09-15,109.714,109.584,0.1979999999999933,-0.13299999999999546,time,0.12699999999999545,time,False,short
2021-09-16,109.382,109.263,0.2150000000000034,-0.12199999999999978,time,0.11599999999999977,time,False,short
2021-09-20,109.978,109.905,0.17900000000000205,-0.0759999999999933,time,0.06999999999999329,time,False,short
2021-09-21,109.435,109.515,0.23499999999999943,0.07699999999999829,time,-0.0829999999999983,time,False,long
2021-09-22,109.152,109.52,0.4339999999999975,0.364999999999995,time,-0.370999999999995,time,False,long
2021-09-23,109.822,109.835,0.1280000000000001,0.00999999999999102,time,-0.015999999999991018,time,False,long
2021-09-24,110.328,110.475,0.17499999999999716,0.14399999999999136,time,-0.14999999999999136,time,False,long
2021-09-27,110.766,110.628,0.2710000000000008,-0.14100000000000523,time,0.13500000000000523,time,False,short
2021-09-28,110.963,111.215,0.30700000000000216,0.24900000000000955,time,-0.25500000000000955,time,False,long
2021-09-29,111.526,111.485,0.3400000000000034,-0.04399999999999682,time,0.037999999999996814,time,False,short
2021-09-30,111.936,111.851,0.19200000000000728,-0.08800000000000796,time,0.08200000000000796,time,False,short
2021-10-01,111.463,111.187,0.3719999999999999,-0.27899999999999625,time,0.27299999999999625,time,False,short
2021-10-04,110.949,111.06,0.23000000000000398,0.1080000000000042,time,-0.11400000000000421,time,False,long
2021-10-05,110.968,111.186,0.35599999999999454,0.21500000000000352,time,-0.22100000000000353,time,False,long
2021-10-06,111.485,111.767,0.29300000000000637,0.2789999999999965,time,-0.2849999999999965,time,False,long
2021-10-07,111.404,111.479,0.1950000000000074,0.07200000000000284,time,-0.07800000000000284,time,False,long
2021-10-08,111.661,111.916,0.27199999999999136,0.25199999999999545,time,-0.25799999999999546,time,False,long
2021-10-11,112.273,112.726,0.5759999999999934,0.45000000000000295,time,-0.45600000000000296,time,False,long
2021-10-12,113.387,113.294,0.2780000000000058,-0.09600000000000353,time,0.09000000000000352,time,False,short
2021-10-13,113.537,113.397,0.20199999999999818,-0.14300000000000057,time,0.13700000000000057,time,False,short
2021-10-15,113.831,113.966,0.16599999999999682,0.1319999999999909,time,-0.1379999999999909,time,False,long
2021-10-18,114.331,114.323,0.4350000000000023,-0.011000000000009776,time,0.005000000000009777,time,False,short
2021-10-19,114.286,114.108,0.27299999999999613,-0.18099999999999727,time,0.17499999999999727,time,False,short
2021-10-20,114.544,114.558,0.2580000000000098,0.011000000000010005,time,-0.017000000000010004,time,False,long
2021-10-21,114.386,114.019,0.46399999999999864,-0.3699999999999902,time,0.3639999999999902,time,False,short
2021-10-22,113.846,114.006,0.3680000000000092,0.1569999999999966,time,-0.1629999999999966,time,False,long
2021-10-25,113.669,113.598,0.29399999999999693,-0.07399999999999796,time,0.06799999999999795,time,False,short
2021-10-26,113.763,113.976,0.262999999999991,0.20999999999999386,time,-0.21599999999999386,time,False,long
2021-10-27,114.183,114.093,0.2890000000000015,-0.09300000000000341,time,0.08700000000000341,time,False,short
2021-10-28,113.77,113.576,0.3649999999999949,-0.19700000000000262,time,0.1910000000000026,time,False,short
2021-10-29,113.617,113.668,0.31799999999999784,0.04800000000000193,time,-0.054000000000001935,time,False,long
2021-11-01,114.236,114.234,0.2890000000000015,-0.00500000000000955,time,-0.0009999999999904504,time,False,short
2021-11-02,114.089,113.685,0.5370000000000061,-0.40699999999999636,time,0.40099999999999636,time,False,short
2021-11-03,113.964,113.859,0.22700000000000387,-0.10800000000000398,time,0.10200000000000398,time,False,short
2021-11-04,114.068,114.158,0.20899999999998897,0.08700000000000341,time,-0.09300000000000341,time,False,long
2021-11-05,113.833,113.65,0.2839999999999918,-0.18599999999999273,time,0.17999999999999272,time,False,short
2021-11-08,113.474,113.571,0.22800000000000864,0.0939999999999942,time,-0.0999999999999942,time,False,long
2021-11-09,113.254,112.771,0.5370000000000061,-0.503,sl,0.497,tp,False,short
2021-11-10,112.914,112.88,0.1769999999999925,-0.03700000000000603,time,0.031000000000006026,time,False,short
2021-11-11,113.905,113.943,0.25199999999999534,0.0349999999999967,time,-0.040999999999996706,time,False,long
2021-11-12,114.042,114.205,0.26200000000000045,0.1599999999999967,time,-0.1659999999999967,time,False,long
2021-11-15,113.981,113.819,0.2560000000000002,-0.16499999999999193,time,0.15899999999999193,time,False,short
2021-11-16,114.129,114.143,0.21099999999999852,0.010999999999995794,time,-0.016999999999995793,time,False,long
2021-11-17,114.903,114.911,0.23800000000001376,0.004999999999995566,time,-0.010999999999995565,time,False,long
2021-11-18,114.19,114.177,0.26300000000000523,-0.015999999999991018,time,0.00999999999999102,time,False,short
2021-11-19,114.282,114.351,0.12299999999999045,0.06600000000000261,time,-0.07200000000000262,time,False,long
2021-11-22,114.142,114.132,0.19200000000000728,-0.012999999999990904,time,0.006999999999990905,time,False,short
2021-11-23,114.788,115.112,0.4029999999999916,0.32099999999999806,time,-0.32699999999999807,time,False,long
2021-11-24,115.141,114.927,0.32800000000000296,-0.21699999999999864,time,0.21099999999999863,time,False,short
2021-11-25,115.407,115.384,0.14399999999999125,-0.025999999999996134,time,0.019999999999996135,time,False,short
2021-11-26,115.074,114.651,0.5210000000000008,-0.4260000000000018,time,0.4200000000000018,time,False,short
2021-11-29,113.719,113.601,0.4440000000000026,-0.120999999999995,time,0.114999999999995,time,False,short
2021-11-30,113.804,113.077,0.8589999999999947,-0.503,sl,0.497,tp,False,short
2021-12-01,113.3,113.442,0.44899999999999807,0.1389999999999959,time,-0.1449999999999959,time,False,long
2021-12-02,112.879,113.113,0.3149999999999977,0.23099999999999465,time,-0.23699999999999466,time,False,long
2021-12-03,113.021,113.185,0.25099999999999056,0.16100000000000148,time,-0.16700000000000148,time,False,long
2021-12-06,113.044,113.014,0.22299999999999898,-0.03300000000000114,time,0.027000000000001138,time,False,short
2021-12-09,113.684,113.631,0.2259999999999991,-0.055999999999997274,time,0.04999999999999727,time,False,short
2021-12-10,113.439,113.46,0.242999999999995,0.018000000000000797,time,-0.024000000000000795,time,False,long
2021-12-13,113.513,113.499,0.12699999999999534,-0.017000000000010004,time,0.011000000000010005,time,False,short
2021-12-14,113.578,113.59,0.1980000000000075,0.009000000000000456,time,-0.015000000000000454,time,False,long
2021-12-15,113.739,113.725,0.12000000000000455,-0.017000000000010004,time,0.011000000000010005,time,False,short
2021-12-16,114.142,114.151,0.2120000000000033,0.006000000000000341,time,-0.01200000000000034,time,False,long
2021-12-17,113.664,113.573,0.4159999999999968,-0.09400000000000819,time,0.08800000000000818,time,False,short
2021-12-20,113.516,113.45,0.2989999999999924,-0.0690000000000025,time,0.0630000000000025,time,False,short
2021-12-21,113.664,113.728,0.1939999999999884,0.06099999999999295,time,-0.06699999999999295,time,False,long
2021-12-22,113.993,114.134,0.18600000000000705,0.13800000000000534,time,-0.14400000000000535,time,False,long
2021-12-23,114.126,114.176,0.10699999999999932,0.046999999999997155,time,-0.05299999999999716,time,False,long
2021-12-24,114.461,114.388,0.21299999999999386,-0.0759999999999933,time,0.06999999999999329,time,False,short
2021-12-27,114.34,114.427,0.15200000000000102,0.0840000000000033,time,-0.0900000000000033,time,False,long
2021-12-28,114.791,114.873,0.18899999999999295,0.07900000000000784,time,-0.08500000000000785,time,False,long
2021-12-29,114.767,114.87,0.1419999999999959,0.10000000000000864,time,-0.10600000000000864,time,False,long
2021-12-30,114.949,115.114,0.18099999999999739,0.16200000000000625,time,-0.16800000000000626,time,False,long
2021-12-31,115.063,115.094,0.08499999999999375,0.0279999999999917,time,-0.033999999999991704,time,False,long
2022-01-03,115.14,115.307,0.19200000000000728,0.1640000000000016,time,-0.1700000000000016,time,False,long
2022-01-04,115.33,115.747,0.5249999999999915,0.4140000000000016,time,-0.4200000000000016,time,False,long
2022-01-05,116.174,116.0,0.34199999999999875,-0.1770000000000066,time,0.1710000000000066,time,False,short
2022-01-06,116.124,115.864,0.3640000000000043,-0.2629999999999909,time,0.2569999999999909,time,False,short
2022-01-07,115.864,115.911,0.21700000000001296,0.04399999999999704,time,-0.04999999999999705,time,False,long
2022-01-10,115.621,115.809,0.3050000000000068,0.18500000000000238,time,-0.1910000000000024,time,False,long
2022-01-11,115.279,115.271,0.2149999999999892,-0.010999999999995565,time,0.004999999999995566,time,False,short
2022-01-12,115.332,115.352,0.17199999999999704,0.017000000000010233,time,-0.02300000000001023,time,False,long
2022-01-13,114.675,114.559,0.20399999999999352,-0.11899999999999966,time,0.11299999999999966,time,False,short
2022-01-14,114.116,113.72,0.5390000000000015,-0.3990000000000008,time,0.3930000000000008,time,False,short
2022-01-17,114.309,114.49,0.23999999999999488,0.17799999999999738,time,-0.1839999999999974,time,False,long
2022-01-18,114.572,114.814,0.6080000000000041,0.23899999999999022,time,-0.24499999999999023,time,False,long
2022-01-19,114.555,114.252,0.5820000000000078,-0.3060000000000115,time,0.3000000000000115,time,False,short
2022-01-20,114.347,114.469,0.5240000000000009,0.11899999999999988,time,-0.12499999999999989,time,False,long
2022-01-21,113.99,113.855,0.3719999999999999,-0.1379999999999909,time,0.1319999999999909,time,False,short
2022-01-24,113.787,113.797,0.26200000000000045,0.006999999999990905,time,-0.012999999999990904,time,False,long
2022-01-25,114.012,113.8,0.382000000000005,-0.2150000000000033,time,0.2090000000000033,time,False,short
2022-01-26,113.895,113.894,0.1530000000000058,-0.003999999999990564,time,-0.002000000000009436,time,False,short
2022-01-27,114.719,114.665,0.3089999999999975,-0.05699999999998784,time,0.05099999999998783,time,False,short
2022-01-28,115.35,115.431,0.20000000000000284,0.07800000000000307,time,-0.08400000000000307,time,False,long
2022-02-01,115.119,114.995,0.2980000000000018,-0.12699999999999523,time,0.12099999999999522,time,False,short
2022-02-03,114.378,114.522,0.20600000000000307,0.14100000000000545,time,-0.14700000000000546,time,False,long
2022-02-04,114.956,114.931,0.23699999999999477,-0.028000000000005684,time,0.022000000000005685,time,False,short
2022-02-07,115.225,115.345,0.24099999999999966,0.11700000000000454,time,-0.12300000000000455,time,False,long
2022-02-08,115.063,115.46,0.4200000000000017,0.39399999999999136,time,-0.39999999999999136,time,False,long
2022-02-09,115.533,115.476,0.27300000000001035,-0.06000000000000216,time,0.05400000000000216,time,False,short
2022-02-10,115.598,115.613,0.17100000000000648,0.01200000000000057,time,-0.018000000000000568,time,False,long
2022-02-11,116.052,116.081,0.2190000000000083,0.025999999999996363,time,-0.031999999999996365,time,False,long
2022-02-14,115.583,115.431,0.3119999999999976,-0.15500000000000103,time,0.14900000000000102,time,False,short
2022-02-15,115.539,115.326,0.277000000000001,-0.21600000000000807,time,0.21000000000000807,time,False,short
2022-02-16,115.64,115.691,0.12199999999999989,0.04800000000000193,time,-0.054000000000001935,time,False,long
2022-02-17,115.391,115.236,0.382000000000005,-0.15800000000000114,time,0.15200000000000113,time,False,short
2022-02-21,114.961,114.974,0.24800000000000466,0.01000000000000523,time,-0.01600000000000523,time,False,long
2022-02-22,114.608,114.726,0.27599999999999625,0.114999999999995,time,-0.120999999999995,time,False,long
2022-02-23,115.097,115.047,0.13700000000000045,-0.05299999999999716,time,0.046999999999997155,time,False,short
2022-02-24,114.895,114.561,0.625,-0.336999999999989,time,0.33099999999998897,time,False,short
2022-02-25,115.548,115.178,0.47800000000000864,-0.37300000000000455,time,0.36700000000000454,time,False,short
2022-02-28,115.587,115.543,0.24800000000000466,-0.04699999999999693,time,0.04099999999999693,time,False,short
2022-03-01,115.086,115.056,0.2960000000000065,-0.03300000000000114,time,0.027000000000001138,time,False,short
2022-03-02,114.838,115.059,0.3170000000000073,0.21800000000000364,time,-0.22400000000000364,time,False,long
2022-03-03,115.515,115.655,0.2259999999999991,0.13700000000000057,time,-0.14300000000000057,time,False,long
2022-03-04,115.484,115.446,0.30299999999999727,-0.040999999999996706,time,0.0349999999999967,time,False,short
2022-03-07,114.952,114.928,0.23099999999999454,-0.02700000000000091,time,0.02100000000000091,time,False,short
2022-03-08,115.365,115.491,0.19299999999999784,0.12300000000000477,time,-0.12900000000000478,time,False,long
2022-03-09,115.723,115.784,0.1980000000000075,0.058000000000007046,time,-0.06400000000000705,time,False,long
2022-03-10,115.906,116.089,0.31400000000000716,0.17999999999999272,time,-0.18599999999999273,time,False,long
2022-03-11,116.18,116.691,0.6009999999999991,0.497,tp,-0.503,sl,False,long
2022-03-14,117.529,117.806,0.42199999999999704,0.274000000000001,time,-0.280000000000001,time,False,long
2022-03-15,118.219,118.332,0.340999999999994,0.10999999999999954,time,-0.11599999999999955,time,False,long
2022-03-16,118.312,118.198,0.25499999999999545,-0.11700000000000432,time,0.11100000000000432,time,False,short
2022-03-17,118.868,118.817,0.42900000000000205,-0.054000000000001935,time,0.04800000000000193,time,False,short
2022-03-18,118.487,118.751,0.33200000000000784,0.26100000000001,time,-0.26700000000001,time,False,long
2022-03-21,119.263,119.274,0.15399999999999636,0.00799999999999568,time,-0.013999999999995679,time,False,long
2022-03-22,119.591,120.327,0.882000000000005,0.497,tp,-0.503,sl,False,long
2022-03-23,121.338,121.08,0.5539999999999878,-0.503,sl,0.497,tp,False,short
2022-03-24,121.121,121.221,0.3509999999999991,0.09700000000000852,time,-0.10300000000000853,time,False,long
2022-03-25,122.349,121.93,0.6500000000000057,-0.503,sl,0.497,tp,False,short
2022-04-04,122.632,122.591,0.5139999999999958,-0.04400000000001103,time,0.038000000000011025,time,False,short
2022-04-05,122.796,122.501,0.4899999999999949,-0.2980000000000017,time,0.2920000000000017,time,False,short
2022-04-06,123.656,123.953,0.41799999999999216,0.29399999999999704,time,-0.29999999999999705,time,False,long
2022-04-07,123.724,123.685,0.2780000000000058,-0.04200000000000148,time,0.036000000000001475,time,False,short
2022-04-08,124.096,123.955,0.49200000000000443,-0.14400000000000535,time,0.13800000000000534,time,False,short
2022-04-11,124.395,124.995,0.7720000000000056,0.497,tp,-0.503,sl,False,long
2022-04-12,125.482,125.5,0.45999999999999375,0.015000000000000683,time,-0.02100000000000068,time,False,long
2022-04-13,125.429,125.598,0.3790000000000049,0.16599999999999693,time,-0.17199999999999693,time,False,long
2022-04-14,125.364,125.414,0.4930000000000092,0.046999999999997155,time,-0.05299999999999716,time,False,long
2022-04-15,126.173,126.42,0.49500000000000455,0.24399999999999988,time,-0.2499999999999999,time,False,long
2022-04-18,126.61,126.645,0.5510000000000019,0.03199999999999659,time,-0.03799999999999659,time,False,long
2022-04-19,127.143,128.164,1.2480000000000047,0.497,tp,-0.503,sl,False,long
2022-04-20,129.328,128.699,1.3470000000000084,-0.503,sl,0.497,tp,False,short
2022-04-21,127.978,128.199,0.6760000000000019,0.497,tp,-0.503,sl,False,long
2022-04-22,128.439,127.909,0.7859999999999872,-0.503,sl,0.497,tp,False,short
2022-04-25,128.605,128.486,0.6299999999999955,-0.12199999999999978,time,0.11599999999999977,time,False,short
2022-04-26,127.779,127.969,0.8569999999999993,0.18699999999999772,time,-0.19299999999999773,time,False,long
2022-04-27,127.262,127.712,0.5520000000000067,0.497,tp,-0.503,sl,False,long
2022-04-28,128.446,130.024,1.9230000000000018,0.497,tp,-0.503,sl,False,long
2022-04-29,130.782,130.382,0.46399999999999864,-0.4030000000000057,time,0.3970000000000057,time,False,short
2022-05-02,129.997,130.405,0.8159999999999741,0.40499999999998704,time,-0.41099999999998704,time,False,long
2022-05-05,129.234,129.351,0.6689999999999827,0.11399999999999022,time,-0.11999999999999023,time,False,long
2022-05-06,130.321,130.686,0.5939999999999941,0.3620000000000091,time,-0.3680000000000091,time,False,long
2022-05-09,130.737,131.008,0.43600000000000705,0.268000000000015,time,-0.274000000000015,time,False,long
2022-05-10,130.376,130.252,0.679000000000002,-0.503,sl,0.497,tp,False,short
2022-05-11,130.366,130.35,0.24100000000001387,-0.019000000000019553,time,0.013000000000019555,time,False,short
2022-05-12,129.844,129.858,0.39500000000001023,0.011000000000010005,time,-0.017000000000010004,time,False,long
2022-05-13,128.602,129.068,1.0130000000000052,0.497,tp,-0.503,sl,False,long
2022-05-16,129.407,128.991,0.9410000000000025,-0.503,sl,0.497,tp,False,short
2022-05-17,128.948,129.338,0.6210000000000093,0.38699999999998635,time,-0.39299999999998636,time,False,long
2022-05-18,129.422,129.14,0.5200000000000102,-0.2850000000000107,time,0.2790000000000107,time,False,short
2022-05-19,127.929,128.606,1.0460000000000065,0.497,tp,-0.503,sl,False,long
2022-05-20,127.851,127.741,0.6849999999999881,-0.11299999999999943,time,0.10699999999999943,time,False,short
2022-05-23,127.89,127.786,0.8039999999999878,-0.503,sl,0.497,tp,False,short
2022-05-24,127.816,127.609,0.5529999999999973,-0.21000000000000785,time,0.20400000000000784,time,False,short
2022-05-25,126.732,127.006,0.5670000000000073,0.2710000000000009,time,-0.2770000000000009,time,False,long
2022-05-26,127.15,127.334,0.4549999999999983,0.1809999999999975,time,-0.1869999999999975,time,False,long
2022-05-27,127.103,126.86,0.512999999999991,-0.245999999999995,time,0.239999999999995,time,False,short
2022-05-30,127.268,127.034,0.37300000000000466,-0.23699999999999466,time,0.23099999999999465,time,False,short
2022-05-31,127.779,127.891,0.5919999999999987,0.497,tp,-0.503,sl,False,long
2022-06-01,128.737,129.226,0.5600000000000023,0.497,tp,-0.503,sl,False,long
2022-06-02,130.125,130.028,0.3340000000000032,-0.10000000000000842,time,0.09400000000000841,time,False,short
2022-06-03,129.934,129.832,0.3569999999999993,-0.10500000000000387,time,0.09900000000000386,time,False,short
2022-06-06,130.72,130.622,0.41100000000000136,-0.10099999999998477,time,0.09499999999998476,time,False,short
2022-06-07,132.173,132.893,0.8689999999999998,0.497,tp,-0.503,sl,False,long
2022-06-08,132.82,133.053,0.4939999999999998,0.2300000000000041,time,-0.2360000000000041,time,False,long
2022-06-09,134.454,133.823,0.9140000000000157,-0.503,sl,0.497,tp,False,short
2022-06-10,134.391,133.721,0.7270000000000039,-0.503,sl,0.497,tp,False,short
2022-06-13,134.786,134.909,0.5300000000000011,0.11999999999999045,time,-0.12599999999999045,time,False,long
2022-06-14,134.235,134.659,0.9470000000000027,0.497,tp,-0.503,sl,False,long
2022-06-15,135.274,134.836,0.507000000000005,-0.4409999999999882,time,0.4349999999999882,time,False,short
2022-06-16,134.045,134.272,0.7330000000000041,0.497,tp,-0.503,sl,False,long
2022-06-17,132.414,134.083,2.4650000000000034,0.497,tp,-0.503,sl,False,long
2022-06-22,136.313,136.331,0.4590000000000032,0.015000000000000683,time,-0.02100000000000068,time,False,long
2022-06-23,135.99,135.433,1.0749999999999886,-0.503,sl,0.497,tp,False,short
2022-06-24,134.817,134.795,0.6759999999999877,-0.02500000000001978,time,0.019000000000019782,time,False,short
2022-06-28,135.435,135.403,0.4819999999999993,-0.03500000000001069,time,0.029000000000010687,time,False,short
2022-06-29,136.043,136.029,0.382000000000005,-0.017000000000010004,time,0.011000000000010005,time,False,short
2022-06-30,136.62,136.358,0.52800000000002,-0.26500000000000046,time,0.25900000000000045,time,False,short
2022-07-01,135.796,135.085,1.011000000000024,-0.503,sl,0.497,tp,False,short
2022-07-04,134.999,135.119,0.39699999999999136,0.11700000000000454,time,-0.12300000000000455,time,False,long
2022-07-05,135.862,136.24,0.5730000000000075,0.3750000000000143,time,-0.3810000000000143,time,False,long
2022-07-06,135.54,135.17,0.6299999999999955,-0.37300000000000455,time,0.36700000000000454,time,False,short
2022-07-07,135.95,135.769,0.51400000000001,-0.18399999999998318,time,0.17799999999998317,time,False,short
2022-07-11,136.294,137.04,1.0510000000000161,0.497,tp,-0.503,sl,False,long
2022-07-12,137.412,137.437,0.5040000000000191,0.022000000000005685,time,-0.028000000000005684,time,False,long
2022-07-13,136.734,137.004,0.5629999999999882,0.497,tp,-0.503,sl,False,long
2022-07-14,137.629,138.418,0.8910000000000196,0.497,tp,-0.503,sl,False,long
2022-07-15,138.973,138.964,0.32399999999998386,-0.012000000000014551,time,0.006000000000014552,time,False,short
2022-07-18,138.293,138.29,0.4300000000000068,-0.006000000000014325,time,1.4324479102878485e-14,time,False,short
2022-07-19,138.256,137.996,0.4549999999999841,-0.2629999999999909,time,0.2569999999999909,time,False,short
2022-07-20,138.184,138.077,0.47399999999998954,-0.10999999999999932,time,0.10399999999999932,time,False,short
2022-07-21,138.417,138.226,0.5749999999999886,-0.1940000000000025,time,0.1880000000000025,time,False,short
2022-07-22,137.078,137.896,0.9209999999999923,0.497,tp,-0.503,sl,False,long
2022-07-26,136.409,136.685,0.4189999999999827,0.27300000000001046,time,-0.27900000000001046,time,False,long
2022-07-27,136.959,136.915,0.3429999999999893,-0.047000000000011144,time,0.04100000000001114,time,False,short
2022-07-28,136.115,135.363,1.3160000000000025,-0.503,sl,0.497,tp,False,short
2022-07-29,134.399,133.033,1.920000000000016,-0.503,sl,0.497,tp,False,short
2022-08-01,133.367,132.55,1.350999999999999,-0.503,sl,0.497,tp,False,short
2022-08-02,131.402,130.649,1.1330000000000098,-0.503,sl,0.497,tp,False,short
2022-08-03,133.341,133.22,1.6200000000000045,0.497,tp,-0.503,sl,True,short
2022-08-04,133.925,134.063,0.681999999999988,-0.503,sl,0.497,tp,False,long
2022-08-08,135.059,135.205,0.5520000000000209,0.497,tp,-0.503,sl,False,long
2022-08-10,135.206,134.99,0.41200000000000614,-0.21899999999997977,time,0.21299999999997976,time,False,short
2022-08-11,132.809,133.157,0.7039999999999793,0.3450000000000132,time,-0.3510000000000132,time,False,long
2022-08-12,133.007,133.179,0.5930000000000177,0.16899999999999704,time,-0.17499999999999705,time,False,long
2022-08-16,133.132,133.297,0.5449999999999875,0.16199999999999204,time,-0.16799999999999204,time,False,long
2022-08-17,134.279,134.16,0.5250000000000057,-0.12199999999999978,time,0.11599999999999977,time,False,short
2022-08-18,134.954,135.207,0.5169999999999959,0.2499999999999859,time,-0.2559999999999859,time,False,long
2022-08-19,135.804,136.199,0.5670000000000073,0.497,tp,-0.503,sl,False,long
2022-08-22,137.02,137.284,0.48799999999999955,0.2609999999999816,time,-0.2669999999999816,time,False,long
2022-08-23,137.577,137.285,0.6290000000000191,-0.503,sl,0.497,tp,False,short
2022-08-24,136.739,136.64,0.6810000000000116,-0.10200000000001797,time,0.09600000000001796,time,False,short
2022-08-25,137.096,136.685,0.679000000000002,-0.503,sl,0.497,tp,False,short
2022-08-26,136.562,136.863,0.39799999999999613,0.2979999999999877,time,-0.3039999999999877,time,False,long
2022-08-29,138.16,138.813,0.9159999999999968,0.497,tp,-0.503,sl,False,long
2022-08-30,138.643,138.474,0.339999999999975,-0.17200000000001114,time,0.16600000000001114,time,False,short
2022-08-31,138.758,138.415,0.4650000000000034,-0.34600000000001774,time,0.34000000000001773,time,False,short
2022-09-01,139.33,139.329,0.396000000000015,-0.004000000000004775,time,-0.001999999999995225,time,False,short
2022-09-02,140.084,140.329,0.5309999999999775,0.24200000000000454,time,-0.24800000000000455,time,False,long
2022-09-05,140.536,140.346,0.4369999999999834,-0.19299999999999773,time,0.18699999999999772,time,False,short
2022-09-06,140.431,141.041,0.8479999999999848,0.497,tp,-0.503,sl,False,long
2022-09-07,143.158,144.144,1.4579999999999984,0.497,tp,-0.503,sl,False,long
2022-09-09,143.872,142.953,1.2439999999999998,-0.503,sl,0.497,tp,False,short
2022-09-12,142.561,142.945,0.710000000000008,0.3809999999999861,time,-0.38699999999998613,time,False,long
2022-09-13,142.579,142.499,0.42099999999999227,-0.08300000000001251,time,0.0770000000000125,time,False,short
2022-09-15,142.919,143.589,0.7930000000000064,0.497,tp,-0.503,sl,False,long
2022-09-16,143.333,143.54,0.8000000000000114,-0.503,sl,0.497,tp,False,long
2022-09-19,142.755,143.243,0.6189999999999998,0.497,tp,-0.503,sl,False,long
2022-09-20,143.178,143.28,0.4509999999999934,0.09900000000000386,time,-0.10500000000000387,time,False,long
2022-09-21,143.581,143.953,0.599000000000018,0.3690000000000141,time,-0.3750000000000141,time,False,long
2022-09-22,144.24,144.926,1.884999999999991,-0.503,both,-0.503,both,True,long
2022-09-23,142.267,142.137,0.686000000000007,-0.503,sl,0.497,tp,False,short
2022-09-26,143.518,143.829,0.8429999999999893,0.497,tp,-0.503,sl,False,long
2022-09-27,144.472,144.393,0.36600000000001387,-0.08200000000000773,time,0.07600000000000773,time,False,short
2022-09-28,144.704,144.615,0.4620000000000175,-0.09199999999999864,time,0.08599999999999863,time,False,short
2022-09-29,144.412,144.649,0.48799999999999955,0.23399999999999477,time,-0.23999999999999477,time,False,long
2022-09-30,144.419,144.48,0.3810000000000002,0.057999999999978624,time,-0.06399999999997863,time,False,long
2022-10-06,144.433,144.522,0.3170000000000073,0.08599999999999863,time,-0.09199999999999864,time,False,long
2022-10-07,145.044,144.975,0.257000000000005,-0.07200000000001683,time,0.06600000000001682,time,False,short
2022-10-10,145.461,145.404,0.3329999999999984,-0.060000000000016374,time,0.05400000000001637,time,False,short
2022-10-11,145.668,145.784,0.31500000000002615,0.11299999999998545,time,-0.11899999999998545,time,False,long
2022-10-12,145.887,146.208,0.575000000000017,0.497,tp,-0.503,sl,False,long
2022-10-13,146.774,146.894,0.19499999999999318,0.11700000000000454,time,-0.12300000000000455,time,False,long
2022-10-14,147.308,147.461,0.38299999999998136,0.15000000000002,time,-0.15600000000002,time,False,long
2022-10-17,148.635,148.711,0.37599999999997635,0.07300000000002183,time,-0.07900000000002183,time,False,long
2022-10-18,148.97,148.889,0.30100000000001614,-0.08399999999998886,time,0.07799999999998886,time,False,short
2022-10-19,149.211,149.295,0.2389999999999759,0.08099999999997476,time,-0.08699999999997476,time,False,long
2022-10-20,149.824,149.94,0.1570000000000107,0.11299999999998545,time,-0.11899999999998545,time,False,long
2022-10-21,150.172,150.354,0.29700000000002547,0.17900000000001637,time,-0.18500000000001637,time,False,long
2022-10-24,147.615,148.965,1.677000000000021,0.497,tp,-0.503,sl,False,long
2022-10-25,148.884,148.907,0.570999999999998,0.020000000000024557,time,-0.026000000000024556,time,False,long
2022-10-26,147.977,148.134,0.5310000000000059,0.15399999999998226,time,-0.15999999999998227,time,False,long
2022-10-27,146.082,145.248,1.2890000000000157,-0.503,sl,0.497,tp,False,short
2022-10-28,146.281,146.422,0.8799999999999955,0.497,tp,-0.503,sl,False,long
2022-10-31,147.813,147.909,0.5209999999999866,0.09300000000000364,time,-0.09900000000000364,time,False,long
2022-11-01,148.733,148.103,0.7369999999999948,-0.503,sl,0.497,tp,False,short
2022-11-02,147.913,147.514,0.8070000000000164,-0.503,sl,0.497,tp,False,short
2022-11-03,147.888,147.394,0.799999999999983,-0.503,sl,0.497,tp,False,short
2022-11-04,148.376,147.968,0.5719999999999743,-0.503,sl,0.497,tp,False,short
2022-11-07,146.843,147.158,0.6419999999999959,0.497,tp,-0.503,sl,False,long
2022-11-08,146.624,146.751,0.5,0.12400000000000955,time,-0.13000000000000955,time,False,long
2022-11-09,145.292,145.778,0.6939999999999884,0.497,tp,-0.503,sl,False,long
2022-11-10,146.198,146.135,0.3160000000000025,-0.0660000000000166,time,0.060000000000016596,time,False,short
2022-11-11,141.736,141.753,1.1270000000000095,0.497,tp,-0.503,sl,False,long
2022-11-14,139.609,139.092,0.945999999999998,-0.503,sl,0.497,tp,False,short
2022-11-15,140.092,140.375,0.6370000000000005,0.497,tp,-0.503,sl,False,long
2022-11-18,140.422,139.78,0.8499999999999943,-0.503,sl,0.497,tp,False,short
2022-11-21,140.261,140.541,0.382000000000005,0.27700000000000113,time,-0.28300000000000114,time,False,long
2022-11-22,142.087,141.834,0.606000000000023,-0.2559999999999859,time,0.2499999999999859,time,False,short
2022-11-23,141.159,141.345,0.6020000000000039,0.18300000000000705,time,-0.18900000000000705,time,False,long
2022-11-24,139.242,138.922,0.8850000000000193,-0.503,sl,0.497,tp,False,short
2022-11-25,138.602,138.667,0.679000000000002,0.061999999999997724,time,-0.06799999999999773,time,False,long
2022-11-28,139.374,138.502,1.0420000000000016,-0.503,sl,0.497,tp,False,short
2022-12-06,136.576,136.864,0.8840000000000146,0.497,tp,-0.503,sl,False,long
2022-12-07,136.883,137.387,0.6269999999999811,0.497,tp,-0.503,sl,False,long
2022-12-08,136.378,136.943,0.9729999999999848,0.497,tp,-0.503,sl,False,long
2022-12-13,137.511,137.561,0.48399999999998045,0.047000000000011366,time,-0.05300000000001137,time,False,long
2022-12-14,135.573,135.425,0.4029999999999916,-0.15099999999999614,time,0.14499999999999613,time,False,short
2022-12-15,135.363,135.591,0.5999999999999943,0.497,tp,-0.503,sl,False,long
2022-12-16,137.746,137.349,0.8369999999999891,-0.503,sl,0.497,tp,False,short
2022-12-19,136.568,136.189,0.828000000000003,-0.503,sl,0.497,tp,False,short
2022-12-20,136.971,132.925,4.546999999999997,0.497,tp,-0.503,sl,True,short
2022-12-21,131.89,132.183,0.8759999999999764,0.29000000000000636,time,-0.29600000000000637,time,False,long
2022-12-22,132.394,131.924,0.8200000000000216,-0.503,sl,0.497,tp,False,short
2022-12-23,132.373,132.702,0.5190000000000055,0.32600000000000773,time,-0.33200000000000773,time,False,long
2022-12-26,132.754,132.57,0.5789999999999793,-0.1869999999999975,time,0.1809999999999975,time,False,short
2022-12-27,132.762,132.8,0.5480000000000018,0.03500000000001091,time,-0.04100000000001092,time,False,long
2022-12-28,133.487,134.068,0.950000000000017,0.497,tp,-0.503,sl,False,long
2022-12-30,132.918,132.621,0.5769999999999982,-0.503,sl,0.497,tp,False,short
2023-01-02,130.886,130.916,0.2560000000000002,0.027000000000001138,time,-0.03300000000000114,time,False,long
2023-01-03,130.789,129.813,1.3959999999999866,-0.503,sl,0.497,tp,False,short
2023-01-04,131.296,130.848,0.7270000000000039,-0.503,sl,0.497,tp,False,short
2023-01-05,132.243,132.481,0.9419999999999789,-0.503,sl,0.497,tp,False,long
2023-01-06,133.318,134.155,1.0670000000000073,0.497,tp,-0.503,sl,False,long
2023-01-09,131.805,131.843,0.8079999999999927,-0.503,sl,0.497,tp,False,long
2023-01-10,131.731,131.772,0.8410000000000082,0.037999999999996814,time,-0.04399999999999682,time,False,long
2023-01-11,132.103,132.259,0.4890000000000043,0.1529999999999775,time,-0.1589999999999775,time,False,long
2023-01-12,131.896,131.635,0.6699999999999875,-0.503,sl,0.497,tp,False,short
2023-01-13,129.172,129.16,0.7160000000000082,-0.503,sl,0.497,tp,False,short
2023-01-16,128.05,127.605,0.9769999999999897,-0.503,sl,0.497,tp,False,short
2023-01-17,128.337,128.645,0.8580000000000041,0.497,tp,-0.503,sl,False,long
2023-01-18,128.288,130.812,3.3530000000000086,0.497,tp,-0.503,sl,False,long
2023-01-19,128.552,127.98,0.9329999999999927,-0.503,sl,0.497,tp,False,short
2023-01-20,128.371,129.169,0.953000000000003,0.497,tp,-0.503,sl,False,long
2023-01-23,129.389,129.853,0.8499999999999943,0.46099999999999863,time,-0.46699999999999864,time,False,long
2023-01-24,130.593,130.139,0.6659999999999968,-0.503,sl,0.497,tp,False,short
2023-01-25,130.214,130.437,0.4749999999999943,0.22000000000001319,time,-0.2260000000000132,time,False,long
2023-01-26,129.257,129.326,0.5669999999999789,0.0659999999999884,time,-0.0719999999999884,time,False,long
2023-01-27,129.804,129.98,0.657999999999987,0.17299999999998772,time,-0.17899999999998772,time,False,long
2023-01-30,129.835,129.637,1.0889999999999986,-0.503,sl,0.497,tp,False,short
2023-01-31,130.48,130.184,0.4449999999999932,-0.29899999999999227,time,0.29299999999999227,time,False,short
2023-02-01,130.109,130.292,0.46299999999999386,0.17999999999999272,time,-0.18599999999999273,time,False,long
2023-02-02,128.603,128.599,0.5879999999999939,-0.0070000000000190995,time,0.0010000000000190993,time,False,short
2023-02-03,128.763,128.605,0.3790000000000191,-0.16100000000001546,time,0.15500000000001546,time,False,short
2023-02-06,132.06,131.678,0.7079999999999984,-0.385000000000005,time,0.379000000000005,time,False,short
2023-02-08,131.054,130.857,0.35499999999998977,-0.20000000000000273,time,0.19400000000000273,time,False,short
2023-02-13,131.549,132.186,0.771000000000015,0.497,tp,-0.503,sl,False,long
2023-02-14,132.335,131.964,0.41900000000001114,-0.3740000000000093,time,0.3680000000000093,time,False,short
2023-02-15,132.989,133.04,0.5339999999999918,0.04799999999998772,time,-0.053999999999987724,time,False,long
2023-02-17,134.074,134.74,0.7449999999999761,0.497,tp,-0.503,sl,False,long
2023-02-20,134.31,134.09,0.5889999999999986,-0.22299999999999887,time,0.21699999999999886,time,False,short
2023-02-21,134.334,134.31,0.34499999999999886,-0.02700000000000091,time,0.02100000000000091,time,False,short
2023-02-22,134.989,134.766,0.5120000000000005,-0.2260000000000132,time,0.22000000000001319,time,False,short
2023-02-23,134.932,134.834,0.257000000000005,-0.10099999999998477,time,0.09499999999998476,time,False,short
2023-02-24,134.623,134.597,0.8659999999999854,-0.503,sl,0.497,tp,False,short
2023-02-27,136.423,136.351,0.554000000000002,-0.07500000000000273,time,0.06900000000000273,time,False,short
2023-02-28,136.321,136.308,0.2609999999999957,-0.01600000000000523,time,0.01000000000000523,time,False,short
2023-03-01,136.344,136.384,0.24099999999998545,0.03699999999999204,time,-0.042999999999992045,time,False,long
2023-03-02,136.19,136.628,0.6260000000000048,0.4349999999999882,time,-0.4409999999999882,time,False,long
2023-03-03,136.716,136.656,0.2709999999999866,-0.06300000000000228,time,0.05700000000000227,time,False,short
2023-03-06,136.016,135.782,0.6839999999999975,-0.503,sl,0.497,tp,False,short
2023-03-07,135.995,136.024,0.34600000000000364,0.025999999999996363,time,-0.031999999999996365,time,False,long
2023-03-14,133.083,133.838,1.002999999999986,0.497,tp,-0.503,sl,False,long
2023-03-15,134.435,134.636,0.6560000000000059,0.1979999999999934,time,-0.2039999999999934,time,False,long
2023-03-16,132.899,132.773,0.992999999999995,0.497,tp,-0.503,sl,False,short
2023-03-28,131.235,130.696,0.73599999999999,-0.503,sl,0.497,tp,False,short
2023-03-29,131.047,131.674,0.875,0.497,tp,-0.503,sl,False,long
2023-03-31,133.197,132.97,0.8239999999999839,-0.503,sl,0.497,tp,False,short
2023-04-05,131.431,131.697,0.5390000000000157,0.26299999999999113,time,-0.26899999999999114,time,False,long
2023-04-06,130.937,131.244,0.5579999999999927,0.30399999999998795,time,-0.30999999999998795,time,False,long
2023-04-07,131.672,131.78,0.26200000000000045,0.10500000000000409,time,-0.1110000000000041,time,False,long
2023-04-10,132.099,132.705,0.6560000000000059,0.497,tp,-0.503,sl,False,long
2023-04-11,133.469,133.352,0.44899999999998386,-0.11999999999999023,time,0.11399999999999022,time,False,short
2023-04-14,132.486,132.462,0.37400000000002365,-0.02700000000000091,time,0.02100000000000091,time,False,short
2023-04-17,133.986,133.94,0.5049999999999955,-0.04899999999999227,time,0.04299999999999227,time,False,short
2023-04-18,134.454,134.362,0.4310000000000116,-0.09500000000001296,time,0.08900000000001296,time,False,short
2023-04-19,134.041,134.443,0.5120000000000005,0.39900000000001523,time,-0.40500000000001524,time,False,long
2023-04-20,134.712,134.697,0.36199999999999477,-0.017999999999986357,time,0.011999999999986358,time,False,short
2023-04-24,133.964,134.375,0.5869999999999891,0.497,tp,-0.503,sl,False,long
2023-04-25,134.086,134.19,0.41200000000000614,0.10099999999998499,time,-0.106999999999985,time,False,long
2023-04-26,133.707,133.633,0.3130000000000166,-0.07699999999998386,time,0.07099999999998385,time,False,short
2023-04-27,133.462,133.67,0.375,0.2049999999999984,time,-0.2109999999999984,time,False,long
2023-04-28,133.804,134.976,1.7959999999999923,0.497,tp,-0.503,sl,False,long
2023-05-01,136.404,136.908,0.6910000000000025,0.497,tp,-0.503,sl,False,long
2023-05-02,137.521,137.623,0.4819999999999993,0.09900000000000386,time,-0.10500000000000387,time,False,long
2023-05-03,136.468,135.951,0.6980000000000075,-0.503,sl,0.497,tp,False,short
2023-05-04,134.549,134.449,0.2810000000000059,-0.10299999999999432,time,0.09699999999999431,time,False,short
2023-05-05,134.161,133.997,0.3760000000000048,-0.16699999999998727,time,0.16099999999998726,time,False,short
2023-05-08,135.192,134.731,0.5060000000000002,-0.503,sl,0.497,tp,False,short
2023-05-09,135.084,134.883,0.49100000000001387,-0.2039999999999934,time,0.1979999999999934,time,False,short
2023-05-10,135.292,135.335,0.3100000000000023,0.040000000000006364,time,-0.04600000000000637,time,False,long
2023-05-11,134.101,134.289,0.4130000000000109,0.18499999999998817,time,-0.19099999999998818,time,False,long
2023-05-12,134.491,134.697,0.3199999999999932,0.20299999999998886,time,-0.20899999999998886,time,False,long
2023-05-15,135.823,136.185,0.5130000000000052,0.35899999999999477,time,-0.3649999999999948,time,False,long
2023-05-16,136.031,135.902,0.2230000000000132,-0.1320000000000191,time,0.1260000000000191,time,False,short
2023-05-17,136.425,136.789,0.4989999999999952,0.3609999999999759,time,-0.3669999999999759,time,False,long
2023-05-18,137.602,137.508,0.4579999999999984,-0.09699999999999409,time,0.09099999999999409,time,False,short
2023-05-19,138.624,138.283,0.40100000000001046,-0.3440000000000082,time,0.3380000000000082,time,False,short
2023-05-22,137.693,137.982,0.49200000000001864,0.28599999999998726,time,-0.29199999999998727,time,False,long
2023-05-23,138.663,138.582,0.5250000000000057,-0.08400000000001728,time,0.07800000000001728,time,False,short
2023-05-24,138.611,138.288,0.40500000000000114,-0.3259999999999791,time,0.3199999999999791,time,False,short
2023-05-25,139.294,139.551,0.4410000000000025,0.2539999999999766,time,-0.2599999999999766,time,False,long
2023-05-26,140.023,139.7,0.42900000000000205,-0.3260000000000075,time,0.3200000000000075,time,False,short
2023-05-29,140.883,140.334,0.5910000000000082,-0.503,sl,0.497,tp,False,short
2023-05-31,139.793,139.404,0.5829999999999984,-0.39200000000001,time,0.38600000000001,time,False,short
2023-06-01,139.135,139.707,0.63900000000001,0.497,tp,-0.503,sl,False,long
2023-06-02,138.741,138.884,0.44899999999998386,0.13999999999997226,time,-0.14599999999997226,time,False,long
2023-06-05,140.213,140.073,0.2779999999999916,-0.14299999999998636,time,0.13699999999998635,time,False,short
2023-06-06,139.414,139.491,0.31800000000001205,0.0740000000000266,time,-0.0800000000000266,time,False,long
2023-06-08,139.913,139.828,0.43199999999998795,-0.08800000000000796,time,0.08200000000000796,time,False,short
2023-06-09,138.887,139.269,0.46100000000001273,0.379000000000005,time,-0.385000000000005,time,False,long
2023-06-13,139.458,139.476,0.34099999999997976,0.015000000000000683,time,-0.02100000000000068,time,False,long
2023-06-14,140.147,140.114,0.25199999999998113,-0.03599999999998704,time,0.02999999999998704,time,False,short
2023-06-15,139.968,141.209,1.4879999999999995,0.497,tp,-0.503,sl,False,long
2023-06-16,140.265,140.713,0.9550000000000125,0.497,tp,-0.503,sl,False,long
2023-06-19,141.861,141.653,0.5289999999999964,-0.2109999999999984,time,0.2049999999999984,time,False,short
2023-06-20,141.905,141.692,0.6730000000000018,-0.21599999999999386,time,0.20999999999999386,time,False,short
2023-06-21,141.335,141.616,0.40399999999999636,0.2780000000000059,time,-0.2840000000000059,time,False,long
2023-06-22,141.684,141.794,0.2769999999999868,0.10700000000001364,time,-0.11300000000001365,time,False,long
2023-06-23,143.028,143.389,0.6270000000000095,0.3580000000000184,time,-0.3640000000000184,time,False,long
2023-06-26,143.538,143.385,0.42799999999999727,-0.15600000000002,time,0.15000000000002,time,False,short
2023-07-07,143.974,143.57,0.6690000000000111,-0.40699999999999636,time,0.40099999999999636,time,False,short
2023-07-10,142.21,142.742,0.8870000000000005,0.497,tp,-0.503,sl,False,long
2023-07-11,141.307,141.345,0.3050000000000068,0.03500000000001091,time,-0.04100000000001092,time,False,long
2023-07-17,138.685,138.594,0.37299999999999045,-0.09400000000000819,time,0.08800000000000818,time,False,short
2023-07-18,138.719,138.45,0.6080000000000041,-0.27200000000000546,time,0.26600000000000545,time,False,short
2023-07-19,139.021,139.356,0.5949999999999989,0.33200000000000796,time,-0.33800000000000796,time,False,long
2023-07-20,139.605,139.339,0.592000000000013,-0.26899999999999114,time,0.26299999999999113,time,False,short
2023-07-21,139.843,140.207,0.5769999999999982,0.3610000000000043,time,-0.3670000000000043,time,False,long
2023-07-24,141.751,141.563,0.46999999999999886,-0.1910000000000166,time,0.1850000000000166,time,False,short
2023-07-25,141.541,141.404,0.41900000000001114,-0.14000000000000046,time,0.13400000000000045,time,False,short
2023-07-26,140.911,141.041,0.33099999999998886,0.12699999999999545,time,-0.13299999999999546,time,False,long
2023-07-27,140.368,140.185,1.1040000000000134,-0.503,sl,0.497,tp,False,short
2023-07-28,138.869,139.14,3.0180000000000007,0.497,tp,-0.503,sl,True,long
2023-07-31,140.753,141.783,1.2600000000000193,0.497,tp,-0.503,sl,False,long
2023-08-01,142.324,142.778,0.5889999999999986,0.497,tp,-0.503,sl,False,long
2023-08-02,142.96,142.888,0.7150000000000034,-0.07500000000000273,time,0.06900000000000273,time,False,short
2023-08-03,143.35,143.522,0.7270000000000039,0.497,tp,-0.503,sl,False,long
2023-08-04,142.602,142.465,0.568000000000012,-0.14000000000000046,time,0.13400000000000045,time,False,short
2023-08-07,141.871,142.181,0.7860000000000014,0.30700000000000227,time,-0.3130000000000023,time,False,long
2023-08-08,142.536,143.301,0.8060000000000116,0.497,tp,-0.503,sl,False,long
2023-08-14,144.853,144.831,0.570999999999998,-0.02500000000001978,time,0.019000000000019782,time,False,short
2023-08-15,145.433,145.463,0.26900000000000546,0.027000000000001138,time,-0.03300000000000114,time,False,long
2023-08-18,145.708,145.357,0.47100000000000364,-0.3539999999999991,time,0.3479999999999991,time,False,short
2023-08-21,145.323,145.397,0.47800000000000864,0.07099999999998385,time,-0.07699999999998386,time,False,long
2023-08-22,146.248,146.006,0.554000000000002,-0.24499999999999023,time,0.23899999999999022,time,False,short
2023-08-23,145.776,145.641,0.2389999999999759,-0.13800000000001933,time,0.13200000000001932,time,False,short
2023-08-24,144.679,145.18,0.5879999999999939,0.497,tp,-0.503,sl,False,long
2023-08-25,146.051,146.09,0.30299999999999727,0.036000000000015686,time,-0.04200000000001569,time,False,long
2023-08-28,146.547,146.388,0.29400000000001114,-0.16199999999999182,time,0.1559999999999918,time,False,short
2023-08-29,146.46,146.402,0.2530000000000143,-0.06100000000002115,time,0.05500000000002114,time,False,short
2023-08-30,145.981,146.244,0.4019999999999868,0.2600000000000052,time,-0.26600000000000523,time,False,long
2023-08-31,146.087,145.915,0.3719999999999857,-0.17499999999999705,time,0.16899999999999704,time,False,short
2023-09-01,145.485,145.515,0.4630000000000223,0.026999999999972716,time,-0.03299999999997272,time,False,long
2023-09-04,146.065,146.184,0.20900000000000318,0.11599999999999977,time,-0.12199999999999978,time,False,long
2023-09-06,147.456,147.398,0.42199999999999704,-0.06099999999999273,time,0.05499999999999272,time,False,short
2023-09-07,147.713,147.576,0.3790000000000191,-0.14000000000000046,time,0.13400000000000045,time,False,short
2023-09-08,147.334,147.139,0.7839999999999918,-0.503,sl,0.497,tp,False,short
2023-09-12,146.672,146.562,0.3649999999999807,-0.11299999999998522,time,0.10699999999998522,time,False,short
2023-09-13,147.158,147.316,0.3439999999999941,0.15500000000001546,time,-0.16100000000001546,time,False,long
2023-09-18,147.864,147.651,0.23699999999999477,-0.21599999999999386,time,0.20999999999999386,time,False,short
2023-09-19,147.613,147.736,0.2720000000000198,0.11999999999999045,time,-0.12599999999999045,time,False,long
2023-10-11,148.625,148.872,0.4730000000000132,0.2440000000000141,time,-0.2500000000000141,time,False,long
2023-10-12,149.034,149.257,0.25199999999998113,0.22000000000001319,time,-0.2260000000000132,time,False,long
2023-10-13,149.786,149.71,0.2560000000000002,-0.07899999999999341,time,0.0729999999999934,time,False,short
2023-10-16,149.558,149.444,0.20199999999999818,-0.11700000000000432,time,0.11100000000000432,time,False,short
2023-10-17,149.579,149.607,0.1519999999999868,0.024999999999991588,time,-0.030999999999991586,time,False,long
2023-10-18,149.76,149.644,0.31100000000000705,-0.11899999999998545,time,0.11299999999998545,time,False,short
2023-10-19,149.767,149.779,0.1769999999999925,0.009000000000000456,time,-0.015000000000000454,time,False,long
2023-10-20,149.805,149.85,0.15000000000000568,0.04199999999998749,time,-0.0479999999999875,time,False,long
2023-10-24,149.773,149.683,0.2909999999999968,-0.09300000000000341,time,0.08700000000000341,time,False,short
2023-10-25,149.856,149.853,0.132000000000005,-0.005999999999985903,time,-1.4097230327525523e-14,time,False,short
2023-10-26,150.094,150.489,0.45400000000000773,0.39200000000001023,time,-0.39800000000001023,time,False,long
2023-10-27,150.364,150.098,0.32800000000000296,-0.26899999999999114,time,0.26299999999999113,time,False,short
2023-10-30,149.734,149.642,0.2550000000000239,-0.09500000000001296,time,0.08900000000001296,time,False,short
2023-10-31,149.096,150.226,1.1479999999999961,0.497,tp,-0.503,sl,False,long
2023-11-01,151.319,151.31,0.30000000000001137,-0.01199999999998613,time,0.00599999999998613,time,False,short
2023-11-02,150.573,150.433,0.4420000000000073,-0.14300000000001478,time,0.13700000000001478,time,False,short
2023-11-03,150.493,150.344,0.18600000000000705,-0.1520000000000009,time,0.1460000000000009,time,False,short
2023-11-06,149.453,149.542,0.23699999999999477,0.08599999999999863,time,-0.09199999999999864,time,False,long
2023-11-07,149.985,150.286,0.35599999999999454,0.2979999999999877,time,-0.3039999999999877,time,False,long
2023-11-08,150.396,150.495,0.26600000000001955,0.09600000000001796,time,-0.10200000000001797,time,False,long
2023-11-14,151.648,151.716,0.16900000000001114,0.06500000000001205,time,-0.07100000000001205,time,False,long
2023-11-17,150.704,150.622,0.2740000000000009,-0.08499999999999364,time,0.07899999999999363,time,False,short
2023-11-20,149.959,149.082,1.3009999999999877,-0.503,sl,0.497,tp,False,short
2023-11-21,148.383,147.782,1.171999999999997,-0.503,sl,0.497,tp,False,short
2023-11-22,148.146,148.752,0.7740000000000009,0.497,tp,-0.503,sl,False,long
2023-11-23,149.46,148.988,0.5090000000000146,-0.503,sl,0.497,tp,False,short
2023-11-24,149.638,149.253,0.5150000000000148,-0.38800000000001933,time,0.3820000000000193,time,False,short
2023-11-30,147.057,147.043,0.30400000000000205,-0.016999999999981582,time,0.010999999999981584,time,False,short
2023-12-01,147.996,148.06,0.5819999999999936,0.06099999999999295,time,-0.06699999999999295,time,False,long
2023-12-04,146.361,146.809,0.6689999999999827,0.497,tp,-0.503,sl,False,long
2023-12-05,147.302,147.026,0.4130000000000109,-0.27899999999998204,time,0.27299999999998203,time,False,short
2023-12-06,147.186,147.174,0.3100000000000023,-0.015000000000000454,time,0.009000000000000456,time,False,short
2023-12-07,147.179,146.542,0.6740000000000066,-0.503,sl,0.497,tp,False,short
2023-12-08,144.237,143.93,1.2909999999999968,-0.503,sl,0.497,tp,False,short
2023-12-11,144.987,145.559,0.8009999999999877,0.497,tp,-0.503,sl,False,long
2023-12-12,146.049,145.374,0.7949999999999875,-0.503,sl,0.497,tp,False,short
2023-12-13,145.296,145.684,0.4369999999999834,0.3850000000000052,time,-0.39100000000000523,time,False,long
2023-12-14,142.787,141.406,1.9519999999999982,-0.503,sl,0.497,tp,False,short
2023-12-15,142.277,141.885,0.9000000000000057,-0.503,sl,0.497,tp,False,short
2023-12-19,142.686,143.497,1.539999999999992,0.497,tp,-0.503,sl,False,long
2023-12-20,143.925,143.587,0.7299999999999898,-0.503,sl,0.497,tp,False,short
2023-12-21,143.525,142.956,0.7600000000000193,-0.503,sl,0.497,tp,False,short
2023-12-22,142.069,142.4,0.6899999999999977,0.3280000000000173,time,-0.3340000000000173,time,False,long
2023-12-25,142.408,142.334,0.3780000000000143,-0.07699999999998386,time,0.07099999999998385,time,False,short
2023-12-26,142.239,142.262,0.26200000000000045,0.019999999999996135,time,-0.025999999999996134,time,False,long
2023-12-27,142.487,142.565,0.4140000000000157,0.07500000000000295,time,-0.08100000000000296,time,False,long
2023-12-28,141.439,141.149,0.5649999999999977,-0.29299999999999204,time,0.28699999999999204,time,False,short
2023-12-29,141.436,141.314,0.3949999999999818,-0.1250000000000141,time,0.1190000000000141,time,False,short
2024-01-02,141.11,141.35,0.5730000000000075,0.497,tp,-0.503,sl,False,long
2024-01-03,142.174,142.123,0.3160000000000025,-0.054000000000016146,time,0.04800000000001614,time,False,short
2024-01-04,142.995,143.775,1.039999999999992,0.497,tp,-0.503,sl,False,long
2024-01-05,144.772,144.729,0.2950000000000159,-0.04599999999997795,time,0.03999999999997794,time,False,short
2024-01-08,144.721,144.365,0.4849999999999852,-0.35899999999999455,time,0.35299999999999454,time,False,short
2024-01-09,144.223,143.789,0.8389999999999986,-0.503,sl,0.497,tp,False,short
2024-01-10,144.431,144.774,0.5180000000000007,0.497,tp,-0.503,sl,False,long
2024-01-11,145.724,145.489,0.5010000000000048,-0.23799999999998522,time,0.23199999999998522,time,False,short
2024-01-12,145.1,145.251,0.5620000000000118,0.14800000000001046,time,-0.15400000000001046,time,False,long
2024-01-16,145.79,146.164,0.6879999999999882,0.3709999999999952,time,-0.37699999999999523,time,False,long
2024-01-17,147.242,147.579,0.570999999999998,0.3340000000000175,time,-0.3400000000000175,time,False,long
2024-01-18,148.134,147.873,0.38700000000000045,-0.2639999999999957,time,0.2579999999999957,time,False,short
2024-01-19,148.122,148.648,0.7340000000000089,0.497,tp,-0.503,sl,False,long
2024-01-22,148.124,148.053,0.5,-0.07399999999999796,time,0.06799999999999795,time,False,short
2024-01-23,148.144,147.922,0.6970000000000027,-0.22500000000000842,time,0.2190000000000084,time,False,short
2024-01-24,148.235,147.873,0.5099999999999909,-0.3650000000000232,time,0.3590000000000232,time,False,short
2024-01-25,147.585,147.798,0.31399999999999295,0.20999999999999386,time,-0.21599999999999386,time,False,long
2024-01-26,147.721,147.73,0.3709999999999809,0.00599999999998613,time,-0.01199999999998613,time,False,long
2024-01-29,148.178,148.03,0.3410000000000082,-0.15099999999999614,time,0.14499999999999613,time,False,short
2024-01-30,147.486,147.384,0.29599999999999227,-0.10500000000000387,time,0.09900000000000386,time,False,short
2024-01-31,147.333,147.718,0.6299999999999955,0.3819999999999909,time,-0.3879999999999909,time,False,long
2024-02-01,147.005,146.862,0.6069999999999993,-0.503,sl,0.497,tp,False,short
2024-02-02,146.46,146.385,0.2189999999999941,-0.07800000000001706,time,0.07200000000001705,time,False,short
2024-02-05,148.512,148.433,0.5060000000000002,-0.08200000000000773,time,0.07600000000000773,time,False,short
2024-02-06,148.663,148.436,0.2920000000000016,-0.23000000000000387,time,0.22400000000000386,time,False,short
2024-02-07,147.82,147.898,0.27899999999999636,0.07500000000000295,time,-0.08100000000000296,time,False,long
2024-02-12,149.179,149.208,0.14300000000000068,0.025999999999996363,time,-0.031999999999996365,time,False,long
2024-02-13,149.404,149.55,0.29699999999999704,0.143000000000015,time,-0.149000000000015,time,False,long
2024-02-14,150.722,150.517,0.35900000000000887,-0.2080000000000125,time,0.2020000000000125,time,False,short
2024-02-15,150.555,150.18,0.47700000000000387,-0.378,time,0.372,time,False,short
2024-02-16,149.958,150.176,0.4420000000000073,0.2149999999999893,time,-0.22099999999998932,time,False,long
2024-02-19,150.147,150.007,0.27599999999998204,-0.14299999999998636,time,0.13699999999998635,time,False,short
2024-02-20,150.27,150.419,0.24399999999999977,0.1460000000000009,time,-0.1520000000000009,time,False,long
2024-02-21,149.966,149.982,0.20199999999999818,0.012999999999991133,time,-0.01899999999999113,time,False,long
2024-02-22,150.338,150.282,0.23199999999999932,-0.05899999999998318,time,0.05299999999998317,time,False,short
2024-02-23,150.473,150.604,0.23599999999999,0.12800000000000022,time,-0.13400000000000023,time,False,long
2024-02-26,150.501,150.433,0.2259999999999991,-0.07100000000001205,time,0.06500000000001205,time,False,short
2024-02-27,150.57,150.517,0.2050000000000125,-0.055999999999997274,time,0.04999999999999727,time,False,short
2024-02-28,150.516,150.599,0.2669999999999959,0.0799999999999984,time,-0.08599999999999841,time,False,long
2024-02-29,150.656,149.906,0.9620000000000175,-0.503,sl,0.497,tp,False,short
2024-03-01,150.07,150.445,0.4200000000000159,0.372,time,-0.378,time,False,long
2024-03-04,150.129,150.302,0.4830000000000041,0.17000000000000182,time,-0.17600000000000182,time,False,long
2024-03-05,150.457,150.497,0.1939999999999884,0.03700000000002046,time,-0.043000000000020466,time,False,long
2024-03-06,150.05,149.913,0.27700000000001523,-0.14000000000000046,time,0.13400000000000045,time,False,short
2024-03-07,149.259,148.637,0.8579999999999757,-0.503,sl,0.497,tp,False,short
2024-03-08,147.862,147.802,0.5960000000000036,-0.06300000000000228,time,0.05700000000000227,time,False,short
2024-03-11,146.796,146.975,0.549999999999983,0.17600000000000204,time,-0.18200000000000205,time,False,long
2024-03-12,146.737,147.519,0.9749999999999943,0.497,tp,-0.503,sl,False,long
2024-03-13,147.62,147.57,0.4130000000000109,-0.05300000000001137,time,0.047000000000011366,time,False,short
2024-03-14,147.588,147.919,0.4440000000000168,0.3280000000000173,time,-0.3340000000000173,time,False,long
2024-03-15,148.302,148.317,0.4099999999999966,0.01200000000001478,time,-0.01800000000001478,time,False,long
2024-03-18,148.955,149.113,0.42099999999999227,0.15499999999998704,time,-0.16099999999998704,time,False,long
2024-03-19,149.153,150.299,1.3909999999999911,0.497,tp,-0.503,sl,False,long
2024-03-20,151.021,151.536,0.5739999999999839,0.497,tp,-0.503,sl,False,long
2024-03-21,150.737,150.996,0.7399999999999807,0.25600000000001455,time,-0.26200000000001455,time,False,long
2024-03-22,151.629,151.485,0.44299999999998363,-0.14699999999997704,time,0.14099999999997703,time,False,short
2024-03-25,151.311,151.365,0.3720000000000141,0.051000000000002044,time,-0.05700000000000205,time,False,long
2024-03-27,151.521,151.749,0.5240000000000009,0.22500000000000864,time,-0.23100000000000864,time,False,long
2024-03-28,151.292,151.349,0.29400000000001114,0.05399999999998795,time,-0.05999999999998795,time,False,long
2024-03-29,151.442,151.354,0.3149999999999977,-0.09099999999999386,time,0.08499999999999386,time,False,short
2024-04-01,151.401,151.381,0.1810000000000116,-0.02300000000001023,time,0.017000000000010233,time,False,short
2024-04-02,151.594,151.741,0.29999999999998295,0.14400000000001978,time,-0.15000000000001978,time,False,long
2024-04-03,151.545,151.593,0.20000000000001705,0.045000000000001816,time,-0.05100000000000182,time,False,long
2024-04-04,151.581,151.64,0.18500000000000227,0.055999999999997496,time,-0.0619999999999975,time,False,long
2024-04-05,151.292,151.184,0.5279999999999916,-0.1110000000000041,time,0.10500000000000409,time,False,short
2024-04-08,151.679,151.787,0.146000000000015,0.10500000000000409,time,-0.1110000000000041,time,False,long
2024-04-09,151.833,151.888,0.13199999999997658,0.05200000000000682,time,-0.058000000000006824,time,False,long
2024-04-12,153.195,153.204,0.33600000000001273,0.006000000000014552,time,-0.012000000000014551,time,False,long
2024-04-15,153.305,153.824,0.5730000000000075,0.497,tp,-0.503,sl,False,long
2024-04-16,154.216,154.344,0.28999999999999204,0.1249999999999859,time,-0.1309999999999859,time,False,long
2024-04-17,154.698,154.616,0.1349999999999909,-0.08499999999999364,time,0.07899999999999363,time,False,short
2024-04-18,154.338,154.294,0.4519999999999982,-0.04699999999998272,time,0.04099999999998272,time,False,short
2024-04-19,154.614,154.32,1.0859999999999843,-0.503,sl,0.497,tp,False,short
2024-04-25,155.268,155.659,0.4960000000000093,0.38799999999999113,time,-0.39399999999999114,time,False,long
2024-04-26,155.621,156.103,0.8029999999999973,0.497,tp,-0.503,sl,False,long
2024-04-29,158.201,159.396,2.155000000000001,0.497,tp,-0.503,sl,False,long
2024-04-30,156.325,156.855,0.8329999999999984,0.497,tp,-0.503,sl,False,long
2024-05-20,155.763,155.702,0.2950000000000159,-0.06400000000000705,time,0.058000000000007046,time,False,short
2024-05-21,156.4,156.376,0.25,-0.02700000000000091,time,0.02100000000000091,time,False,short
2024-05-22,156.271,156.296,0.24799999999999045,0.022000000000005685,time,-0.028000000000005684,time,False,long
2024-05-23,156.733,156.722,0.25799999999998136,-0.013999999999995679,time,0.00799999999999568,time,False,short
2024-05-24,156.991,157.078,0.22500000000002274,0.08399999999998908,time,-0.08999999999998909,time,False,long
2024-05-27,156.867,156.76,0.26499999999998636,-0.10999999999999932,time,0.10399999999999932,time,False,short
2024-05-28,156.838,156.833,0.3100000000000023,-0.007999999999995452,time,0.0019999999999954525,time,False,short
2024-05-29,157.272,157.222,0.20300000000000296,-0.05299999999998295,time,0.046999999999982944,time,False,short
2024-05-30,157.624,156.961,0.7249999999999943,-0.503,sl,0.497,tp,False,short
2024-05-31,156.991,156.801,0.4519999999999982,-0.19300000000002615,time,0.18700000000002615,time,False,short
2024-06-03,157.182,157.41,0.4759999999999991,0.22500000000000864,time,-0.23100000000000864,time,False,long
2024-06-04,156.091,156.194,0.5040000000000191,0.09999999999998022,time,-0.10599999999998022,time,False,long
2024-06-05,155.113,155.642,0.6119999999999948,0.497,tp,-0.503,sl,False,long
2024-06-06,155.912,155.908,0.6019999999999754,-0.503,sl,0.497,tp,False,short
2024-06-07,155.676,155.508,0.4900000000000091,-0.17099999999997795,time,0.16499999999997794,time,False,short
2024-06-10,156.821,157.068,0.47400000000001796,0.2440000000000141,time,-0.2500000000000141,time,False,long
2024-06-11,157.042,157.28,0.3009999999999877,0.23499999999999954,time,-0.24099999999999955,time,False,long
2024-06-12,157.111,157.244,0.24099999999998545,0.13000000000000977,time,-0.13600000000000978,time,False,long
2024-06-13,156.8,157.08,0.5010000000000048,0.27700000000000113,time,-0.28300000000000114,time,False,long
2024-06-14,157.123,158.146,1.3940000000000055,0.497,tp,-0.503,sl,False,long
2024-06-17,157.56,157.45,0.26900000000000546,-0.11300000000001365,time,0.10700000000001364,time,False,short
2024-06-18,157.695,157.836,0.3440000000000225,0.13800000000001955,time,-0.14400000000001956,time,False,long
2024-06-19,157.87,157.785,0.2009999999999934,-0.08800000000000796,time,0.08200000000000796,time,False,short
2024-06-20,157.955,158.145,0.20599999999998886,0.18699999999999772,time,-0.19299999999999773,time,False,long
2024-06-21,158.936,158.95,0.3089999999999975,0.010999999999981584,time,-0.016999999999981582,time,False,long
2024-06-24,159.897,159.713,0.30699999999998795,-0.1869999999999975,time,0.1809999999999975,time,False,short
2024-06-25,159.7,159.452,0.5149999999999864,-0.503,sl,0.497,tp,False,short
2024-06-26,159.7,159.818,0.23699999999999477,0.11500000000002342,time,-0.12100000000002342,time,False,long
2024-06-27,160.627,160.403,0.41500000000002046,-0.22700000000001797,time,0.22100000000001796,time,False,short
2024-06-28,160.704,160.939,0.6330000000000098,0.497,tp,-0.503,sl,False,long
2024-07-01,160.922,161.05,0.4490000000000123,0.12500000000001432,time,-0.13100000000001433,time,False,long
2024-07-02,161.513,161.635,0.2050000000000125,0.11899999999998567,time,-0.12499999999998568,time,False,long
2024-07-05,161.361,160.679,0.8640000000000043,-0.503,sl,0.497,tp,False,short
2024-07-08,160.637,160.696,0.46999999999999886,0.055999999999997496,time,-0.0619999999999975,time,False,long
2024-07-09,160.859,160.978,0.2560000000000002,0.11599999999999977,time,-0.12199999999999978,time,False,long
2024-07-10,161.329,161.499,0.2600000000000193,0.1669999999999875,time,-0.1729999999999875,time,False,long
2024-07-12,158.275,159.038,1.4099999999999966,0.497,tp,-0.503,sl,False,long
2024-07-15,158.286,157.956,0.5340000000000202,-0.3330000000000125,time,0.3270000000000125,time,False,short
2024-07-16,158.15,158.727,0.6829999999999927,0.497,tp,-0.503,sl,False,long
2024-07-17,158.361,158.218,0.4060000000000059,-0.14600000000000068,time,0.14000000000000068,time,False,short
2024-07-19,157.176,157.769,0.799999999999983,0.497,tp,-0.503,sl,False,long
2024-07-22,157.423,157.036,0.6000000000000227,-0.39000000000000046,time,0.38400000000000045,time,False,short
2024-07-23,156.901,156.314,0.7299999999999898,-0.503,sl,0.497,tp,False,short
2024-07-26,153.699,153.642,0.7729999999999961,-0.060000000000016374,time,0.05400000000001637,time,False,short
2024-07-29,154.149,153.511,1.336999999999989,-0.503,sl,0.497,tp,False,short
2024-07-30,153.833,154.664,1.1529999999999916,0.497,tp,-0.503,sl,False,long
2024-07-31,152.658,152.87,2.3070000000000164,-0.503,sl,0.497,tp,True,long
2024-08-01,149.786,149.759,1.5369999999999777,-0.503,sl,0.497,tp,False,short
2024-08-02,149.205,148.944,0.8849999999999909,0.497,tp,-0.503,sl,False,short
2024-08-05,145.589,142.66,3.76400000000001,-0.503,sl,0.497,tp,False,short
2024-08-06,145.8,145.862,2.0630000000000166,0.497,tp,-0.503,sl,True,long
2024-08-07,144.743,146.975,3.2709999999999866,0.497,tp,-0.503,sl,False,long
2024-08-08,146.297,145.971,1.4450000000000216,-0.503,sl,0.497,tp,True,short
2024-08-09,147.694,147.009,1.0579999999999927,-0.503,sl,0.497,tp,False,short
2024-08-12,147.071,147.201,0.5240000000000009,0.12699999999999545,time,-0.13299999999999546,time,False,long
2024-08-13,147.023,147.65,0.8190000000000168,0.497,tp,-0.503,sl,False,long
2024-08-14,146.944,147.084,1.1169999999999902,-0.503,sl,0.497,tp,False,long
2024-08-15,147.273,147.137,0.5560000000000116,-0.13899999999999568,time,0.13299999999999568,time,False,short
2024-08-16,149.227,148.86,0.5300000000000011,-0.3699999999999902,time,0.3639999999999902,time,False,short
2024-08-20,146.711,147.282,1.4799999999999898,-0.503,sl,0.497,tp,True,long
2024-08-21,145.322,145.666,0.8509999999999991,0.3409999999999941,time,-0.3469999999999941,time,False,long
2024-08-22,145.122,145.268,0.7019999999999982,0.497,tp,-0.503,sl,False,long
2024-08-23,146.208,145.674,1.0409999999999968,-0.503,sl,0.497,tp,False,short
2024-08-26,143.92,144.049,0.771000000000015,0.1260000000000191,time,-0.1320000000000191,time,False,long
2024-08-27,144.504,144.791,0.5200000000000102,0.28400000000000614,time,-0.29000000000000614,time,False,long
2024-08-28,143.964,144.354,0.6300000000000239,0.497,tp,-0.503,sl,False,long
2024-09-02,146.401,146.106,0.771000000000015,-0.503,sl,0.497,tp,False,short
2024-09-03,146.751,146.309,1.0670000000000073,-0.503,sl,0.497,tp,False,short
2024-09-04,145.365,145.168,0.6629999999999825,-0.20000000000000273,time,0.19400000000000273,time,False,short
2024-09-05,143.334,143.397,0.6049999999999898,0.497,tp,-0.503,sl,False,long
2024-09-06,143.386,142.995,0.5300000000000011,-0.39399999999999114,time,0.38799999999999113,time,False,short
2024-09-09,142.487,142.911,0.6770000000000209,0.497,tp,-0.503,sl,False,long
2024-09-10,143.18,143.155,0.5120000000000005,-0.028000000000005684,time,0.022000000000005685,time,False,short
2024-09-11,142.231,141.282,1.7180000000000177,-0.503,sl,0.497,tp,False,short
2024-09-12,142.637,142.832,0.693000000000012,0.19199999999999318,time,-0.19799999999999318,time,False,long
2024-09-13,141.509,140.858,0.9129999999999825,-0.503,sl,0.497,tp,False,short
2024-09-16,140.845,140.192,0.900999999999982,-0.503,sl,0.497,tp,False,short
2024-09-17,140.795,140.7,0.5229999999999961,-0.09799999999999887,time,0.09199999999999886,time,False,short
2024-09-18,142.008,141.315,0.796999999999997,-0.503,sl,0.497,tp,False,short
2024-09-19,142.698,142.572,1.0390000000000157,0.497,tp,-0.503,sl,False,short
2024-09-20,142.86,142.278,0.9399999999999977,-0.503,sl,0.497,tp,False,short
2024-09-23,144.086,144.12,0.2330000000000041,0.030999999999991815,time,-0.03699999999999182,time,False,long
2024-09-24,143.632,144.092,0.8199999999999932,0.497,tp,-0.503,sl,False,long
2024-09-25,142.945,143.255,0.5879999999999939,0.497,tp,-0.503,sl,False,long
2024-10-02,143.724,143.708,0.6550000000000011,-0.01899999999999113,time,0.012999999999991133,time,False,short
2024-10-03,146.577,146.557,0.7770000000000152,0.497,tp,-0.503,sl,False,short
2024-10-04,146.841,146.084,1.0109999999999957,-0.503,sl,0.497,tp,False,short
2024-10-07,148.792,148.537,0.5749999999999886,-0.503,sl,0.497,tp,False,short
2024-10-15,149.722,149.578,0.2179999999999893,-0.14700000000000546,time,0.14100000000000545,time,False,short
2024-10-17,149.563,149.51,0.37699999999998113,-0.055999999999997274,time,0.04999999999999727,time,False,short
2024-10-18,150.103,149.879,0.3789999999999907,-0.22700000000001797,time,0.22100000000001796,time,False,short
2024-10-21,149.603,149.361,0.5289999999999964,-0.503,sl,0.497,tp,False,short
2024-10-22,150.62,150.845,0.6080000000000041,0.2219999999999943,time,-0.22799999999999432,time,False,long
2024-10-28,152.955,153.538,1.1119999999999948,0.497,tp,-0.503,sl,False,long
2024-10-29,153.141,152.833,0.48799999999999955,-0.3109999999999927,time,0.3049999999999927,time,False,short
2024-11-01,151.979,152.541,0.7779999999999916,0.497,tp,-0.503,sl,False,long
2024-11-04,152.288,151.849,0.6899999999999977,-0.503,sl,0.497,tp,False,short
2024-11-05,152.276,152.424,0.4300000000000068,0.14499999999999613,time,-0.15099999999999614,time,False,long
2024-11-06,151.439,153.741,3.0500000000000114,0.497,tp,-0.503,sl,False,long
2024-11-07,154.307,154.008,0.7769999999999868,-0.3019999999999782,time,0.29599999999997817,time,False,short
2024-11-08,153.173,152.801,0.818000000000012,-0.503,sl,0.497,tp,False,short
2024-11-11,152.91,153.525,0.796999999999997,0.497,tp,-0.503,sl,False,long
2024-11-12,153.52,153.611,0.6580000000000155,0.497,tp,-0.503,sl,False,long
2024-11-13,154.656,154.914,0.3990000000000009,0.25499999999998135,time,-0.26099999999998136,time,False,long
2024-11-14,155.416,156.018,0.7290000000000134,0.497,tp,-0.503,sl,False,long
2024-11-15,156.48,156.453,0.47400000000001796,-0.02999999999998681,time,0.023999999999986813,time,False,short
2024-11-18,154.639,154.591,1.3000000000000114,-0.503,sl,0.497,tp,False,short
2024-11-19,154.614,154.42,0.6659999999999968,-0.503,sl,0.497,tp,False,short
2024-11-21,155.271,155.04,0.4210000000000207,-0.23399999999999455,time,0.22799999999999454,time,False,short
2024-11-25,154.148,154.262,0.8479999999999848,-0.503,sl,0.497,tp,False,long
2024-11-26,154.38,153.838,0.7470000000000141,-0.503,sl,0.497,tp,False,short
2024-11-27,152.93,152.436,0.7990000000000066,-0.503,sl,0.497,tp,False,short
2024-11-28,151.338,151.444,0.4269999999999925,0.10299999999999454,time,-0.10899999999999455,time,False,long
2024-12-02,149.865,150.72,0.9450000000000216,0.497,tp,-0.503,sl,False,long
2024-12-03,149.516,150.025,0.7369999999999948,0.497,tp,-0.503,sl,False,long
2024-12-04,149.613,150.095,0.6469999999999914,0.497,tp,-0.503,sl,False,long
2024-12-05,150.547,149.931,0.8970000000000198,-0.503,sl,0.497,tp,False,short
2024-12-06,150.121,149.936,0.5039999999999907,-0.18800000000000228,time,0.18200000000000227,time,False,short
2024-12-11,151.839,151.75,0.4550000000000125,-0.09199999999999864,time,0.08599999999999863,time,False,short
2024-12-12,152.242,152.49,0.657999999999987,0.24500000000001887,time,-0.2510000000000189,time,False,long
2024-12-13,152.595,152.891,0.5330000000000155,0.29299999999999227,time,-0.29899999999999227,time,False,long
2024-12-16,153.454,153.657,0.6469999999999914,0.497,tp,-0.503,sl,False,long
2024-12-17,154.091,154.13,0.5440000000000111,0.035999999999987264,time,-0.04199999999998727,time,False,long
2024-12-18,153.569,153.354,0.4479999999999791,-0.217999999999975,time,0.211999999999975,time,False,short
2024-12-19,154.663,155.221,1.0060000000000002,0.497,tp,-0.503,sl,False,long
2024-12-20,157.647,157.032,1.0910000000000082,-0.503,sl,0.497,tp,False,short
2024-12-23,156.563,156.646,0.3540000000000134,0.0799999999999984,time,-0.08599999999999841,time,False,long
2024-12-24,157.181,157.011,0.4590000000000032,-0.17300000000001592,time,0.1670000000000159,time,False,short
2024-12-25,157.056,157.311,0.3859999999999957,0.25199999999999545,time,-0.25799999999999546,time,False,long
2024-12-26,157.121,157.345,0.39200000000002433,0.22099999999998954,time,-0.22699999999998954,time,False,long
2024-12-27,157.763,157.757,0.4440000000000168,-0.009000000000000227,time,0.0030000000000002273,time,False,short
2024-12-30,157.897,157.853,0.2909999999999968,-0.04699999999998272,time,0.04099999999998272,time,False,short
2024-12-31,157.005,156.232,0.9110000000000014,-0.503,sl,0.497,tp,False,short
2025-01-03,157.359,157.298,0.28600000000000136,-0.06400000000000705,time,0.058000000000007046,time,False,short
2025-01-06,157.505,157.778,0.34199999999998454,0.26999999999999613,time,-0.27599999999999614,time,False,long
2025-01-07,157.737,157.862,0.6779999999999973,0.497,tp,-0.503,sl,False,long
2025-01-08,158.22,158.171,0.3669999999999902,-0.052000000000006597,time,0.04600000000000659,time,False,short
2025-01-09,158.186,158.106,0.2550000000000239,-0.08300000000001251,time,0.0770000000000125,time,False,short
2025-01-10,158.04,157.998,0.28000000000000114,-0.045000000000001594,time,0.03900000000000159,time,False,short
2025-01-14,157.309,157.58,0.9949999999999761,0.497,tp,-0.503,sl,False,long
2025-01-15,158.053,157.317,0.8880000000000052,-0.503,sl,0.497,tp,False,short
2025-01-16,156.218,156.113,1.3220000000000027,-0.503,sl,0.497,tp,False,short
2025-01-17,155.363,155.563,0.710000000000008,0.19699999999998863,time,-0.20299999999998863,time,False,long
2025-01-20,156.313,156.058,0.6510000000000105,-0.503,sl,0.497,tp,False,short
2025-01-21,155.272,155.316,1.460000000000008,0.497,tp,-0.503,sl,True,long
2025-01-22,155.74,155.829,0.6080000000000041,0.08599999999999863,time,-0.09199999999999864,time,False,long
2025-01-23,156.431,156.702,0.4689999999999941,0.2679999999999866,time,-0.2739999999999866,time,False,long
2025-01-24,156.133,155.355,1.4050000000000011,-0.503,sl,0.497,tp,False,short
2025-01-27,155.719,156.06,0.8050000000000068,0.3380000000000082,time,-0.3440000000000082,time,False,long
2025-01-28,154.912,155.7,1.1519999999999868,0.497,tp,-0.503,sl,False,long
2025-01-29,155.563,155.012,0.7860000000000014,-0.503,sl,0.497,tp,False,short
2025-01-30,155.174,154.373,0.9230000000000018,-0.503,sl,0.497,tp,False,short
2025-01-31,154.088,154.717,0.8600000000000136,0.497,tp,-0.503,sl,False,long
2025-02-03,155.358,155.573,0.5390000000000157,0.497,tp,-0.503,sl,False,long
2025-02-04,155.263,155.247,0.578000000000003,-0.01899999999999113,time,0.012999999999991133,time,False,short
2025-02-05,154.132,153.421,1.2680000000000007,-0.503,sl,0.497,tp,False,short
2025-02-06,152.648,152.418,0.8739999999999952,-0.503,sl,0.497,tp,False,short
2025-02-07,151.167,151.717,0.8329999999999984,0.497,tp,-0.503,sl,False,long
2025-02-10,151.875,151.95,0.5860000000000127,0.07199999999998863,time,-0.07799999999998863,time,False,long
2025-02-11,151.786,151.95,0.37700000000000955,0.16099999999998726,time,-0.16699999999998727,time,False,long
2025-02-12,152.765,153.537,1.007000000000005,0.497,tp,-0.503,sl,False,long
2025-02-13,154.23,154.164,0.5439999999999827,-0.0690000000000025,time,0.0630000000000025,time,False,short
2025-02-14,152.996,152.613,0.6539999999999964,-0.503,sl,0.497,tp,False,short
2025-02-17,152.004,151.519,0.6399999999999864,-0.503,sl,0.497,tp,False,short
2025-02-18,151.435,152.002,0.8059999999999832,0.497,tp,-0.503,sl,False,long
2025-02-19,151.92,152.134,0.41499999999999204,0.21099999999999863,time,-0.21699999999999864,time,False,long
2025-02-20,151.218,150.251,0.9900000000000091,-0.503,sl,0.497,tp,False,short
2025-03-05,149.824,149.714,0.6049999999999898,-0.11300000000001365,time,0.10700000000001364,time,False,short
2025-03-06,148.88,148.933,0.4749999999999943,0.04999999999999727,time,-0.055999999999997274,time,False,long
2025-03-07,148.146,147.451,0.7199999999999989,-0.503,sl,0.497,tp,False,short
2025-03-10,147.584,147.521,0.7019999999999982,-0.0660000000000166,time,0.060000000000016596,time,False,short
2025-03-11,147.076,147.221,0.7469999999999857,-0.503,sl,0.497,tp,False,long
2025-03-14,147.922,148.467,0.804000000000002,0.497,tp,-0.503,sl,False,long
2025-03-17,148.605,148.976,0.6030000000000086,0.3680000000000093,time,-0.3740000000000093,time,False,long
2025-03-18,149.394,149.738,0.48500000000001364,0.3409999999999941,time,-0.3469999999999941,time,False,long
2025-03-19,149.439,149.773,0.4790000000000134,0.3310000000000032,time,-0.3370000000000032,time,False,long
2025-03-20,148.456,148.368,0.32099999999999795,-0.09099999999999386,time,0.08499999999999386,time,False,short
2025-03-24,149.664,149.689,0.4969999999999857,0.022000000000005685,time,-0.028000000000005684,time,False,long
2025-03-25,150.784,150.428,0.5200000000000102,-0.35899999999999455,time,0.35299999999999454,time,False,short
2025-03-26,149.939,150.54,0.7069999999999936,0.497,tp,-0.503,sl,False,long
2025-03-28,150.849,150.762,0.507000000000005,-0.08999999999998909,time,0.08399999999998908,time,False,short
2025-03-31,149.617,149.039,0.9159999999999968,-0.503,sl,0.497,tp,False,short
2025-04-01,149.946,149.83,0.4509999999999934,-0.11899999999998545,time,0.11299999999998545,time,False,short
2025-04-02,149.749,149.792,0.228999999999985,0.040000000000006364,time,-0.04600000000000637,time,False,long
2025-04-08,147.789,147.6,0.7129999999999939,-0.503,sl,0.497,tp,False,short
2025-04-09,145.848,145.102,1.36099999999999,-0.503,sl,0.497,tp,False,short
2025-04-10,147.402,146.604,1.0109999999999957,-0.503,sl,0.497,tp,False,short
2025-04-11,143.754,143.6,0.907999999999987,-0.503,sl,0.497,tp,False,short
2025-04-14,143.692,142.762,1.497000000000014,-0.503,sl,0.497,tp,False,short
2025-04-15,143.214,143.069,0.6910000000000025,-0.14800000000001023,time,0.14200000000001023,time,False,short
2025-04-16,143.157,142.14,1.0699999999999932,-0.503,sl,0.497,tp,False,short
2025-04-17,141.927,142.739,1.0190000000000055,0.497,tp,-0.503,sl,False,long
2025-04-18,142.351,142.353,0.24600000000000932,-0.0009999999999904504,time,-0.00500000000000955,time,False,long
2025-04-21,141.589,140.646,0.9739999999999895,-0.503,sl,0.497,tp,False,short
2025-04-22,140.872,139.92,1.2820000000000107,-0.503,sl,0.497,tp,False,short
2025-04-25,142.853,143.62,0.9839999999999804,0.497,tp,-0.503,sl,False,long
2025-04-28,143.851,143.49,0.570999999999998,-0.503,sl,0.497,tp,False,short
2025-04-29,142.18,142.446,0.5120000000000005,0.26299999999999113,time,-0.26899999999999114,time,False,long
2025-04-30,142.259,142.497,0.38400000000001455,0.23500000000002796,time,-0.24100000000002797,time,False,long
2025-05-01,143.018,144.045,1.3760000000000048,0.497,tp,-0.503,sl,False,long
2025-05-02,145.406,145.251,0.7800000000000011,0.497,tp,-0.503,sl,False,short
2025-05-05,144.649,144.177,0.8329999999999984,-0.503,sl,0.497,tp,False,short
2025-05-06,143.702,143.793,0.6570000000000107,0.497,tp,-0.503,sl,False,long
2025-05-07,143.089,143.056,0.5799999999999841,-0.03599999999998704,time,0.02999999999998704,time,False,short
2025-05-08,143.86,143.924,0.6239999999999952,0.06099999999999295,time,-0.06699999999999295,time,False,long
2025-05-09,145.948,145.425,0.7779999999999916,-0.503,sl,0.497,tp,False,short
2025-05-12,145.836,146.009,0.5679999999999836,0.1699999999999734,time,-0.1759999999999734,time,False,long
2025-05-13,148.257,147.816,0.6129999999999995,-0.503,sl,0.497,tp,False,short
2025-05-14,147.521,147.067,0.8319999999999936,-0.503,sl,0.497,tp,False,short
2025-05-16,145.571,145.224,0.6589999999999918,-0.503,sl,0.497,tp,False,short
2025-05-20,144.976,144.379,1.1910000000000025,0.497,tp,-0.503,sl,True,short
2025-05-21,144.319,143.566,0.8199999999999932,-0.503,sl,0.497,tp,False,short
2025-05-22,143.691,143.365,0.585000000000008,-0.503,sl,0.497,tp,False,short
2025-05-23,143.859,143.424,0.6570000000000107,-0.503,sl,0.497,tp,False,short
2025-05-26,142.821,142.514,0.6580000000000155,-0.503,sl,0.497,tp,False,short
2025-05-27,142.627,143.259,1.3240000000000123,-0.503,sl,0.497,tp,True,long
2025-05-28,144.133,144.275,0.9199999999999875,0.497,tp,-0.503,sl,False,long
2025-05-29,145.724,145.937,0.6879999999999882,0.497,tp,-0.503,sl,False,long
2025-05-30,143.751,143.825,0.5999999999999943,0.07099999999998385,time,-0.07699999999998386,time,False,long
2025-06-02,143.798,143.519,0.4730000000000132,-0.28199999999999636,time,0.27599999999999636,time,False,short
2025-06-03,142.425,142.951,0.8439999999999941,0.497,tp,-0.503,sl,False,long
2025-06-04,143.818,144.21,0.7229999999999848,0.497,tp,-0.503,sl,False,long
2025-06-05,142.724,143.152,0.606000000000023,0.42499999999999727,time,-0.4309999999999973,time,False,long
2025-06-06,143.554,143.72,0.22100000000000364,0.16299999999999681,time,-0.16899999999999682,time,False,long
2025-06-10,144.564,144.555,0.8850000000000193,0.497,tp,-0.503,sl,False,short
2025-06-11,144.836,144.981,0.4989999999999952,0.1419999999999818,time,-0.1479999999999818,time,False,long
2025-06-12,144.18,143.732,0.671999999999997,-0.503,sl,0.497,tp,False,short
2025-06-13,143.094,143.538,1.082000000000022,0.497,tp,-0.503,sl,False,long
2025-06-16,144.568,144.478,0.44599999999999795,-0.09300000000000341,time,0.08700000000000341,time,False,short
2025-06-17,144.682,144.944,0.4410000000000025,0.25900000000000045,time,-0.26500000000000046,time,False,long
2025-06-18,145.384,145.01,0.5430000000000064,-0.37699999999999523,time,0.3709999999999952,time,False,short
2025-06-19,144.953,145.109,0.5279999999999916,0.1530000000000059,time,-0.15900000000000591,time,False,long
2025-06-20,145.228,145.348,0.2750000000000057,0.11700000000000454,time,-0.12300000000000455,time,False,long
2025-06-23,146.21,147.105,1.1510000000000105,0.497,tp,-0.503,sl,False,long
2025-06-24,145.92,145.308,0.65300000000002,-0.503,sl,0.497,tp,False,short
2025-06-25,144.934,144.804,0.43899999999999295,-0.13299999999999546,time,0.12699999999999545,time,False,short
2025-06-30,144.5,143.908,0.967000000000013,-0.503,sl,0.497,tp,False,short
2025-07-01,143.806,143.58,0.4959999999999809,-0.2289999999999991,time,0.2229999999999991,time,False,short
2025-07-02,143.372,143.553,0.4270000000000209,0.17799999999998317,time,-0.18399999999998318,time,False,long
2025-07-03,143.519,143.861,0.48399999999998045,0.33899999999998454,time,-0.34499999999998454,time,False,long
2025-07-07,144.487,144.983,0.8529999999999802,0.497,tp,-0.503,sl,False,long
2025-07-08,145.878,146.097,0.61099999999999,0.497,tp,-0.503,sl,False,long
2025-07-09,146.866,147.039,0.4519999999999982,0.1699999999999734,time,-0.1759999999999734,time,False,long
2025-07-10,146.103,146.083,0.36300000000002797,-0.02300000000001023,time,0.017000000000010233,time,False,short
2025-07-11,146.276,146.95,0.7949999999999875,0.497,tp,-0.503,sl,False,long
2025-07-16,148.781,148.907,0.33600000000001273,0.12300000000000477,time,-0.12900000000000478,time,False,long
2025-07-17,147.995,148.339,0.5090000000000146,0.3409999999999941,time,-0.3469999999999941,time,False,long
2025-07-21,148.453,148.296,0.3189999999999884,-0.1600000000000107,time,0.15400000000001068,time,False,short
2025-07-22,147.399,147.77,0.41499999999999204,0.3680000000000093,time,-0.3740000000000093,time,False,long
2025-07-23,146.755,147.16,1.007000000000005,-0.503,sl,0.497,tp,False,long
2025-07-24,146.35,146.015,0.6370000000000005,-0.33800000000000796,time,0.33200000000000796,time,False,short
2025-07-25,147.009,146.934,0.6850000000000023,-0.07799999999998863,time,0.07199999999998863,time,False,short
2025-07-28,147.781,147.854,0.2779999999999916,0.0700000000000075,time,-0.0760000000000075,time,False,long
2025-08-04,147.347,147.781,0.6349999999999909,0.497,tp,-0.503,sl,False,long
2025-08-06,147.524,147.45,0.4439999999999884,-0.07700000000001228,time,0.07100000000001228,time,False,short
2025-08-07,147.192,147.278,0.5430000000000064,0.497,tp,-0.503,sl,False,long
2025-08-08,146.797,147.412,0.7019999999999982,0.497,tp,-0.503,sl,False,long
2025-08-18,147.229,147.385,0.35899999999998045,0.1529999999999775,time,-0.1589999999999775,time,False,long
2025-08-19,147.918,147.645,0.49799999999999045,-0.27599999999999614,time,0.26999999999999613,time,False,short
2025-08-20,147.742,147.463,0.40799999999998704,-0.28199999999999636,time,0.27599999999999636,time,False,short
2025-08-21,147.301,147.426,0.2530000000000143,0.122,time,-0.128,time,False,long
2025-08-22,148.385,148.664,0.4949999999999761,0.27599999999999636,time,-0.28199999999999636,time,False,long
2025-08-25,147.265,147.3,0.3200000000000216,0.03200000000002501,time,-0.038000000000025014,time,False,long
2025-08-26,147.81,147.709,0.900999999999982,-0.503,sl,0.497,tp,False,short
2025-08-27,147.475,147.814,0.5679999999999836,0.33599999999999863,time,-0.34199999999999864,time,False,long
2025-08-28,147.335,147.126,0.41100000000000136,-0.21200000000000319,time,0.20600000000000318,time,False,short
2025-08-29,146.831,147.013,0.3509999999999991,0.17900000000001637,time,-0.18500000000001637,time,False,long
2025-09-01,147.121,146.914,0.5389999999999873,-0.21000000000002206,time,0.20400000000002205,time,False,short
2025-09-02,147.094,147.916,0.8340000000000032,0.497,tp,-0.503,sl,False,long
2025-09-03,148.582,148.601,0.4379999999999882,0.016000000000005458,time,-0.022000000000005456,time,False,long
2025-09-04,147.973,148.225,0.49500000000000455,0.24899999999998113,time,-0.25499999999998113,time,False,long
2025-09-05,148.419,148.171,0.35799999999997567,-0.2510000000000189,time,0.24500000000001887,time,False,short
2025-09-08,148.315,148.138,0.5730000000000075,-0.1799999999999925,time,0.1739999999999925,time,False,short
2025-09-09,147.374,147.127,0.33600000000001273,-0.24999999999998568,time,0.24399999999998567,time,False,short
2025-09-10,147.391,147.426,0.3019999999999925,0.03199999999999659,time,-0.03799999999999659,time,False,long
2025-09-11,147.355,147.58,0.26400000000001,0.22200000000002273,time,-0.22800000000002274,time,False,long
2025-09-12,147.226,147.347,0.38700000000000045,0.11800000000000932,time,-0.12400000000000932,time,False,long
2025-09-15,147.677,147.511,0.3499999999999943,-0.16899999999999682,time,0.16299999999999681,time,False,short
2025-09-16,147.406,146.993,0.6210000000000093,-0.4160000000000109,time,0.4100000000000109,time,False,short
2025-09-17,146.411,146.514,0.39500000000001023,0.10000000000000864,time,-0.10600000000000864,time,False,long
2025-09-18,146.88,147.204,0.375,0.3210000000000123,time,-0.3270000000000123,time,False,long
2025-09-19,147.966,148.062,0.22100000000000364,0.09300000000000364,time,-0.09900000000000364,time,False,long
2025-09-22,148.105,148.253,0.28600000000000136,0.14499999999999613,time,-0.15099999999999614,time,False,long
2025-09-23,147.731,147.8,0.26600000000001955,0.06600000000001682,time,-0.07200000000001683,time,False,long
2025-09-24,147.601,147.877,0.4440000000000168,0.27300000000001046,time,-0.27900000000001046,time,False,long
2025-09-25,148.783,148.809,0.30100000000001614,0.02300000000001046,time,-0.02900000000001046,time,False,long
2025-09-26,149.874,149.682,0.3089999999999975,-0.19500000000000728,time,0.18900000000000727,time,False,short
2025-09-29,149.412,148.777,0.679000000000002,-0.503,sl,0.497,tp,False,short
2025-09-30,148.619,148.288,0.6189999999999998,-0.33399999999998886,time,0.32799999999998886,time,False,short
2025-10-01,148.024,147.528,0.7659999999999911,-0.503,sl,0.497,tp,False,short
2025-10-02,147.108,147.163,0.3830000000000098,0.05200000000000682,time,-0.058000000000006824,time,False,long
2025-10-03,147.155,147.784,0.6589999999999918,0.497,tp,-0.503,sl,False,long
2025-10-06,149.58,150.314,0.8959999999999866,0.497,tp,-0.503,sl,False,long
2025-10-07,150.36,150.494,0.3709999999999809,0.13099999999998613,time,-0.13699999999998613,time,False,long
2025-10-08,152.057,152.403,0.5909999999999798,0.497,tp,-0.503,sl,False,long
2025-10-09,152.714,152.632,0.3569999999999993,-0.08499999999999364,time,0.07899999999999363,time,False,short
2025-10-10,153.024,152.832,0.5270000000000152,-0.19500000000000728,time,0.18900000000000727,time,False,short
2025-10-14,152.458,151.713,0.9410000000000025,-0.503,sl,0.497,tp,False,short
2025-10-17,150.148,149.747,0.6539999999999964,-0.40399999999998204,time,0.39799999999998203,time,False,short
2025-10-20,150.917,150.65,0.7039999999999793,-0.2699999999999959,time,0.2639999999999959,time,False,short
2025-10-21,150.821,151.515,1.0519999999999925,0.497,tp,-0.503,sl,False,long
2025-10-22,151.877,151.86,0.3900000000000148,-0.019999999999995906,time,0.013999999999995908,time,False,short
2025-10-23,151.986,152.371,0.6009999999999991,0.497,tp,-0.503,sl,False,long
2025-10-24,152.609,152.957,0.561000000000007,0.34499999999998476,time,-0.35099999999998477,time,False,long
2025-10-27,153.078,153.127,0.6009999999999991,0.04600000000000659,time,-0.052000000000006597,time,False,long
2025-10-28,152.699,151.912,0.9770000000000039,-0.503,sl,0.497,tp,False,short
2025-10-29,151.737,152.365,1.0039999999999907,0.497,tp,-0.503,sl,False,long
2025-10-30,152.727,153.038,0.9759999999999991,-0.503,sl,0.497,tp,False,long
2025-10-31,153.906,153.914,0.4140000000000157,0.004999999999981355,time,-0.010999999999981355,time,False,long
2025-11-03,154.201,154.123,0.22800000000000864,-0.08100000000000296,time,0.07500000000000295,time,False,short
2025-11-05,153.549,153.522,0.7900000000000205,-0.503,sl,0.497,tp,False,short
2025-11-06,154.089,153.882,0.3459999999999752,-0.20999999999999364,time,0.20399999999999363,time,False,short
2025-11-07,152.953,153.352,0.5109999999999957,0.3960000000000009,time,-0.4020000000000009,time,False,long
2025-11-10,153.828,153.942,0.6690000000000111,0.11100000000000432,time,-0.11700000000000432,time,False,long
2025-11-11,154.151,154.126,0.40500000000000114,-0.028000000000005684,time,0.022000000000005685,time,False,short
2025-11-12,154.084,154.644,0.7409999999999854,0.497,tp,-0.503,sl,False,long
2025-11-13,154.709,154.949,0.39099999999999113,0.2370000000000091,time,-0.2430000000000091,time,False,long
2025-11-14,154.634,154.482,0.4339999999999975,-0.15499999999998681,time,0.1489999999999868,time,False,short
2025-11-17,154.592,154.69,0.3710000000000093,0.09499999999998476,time,-0.10099999999998477,time,False,long
2025-11-18,155.278,155.083,0.563999999999993,-0.19799999999999318,time,0.19199999999999318,time,False,short
2025-11-19,155.527,155.371,0.36700000000001864,-0.1589999999999775,time,0.1529999999999775,time,False,short
2025-11-20,156.998,157.558,0.693000000000012,0.497,tp,-0.503,sl,False,long
2025-11-21,157.384,157.224,0.4590000000000032,-0.1629999999999966,time,0.1569999999999966,time,False,short
2025-11-24,156.686,156.581,0.2990000000000066,-0.10800000000001819,time,0.10200000000001819,time,False,short
2025-11-25,156.904,156.735,0.42799999999999727,-0.17199999999998272,time,0.16599999999998272,time,False,short
2025-11-26,156.198,156.114,0.72199999999998,-0.503,sl,0.497,tp,False,short
2025-11-27,156.219,155.988,0.51400000000001,-0.23399999999999455,time,0.22799999999999454,time,False,short
2025-11-28,156.291,156.344,0.49099999999998545,0.04999999999999727,time,-0.055999999999997274,time,False,long
2025-12-01,155.907,155.591,0.5960000000000036,-0.503,sl,0.497,tp,False,short
2025-12-02,155.56,155.654,0.3149999999999977,0.09099999999999409,time,-0.09699999999999409,time,False,long
2025-12-03,155.764,155.693,0.2050000000000125,-0.07399999999999796,time,0.06799999999999795,time,False,short
2025-12-04,155.114,155.222,0.5200000000000102,0.10500000000000409,time,-0.1110000000000041,time,False,long
2025-12-05,155.132,154.6,0.6879999999999882,-0.503,sl,0.497,tp,False,short
2025-12-08,155.31,155.201,0.42499999999998295,-0.11200000000000887,time,0.10600000000000886,time,False,short
2025-12-09,155.846,156.007,0.36600000000001387,0.15800000000000136,time,-0.16400000000000137,time,False,long
2025-12-10,156.805,156.706,0.37700000000000955,-0.10200000000001797,time,0.09600000000001796,time,False,short
2025-12-11,155.749,156.065,0.5819999999999936,0.3130000000000025,time,-0.3190000000000025,time,False,long
2025-12-12,155.502,155.741,0.31100000000000705,0.23600000000000432,time,-0.24200000000000432,time,False,long
2025-12-15,155.869,155.035,0.9539999999999793,-0.503,sl,0.497,tp,False,short
2025-12-16,155.034,154.842,0.4380000000000166,-0.19499999999997886,time,0.18899999999997885,time,False,short
2025-12-17,154.771,155.152,0.6589999999999918,0.3780000000000002,time,-0.38400000000000023,time,False,long
2025-12-18,155.488,155.81,0.45999999999997954,0.3190000000000027,time,-0.32500000000000273,time,False,long
2025-12-19,155.579,155.994,0.6069999999999993,0.497,tp,-0.503,sl,False,long
2025-12-22,157.623,157.421,0.4309999999999832,-0.20499999999999818,time,0.19899999999999818,time,False,short
2025-12-23,156.92,156.462,0.5060000000000002,-0.4609999999999984,time,0.4549999999999984,time,False,short
2025-12-24,156.169,155.655,0.6809999999999832,-0.503,sl,0.497,tp,False,short
2025-12-29,156.485,156.305,0.4549999999999841,-0.18300000000000682,time,0.17700000000000682,time,False,short
2025-12-30,155.994,156.042,0.41399999999998727,0.045000000000001816,time,-0.05100000000000182,time,False,long
2025-12-31,156.394,156.592,0.30699999999998795,0.1950000000000075,time,-0.2010000000000075,time,False,long
2026-01-02,156.72,156.909,0.42500000000001137,0.18599999999999295,time,-0.19199999999999295,time,False,long
2026-01-05,156.998,157.18,0.3779999999999859,0.17900000000001637,time,-0.18500000000001637,time,False,long
2026-01-06,156.615,156.429,0.5589999999999975,-0.18900000000000705,time,0.18300000000000705,time,False,short
2026-01-07,156.663,156.386,0.4399999999999977,-0.28000000000001524,time,0.27400000000001523,time,False,short
2026-01-08,156.694,156.692,0.3240000000000123,-0.004999999999981128,time,-0.001000000000018872,time,False,short
2026-01-09,156.868,157.003,0.19300000000001205,0.1319999999999909,time,-0.1379999999999909,time,False,long
2026-01-12,158.137,158.004,0.6880000000000166,-0.503,sl,0.497,tp,False,short
2026-01-13,157.977,158.785,0.945999999999998,0.497,tp,-0.503,sl,False,long
2026-01-14,159.196,159.337,0.37000000000000455,0.13799999999999113,time,-0.14399999999999114,time,False,long
2026-01-15,158.424,158.432,0.4199999999999875,0.004999999999981355,time,-0.010999999999981355,time,False,long
2026-01-16,158.591,158.376,0.7439999999999998,-0.503,sl,0.497,tp,False,short
2026-01-19,157.554,157.897,0.5270000000000152,0.3399999999999893,time,-0.3459999999999893,time,False,long
2026-01-20,158.164,158.104,0.43199999999998795,-0.06299999999997385,time,0.05699999999997385,time,False,short
2026-01-21,158.153,158.206,0.4230000000000018,0.04999999999999727,time,-0.055999999999997274,time,False,long
2026-01-22,158.46,158.647,0.5219999999999914,0.1839999999999834,time,-0.1899999999999834,time,False,long
2026-01-23,158.488,158.625,0.3050000000000068,0.13400000000000045,time,-0.14000000000000046,time,False,long
2026-01-26,155.149,154.107,1.5360000000000014,-0.503,sl,0.497,tp,False,short
2026-01-27,154.386,154.502,0.554000000000002,0.11300000000001387,time,-0.11900000000001387,time,False,long
2026-01-28,152.49,152.628,0.632000000000005,0.497,tp,-0.503,sl,False,long
2026-01-29,153.084,153.018,0.6260000000000048,-0.0690000000000025,time,0.0630000000000025,time,False,short
2026-01-30,153.142,153.917,1.0570000000000164,0.497,tp,-0.503,sl,False,long
2026-02-02,155.225,154.892,0.6350000000000193,-0.3359999999999984,time,0.3299999999999984,time,False,short
2026-02-03,155.472,155.43,0.31799999999998363,-0.045000000000001594,time,0.03900000000000159,time,False,short
2026-02-04,155.806,156.301,0.5849999999999795,0.497,tp,-0.503,sl,False,long
2026-02-05,156.905,156.976,0.3009999999999877,0.06799999999999795,time,-0.07399999999999796,time,False,long
2026-02-06,156.804,156.759,0.3240000000000123,-0.04800000000001592,time,0.042000000000015913,time,False,short
2026-02-09,157.251,156.613,1.0840000000000032,-0.503,sl,0.497,tp,False,short
2026-02-10,156.127,155.302,1.2079999999999984,-0.503,sl,0.497,tp,False,short
2026-02-11,154.498,153.039,1.5199999999999818,-0.503,sl,0.497,tp,False,short
2026-02-12,153.268,153.102,1.1800000000000068,-0.503,sl,0.497,tp,False,short
2026-02-13,152.788,153.291,0.6629999999999825,0.497,tp,-0.503,sl,False,long
2026-02-16,152.798,153.196,0.48099999999999454,0.39499999999999613,time,-0.40099999999999614,time,False,long
2026-02-17,153.55,152.956,0.6850000000000023,-0.503,sl,0.497,tp,False,short
2026-02-18,153.13,153.457,0.6310000000000002,0.497,tp,-0.503,sl,False,long
2026-02-19,154.687,155.304,0.7110000000000127,0.497,tp,-0.503,sl,False,long
2026-02-20,155.196,155.292,0.46700000000001296,0.09300000000000364,time,-0.09900000000000364,time,False,long
2026-02-23,154.342,154.437,0.4919999999999902,0.09199999999999886,time,-0.09799999999999887,time,False,long
2026-02-24,154.66,155.166,0.6890000000000214,0.497,tp,-0.503,sl,False,long
2026-02-25,155.91,155.596,0.6980000000000075,-0.503,sl,0.497,tp,False,short
2026-02-26,156.168,155.94,0.5310000000000059,-0.23100000000000864,time,0.22500000000000864,time,False,short
2026-02-27,155.857,155.83,0.45000000000001705,-0.02999999999998681,time,0.023999999999986813,time,False,short
2026-03-02,156.633,156.831,0.6980000000000075,0.19499999999997908,time,-0.20099999999997908,time,False,long
2026-03-03,157.27,157.396,0.42199999999999704,0.12299999999997635,time,-0.12899999999997636,time,False,long
2026-03-05,156.977,157.19,0.7680000000000007,-0.503,sl,0.497,tp,False,long
2026-03-06,157.564,157.842,0.492999999999995,0.27500000000002,time,-0.28100000000002,time,False,long
2026-03-16,159.56,159.343,0.38700000000000045,-0.22000000000001296,time,0.21400000000001296,time,False,short
2026-03-17,159.133,159.439,0.3329999999999984,0.30299999999998317,time,-0.3089999999999832,time,False,long
2026-03-18,158.908,158.699,0.48500000000001364,-0.21199999999997476,time,0.20599999999997476,time,False,short
2026-03-19,159.816,159.709,0.30400000000000205,-0.10999999999999932,time,0.10399999999999932,time,False,short
2026-03-20,157.93,158.429,0.6839999999999975,0.497,tp,-0.503,sl,False,long
2026-03-23,159.148,159.567,0.603999999999985,0.41600000000001114,time,-0.42200000000001114,time,False,long
2026-03-24,158.482,158.625,0.35900000000000887,0.14000000000000068,time,-0.14600000000000068,time,False,long
2026-03-25,158.703,158.991,0.44599999999999795,0.2850000000000109,time,-0.2910000000000109,time,False,long
2026-03-26,159.39,159.487,0.20699999999999363,0.09400000000000841,time,-0.10000000000000842,time,False,long
2026-03-27,159.723,159.625,0.31100000000000705,-0.10100000000001319,time,0.09500000000001319,time,False,short
2026-03-30,160.232,159.728,0.5939999999999941,-0.503,sl,0.497,tp,False,short
2026-03-31,159.844,159.612,0.4900000000000091,-0.23499999999999932,time,0.22899999999999932,time,False,short
2026-04-01,158.585,158.676,0.5589999999999975,0.08799999999997976,time,-0.09399999999997977,time,False,long
2026-04-02,158.712,159.44,0.896000000000015,0.497,tp,-0.503,sl,False,long
2026-04-03,159.493,159.651,0.28300000000001546,0.15500000000001546,time,-0.16100000000001546,time,False,long
2026-04-06,159.78,159.57,0.2769999999999868,-0.21300000000000796,time,0.20700000000000796,time,False,short
2026-04-07,159.694,159.769,0.2539999999999907,0.07200000000001705,time,-0.07800000000001706,time,False,long
2026-04-08,158.717,158.276,0.6419999999999959,-0.503,sl,0.497,tp,False,short
2026-04-09,158.651,158.844,0.3340000000000032,0.18999999999998363,time,-0.19599999999998363,time,False,long
2026-04-10,159.093,159.256,0.24899999999999523,0.1600000000000109,time,-0.16600000000001092,time,False,long
2026-04-13,159.679,159.677,0.19300000000001205,-0.00500000000000955,time,-0.0009999999999904504,time,False,short
2026-04-14,159.22,159.13,0.3760000000000048,-0.09300000000000341,time,0.08700000000000341,time,False,short
2026-04-15,158.802,158.961,0.3240000000000123,0.15600000000002023,time,-0.16200000000002024,time,False,long
2026-04-16,158.815,158.848,0.592000000000013,-0.503,sl,0.497,tp,False,long
2026-04-17,159.209,159.48,0.3499999999999943,0.2679999999999866,time,-0.2739999999999866,time,False,long
2026-04-20,159.153,158.947,0.36599999999998545,-0.20899999999998886,time,0.20299999999998886,time,False,short
2026-04-21,158.848,158.904,0.16100000000000136,0.05299999999998317,time,-0.05899999999998318,time,False,long
2026-04-22,159.381,159.23,0.2990000000000066,-0.15400000000001046,time,0.14800000000001046,time,False,short
2026-04-23,159.486,159.535,0.38900000000001,0.04600000000000659,time,-0.052000000000006597,time,False,long
2026-04-24,159.754,159.769,0.16599999999999682,0.01200000000001478,time,-0.01800000000001478,time,False,long
2026-04-29,159.557,159.708,0.19300000000001205,0.14800000000001046,time,-0.15400000000001046,time,False,long
2026-04-30,160.198,160.653,0.5809999999999889,0.4519999999999841,time,-0.4579999999999841,time,False,long
2026-05-01,156.988,157.277,0.36199999999999477,0.28599999999998726,time,-0.29199999999998727,time,False,long
2026-05-07,156.522,156.373,0.5060000000000002,-0.503,sl,0.497,tp,False,short
2026-05-08,156.857,156.832,0.2220000000000084,-0.028000000000005684,time,0.022000000000005685,time,False,short
2026-05-11,156.864,157.133,0.3400000000000034,0.26600000000000545,time,-0.27200000000000546,time,False,long
2026-05-12,157.238,157.306,1.021000000000015,0.497,tp,-0.503,sl,True,long
2026-05-13,157.673,157.683,0.2189999999999941,0.006999999999990905,time,-0.012999999999990904,time,False,long
2026-05-14,157.858,157.907,0.4779999999999802,0.04600000000000659,time,-0.052000000000006597,time,False,long
2026-05-15,158.381,158.608,0.3200000000000216,0.22400000000000386,time,-0.23000000000000387,time,False,long
2026-05-18,158.849,158.946,0.26900000000000546,0.09400000000000841,time,-0.10000000000000842,time,False,long
2026-05-19,158.869,159.007,0.17500000000001137,0.13500000000000523,time,-0.14100000000000523,time,False,long
2026-05-20,159.043,158.971,0.2839999999999918,-0.07500000000000273,time,0.06900000000000273,time,False,short
2026-05-21,158.887,159.007,0.24200000000001864,0.11700000000000454,time,-0.12300000000000455,time,False,long
2026-05-22,159.026,159.129,0.132000000000005,0.09999999999998022,time,-0.10599999999998022,time,False,long
2026-05-26,158.952,159.026,0.1220000000000141,0.07100000000001228,time,-0.07700000000001228,time,False,long
2026-05-27,159.251,159.347,0.17399999999997817,0.09300000000000364,time,-0.09900000000000364,time,False,long
2026-05-28,159.572,159.556,0.12700000000000955,-0.01899999999999113,time,0.012999999999991133,time,False,short
2026-05-29,159.27,159.311,0.13100000000000023,0.037999999999996814,time,-0.04399999999999682,time,False,long
2026-06-01,159.36,159.459,0.13700000000000045,0.09599999999998954,time,-0.10199999999998954,time,False,long
2026-06-02,159.644,159.738,0.10600000000002296,0.09099999999999409,time,-0.09699999999999409,time,False,long
2026-06-03,159.982,159.925,0.16800000000000637,-0.05999999999998795,time,0.05399999999998795,time,False,short
2026-06-04,159.947,159.884,0.3919999999999959,-0.0660000000000166,time,0.060000000000016596,time,False,short
2026-06-05,159.993,159.962,0.10800000000000409,-0.034000000000005914,time,0.028000000000005913,time,False,short
2026-06-08,160.337,160.26,0.1869999999999834,-0.07999999999999818,time,0.07399999999999818,time,False,short
2026-06-09,160.183,160.15,0.1699999999999875,-0.03599999999998704,time,0.02999999999998704,time,False,short
2026-06-10,160.392,160.344,0.19900000000001228,-0.05100000000000182,time,0.045000000000001816,time,False,short
2026-06-11,160.53,160.543,0.12299999999999045,0.01000000000000523,time,-0.01600000000000523,time,False,long
2026-06-12,160.138,160.343,0.2230000000000132,0.20199999999998408,time,-0.2079999999999841,time,False,long
2026-06-15,159.958,160.049,0.34799999999998477,0.08800000000000818,time,-0.09400000000000819,time,False,long
2026-06-16,160.244,160.291,0.29699999999999704,0.04399999999999704,time,-0.04999999999999705,time,False,long
2026-06-17,160.422,160.324,0.16800000000000637,-0.10099999999998477,time,0.09499999999998476,time,False,short
2026-06-18,160.604,160.642,0.2150000000000034,0.03499999999998249,time,-0.040999999999982495,time,False,long
2026-06-19,161.298,161.338,0.46999999999999886,0.03699999999999204,time,-0.042999999999992045,time,False,long
2026-06-22,161.439,161.699,0.28299999999998704,0.2570000000000193,time,-0.26300000000001933,time,False,long
2026-06-23,161.575,161.65,0.16200000000000614,0.07200000000001705,time,-0.07800000000001706,time,False,long
2026-06-26,161.803,161.541,0.3089999999999975,-0.26500000000000046,time,0.25900000000000045,time,False,short
2026-06-29,161.794,161.801,0.09600000000000364,0.0039999999999765804,time,-0.00999999999997658,time,False,long
2026-06-30,161.923,162.288,0.47800000000000864,0.3620000000000091,time,-0.3680000000000091,time,False,long
2026-07-01,162.633,162.727,0.27600000000001046,0.09099999999999409,time,-0.09699999999999409,time,False,long
2026-07-02,162.546,162.331,0.28000000000000114,-0.2180000000000034,time,0.2120000000000034,time,False,short
2026-07-03,161.456,161.163,0.6029999999999802,-0.503,sl,0.497,tp,False,short
2026-07-06,161.458,162.079,0.6290000000000191,0.497,tp,-0.503,sl,False,long
2026-07-07,162.094,161.87,0.5010000000000048,-0.22699999999998954,time,0.22099999999998954,time,False,short
2026-07-08,162.363,162.298,0.2510000000000048,-0.06799999999999773,time,0.061999999999997724,time,False,short
2026-07-09,162.541,162.37,0.23099999999999454,-0.17399999999999227,time,0.16799999999999227,time,False,short
2026-07-13,161.885,162.074,0.2920000000000016,0.18600000000002137,time,-0.19200000000002138,time,False,long
