day,entry,close,range,R_long,why_long,R_short,why_short,both_touch,real_dir
2021-01-04,103.247,103.026,0.4960000000000093,-0.22400000000000364,time,0.21800000000000364,time,False,short
2021-01-06,102.684,103.174,0.6099999999999994,0.497,tp,-0.503,sl,False,long
2021-01-07,103.021,103.624,0.7980000000000018,0.497,tp,-0.503,sl,False,long
2021-01-13,103.749,103.87,0.45299999999998875,0.11800000000000932,time,-0.12400000000000932,time,False,long
2021-01-14,103.827,104.064,0.39799999999999613,0.23399999999999477,time,-0.23999999999999477,time,False,long
2021-01-15,103.838,103.757,0.23799999999999955,-0.08399999999998886,time,0.07799999999998886,time,False,short
2021-01-18,103.916,103.724,0.242999999999995,-0.19499999999999307,time,0.18899999999999306,time,False,short
2021-01-19,103.705,103.917,0.4329999999999927,0.2090000000000033,time,-0.2150000000000033,time,False,long
2021-01-20,103.898,103.746,0.2150000000000034,-0.15500000000000103,time,0.14900000000000102,time,False,short
2021-01-21,103.557,103.577,0.3410000000000082,0.016999999999996022,time,-0.02299999999999602,time,False,long
2021-01-25,103.789,103.772,0.21800000000000352,-0.019999999999995906,time,0.013999999999995908,time,False,short
2021-01-26,103.763,103.774,0.17100000000000648,0.00799999999999568,time,-0.013999999999995679,time,False,long
2021-01-27,103.599,103.981,0.44299999999999784,0.3789999999999908,time,-0.3849999999999908,time,False,long
2021-01-28,104.142,104.287,0.32800000000000296,0.14200000000001023,time,-0.14800000000001023,time,False,long
2021-02-01,104.715,104.938,0.367999999999995,0.21999999999999897,time,-0.22599999999999898,time,False,long
2021-02-03,105.03,105.036,0.18200000000000216,0.0030000000000002273,time,-0.009000000000000227,time,False,long
2021-02-04,104.996,105.306,0.3640000000000043,0.30700000000000227,time,-0.3130000000000023,time,False,long
2021-02-05,105.574,105.615,0.3370000000000033,0.037999999999996814,time,-0.04399999999999682,time,False,long
2021-02-08,105.395,105.481,0.25900000000000034,0.08299999999999852,time,-0.08899999999999852,time,False,long
2021-02-10,104.583,104.638,0.4339999999999975,0.05200000000000682,time,-0.058000000000006824,time,False,long
2021-02-11,104.618,104.706,0.21399999999999864,0.08500000000000807,time,-0.09100000000000807,time,False,long
2021-02-12,104.751,105.071,0.38700000000000045,0.3169999999999932,time,-0.3229999999999932,time,False,long
2021-02-15,105.065,105.389,0.4380000000000024,0.32099999999999806,time,-0.32699999999999807,time,False,long
2021-02-19,105.653,105.426,0.5020000000000095,-0.23000000000000387,time,0.22400000000000386,time,False,short
2021-02-24,105.296,106.0,0.8299999999999983,0.497,tp,-0.503,sl,False,long
2021-02-25,105.958,106.152,0.35200000000000387,0.1910000000000026,time,-0.19700000000000262,time,False,long
2021-02-26,106.39,106.307,0.671999999999997,-0.503,sl,0.497,tp,False,short
2021-03-01,106.48,106.647,0.4099999999999966,0.1640000000000016,time,-0.1700000000000016,time,False,long
2021-03-02,106.844,106.922,0.23299999999998988,0.07500000000000295,time,-0.08100000000000296,time,False,long
2021-03-03,106.758,106.886,0.3299999999999983,0.1250000000000001,time,-0.13100000000000012,time,False,long
2021-03-05,107.949,108.463,0.8250000000000028,0.497,tp,-0.503,sl,False,long
2021-03-08,108.404,108.691,0.42799999999999727,0.28400000000000614,time,-0.29000000000000614,time,False,long
2021-03-09,108.927,108.876,0.6730000000000018,-0.054000000000001935,time,0.04800000000000193,time,False,short
2021-03-10,108.576,108.469,0.4899999999999949,-0.10999999999999932,time,0.10399999999999932,time,False,short
2021-03-11,108.451,108.565,0.4550000000000125,0.11100000000000432,time,-0.11700000000000432,time,False,long
2021-03-12,108.572,109.08,0.6490000000000009,0.497,tp,-0.503,sl,False,long
2021-03-15,109.116,109.218,0.45000000000000284,0.09900000000000386,time,-0.10500000000000387,time,False,long
2021-03-16,109.125,108.839,0.5160000000000053,-0.28900000000000137,time,0.28300000000000136,time,False,short
2021-03-17,109.03,109.188,0.23900000000000432,0.15500000000000125,time,-0.16100000000000125,time,False,long
2021-03-18,108.899,109.176,0.679000000000002,0.274000000000001,time,-0.280000000000001,time,False,long
2021-03-19,108.93,109.003,0.5210000000000008,0.06999999999999329,time,-0.0759999999999933,time,False,long
2021-03-22,108.875,108.766,0.3370000000000033,-0.11199999999999466,time,0.10599999999999465,time,False,short
2021-03-23,108.778,108.634,0.4680000000000035,-0.14700000000000546,time,0.14100000000000545,time,False,short
2021-03-24,108.518,108.88,0.5060000000000002,0.35899999999999477,time,-0.3649999999999948,time,False,long
2021-03-25,108.788,109.101,0.37699999999999534,0.3100000000000024,time,-0.3160000000000024,time,False,long
2021-03-26,109.177,109.807,0.7179999999999893,0.497,tp,-0.503,sl,False,long
2021-03-29,109.791,109.694,0.4210000000000065,-0.0999999999999942,time,0.0939999999999942,time,False,short
2021-03-30,109.837,110.345,0.6059999999999945,0.497,tp,-0.503,sl,False,long
2021-04-01,110.758,110.705,0.2779999999999916,-0.055999999999997274,time,0.04999999999999727,time,False,short
2021-04-02,110.612,110.67,0.375,0.05500000000000693,time,-0.06100000000000694,time,False,long
2021-04-05,110.679,110.259,0.4690000000000083,-0.4230000000000017,time,0.4170000000000017,time,False,short
2021-04-06,110.195,109.842,0.882000000000005,-0.503,sl,0.497,tp,False,short
2021-04-07,109.796,109.835,0.36299999999999955,0.035999999999987264,time,-0.04199999999998727,time,False,long
2021-04-08,109.856,109.105,0.9060000000000059,-0.503,sl,0.497,tp,False,short
2021-04-09,109.332,109.76,0.7469999999999999,0.497,tp,-0.503,sl,False,long
2021-04-12,109.72,109.434,0.5249999999999915,-0.28900000000000137,time,0.28300000000000136,time,False,short
2021-04-13,109.381,109.213,0.6240000000000094,-0.17100000000000637,time,0.16500000000000636,time,False,short
2021-04-14,108.924,109.064,0.3429999999999893,0.13699999999998635,time,-0.14299999999998636,time,False,long
2021-04-15,108.893,108.718,0.3079999999999927,-0.17799999999999716,time,0.17199999999999716,time,False,short
2021-04-16,108.69,108.862,0.3539999999999992,0.16899999999999704,time,-0.17499999999999705,time,False,long
2021-04-19,108.723,108.248,0.7569999999999908,-0.503,sl,0.497,tp,False,short
2021-04-20,108.108,108.285,0.578000000000003,0.1739999999999925,time,-0.1799999999999925,time,False,long
2021-04-21,108.132,108.128,0.4060000000000059,-0.007000000000004889,time,0.0010000000000048885,time,False,short
2021-04-22,108.042,108.056,0.3149999999999977,0.010999999999995794,time,-0.016999999999995793,time,False,long
2021-04-23,107.986,107.795,0.5139999999999958,-0.503,sl,0.497,tp,False,short
2021-04-26,107.881,108.015,0.5250000000000057,0.13100000000000034,time,-0.13700000000000034,time,False,long
2021-04-27,108.199,108.418,0.3399999999999892,0.2160000000000083,time,-0.2220000000000083,time,False,long
2021-04-28,108.749,108.896,0.35299999999999443,0.14400000000000557,time,-0.15000000000000557,time,False,long
2021-04-29,108.505,109.191,0.7879999999999967,0.497,tp,-0.503,sl,False,long
2021-04-30,108.904,109.005,0.34600000000000364,0.09799999999999909,time,-0.1039999999999991,time,False,long
2021-05-03,109.285,109.148,0.546999999999997,-0.14000000000000046,time,0.13400000000000045,time,False,short
2021-05-04,109.088,109.128,0.44599999999999795,0.03700000000000625,time,-0.043000000000006255,time,False,long
2021-05-05,109.331,109.259,0.3370000000000033,-0.07500000000000273,time,0.06900000000000273,time,False,short
2021-05-06,109.22,109.203,0.3669999999999902,-0.019999999999995906,time,0.013999999999995908,time,False,short
2021-05-07,109.05,108.702,0.9500000000000028,-0.503,sl,0.497,tp,False,short
2021-05-10,108.574,108.787,0.5,0.21000000000000807,time,-0.21600000000000807,time,False,long
2021-05-11,108.848,108.556,0.6329999999999956,-0.2950000000000016,time,0.2890000000000016,time,False,short
2021-05-13,109.664,109.53,0.3050000000000068,-0.13700000000000034,time,0.13100000000000034,time,False,short
2021-05-14,109.517,109.283,0.46999999999999886,-0.23699999999999466,time,0.23099999999999465,time,False,short
2021-05-17,109.42,109.177,0.4280000000000115,-0.245999999999995,time,0.239999999999995,time,False,short
2021-05-19,108.868,108.771,0.6019999999999897,-0.0999999999999942,time,0.0939999999999942,time,False,short
2021-05-20,109.261,108.834,0.5080000000000098,-0.4299999999999925,time,0.4239999999999925,time,False,short
2021-05-21,108.862,108.877,0.32800000000000296,0.01200000000000057,time,-0.018000000000000568,time,False,long
2021-05-24,108.914,108.782,0.2960000000000065,-0.135000000000005,time,0.129000000000005,time,False,short
2021-05-25,108.847,108.918,0.5109999999999957,0.06800000000001216,time,-0.07400000000001217,time,False,long
2021-05-26,108.794,108.948,0.3329999999999984,0.15099999999999636,time,-0.15699999999999636,time,False,long
2021-05-27,109.171,109.47,0.5100000000000051,0.2959999999999924,time,-0.3019999999999924,time,False,long
2021-05-28,109.81,110.017,0.4019999999999868,0.20399999999999363,time,-0.20999999999999364,time,False,long
2021-06-03,109.595,110.098,0.5949999999999989,0.497,tp,-0.503,sl,False,long
2021-06-04,110.291,109.504,0.8440000000000083,-0.503,sl,0.497,tp,False,short
2021-06-07,109.618,109.201,0.45000000000000284,-0.4200000000000016,time,0.4140000000000016,time,False,short
2021-06-08,109.272,109.445,0.36000000000001364,0.1699999999999876,time,-0.1759999999999876,time,False,long
2021-06-09,109.47,109.287,0.2839999999999918,-0.18599999999999273,time,0.17999999999999272,time,False,short
2021-06-10,109.614,109.638,0.3439999999999941,0.02100000000000091,time,-0.02700000000000091,time,False,long
2021-06-11,109.393,109.718,0.4210000000000065,0.32200000000000284,time,-0.32800000000000284,time,False,long
2021-06-14,109.715,109.911,0.3399999999999892,0.19299999999999795,time,-0.19899999999999796,time,False,long
2021-06-15,110.043,110.097,0.1799999999999926,0.05099999999998783,time,-0.05699999999998784,time,False,long
2021-06-16,110.081,109.885,0.3370000000000033,-0.19899999999999796,time,0.19299999999999795,time,False,short
2021-06-17,110.772,110.44,0.45600000000000307,-0.33500000000000785,time,0.32900000000000784,time,False,short
2021-06-18,110.324,110.428,0.5079999999999956,0.1009999999999992,time,-0.1069999999999992,time,False,long
2021-06-21,110.204,110.11,0.5409999999999968,-0.09699999999999409,time,0.09099999999999409,time,False,short
2021-06-22,110.378,110.452,0.2609999999999957,0.07099999999999806,time,-0.07699999999999807,time,False,long
2021-06-23,110.653,111.036,0.46000000000000796,0.37999999999999556,time,-0.38599999999999557,time,False,long
2021-06-24,111.013,110.86,0.355000000000004,-0.1560000000000058,time,0.1500000000000058,time,False,short
2021-06-28,110.81,110.747,0.3610000000000042,-0.06600000000000239,time,0.060000000000002385,time,False,short
2021-06-29,110.605,110.591,0.2820000000000107,-0.017000000000010004,time,0.011000000000010005,time,False,short
2021-06-30,110.535,110.68,0.3119999999999976,0.14200000000001023,time,-0.14800000000001023,time,False,long
2021-07-01,111.131,111.392,0.6000000000000085,0.2579999999999957,time,-0.2639999999999957,time,False,long
2021-07-02,111.571,111.247,0.5060000000000002,-0.32699999999999807,time,0.32099999999999806,time,False,short
2021-07-05,111.141,110.954,0.39299999999998647,-0.19000000000001183,time,0.18400000000001182,time,False,short
2021-07-06,110.917,110.735,0.3340000000000032,-0.18500000000000216,time,0.17900000000000216,time,False,short
2021-07-07,110.601,110.697,0.42199999999999704,0.09300000000000364,time,-0.09900000000000364,time,False,long
2021-07-08,110.634,109.669,1.0480000000000018,-0.503,sl,0.497,tp,False,short
2021-07-09,109.802,110.144,0.4350000000000023,0.33899999999999875,time,-0.34499999999999875,time,False,long
2021-07-12,110.217,110.335,0.4170000000000016,0.114999999999995,time,-0.120999999999995,time,False,long
2021-07-13,110.329,110.415,0.35899999999999466,0.08300000000001273,time,-0.08900000000001274,time,False,long
2021-07-14,110.597,110.077,0.637999999999991,-0.503,sl,0.497,tp,False,short
2021-07-15,109.996,109.897,0.375,-0.10199999999998954,time,0.09599999999998954,time,False,short
2021-07-16,109.777,110.315,0.6080000000000041,0.497,tp,-0.503,sl,False,long
2021-07-19,109.876,109.203,0.9699999999999989,-0.503,sl,0.497,tp,False,short
2021-07-20,109.528,109.586,0.4170000000000016,0.05499999999999272,time,-0.06099999999999273,time,False,long
2021-07-21,109.917,110.227,0.5870000000000033,0.30700000000000227,time,-0.3130000000000023,time,False,long
2021-07-22,110.248,110.172,0.3439999999999941,-0.07900000000000762,time,0.07300000000000761,time,False,short
2021-07-23,110.141,110.416,0.4759999999999991,0.27199999999999147,time,-0.2779999999999915,time,False,long
2021-07-26,110.543,110.311,0.46699999999999875,-0.23499999999999932,time,0.22899999999999932,time,False,short
2021-07-27,110.307,110.126,0.35299999999999443,-0.1839999999999974,time,0.17799999999999738,time,False,short
2021-07-28,109.807,109.976,0.242999999999995,0.16599999999999693,time,-0.17199999999999693,time,False,long
2021-07-29,109.89,109.755,0.30700000000000216,-0.13800000000000512,time,0.1320000000000051,time,False,short
2021-07-30,109.41,109.525,0.2669999999999959,0.11200000000000909,time,-0.1180000000000091,time,False,long
2021-08-03,109.271,108.902,0.4579999999999984,-0.3719999999999998,time,0.36599999999999977,time,False,short
2021-08-04,108.989,109.166,0.3100000000000023,0.1739999999999925,time,-0.1799999999999925,time,False,long
2021-08-05,109.534,109.592,0.2389999999999901,0.05499999999999272,time,-0.06099999999999273,time,False,long
2021-08-06,109.753,110.278,0.5840000000000032,0.497,tp,-0.503,sl,False,long
2021-08-09,110.263,110.141,0.2739999999999867,-0.12499999999999989,time,0.11899999999999988,time,False,short
2021-08-10,110.322,110.488,0.2459999999999951,0.16299999999999681,time,-0.16899999999999682,time,False,long
2021-08-11,110.598,110.516,0.3709999999999951,-0.08499999999999364,time,0.07899999999999363,time,False,short
2021-08-12,110.374,110.485,0.23100000000000875,0.1080000000000042,time,-0.11400000000000421,time,False,long
2021-08-13,110.402,110.107,0.36299999999999955,-0.2980000000000017,time,0.2920000000000017,time,False,short
2021-08-16,109.627,109.172,0.5139999999999958,-0.503,sl,0.497,tp,False,short
2021-08-17,109.299,109.436,0.44899999999999807,0.13400000000000045,time,-0.14000000000000046,time,False,long
2021-08-18,109.537,109.797,0.4000000000000057,0.2569999999999909,time,-0.2629999999999909,time,False,long
2021-08-19,109.84,109.727,0.7449999999999903,-0.11599999999999955,time,0.10999999999999954,time,False,short
2021-08-20,109.769,109.827,0.3160000000000025,0.05499999999999272,time,-0.06099999999999273,time,False,long
2021-08-23,109.841,110.13,0.33899999999999864,0.2860000000000015,time,-0.2920000000000015,time,False,long
2021-08-24,109.676,109.794,0.23699999999999477,0.114999999999995,time,-0.120999999999995,time,False,long
2021-08-25,109.727,109.98,0.3650000000000091,0.2500000000000001,time,-0.2560000000000001,time,False,long
2021-08-27,110.048,110.154,0.38299999999999557,0.10299999999999454,time,-0.10899999999999455,time,False,long
2021-08-30,109.862,109.835,0.17499999999999716,-0.030000000000001022,time,0.024000000000001024,time,False,short
2021-08-31,109.946,109.936,0.18499999999998806,-0.012999999999990904,time,0.006999999999990905,time,False,short
2021-09-01,110.056,109.93,0.5390000000000015,-0.12899999999999057,time,0.12299999999999056,time,False,short
2021-09-02,110.092,109.996,0.20699999999999363,-0.09900000000000364,time,0.09300000000000364,time,False,short
2021-09-03,109.946,109.686,0.44000000000001194,-0.2629999999999909,time,0.2569999999999909,time,False,short
2021-09-06,109.779,109.852,0.20000000000000284,0.0700000000000075,time,-0.0760000000000075,time,False,long
2021-09-07,109.823,110.119,0.4440000000000026,0.2930000000000065,time,-0.2990000000000065,time,False,long
2021-09-08,110.297,110.317,0.3049999999999926,0.016999999999996022,time,-0.02299999999999602,time,False,long
2021-09-09,110.22,109.861,0.4759999999999991,-0.36199999999999466,time,0.35599999999999465,time,False,short
2021-09-10,109.771,109.876,0.2960000000000065,0.10200000000000398,time,-0.10800000000000398,time,False,long
2021-09-13,109.916,109.951,0.23599999999999,0.03199999999999659,time,-0.03799999999999659,time,False,long
2021-09-14,109.995,109.815,0.37300000000000466,-0.18300000000000682,time,0.17700000000000682,time,False,short
2021-09-15,109.714,109.305,0.6310000000000002,-0.503,sl,0.497,tp,False,short
2021-09-16,109.382,109.668,0.5799999999999983,0.28300000000000136,time,-0.28900000000000137,time,False,long
2021-09-20,109.978,109.624,0.6059999999999945,-0.503,sl,0.497,tp,False,short
2021-09-21,109.435,109.31,0.4939999999999998,-0.128,time,0.122,time,False,short
2021-09-22,109.152,109.557,0.5010000000000048,0.40200000000000113,time,-0.40800000000000114,time,False,long
2021-09-23,109.822,110.06,0.3790000000000049,0.23499999999999954,time,-0.24099999999999955,time,False,long
2021-09-24,110.328,110.681,0.3849999999999909,0.3499999999999944,time,-0.35599999999999443,time,False,long
2021-09-27,110.766,110.829,0.5309999999999917,0.059999999999988174,time,-0.06599999999998818,time,False,long
2021-09-28,110.963,111.533,0.7040000000000077,0.497,tp,-0.503,sl,False,long
2021-09-29,111.526,111.602,0.47800000000000864,0.07300000000000761,time,-0.07900000000000762,time,False,long
2021-09-30,111.936,111.784,0.37300000000000466,-0.15500000000000103,time,0.14900000000000102,time,False,short
2021-10-01,111.463,110.95,0.5819999999999936,-0.503,sl,0.497,tp,False,short
2021-10-04,110.949,111.143,0.41800000000000637,0.1910000000000026,time,-0.19700000000000262,time,False,long
2021-10-05,110.968,111.368,0.5520000000000067,0.39699999999999147,time,-0.4029999999999915,time,False,long
2021-10-06,111.485,111.31,0.5090000000000003,-0.17799999999999716,time,0.17199999999999716,time,False,short
2021-10-07,111.404,111.442,0.3230000000000075,0.0349999999999967,time,-0.040999999999996706,time,False,long
2021-10-08,111.661,111.857,0.48799999999999955,0.19299999999999795,time,-0.19899999999999796,time,False,long
2021-10-11,112.273,112.911,0.7789999999999964,0.497,tp,-0.503,sl,False,long
2021-10-12,113.387,113.498,0.7279999999999944,0.1080000000000042,time,-0.11400000000000421,time,False,long
2021-10-13,113.537,113.424,0.3790000000000049,-0.11599999999999955,time,0.10999999999999954,time,False,short
2021-10-15,113.831,114.386,0.652000000000001,0.497,tp,-0.503,sl,False,long
2021-10-18,114.331,114.212,0.4369999999999976,-0.12199999999999978,time,0.11599999999999977,time,False,short
2021-10-19,114.286,114.171,0.4749999999999943,-0.11799999999999489,time,0.11199999999999488,time,False,short
2021-10-20,114.544,114.255,0.5769999999999982,-0.2920000000000015,time,0.2860000000000015,time,False,short
2021-10-21,114.386,113.775,0.7590000000000003,-0.503,sl,0.497,tp,False,short
2021-10-22,113.846,113.748,0.4960000000000093,-0.10099999999999898,time,0.09499999999999897,time,False,short
2021-10-25,113.669,113.69,0.4089999999999918,0.018000000000000797,time,-0.024000000000000795,time,False,long
2021-10-26,113.763,114.149,0.48499999999999943,0.3829999999999957,time,-0.3889999999999957,time,False,long
2021-10-27,114.183,113.496,0.8329999999999984,-0.503,sl,0.497,tp,False,short
2021-10-28,113.77,113.466,0.5120000000000005,-0.30700000000000205,time,0.30100000000000204,time,False,short
2021-10-29,113.617,113.941,0.5870000000000033,0.32099999999999806,time,-0.32699999999999807,time,False,long
2021-11-01,114.236,114.178,0.41799999999999216,-0.06100000000000694,time,0.05500000000000693,time,False,short
2021-11-02,114.089,113.759,0.6710000000000065,-0.503,sl,0.497,tp,False,short
2021-11-03,113.964,113.951,0.2710000000000008,-0.01600000000000523,time,0.01000000000000523,time,False,short
2021-11-04,114.068,113.912,0.5190000000000055,-0.1589999999999917,time,0.1529999999999917,time,False,short
2021-11-05,113.833,113.83,0.36299999999999955,-0.006000000000000114,time,1.1362438767648086e-16,time,False,short
2021-11-08,113.474,113.477,0.22800000000000864,1.1362438767648086e-16,time,-0.006000000000000114,time,False,long
2021-11-09,113.254,112.874,0.5370000000000061,-0.503,sl,0.497,tp,False,short
2021-11-10,112.914,113.444,0.715999999999994,0.497,tp,-0.503,sl,False,long
2021-11-11,113.905,113.873,0.347999999999999,-0.03499999999999648,time,0.028999999999996477,time,False,short
2021-11-12,114.042,113.959,0.3789999999999907,-0.08599999999999841,time,0.0799999999999984,time,False,short
2021-11-15,113.981,113.872,0.2599999999999909,-0.11199999999999466,time,0.10599999999999465,time,False,short
2021-11-16,114.129,114.425,0.3359999999999985,0.29299999999999227,time,-0.29899999999999227,time,False,long
2021-11-17,114.903,114.731,0.3830000000000098,-0.17500000000001126,time,0.16900000000001125,time,False,short
2021-11-18,114.19,114.355,0.41500000000000625,0.16200000000000625,time,-0.16800000000000626,time,False,long
2021-11-19,114.282,113.813,0.953000000000003,-0.503,sl,0.497,tp,False,short
2021-11-22,114.142,114.149,0.2469999999999999,0.004000000000005002,time,-0.010000000000005001,time,False,long
2021-11-23,114.788,114.982,0.6710000000000065,0.1910000000000026,time,-0.19700000000000262,time,False,long
2021-11-24,115.141,115.162,0.4299999999999926,0.018000000000000797,time,-0.024000000000000795,time,False,long
2021-11-25,115.407,115.347,0.14399999999999125,-0.06300000000000228,time,0.05700000000000227,time,False,short
2021-11-26,115.074,113.862,1.3229999999999933,-0.503,sl,0.497,tp,False,short
2021-11-29,113.719,113.78,0.6440000000000055,0.058000000000007046,time,-0.06400000000000705,time,False,long
2021-11-30,113.804,112.805,1.2090000000000032,-0.503,sl,0.497,tp,False,short
2021-12-01,113.3,113.137,0.5250000000000057,-0.1659999999999967,time,0.1599999999999967,time,False,short
2021-12-02,112.879,113.205,0.5139999999999958,0.3229999999999934,time,-0.3289999999999934,time,False,long
2021-12-03,113.021,113.417,0.4969999999999999,0.3930000000000008,time,-0.3990000000000008,time,False,long
2021-12-06,113.044,113.22,0.5240000000000009,0.17300000000000193,time,-0.17900000000000194,time,False,long
2021-12-09,113.684,113.343,0.5390000000000015,-0.343999999999994,time,0.33799999999999397,time,False,short
2021-12-10,113.439,113.51,0.4609999999999985,0.06800000000001216,time,-0.07400000000001217,time,False,long
2021-12-13,113.513,113.642,0.2810000000000059,0.12599999999999068,time,-0.13199999999999068,time,False,long
2021-12-14,113.578,113.554,0.3269999999999982,-0.02700000000000091,time,0.02100000000000091,time,False,short
2021-12-15,113.739,113.84,0.26900000000000546,0.09799999999999909,time,-0.1039999999999991,time,False,long
2021-12-16,114.142,114.122,0.2120000000000033,-0.02299999999999602,time,0.016999999999996022,time,False,short
2021-12-17,113.664,113.334,0.7189999999999941,-0.503,sl,0.497,tp,False,short
2021-12-20,113.516,113.521,0.367999999999995,0.0019999999999954525,time,-0.007999999999995452,time,False,long
2021-12-21,113.664,113.764,0.22699999999998965,0.09699999999999431,time,-0.10299999999999432,time,False,long
2021-12-22,113.993,114.179,0.3410000000000082,0.18300000000000705,time,-0.18900000000000705,time,False,long
2021-12-23,114.126,114.302,0.30700000000000216,0.17300000000000193,time,-0.17900000000000194,time,False,long
2021-12-24,114.461,114.363,0.21299999999999386,-0.10099999999999898,time,0.09499999999999897,time,False,short
2021-12-27,114.34,114.742,0.4309999999999974,0.399000000000001,time,-0.405000000000001,time,False,long
2021-12-28,114.791,114.725,0.23900000000000432,-0.0690000000000025,time,0.0630000000000025,time,False,short
2021-12-29,114.767,114.948,0.29300000000000637,0.17799999999999738,time,-0.1839999999999974,time,False,long
2021-12-30,114.949,115.176,0.26200000000000045,0.22400000000000386,time,-0.23000000000000387,time,False,long
2021-12-31,115.063,115.104,0.1529999999999916,0.037999999999996814,time,-0.04399999999999682,time,False,long
2022-01-03,115.14,115.146,0.41500000000000625,0.0030000000000002273,time,-0.009000000000000227,time,False,long
2022-01-04,115.33,116.261,1.0630000000000024,0.497,tp,-0.503,sl,False,long
2022-01-05,116.174,115.801,0.6219999999999999,-0.503,sl,0.497,tp,False,short
2022-01-06,116.124,115.749,0.527000000000001,-0.378,time,0.372,time,False,short
2022-01-07,115.864,115.85,0.35999999999999943,-0.017000000000010004,time,0.011000000000010005,time,False,short
2022-01-10,115.621,115.388,0.671999999999997,-0.23599999999998988,time,0.22999999999998988,time,False,short
2022-01-11,115.279,115.608,0.5200000000000102,0.32600000000000773,time,-0.33200000000000773,time,False,long
2022-01-12,115.332,115.207,0.3580000000000041,-0.128,time,0.122,time,False,short
2022-01-13,114.675,114.278,0.4890000000000043,-0.39999999999999136,time,0.39399999999999136,time,False,short
2022-01-14,114.116,113.573,0.6949999999999932,-0.503,sl,0.497,tp,False,short
2022-01-17,114.309,114.535,0.32200000000000273,0.2229999999999991,time,-0.2289999999999991,time,False,long
2022-01-18,114.572,114.623,0.6080000000000041,0.04800000000000193,time,-0.054000000000001935,time,False,long
2022-01-19,114.555,114.514,0.5820000000000078,-0.04400000000001103,time,0.038000000000011025,time,False,short
2022-01-20,114.347,114.054,0.5240000000000009,-0.29599999999999216,time,0.28999999999999215,time,False,short
2022-01-21,113.99,113.679,0.40800000000000125,-0.31399999999999284,time,0.30799999999999284,time,False,short
2022-01-24,113.787,113.743,0.5080000000000098,-0.047000000000011144,time,0.04100000000001114,time,False,short
2022-01-25,114.012,113.898,0.48799999999999955,-0.11700000000000432,time,0.11100000000000432,time,False,short
2022-01-26,113.895,114.304,0.5379999999999967,0.406000000000006,time,-0.41200000000000603,time,False,long
2022-01-27,114.719,115.377,0.9639999999999986,0.497,tp,-0.503,sl,False,long
2022-01-28,115.35,115.326,0.4350000000000023,-0.02700000000000091,time,0.02100000000000091,time,False,short
2022-02-01,115.119,114.691,0.6189999999999998,-0.503,sl,0.497,tp,False,short
2022-02-03,114.378,114.856,0.6490000000000009,0.497,tp,-0.503,sl,False,long
2022-02-04,114.956,115.364,0.6180000000000092,0.40500000000000125,time,-0.41100000000000125,time,False,long
2022-02-07,115.225,115.092,0.46300000000000807,-0.13599999999999557,time,0.12999999999999556,time,False,short
2022-02-08,115.063,115.423,0.4860000000000042,0.35699999999999943,time,-0.36299999999999943,time,False,long
2022-02-09,115.533,115.461,0.27300000000001035,-0.07500000000000273,time,0.06900000000000273,time,False,short
2022-02-10,115.598,116.169,0.7120000000000033,0.497,tp,-0.503,sl,False,long
2022-02-11,116.052,115.932,0.35300000000000864,-0.12300000000000455,time,0.11700000000000454,time,False,short
2022-02-14,115.583,115.503,0.583999999999989,-0.503,sl,0.497,tp,False,short
2022-02-15,115.539,115.651,0.4579999999999984,0.10899999999999477,time,-0.11499999999999477,time,False,long
2022-02-16,115.64,115.482,0.3359999999999985,-0.16100000000000125,time,0.15500000000000125,time,False,short
2022-02-17,115.391,114.883,0.6539999999999964,-0.503,sl,0.497,tp,False,short
2022-02-21,114.961,114.856,0.32200000000000273,-0.10800000000000398,time,0.10200000000000398,time,False,short
2022-02-22,114.608,115.121,0.6419999999999959,0.497,tp,-0.503,sl,False,long
2022-02-23,115.097,115.012,0.20600000000000307,-0.08799999999999375,time,0.08199999999999374,time,False,short
2022-02-24,114.895,114.901,0.7109999999999985,0.0030000000000002273,time,-0.009000000000000227,time,False,long
2022-02-25,115.548,115.558,0.47800000000000864,0.007000000000005116,time,-0.013000000000005115,time,False,long
2022-02-28,115.587,115.323,0.37300000000000466,-0.26700000000001,time,0.26100000000001,time,False,short
2022-03-01,115.086,114.912,0.5760000000000076,-0.17699999999999239,time,0.17099999999999238,time,False,short
2022-03-02,114.838,115.284,0.6030000000000086,0.497,tp,-0.503,sl,False,long
2022-03-03,115.515,115.661,0.3149999999999977,0.1430000000000008,time,-0.1490000000000008,time,False,long
2022-03-04,115.484,115.419,0.30299999999999727,-0.06799999999999773,time,0.061999999999997724,time,False,short
2022-03-07,114.952,115.298,0.49499999999999034,0.34300000000000364,time,-0.34900000000000364,time,False,long
2022-03-08,115.365,115.695,0.46699999999999875,0.3269999999999983,time,-0.3329999999999983,time,False,long
2022-03-09,115.723,115.767,0.23699999999999477,0.04099999999999693,time,-0.04699999999999693,time,False,long
2022-03-10,115.906,115.917,0.382000000000005,0.00799999999999568,time,-0.013999999999995679,time,False,long
2022-03-11,116.18,116.889,0.9159999999999968,0.497,tp,-0.503,sl,False,long
2022-03-14,117.529,118.008,0.605000000000004,0.497,tp,-0.503,sl,False,long
2022-03-15,118.219,117.875,0.7540000000000049,-0.503,sl,0.497,tp,False,short
2022-03-16,118.312,118.302,0.25499999999999545,-0.012999999999990904,time,0.006999999999990905,time,False,short
2022-03-17,118.868,118.75,0.5319999999999965,-0.120999999999995,time,0.114999999999995,time,False,short
2022-03-18,118.487,119.203,0.9300000000000068,0.497,tp,-0.503,sl,False,long
2022-03-21,119.263,119.165,0.18099999999999739,-0.10099999999999898,time,0.09499999999999897,time,False,short
2022-03-22,119.591,120.327,0.882000000000005,0.497,tp,-0.503,sl,False,long
2022-03-23,121.338,121.08,0.5539999999999878,-0.503,sl,0.497,tp,False,short
2022-03-24,121.121,121.221,0.3509999999999991,0.09700000000000852,time,-0.10300000000000853,time,False,long
2022-03-25,122.349,121.93,0.6500000000000057,-0.503,sl,0.497,tp,False,short
2022-04-04,122.632,122.753,0.5729999999999933,0.11799999999999511,time,-0.12399999999999511,time,False,long
2022-04-05,122.796,122.84,0.6310000000000002,0.04099999999999693,time,-0.04699999999999693,time,False,long
2022-04-06,123.656,123.86,0.4509999999999934,0.20099999999999352,time,-0.20699999999999352,time,False,long
2022-04-07,123.724,123.941,0.5310000000000059,0.21399999999999875,time,-0.21999999999999875,time,False,long
2022-04-08,124.096,124.58,1.0130000000000052,0.497,tp,-0.503,sl,False,long
2022-04-11,124.395,125.546,1.4869999999999948,0.497,tp,-0.503,sl,False,long
2022-04-12,125.482,125.275,0.9959999999999951,-0.503,sl,0.497,tp,False,short
2022-04-13,125.429,125.834,0.9660000000000082,0.497,tp,-0.503,sl,False,long
2022-04-14,125.364,125.948,0.9329999999999927,0.497,tp,-0.503,sl,False,long
2022-04-15,126.173,126.497,0.625,0.497,tp,-0.503,sl,False,long
2022-04-18,126.61,126.586,0.5510000000000019,-0.02700000000000091,time,0.02100000000000091,time,False,short
2022-04-19,127.143,128.674,1.7650000000000006,0.497,tp,-0.503,sl,False,long
2022-04-20,129.328,127.899,1.8029999999999973,-0.503,sl,0.497,tp,False,short
2022-04-21,127.978,128.43,0.8359999999999985,0.497,tp,-0.503,sl,False,long
2022-04-22,128.439,128.424,0.9539999999999935,-0.503,sl,0.497,tp,False,short
2022-04-25,128.605,127.657,1.2609999999999957,-0.503,sl,0.497,tp,False,short
2022-04-26,127.779,127.16,1.1769999999999925,-0.503,sl,0.497,tp,False,short
2022-04-27,127.262,128.13,0.992999999999995,0.497,tp,-0.503,sl,False,long
2022-04-28,128.446,130.898,2.6610000000000014,0.497,tp,-0.503,sl,False,long
2022-04-29,130.782,130.066,1.054000000000002,-0.503,sl,0.497,tp,False,short
2022-05-02,129.997,130.139,0.8159999999999741,0.1389999999999959,time,-0.1449999999999959,time,False,long
2022-05-05,129.234,130.25,1.5840000000000032,0.497,tp,-0.503,sl,False,long
2022-05-06,130.321,130.326,0.664999999999992,0.0019999999999954525,time,-0.007999999999995452,time,False,long
2022-05-09,130.737,130.72,0.8590000000000089,0.497,tp,-0.503,sl,False,short
2022-05-10,130.376,130.09,0.679000000000002,-0.503,sl,0.497,tp,False,short
2022-05-11,130.366,130.254,1.2280000000000086,-0.503,sl,0.497,tp,False,short
2022-05-12,129.844,127.949,2.3810000000000002,-0.503,sl,0.497,tp,False,short
2022-05-13,128.602,129.32,1.0440000000000111,0.497,tp,-0.503,sl,False,long
2022-05-16,129.407,129.089,0.9410000000000025,-0.503,sl,0.497,tp,False,short
2022-05-17,128.948,129.591,0.9540000000000077,0.497,tp,-0.503,sl,False,long
2022-05-18,129.422,128.573,0.9560000000000173,-0.503,sl,0.497,tp,False,short
2022-05-19,127.929,127.206,1.9180000000000064,0.497,tp,-0.503,sl,True,short
2022-05-20,127.851,128.124,0.769999999999996,0.26999999999999613,time,-0.27599999999999614,time,False,long
2022-05-23,127.89,127.568,0.8039999999999878,-0.503,sl,0.497,tp,False,short
2022-05-24,127.816,126.694,1.6029999999999944,-0.503,sl,0.497,tp,False,short
2022-05-25,126.732,127.176,0.6420000000000101,0.497,tp,-0.503,sl,False,long
2022-05-26,127.15,127.087,1.0300000000000011,-0.503,sl,0.497,tp,False,short
2022-05-27,127.103,126.883,0.5219999999999914,-0.22299999999999887,time,0.21699999999999886,time,False,short
2022-05-30,127.268,127.726,0.8790000000000049,0.497,tp,-0.503,sl,False,long
2022-05-31,127.779,128.705,1.1629999999999967,0.497,tp,-0.503,sl,False,long
2022-06-01,128.737,129.357,0.8779999999999859,0.497,tp,-0.503,sl,False,long
2022-06-02,130.125,129.941,0.7079999999999984,-0.503,sl,0.497,tp,False,short
2022-06-03,129.934,130.498,0.9680000000000177,0.497,tp,-0.503,sl,False,long
2022-06-06,130.72,130.942,0.5240000000000009,0.2190000000000084,time,-0.22500000000000842,time,False,long
2022-06-07,132.173,132.852,0.9070000000000107,0.497,tp,-0.503,sl,False,long
2022-06-08,132.82,134.089,1.7579999999999814,0.497,tp,-0.503,sl,False,long
2022-06-09,134.454,133.701,1.3730000000000189,-0.503,sl,0.497,tp,False,short
2022-06-10,134.391,134.241,1.0300000000000011,-0.503,sl,0.497,tp,False,short
2022-06-13,134.786,133.642,1.6059999999999945,-0.503,sl,0.497,tp,False,short
2022-06-14,134.235,134.429,0.9470000000000027,0.497,tp,-0.503,sl,False,long
2022-06-15,135.274,134.564,1.009999999999991,-0.503,sl,0.497,tp,False,short
2022-06-16,134.045,132.789,2.3640000000000043,0.497,tp,-0.503,sl,True,short
2022-06-17,132.414,134.688,2.7379999999999995,0.497,tp,-0.503,sl,False,long
2022-06-22,136.313,136.252,0.5790000000000077,-0.06399999999997863,time,0.057999999999978624,time,False,short
2022-06-23,135.99,134.317,1.9339999999999975,-0.503,sl,0.497,tp,False,short
2022-06-24,134.817,135.089,0.679000000000002,0.26899999999999136,time,-0.27499999999999136,time,False,long
2022-06-28,135.435,136.229,1.2129999999999939,0.497,tp,-0.503,sl,False,long
2022-06-29,136.043,136.503,0.8140000000000214,0.497,tp,-0.503,sl,False,long
2022-06-30,136.62,135.902,1.1030000000000086,-0.503,sl,0.497,tp,False,short
2022-07-01,135.796,135.435,1.13900000000001,-0.503,sl,0.497,tp,False,short
2022-07-04,134.999,135.52,0.76400000000001,0.497,tp,-0.503,sl,False,long
2022-07-05,135.862,135.745,0.8070000000000164,-0.11999999999999023,time,0.11399999999999022,time,False,short
2022-07-06,135.54,135.318,0.813999999999993,-0.503,sl,0.497,tp,False,short
2022-07-07,135.95,135.746,0.6709999999999923,-0.2069999999999793,time,0.2009999999999793,time,False,short
2022-07-11,136.294,137.437,1.5270000000000152,0.497,tp,-0.503,sl,False,long
2022-07-12,137.412,136.583,0.9690000000000225,-0.503,sl,0.497,tp,False,short
2022-07-13,136.734,137.616,1.031000000000006,0.497,tp,-0.503,sl,False,long
2022-07-14,137.629,139.133,1.7990000000000066,0.497,tp,-0.503,sl,False,long
2022-07-15,138.973,138.765,0.5799999999999841,-0.21100000000002683,time,0.20500000000002683,time,False,short
2022-07-18,138.293,138.238,0.5660000000000025,-0.058000000000006824,time,0.05200000000000682,time,False,short
2022-07-19,138.256,137.655,1.0109999999999957,-0.503,sl,0.497,tp,False,short
2022-07-20,138.184,138.082,0.47399999999998954,-0.10500000000000387,time,0.09900000000000386,time,False,short
2022-07-21,138.417,138.305,0.8959999999999866,-0.11499999999999477,time,0.10899999999999477,time,False,short
2022-07-22,137.078,136.023,2.063999999999993,0.497,tp,-0.503,sl,True,short
2022-07-26,136.409,136.4,0.5669999999999789,-0.01199999999998613,time,0.00599999999998613,time,False,short
2022-07-27,136.959,136.932,0.6119999999999948,-0.030000000000015233,time,0.024000000000015235,time,False,short
2022-07-28,136.115,134.702,2.0759999999999934,-0.503,sl,0.497,tp,False,short
2022-07-29,134.399,134.108,2.1710000000000207,-0.503,sl,0.497,tp,False,short
2022-08-01,133.367,131.948,1.600999999999999,-0.503,sl,0.497,tp,False,short
2022-08-02,131.402,131.403,1.1330000000000098,-0.503,sl,0.497,tp,False,long
2022-08-03,133.341,133.566,1.6200000000000045,0.497,tp,-0.503,sl,True,long
2022-08-04,133.925,133.435,1.2680000000000007,-0.503,sl,0.497,tp,False,short
2022-08-08,135.059,134.449,1.1970000000000027,0.497,tp,-0.503,sl,True,short
2022-08-10,135.206,132.587,2.7390000000000043,-0.503,sl,0.497,tp,False,short
2022-08-11,132.809,132.1,1.5769999999999982,-0.503,sl,0.497,tp,False,short
2022-08-12,133.007,133.472,0.9939999999999998,0.497,tp,-0.503,sl,False,long
2022-08-16,133.132,134.51,1.7339999999999804,0.497,tp,-0.503,sl,False,long
2022-08-17,134.279,135.297,1.4910000000000139,0.497,tp,-0.503,sl,False,long
2022-08-18,134.954,135.0,0.7820000000000107,0.04299999999999227,time,-0.04899999999999227,time,False,long
2022-08-19,135.804,136.913,1.3360000000000127,0.497,tp,-0.503,sl,False,long
2022-08-22,137.02,137.351,0.73599999999999,0.32799999999998886,time,-0.33399999999998886,time,False,long
2022-08-23,137.577,136.798,1.0640000000000214,-0.503,sl,0.497,tp,False,short
2022-08-24,136.739,136.861,0.8670000000000186,-0.503,sl,0.497,tp,False,long
2022-08-25,137.096,136.891,0.8789999999999907,-0.503,sl,0.497,tp,False,short
2022-08-26,136.562,136.699,0.6769999999999925,0.497,tp,-0.503,sl,False,long
2022-08-29,138.16,138.496,0.9159999999999968,0.497,tp,-0.503,sl,False,long
2022-08-30,138.643,138.383,0.6259999999999764,-0.503,sl,0.497,tp,False,short
2022-08-31,138.758,138.781,0.6219999999999857,0.019999999999996135,time,-0.025999999999996134,time,False,long
2022-09-01,139.33,139.486,0.6380000000000052,0.1529999999999775,time,-0.1589999999999775,time,False,long
2022-09-02,140.084,140.134,0.931999999999988,0.497,tp,-0.503,sl,False,long
2022-09-05,140.536,140.606,0.5439999999999827,0.06699999999999318,time,-0.07299999999999318,time,False,long
2022-09-06,140.431,142.545,2.304000000000002,0.497,tp,-0.503,sl,False,long
2022-09-07,143.158,144.861,2.0630000000000166,0.497,tp,-0.503,sl,False,long
2022-09-09,143.872,142.347,2.4579999999999984,-0.503,sl,0.497,tp,False,short
2022-09-12,142.561,142.591,0.710000000000008,0.027000000000001138,time,-0.03300000000000114,time,False,long
2022-09-13,142.579,142.035,0.8619999999999948,-0.503,sl,0.497,tp,False,short
2022-09-15,142.919,143.264,0.8950000000000102,0.497,tp,-0.503,sl,False,long
2022-09-16,143.333,143.074,0.8640000000000043,-0.503,sl,0.497,tp,False,short
2022-09-19,142.755,143.51,0.9639999999999986,0.497,tp,-0.503,sl,False,long
2022-09-20,143.178,143.733,0.9899999999999807,0.497,tp,-0.503,sl,False,long
2022-09-21,143.581,144.034,0.8629999999999995,0.497,tp,-0.503,sl,False,long
2022-09-22,144.24,141.896,5.555000000000007,-0.503,both,-0.503,both,True,short
2022-09-23,142.267,143.094,1.51400000000001,-0.503,sl,0.497,tp,True,long
2022-09-26,143.518,144.164,0.9550000000000125,0.497,tp,-0.503,sl,False,long
2022-09-27,144.472,144.646,0.6929999999999836,0.17099999999997817,time,-0.17699999999997817,time,False,long
2022-09-28,144.704,144.482,0.606000000000023,-0.22500000000000842,time,0.2190000000000084,time,False,short
2022-09-29,144.412,144.586,0.6090000000000089,0.1710000000000066,time,-0.1770000000000066,time,False,long
2022-09-30,144.419,144.529,0.3959999999999866,0.10699999999998522,time,-0.11299999999998522,time,False,long
2022-10-06,144.433,144.776,0.48599999999999,0.34000000000001773,time,-0.34600000000001774,time,False,long
2022-10-07,145.044,145.169,0.7980000000000018,0.122,time,-0.128,time,False,long
2022-10-10,145.461,145.587,0.4339999999999975,0.12299999999997635,time,-0.12899999999997636,time,False,long
2022-10-11,145.668,145.746,0.36299999999999955,0.07500000000000295,time,-0.08100000000000296,time,False,long
2022-10-12,145.887,146.873,1.061000000000007,0.497,tp,-0.503,sl,False,long
2022-10-13,146.774,147.236,1.228999999999985,0.497,tp,-0.503,sl,False,long
2022-10-14,147.308,147.968,0.9479999999999791,0.497,tp,-0.503,sl,False,long
2022-10-17,148.635,148.762,0.4679999999999893,0.12400000000000955,time,-0.13000000000000955,time,False,long
2022-10-18,148.97,149.078,1.15300000000002,-0.503,sl,0.497,tp,False,long
2022-10-19,149.211,149.762,0.6849999999999739,0.497,tp,-0.503,sl,False,long
2022-10-20,149.824,149.89,0.4440000000000168,0.06299999999997408,time,-0.06899999999997408,time,False,long
2022-10-21,150.172,151.335,1.8070000000000164,0.497,tp,-0.503,sl,False,long
2022-10-24,147.615,148.854,2.094999999999999,0.497,tp,-0.503,sl,False,long
2022-10-25,148.884,147.772,1.3109999999999786,-0.503,sl,0.497,tp,False,short
2022-10-26,147.977,147.28,1.7019999999999982,-0.503,sl,0.497,tp,False,short
2022-10-27,146.082,146.428,1.372000000000014,-0.503,sl,0.497,tp,False,long
2022-10-28,146.281,147.486,1.8640000000000043,0.497,tp,-0.503,sl,False,long
2022-10-31,147.813,148.741,1.0579999999999927,0.497,tp,-0.503,sl,False,long
2022-11-01,148.733,147.436,1.8360000000000127,-0.503,sl,0.497,tp,False,short
2022-11-02,147.913,147.032,1.1400000000000148,-0.503,sl,0.497,tp,False,short
2022-11-03,147.888,148.436,1.335000000000008,-0.503,sl,0.497,tp,True,long
2022-11-04,148.376,147.156,1.4809999999999945,-0.503,sl,0.497,tp,False,short
2022-11-07,146.843,146.323,1.4280000000000257,0.497,tp,-0.503,sl,True,short
2022-11-08,146.624,146.365,0.7849999999999966,-0.26199999999998613,time,0.2559999999999861,time,False,short
2022-11-09,145.292,145.776,0.7349999999999852,0.497,tp,-0.503,sl,False,long
2022-11-10,146.198,146.262,0.539999999999992,0.06099999999999295,time,-0.06699999999999295,time,False,long
2022-11-11,141.736,139.258,3.332000000000022,0.497,tp,-0.503,sl,True,short
2022-11-14,139.609,140.481,1.9989999999999952,-0.503,sl,0.497,tp,True,long
2022-11-15,140.092,138.609,2.953000000000003,0.497,tp,-0.503,sl,True,short
2022-11-18,140.422,139.929,0.8669999999999902,-0.503,sl,0.497,tp,False,short
2022-11-21,140.261,141.593,1.867999999999995,0.497,tp,-0.503,sl,False,long
2022-11-22,142.087,141.458,1.1580000000000155,-0.503,sl,0.497,tp,False,short
2022-11-23,141.159,141.052,0.7040000000000077,-0.10999999999999932,time,0.10399999999999932,time,False,short
2022-11-24,139.242,138.309,1.4420000000000073,-0.503,sl,0.497,tp,False,short
2022-11-25,138.602,139.351,1.2249999999999943,0.497,tp,-0.503,sl,False,long
2022-11-28,139.374,138.514,1.877999999999986,-0.503,sl,0.497,tp,False,short
2022-12-06,136.576,136.647,1.1409999999999911,0.497,tp,-0.503,sl,False,long
2022-12-07,136.883,136.617,1.2019999999999982,0.497,tp,-0.503,sl,False,short
2022-12-08,136.378,136.614,0.9729999999999848,0.497,tp,-0.503,sl,False,long
2022-12-13,137.511,135.154,3.025999999999982,-0.503,sl,0.497,tp,False,short
2022-12-14,135.573,134.945,1.1800000000000068,-0.503,sl,0.497,tp,False,short
2022-12-15,135.363,136.407,1.641999999999996,0.497,tp,-0.503,sl,False,long
2022-12-16,137.746,137.04,0.9650000000000034,-0.503,sl,0.497,tp,False,short
2022-12-19,136.568,136.665,0.938999999999993,-0.503,sl,0.497,tp,False,long
2022-12-20,136.971,132.189,5.475999999999999,0.497,tp,-0.503,sl,True,short
2022-12-21,131.89,132.287,0.8759999999999764,0.3940000000000198,time,-0.4000000000000198,time,False,long
2022-12-22,132.394,132.371,0.8590000000000089,-0.503,sl,0.497,tp,False,short
2022-12-23,132.373,132.802,0.7199999999999989,0.497,tp,-0.503,sl,False,long
2022-12-26,132.754,132.943,0.8849999999999909,0.18600000000002137,time,-0.19200000000002138,time,False,long
2022-12-27,132.762,133.461,0.8659999999999854,0.497,tp,-0.503,sl,False,long
2022-12-28,133.487,133.815,1.0030000000000143,0.497,tp,-0.503,sl,False,long
2022-12-30,132.918,131.901,1.407999999999987,-0.503,sl,0.497,tp,False,short
2023-01-02,130.886,130.642,0.4240000000000066,-0.24699999999999978,time,0.24099999999999977,time,False,short
2023-01-03,130.789,130.654,1.6910000000000025,-0.503,sl,0.497,tp,False,short
2023-01-04,131.296,130.708,1.3810000000000002,-0.503,sl,0.497,tp,False,short
2023-01-05,132.243,133.685,2.0389999999999873,-0.503,sl,0.497,tp,True,long
2023-01-06,133.318,133.371,1.5420000000000016,0.497,tp,-0.503,sl,False,long
2023-01-09,131.805,131.781,1.3489999999999895,-0.503,sl,0.497,tp,True,short
2023-01-10,131.731,132.29,1.0970000000000084,0.497,tp,-0.503,sl,False,long
2023-01-11,132.103,132.69,0.7820000000000107,0.497,tp,-0.503,sl,False,long
2023-01-12,131.896,129.645,2.5369999999999777,-0.503,sl,0.497,tp,False,short
2023-01-13,129.172,128.236,1.2410000000000139,-0.503,sl,0.497,tp,False,short
2023-01-16,128.05,128.422,1.644999999999996,-0.503,sl,0.497,tp,True,long
2023-01-17,128.337,128.707,0.8580000000000041,0.497,tp,-0.503,sl,False,long
2023-01-18,128.288,128.118,3.5720000000000027,0.497,tp,-0.503,sl,False,short
2023-01-19,128.552,128.379,1.0589999999999975,-0.503,sl,0.497,tp,False,short
2023-01-20,128.371,130.602,2.2709999999999866,0.497,tp,-0.503,sl,False,long
2023-01-23,129.389,130.495,1.5979999999999848,0.497,tp,-0.503,sl,False,long
2023-01-24,130.593,130.428,1.0049999999999955,-0.503,sl,0.497,tp,False,short
2023-01-25,130.214,129.957,1.024000000000001,-0.503,sl,0.497,tp,False,short
2023-01-26,129.257,129.868,1.2800000000000011,0.497,tp,-0.503,sl,False,long
2023-01-27,129.804,129.735,0.768999999999977,-0.0719999999999884,time,0.0659999999999884,time,False,short
2023-01-30,129.835,130.135,1.0889999999999986,-0.503,sl,0.497,tp,False,long
2023-01-31,130.48,129.891,0.6999999999999886,-0.503,sl,0.497,tp,False,short
2023-02-01,130.109,129.377,1.0999999999999943,-0.503,sl,0.497,tp,False,short
2023-02-02,128.603,128.419,1.0529999999999973,0.497,tp,-0.503,sl,True,short
2023-02-03,128.763,129.943,1.8729999999999905,0.497,tp,-0.503,sl,False,long
2023-02-06,132.06,131.824,0.7090000000000032,-0.23899999999999,time,0.23299999999999,time,False,short
2023-02-08,131.054,131.251,0.7349999999999852,0.19400000000000273,time,-0.20000000000000273,time,False,long
2023-02-13,131.549,132.709,1.3740000000000236,0.497,tp,-0.503,sl,False,long
2023-02-14,132.335,132.268,1.4070000000000107,-0.503,both,-0.503,both,True,short
2023-02-15,132.989,133.9,1.5919999999999845,0.497,tp,-0.503,sl,False,long
2023-02-17,134.074,134.637,1.054000000000002,0.497,tp,-0.503,sl,False,long
2023-02-20,134.31,134.059,0.6180000000000234,-0.2540000000000048,time,0.24800000000000477,time,False,short
2023-02-21,134.334,134.861,0.7460000000000093,0.497,tp,-0.503,sl,False,long
2023-02-22,134.989,134.545,0.6980000000000075,-0.503,sl,0.497,tp,False,short
2023-02-23,134.932,135.271,0.6620000000000061,0.33599999999999863,time,-0.34199999999999864,time,False,long
2023-02-24,134.623,135.878,1.931999999999988,-0.503,sl,0.497,tp,True,long
2023-02-27,136.423,136.066,0.6260000000000048,-0.3599999999999993,time,0.3539999999999993,time,False,short
2023-02-28,136.321,136.704,0.7959999999999923,0.497,tp,-0.503,sl,False,long
2023-03-01,136.344,135.402,1.2129999999999939,-0.503,sl,0.497,tp,False,short
2023-03-02,136.19,136.8,0.7959999999999923,0.497,tp,-0.503,sl,False,long
2023-03-03,136.716,135.91,0.9470000000000027,-0.503,sl,0.497,tp,False,short
2023-03-06,136.016,135.872,0.8259999999999934,-0.503,sl,0.497,tp,False,short
2023-03-07,135.995,136.024,0.34600000000000364,0.025999999999996363,time,-0.031999999999996365,time,False,long
2023-03-14,133.083,134.723,1.8760000000000048,0.497,tp,-0.503,sl,False,long
2023-03-15,134.435,134.198,1.134999999999991,0.497,tp,-0.503,sl,False,short
2023-03-16,132.899,132.773,0.992999999999995,0.497,tp,-0.503,sl,False,short
2023-03-28,131.235,130.934,0.7909999999999968,-0.503,sl,0.497,tp,False,short
2023-03-29,131.047,132.366,1.7390000000000043,0.497,tp,-0.503,sl,False,long
2023-03-31,133.197,133.012,0.9070000000000107,-0.503,sl,0.497,tp,False,short
2023-04-05,131.431,131.087,0.9330000000000211,-0.503,sl,0.497,tp,False,short
2023-04-06,130.937,131.793,1.0409999999999968,0.497,tp,-0.503,sl,False,long
2023-04-07,131.672,132.208,0.8489999999999895,0.497,tp,-0.503,sl,False,long
2023-04-10,132.099,133.531,1.545000000000016,0.497,tp,-0.503,sl,False,long
2023-04-11,133.469,133.266,0.7189999999999941,-0.20600000000000296,time,0.20000000000000295,time,False,short
2023-04-14,132.486,133.05,1.0459999999999923,0.497,tp,-0.503,sl,False,long
2023-04-17,133.986,134.314,0.6929999999999836,0.32500000000000295,time,-0.33100000000000296,time,False,long
2023-04-18,134.454,134.151,0.8429999999999893,-0.503,sl,0.497,tp,False,short
2023-04-19,134.041,134.673,0.9710000000000036,0.497,tp,-0.503,sl,False,long
2023-04-20,134.712,134.609,0.5880000000000223,-0.10599999999998022,time,0.09999999999998022,time,False,short
2023-04-24,133.964,134.603,0.8410000000000082,0.497,tp,-0.503,sl,False,long
2023-04-25,134.086,133.881,0.6890000000000214,-0.2080000000000125,time,0.2020000000000125,time,False,short
2023-04-26,133.707,133.166,0.8640000000000043,-0.503,sl,0.497,tp,False,short
2023-04-27,133.462,134.094,0.992999999999995,0.497,tp,-0.503,sl,False,long
2023-04-28,133.804,136.219,3.0859999999999843,0.497,tp,-0.503,sl,False,long
2023-05-01,136.404,136.822,0.7280000000000086,0.497,tp,-0.503,sl,False,long
2023-05-02,137.521,137.392,0.5279999999999916,-0.13199999999999068,time,0.12599999999999068,time,False,short
2023-05-03,136.468,135.43,1.3089999999999975,-0.503,sl,0.497,tp,False,short
2023-05-04,134.549,134.283,0.7300000000000182,-0.26900000000001956,time,0.26300000000001955,time,False,short
2023-05-05,134.161,134.842,1.2390000000000043,0.497,tp,-0.503,sl,False,long
2023-05-08,135.192,134.933,0.585000000000008,-0.503,sl,0.497,tp,False,short
2023-05-09,135.084,135.06,0.6359999999999957,-0.02700000000000091,time,0.02100000000000091,time,False,short
2023-05-10,135.292,134.421,1.1929999999999836,-0.503,sl,0.497,tp,False,short
2023-05-11,134.101,134.279,1.099000000000018,0.497,tp,-0.503,sl,False,long
2023-05-12,134.491,134.789,0.6459999999999866,0.497,tp,-0.503,sl,False,long
2023-05-15,135.823,136.042,0.6160000000000139,0.497,tp,-0.503,sl,False,long
2023-05-16,136.031,136.278,0.63900000000001,0.24399999999998567,time,-0.24999999999998568,time,False,long
2023-05-17,136.425,137.343,1.045000000000016,0.497,tp,-0.503,sl,False,long
2023-05-18,137.602,138.388,1.1380000000000052,0.497,tp,-0.503,sl,False,long
2023-05-19,138.624,138.542,0.6980000000000075,-0.503,sl,0.497,tp,False,short
2023-05-22,137.693,138.592,1.1710000000000207,0.497,tp,-0.503,sl,False,long
2023-05-23,138.663,138.498,0.6689999999999827,-0.16800000000002047,time,0.16200000000002046,time,False,short
2023-05-24,138.611,138.836,0.6239999999999952,0.22200000000002273,time,-0.22800000000002274,time,False,long
2023-05-25,139.294,139.571,0.4410000000000025,0.2739999999999868,time,-0.2799999999999868,time,False,long
2023-05-26,140.023,139.76,0.6110000000000184,-0.503,sl,0.497,tp,False,short
2023-05-29,140.883,140.23,0.8050000000000068,-0.503,sl,0.497,tp,False,short
2023-05-31,139.793,139.633,0.7479999999999905,-0.1629999999999966,time,0.1569999999999966,time,False,short
2023-06-01,139.135,138.876,1.1330000000000098,0.497,tp,-0.503,sl,False,short
2023-06-02,138.741,139.408,0.8880000000000052,0.497,tp,-0.503,sl,False,long
2023-06-05,140.213,139.999,0.51400000000001,-0.21699999999999864,time,0.21099999999999863,time,False,short
2023-06-06,139.414,139.921,0.6779999999999973,0.497,tp,-0.503,sl,False,long
2023-06-08,139.913,139.008,1.1589999999999918,-0.503,sl,0.497,tp,False,short
2023-06-09,138.887,139.502,0.8610000000000184,0.497,tp,-0.503,sl,False,long
2023-06-13,139.458,139.752,0.9710000000000036,0.497,tp,-0.503,sl,False,long
2023-06-14,140.147,139.518,0.7990000000000066,-0.503,sl,0.497,tp,False,short
2023-06-15,139.968,140.422,1.5629999999999882,0.497,tp,-0.503,sl,False,long
2023-06-16,140.265,141.25,1.5879999999999939,0.497,tp,-0.503,sl,False,long
2023-06-19,141.861,141.746,0.5600000000000023,-0.11799999999998068,time,0.11199999999998067,time,False,short
2023-06-20,141.905,141.575,0.9680000000000177,-0.503,sl,0.497,tp,False,short
2023-06-21,141.335,142.25,1.0360000000000014,0.497,tp,-0.503,sl,False,long
2023-06-22,141.684,142.292,0.8249999999999886,0.497,tp,-0.503,sl,False,long
2023-06-23,143.028,143.277,0.76400000000001,0.24599999999999522,time,-0.25199999999999523,time,False,long
2023-06-26,143.538,143.385,0.42799999999999727,-0.15600000000002,time,0.15000000000002,time,False,short
2023-07-07,143.974,142.637,1.8619999999999948,-0.503,sl,0.497,tp,False,short
2023-07-10,142.21,142.294,0.8870000000000005,0.497,tp,-0.503,sl,False,long
2023-07-11,141.307,140.832,1.3010000000000161,-0.503,sl,0.497,tp,False,short
2023-07-17,138.685,139.14,1.4089999999999918,-0.503,sl,0.497,tp,True,long
2023-07-18,138.719,138.684,1.2439999999999998,-0.503,sl,0.497,tp,False,short
2023-07-19,139.021,139.715,1.143999999999977,0.497,tp,-0.503,sl,False,long
2023-07-20,139.605,139.868,0.8640000000000043,0.2600000000000052,time,-0.26600000000000523,time,False,long
2023-07-21,139.843,141.594,2.204999999999984,0.497,tp,-0.503,sl,False,long
2023-07-24,141.751,140.985,0.967000000000013,-0.503,sl,0.497,tp,False,short
2023-07-25,141.541,141.34,0.5450000000000159,-0.2039999999999934,time,0.1979999999999934,time,False,short
2023-07-26,140.911,140.445,1.0269999999999868,-0.503,sl,0.497,tp,False,short
2023-07-27,140.368,140.755,1.4710000000000036,-0.503,sl,0.497,tp,False,long
2023-07-28,138.869,140.545,3.0180000000000007,0.497,tp,-0.503,sl,True,long
2023-07-31,140.753,142.33,2.0,0.497,tp,-0.503,sl,False,long
2023-08-01,142.324,143.272,1.0880000000000223,0.497,tp,-0.503,sl,False,long
2023-08-02,142.96,143.309,1.1180000000000234,-0.503,sl,0.497,tp,False,long
2023-08-03,143.35,142.822,1.3900000000000148,0.497,tp,-0.503,sl,True,short
2023-08-04,142.602,141.761,1.2609999999999957,-0.503,sl,0.497,tp,False,short
2023-08-07,141.871,142.183,0.936000000000007,0.497,tp,-0.503,sl,False,long
2023-08-08,142.536,143.093,0.8060000000000116,0.497,tp,-0.503,sl,False,long
2023-08-14,144.853,145.01,0.570999999999998,0.15399999999998226,time,-0.15999999999998227,time,False,long
2023-08-15,145.433,145.329,0.6100000000000136,-0.106999999999985,time,0.10099999999998499,time,False,short
2023-08-18,145.708,145.641,0.6400000000000148,-0.503,sl,0.497,tp,False,short
2023-08-21,145.323,146.089,1.021000000000015,0.497,tp,-0.503,sl,False,long
2023-08-22,146.248,146.063,0.9029999999999916,-0.503,sl,0.497,tp,False,short
2023-08-23,145.776,144.75,1.11099999999999,-0.503,sl,0.497,tp,False,short
2023-08-24,144.679,145.714,1.3429999999999893,0.497,tp,-0.503,sl,False,long
2023-08-25,146.051,146.106,0.3859999999999957,0.05200000000000682,time,-0.058000000000006824,time,False,long
2023-08-28,146.547,146.549,0.40800000000001546,-0.0009999999999904504,time,-0.00500000000000955,time,False,long
2023-08-29,146.46,147.131,1.0670000000000073,0.497,tp,-0.503,sl,False,long
2023-08-30,145.981,145.616,0.9770000000000039,0.497,tp,-0.503,sl,False,short
2023-08-31,146.087,146.147,0.6020000000000039,0.05700000000000227,time,-0.06300000000000228,time,False,long
2023-09-01,145.485,145.36,1.2580000000000098,-0.503,sl,0.497,tp,False,short
2023-09-04,146.065,146.424,0.4329999999999927,0.35600000000000886,time,-0.36200000000000887,time,False,long
2023-09-06,147.456,147.15,0.7849999999999966,-0.3089999999999832,time,0.30299999999998317,time,False,short
2023-09-07,147.713,147.28,0.6540000000000248,-0.4359999999999927,time,0.4299999999999927,time,False,short
2023-09-08,147.334,147.463,1.1119999999999948,-0.503,sl,0.497,tp,False,long
2023-09-12,146.672,147.208,0.789999999999992,0.497,tp,-0.503,sl,False,long
2023-09-13,147.158,147.414,0.4899999999999807,0.2530000000000002,time,-0.25900000000000023,time,False,long
2023-09-18,147.864,147.642,0.31799999999998363,-0.22500000000000842,time,0.2190000000000084,time,False,short
2023-09-19,147.613,147.838,0.38900000000001,0.2219999999999943,time,-0.22799999999999432,time,False,long
2023-10-11,148.625,148.957,0.6570000000000107,0.32899999999999363,time,-0.33499999999999364,time,False,long
2023-10-12,149.034,149.587,0.5739999999999839,0.497,tp,-0.503,sl,False,long
2023-10-13,149.786,149.627,0.3760000000000048,-0.16199999999999182,time,0.1559999999999918,time,False,short
2023-10-16,149.558,149.708,0.3410000000000082,0.14700000000000568,time,-0.1530000000000057,time,False,long
2023-10-17,149.579,149.771,1.054000000000002,-0.503,sl,0.497,tp,False,long
2023-10-18,149.76,149.715,0.31100000000000705,-0.0479999999999875,time,0.04199999999998749,time,False,short
2023-10-19,149.767,149.791,0.21599999999997976,0.02100000000000091,time,-0.02700000000000091,time,False,long
2023-10-20,149.805,149.964,0.3529999999999802,0.1559999999999918,time,-0.16199999999999182,time,False,long
2023-10-24,149.773,149.849,0.6090000000000089,0.0729999999999934,time,-0.07899999999999341,time,False,long
2023-10-25,149.856,149.893,0.15099999999998204,0.034000000000006136,time,-0.04000000000000614,time,False,long
2023-10-26,150.094,150.251,0.945999999999998,0.497,tp,-0.503,sl,False,long
2023-10-27,150.364,149.693,0.8019999999999925,-0.503,sl,0.497,tp,False,short
2023-10-30,149.734,149.762,0.4399999999999977,0.024999999999991588,time,-0.030999999999991586,time,False,long
2023-10-31,149.096,150.736,1.6850000000000023,0.497,tp,-0.503,sl,False,long
2023-11-01,151.319,151.264,0.3610000000000184,-0.0579999999999784,time,0.0519999999999784,time,False,short
2023-11-02,150.573,150.224,0.7470000000000141,-0.503,sl,0.497,tp,False,short
2023-11-03,150.493,149.344,1.2970000000000255,-0.503,sl,0.497,tp,False,short
2023-11-06,149.453,149.542,0.23699999999999477,0.08599999999999863,time,-0.09199999999999864,time,False,long
2023-11-07,149.985,150.286,0.35599999999999454,0.2979999999999877,time,-0.3039999999999877,time,False,long
2023-11-08,150.396,150.495,0.26600000000001955,0.09600000000001796,time,-0.10200000000001797,time,False,long
2023-11-14,151.648,151.0,0.9840000000000089,-0.503,sl,0.497,tp,False,short
2023-11-17,150.704,149.632,1.578000000000003,-0.503,sl,0.497,tp,False,short
2023-11-20,149.959,148.509,1.8880000000000052,-0.503,sl,0.497,tp,False,short
2023-11-21,148.383,147.62,1.2680000000000007,-0.503,sl,0.497,tp,False,short
2023-11-22,148.146,149.233,1.320999999999998,0.497,tp,-0.503,sl,False,long
2023-11-23,149.46,149.471,0.686000000000007,-0.503,sl,0.497,tp,False,long
2023-11-24,149.638,149.567,0.5150000000000148,-0.07399999999999796,time,0.06799999999999795,time,False,short
2023-11-30,147.057,147.884,1.0300000000000011,0.497,tp,-0.503,sl,False,long
2023-12-01,147.996,148.186,0.7450000000000045,0.18699999999999772,time,-0.19299999999999773,time,False,long
2023-12-04,146.361,146.609,0.8889999999999816,0.497,tp,-0.503,sl,False,long
2023-12-05,147.302,146.794,0.7040000000000077,-0.503,sl,0.497,tp,False,short
2023-12-06,147.186,147.077,0.6040000000000134,-0.11200000000000887,time,0.10600000000000886,time,False,short
2023-12-07,147.179,144.836,2.6430000000000007,-0.503,sl,0.497,tp,False,short
2023-12-08,144.237,144.195,2.216000000000008,-0.503,sl,0.497,tp,True,short
2023-12-11,144.987,146.291,1.6329999999999814,0.497,tp,-0.503,sl,False,long
2023-12-12,146.049,145.646,1.391999999999996,-0.503,sl,0.497,tp,False,short
2023-12-13,145.296,145.682,0.4689999999999941,0.3829999999999957,time,-0.3889999999999957,time,False,long
2023-12-14,142.787,141.862,1.9519999999999982,-0.503,sl,0.497,tp,False,short
2023-12-15,142.277,142.315,0.9869999999999948,-0.503,sl,0.497,tp,False,long
2023-12-19,142.686,144.286,2.710000000000008,0.497,tp,-0.503,sl,False,long
2023-12-20,143.925,143.344,0.835000000000008,-0.503,sl,0.497,tp,False,short
2023-12-21,143.525,142.218,1.4939999999999998,-0.503,sl,0.497,tp,False,short
2023-12-22,142.069,142.037,0.6899999999999977,-0.03499999999998227,time,0.028999999999982266,time,False,short
2023-12-25,142.408,142.346,0.3780000000000143,-0.0649999999999834,time,0.0589999999999834,time,False,short
2023-12-26,142.239,142.369,0.43600000000000705,0.12699999999999545,time,-0.13299999999999546,time,False,long
2023-12-27,142.487,142.572,0.4140000000000157,0.08200000000000796,time,-0.08800000000000796,time,False,long
2023-12-28,141.439,141.118,1.0180000000000007,-0.503,sl,0.497,tp,False,short
2023-12-29,141.436,141.832,0.7760000000000105,0.3929999999999866,time,-0.3989999999999866,time,False,long
2024-01-02,141.11,141.649,0.674999999999983,0.497,tp,-0.503,sl,False,long
2024-01-03,142.174,142.637,0.8520000000000039,0.497,tp,-0.503,sl,False,long
2024-01-04,142.995,143.588,1.039999999999992,0.497,tp,-0.503,sl,False,long
2024-01-05,144.772,145.075,0.7090000000000032,0.497,tp,-0.503,sl,False,long
2024-01-08,144.721,144.18,0.6279999999999859,-0.503,sl,0.497,tp,False,short
2024-01-09,144.223,143.768,0.8949999999999818,-0.503,sl,0.497,tp,False,short
2024-01-10,144.431,145.294,0.9159999999999968,0.497,tp,-0.503,sl,False,long
2024-01-11,145.724,146.246,1.295000000000016,-0.503,sl,0.497,tp,True,long
2024-01-12,145.1,144.787,0.8149999999999977,-0.3159999999999882,time,0.3099999999999882,time,False,short
2024-01-16,145.79,146.626,1.2059999999999889,0.497,tp,-0.503,sl,False,long
2024-01-17,147.242,147.935,0.8839999999999861,0.497,tp,-0.503,sl,False,long
2024-01-18,148.134,148.229,0.6450000000000102,0.09200000000002728,time,-0.09800000000002729,time,False,long
2024-01-19,148.122,148.134,0.9639999999999986,0.497,tp,-0.503,sl,False,long
2024-01-22,148.124,147.685,0.6869999999999834,-0.503,sl,0.497,tp,False,short
2024-01-23,148.144,148.051,1.5730000000000075,-0.503,sl,0.497,tp,False,short
2024-01-24,148.235,146.762,1.5409999999999968,-0.503,sl,0.497,tp,False,short
2024-01-25,147.585,147.374,0.6500000000000057,-0.21400000000001274,time,0.20800000000001273,time,False,short
2024-01-26,147.721,147.648,0.6949999999999932,-0.0760000000000075,time,0.0700000000000075,time,False,short
2024-01-29,148.178,147.971,0.625,-0.20999999999999364,time,0.20399999999999363,time,False,short
2024-01-30,147.486,147.261,0.39200000000002433,-0.22799999999999432,time,0.2219999999999943,time,False,short
2024-01-31,147.333,147.499,0.7119999999999891,0.497,tp,-0.503,sl,False,long
2024-02-01,147.005,146.658,0.6560000000000059,-0.503,sl,0.497,tp,False,short
2024-02-02,146.46,147.964,1.711999999999989,0.497,tp,-0.503,sl,False,long
2024-02-05,148.512,148.567,0.5130000000000052,0.05200000000000682,time,-0.058000000000006824,time,False,long
2024-02-06,148.663,148.618,0.4259999999999877,-0.04800000000001592,time,0.042000000000015913,time,False,short
2024-02-07,147.82,148.18,0.5480000000000018,0.35700000000001364,time,-0.36300000000001365,time,False,long
2024-02-12,149.179,149.203,0.3240000000000123,0.02100000000000091,time,-0.02700000000000091,time,False,long
2024-02-13,149.404,150.433,1.261000000000024,0.497,tp,-0.503,sl,False,long
2024-02-14,150.722,150.713,0.43200000000001637,-0.012000000000014551,time,0.006000000000014552,time,False,short
2024-02-15,150.555,150.072,0.6340000000000146,-0.503,sl,0.497,tp,False,short
2024-02-16,149.958,150.518,0.7220000000000084,0.497,tp,-0.503,sl,False,long
2024-02-19,150.147,150.025,0.27599999999998204,-0.12499999999998568,time,0.11899999999998567,time,False,short
2024-02-20,150.27,149.983,0.507000000000005,-0.29000000000000614,time,0.28400000000000614,time,False,short
2024-02-21,149.966,150.077,0.33500000000000796,0.10799999999998999,time,-0.11399999999999,time,False,long
2024-02-22,150.338,150.566,0.5800000000000125,0.22500000000000864,time,-0.23100000000000864,time,False,long
2024-02-23,150.473,150.475,0.43600000000000705,-0.001000000000018872,time,-0.004999999999981128,time,False,long
2024-02-26,150.501,150.645,0.40399999999999636,0.14100000000000545,time,-0.14700000000000546,time,False,long
2024-02-27,150.57,150.271,0.5360000000000014,-0.3020000000000066,time,0.2960000000000066,time,False,short
2024-02-28,150.516,150.712,0.4240000000000066,0.19299999999999795,time,-0.19899999999999796,time,False,long
2024-02-29,150.656,149.778,1.0459999999999923,-0.503,sl,0.497,tp,False,short
2024-03-01,150.07,150.643,0.6270000000000095,0.497,tp,-0.503,sl,False,long
2024-03-04,150.129,150.458,0.731000000000023,0.32600000000000773,time,-0.33200000000000773,time,False,long
2024-03-05,150.457,150.087,0.48299999999997567,-0.37300000000000455,time,0.36700000000000454,time,False,short
2024-03-06,150.05,149.365,0.7599999999999909,-0.503,sl,0.497,tp,False,short
2024-03-07,149.259,147.768,1.6769999999999925,-0.503,sl,0.497,tp,False,short
2024-03-08,147.862,146.96,1.6359999999999957,-0.503,sl,0.497,tp,False,short
2024-03-11,146.796,146.963,0.603999999999985,0.1640000000000016,time,-0.1700000000000016,time,False,long
2024-03-12,146.737,147.806,1.5420000000000016,0.497,tp,-0.503,sl,False,long
2024-03-13,147.62,147.889,0.8129999999999882,0.26600000000000545,time,-0.27200000000000546,time,False,long
2024-03-14,147.588,147.996,0.7159999999999798,0.497,tp,-0.503,sl,False,long
2024-03-15,148.302,148.915,0.936000000000007,0.497,tp,-0.503,sl,False,long
2024-03-18,148.955,149.213,0.42099999999999227,0.25499999999998135,time,-0.26099999999998136,time,False,long
2024-03-19,149.153,150.67,1.6989999999999839,0.497,tp,-0.503,sl,False,long
2024-03-20,151.021,151.74,0.8149999999999977,0.497,tp,-0.503,sl,False,long
2024-03-21,150.737,151.402,1.1929999999999836,0.497,tp,-0.503,sl,False,long
2024-03-22,151.629,151.213,0.8590000000000089,-0.503,sl,0.497,tp,False,short
2024-03-25,151.311,151.268,0.38800000000000523,-0.04600000000000637,time,0.040000000000006364,time,False,short
2024-03-27,151.521,151.326,0.9449999999999932,-0.19799999999999318,time,0.19199999999999318,time,False,short
2024-03-28,151.292,151.265,0.3850000000000193,-0.030000000000015233,time,0.024000000000015235,time,False,short
2024-03-29,151.442,151.212,0.3149999999999977,-0.2330000000000182,time,0.2270000000000182,time,False,short
2024-04-01,151.401,151.571,0.40500000000000114,0.1669999999999875,time,-0.1729999999999875,time,False,long
2024-04-02,151.594,151.568,0.29999999999998295,-0.028999999999982037,time,0.02299999999998204,time,False,short
2024-04-03,151.545,151.917,0.51400000000001,0.3690000000000141,time,-0.3750000000000141,time,False,long
2024-04-04,151.581,151.589,0.26700000000002433,0.005000000000009777,time,-0.011000000000009776,time,False,long
2024-04-05,151.292,151.613,0.9399999999999977,0.31799999999999795,time,-0.32399999999999796,time,False,long
2024-04-08,151.679,151.734,0.271000000000015,0.05200000000000682,time,-0.058000000000006824,time,False,long
2024-04-09,151.833,151.769,0.22900000000001342,-0.06699999999999295,time,0.06099999999999295,time,False,short
2024-04-12,153.195,152.927,0.7930000000000064,-0.503,sl,0.497,tp,False,short
2024-04-15,153.305,154.358,1.1400000000000148,0.497,tp,-0.503,sl,False,long
2024-04-16,154.216,154.565,0.8689999999999998,0.497,tp,-0.503,sl,False,long
2024-04-17,154.698,154.626,0.27899999999999636,-0.07500000000000273,time,0.06900000000000273,time,False,short
2024-04-18,154.338,154.294,0.4519999999999982,-0.04699999999998272,time,0.04099999999998272,time,False,short
2024-04-19,154.614,154.32,1.0859999999999843,-0.503,sl,0.497,tp,False,short
2024-04-25,155.268,155.649,0.5040000000000191,0.3780000000000002,time,-0.38400000000000023,time,False,long
2024-04-26,155.621,156.931,1.9840000000000089,0.497,tp,-0.503,sl,True,long
2024-04-29,158.201,159.396,2.155000000000001,0.497,tp,-0.503,sl,False,long
2024-04-30,156.325,156.855,0.8329999999999984,0.497,tp,-0.503,sl,False,long
2024-05-20,155.763,156.081,0.7379999999999995,0.3149999999999836,time,-0.32099999999998363,time,False,long
2024-05-21,156.4,156.049,0.589999999999975,-0.3539999999999991,time,0.3479999999999991,time,False,short
2024-05-22,156.271,156.432,0.4619999999999891,0.15800000000000136,time,-0.16400000000000137,time,False,long
2024-05-23,156.733,157.089,0.6100000000000136,0.35299999999999454,time,-0.35899999999999455,time,False,long
2024-05-24,156.991,157.072,0.22500000000002274,0.07799999999998886,time,-0.08399999999998886,time,False,long
2024-05-27,156.867,156.818,0.2949999999999875,-0.051999999999978175,time,0.04599999999997817,time,False,short
2024-05-28,156.838,156.812,0.4129999999999825,-0.028999999999982037,time,0.02299999999998204,time,False,short
2024-05-29,157.272,157.342,0.5109999999999957,0.0670000000000216,time,-0.0730000000000216,time,False,long
2024-05-30,157.624,156.725,1.2549999999999955,-0.503,sl,0.497,tp,False,short
2024-05-31,156.991,156.694,0.7930000000000064,-0.30000000000002547,time,0.29400000000002546,time,False,short
2024-06-03,157.182,156.645,0.8340000000000032,-0.503,sl,0.497,tp,False,short
2024-06-04,156.091,154.866,1.7820000000000107,-0.503,sl,0.497,tp,False,short
2024-06-05,155.113,155.684,1.210000000000008,0.497,tp,-0.503,sl,False,long
2024-06-06,155.912,156.138,1.0909999999999798,-0.503,sl,0.497,tp,True,long
2024-06-07,155.676,156.956,1.86099999999999,-0.503,sl,0.497,tp,True,long
2024-06-10,156.821,156.897,0.47400000000001796,0.0729999999999934,time,-0.07899999999999341,time,False,long
2024-06-11,157.042,157.137,0.5889999999999986,0.09199999999999886,time,-0.09799999999999887,time,False,long
2024-06-12,157.111,155.778,1.5970000000000084,-0.503,sl,0.497,tp,False,short
2024-06-13,156.8,157.184,0.7319999999999993,0.497,tp,-0.503,sl,False,long
2024-06-14,157.123,157.261,1.460000000000008,0.497,tp,-0.503,sl,False,long
2024-06-17,157.56,157.889,0.7779999999999916,0.32600000000000773,time,-0.33200000000000773,time,False,long
2024-06-18,157.695,157.799,0.7140000000000271,0.497,tp,-0.503,sl,False,long
2024-06-19,157.87,157.886,0.3079999999999927,0.012999999999991133,time,-0.01899999999999113,time,False,long
2024-06-20,157.955,158.709,0.7719999999999914,0.497,tp,-0.503,sl,False,long
2024-06-21,158.936,159.149,0.539999999999992,0.20999999999999386,time,-0.21599999999999386,time,False,long
2024-06-24,159.897,159.445,1.1869999999999834,-0.503,sl,0.497,tp,False,short
2024-06-25,159.7,159.631,0.5149999999999864,-0.503,sl,0.497,tp,False,short
2024-06-26,159.7,160.349,0.7309999999999945,0.497,tp,-0.503,sl,False,long
2024-06-27,160.627,160.525,0.43600000000000705,-0.10500000000000387,time,0.09900000000000386,time,False,short
2024-06-28,160.704,160.461,1.021000000000015,0.497,tp,-0.503,sl,False,short
2024-07-01,160.922,161.344,0.7189999999999941,0.497,tp,-0.503,sl,False,long
2024-07-02,161.513,161.377,0.4519999999999982,-0.13899999999999568,time,0.13299999999999568,time,False,short
2024-07-05,161.361,161.264,0.8640000000000043,-0.503,sl,0.497,tp,False,short
2024-07-08,160.637,160.657,0.8410000000000082,0.017000000000010233,time,-0.02300000000001023,time,False,long
2024-07-09,160.859,161.015,0.43899999999999295,0.1529999999999775,time,-0.1589999999999775,time,False,long
2024-07-10,161.329,161.597,0.3100000000000023,0.2650000000000007,time,-0.2710000000000007,time,False,long
2024-07-12,158.275,158.299,2.0249999999999773,0.497,tp,-0.503,sl,True,long
2024-07-15,158.286,157.939,0.6160000000000139,-0.503,sl,0.497,tp,False,short
2024-07-16,158.15,158.635,0.75,0.497,tp,-0.503,sl,False,long
2024-07-17,158.361,156.278,2.5250000000000057,-0.503,sl,0.497,tp,False,short
2024-07-19,157.176,157.509,0.9099999999999966,0.497,tp,-0.503,sl,False,long
2024-07-22,157.423,156.854,1.3260000000000218,-0.503,sl,0.497,tp,False,short
2024-07-23,156.901,156.092,1.0079999999999814,-0.503,sl,0.497,tp,False,short
2024-07-26,153.699,154.563,1.2789999999999964,0.497,tp,-0.503,sl,False,long
2024-07-29,154.149,154.175,1.336999999999989,-0.503,sl,0.497,tp,False,long
2024-07-30,153.833,154.333,1.5979999999999848,0.497,tp,-0.503,sl,False,long
2024-07-31,152.658,149.82,4.109000000000009,-0.503,sl,0.497,tp,True,short
2024-08-01,149.786,150.521,2.3819999999999766,-0.503,sl,0.497,tp,True,long
2024-08-02,149.205,147.076,2.757000000000005,0.497,tp,-0.503,sl,True,short
2024-08-05,145.589,142.714,4.26400000000001,-0.503,sl,0.497,tp,False,short
2024-08-06,145.8,144.394,2.3200000000000216,0.497,tp,-0.503,sl,True,short
2024-08-07,144.743,147.219,3.2709999999999866,0.497,tp,-0.503,sl,False,long
2024-08-08,146.297,147.125,2.116000000000014,-0.503,sl,0.497,tp,True,long
2024-08-09,147.694,146.606,1.259999999999991,-0.503,sl,0.497,tp,False,short
2024-08-12,147.071,147.774,1.524000000000001,0.497,tp,-0.503,sl,False,long
2024-08-13,147.023,147.348,0.9420000000000073,0.497,tp,-0.503,sl,False,long
2024-08-14,146.944,146.959,1.509999999999991,-0.503,sl,0.497,tp,True,long
2024-08-15,147.273,149.077,2.2690000000000055,0.497,tp,-0.503,sl,False,long
2024-08-16,149.227,147.763,1.6550000000000011,-0.503,sl,0.497,tp,False,short
2024-08-20,146.711,146.11,1.5,-0.503,sl,0.497,tp,True,short
2024-08-21,145.322,146.175,1.2959999999999923,0.497,tp,-0.503,sl,False,long
2024-08-22,145.122,146.273,1.5550000000000068,0.497,tp,-0.503,sl,False,long
2024-08-23,146.208,145.986,1.0409999999999968,-0.503,sl,0.497,tp,False,short
2024-08-26,143.92,143.885,0.771000000000015,-0.03799999999999659,time,0.03199999999999659,time,False,short
2024-08-27,144.504,144.832,0.7250000000000227,0.497,tp,-0.503,sl,False,long
2024-08-28,143.964,144.843,1.1280000000000143,0.497,tp,-0.503,sl,False,long
2024-09-02,146.401,146.98,1.217000000000013,-0.503,sl,0.497,tp,True,long
2024-09-03,146.751,145.421,1.9269999999999925,-0.503,sl,0.497,tp,False,short
2024-09-04,145.365,144.777,0.804000000000002,-0.503,sl,0.497,tp,False,short
2024-09-05,143.334,143.192,1.0559999999999832,0.497,tp,-0.503,sl,False,short
2024-09-06,143.386,143.52,2.055000000000007,-0.503,sl,0.497,tp,True,long
2024-09-09,142.487,142.793,1.3810000000000002,0.497,tp,-0.503,sl,False,long
2024-09-10,143.18,143.005,0.9550000000000125,0.497,tp,-0.503,sl,False,short
2024-09-11,142.231,141.814,1.8389999999999986,-0.503,sl,0.497,tp,False,short
2024-09-12,142.637,142.007,1.1350000000000193,-0.503,sl,0.497,tp,False,short
2024-09-13,141.509,140.352,1.275999999999982,-0.503,sl,0.497,tp,False,short
2024-09-16,140.845,140.455,1.125,-0.503,sl,0.497,tp,False,short
2024-09-17,140.795,141.58,1.342000000000013,0.497,tp,-0.503,sl,False,long
2024-09-18,142.008,141.76,0.8349999999999795,-0.503,sl,0.497,tp,False,short
2024-09-19,142.698,143.327,1.7270000000000039,0.497,tp,-0.503,sl,True,long
2024-09-20,142.86,144.072,2.5490000000000066,-0.503,sl,0.497,tp,True,long
2024-09-23,144.086,144.052,0.804000000000002,-0.503,sl,0.497,tp,False,short
2024-09-24,143.632,143.963,1.3050000000000068,0.497,tp,-0.503,sl,False,long
2024-09-25,142.945,143.878,1.0010000000000048,0.497,tp,-0.503,sl,False,long
2024-10-02,143.724,145.742,2.2220000000000084,0.497,tp,-0.503,sl,False,long
2024-10-03,146.577,146.59,0.9380000000000166,0.497,tp,-0.503,sl,False,long
2024-10-04,146.841,148.403,2.8870000000000005,-0.503,sl,0.497,tp,True,long
2024-10-07,148.792,147.918,0.9619999999999891,-0.503,sl,0.497,tp,False,short
2024-10-15,149.722,149.186,0.8959999999999866,-0.503,sl,0.497,tp,False,short
2024-10-17,149.563,149.787,0.8409999999999798,0.497,tp,-0.503,sl,False,long
2024-10-18,150.103,149.736,0.5769999999999982,-0.503,sl,0.497,tp,False,short
2024-10-21,149.603,149.835,0.768999999999977,-0.503,sl,0.497,tp,False,long
2024-10-22,150.62,151.0,0.6080000000000041,0.37699999999999545,time,-0.38299999999999546,time,False,long
2024-10-28,152.955,152.756,1.47199999999998,0.497,tp,-0.503,sl,True,short
2024-10-29,153.141,152.833,0.48799999999999955,-0.3109999999999927,time,0.3049999999999927,time,False,short
2024-11-01,151.979,152.414,1.0560000000000116,0.497,tp,-0.503,sl,False,long
2024-11-04,152.288,151.828,0.757000000000005,-0.503,sl,0.497,tp,False,short
2024-11-05,152.276,152.045,0.5840000000000032,-0.23400000000002297,time,0.22800000000002296,time,False,short
2024-11-06,151.439,154.302,3.1740000000000066,0.497,tp,-0.503,sl,False,long
2024-11-07,154.307,153.498,1.2580000000000098,-0.503,sl,0.497,tp,False,short
2024-11-08,153.173,152.74,1.2270000000000039,-0.503,sl,0.497,tp,False,short
2024-11-11,152.91,153.77,1.0819999999999936,0.497,tp,-0.503,sl,False,long
2024-11-12,153.52,154.38,0.9920000000000186,0.497,tp,-0.503,sl,False,long
2024-11-13,154.656,154.507,0.7409999999999854,-0.1520000000000009,time,0.1460000000000009,time,False,short
2024-11-14,155.416,156.019,0.8360000000000127,0.497,tp,-0.503,sl,False,long
2024-11-15,156.48,155.325,1.5960000000000036,-0.503,sl,0.497,tp,False,short
2024-11-18,154.639,154.904,1.5180000000000007,-0.503,sl,0.497,tp,True,long
2024-11-19,154.614,153.976,0.8919999999999959,-0.503,sl,0.497,tp,False,short
2024-11-21,155.271,154.249,1.2180000000000177,-0.503,sl,0.497,tp,False,short
2024-11-25,154.148,154.419,1.1740000000000066,-0.503,sl,0.497,tp,True,long
2024-11-26,154.38,153.765,0.8120000000000118,-0.503,sl,0.497,tp,False,short
2024-11-27,152.93,151.484,1.677000000000021,-0.503,sl,0.497,tp,False,short
2024-11-28,151.338,151.567,0.6670000000000016,0.497,tp,-0.503,sl,False,long
2024-12-02,149.865,150.078,0.9450000000000216,0.497,tp,-0.503,sl,False,long
2024-12-03,149.516,148.854,1.4350000000000023,0.497,tp,-0.503,sl,True,short
2024-12-04,149.613,151.071,1.7079999999999984,0.497,tp,-0.503,sl,False,long
2024-12-05,150.547,150.605,1.0360000000000014,-0.503,sl,0.497,tp,False,long
2024-12-06,150.121,149.66,1.0060000000000002,0.497,tp,-0.503,sl,False,short
2024-12-11,151.839,152.293,1.8520000000000039,-0.503,sl,0.497,tp,True,long
2024-12-12,152.242,152.032,0.9729999999999848,0.497,tp,-0.503,sl,False,short
2024-12-13,152.595,153.3,1.1129999999999995,0.497,tp,-0.503,sl,False,long
2024-12-16,153.454,154.023,0.7769999999999868,0.497,tp,-0.503,sl,False,long
2024-12-17,154.091,153.771,0.6880000000000166,-0.3230000000000216,time,0.3170000000000216,time,False,short
2024-12-18,153.569,153.847,0.617999999999995,0.27500000000002,time,-0.28100000000002,time,False,long
2024-12-19,154.663,156.907,2.6820000000000164,0.497,tp,-0.503,sl,False,long
2024-12-20,157.647,156.516,1.575000000000017,-0.503,sl,0.497,tp,False,short
2024-12-23,156.563,157.215,0.9180000000000064,0.497,tp,-0.503,sl,False,long
2024-12-24,157.181,157.189,0.4590000000000032,0.004999999999981355,time,-0.010999999999981355,time,False,long
2024-12-25,157.056,157.311,0.3859999999999957,0.25199999999999545,time,-0.25799999999999546,time,False,long
2024-12-26,157.121,157.836,0.7730000000000246,0.497,tp,-0.503,sl,False,long
2024-12-27,157.763,157.793,0.4440000000000168,0.027000000000001138,time,-0.03300000000000114,time,False,long
2024-12-30,157.897,157.458,0.6229999999999905,-0.44199999999999295,time,0.43599999999999295,time,False,short
2024-12-31,157.005,157.01,1.024000000000001,-0.503,sl,0.497,tp,False,long
2025-01-03,157.359,157.184,0.4350000000000023,-0.17800000000001137,time,0.17200000000001137,time,False,short
2025-01-06,157.505,156.613,1.718999999999994,-0.503,sl,0.497,tp,False,short
2025-01-07,157.737,157.711,1.0510000000000161,0.497,tp,-0.503,sl,False,short
2025-01-08,158.22,158.324,0.4490000000000123,0.10100000000001341,time,-0.10700000000001342,time,False,long
2025-01-09,158.186,157.656,0.75,-0.503,sl,0.497,tp,False,short
2025-01-10,158.04,158.549,1.2549999999999955,0.497,tp,-0.503,sl,False,long
2025-01-14,157.309,157.774,1.0979999999999848,0.497,tp,-0.503,sl,False,long
2025-01-15,158.053,156.395,1.8319999999999936,-0.503,sl,0.497,tp,False,short
2025-01-16,156.218,155.902,1.3220000000000027,-0.503,sl,0.497,tp,False,short
2025-01-17,155.363,155.685,0.8700000000000045,0.3190000000000027,time,-0.32500000000000273,time,False,long
2025-01-20,156.313,155.719,0.7530000000000143,-0.503,sl,0.497,tp,False,short
2025-01-21,155.272,155.488,1.460000000000008,0.497,tp,-0.503,sl,True,long
2025-01-22,155.74,155.89,0.7630000000000052,0.14699999999997726,time,-0.15299999999997727,time,False,long
2025-01-23,156.431,156.205,0.6500000000000057,-0.2289999999999991,time,0.2229999999999991,time,False,short
2025-01-24,156.133,156.318,1.7379999999999995,-0.503,sl,0.497,tp,False,long
2025-01-27,155.719,154.199,2.533999999999992,0.497,tp,-0.503,sl,True,short
2025-01-28,154.912,155.486,1.1829999999999927,0.497,tp,-0.503,sl,False,long
2025-01-29,155.563,155.421,0.7880000000000109,-0.503,sl,0.497,tp,False,short
2025-01-30,155.174,153.904,1.3710000000000093,-0.503,sl,0.497,tp,False,short
2025-01-31,154.088,154.796,1.0030000000000143,0.497,tp,-0.503,sl,False,long
2025-02-03,155.358,154.646,1.5980000000000132,0.497,tp,-0.503,sl,True,short
2025-02-04,155.263,155.26,0.6979999999999791,-0.006000000000014325,time,1.4324479102878485e-14,time,False,short
2025-02-05,154.132,153.042,1.804000000000002,-0.503,sl,0.497,tp,False,short
2025-02-06,152.648,152.079,1.086999999999989,-0.503,sl,0.497,tp,False,short
2025-02-07,151.167,151.95,1.4639999999999986,0.497,tp,-0.503,sl,False,long
2025-02-10,151.875,151.862,0.9130000000000109,0.497,tp,-0.503,sl,False,short
2025-02-11,151.786,152.303,0.8619999999999948,0.497,tp,-0.503,sl,False,long
2025-02-12,152.765,154.414,1.7270000000000039,0.497,tp,-0.503,sl,False,long
2025-02-13,154.23,153.514,1.242999999999995,-0.503,sl,0.497,tp,False,short
2025-02-14,152.996,152.175,1.0010000000000048,-0.503,sl,0.497,tp,False,short
2025-02-17,152.004,151.473,0.7150000000000034,-0.503,sl,0.497,tp,False,short
2025-02-18,151.435,152.052,0.8059999999999832,0.497,tp,-0.503,sl,False,long
2025-02-19,151.92,152.134,0.41499999999999204,0.21099999999999863,time,-0.21699999999999864,time,False,long
2025-02-20,151.218,150.251,0.9900000000000091,-0.503,sl,0.497,tp,False,short
2025-03-05,149.824,149.017,1.2469999999999857,-0.503,sl,0.497,tp,False,short
2025-03-06,148.88,147.417,1.9819999999999993,-0.503,sl,0.497,tp,False,short
2025-03-07,148.146,147.225,1.0459999999999923,-0.503,sl,0.497,tp,False,short
2025-03-10,147.584,147.016,1.0699999999999932,-0.503,sl,0.497,tp,False,short
2025-03-11,147.076,147.556,1.1029999999999802,-0.503,sl,0.497,tp,True,long
2025-03-14,147.922,148.68,1.1740000000000066,0.497,tp,-0.503,sl,False,long
2025-03-17,148.605,148.83,0.835000000000008,0.22200000000002273,time,-0.22800000000002274,time,False,long
2025-03-18,149.394,149.597,0.6810000000000116,0.497,tp,-0.503,sl,False,long
2025-03-19,149.439,150.074,0.9660000000000082,0.497,tp,-0.503,sl,False,long
2025-03-20,148.456,148.777,0.6469999999999914,0.31799999999999795,time,-0.32399999999999796,time,False,long
2025-03-24,149.664,150.238,0.8019999999999925,0.497,tp,-0.503,sl,False,long
2025-03-25,150.784,149.779,1.2249999999999943,-0.503,sl,0.497,tp,False,short
2025-03-26,149.939,150.402,0.7110000000000127,0.497,tp,-0.503,sl,False,long
2025-03-28,150.849,150.639,0.8489999999999895,-0.21299999999997954,time,0.20699999999997953,time,False,short
2025-03-31,149.617,149.599,0.9399999999999977,-0.503,sl,0.497,tp,False,short
2025-04-01,149.946,149.197,0.8700000000000045,-0.503,sl,0.497,tp,False,short
2025-04-02,149.749,149.792,0.228999999999985,0.040000000000006364,time,-0.04600000000000637,time,False,long
2025-04-08,147.789,147.352,1.3009999999999877,-0.503,sl,0.497,tp,False,short
2025-04-09,145.848,144.913,1.9470000000000027,-0.503,sl,0.497,tp,False,short
2025-04-10,147.402,145.45,2.584000000000003,-0.503,sl,0.497,tp,False,short
2025-04-11,143.754,142.521,2.0819999999999936,-0.503,sl,0.497,tp,False,short
2025-04-14,143.692,143.635,1.8530000000000086,-0.503,sl,0.497,tp,False,short
2025-04-15,143.214,143.045,0.9960000000000093,-0.503,sl,0.497,tp,False,short
2025-04-16,143.157,142.438,1.1289999999999907,-0.503,sl,0.497,tp,False,short
2025-04-17,141.927,142.582,1.2419999999999902,0.497,tp,-0.503,sl,False,long
2025-04-18,142.351,142.347,0.24600000000000932,-0.006999999999990678,time,0.0009999999999906776,time,False,short
2025-04-21,141.589,140.74,1.1219999999999857,-0.503,sl,0.497,tp,False,short
2025-04-22,140.872,140.765,1.2870000000000061,-0.503,sl,0.497,tp,False,short
2025-04-25,142.853,143.753,1.054000000000002,0.497,tp,-0.503,sl,False,long
2025-04-28,143.851,143.081,0.8269999999999982,-0.503,sl,0.497,tp,False,short
2025-04-29,142.18,142.2,0.7090000000000032,0.497,tp,-0.503,sl,False,long
2025-04-30,142.259,142.665,0.9819999999999993,0.497,tp,-0.503,sl,False,long
2025-05-01,143.018,144.56,1.9230000000000018,0.497,tp,-0.503,sl,False,long
2025-05-02,145.406,143.863,2.194999999999993,0.497,tp,-0.503,sl,True,short
2025-05-05,144.649,143.671,1.2580000000000098,-0.503,sl,0.497,tp,False,short
2025-05-06,143.702,142.463,1.921999999999997,0.497,tp,-0.503,sl,True,short
2025-05-07,143.089,143.209,0.7079999999999984,0.11700000000000454,time,-0.12300000000000455,time,False,long
2025-05-08,143.86,144.537,1.5609999999999786,0.497,tp,-0.503,sl,False,long
2025-05-09,145.948,145.155,1.2549999999999955,-0.503,sl,0.497,tp,False,short
2025-05-12,145.836,148.085,2.875,0.497,tp,-0.503,sl,False,long
2025-05-13,148.257,147.881,0.6279999999999859,-0.503,sl,0.497,tp,False,short
2025-05-14,147.521,145.999,1.9069999999999823,-0.503,sl,0.497,tp,False,short
2025-05-16,145.571,145.235,0.6990000000000123,-0.503,sl,0.497,tp,False,short
2025-05-20,144.976,144.848,1.4230000000000018,0.497,tp,-0.503,sl,True,short
2025-05-21,144.319,143.713,0.8899999999999864,-0.503,sl,0.497,tp,False,short
2025-05-22,143.691,143.882,1.0960000000000036,-0.503,sl,0.497,tp,False,long
2025-05-23,143.859,142.798,1.561000000000007,-0.503,sl,0.497,tp,False,short
2025-05-26,142.821,142.835,0.8070000000000164,-0.503,sl,0.497,tp,False,long
2025-05-27,142.627,144.17,2.0740000000000123,-0.503,sl,0.497,tp,True,long
2025-05-28,144.133,144.893,1.1200000000000045,0.497,tp,-0.503,sl,False,long
2025-05-29,145.724,144.364,2.0200000000000102,0.497,tp,-0.503,sl,True,short
2025-05-30,143.751,143.846,0.7860000000000014,0.09199999999999886,time,-0.09799999999999887,time,False,long
2025-06-02,143.798,142.9,1.1769999999999925,-0.503,sl,0.497,tp,False,short
2025-06-03,142.425,143.081,0.8439999999999941,0.497,tp,-0.503,sl,False,long
2025-06-04,143.818,143.691,0.8870000000000005,0.497,tp,-0.503,sl,False,short
2025-06-05,142.724,143.025,1.1180000000000234,0.497,tp,-0.503,sl,False,long
2025-06-06,143.554,144.904,1.4450000000000216,0.497,tp,-0.503,sl,False,long
2025-06-10,144.564,144.529,0.8850000000000193,0.497,tp,-0.503,sl,False,short
2025-06-11,144.836,145.049,0.6290000000000191,0.20999999999999386,time,-0.21599999999999386,time,False,long
2025-06-12,144.18,143.288,1.1610000000000014,-0.503,sl,0.497,tp,False,short
2025-06-13,143.094,144.097,1.6910000000000025,0.497,tp,-0.503,sl,False,long
2025-06-16,144.568,143.806,0.8310000000000173,-0.503,sl,0.497,tp,False,short
2025-06-17,144.682,144.885,0.7279999999999802,0.20000000000000295,time,-0.20600000000000296,time,False,long
2025-06-18,145.384,144.866,0.7270000000000039,-0.503,sl,0.497,tp,False,short
2025-06-19,144.953,145.669,1.0360000000000014,0.497,tp,-0.503,sl,False,long
2025-06-20,145.228,145.743,0.7019999999999982,0.497,tp,-0.503,sl,False,long
2025-06-23,146.21,147.311,1.882000000000005,0.497,tp,-0.503,sl,False,long
2025-06-24,145.92,145.047,1.0870000000000175,-0.503,sl,0.497,tp,False,short
2025-06-25,144.934,145.861,1.3430000000000177,0.497,tp,-0.503,sl,False,long
2025-06-30,144.5,144.363,0.9830000000000041,-0.503,sl,0.497,tp,False,short
2025-07-01,143.806,143.057,1.2539999999999907,-0.503,sl,0.497,tp,False,short
2025-07-02,143.372,144.0,0.9250000000000114,0.497,tp,-0.503,sl,False,long
2025-07-03,143.519,144.741,1.7889999999999873,0.497,tp,-0.503,sl,False,long
2025-07-07,144.487,145.59,1.4209999999999923,0.497,tp,-0.503,sl,False,long
2025-07-08,145.878,146.587,0.8189999999999884,0.497,tp,-0.503,sl,False,long
2025-07-09,146.866,146.46,0.820999999999998,-0.503,sl,0.497,tp,False,short
2025-07-10,146.103,146.578,0.8600000000000136,0.497,tp,-0.503,sl,False,long
2025-07-11,146.276,147.285,1.039999999999992,0.497,tp,-0.503,sl,False,long
2025-07-16,148.781,148.807,0.570999999999998,0.02299999999998204,time,-0.028999999999982037,time,False,long
2025-07-17,147.995,148.712,1.1049999999999898,0.497,tp,-0.503,sl,False,long
2025-07-21,148.453,147.491,1.225999999999999,-0.503,sl,0.497,tp,False,short
2025-07-22,147.399,147.534,0.5860000000000127,0.497,tp,-0.503,sl,False,long
2025-07-23,146.755,146.542,1.108000000000004,-0.503,sl,0.497,tp,False,short
2025-07-24,146.35,146.539,1.0190000000000055,0.497,tp,-0.503,sl,False,long
2025-07-25,147.009,147.856,1.1310000000000002,0.497,tp,-0.503,sl,False,long
2025-07-28,147.781,147.854,0.2779999999999916,0.0700000000000075,time,-0.0760000000000075,time,False,long
2025-08-04,147.347,147.086,1.1310000000000002,0.497,tp,-0.503,sl,False,short
2025-08-06,147.524,147.246,0.643999999999977,-0.2809999999999916,time,0.2749999999999916,time,False,short
2025-08-07,147.192,147.271,1.0200000000000102,0.497,tp,-0.503,sl,True,long
2025-08-08,146.797,147.877,1.1810000000000116,0.497,tp,-0.503,sl,False,long
2025-08-18,147.229,147.817,0.8019999999999925,0.497,tp,-0.503,sl,False,long
2025-08-19,147.918,147.651,0.5809999999999889,-0.2699999999999959,time,0.2639999999999959,time,False,short
2025-08-20,147.742,147.154,0.7299999999999898,-0.503,sl,0.497,tp,False,short
2025-08-21,147.301,147.796,0.6820000000000164,0.497,tp,-0.503,sl,False,long
2025-08-22,148.385,148.602,0.4949999999999761,0.21400000000001296,time,-0.22000000000001296,time,False,long
2025-08-25,147.265,147.309,0.4479999999999791,0.04100000000001114,time,-0.047000000000011144,time,False,long
2025-08-26,147.81,147.542,0.9230000000000018,-0.503,sl,0.497,tp,False,short
2025-08-27,147.475,148.084,0.7819999999999823,0.497,tp,-0.503,sl,False,long
2025-08-28,147.335,147.092,0.6810000000000116,-0.503,sl,0.497,tp,False,short
2025-08-29,146.831,147.1,0.6449999999999818,0.497,tp,-0.503,sl,False,long
2025-09-01,147.121,147.252,0.5929999999999893,0.12800000000000022,time,-0.13400000000000023,time,False,long
2025-09-02,147.094,148.407,1.8499999999999943,0.497,tp,-0.503,sl,False,long
2025-09-03,148.582,148.626,0.7049999999999841,0.497,tp,-0.503,sl,False,long
2025-09-04,147.973,148.417,0.7400000000000091,0.497,tp,-0.503,sl,False,long
2025-09-05,148.419,147.058,1.399000000000001,-0.503,sl,0.497,tp,False,short
2025-09-08,148.315,147.676,1.11099999999999,-0.503,sl,0.497,tp,False,short
2025-09-09,147.374,146.864,1.122000000000014,-0.503,sl,0.497,tp,False,short
2025-09-10,147.391,147.34,0.5629999999999882,-0.053999999999987724,time,0.04799999999998772,time,False,short
2025-09-11,147.355,147.359,0.8580000000000041,0.497,tp,-0.503,sl,False,long
2025-09-12,147.226,147.719,0.9060000000000059,0.497,tp,-0.503,sl,False,long
2025-09-15,147.677,147.347,0.45699999999999363,-0.3329999999999841,time,0.3269999999999841,time,False,short
2025-09-16,147.406,146.954,0.8470000000000084,-0.503,sl,0.497,tp,False,short
2025-09-17,146.411,146.336,0.47299999999998477,-0.07799999999998863,time,0.07199999999998863,time,False,short
2025-09-18,146.88,148.058,1.421999999999997,0.497,tp,-0.503,sl,False,long
2025-09-19,147.966,147.832,0.813999999999993,-0.13700000000001455,time,0.13100000000001455,time,False,short
2025-09-22,148.105,147.819,0.646000000000015,-0.28900000000000137,time,0.28300000000000136,time,False,short
2025-09-23,147.731,147.609,0.3569999999999993,-0.12499999999998568,time,0.11899999999998567,time,False,short
2025-09-24,147.601,148.709,1.2580000000000098,0.497,tp,-0.503,sl,False,long
2025-09-25,148.783,148.792,0.3020000000000209,0.006000000000014552,time,-0.012000000000014551,time,False,long
2025-09-26,149.874,149.736,0.4379999999999882,-0.14100000000000523,time,0.13500000000000523,time,False,short
2025-09-29,149.412,148.581,0.9419999999999789,-0.503,sl,0.497,tp,False,short
2025-09-30,148.619,147.897,1.0349999999999966,-0.503,sl,0.497,tp,False,short
2025-10-01,148.024,146.712,1.63900000000001,-0.503,sl,0.497,tp,False,short
2025-10-02,147.108,147.225,0.7789999999999964,-0.503,sl,0.497,tp,False,long
2025-10-03,147.155,147.322,0.6589999999999918,0.497,tp,-0.503,sl,False,long
2025-10-06,149.58,149.931,1.0279999999999916,0.497,tp,-0.503,sl,False,long
2025-10-07,150.36,150.934,0.7809999999999775,0.497,tp,-0.503,sl,False,long
2025-10-08,152.057,152.59,0.9419999999999789,0.497,tp,-0.503,sl,False,long
2025-10-09,152.714,152.865,1.108000000000004,0.497,tp,-0.503,sl,True,long
2025-10-10,153.024,152.557,0.785000000000025,-0.503,sl,0.497,tp,False,short
2025-10-14,152.458,151.996,0.9959999999999809,-0.503,sl,0.497,tp,False,short
2025-10-17,150.148,150.357,1.1620000000000061,-0.503,sl,0.497,tp,False,long
2025-10-20,150.917,150.766,0.9269999999999925,-0.503,sl,0.497,tp,False,short
2025-10-21,150.821,151.599,1.7050000000000125,0.497,tp,-0.503,sl,False,long
2025-10-22,151.877,151.97,0.5579999999999927,0.08999999999998931,time,-0.09599999999998932,time,False,long
2025-10-23,151.986,152.684,0.820999999999998,0.497,tp,-0.503,sl,False,long
2025-10-24,152.609,152.823,0.8100000000000023,0.21099999999999863,time,-0.21699999999999864,time,False,long
2025-10-27,153.078,153.108,0.6899999999999977,-0.503,sl,0.497,tp,False,long
2025-10-28,152.699,152.19,0.9770000000000039,-0.503,sl,0.497,tp,False,short
2025-10-29,151.737,151.999,1.0039999999999907,0.497,tp,-0.503,sl,False,long
2025-10-30,152.727,154.198,2.2819999999999823,-0.503,sl,0.497,tp,True,long
2025-10-31,153.906,154.077,0.7600000000000193,0.497,tp,-0.503,sl,False,long
2025-11-03,154.201,154.248,0.3079999999999927,0.04399999999999704,time,-0.04999999999999705,time,False,long
2025-11-05,153.549,153.981,1.0340000000000202,-0.503,sl,0.497,tp,False,long
2025-11-06,154.089,153.502,0.7379999999999995,-0.503,sl,0.497,tp,False,short
2025-11-07,152.953,153.359,0.6829999999999927,0.497,tp,-0.503,sl,False,long
2025-11-10,153.828,154.059,0.8470000000000084,0.22799999999999454,time,-0.23399999999999455,time,False,long
2025-11-11,154.151,153.775,0.8249999999999886,-0.3790000000000048,time,0.37300000000000477,time,False,short
2025-11-12,154.084,154.94,0.9439999999999884,0.497,tp,-0.503,sl,False,long
2025-11-13,154.709,154.648,0.688999999999993,-0.06400000000000705,time,0.058000000000007046,time,False,short
2025-11-14,154.634,154.087,1.1479999999999961,-0.503,sl,0.497,tp,False,short
2025-11-17,154.592,154.89,0.5010000000000048,0.2949999999999734,time,-0.3009999999999734,time,False,long
2025-11-18,155.278,155.171,0.625,-0.10999999999999932,time,0.10399999999999932,time,False,short
2025-11-19,155.527,156.282,1.082000000000022,0.497,tp,-0.503,sl,False,long
2025-11-20,156.998,157.573,0.9960000000000093,0.497,tp,-0.503,sl,False,long
2025-11-21,157.384,156.813,0.9840000000000089,-0.503,sl,0.497,tp,False,short
2025-11-24,156.686,156.913,0.48799999999999955,0.22400000000000386,time,-0.23000000000000387,time,False,long
2025-11-25,156.904,156.148,0.9540000000000077,-0.503,sl,0.497,tp,False,short
2025-11-26,156.198,156.663,1.032999999999987,-0.503,sl,0.497,tp,False,long
2025-11-27,156.219,156.265,0.6839999999999975,0.04299999999999227,time,-0.04899999999999227,time,False,long
2025-11-28,156.291,156.019,0.5790000000000077,-0.27499999999999136,time,0.26899999999999136,time,False,short
2025-12-01,155.907,154.841,1.3290000000000077,-0.503,sl,0.497,tp,False,short
2025-12-02,155.56,155.973,0.6229999999999905,0.497,tp,-0.503,sl,False,long
2025-12-03,155.764,155.414,0.45000000000001705,-0.35300000000002274,time,0.34700000000002273,time,False,short
2025-12-04,155.114,154.802,1.0339999999999918,-0.503,sl,0.497,tp,False,short
2025-12-05,155.132,155.172,0.9180000000000064,-0.503,sl,0.497,tp,False,long
2025-12-08,155.31,155.629,0.7599999999999909,0.3159999999999884,time,-0.3219999999999884,time,False,long
2025-12-09,155.846,156.344,0.7709999999999866,0.497,tp,-0.503,sl,False,long
2025-12-10,156.805,156.553,0.3859999999999957,-0.25500000000000955,time,0.24900000000000955,time,False,short
2025-12-11,155.749,155.281,0.936000000000007,-0.503,sl,0.497,tp,False,short
2025-12-12,155.502,156.046,0.6680000000000064,0.497,tp,-0.503,sl,False,long
2025-12-15,155.869,155.158,1.1359999999999957,-0.503,sl,0.497,tp,False,short
2025-12-16,155.034,154.714,0.7270000000000039,-0.503,sl,0.497,tp,False,short
2025-12-17,154.771,155.435,1.125,0.497,tp,-0.503,sl,False,long
2025-12-18,155.488,155.594,0.6370000000000005,0.10299999999999454,time,-0.10899999999999455,time,False,long
2025-12-19,155.579,157.324,1.843999999999994,0.497,tp,-0.503,sl,False,long
2025-12-22,157.623,157.421,0.4309999999999832,-0.20499999999999818,time,0.19899999999999818,time,False,short
2025-12-23,156.92,156.462,0.5060000000000002,-0.4609999999999984,time,0.4549999999999984,time,False,short
2025-12-24,156.169,155.655,0.6809999999999832,-0.503,sl,0.497,tp,False,short
2025-12-29,156.485,156.23,0.45999999999997954,-0.2580000000000239,time,0.25200000000002387,time,False,short
2025-12-30,155.994,156.195,0.5949999999999989,0.1979999999999934,time,-0.2039999999999934,time,False,long
2025-12-31,156.394,156.81,0.5029999999999859,0.4129999999999968,time,-0.4189999999999968,time,False,long
2026-01-02,156.72,156.904,0.4819999999999993,0.1809999999999975,time,-0.1869999999999975,time,False,long
2026-01-05,156.998,156.988,0.3779999999999859,-0.012999999999990904,time,0.006999999999990905,time,False,short
2026-01-06,156.615,156.367,0.5589999999999975,-0.2510000000000189,time,0.24500000000001887,time,False,short
2026-01-07,156.663,156.416,0.4450000000000216,-0.2500000000000141,time,0.2440000000000141,time,False,short
2026-01-08,156.694,156.961,0.33199999999999363,0.2640000000000243,time,-0.27000000000002433,time,False,long
2026-01-09,156.868,157.576,0.8670000000000186,0.497,tp,-0.503,sl,False,long
2026-01-12,158.137,157.841,0.6880000000000166,-0.503,sl,0.497,tp,False,short
2026-01-13,157.977,158.88,1.085000000000008,0.497,tp,-0.503,sl,False,long
2026-01-14,159.196,158.595,1.3149999999999977,-0.503,sl,0.497,tp,False,short
2026-01-15,158.424,158.827,0.6280000000000143,0.3999999999999916,time,-0.4059999999999916,time,False,long
2026-01-16,158.591,158.022,0.7599999999999909,-0.503,sl,0.497,tp,False,short
2026-01-19,157.554,157.919,0.7430000000000234,0.497,tp,-0.503,sl,False,long
2026-01-20,158.164,157.862,1.0459999999999923,-0.503,sl,0.497,tp,False,short
2026-01-21,158.153,157.884,0.5360000000000014,-0.27200000000000546,time,0.26600000000000545,time,False,short
2026-01-22,158.46,158.699,0.6800000000000068,0.23600000000000432,time,-0.24200000000000432,time,False,long
2026-01-23,158.488,158.266,0.8790000000000191,-0.503,sl,0.497,tp,False,short
2026-01-26,155.149,154.132,2.0389999999999873,-0.503,sl,0.497,tp,False,short
2026-01-27,154.386,153.727,1.7010000000000218,-0.503,sl,0.497,tp,False,short
2026-01-28,152.49,152.605,0.7900000000000205,0.497,tp,-0.503,sl,False,long
2026-01-29,153.084,153.436,0.693000000000012,0.34900000000000386,time,-0.35500000000000387,time,False,long
2026-01-30,153.142,154.164,1.3050000000000068,0.497,tp,-0.503,sl,False,long
2026-02-02,155.225,155.225,0.8410000000000082,-0.503,sl,0.497,tp,False,short
2026-02-03,155.472,155.881,0.6839999999999975,0.497,tp,-0.503,sl,False,long
2026-02-04,155.806,156.478,1.0480000000000018,0.497,tp,-0.503,sl,False,long
2026-02-05,156.905,156.591,0.8070000000000164,-0.31699999999999295,time,0.31099999999999295,time,False,short
2026-02-06,156.804,156.932,0.6450000000000102,0.1249999999999859,time,-0.1309999999999859,time,False,long
2026-02-09,157.251,155.929,1.3810000000000002,-0.503,sl,0.497,tp,False,short
2026-02-10,156.127,154.757,1.5660000000000025,-0.503,sl,0.497,tp,False,short
2026-02-11,154.498,153.831,1.8520000000000039,-0.503,sl,0.497,tp,False,short
2026-02-12,153.268,153.265,1.490000000000009,-0.503,sl,0.497,tp,False,short
2026-02-13,152.788,153.066,0.929000000000002,0.497,tp,-0.503,sl,False,long
2026-02-16,152.798,153.334,0.867999999999995,0.497,tp,-0.503,sl,False,long
2026-02-17,153.55,153.277,0.8880000000000052,-0.503,sl,0.497,tp,False,short
2026-02-18,153.13,153.944,0.8770000000000095,0.497,tp,-0.503,sl,False,long
2026-02-19,154.687,154.915,0.7990000000000066,0.497,tp,-0.503,sl,False,long
2026-02-20,155.196,155.417,0.7439999999999998,0.21800000000000364,time,-0.22400000000000364,time,False,long
2026-02-23,154.342,154.622,1.046999999999997,0.497,tp,-0.503,sl,False,long
2026-02-24,154.66,156.056,1.6580000000000155,0.497,tp,-0.503,sl,False,long
2026-02-25,155.91,156.694,1.4800000000000182,-0.503,sl,0.497,tp,True,long
2026-02-26,156.168,156.076,0.5310000000000059,-0.09500000000001296,time,0.08900000000001296,time,False,short
2026-02-27,155.857,155.889,0.695999999999998,0.029000000000010687,time,-0.03500000000001069,time,False,long
2026-03-02,156.633,157.518,1.4460000000000264,0.497,tp,-0.503,sl,False,long
2026-03-03,157.27,157.801,0.7949999999999875,0.497,tp,-0.503,sl,False,long
2026-03-05,156.977,157.761,1.329999999999984,-0.503,sl,0.497,tp,True,long
2026-03-06,157.564,157.842,0.492999999999995,0.27500000000002,time,-0.28100000000002,time,False,long
2026-03-16,159.56,158.935,0.7390000000000043,-0.503,sl,0.497,tp,False,short
2026-03-17,159.133,158.873,0.7740000000000009,-0.26300000000001933,time,0.2570000000000193,time,False,short
2026-03-18,158.908,159.495,1.0159999999999911,0.497,tp,-0.503,sl,False,long
2026-03-19,159.816,158.221,1.7270000000000039,-0.503,sl,0.497,tp,False,short
2026-03-20,157.93,159.018,1.2729999999999961,0.497,tp,-0.503,sl,False,long
2026-03-23,159.148,158.455,1.4139999999999873,0.497,tp,-0.503,sl,True,short
2026-03-24,158.482,158.804,0.5510000000000161,0.3190000000000027,time,-0.32500000000000273,time,False,long
2026-03-25,158.703,159.148,0.6260000000000048,0.4419999999999932,time,-0.4479999999999932,time,False,long
2026-03-26,159.39,159.523,0.41399999999998727,0.13000000000000977,time,-0.13600000000000978,time,False,long
2026-03-27,159.723,159.888,0.5229999999999961,0.16199999999999204,time,-0.16799999999999204,time,False,long
2026-03-30,160.232,159.526,0.9240000000000066,-0.503,sl,0.497,tp,False,short
2026-03-31,159.844,159.08,0.8979999999999961,-0.503,sl,0.497,tp,False,short
2026-04-01,158.585,158.628,0.7390000000000043,0.03999999999997794,time,-0.04599999999997795,time,False,long
2026-04-02,158.712,159.467,1.1620000000000061,0.497,tp,-0.503,sl,False,long
2026-04-03,159.493,159.513,0.39500000000001023,0.017000000000010233,time,-0.02300000000001023,time,False,long
2026-04-06,159.78,159.476,0.49799999999999045,-0.30700000000000205,time,0.30100000000000204,time,False,short
2026-04-07,159.694,159.887,0.4619999999999891,0.19000000000001205,time,-0.19600000000001205,time,False,long
2026-04-08,158.717,158.273,0.9070000000000107,-0.503,sl,0.497,tp,False,short
2026-04-09,158.651,159.083,0.4960000000000093,0.42899999999998795,time,-0.43499999999998795,time,False,long
2026-04-10,159.093,159.167,0.47399999999998954,0.07100000000001228,time,-0.07700000000001228,time,False,long
2026-04-13,159.679,159.543,0.3170000000000073,-0.13899999999999568,time,0.13299999999999568,time,False,short
2026-04-14,159.22,158.858,0.6599999999999966,-0.503,sl,0.497,tp,False,short
2026-04-15,158.802,159.024,0.5060000000000002,0.2190000000000084,time,-0.22500000000000842,time,False,long
2026-04-16,158.815,159.218,1.0430000000000064,-0.503,sl,0.497,tp,False,long
2026-04-17,159.209,158.189,1.4599999999999795,-0.503,sl,0.497,tp,False,short
2026-04-20,159.153,158.63,0.6370000000000005,-0.503,sl,0.497,tp,False,short
2026-04-21,158.848,159.088,0.4619999999999891,0.23699999999998067,time,-0.24299999999998068,time,False,long
2026-04-22,159.381,159.174,0.2990000000000066,-0.20999999999999364,time,0.20399999999999363,time,False,short
2026-04-23,159.486,159.571,0.4830000000000041,0.08200000000000796,time,-0.08800000000000796,time,False,long
2026-04-24,159.754,159.591,0.5060000000000002,-0.1659999999999825,time,0.1599999999999825,time,False,short
2026-04-29,159.557,160.182,0.6730000000000018,0.497,tp,-0.503,sl,False,long
2026-04-30,160.198,156.821,5.169000000000011,0.497,tp,-0.503,sl,True,short
2026-05-01,156.988,156.491,1.8400000000000034,-0.503,sl,0.497,tp,False,short
2026-05-07,156.522,156.339,0.5060000000000002,-0.503,sl,0.497,tp,False,short
2026-05-08,156.857,156.515,0.5580000000000211,-0.34500000000001296,time,0.33900000000001296,time,False,short
2026-05-11,156.864,157.031,0.3400000000000034,0.1640000000000016,time,-0.1700000000000016,time,False,long
2026-05-12,157.238,157.648,1.021000000000015,0.497,tp,-0.503,sl,True,long
2026-05-13,157.673,157.773,0.3329999999999984,0.09699999999999431,time,-0.10299999999999432,time,False,long
2026-05-14,157.858,157.908,0.8600000000000136,-0.503,sl,0.497,tp,False,long
2026-05-15,158.381,158.685,0.45000000000001705,0.30100000000000204,time,-0.30700000000000205,time,False,long
2026-05-18,158.849,158.689,0.46100000000001273,-0.1629999999999966,time,0.1569999999999966,time,False,short
2026-05-19,158.869,159.048,0.5409999999999968,0.17600000000000204,time,-0.18200000000000205,time,False,long
2026-05-20,159.043,159.103,0.2939999999999827,0.05700000000000227,time,-0.06300000000000228,time,False,long
2026-05-21,158.887,158.979,0.27700000000001523,0.08900000000001296,time,-0.09500000000001296,time,False,long
2026-05-22,159.026,159.088,0.15899999999999181,0.0589999999999834,time,-0.0649999999999834,time,False,long
2026-05-26,158.952,159.276,0.38900000000001,0.3210000000000123,time,-0.3270000000000123,time,False,long
2026-05-27,159.251,159.383,0.27299999999999613,0.129000000000005,time,-0.135000000000005,time,False,long
2026-05-28,159.572,159.449,0.3370000000000175,-0.12599999999999045,time,0.11999999999999045,time,False,short
2026-05-29,159.27,159.301,0.17799999999999727,0.02799999999997749,time,-0.03399999999997749,time,False,long
2026-06-01,159.36,159.734,0.37999999999999545,0.3709999999999952,time,-0.37699999999999523,time,False,long
2026-06-02,159.644,159.804,0.20000000000001705,0.1569999999999966,time,-0.1629999999999966,time,False,long
2026-06-03,159.982,159.974,0.6299999999999955,-0.503,sl,0.497,tp,False,short
2026-06-04,159.947,159.917,0.3919999999999959,-0.03300000000000114,time,0.027000000000001138,time,False,short
2026-06-05,159.993,160.145,0.5360000000000014,0.14900000000001523,time,-0.15500000000001524,time,False,long
2026-06-08,160.337,160.033,0.5430000000000064,-0.30700000000000205,time,0.30100000000000204,time,False,short
2026-06-09,160.183,160.197,0.2259999999999991,0.011000000000010005,time,-0.017000000000010004,time,False,long
2026-06-10,160.392,160.385,0.29300000000000637,-0.010000000000005001,time,0.004000000000005002,time,False,short
2026-06-11,160.53,160.485,0.16899999999998272,-0.0479999999999875,time,0.04199999999998749,time,False,short
2026-06-12,160.138,160.273,0.42500000000001137,0.1319999999999909,time,-0.1379999999999909,time,False,long
2026-06-15,159.958,160.072,0.34799999999998477,0.11100000000000432,time,-0.11700000000000432,time,False,long
2026-06-16,160.244,160.394,0.3580000000000041,0.14700000000000568,time,-0.1530000000000057,time,False,long
2026-06-17,160.422,160.31,0.3079999999999927,-0.11499999999999477,time,0.10899999999999477,time,False,short
2026-06-18,160.604,160.885,0.47400000000001796,0.2779999999999775,time,-0.2839999999999775,time,False,long
2026-06-19,161.298,161.295,0.46999999999999886,-0.006000000000014325,time,1.4324479102878485e-14,time,False,short
2026-06-22,161.439,161.74,0.34899999999998954,0.29800000000001614,time,-0.30400000000001615,time,False,long
2026-06-23,161.575,161.642,0.21600000000000819,0.06400000000000727,time,-0.07000000000000728,time,False,long
2026-06-26,161.803,161.627,0.3160000000000025,-0.17899999999998772,time,0.17299999999998772,time,False,short
2026-06-29,161.794,161.957,0.24600000000000932,0.1599999999999825,time,-0.1659999999999825,time,False,long
2026-06-30,161.923,162.467,0.5869999999999891,0.497,tp,-0.503,sl,False,long
2026-07-01,162.633,162.407,0.5440000000000111,-0.2289999999999991,time,0.2229999999999991,time,False,short
2026-07-02,162.546,160.856,1.967000000000013,-0.503,sl,0.497,tp,False,short
2026-07-03,161.456,161.253,1.0419999999999732,-0.503,sl,0.497,tp,False,short
2026-07-06,161.458,162.335,0.9690000000000225,0.497,tp,-0.503,sl,False,long
2026-07-07,162.094,161.899,0.5220000000000198,-0.19799999999999318,time,0.19199999999999318,time,False,short
2026-07-08,162.363,162.539,0.4919999999999902,0.17299999999998772,time,-0.17899999999998772,time,False,long
2026-07-09,162.541,162.336,0.3259999999999934,-0.2079999999999841,time,0.20199999999998408,time,False,short
2026-07-13,161.885,162.223,0.3509999999999991,0.3350000000000223,time,-0.3410000000000223,time,False,long
