day,entry,close,range,R_long,why_long,R_short,why_short,both_touch,real_dir
2021-01-04,103.247,102.912,0.4130000000000109,-0.33799999999999375,time,0.33199999999999374,time,False,short
2021-01-06,102.684,102.741,0.2780000000000058,0.05400000000000216,time,-0.06000000000000216,time,False,long
2021-01-07,103.021,103.363,0.4280000000000115,0.33899999999999875,time,-0.34499999999999875,time,False,long
2021-01-13,103.749,103.688,0.22499999999999432,-0.06399999999999284,time,0.057999999999992835,time,False,short
2021-01-14,103.827,104.029,0.39799999999999613,0.19899999999999818,time,-0.20499999999999818,time,False,long
2021-01-15,103.838,103.697,0.20900000000000318,-0.14399999999999114,time,0.13799999999999113,time,False,short
2021-01-18,103.916,103.755,0.242999999999995,-0.16400000000000137,time,0.15800000000000136,time,False,short
2021-01-19,103.705,104.003,0.4329999999999927,0.2950000000000018,time,-0.3010000000000018,time,False,long
2021-01-20,103.898,103.74,0.2150000000000034,-0.16100000000000125,time,0.15500000000000125,time,False,short
2021-01-21,103.557,103.388,0.3030000000000115,-0.17199999999999693,time,0.16599999999999693,time,False,short
2021-01-25,103.789,103.709,0.21800000000000352,-0.0829999999999983,time,0.07699999999999829,time,False,short
2021-01-26,103.763,103.812,0.17100000000000648,0.04599999999999238,time,-0.051999999999992386,time,False,long
2021-01-27,103.599,103.679,0.16500000000000625,0.07699999999999829,time,-0.0829999999999983,time,False,long
2021-01-28,104.142,104.238,0.2360000000000042,0.09300000000000364,time,-0.09900000000000364,time,False,long
2021-02-01,104.715,104.745,0.1490000000000009,0.027000000000001138,time,-0.03300000000000114,time,False,long
2021-02-03,105.03,105.034,0.13400000000000034,0.0010000000000048885,time,-0.007000000000004889,time,False,long
2021-02-04,104.996,105.193,0.2850000000000108,0.19400000000000273,time,-0.20000000000000273,time,False,long
2021-02-05,105.574,105.497,0.18099999999999739,-0.07999999999999818,time,0.07399999999999818,time,False,short
2021-02-08,105.395,105.501,0.20000000000000284,0.10300000000000875,time,-0.10900000000000876,time,False,long
2021-02-10,104.583,104.519,0.21000000000000796,-0.06699999999999295,time,0.06099999999999295,time,False,short
2021-02-11,104.618,104.584,0.09499999999999886,-0.03699999999999182,time,0.030999999999991815,time,False,short
2021-02-12,104.751,104.926,0.20300000000000296,0.17199999999999716,time,-0.17799999999999716,time,False,long
2021-02-15,105.065,105.179,0.2259999999999991,0.11100000000000432,time,-0.11700000000000432,time,False,long
2021-02-19,105.653,105.604,0.1670000000000016,-0.052000000000006597,time,0.04600000000000659,time,False,short
2021-02-24,105.296,105.564,0.3089999999999975,0.26499999999998647,time,-0.2709999999999865,time,False,long
2021-02-25,105.958,106.006,0.29400000000001114,0.045000000000001816,time,-0.05100000000000182,time,False,long
2021-02-26,106.39,106.081,0.5820000000000078,-0.503,sl,0.497,tp,False,short
2021-03-01,106.48,106.604,0.3369999999999891,0.12099999999999522,time,-0.12699999999999523,time,False,long
2021-03-02,106.844,106.845,0.20000000000000284,-0.001999999999995225,time,-0.004000000000004775,time,False,long
2021-03-03,106.758,106.867,0.1980000000000075,0.10600000000000886,time,-0.11200000000000887,time,False,long
2021-03-05,107.949,108.26,0.5279999999999916,0.30800000000000705,time,-0.31400000000000705,time,False,long
2021-03-08,108.404,108.504,0.21699999999999875,0.09700000000000852,time,-0.10300000000000853,time,False,long
2021-03-09,108.927,108.807,0.487000000000009,-0.12300000000000455,time,0.11700000000000454,time,False,short
2021-03-10,108.576,108.729,0.402000000000001,0.1500000000000058,time,-0.1560000000000058,time,False,long
2021-03-11,108.451,108.656,0.4550000000000125,0.2020000000000125,time,-0.2080000000000125,time,False,long
2021-03-12,108.572,109.038,0.5439999999999969,0.46299999999999397,time,-0.468999999999994,time,False,long
2021-03-15,109.116,109.189,0.45000000000000284,0.06999999999999329,time,-0.0759999999999933,time,False,long
2021-03-16,109.125,109.257,0.1670000000000016,0.129000000000005,time,-0.135000000000005,time,False,long
2021-03-17,109.03,109.161,0.19899999999999807,0.12800000000000022,time,-0.13400000000000023,time,False,long
2021-03-18,108.899,109.207,0.679000000000002,0.3049999999999927,time,-0.3109999999999927,time,False,long
2021-03-19,108.93,108.749,0.4129999999999967,-0.1840000000000116,time,0.1780000000000116,time,False,short
2021-03-22,108.875,108.688,0.30299999999999727,-0.18999999999999762,time,0.1839999999999976,time,False,short
2021-03-23,108.778,108.769,0.19700000000000273,-0.01200000000000034,time,0.006000000000000341,time,False,short
2021-03-24,108.518,108.601,0.2049999999999983,0.0799999999999984,time,-0.08599999999999841,time,False,long
2021-03-25,108.788,109.076,0.28999999999999204,0.2849999999999967,time,-0.2909999999999967,time,False,long
2021-03-26,109.177,109.325,0.23299999999998988,0.14499999999999613,time,-0.15099999999999614,time,False,long
2021-03-29,109.791,109.65,0.4210000000000065,-0.14399999999999114,time,0.13799999999999113,time,False,short
2021-03-30,109.837,110.156,0.4000000000000057,0.3160000000000026,time,-0.3220000000000026,time,False,long
2021-04-01,110.758,110.765,0.2539999999999907,0.004000000000005002,time,-0.010000000000005001,time,False,long
2021-04-02,110.612,110.487,0.2360000000000042,-0.128,time,0.122,time,False,short
2021-04-05,110.679,110.632,0.19899999999999807,-0.04999999999999705,time,0.04399999999999704,time,False,short
2021-04-06,110.195,110.296,0.2780000000000058,0.0980000000000133,time,-0.1040000000000133,time,False,long
2021-04-07,109.796,109.792,0.3259999999999934,-0.007000000000004889,time,0.0010000000000048885,time,False,short
2021-04-08,109.856,109.517,0.4210000000000065,-0.34199999999999864,time,0.33599999999999863,time,False,short
2021-04-09,109.332,109.499,0.34600000000000364,0.1640000000000016,time,-0.1700000000000016,time,False,long
2021-04-12,109.72,109.454,0.3499999999999943,-0.26900000000000535,time,0.26300000000000534,time,False,short
2021-04-13,109.381,109.325,0.4590000000000032,-0.05899999999999739,time,0.05299999999999738,time,False,short
2021-04-14,108.924,108.999,0.3199999999999932,0.07199999999998863,time,-0.07799999999998863,time,False,long
2021-04-15,108.893,108.82,0.16899999999999693,-0.0760000000000075,time,0.0700000000000075,time,False,short
2021-04-16,108.69,108.892,0.3539999999999992,0.19899999999999818,time,-0.20499999999999818,time,False,long
2021-04-19,108.723,108.221,0.5609999999999928,-0.503,sl,0.497,tp,False,short
2021-04-20,108.108,108.398,0.578000000000003,0.28699999999999204,time,-0.29299999999999204,time,False,long
2021-04-21,108.132,108.224,0.4060000000000059,0.08899999999999875,time,-0.09499999999999875,time,False,long
2021-04-22,108.042,107.969,0.22799999999999443,-0.0760000000000075,time,0.0700000000000075,time,False,short
2021-04-23,107.986,107.913,0.18899999999999295,-0.0760000000000075,time,0.0700000000000075,time,False,short
2021-04-26,107.881,107.718,0.2920000000000016,-0.1659999999999967,time,0.1599999999999967,time,False,short
2021-04-27,108.199,108.328,0.28699999999999193,0.12600000000000489,time,-0.1320000000000049,time,False,long
2021-04-28,108.749,109.018,0.35299999999999443,0.26600000000000545,time,-0.27200000000000546,time,False,long
2021-04-29,108.505,108.889,0.45999999999999375,0.38100000000000034,time,-0.38700000000000034,time,False,long
2021-04-30,108.904,108.886,0.34600000000000364,-0.02100000000000068,time,0.015000000000000683,time,False,short
2021-05-03,109.285,109.65,0.38400000000000034,0.3620000000000091,time,-0.3680000000000091,time,False,long
2021-05-04,109.088,109.404,0.42799999999999727,0.3130000000000025,time,-0.3190000000000025,time,False,long
2021-05-05,109.331,109.368,0.28600000000000136,0.033999999999991926,time,-0.03999999999999193,time,False,long
2021-05-06,109.22,109.337,0.24399999999999977,0.11400000000000443,time,-0.12000000000000444,time,False,long
2021-05-07,109.05,109.147,0.2609999999999957,0.09400000000000841,time,-0.10000000000000842,time,False,long
2021-05-10,108.574,108.923,0.5,0.34600000000000375,time,-0.35200000000000375,time,False,long
2021-05-11,108.848,108.936,0.19299999999999784,0.08500000000000807,time,-0.09100000000000807,time,False,long
2021-05-13,109.664,109.665,0.30400000000000205,-0.001999999999995225,time,-0.004000000000004775,time,False,long
2021-05-14,109.517,109.384,0.31800000000001205,-0.13599999999999557,time,0.12999999999999556,time,False,short
2021-05-17,109.42,109.248,0.3569999999999993,-0.17499999999999705,time,0.16899999999999704,time,False,short
2021-05-19,108.868,109.08,0.2600000000000051,0.2090000000000033,time,-0.2150000000000033,time,False,long
2021-05-20,109.261,108.981,0.3370000000000033,-0.28300000000000114,time,0.27700000000000113,time,False,short
2021-05-21,108.862,108.698,0.22099999999998943,-0.16700000000000148,time,0.16100000000000148,time,False,short
2021-05-24,108.914,108.758,0.2960000000000065,-0.15900000000000591,time,0.1530000000000059,time,False,short
2021-05-25,108.847,108.725,0.2890000000000015,-0.12499999999999989,time,0.11899999999999988,time,False,short
2021-05-26,108.794,108.832,0.17799999999999727,0.0349999999999967,time,-0.040999999999996706,time,False,long
2021-05-27,109.171,109.098,0.17199999999999704,-0.0760000000000075,time,0.0700000000000075,time,False,short
2021-05-28,109.81,109.892,0.14699999999999136,0.07899999999999363,time,-0.08499999999999364,time,False,long
2021-06-03,109.595,109.835,0.2740000000000009,0.23699999999999488,time,-0.2429999999999949,time,False,long
2021-06-04,110.291,110.182,0.1869999999999976,-0.11199999999999466,time,0.10599999999999465,time,False,short
2021-06-07,109.618,109.421,0.2560000000000002,-0.19999999999998852,time,0.19399999999998851,time,False,short
2021-06-08,109.272,109.522,0.33900000000001285,0.247,time,-0.253,time,False,long
2021-06-09,109.47,109.403,0.17900000000000205,-0.06999999999999307,time,0.06399999999999306,time,False,short
2021-06-10,109.614,109.551,0.22799999999999443,-0.06600000000000239,time,0.060000000000002385,time,False,short
2021-06-11,109.393,109.428,0.1670000000000016,0.03199999999999659,time,-0.03799999999999659,time,False,long
2021-06-14,109.715,109.691,0.1979999999999933,-0.02700000000000091,time,0.02100000000000091,time,False,short
2021-06-15,110.043,110.045,0.16499999999999204,-0.0010000000000046612,time,-0.004999999999995339,time,False,long
2021-06-16,110.081,109.938,0.24200000000000443,-0.14600000000000068,time,0.14000000000000068,time,False,short
2021-06-17,110.772,110.586,0.24399999999999977,-0.18900000000000705,time,0.18300000000000705,time,False,short
2021-06-18,110.324,110.001,0.38700000000000045,-0.3259999999999933,time,0.3199999999999933,time,False,short
2021-06-21,110.204,110.031,0.5409999999999968,-0.1759999999999876,time,0.1699999999999876,time,False,short
2021-06-22,110.378,110.452,0.2609999999999957,0.07099999999999806,time,-0.07699999999999807,time,False,long
2021-06-23,110.653,110.875,0.27300000000001035,0.2189999999999942,time,-0.2249999999999942,time,False,long
2021-06-24,111.013,110.86,0.355000000000004,-0.1560000000000058,time,0.1500000000000058,time,False,short
2021-06-28,110.81,110.648,0.22400000000000375,-0.16500000000000614,time,0.15900000000000614,time,False,short
2021-06-29,110.605,110.692,0.24200000000000443,0.08399999999998908,time,-0.08999999999998909,time,False,long
2021-06-30,110.535,110.543,0.15400000000001057,0.005000000000009777,time,-0.011000000000009776,time,False,long
2021-07-01,111.131,111.273,0.24900000000000944,0.1389999999999959,time,-0.1449999999999959,time,False,long
2021-07-02,111.571,111.572,0.10799999999998988,-0.001999999999995225,time,-0.004000000000004775,time,False,long
2021-07-05,111.141,110.911,0.2909999999999968,-0.23300000000000398,time,0.22700000000000398,time,False,short
2021-07-06,110.917,110.773,0.18099999999999739,-0.14700000000000546,time,0.14100000000000545,time,False,short
2021-07-07,110.601,110.633,0.3459999999999894,0.028999999999996477,time,-0.03499999999999648,time,False,long
2021-07-08,110.634,109.788,0.8859999999999957,-0.503,sl,0.497,tp,False,short
2021-07-09,109.802,110.012,0.3719999999999999,0.20699999999999374,time,-0.21299999999999375,time,False,long
2021-07-12,110.217,110.048,0.26900000000000546,-0.17199999999999693,time,0.16599999999999693,time,False,short
2021-07-13,110.329,110.373,0.1599999999999966,0.04100000000001114,time,-0.047000000000011144,time,False,long
2021-07-14,110.597,110.508,0.2839999999999918,-0.09199999999999864,time,0.08599999999999863,time,False,short
2021-07-15,109.996,109.769,0.26400000000001,-0.22999999999998966,time,0.22399999999998965,time,False,short
2021-07-16,109.777,110.156,0.4890000000000043,0.3760000000000049,time,-0.3820000000000049,time,False,long
2021-07-19,109.876,109.843,0.24399999999999977,-0.03600000000000125,time,0.03000000000000125,time,False,short
2021-07-20,109.528,109.629,0.3359999999999985,0.09799999999999909,time,-0.1039999999999991,time,False,long
2021-07-21,109.917,110.089,0.33800000000000807,0.16899999999999704,time,-0.17499999999999705,time,False,long
2021-07-22,110.248,110.23,0.20300000000000296,-0.02100000000000068,time,0.015000000000000683,time,False,short
2021-07-23,110.141,110.335,0.3020000000000067,0.1909999999999884,time,-0.1969999999999884,time,False,long
2021-07-26,110.543,110.207,0.46699999999999875,-0.33900000000001274,time,0.33300000000001273,time,False,short
2021-07-27,110.307,110.088,0.35299999999999443,-0.2220000000000083,time,0.2160000000000083,time,False,short
2021-07-28,109.807,109.967,0.21599999999999397,0.1569999999999966,time,-0.1629999999999966,time,False,long
2021-07-29,109.89,109.854,0.21399999999999864,-0.03900000000000137,time,0.03300000000000136,time,False,short
2021-07-30,109.41,109.525,0.2669999999999959,0.11200000000000909,time,-0.1180000000000091,time,False,long
2021-08-03,109.271,109.212,0.2360000000000042,-0.0619999999999975,time,0.055999999999997496,time,False,short
2021-08-04,108.989,109.101,0.21599999999999397,0.10899999999999477,time,-0.11499999999999477,time,False,long
2021-08-05,109.534,109.569,0.2389999999999901,0.03199999999999659,time,-0.03799999999999659,time,False,long
2021-08-06,109.753,109.721,0.18900000000000716,-0.03499999999999648,time,0.028999999999996477,time,False,short
2021-08-09,110.263,110.185,0.1839999999999975,-0.08100000000000296,time,0.07500000000000295,time,False,short
2021-08-10,110.322,110.44,0.16499999999999204,0.114999999999995,time,-0.120999999999995,time,False,long
2021-08-11,110.598,110.738,0.16899999999999693,0.13700000000000057,time,-0.14300000000000057,time,False,long
2021-08-12,110.374,110.402,0.11700000000000443,0.0250000000000058,time,-0.031000000000005797,time,False,long
2021-08-13,110.402,110.409,0.08899999999999864,0.004000000000005002,time,-0.010000000000005001,time,False,long
2021-08-16,109.627,109.411,0.33099999999998886,-0.21899999999999398,time,0.21299999999999397,time,False,short
2021-08-17,109.299,109.326,0.25199999999999534,0.023999999999986813,time,-0.02999999999998681,time,False,long
2021-08-18,109.537,109.614,0.20600000000000307,0.07399999999999818,time,-0.07999999999999818,time,False,long
2021-08-19,109.84,109.79,0.4829999999999899,-0.05299999999999716,time,0.046999999999997155,time,False,short
2021-08-20,109.769,109.614,0.3160000000000025,-0.15800000000000114,time,0.15200000000000113,time,False,short
2021-08-23,109.841,109.901,0.18200000000000216,0.05700000000000227,time,-0.06300000000000228,time,False,long
2021-08-24,109.676,109.77,0.23699999999999477,0.09099999999999409,time,-0.09699999999999409,time,False,long
2021-08-25,109.727,109.778,0.1700000000000017,0.04800000000000193,time,-0.054000000000001935,time,False,long
2021-08-27,110.048,109.923,0.2009999999999934,-0.128,time,0.122,time,False,short
2021-08-30,109.862,109.805,0.17499999999999716,-0.05999999999998795,time,0.05399999999998795,time,False,short
2021-08-31,109.946,109.813,0.18499999999998806,-0.13599999999999557,time,0.12999999999999556,time,False,short
2021-09-01,110.056,110.4,0.367999999999995,0.3410000000000083,time,-0.3470000000000083,time,False,long
2021-09-02,110.092,109.971,0.20699999999999363,-0.12399999999999511,time,0.11799999999999511,time,False,short
2021-09-03,109.946,110.029,0.2680000000000007,0.0799999999999984,time,-0.08599999999999841,time,False,long
2021-09-06,109.779,109.897,0.20000000000000284,0.1150000000000092,time,-0.12100000000000921,time,False,long
2021-09-07,109.823,109.902,0.23000000000000398,0.07600000000000773,time,-0.08200000000000773,time,False,long
2021-09-08,110.297,110.243,0.2740000000000009,-0.05700000000000205,time,0.051000000000002044,time,False,short
2021-09-09,110.22,109.95,0.3790000000000049,-0.272999999999996,time,0.266999999999996,time,False,short
2021-09-10,109.771,109.945,0.2960000000000065,0.17099999999999238,time,-0.17699999999999239,time,False,long
2021-09-13,109.916,110.107,0.23299999999998988,0.1880000000000025,time,-0.1940000000000025,time,False,long
2021-09-14,109.995,110.079,0.14699999999999136,0.08099999999998897,time,-0.08699999999998898,time,False,long
2021-09-15,109.714,109.584,0.1979999999999933,-0.13299999999999546,time,0.12699999999999545,time,False,short
2021-09-16,109.382,109.354,0.2150000000000034,-0.031000000000005797,time,0.0250000000000058,time,False,short
2021-09-20,109.978,109.761,0.31100000000000705,-0.21999999999999875,time,0.21399999999999875,time,False,short
2021-09-21,109.435,109.635,0.3079999999999927,0.19700000000000284,time,-0.20300000000000284,time,False,long
2021-09-22,109.152,109.439,0.48399999999999466,0.2839999999999919,time,-0.28999999999999193,time,False,long
2021-09-23,109.822,109.949,0.19400000000000261,0.12399999999999534,time,-0.12999999999999534,time,False,long
2021-09-24,110.328,110.467,0.25899999999998613,0.1359999999999958,time,-0.1419999999999958,time,False,long
2021-09-27,110.766,110.775,0.2710000000000008,0.006000000000000341,time,-0.01200000000000034,time,False,long
2021-09-28,110.963,111.245,0.4890000000000043,0.2790000000000107,time,-0.2850000000000107,time,False,long
2021-09-29,111.526,111.3,0.4060000000000059,-0.2289999999999991,time,0.2229999999999991,time,False,short
2021-09-30,111.936,111.872,0.26600000000000534,-0.06700000000000716,time,0.06100000000000716,time,False,short
2021-10-01,111.463,111.256,0.43899999999999295,-0.20999999999999364,time,0.20399999999999363,time,False,short
2021-10-04,110.949,111.165,0.31400000000000716,0.21300000000000818,time,-0.2190000000000082,time,False,long
2021-10-05,110.968,111.092,0.38800000000000523,0.12099999999999522,time,-0.12699999999999523,time,False,long
2021-10-06,111.485,111.671,0.3020000000000067,0.18300000000000705,time,-0.18900000000000705,time,False,long
2021-10-07,111.404,111.292,0.28300000000000125,-0.11499999999999477,time,0.10899999999999477,time,False,short
2021-10-08,111.661,111.956,0.3359999999999985,0.2920000000000017,time,-0.2980000000000017,time,False,long
2021-10-11,112.273,112.791,0.6689999999999969,0.497,tp,-0.503,sl,False,long
2021-10-12,113.387,113.073,0.4860000000000042,-0.31700000000000716,time,0.31100000000000716,time,False,short
2021-10-13,113.537,113.397,0.20199999999999818,-0.14300000000000057,time,0.13700000000000057,time,False,short
2021-10-15,113.831,114.097,0.36700000000000443,0.26299999999999113,time,-0.26899999999999114,time,False,long
2021-10-18,114.331,114.294,0.4369999999999976,-0.04000000000000614,time,0.034000000000006136,time,False,short
2021-10-19,114.286,114.027,0.4749999999999943,-0.26200000000000034,time,0.25600000000000034,time,False,short
2021-10-20,114.544,114.346,0.41100000000000136,-0.2009999999999933,time,0.1949999999999933,time,False,short
2021-10-21,114.386,114.127,0.4989999999999952,-0.26200000000000034,time,0.25600000000000034,time,False,short
2021-10-22,113.846,113.886,0.3680000000000092,0.03699999999999204,time,-0.042999999999992045,time,False,long
2021-10-25,113.669,113.632,0.31399999999999295,-0.03999999999999193,time,0.033999999999991926,time,False,short
2021-10-26,113.763,114.045,0.36199999999999477,0.2789999999999965,time,-0.2849999999999965,time,False,long
2021-10-27,114.183,113.74,0.5519999999999925,-0.503,sl,0.497,tp,False,short
2021-10-28,113.77,113.599,0.36700000000000443,-0.17399999999999227,time,0.16799999999999227,time,False,short
2021-10-29,113.617,113.604,0.31799999999999784,-0.01600000000000523,time,0.01000000000000523,time,False,short
2021-11-01,114.236,114.417,0.402000000000001,0.17799999999999738,time,-0.1839999999999974,time,False,long
2021-11-02,114.089,113.656,0.5520000000000067,-0.503,sl,0.497,tp,False,short
2021-11-03,113.964,113.91,0.22700000000000387,-0.05700000000000205,time,0.051000000000002044,time,False,short
2021-11-04,114.068,114.211,0.242999999999995,0.14000000000000068,time,-0.14600000000000068,time,False,long
2021-11-05,113.833,113.76,0.2839999999999918,-0.0759999999999933,time,0.06999999999999329,time,False,short
2021-11-08,113.474,113.565,0.22800000000000864,0.08799999999999397,time,-0.09399999999999398,time,False,long
2021-11-09,113.254,112.851,0.5370000000000061,-0.503,sl,0.497,tp,False,short
2021-11-10,112.914,112.923,0.1769999999999925,0.006000000000000341,time,-0.01200000000000034,time,False,long
2021-11-11,113.905,113.929,0.2669999999999959,0.02100000000000091,time,-0.02700000000000091,time,False,long
2021-11-12,114.042,114.047,0.28000000000000114,0.0019999999999954525,time,-0.007999999999995452,time,False,long
2021-11-15,113.981,113.948,0.2560000000000002,-0.03600000000000125,time,0.03000000000000125,time,False,short
2021-11-16,114.129,114.264,0.21099999999999852,0.1319999999999909,time,-0.1379999999999909,time,False,long
2021-11-17,114.903,114.887,0.23800000000001376,-0.019000000000005342,time,0.013000000000005344,time,False,short
2021-11-18,114.19,114.017,0.29300000000000637,-0.17600000000000182,time,0.17000000000000182,time,False,short
2021-11-19,114.282,114.359,0.12299999999999045,0.07399999999999818,time,-0.07999999999999818,time,False,long
2021-11-22,114.142,114.223,0.2469999999999999,0.07800000000000307,time,-0.08400000000000307,time,False,long
2021-11-23,114.788,114.698,0.6710000000000065,-0.09300000000000341,time,0.08700000000000341,time,False,short
2021-11-24,115.141,114.894,0.3810000000000002,-0.2499999999999999,time,0.24399999999999988,time,False,short
2021-11-25,115.407,115.377,0.14399999999999125,-0.03300000000000114,time,0.027000000000001138,time,False,short
2021-11-26,115.074,114.161,0.9740000000000038,-0.503,sl,0.497,tp,False,short
2021-11-29,113.719,113.601,0.4440000000000026,-0.120999999999995,time,0.114999999999995,time,False,short
2021-11-30,113.804,113.181,0.9399999999999977,-0.503,sl,0.497,tp,False,short
2021-12-01,113.3,113.427,0.5250000000000057,0.12400000000000955,time,-0.13000000000000955,time,False,long
2021-12-02,112.879,113.275,0.5139999999999958,0.3930000000000008,time,-0.3990000000000008,time,False,long
2021-12-03,113.021,113.185,0.25099999999999056,0.16100000000000148,time,-0.16700000000000148,time,False,long
2021-12-06,113.044,113.014,0.22299999999999898,-0.03300000000000114,time,0.027000000000001138,time,False,short
2021-12-09,113.684,113.489,0.3509999999999991,-0.19799999999999318,time,0.19199999999999318,time,False,short
2021-12-10,113.439,113.581,0.2909999999999968,0.13900000000001012,time,-0.14500000000001012,time,False,long
2021-12-13,113.513,113.544,0.14700000000000557,0.0279999999999917,time,-0.033999999999991704,time,False,long
2021-12-14,113.578,113.709,0.277000000000001,0.12800000000000022,time,-0.13400000000000023,time,False,long
2021-12-15,113.739,113.724,0.17100000000000648,-0.018000000000000568,time,0.01200000000000057,time,False,short
2021-12-16,114.142,114.116,0.2120000000000033,-0.028999999999996248,time,0.02299999999999625,time,False,short
2021-12-17,113.664,113.666,0.4159999999999968,-0.0010000000000046612,time,-0.004999999999995339,time,False,long
2021-12-20,113.516,113.455,0.367999999999995,-0.06400000000000705,time,0.058000000000007046,time,False,short
2021-12-21,113.664,113.663,0.22299999999999898,-0.004000000000004775,time,-0.001999999999995225,time,False,short
2021-12-22,113.993,114.152,0.20000000000000284,0.15600000000000602,time,-0.16200000000000603,time,False,long
2021-12-23,114.126,114.248,0.1799999999999926,0.11899999999999988,time,-0.12499999999999989,time,False,long
2021-12-24,114.461,114.362,0.21299999999999386,-0.10200000000000375,time,0.09600000000000375,time,False,short
2021-12-27,114.34,114.463,0.16799999999999216,0.11999999999999045,time,-0.12599999999999045,time,False,long
2021-12-28,114.791,114.844,0.18899999999999295,0.04999999999999727,time,-0.055999999999997274,time,False,long
2021-12-29,114.767,114.886,0.1839999999999975,0.11599999999999977,time,-0.12199999999999978,time,False,long
2021-12-30,114.949,115.117,0.26200000000000045,0.16500000000000636,time,-0.17100000000000637,time,False,long
2021-12-31,115.063,115.148,0.1349999999999909,0.08199999999999374,time,-0.08799999999999375,time,False,long
2022-01-03,115.14,115.29,0.2400000000000091,0.14700000000000568,time,-0.1530000000000057,time,False,long
2022-01-04,115.33,115.737,0.5249999999999915,0.4039999999999965,time,-0.4099999999999965,time,False,long
2022-01-05,116.174,116.032,0.34199999999999875,-0.14500000000001012,time,0.13900000000001012,time,False,short
2022-01-06,116.124,115.869,0.39800000000001035,-0.25799999999999546,time,0.25199999999999545,time,False,short
2022-01-07,115.864,115.875,0.21700000000001296,0.00799999999999568,time,-0.013999999999995679,time,False,long
2022-01-10,115.621,115.794,0.3050000000000068,0.17000000000000182,time,-0.17600000000000182,time,False,long
2022-01-11,115.279,115.255,0.26200000000000045,-0.02700000000000091,time,0.02100000000000091,time,False,short
2022-01-12,115.332,115.399,0.20000000000000284,0.06400000000000727,time,-0.07000000000000728,time,False,long
2022-01-13,114.675,114.408,0.2909999999999968,-0.2699999999999959,time,0.2639999999999959,time,False,short
2022-01-14,114.116,113.796,0.5390000000000015,-0.3229999999999932,time,0.3169999999999932,time,False,short
2022-01-17,114.309,114.401,0.2710000000000008,0.08899999999999875,time,-0.09499999999999875,time,False,long
2022-01-18,114.572,114.874,0.6080000000000041,0.2989999999999925,time,-0.3049999999999925,time,False,long
2022-01-19,114.555,114.422,0.5820000000000078,-0.13600000000000978,time,0.13000000000000977,time,False,short
2022-01-20,114.347,114.394,0.5240000000000009,0.04400000000001125,time,-0.05000000000001126,time,False,long
2022-01-21,113.99,113.857,0.3719999999999999,-0.13599999999999557,time,0.12999999999999556,time,False,short
2022-01-24,113.787,113.754,0.26400000000001,-0.03600000000000125,time,0.03000000000000125,time,False,short
2022-01-25,114.012,113.887,0.382000000000005,-0.128,time,0.122,time,False,short
2022-01-26,113.895,113.984,0.21000000000000796,0.08599999999999863,time,-0.09199999999999864,time,False,long
2022-01-27,114.719,114.763,0.3190000000000026,0.04100000000001114,time,-0.047000000000011144,time,False,long
2022-01-28,115.35,115.651,0.3580000000000041,0.29800000000000193,time,-0.30400000000000194,time,False,long
2022-02-01,115.119,114.941,0.2980000000000018,-0.18099999999999727,time,0.17499999999999727,time,False,short
2022-02-03,114.378,114.579,0.27899999999999636,0.1979999999999934,time,-0.2039999999999934,time,False,long
2022-02-04,114.956,115.102,0.3089999999999975,0.1430000000000008,time,-0.1490000000000008,time,False,long
2022-02-07,115.225,115.254,0.24099999999999966,0.026000000000010574,time,-0.032000000000010576,time,False,long
2022-02-08,115.063,115.481,0.4860000000000042,0.41499999999999215,time,-0.42099999999999216,time,False,long
2022-02-09,115.533,115.401,0.27300000000001035,-0.135000000000005,time,0.129000000000005,time,False,short
2022-02-10,115.598,115.592,0.2259999999999991,-0.009000000000000227,time,0.0030000000000002273,time,False,short
2022-02-11,116.052,116.009,0.2190000000000083,-0.04600000000000637,time,0.040000000000006364,time,False,short
2022-02-14,115.583,115.408,0.3119999999999976,-0.17799999999999716,time,0.17199999999999716,time,False,short
2022-02-15,115.539,115.347,0.2989999999999924,-0.19500000000000728,time,0.18900000000000727,time,False,short
2022-02-16,115.64,115.64,0.12199999999999989,-0.003,time,-0.003,time,False,short
2022-02-17,115.391,115.296,0.382000000000005,-0.09799999999999887,time,0.09199999999999886,time,False,short
2022-02-21,114.961,114.974,0.24800000000000466,0.01000000000000523,time,-0.01600000000000523,time,False,long
2022-02-22,114.608,114.736,0.27599999999999625,0.1250000000000001,time,-0.13100000000000012,time,False,long
2022-02-23,115.097,115.069,0.13700000000000045,-0.030999999999991586,time,0.024999999999991588,time,False,short
2022-02-24,114.895,114.624,0.7109999999999985,-0.2740000000000008,time,0.2680000000000008,time,False,short
2022-02-25,115.548,115.285,0.47800000000000864,-0.26600000000000523,time,0.2600000000000052,time,False,short
2022-02-28,115.587,115.498,0.24800000000000466,-0.09199999999999864,time,0.08599999999999863,time,False,short
2022-03-01,115.086,115.034,0.2980000000000018,-0.0549999999999925,time,0.048999999999992494,time,False,short
2022-03-02,114.838,115.154,0.38400000000000034,0.3130000000000025,time,-0.3190000000000025,time,False,long
2022-03-03,115.515,115.723,0.2459999999999951,0.2049999999999984,time,-0.2109999999999984,time,False,long
2022-03-04,115.484,115.45,0.30299999999999727,-0.03699999999999182,time,0.030999999999991815,time,False,short
2022-03-07,114.952,115.009,0.2950000000000017,0.05400000000000216,time,-0.06000000000000216,time,False,long
2022-03-08,115.365,115.446,0.21399999999999864,0.07800000000000307,time,-0.08400000000000307,time,False,long
2022-03-09,115.723,115.878,0.21600000000000819,0.15200000000000113,time,-0.15800000000000114,time,False,long
2022-03-10,115.906,115.92,0.31400000000000716,0.010999999999995794,time,-0.016999999999995793,time,False,long
2022-03-11,116.18,116.717,0.6539999999999964,0.497,tp,-0.503,sl,False,long
2022-03-14,117.529,117.721,0.42199999999999704,0.18900000000000727,time,-0.19500000000000728,time,False,long
2022-03-15,118.219,117.976,0.6059999999999945,-0.245999999999995,time,0.239999999999995,time,False,short
2022-03-16,118.312,118.367,0.25499999999999545,0.05200000000000682,time,-0.058000000000006824,time,False,long
2022-03-17,118.868,118.668,0.42900000000000205,-0.20299999999998863,time,0.19699999999998863,time,False,short
2022-03-18,118.487,118.865,0.5360000000000014,0.497,tp,-0.503,sl,False,long
2022-03-21,119.263,119.208,0.16100000000000136,-0.058000000000006824,time,0.05200000000000682,time,False,short
2022-03-22,119.591,120.327,0.882000000000005,0.497,tp,-0.503,sl,False,long
2022-03-23,121.338,121.08,0.5539999999999878,-0.503,sl,0.497,tp,False,short
2022-03-24,121.121,121.221,0.3509999999999991,0.09700000000000852,time,-0.10300000000000853,time,False,long
2022-03-25,122.349,121.93,0.6500000000000057,-0.503,sl,0.497,tp,False,short
2022-04-04,122.632,122.643,0.5360000000000014,0.00799999999999568,time,-0.013999999999995679,time,False,long
2022-04-05,122.796,122.905,0.625,0.10599999999999465,time,-0.11199999999999466,time,False,long
2022-04-06,123.656,123.881,0.4509999999999934,0.2219999999999943,time,-0.22799999999999432,time,False,long
2022-04-07,123.724,123.764,0.375,0.03699999999999204,time,-0.042999999999992045,time,False,long
2022-04-08,124.096,124.044,0.49200000000000443,-0.05500000000000671,time,0.049000000000006705,time,False,short
2022-04-11,124.395,125.244,1.152000000000001,0.497,tp,-0.503,sl,False,long
2022-04-12,125.482,125.516,0.6539999999999964,0.031000000000006026,time,-0.03700000000000603,time,False,long
2022-04-13,125.429,126.036,0.9660000000000082,0.497,tp,-0.503,sl,False,long
2022-04-14,125.364,125.336,0.5120000000000005,-0.031000000000005797,time,0.0250000000000058,time,False,short
2022-04-15,126.173,126.463,0.625,0.497,tp,-0.503,sl,False,long
2022-04-18,126.61,126.636,0.5510000000000019,0.02299999999999625,time,-0.028999999999996248,time,False,long
2022-04-19,127.143,128.064,1.3370000000000033,0.497,tp,-0.503,sl,False,long
2022-04-20,129.328,128.668,1.3470000000000084,-0.503,sl,0.497,tp,False,short
2022-04-21,127.978,128.021,0.7720000000000056,0.497,tp,-0.503,sl,False,long
2022-04-22,128.439,128.066,0.9539999999999935,-0.503,sl,0.497,tp,False,short
2022-04-25,128.605,128.199,0.8929999999999865,-0.503,sl,0.497,tp,False,short
2022-04-26,127.779,127.89,0.8569999999999993,0.1080000000000042,time,-0.11400000000000421,time,False,long
2022-04-27,127.262,127.989,0.8580000000000041,0.497,tp,-0.503,sl,False,long
2022-04-28,128.446,130.53,2.3140000000000214,0.497,tp,-0.503,sl,False,long
2022-04-29,130.782,130.012,0.8389999999999986,-0.503,sl,0.497,tp,False,short
2022-05-02,129.997,130.111,0.8159999999999741,0.1109999999999759,time,-0.1169999999999759,time,False,long
2022-05-05,129.234,129.691,1.0120000000000005,0.497,tp,-0.503,sl,False,long
2022-05-06,130.321,130.519,0.5939999999999941,0.1950000000000075,time,-0.2010000000000075,time,False,long
2022-05-09,130.737,131.2,0.6730000000000018,0.497,tp,-0.503,sl,False,long
2022-05-10,130.376,130.252,0.679000000000002,-0.503,sl,0.497,tp,False,short
2022-05-11,130.366,129.971,0.5720000000000027,-0.39800000000001023,time,0.39200000000001023,time,False,short
2022-05-12,129.844,128.837,1.3129999999999882,-0.503,sl,0.497,tp,False,short
2022-05-13,128.602,128.801,1.0130000000000052,0.497,tp,-0.503,sl,False,long
2022-05-16,129.407,129.359,0.9410000000000025,-0.503,sl,0.497,tp,False,short
2022-05-17,128.948,129.39,0.6210000000000093,0.43899999999997885,time,-0.44499999999997886,time,False,long
2022-05-18,129.422,129.322,0.5200000000000102,-0.10299999999999432,time,0.09699999999999431,time,False,short
2022-05-19,127.929,128.233,1.0460000000000065,0.497,tp,-0.503,sl,False,long
2022-05-20,127.851,127.941,0.6849999999999881,0.08700000000000341,time,-0.09300000000000341,time,False,long
2022-05-23,127.89,127.589,0.8039999999999878,-0.503,sl,0.497,tp,False,short
2022-05-24,127.816,127.285,0.8430000000000035,-0.503,sl,0.497,tp,False,short
2022-05-25,126.732,127.12,0.6420000000000101,0.497,tp,-0.503,sl,False,long
2022-05-26,127.15,126.599,1.0300000000000011,-0.503,sl,0.497,tp,False,short
2022-05-27,127.103,127.131,0.5219999999999914,0.0250000000000058,time,-0.031000000000005797,time,False,long
2022-05-30,127.268,127.36,0.4380000000000024,0.08899999999999875,time,-0.09499999999999875,time,False,long
2022-05-31,127.779,127.75,0.7049999999999983,0.497,tp,-0.503,sl,False,short
2022-06-01,128.737,129.404,0.8079999999999927,0.497,tp,-0.503,sl,False,long
2022-06-02,130.125,129.896,0.4549999999999841,-0.23200000000001342,time,0.2260000000000134,time,False,short
2022-06-03,129.934,129.882,0.3710000000000093,-0.0549999999999925,time,0.048999999999992494,time,False,short
2022-06-06,130.72,130.769,0.41100000000000136,0.04600000000000659,time,-0.052000000000006597,time,False,long
2022-06-07,132.173,132.77,0.9070000000000107,0.497,tp,-0.503,sl,False,long
2022-06-08,132.82,133.577,0.917999999999978,0.497,tp,-0.503,sl,False,long
2022-06-09,134.454,133.479,1.1550000000000011,-0.503,sl,0.497,tp,False,short
2022-06-10,134.391,133.609,1.0300000000000011,-0.503,sl,0.497,tp,False,short
2022-06-13,134.786,134.59,0.7779999999999916,-0.19899999999999796,time,0.19299999999999795,time,False,short
2022-06-14,134.235,134.418,0.9470000000000027,0.497,tp,-0.503,sl,False,long
2022-06-15,135.274,134.701,0.7849999999999966,-0.503,sl,0.497,tp,False,short
2022-06-16,134.045,134.231,0.7330000000000041,0.497,tp,-0.503,sl,False,long
2022-06-17,132.414,134.292,2.4650000000000034,0.497,tp,-0.503,sl,False,long
2022-06-22,136.313,136.233,0.5790000000000077,-0.08299999999998409,time,0.07699999999998408,time,False,short
2022-06-23,135.99,135.433,1.0749999999999886,-0.503,sl,0.497,tp,False,short
2022-06-24,134.817,134.549,0.679000000000002,-0.2710000000000007,time,0.2650000000000007,time,False,short
2022-06-28,135.435,135.754,0.7280000000000086,0.3159999999999884,time,-0.3219999999999884,time,False,long
2022-06-29,136.043,136.016,0.5010000000000048,-0.030000000000015233,time,0.024000000000015235,time,False,short
2022-06-30,136.62,136.216,0.8460000000000036,-0.503,sl,0.497,tp,False,short
2022-07-01,135.796,135.305,1.13900000000001,-0.503,sl,0.497,tp,False,short
2022-07-04,134.999,135.442,0.7040000000000077,0.44000000000001205,time,-0.44600000000001205,time,False,long
2022-07-05,135.862,136.084,0.5730000000000075,0.2190000000000084,time,-0.22500000000000842,time,False,long
2022-07-06,135.54,135.17,0.6299999999999955,-0.37300000000000455,time,0.36700000000000454,time,False,short
2022-07-07,135.95,136.129,0.6260000000000048,0.17600000000000204,time,-0.18200000000000205,time,False,long
2022-07-11,136.294,136.805,1.0510000000000161,0.497,tp,-0.503,sl,False,long
2022-07-12,137.412,137.342,0.5040000000000191,-0.07299999999999318,time,0.06699999999999318,time,False,short
2022-07-13,136.734,137.037,0.5629999999999882,0.497,tp,-0.503,sl,False,long
2022-07-14,137.629,139.097,1.585000000000008,0.497,tp,-0.503,sl,False,long
2022-07-15,138.973,138.912,0.532999999999987,-0.06400000000000705,time,0.058000000000007046,time,False,short
2022-07-18,138.293,138.218,0.4300000000000068,-0.07800000000001706,time,0.07200000000001705,time,False,short
2022-07-19,138.256,137.737,0.6809999999999832,-0.503,sl,0.497,tp,False,short
2022-07-20,138.184,138.13,0.47399999999998954,-0.05700000000000205,time,0.051000000000002044,time,False,short
2022-07-21,138.417,138.587,0.6759999999999877,0.1669999999999875,time,-0.1729999999999875,time,False,long
2022-07-22,137.078,137.58,0.9209999999999923,0.497,tp,-0.503,sl,False,long
2022-07-26,136.409,136.653,0.4590000000000032,0.24099999999999977,time,-0.24699999999999978,time,False,long
2022-07-27,136.959,136.986,0.3429999999999893,0.023999999999986813,time,-0.02999999999998681,time,False,long
2022-07-28,136.115,135.581,1.3160000000000025,-0.503,sl,0.497,tp,False,short
2022-07-29,134.399,132.769,2.1710000000000207,-0.503,sl,0.497,tp,False,short
2022-08-01,133.367,132.55,1.350999999999999,-0.503,sl,0.497,tp,False,short
2022-08-02,131.402,130.825,1.1330000000000098,-0.503,sl,0.497,tp,False,short
2022-08-03,133.341,133.215,1.6200000000000045,0.497,tp,-0.503,sl,True,short
2022-08-04,133.925,134.152,0.8810000000000002,-0.503,sl,0.497,tp,False,long
2022-08-08,135.059,134.99,0.6740000000000066,0.497,tp,-0.503,sl,False,short
2022-08-10,135.206,134.945,0.41200000000000614,-0.2639999999999957,time,0.2579999999999957,time,False,short
2022-08-11,132.809,132.431,0.882000000000005,-0.3809999999999859,time,0.3749999999999859,time,False,short
2022-08-12,133.007,133.259,0.5930000000000177,0.24899999999998113,time,-0.25499999999998113,time,False,long
2022-08-16,133.132,133.666,0.8479999999999848,0.497,tp,-0.503,sl,False,long
2022-08-17,134.279,134.793,0.950000000000017,0.497,tp,-0.503,sl,False,long
2022-08-18,134.954,135.295,0.6999999999999886,0.33799999999997976,time,-0.34399999999997977,time,False,long
2022-08-19,135.804,136.661,0.8830000000000098,0.497,tp,-0.503,sl,False,long
2022-08-22,137.02,136.841,0.6680000000000064,-0.18200000000000205,time,0.17600000000000204,time,False,short
2022-08-23,137.577,137.271,0.6690000000000111,-0.503,sl,0.497,tp,False,short
2022-08-24,136.739,136.544,0.6810000000000116,-0.19799999999999318,time,0.19199999999999318,time,False,short
2022-08-25,137.096,136.479,0.8009999999999877,-0.503,sl,0.497,tp,False,short
2022-08-26,136.562,137.021,0.6339999999999861,0.497,tp,-0.503,sl,False,long
2022-08-29,138.16,138.697,0.9159999999999968,0.497,tp,-0.503,sl,False,long
2022-08-30,138.643,138.454,0.339999999999975,-0.19199999999999295,time,0.18599999999999295,time,False,short
2022-08-31,138.758,138.599,0.5229999999999961,-0.16200000000002024,time,0.15600000000002023,time,False,short
2022-09-01,139.33,139.277,0.5450000000000159,-0.056000000000025696,time,0.05000000000002569,time,False,short
2022-09-02,140.084,140.243,0.5649999999999977,0.1559999999999918,time,-0.16199999999999182,time,False,long
2022-09-05,140.536,140.566,0.478999999999985,0.027000000000001138,time,-0.03300000000000114,time,False,long
2022-09-06,140.431,141.534,1.4879999999999995,0.497,tp,-0.503,sl,False,long
2022-09-07,143.158,143.898,1.4579999999999984,0.497,tp,-0.503,sl,False,long
2022-09-09,143.872,142.358,1.8119999999999834,-0.503,sl,0.497,tp,False,short
2022-09-12,142.561,142.945,0.710000000000008,0.3809999999999861,time,-0.38699999999998613,time,False,long
2022-09-13,142.579,142.499,0.42099999999999227,-0.08300000000001251,time,0.0770000000000125,time,False,short
2022-09-15,142.919,143.563,0.8950000000000102,0.497,tp,-0.503,sl,False,long
2022-09-16,143.333,143.451,0.8640000000000043,-0.503,sl,0.497,tp,False,long
2022-09-19,142.755,143.509,0.8629999999999995,0.497,tp,-0.503,sl,False,long
2022-09-20,143.178,143.463,0.6209999999999809,0.2819999999999966,time,-0.2879999999999966,time,False,long
2022-09-21,143.581,143.741,0.7340000000000089,0.157000000000025,time,-0.163000000000025,time,False,long
2022-09-22,144.24,145.773,2.405000000000001,-0.503,both,-0.503,both,True,long
2022-09-23,142.267,142.274,0.6980000000000075,-0.503,sl,0.497,tp,False,long
2022-09-26,143.518,143.997,0.8429999999999893,0.497,tp,-0.503,sl,False,long
2022-09-27,144.472,144.27,0.5769999999999982,-0.20499999999999818,time,0.19899999999999818,time,False,short
2022-09-28,144.704,144.562,0.4620000000000175,-0.1449999999999959,time,0.1389999999999959,time,False,short
2022-09-29,144.412,144.67,0.6090000000000089,0.25499999999998135,time,-0.26099999999998136,time,False,long
2022-09-30,144.419,144.48,0.3810000000000002,0.057999999999978624,time,-0.06399999999997863,time,False,long
2022-10-06,144.433,144.586,0.3170000000000073,0.15000000000002,time,-0.15600000000002,time,False,long
2022-10-07,145.044,144.913,0.26200000000000045,-0.13400000000000023,time,0.12800000000000022,time,False,short
2022-10-10,145.461,145.428,0.4339999999999975,-0.036000000000015464,time,0.030000000000015462,time,False,short
2022-10-11,145.668,145.623,0.32200000000000273,-0.04800000000001592,time,0.042000000000015913,time,False,short
2022-10-12,145.887,146.169,0.575000000000017,0.497,tp,-0.503,sl,False,long
2022-10-13,146.774,146.832,0.19499999999999318,0.05499999999999272,time,-0.06099999999999273,time,False,long
2022-10-14,147.308,147.482,0.5229999999999961,0.1710000000000066,time,-0.1770000000000066,time,False,long
2022-10-17,148.635,148.647,0.37599999999997635,0.009000000000000456,time,-0.015000000000000454,time,False,long
2022-10-18,148.97,148.963,0.38400000000001455,-0.010000000000005001,time,0.004000000000005002,time,False,short
2022-10-19,149.211,149.344,0.38399999999998613,0.12999999999998135,time,-0.13599999999998136,time,False,long
2022-10-20,149.824,149.874,0.4440000000000168,0.046999999999982944,time,-0.05299999999998295,time,False,long
2022-10-21,150.172,150.476,0.35000000000002274,0.30100000000000204,time,-0.30700000000000205,time,False,long
2022-10-24,147.615,149.258,1.9920000000000186,0.497,tp,-0.503,sl,False,long
2022-10-25,148.884,148.925,0.570999999999998,0.038000000000025236,time,-0.04400000000002524,time,False,long
2022-10-26,147.977,147.088,1.358000000000004,-0.503,sl,0.497,tp,False,short
2022-10-27,146.082,145.715,1.2890000000000157,-0.503,sl,0.497,tp,False,short
2022-10-28,146.281,146.604,0.8799999999999955,0.497,tp,-0.503,sl,False,long
2022-10-31,147.813,148.014,0.5420000000000016,0.19800000000002183,time,-0.20400000000002183,time,False,long
2022-11-01,148.733,147.925,1.3220000000000027,-0.503,sl,0.497,tp,False,short
2022-11-02,147.913,147.339,0.8070000000000164,-0.503,sl,0.497,tp,False,short
2022-11-03,147.888,147.897,0.931999999999988,-0.503,sl,0.497,tp,False,long
2022-11-04,148.376,147.884,0.7309999999999945,-0.503,sl,0.497,tp,False,short
2022-11-07,146.843,147.514,0.8549999999999898,0.497,tp,-0.503,sl,False,long
2022-11-08,146.624,146.736,0.6239999999999952,0.10899999999999477,time,-0.11499999999999477,time,False,long
2022-11-09,145.292,145.512,0.7349999999999852,0.497,tp,-0.503,sl,False,long
2022-11-10,146.198,146.301,0.3959999999999866,0.09999999999998022,time,-0.10599999999998022,time,False,long
2022-11-11,141.736,141.753,1.1270000000000095,0.497,tp,-0.503,sl,False,long
2022-11-14,139.609,139.092,0.945999999999998,-0.503,sl,0.497,tp,False,short
2022-11-15,140.092,139.337,1.4499999999999886,0.497,tp,-0.503,sl,True,short
2022-11-18,140.422,139.831,0.8669999999999902,-0.503,sl,0.497,tp,False,short
2022-11-21,140.261,140.853,0.7009999999999934,0.497,tp,-0.503,sl,False,long
2022-11-22,142.087,141.811,0.606000000000023,-0.27899999999998204,time,0.27299999999998203,time,False,short
2022-11-23,141.159,141.167,0.6020000000000039,0.005000000000009777,time,-0.011000000000009776,time,False,long
2022-11-24,139.242,138.975,0.9400000000000261,-0.503,sl,0.497,tp,False,short
2022-11-25,138.602,138.79,0.679000000000002,0.18499999999998817,time,-0.19099999999998818,time,False,long
2022-11-28,139.374,138.31,1.5749999999999886,-0.503,sl,0.497,tp,False,short
2022-12-06,136.576,136.94,1.1409999999999911,0.497,tp,-0.503,sl,False,long
2022-12-07,136.883,137.387,0.6269999999999811,0.497,tp,-0.503,sl,False,long
2022-12-08,136.378,136.943,0.9729999999999848,0.497,tp,-0.503,sl,False,long
2022-12-13,137.511,137.412,0.650999999999982,-0.10199999999998954,time,0.09599999999998954,time,False,short
2022-12-14,135.573,135.477,0.4539999999999793,-0.09900000000000364,time,0.09300000000000364,time,False,short
2022-12-15,135.363,135.863,0.6129999999999995,0.497,tp,-0.503,sl,False,long
2022-12-16,137.746,137.232,0.8369999999999891,-0.503,sl,0.497,tp,False,short
2022-12-19,136.568,135.845,0.828000000000003,-0.503,sl,0.497,tp,False,short
2022-12-20,136.971,132.592,5.195999999999998,0.497,tp,-0.503,sl,True,short
2022-12-21,131.89,131.782,0.8759999999999764,-0.11099999999997567,time,0.10499999999997567,time,False,short
2022-12-22,132.394,131.949,0.8200000000000216,-0.503,sl,0.497,tp,False,short
2022-12-23,132.373,132.519,0.5190000000000055,0.143000000000015,time,-0.149000000000015,time,False,long
2022-12-26,132.754,132.676,0.5789999999999793,-0.08100000000000296,time,0.07500000000000295,time,False,short
2022-12-27,132.762,132.872,0.5480000000000018,0.10700000000001364,time,-0.11300000000001365,time,False,long
2022-12-28,133.487,133.909,0.950000000000017,0.497,tp,-0.503,sl,False,long
2022-12-30,132.918,132.133,0.8569999999999993,-0.503,sl,0.497,tp,False,short
2023-01-02,130.886,130.935,0.2560000000000002,0.04600000000000659,time,-0.052000000000006597,time,False,long
2023-01-03,130.789,130.107,1.3959999999999866,-0.503,sl,0.497,tp,False,short
2023-01-04,131.296,130.245,1.1910000000000025,-0.503,sl,0.497,tp,False,short
2023-01-05,132.243,132.482,0.9419999999999789,-0.503,sl,0.497,tp,False,long
2023-01-06,133.318,134.221,1.0670000000000073,0.497,tp,-0.503,sl,False,long
2023-01-09,131.805,132.228,1.0660000000000025,-0.503,sl,0.497,tp,True,long
2023-01-10,131.731,132.22,0.9099999999999966,0.497,tp,-0.503,sl,False,long
2023-01-11,132.103,132.42,0.4890000000000043,0.31399999999997885,time,-0.31999999999997886,time,False,long
2023-01-12,131.896,131.601,0.6699999999999875,-0.503,sl,0.497,tp,False,short
2023-01-13,129.172,128.375,1.0999999999999943,-0.503,sl,0.497,tp,False,short
2023-01-16,128.05,127.967,0.9769999999999897,-0.503,sl,0.497,tp,False,short
2023-01-17,128.337,128.728,0.8580000000000041,0.497,tp,-0.503,sl,False,long
2023-01-18,128.288,130.254,3.3530000000000086,0.497,tp,-0.503,sl,False,long
2023-01-19,128.552,128.174,0.9329999999999927,-0.503,sl,0.497,tp,False,short
2023-01-20,128.371,128.881,0.953000000000003,0.497,tp,-0.503,sl,False,long
2023-01-23,129.389,130.12,1.274000000000001,0.497,tp,-0.503,sl,False,long
2023-01-24,130.593,129.853,1.0049999999999955,-0.503,sl,0.497,tp,False,short
2023-01-25,130.214,130.43,0.4749999999999943,0.21300000000000818,time,-0.2190000000000082,time,False,long
2023-01-26,129.257,129.478,0.7259999999999991,0.21800000000000364,time,-0.22400000000000364,time,False,long
2023-01-27,129.804,129.963,0.768999999999977,0.1559999999999918,time,-0.16199999999999182,time,False,long
2023-01-30,129.835,129.581,1.0889999999999986,-0.503,sl,0.497,tp,False,short
2023-01-31,130.48,130.145,0.4650000000000034,-0.33799999999997954,time,0.33199999999997953,time,False,short
2023-02-01,130.109,130.175,0.549999999999983,0.0630000000000025,time,-0.0690000000000025,time,False,long
2023-02-02,128.603,128.657,0.6140000000000043,0.051000000000002044,time,-0.05700000000000205,time,False,long
2023-02-03,128.763,128.61,0.3790000000000191,-0.1559999999999916,time,0.14999999999999158,time,False,short
2023-02-06,132.06,131.824,0.7090000000000032,-0.23899999999999,time,0.23299999999999,time,False,short
2023-02-08,131.054,130.857,0.35499999999998977,-0.20000000000000273,time,0.19400000000000273,time,False,short
2023-02-13,131.549,132.13,0.856000000000023,0.497,tp,-0.503,sl,False,long
2023-02-14,132.335,131.964,0.41900000000001114,-0.3740000000000093,time,0.3680000000000093,time,False,short
2023-02-15,132.989,133.315,0.8479999999999848,0.3229999999999934,time,-0.3289999999999934,time,False,long
2023-02-17,134.074,134.795,0.8339999999999748,0.497,tp,-0.503,sl,False,long
2023-02-20,134.31,134.045,0.5889999999999986,-0.2680000000000148,time,0.2620000000000148,time,False,short
2023-02-21,134.334,134.583,0.5529999999999973,0.24599999999999522,time,-0.25199999999999523,time,False,long
2023-02-22,134.989,134.731,0.5120000000000005,-0.2610000000000098,time,0.2550000000000098,time,False,short
2023-02-23,134.932,134.84,0.257000000000005,-0.09499999999998454,time,0.08899999999998454,time,False,short
2023-02-24,134.623,134.837,0.8659999999999854,-0.503,sl,0.497,tp,False,long
2023-02-27,136.423,136.187,0.554000000000002,-0.23899999999999,time,0.23299999999999,time,False,short
2023-02-28,136.321,136.747,0.6709999999999923,0.42300000000001614,time,-0.42900000000001615,time,False,long
2023-03-01,136.344,136.32,0.26200000000000045,-0.02700000000000091,time,0.02100000000000091,time,False,short
2023-03-02,136.19,136.628,0.6260000000000048,0.4349999999999882,time,-0.4409999999999882,time,False,long
2023-03-03,136.716,136.38,0.4300000000000068,-0.33900000000001274,time,0.33300000000001273,time,False,short
2023-03-06,136.016,135.683,0.6839999999999975,-0.503,sl,0.497,tp,False,short
2023-03-07,135.995,136.024,0.34600000000000364,0.025999999999996363,time,-0.031999999999996365,time,False,long
2023-03-14,133.083,133.549,1.002999999999986,0.497,tp,-0.503,sl,False,long
2023-03-15,134.435,134.872,1.0330000000000155,0.497,tp,-0.503,sl,False,long
2023-03-16,132.899,132.773,0.992999999999995,0.497,tp,-0.503,sl,False,short
2023-03-28,131.235,131.159,0.7399999999999807,-0.503,sl,0.497,tp,False,short
2023-03-29,131.047,131.963,1.1299999999999955,0.497,tp,-0.503,sl,False,long
2023-03-31,133.197,132.97,0.8239999999999839,-0.503,sl,0.497,tp,False,short
2023-04-05,131.431,131.406,0.5390000000000157,-0.028000000000005684,time,0.022000000000005685,time,False,short
2023-04-06,130.937,131.365,0.7179999999999893,0.497,tp,-0.503,sl,False,long
2023-04-07,131.672,131.885,0.382000000000005,0.20999999999999386,time,-0.21599999999999386,time,False,long
2023-04-10,132.099,132.066,0.6920000000000073,0.497,tp,-0.503,sl,False,short
2023-04-11,133.469,133.143,0.6500000000000057,-0.3289999999999934,time,0.3229999999999934,time,False,short
2023-04-14,132.486,132.227,0.4450000000000216,-0.26199999999998613,time,0.2559999999999861,time,False,short
2023-04-17,133.986,134.05,0.5049999999999955,0.06100000000002137,time,-0.06700000000002138,time,False,long
2023-04-18,134.454,134.228,0.5010000000000048,-0.2289999999999991,time,0.2229999999999991,time,False,short
2023-04-19,134.041,134.733,0.8600000000000136,0.497,tp,-0.503,sl,False,long
2023-04-20,134.712,134.609,0.5880000000000223,-0.10599999999998022,time,0.09999999999998022,time,False,short
2023-04-24,133.964,134.224,0.5869999999999891,0.497,tp,-0.503,sl,False,long
2023-04-25,134.086,134.148,0.4760000000000275,0.0589999999999834,time,-0.0649999999999834,time,False,long
2023-04-26,133.707,133.45,0.3990000000000009,-0.260000000000005,time,0.254000000000005,time,False,short
2023-04-27,133.462,133.782,0.4579999999999984,0.3170000000000216,time,-0.3230000000000216,time,False,long
2023-04-28,133.804,135.725,2.5209999999999866,0.497,tp,-0.503,sl,False,long
2023-05-01,136.404,136.715,0.7280000000000086,0.497,tp,-0.503,sl,False,long
2023-05-02,137.521,137.599,0.4819999999999993,0.07500000000000295,time,-0.08100000000000296,time,False,long
2023-05-03,136.468,135.793,0.8509999999999991,-0.503,sl,0.497,tp,False,short
2023-05-04,134.549,134.672,0.6680000000000064,0.11999999999999045,time,-0.12599999999999045,time,False,long
2023-05-05,134.161,134.054,0.3760000000000048,-0.10999999999999932,time,0.10399999999999932,time,False,short
2023-05-08,135.192,135.025,0.5520000000000209,-0.503,sl,0.497,tp,False,short
2023-05-09,135.084,134.795,0.6030000000000086,-0.2920000000000157,time,0.2860000000000157,time,False,short
2023-05-10,135.292,135.24,0.40500000000000114,-0.0549999999999925,time,0.048999999999992494,time,False,short
2023-05-11,134.101,134.552,0.6680000000000064,0.4479999999999934,time,-0.4539999999999934,time,False,long
2023-05-12,134.491,134.859,0.5009999999999764,0.364999999999995,time,-0.370999999999995,time,False,long
2023-05-15,135.823,135.959,0.5370000000000061,0.13299999999999568,time,-0.13899999999999568,time,False,long
2023-05-16,136.031,135.791,0.3569999999999993,-0.2430000000000091,time,0.2370000000000091,time,False,short
2023-05-17,136.425,136.985,0.6910000000000025,0.497,tp,-0.503,sl,False,long
2023-05-18,137.602,137.811,0.5870000000000175,0.20600000000000318,time,-0.21200000000000319,time,False,long
2023-05-19,138.624,138.105,0.6980000000000075,-0.503,sl,0.497,tp,False,short
2023-05-22,137.693,137.829,0.5500000000000114,0.13299999999999568,time,-0.13899999999999568,time,False,long
2023-05-23,138.663,138.36,0.5519999999999925,-0.3059999999999973,time,0.29999999999999727,time,False,short
2023-05-24,138.611,138.645,0.5010000000000048,0.031000000000020237,time,-0.03700000000002024,time,False,long
2023-05-25,139.294,139.392,0.4410000000000025,0.09499999999998476,time,-0.10099999999998477,time,False,long
2023-05-26,140.023,139.528,0.6110000000000184,-0.503,sl,0.497,tp,False,short
2023-05-29,140.883,140.333,0.6980000000000075,-0.503,sl,0.497,tp,False,short
2023-05-31,139.793,139.744,0.6079999999999757,-0.052000000000006597,time,0.04600000000000659,time,False,short
2023-06-01,139.135,139.914,0.8700000000000045,0.497,tp,-0.503,sl,False,long
2023-06-02,138.741,139.003,0.44899999999998386,0.25899999999997203,time,-0.26499999999997204,time,False,long
2023-06-05,140.213,140.409,0.46299999999999386,0.19299999999999795,time,-0.19899999999999796,time,False,long
2023-06-06,139.414,139.323,0.37999999999999545,-0.09399999999997977,time,0.08799999999997976,time,False,short
2023-06-08,139.913,139.722,0.43199999999998795,-0.1940000000000025,time,0.1880000000000025,time,False,short
2023-06-09,138.887,139.56,0.7390000000000043,0.497,tp,-0.503,sl,False,long
2023-06-13,139.458,139.489,0.34099999999997976,0.028000000000005913,time,-0.034000000000005914,time,False,long
2023-06-14,140.147,139.985,0.3149999999999977,-0.16499999999997772,time,0.15899999999997771,time,False,short
2023-06-15,139.968,141.269,1.5629999999999882,0.497,tp,-0.503,sl,False,long
2023-06-16,140.265,141.14,1.5529999999999973,0.497,tp,-0.503,sl,False,long
2023-06-19,141.861,141.846,0.5289999999999964,-0.017999999999986357,time,0.011999999999986358,time,False,short
2023-06-20,141.905,141.765,0.6730000000000018,-0.14300000000001478,time,0.13700000000001478,time,False,short
2023-06-21,141.335,142.088,0.7740000000000009,0.497,tp,-0.503,sl,False,long
2023-06-22,141.684,141.783,0.3369999999999891,0.09599999999998954,time,-0.10199999999998954,time,False,long
2023-06-23,143.028,142.881,0.6800000000000068,-0.14999999999999136,time,0.14399999999999136,time,False,short
2023-06-26,143.538,143.385,0.42799999999999727,-0.15600000000002,time,0.15000000000002,time,False,short
2023-07-07,143.974,143.233,1.061000000000007,-0.503,sl,0.497,tp,False,short
2023-07-10,142.21,142.294,0.8870000000000005,0.497,tp,-0.503,sl,False,long
2023-07-11,141.307,140.529,1.0390000000000157,-0.503,sl,0.497,tp,False,short
2023-07-17,138.685,138.664,0.39099999999999113,-0.024000000000015006,time,0.018000000000015007,time,False,short
2023-07-18,138.719,138.227,0.75,-0.503,sl,0.497,tp,False,short
2023-07-19,139.021,139.498,0.8299999999999841,0.497,tp,-0.503,sl,False,long
2023-07-20,139.605,139.626,0.592000000000013,0.018000000000015007,time,-0.024000000000015006,time,False,long
2023-07-21,139.843,141.37,1.6479999999999961,0.497,tp,-0.503,sl,False,long
2023-07-24,141.751,141.415,0.585000000000008,-0.503,sl,0.497,tp,False,short
2023-07-25,141.541,141.37,0.41900000000001114,-0.17399999999999227,time,0.16799999999999227,time,False,short
2023-07-26,140.911,140.656,0.5819999999999936,-0.25799999999999546,time,0.25199999999999545,time,False,short
2023-07-27,140.368,139.975,1.1040000000000134,-0.503,sl,0.497,tp,False,short
2023-07-28,138.869,139.767,3.0180000000000007,0.497,tp,-0.503,sl,True,long
2023-07-31,140.753,142.172,1.531000000000006,0.497,tp,-0.503,sl,False,long
2023-08-01,142.324,142.71,0.5889999999999986,0.497,tp,-0.503,sl,False,long
2023-08-02,142.96,142.639,0.8070000000000164,-0.32399999999999796,time,0.31799999999999795,time,False,short
2023-08-03,143.35,142.905,1.0370000000000061,0.497,tp,-0.503,sl,False,short
2023-08-04,142.602,142.652,0.568000000000012,0.046999999999982944,time,-0.05299999999998295,time,False,long
2023-08-07,141.871,142.119,0.8410000000000082,0.24499999999999045,time,-0.25099999999999045,time,False,long
2023-08-08,142.536,143.301,0.8060000000000116,0.497,tp,-0.503,sl,False,long
2023-08-14,144.853,144.794,0.570999999999998,-0.0619999999999975,time,0.055999999999997496,time,False,short
2023-08-15,145.433,145.798,0.5209999999999866,0.3620000000000091,time,-0.3680000000000091,time,False,long
2023-08-18,145.708,145.296,0.6400000000000148,-0.503,sl,0.497,tp,False,short
2023-08-21,145.323,145.453,0.47800000000000864,0.12699999999999545,time,-0.13299999999999546,time,False,long
2023-08-22,146.248,145.766,0.6529999999999916,-0.503,sl,0.497,tp,False,short
2023-08-23,145.776,145.398,0.4609999999999843,-0.3810000000000143,time,0.3750000000000143,time,False,short
2023-08-24,144.679,145.327,0.7379999999999995,0.497,tp,-0.503,sl,False,long
2023-08-25,146.051,146.052,0.35200000000000387,-0.001999999999995225,time,-0.004000000000004775,time,False,long
2023-08-28,146.547,146.544,0.3130000000000166,-0.005999999999985903,time,-1.4097230327525523e-14,time,False,short
2023-08-29,146.46,146.456,0.2530000000000143,-0.0070000000000190995,time,0.0010000000000190993,time,False,short
2023-08-30,145.981,146.394,0.6550000000000011,0.497,tp,-0.503,sl,False,long
2023-08-31,146.087,145.912,0.40500000000000114,-0.17799999999998295,time,0.17199999999998294,time,False,short
2023-09-01,145.485,145.42,0.4630000000000223,-0.06800000000002615,time,0.062000000000026145,time,False,short
2023-09-04,146.065,146.407,0.42099999999999227,0.33900000000001296,time,-0.34500000000001296,time,False,long
2023-09-06,147.456,147.37,0.7849999999999966,-0.08899999999998431,time,0.08299999999998431,time,False,short
2023-09-07,147.713,147.435,0.4630000000000223,-0.2809999999999916,time,0.2749999999999916,time,False,short
2023-09-08,147.334,147.395,0.8599999999999852,-0.503,sl,0.497,tp,False,long
2023-09-12,146.672,146.807,0.5060000000000002,0.1319999999999909,time,-0.1379999999999909,time,False,long
2023-09-13,147.158,147.316,0.3439999999999941,0.15500000000001546,time,-0.16100000000001546,time,False,long
2023-09-18,147.864,147.717,0.31799999999998363,-0.14999999999999136,time,0.14399999999999136,time,False,short
2023-09-19,147.613,147.838,0.38900000000001,0.2219999999999943,time,-0.22799999999999432,time,False,long
2023-10-11,148.625,148.872,0.4730000000000132,0.2440000000000141,time,-0.2500000000000141,time,False,long
2023-10-12,149.034,149.178,0.25199999999998113,0.14100000000000545,time,-0.14700000000000546,time,False,long
2023-10-13,149.786,149.654,0.2560000000000002,-0.135000000000005,time,0.129000000000005,time,False,short
2023-10-16,149.558,149.57,0.2400000000000091,0.009000000000000456,time,-0.015000000000000454,time,False,long
2023-10-17,149.579,149.599,0.17900000000000205,0.01699999999998181,time,-0.02299999999998181,time,False,long
2023-10-18,149.76,149.746,0.31100000000000705,-0.016999999999981582,time,0.010999999999981584,time,False,short
2023-10-19,149.767,149.799,0.1769999999999925,0.029000000000010687,time,-0.03500000000001069,time,False,long
2023-10-20,149.805,149.967,0.18700000000001182,0.15900000000000614,time,-0.16500000000000614,time,False,long
2023-10-24,149.773,149.487,0.46700000000001296,-0.28900000000000137,time,0.28300000000000136,time,False,short
2023-10-25,149.856,149.9,0.132000000000005,0.04100000000001114,time,-0.047000000000011144,time,False,long
2023-10-26,150.094,150.474,0.945999999999998,0.497,tp,-0.503,sl,False,long
2023-10-27,150.364,150.154,0.3329999999999984,-0.21300000000000796,time,0.20700000000000796,time,False,short
2023-10-30,149.734,149.442,0.3990000000000009,-0.2950000000000016,time,0.2890000000000016,time,False,short
2023-10-31,149.096,150.279,1.2249999999999943,0.497,tp,-0.503,sl,False,long
2023-11-01,151.319,151.31,0.30000000000001137,-0.01199999999998613,time,0.00599999999998613,time,False,short
2023-11-02,150.573,150.376,0.4420000000000073,-0.20000000000000273,time,0.19400000000000273,time,False,short
2023-11-03,150.493,150.34,0.26200000000000045,-0.1559999999999916,time,0.14999999999999158,time,False,short
2023-11-06,149.453,149.542,0.23699999999999477,0.08599999999999863,time,-0.09199999999999864,time,False,long
2023-11-07,149.985,150.286,0.35599999999999454,0.2979999999999877,time,-0.3039999999999877,time,False,long
2023-11-08,150.396,150.495,0.26600000000001955,0.09600000000001796,time,-0.10200000000001797,time,False,long
2023-11-14,151.648,151.716,0.16900000000001114,0.06500000000001205,time,-0.07100000000001205,time,False,long
2023-11-17,150.704,150.443,0.3410000000000082,-0.2639999999999957,time,0.2579999999999957,time,False,short
2023-11-20,149.959,148.906,1.3009999999999877,-0.503,sl,0.497,tp,False,short
2023-11-21,148.383,147.516,1.171999999999997,-0.503,sl,0.497,tp,False,short
2023-11-22,148.146,148.96,1.024000000000001,0.497,tp,-0.503,sl,False,long
2023-11-23,149.46,149.143,0.5730000000000075,-0.503,sl,0.497,tp,False,short
2023-11-24,149.638,149.425,0.5150000000000148,-0.21599999999999386,time,0.20999999999999386,time,False,short
2023-11-30,147.057,147.06,0.3990000000000009,1.4324479102878485e-14,time,-0.006000000000014325,time,False,long
2023-12-01,147.996,148.301,0.7150000000000034,0.3019999999999784,time,-0.3079999999999784,time,False,long
2023-12-04,146.361,146.958,0.7539999999999907,0.497,tp,-0.503,sl,False,long
2023-12-05,147.302,147.026,0.4130000000000109,-0.27899999999998204,time,0.27299999999998203,time,False,short
2023-12-06,147.186,146.968,0.46599999999997976,-0.22100000000001774,time,0.21500000000001773,time,False,short
2023-12-07,147.179,145.712,1.6690000000000111,-0.503,sl,0.497,tp,False,short
2023-12-08,144.237,144.088,1.396000000000015,-0.503,sl,0.497,tp,False,short
2023-12-11,144.987,146.377,1.586999999999989,0.497,tp,-0.503,sl,False,long
2023-12-12,146.049,145.374,0.7949999999999875,-0.503,sl,0.497,tp,False,short
2023-12-13,145.296,145.684,0.4369999999999834,0.3850000000000052,time,-0.39100000000000523,time,False,long
2023-12-14,142.787,141.406,1.9519999999999982,-0.503,sl,0.497,tp,False,short
2023-12-15,142.277,141.885,0.9000000000000057,-0.503,sl,0.497,tp,False,short
2023-12-19,142.686,144.164,2.0209999999999866,0.497,tp,-0.503,sl,False,long
2023-12-20,143.925,143.541,0.789999999999992,-0.503,sl,0.497,tp,False,short
2023-12-21,143.525,143.257,0.7600000000000193,-0.503,sl,0.497,tp,False,short
2023-12-22,142.069,142.231,0.6899999999999977,0.15900000000000614,time,-0.16500000000000614,time,False,long
2023-12-25,142.408,142.346,0.3780000000000143,-0.0649999999999834,time,0.0589999999999834,time,False,short
2023-12-26,142.239,142.326,0.3050000000000068,0.08399999999998908,time,-0.08999999999998909,time,False,long
2023-12-27,142.487,142.785,0.4140000000000157,0.2950000000000018,time,-0.3010000000000018,time,False,long
2023-12-28,141.439,140.82,0.9569999999999936,-0.503,sl,0.497,tp,False,short
2023-12-29,141.436,141.411,0.5289999999999964,-0.028000000000005684,time,0.022000000000005685,time,False,short
2024-01-02,141.11,141.544,0.5730000000000075,0.497,tp,-0.503,sl,False,long
2024-01-03,142.174,142.418,0.6099999999999852,0.24099999999999977,time,-0.24699999999999978,time,False,long
2024-01-04,142.995,143.373,1.039999999999992,0.497,tp,-0.503,sl,False,long
2024-01-05,144.772,145.075,0.7090000000000032,0.497,tp,-0.503,sl,False,long
2024-01-08,144.721,144.18,0.6279999999999859,-0.503,sl,0.497,tp,False,short
2024-01-09,144.223,144.067,0.8389999999999986,-0.503,sl,0.497,tp,False,short
2024-01-10,144.431,144.938,0.7340000000000089,0.497,tp,-0.503,sl,False,long
2024-01-11,145.724,145.489,0.5010000000000048,-0.23799999999998522,time,0.23199999999998522,time,False,short
2024-01-12,145.1,145.148,0.5620000000000118,0.045000000000001816,time,-0.05100000000000182,time,False,long
2024-01-16,145.79,146.157,0.6879999999999882,0.36400000000001864,time,-0.37000000000001865,time,False,long
2024-01-17,147.242,147.869,0.8689999999999998,0.497,tp,-0.503,sl,False,long
2024-01-18,148.134,147.785,0.5629999999999882,-0.35199999999998954,time,0.34599999999998954,time,False,short
2024-01-19,148.122,148.269,0.8640000000000043,0.497,tp,-0.503,sl,False,long
2024-01-22,148.124,148.036,0.5,-0.09099999999999386,time,0.08499999999999386,time,False,short
2024-01-23,148.144,147.582,1.5730000000000075,-0.503,sl,0.497,tp,False,short
2024-01-24,148.235,147.793,0.5600000000000023,-0.503,sl,0.497,tp,False,short
2024-01-25,147.585,147.669,0.34499999999999886,0.08100000000000318,time,-0.08700000000000319,time,False,long
2024-01-26,147.721,147.771,0.40399999999999636,0.046999999999982944,time,-0.05299999999998295,time,False,long
2024-01-29,148.178,147.801,0.5819999999999936,-0.38000000000000955,time,0.37400000000000955,time,False,short
2024-01-30,147.486,147.223,0.32800000000000296,-0.2659999999999768,time,0.2599999999999768,time,False,short
2024-01-31,147.333,147.655,0.7119999999999891,0.497,tp,-0.503,sl,False,long
2024-02-01,147.005,146.862,0.6069999999999993,-0.503,sl,0.497,tp,False,short
2024-02-02,146.46,146.622,0.36099999999999,0.15900000000000614,time,-0.16500000000000614,time,False,long
2024-02-05,148.512,148.433,0.5060000000000002,-0.08200000000000773,time,0.07600000000000773,time,False,short
2024-02-06,148.663,148.443,0.3129999999999882,-0.22299999999999887,time,0.21699999999999886,time,False,short
2024-02-07,147.82,147.898,0.27899999999999636,0.07500000000000295,time,-0.08100000000000296,time,False,long
2024-02-12,149.179,149.094,0.20599999999998886,-0.08800000000000796,time,0.08200000000000796,time,False,short
2024-02-13,149.404,149.471,0.29699999999999704,0.06400000000000727,time,-0.07000000000000728,time,False,long
2024-02-14,150.722,150.451,0.43200000000001637,-0.274000000000015,time,0.268000000000015,time,False,short
2024-02-15,150.555,150.202,0.5020000000000095,-0.503,sl,0.497,tp,False,short
2024-02-16,149.958,150.233,0.4420000000000073,0.2720000000000057,time,-0.2780000000000057,time,False,long
2024-02-19,150.147,149.978,0.27599999999998204,-0.17199999999998272,time,0.16599999999998272,time,False,short
2024-02-20,150.27,150.359,0.24600000000000932,0.08599999999999863,time,-0.09199999999999864,time,False,long
2024-02-21,149.966,150.144,0.2990000000000066,0.17499999999999727,time,-0.18099999999999727,time,False,long
2024-02-22,150.338,150.132,0.3739999999999952,-0.20899999999998886,time,0.20299999999998886,time,False,short
2024-02-23,150.473,150.555,0.28000000000000114,0.07899999999999363,time,-0.08499999999999364,time,False,long
2024-02-26,150.501,150.454,0.2259999999999991,-0.04999999999999705,time,0.04399999999999704,time,False,short
2024-02-27,150.57,150.353,0.28700000000000614,-0.21999999999998454,time,0.21399999999998454,time,False,short
2024-02-28,150.516,150.739,0.37700000000000955,0.22000000000001319,time,-0.2260000000000132,time,False,long
2024-02-29,150.656,149.661,1.0339999999999918,-0.503,sl,0.497,tp,False,short
2024-03-01,150.07,150.347,0.4200000000000159,0.27400000000001523,time,-0.28000000000001524,time,False,long
2024-03-04,150.129,150.308,0.5620000000000118,0.17600000000000204,time,-0.18200000000000205,time,False,long
2024-03-05,150.457,150.419,0.19799999999997908,-0.040999999999982495,time,0.03499999999998249,time,False,short
2024-03-06,150.05,149.534,0.7599999999999909,-0.503,sl,0.497,tp,False,short
2024-03-07,149.259,147.938,1.3239999999999839,-0.503,sl,0.497,tp,False,short
2024-03-08,147.862,147.881,0.5960000000000036,0.016000000000005458,time,-0.022000000000005456,time,False,long
2024-03-11,146.796,146.747,0.549999999999983,-0.051999999999978175,time,0.04599999999997817,time,False,short
2024-03-12,146.737,147.334,0.9749999999999943,0.497,tp,-0.503,sl,False,long
2024-03-13,147.62,147.678,0.5560000000000116,0.05499999999999272,time,-0.06099999999999273,time,False,long
2024-03-14,147.588,147.867,0.4440000000000168,0.27599999999999636,time,-0.28199999999999636,time,False,long
2024-03-15,148.302,148.568,0.6289999999999907,0.26300000000001955,time,-0.26900000000001956,time,False,long
2024-03-18,148.955,149.121,0.42099999999999227,0.16299999999999681,time,-0.16899999999999682,time,False,long
2024-03-19,149.153,150.257,1.4819999999999993,0.497,tp,-0.503,sl,False,long
2024-03-20,151.021,151.484,0.5819999999999936,0.497,tp,-0.503,sl,False,long
2024-03-21,150.737,151.22,0.9609999999999843,0.4800000000000041,time,-0.4860000000000041,time,False,long
2024-03-22,151.629,151.418,0.6059999999999945,-0.21399999999998431,time,0.2079999999999843,time,False,short
2024-03-25,151.311,151.322,0.3720000000000141,0.00799999999999568,time,-0.013999999999995679,time,False,long
2024-03-27,151.521,151.705,0.5240000000000009,0.18100000000002592,time,-0.18700000000002592,time,False,long
2024-03-28,151.292,151.436,0.29400000000001114,0.14100000000000545,time,-0.14700000000000546,time,False,long
2024-03-29,151.442,151.342,0.3149999999999977,-0.10299999999999432,time,0.09699999999999431,time,False,short
2024-04-01,151.401,151.339,0.1810000000000116,-0.06500000000001183,time,0.05900000000001182,time,False,short
2024-04-02,151.594,151.674,0.29999999999998295,0.0770000000000125,time,-0.08300000000001251,time,False,long
2024-04-03,151.545,151.676,0.2950000000000159,0.12800000000000022,time,-0.13400000000000023,time,False,long
2024-04-04,151.581,151.688,0.2179999999999893,0.10399999999999932,time,-0.10999999999999932,time,False,long
2024-04-05,151.292,151.26,0.5279999999999916,-0.03500000000001069,time,0.029000000000010687,time,False,short
2024-04-08,151.679,151.787,0.146000000000015,0.10500000000000409,time,-0.1110000000000041,time,False,long
2024-04-09,151.833,151.902,0.14699999999999136,0.0659999999999884,time,-0.0719999999999884,time,False,long
2024-04-12,153.195,153.248,0.4210000000000207,0.04999999999999727,time,-0.055999999999997274,time,False,long
2024-04-15,153.305,153.905,0.688999999999993,0.497,tp,-0.503,sl,False,long
2024-04-16,154.216,154.39,0.47400000000001796,0.17099999999997817,time,-0.17699999999997817,time,False,long
2024-04-17,154.698,154.61,0.27899999999999636,-0.09099999999999386,time,0.08499999999999386,time,False,short
2024-04-18,154.338,154.294,0.4519999999999982,-0.04699999999998272,time,0.04099999999998272,time,False,short
2024-04-19,154.614,154.32,1.0859999999999843,-0.503,sl,0.497,tp,False,short
2024-04-25,155.268,155.628,0.4960000000000093,0.3569999999999852,time,-0.3629999999999852,time,False,long
2024-04-26,155.621,156.701,1.4099999999999966,0.497,tp,-0.503,sl,False,long
2024-04-29,158.201,159.396,2.155000000000001,0.497,tp,-0.503,sl,False,long
2024-04-30,156.325,156.855,0.8329999999999984,0.497,tp,-0.503,sl,False,long
2024-05-20,155.763,155.732,0.4420000000000073,-0.034000000000005914,time,0.028000000000005913,time,False,short
2024-05-21,156.4,156.232,0.5169999999999959,-0.17100000000000637,time,0.16500000000000636,time,False,short
2024-05-22,156.271,156.401,0.33199999999999363,0.12700000000002387,time,-0.13300000000002388,time,False,long
2024-05-23,156.733,156.756,0.3459999999999752,0.019999999999996135,time,-0.025999999999996134,time,False,long
2024-05-24,156.991,157.056,0.22500000000002274,0.061999999999997724,time,-0.06799999999999773,time,False,long
2024-05-27,156.867,156.909,0.2949999999999875,0.03900000000000159,time,-0.045000000000001594,time,False,long
2024-05-28,156.838,156.893,0.3100000000000023,0.05200000000000682,time,-0.058000000000006824,time,False,long
2024-05-29,157.272,157.151,0.5109999999999957,-0.1239999999999809,time,0.1179999999999809,time,False,short
2024-05-30,157.624,156.968,1.0910000000000082,-0.503,sl,0.497,tp,False,short
2024-05-31,156.991,157.141,0.5800000000000125,0.14699999999997726,time,-0.15299999999997727,time,False,long
2024-06-03,157.182,157.136,0.4759999999999991,-0.04899999999999227,time,0.04299999999999227,time,False,short
2024-06-04,156.091,155.387,1.1230000000000189,-0.503,sl,0.497,tp,False,short
2024-06-05,155.113,156.142,1.0910000000000082,0.497,tp,-0.503,sl,False,long
2024-06-06,155.912,156.279,0.9539999999999793,-0.503,sl,0.497,tp,False,long
2024-06-07,155.676,155.418,0.8149999999999977,-0.503,sl,0.497,tp,False,short
2024-06-10,156.821,157.001,0.47400000000001796,0.17700000000000682,time,-0.18300000000000682,time,False,long
2024-06-11,157.042,157.341,0.3340000000000032,0.2960000000000066,time,-0.3020000000000066,time,False,long
2024-06-12,157.111,157.265,0.3119999999999834,0.15099999999999636,time,-0.15699999999999636,time,False,long
2024-06-13,156.8,157.276,0.6120000000000232,0.497,tp,-0.503,sl,False,long
2024-06-14,157.123,157.67,1.460000000000008,0.497,tp,-0.503,sl,False,long
2024-06-17,157.56,157.55,0.40500000000000114,-0.012999999999990904,time,0.006999999999990905,time,False,short
2024-06-18,157.695,158.129,0.6170000000000186,0.4309999999999975,time,-0.4369999999999975,time,False,long
2024-06-19,157.87,157.665,0.2810000000000059,-0.2080000000000125,time,0.2020000000000125,time,False,short
2024-06-20,157.955,158.273,0.32399999999998386,0.3149999999999836,time,-0.32099999999998363,time,False,long
2024-06-21,158.936,158.774,0.45599999999998886,-0.16500000000000614,time,0.15900000000000614,time,False,short
2024-06-24,159.897,159.713,0.30699999999998795,-0.1869999999999975,time,0.1809999999999975,time,False,short
2024-06-25,159.7,159.485,0.5149999999999864,-0.503,sl,0.497,tp,False,short
2024-06-26,159.7,159.897,0.26599999999999113,0.19400000000000273,time,-0.20000000000000273,time,False,long
2024-06-27,160.627,160.546,0.41500000000002046,-0.08400000000001728,time,0.07800000000001728,time,False,short
2024-06-28,160.704,160.925,0.6330000000000098,0.497,tp,-0.503,sl,False,long
2024-07-01,160.922,161.05,0.4490000000000123,0.12500000000001432,time,-0.13100000000001433,time,False,long
2024-07-02,161.513,161.658,0.2599999999999909,0.1419999999999818,time,-0.1479999999999818,time,False,long
2024-07-05,161.361,160.771,0.8640000000000043,-0.503,sl,0.497,tp,False,short
2024-07-08,160.637,160.835,0.6050000000000182,0.1950000000000075,time,-0.2010000000000075,time,False,long
2024-07-09,160.859,160.924,0.28000000000000114,0.061999999999997724,time,-0.06799999999999773,time,False,long
2024-07-10,161.329,161.496,0.2600000000000193,0.1640000000000016,time,-0.1700000000000016,time,False,long
2024-07-12,158.275,159.217,1.4099999999999966,0.497,tp,-0.503,sl,False,long
2024-07-15,158.286,157.929,0.5340000000000202,-0.3599999999999993,time,0.3539999999999993,time,False,short
2024-07-16,158.15,158.495,0.6829999999999927,0.497,tp,-0.503,sl,False,long
2024-07-17,158.361,157.072,1.615000000000009,-0.503,sl,0.497,tp,False,short
2024-07-19,157.176,157.32,0.9099999999999966,0.497,tp,-0.503,sl,False,long
2024-07-22,157.423,156.81,1.3260000000000218,-0.503,sl,0.497,tp,False,short
2024-07-23,156.901,156.314,0.7299999999999898,-0.503,sl,0.497,tp,False,short
2024-07-26,153.699,153.918,0.8039999999999736,0.21599999999999409,time,-0.2219999999999941,time,False,long
2024-07-29,154.149,153.617,1.336999999999989,-0.503,sl,0.497,tp,False,short
2024-07-30,153.833,154.894,1.5979999999999848,0.497,tp,-0.503,sl,False,long
2024-07-31,152.658,150.921,3.287000000000006,-0.503,sl,0.497,tp,True,short
2024-08-01,149.786,149.861,1.8269999999999982,-0.503,sl,0.497,tp,True,long
2024-08-02,149.205,149.208,1.149000000000001,0.497,tp,-0.503,sl,True,long
2024-08-05,145.589,143.478,4.26400000000001,-0.503,sl,0.497,tp,False,short
2024-08-06,145.8,145.291,2.0630000000000166,0.497,tp,-0.503,sl,True,short
2024-08-07,144.743,146.687,3.2709999999999866,0.497,tp,-0.503,sl,False,long
2024-08-08,146.297,145.868,1.4450000000000216,-0.503,sl,0.497,tp,True,short
2024-08-09,147.694,147.204,1.0579999999999927,-0.503,sl,0.497,tp,False,short
2024-08-12,147.071,147.218,0.6219999999999857,0.14399999999999136,time,-0.14999999999999136,time,False,long
2024-08-13,147.023,147.854,0.9420000000000073,0.497,tp,-0.503,sl,False,long
2024-08-14,146.944,147.407,1.353999999999985,-0.503,sl,0.497,tp,False,long
2024-08-15,147.273,147.21,0.5560000000000116,-0.06599999999998818,time,0.059999999999988174,time,False,short
2024-08-16,149.227,148.86,0.5300000000000011,-0.3699999999999902,time,0.3639999999999902,time,False,short
2024-08-20,146.711,146.556,1.5,-0.503,sl,0.497,tp,True,short
2024-08-21,145.322,146.142,1.2959999999999923,0.497,tp,-0.503,sl,False,long
2024-08-22,145.122,145.38,0.7019999999999982,0.497,tp,-0.503,sl,False,long
2024-08-23,146.208,145.674,1.0409999999999968,-0.503,sl,0.497,tp,False,short
2024-08-26,143.92,143.885,0.771000000000015,-0.03799999999999659,time,0.03199999999999659,time,False,short
2024-08-27,144.504,144.996,0.7250000000000227,0.497,tp,-0.503,sl,False,long
2024-08-28,143.964,144.354,0.6300000000000239,0.497,tp,-0.503,sl,False,long
2024-09-02,146.401,146.471,0.771000000000015,-0.503,sl,0.497,tp,False,long
2024-09-03,146.751,145.945,1.3189999999999884,-0.503,sl,0.497,tp,False,short
2024-09-04,145.365,144.983,0.7990000000000066,-0.503,sl,0.497,tp,False,short
2024-09-05,143.334,143.611,0.8549999999999898,0.497,tp,-0.503,sl,False,long
2024-09-06,143.386,142.995,0.5300000000000011,-0.39399999999999114,time,0.38799999999999113,time,False,short
2024-09-09,142.487,143.158,0.9440000000000168,0.497,tp,-0.503,sl,False,long
2024-09-10,143.18,143.602,0.5829999999999984,0.41899999999999704,time,-0.42499999999999705,time,False,long
2024-09-11,142.231,141.387,1.7180000000000177,-0.503,sl,0.497,tp,False,short
2024-09-12,142.637,142.766,0.7880000000000109,0.12599999999999068,time,-0.13199999999999068,time,False,long
2024-09-13,141.509,140.912,0.9129999999999825,-0.503,sl,0.497,tp,False,short
2024-09-16,140.845,139.852,1.125,-0.503,sl,0.497,tp,False,short
2024-09-17,140.795,140.6,0.5229999999999961,-0.19799999999999318,time,0.19199999999999318,time,False,short
2024-09-18,142.008,141.878,0.796999999999997,-0.503,sl,0.497,tp,False,short
2024-09-19,142.698,142.506,1.552000000000021,0.497,tp,-0.503,sl,True,short
2024-09-20,142.86,143.628,1.9080000000000155,-0.503,sl,0.497,tp,True,long
2024-09-23,144.086,144.12,0.2330000000000041,0.030999999999991815,time,-0.03699999999999182,time,False,long
2024-09-24,143.632,144.452,1.3050000000000068,0.497,tp,-0.503,sl,False,long
2024-09-25,142.945,143.878,1.0010000000000048,0.497,tp,-0.503,sl,False,long
2024-10-02,143.724,144.066,0.6560000000000059,0.33900000000001296,time,-0.34500000000001296,time,False,long
2024-10-03,146.577,146.45,0.9380000000000166,0.497,tp,-0.503,sl,False,short
2024-10-04,146.841,146.22,1.0109999999999957,-0.503,sl,0.497,tp,False,short
2024-10-07,148.792,148.272,0.6400000000000148,-0.503,sl,0.497,tp,False,short
2024-10-15,149.722,149.233,0.5759999999999934,-0.503,sl,0.497,tp,False,short
2024-10-17,149.563,149.773,0.5519999999999925,0.20700000000000796,time,-0.21300000000000796,time,False,long
2024-10-18,150.103,150.093,0.3789999999999907,-0.013000000000019326,time,0.007000000000019327,time,False,short
2024-10-21,149.603,149.835,0.768999999999977,-0.503,sl,0.497,tp,False,long
2024-10-22,150.62,151.0,0.6080000000000041,0.37699999999999545,time,-0.38299999999999546,time,False,long
2024-10-28,152.955,153.409,1.1119999999999948,0.497,tp,-0.503,sl,False,long
2024-10-29,153.141,152.833,0.48799999999999955,-0.3109999999999927,time,0.3049999999999927,time,False,short
2024-11-01,151.979,152.545,0.7779999999999916,0.497,tp,-0.503,sl,False,long
2024-11-04,152.288,152.176,0.6899999999999977,-0.503,sl,0.497,tp,False,short
2024-11-05,152.276,152.271,0.4300000000000068,-0.008000000000023873,time,0.002000000000023874,time,False,short
2024-11-06,151.439,153.937,3.0970000000000084,0.497,tp,-0.503,sl,False,long
2024-11-07,154.307,154.0,1.0589999999999975,-0.503,sl,0.497,tp,False,short
2024-11-08,153.173,152.638,0.818000000000012,-0.503,sl,0.497,tp,False,short
2024-11-11,152.91,153.635,0.796999999999997,0.497,tp,-0.503,sl,False,long
2024-11-12,153.52,153.821,0.6580000000000155,0.497,tp,-0.503,sl,False,long
2024-11-13,154.656,155.04,0.6150000000000091,0.3809999999999861,time,-0.38699999999998613,time,False,long
2024-11-14,155.416,156.018,0.7290000000000134,0.497,tp,-0.503,sl,False,long
2024-11-15,156.48,155.778,0.9870000000000232,-0.503,sl,0.497,tp,False,short
2024-11-18,154.639,154.566,1.3000000000000114,-0.503,sl,0.497,tp,False,short
2024-11-19,154.614,154.508,0.6659999999999968,-0.503,sl,0.497,tp,False,short
2024-11-21,155.271,154.904,0.7450000000000045,-0.503,sl,0.497,tp,False,short
2024-11-25,154.148,154.538,1.0089999999999861,-0.503,sl,0.497,tp,False,long
2024-11-26,154.38,154.038,0.8120000000000118,-0.503,sl,0.497,tp,False,short
2024-11-27,152.93,151.951,1.1940000000000168,-0.503,sl,0.497,tp,False,short
2024-11-28,151.338,151.444,0.4269999999999925,0.10299999999999454,time,-0.10899999999999455,time,False,long
2024-12-02,149.865,150.247,0.9450000000000216,0.497,tp,-0.503,sl,False,long
2024-12-03,149.516,150.004,0.7369999999999948,0.497,tp,-0.503,sl,False,long
2024-12-04,149.613,150.381,0.9159999999999968,0.497,tp,-0.503,sl,False,long
2024-12-05,150.547,149.778,1.021000000000015,-0.503,sl,0.497,tp,False,short
2024-12-06,150.121,149.936,0.5039999999999907,-0.18800000000000228,time,0.18200000000000227,time,False,short
2024-12-11,151.839,151.654,0.4550000000000125,-0.18800000000000228,time,0.18200000000000227,time,False,short
2024-12-12,152.242,152.569,0.8219999999999743,0.497,tp,-0.503,sl,False,long
2024-12-13,152.595,152.793,0.5330000000000155,0.1950000000000075,time,-0.2010000000000075,time,False,long
2024-12-16,153.454,153.526,0.6469999999999914,0.497,tp,-0.503,sl,False,long
2024-12-17,154.091,154.068,0.5440000000000111,-0.025999999999996134,time,0.019999999999996135,time,False,short
2024-12-18,153.569,153.577,0.4519999999999982,0.005000000000009777,time,-0.011000000000009776,time,False,long
2024-12-19,154.663,156.475,2.313999999999993,0.497,tp,-0.503,sl,False,long
2024-12-20,157.647,156.828,1.1590000000000202,-0.503,sl,0.497,tp,False,short
2024-12-23,156.563,156.793,0.4730000000000132,0.2270000000000182,time,-0.2330000000000182,time,False,long
2024-12-24,157.181,157.011,0.4590000000000032,-0.17300000000001592,time,0.1670000000000159,time,False,short
2024-12-25,157.056,157.311,0.3859999999999957,0.25199999999999545,time,-0.25799999999999546,time,False,long
2024-12-26,157.121,157.373,0.39200000000002433,0.24899999999998113,time,-0.25499999999998113,time,False,long
2024-12-27,157.763,157.814,0.4440000000000168,0.04799999999998772,time,-0.053999999999987724,time,False,long
2024-12-30,157.897,157.888,0.3739999999999952,-0.01199999999998613,time,0.00599999999998613,time,False,short
2024-12-31,157.005,156.202,0.9839999999999804,-0.503,sl,0.497,tp,False,short
2025-01-03,157.359,157.135,0.41800000000000637,-0.22700000000001797,time,0.22100000000001796,time,False,short
2025-01-06,157.505,157.663,0.34199999999998454,0.15500000000001546,time,-0.16100000000001546,time,False,long
2025-01-07,157.737,157.492,0.9590000000000032,0.497,tp,-0.503,sl,False,short
2025-01-08,158.22,158.114,0.3669999999999902,-0.10899999999999455,time,0.10299999999999454,time,False,short
2025-01-09,158.186,158.106,0.2550000000000239,-0.08300000000001251,time,0.0770000000000125,time,False,short
2025-01-10,158.04,157.998,0.28000000000000114,-0.045000000000001594,time,0.03900000000000159,time,False,short
2025-01-14,157.309,157.524,0.9949999999999761,0.497,tp,-0.503,sl,False,long
2025-01-15,158.053,156.882,1.2419999999999902,-0.503,sl,0.497,tp,False,short
2025-01-16,156.218,156.184,1.3220000000000027,-0.503,sl,0.497,tp,False,short
2025-01-17,155.363,155.615,0.7939999999999827,0.24900000000000955,time,-0.25500000000000955,time,False,long
2025-01-20,156.313,155.99,0.6510000000000105,-0.503,sl,0.497,tp,False,short
2025-01-21,155.272,155.674,1.460000000000008,0.497,tp,-0.503,sl,True,long
2025-01-22,155.74,156.045,0.7210000000000036,0.3019999999999784,time,-0.3079999999999784,time,False,long
2025-01-23,156.431,156.606,0.4689999999999941,0.17199999999998294,time,-0.17799999999998295,time,False,long
2025-01-24,156.133,155.384,1.5700000000000216,-0.503,sl,0.497,tp,False,short
2025-01-27,155.719,155.878,0.9569999999999936,0.497,tp,-0.503,sl,False,long
2025-01-28,154.912,155.864,1.1829999999999927,0.497,tp,-0.503,sl,False,long
2025-01-29,155.563,155.285,0.7880000000000109,-0.503,sl,0.497,tp,False,short
2025-01-30,155.174,154.496,0.9230000000000018,-0.503,sl,0.497,tp,False,short
2025-01-31,154.088,154.65,0.9180000000000064,0.497,tp,-0.503,sl,False,long
2025-02-03,155.358,155.621,0.6030000000000086,0.497,tp,-0.503,sl,False,long
2025-02-04,155.263,155.324,0.578000000000003,0.058000000000007046,time,-0.06400000000000705,time,False,long
2025-02-05,154.132,153.301,1.2809999999999775,-0.503,sl,0.497,tp,False,short
2025-02-06,152.648,152.579,0.8739999999999952,-0.503,sl,0.497,tp,False,short
2025-02-07,151.167,151.823,0.9279999999999973,0.497,tp,-0.503,sl,False,long
2025-02-10,151.875,152.167,0.5860000000000127,0.2890000000000016,time,-0.2950000000000016,time,False,long
2025-02-11,151.786,151.95,0.37700000000000955,0.16099999999998726,time,-0.16699999999998727,time,False,long
2025-02-12,152.765,153.677,1.007000000000005,0.497,tp,-0.503,sl,False,long
2025-02-13,154.23,154.277,0.7109999999999843,0.04399999999999704,time,-0.04999999999999705,time,False,long
2025-02-14,152.996,152.726,0.7160000000000082,-0.503,sl,0.497,tp,False,short
2025-02-17,152.004,151.863,0.6399999999999864,-0.503,sl,0.497,tp,False,short
2025-02-18,151.435,152.052,0.8059999999999832,0.497,tp,-0.503,sl,False,long
2025-02-19,151.92,152.134,0.41499999999999204,0.21099999999999863,time,-0.21699999999999864,time,False,long
2025-02-20,151.218,150.251,0.9900000000000091,-0.503,sl,0.497,tp,False,short
2025-03-05,149.824,149.445,0.7680000000000007,-0.3820000000000191,time,0.3760000000000191,time,False,short
2025-03-06,148.88,148.369,1.0689999999999884,-0.503,sl,0.497,tp,False,short
2025-03-07,148.146,147.651,0.7750000000000057,-0.503,sl,0.497,tp,False,short
2025-03-10,147.584,147.57,0.7019999999999982,-0.017000000000010004,time,0.011000000000010005,time,False,short
2025-03-11,147.076,146.937,0.8619999999999948,-0.503,sl,0.497,tp,False,short
2025-03-14,147.922,148.748,1.1740000000000066,0.497,tp,-0.503,sl,False,long
2025-03-17,148.605,148.835,0.6359999999999957,0.2270000000000182,time,-0.2330000000000182,time,False,long
2025-03-18,149.394,149.83,0.6240000000000236,0.43300000000000705,time,-0.43900000000000705,time,False,long
2025-03-19,149.439,149.272,0.8790000000000191,0.497,tp,-0.503,sl,False,short
2025-03-20,148.456,148.588,0.46299999999999386,0.129000000000005,time,-0.135000000000005,time,False,long
2025-03-24,149.664,149.648,0.4969999999999857,-0.01899999999999113,time,0.012999999999991133,time,False,short
2025-03-25,150.784,150.72,0.5260000000000105,-0.06699999999999295,time,0.06099999999999295,time,False,short
2025-03-26,149.939,150.54,0.7069999999999936,0.497,tp,-0.503,sl,False,long
2025-03-28,150.849,150.393,0.8259999999999934,-0.45899999999998886,time,0.45299999999998886,time,False,short
2025-03-31,149.617,149.143,0.9369999999999834,-0.503,sl,0.497,tp,False,short
2025-04-01,149.946,149.617,0.4590000000000032,-0.33200000000000773,time,0.32600000000000773,time,False,short
2025-04-02,149.749,149.792,0.228999999999985,0.040000000000006364,time,-0.04600000000000637,time,False,long
2025-04-08,147.789,147.393,0.9969999999999857,-0.503,sl,0.497,tp,False,short
2025-04-09,145.848,145.523,1.36099999999999,-0.503,sl,0.497,tp,False,short
2025-04-10,147.402,146.27,1.2199999999999989,-0.503,sl,0.497,tp,False,short
2025-04-11,143.754,142.835,1.3429999999999893,-0.503,sl,0.497,tp,False,short
2025-04-14,143.692,143.076,1.5180000000000007,-0.503,sl,0.497,tp,False,short
2025-04-15,143.214,143.32,0.7480000000000189,0.10299999999999454,time,-0.10899999999999455,time,False,long
2025-04-16,143.157,142.097,1.1289999999999907,-0.503,sl,0.497,tp,False,short
2025-04-17,141.927,142.738,1.0360000000000014,0.497,tp,-0.503,sl,False,long
2025-04-18,142.351,142.389,0.24600000000000932,0.03500000000001091,time,-0.04100000000001092,time,False,long
2025-04-21,141.589,140.553,1.0430000000000064,-0.503,sl,0.497,tp,False,short
2025-04-22,140.872,140.283,1.2870000000000061,-0.503,sl,0.497,tp,False,short
2025-04-25,142.853,143.397,1.0319999999999823,0.497,tp,-0.503,sl,False,long
2025-04-28,143.851,143.63,0.6049999999999898,-0.503,sl,0.497,tp,False,short
2025-04-29,142.18,142.387,0.5120000000000005,0.20399999999999363,time,-0.20999999999999364,time,False,long
2025-04-30,142.259,142.801,0.7180000000000177,0.497,tp,-0.503,sl,False,long
2025-05-01,143.018,144.365,1.8640000000000043,0.497,tp,-0.503,sl,False,long
2025-05-02,145.406,145.125,0.8830000000000098,0.497,tp,-0.503,sl,False,short
2025-05-05,144.649,144.36,0.8329999999999984,-0.503,sl,0.497,tp,False,short
2025-05-06,143.702,143.327,1.0740000000000123,0.497,tp,-0.503,sl,True,short
2025-05-07,143.089,143.174,0.5799999999999841,0.08200000000000796,time,-0.08800000000000796,time,False,long
2025-05-08,143.86,144.32,1.0749999999999886,0.497,tp,-0.503,sl,False,long
2025-05-09,145.948,145.169,1.0529999999999973,-0.503,sl,0.497,tp,False,short
2025-05-12,145.836,147.915,2.2789999999999964,0.497,tp,-0.503,sl,False,long
2025-05-13,148.257,147.85,0.6129999999999995,-0.503,sl,0.497,tp,False,short
2025-05-14,147.521,146.977,0.8319999999999936,-0.503,sl,0.497,tp,False,short
2025-05-16,145.571,145.235,0.6990000000000123,-0.503,sl,0.497,tp,False,short
2025-05-20,144.976,144.124,1.4230000000000018,0.497,tp,-0.503,sl,True,short
2025-05-21,144.319,143.903,0.8899999999999864,-0.503,sl,0.497,tp,False,short
2025-05-22,143.691,143.051,0.7280000000000086,-0.503,sl,0.497,tp,False,short
2025-05-23,143.859,143.306,0.7800000000000011,-0.503,sl,0.497,tp,False,short
2025-05-26,142.821,142.895,0.6910000000000025,-0.503,sl,0.497,tp,False,long
2025-05-27,142.627,143.74,1.7520000000000095,-0.503,sl,0.497,tp,True,long
2025-05-28,144.133,144.148,0.9199999999999875,0.497,tp,-0.503,sl,False,long
2025-05-29,145.724,145.259,1.085000000000008,0.497,tp,-0.503,sl,True,short
2025-05-30,143.751,144.025,0.7209999999999752,0.2710000000000009,time,-0.2770000000000009,time,False,long
2025-06-02,143.798,142.899,0.9730000000000132,-0.503,sl,0.497,tp,False,short
2025-06-03,142.425,142.827,0.8439999999999941,0.497,tp,-0.503,sl,False,long
2025-06-04,143.818,143.975,0.7229999999999848,0.497,tp,-0.503,sl,False,long
2025-06-05,142.724,143.345,0.8230000000000075,0.497,tp,-0.503,sl,False,long
2025-06-06,143.554,143.907,0.6100000000000136,0.497,tp,-0.503,sl,False,long
2025-06-10,144.564,144.741,0.8850000000000193,0.497,tp,-0.503,sl,False,long
2025-06-11,144.836,145.121,0.5900000000000034,0.2819999999999966,time,-0.2879999999999966,time,False,long
2025-06-12,144.18,143.878,0.671999999999997,-0.503,sl,0.497,tp,False,short
2025-06-13,143.094,143.796,1.082000000000022,0.497,tp,-0.503,sl,False,long
2025-06-16,144.568,144.181,0.6069999999999993,-0.503,sl,0.497,tp,False,short
2025-06-17,144.682,144.528,0.7059999999999889,-0.15699999999999636,time,0.15099999999999636,time,False,short
2025-06-18,145.384,144.955,0.5869999999999891,-0.503,sl,0.497,tp,False,short
2025-06-19,144.953,145.385,0.667999999999978,0.42899999999998795,time,-0.43499999999998795,time,False,long
2025-06-20,145.228,145.41,0.3160000000000025,0.17899999999998795,time,-0.18499999999998795,time,False,long
2025-06-23,146.21,147.333,1.252999999999986,0.497,tp,-0.503,sl,False,long
2025-06-24,145.92,145.316,0.943000000000012,-0.503,sl,0.497,tp,False,short
2025-06-25,144.934,145.311,0.7650000000000148,0.37400000000000955,time,-0.38000000000000955,time,False,long
2025-06-30,144.5,144.123,0.9830000000000041,-0.503,sl,0.497,tp,False,short
2025-07-01,143.806,143.069,0.8659999999999854,-0.503,sl,0.497,tp,False,short
2025-07-02,143.372,143.805,0.5660000000000025,0.497,tp,-0.503,sl,False,long
2025-07-03,143.519,143.859,0.48799999999999955,0.3370000000000034,time,-0.3430000000000034,time,False,long
2025-07-07,144.487,145.197,0.9759999999999991,0.497,tp,-0.503,sl,False,long
2025-07-08,145.878,146.038,0.61099999999999,0.497,tp,-0.503,sl,False,long
2025-07-09,146.866,147.039,0.4519999999999982,0.1699999999999734,time,-0.1759999999999734,time,False,long
2025-07-10,146.103,146.278,0.710000000000008,0.17199999999998294,time,-0.17799999999998295,time,False,long
2025-07-11,146.276,146.95,0.7949999999999875,0.497,tp,-0.503,sl,False,long
2025-07-16,148.781,148.907,0.33600000000001273,0.12300000000000477,time,-0.12900000000000478,time,False,long
2025-07-17,147.995,148.721,0.7839999999999918,0.497,tp,-0.503,sl,False,long
2025-07-21,148.453,148.101,0.7860000000000014,-0.503,sl,0.497,tp,False,short
2025-07-22,147.399,147.705,0.554000000000002,0.497,tp,-0.503,sl,False,long
2025-07-23,146.755,146.751,1.0180000000000007,-0.503,sl,0.497,tp,False,short
2025-07-24,146.35,146.417,0.6370000000000005,0.06400000000000727,time,-0.07000000000000728,time,False,long
2025-07-25,147.009,147.376,0.6850000000000023,0.36400000000001864,time,-0.37000000000001865,time,False,long
2025-07-28,147.781,147.854,0.2779999999999916,0.0700000000000075,time,-0.0760000000000075,time,False,long
2025-08-04,147.347,147.881,0.7740000000000009,0.497,tp,-0.503,sl,False,long
2025-08-06,147.524,147.563,0.4439999999999884,0.035999999999987264,time,-0.04199999999998727,time,False,long
2025-08-07,147.192,146.804,1.0200000000000102,0.497,tp,-0.503,sl,True,short
2025-08-08,146.797,147.323,0.7330000000000041,0.497,tp,-0.503,sl,False,long
2025-08-18,147.229,147.453,0.46399999999999864,0.22099999999998954,time,-0.22699999999998954,time,False,long
2025-08-19,147.918,147.703,0.5809999999999889,-0.2180000000000034,time,0.2120000000000034,time,False,short
2025-08-20,147.742,147.626,0.671999999999997,-0.503,sl,0.497,tp,False,short
2025-08-21,147.301,147.595,0.3850000000000193,0.29100000000001114,time,-0.29700000000001114,time,False,long
2025-08-22,148.385,148.601,0.4949999999999761,0.21300000000000818,time,-0.2190000000000082,time,False,long
2025-08-25,147.265,147.337,0.42900000000000205,0.06900000000000273,time,-0.07500000000000273,time,False,long
2025-08-26,147.81,147.695,0.9230000000000018,-0.503,sl,0.497,tp,False,short
2025-08-27,147.475,147.758,0.5679999999999836,0.28000000000001546,time,-0.28600000000001546,time,False,long
2025-08-28,147.335,147.167,0.4900000000000091,-0.17100000000000637,time,0.16500000000000636,time,False,short
2025-08-29,146.831,147.002,0.4329999999999927,0.1680000000000207,time,-0.1740000000000207,time,False,long
2025-09-01,147.121,147.071,0.5929999999999893,-0.05300000000001137,time,0.047000000000011366,time,False,short
2025-09-02,147.094,148.654,1.6510000000000105,0.497,tp,-0.503,sl,False,long
2025-09-03,148.582,148.735,0.650999999999982,0.497,tp,-0.503,sl,False,long
2025-09-04,147.973,148.365,0.6240000000000236,0.3889999999999959,time,-0.3949999999999959,time,False,long
2025-09-05,148.419,148.212,0.35799999999997567,-0.21000000000002206,time,0.20400000000002205,time,False,short
2025-09-08,148.315,147.825,0.7729999999999961,-0.503,sl,0.497,tp,False,short
2025-09-09,147.374,147.207,0.6140000000000043,-0.503,sl,0.497,tp,False,short
2025-09-10,147.391,147.497,0.3170000000000073,0.10300000000002296,time,-0.10900000000002297,time,False,long
2025-09-11,147.355,147.778,0.5109999999999957,0.4200000000000018,time,-0.4260000000000018,time,False,long
2025-09-12,147.226,147.455,0.38700000000000045,0.2260000000000134,time,-0.23200000000001342,time,False,long
2025-09-15,147.677,147.468,0.3499999999999943,-0.21200000000000319,time,0.20600000000000318,time,False,short
2025-09-16,147.406,146.889,0.8470000000000084,-0.503,sl,0.497,tp,False,short
2025-09-17,146.411,146.666,0.47100000000000364,0.25199999999999545,time,-0.25799999999999546,time,False,long
2025-09-18,146.88,147.204,0.375,0.3210000000000123,time,-0.3270000000000123,time,False,long
2025-09-19,147.966,147.934,0.6459999999999866,-0.03500000000001069,time,0.029000000000010687,time,False,short
2025-09-22,148.105,148.115,0.4830000000000041,0.007000000000019327,time,-0.013000000000019326,time,False,long
2025-09-23,147.731,147.729,0.26600000000001955,-0.004999999999981128,time,-0.001000000000018872,time,False,short
2025-09-24,147.601,148.058,0.5889999999999986,0.497,tp,-0.503,sl,False,long
2025-09-25,148.783,148.82,0.3020000000000209,0.034000000000006136,time,-0.04000000000000614,time,False,long
2025-09-26,149.874,149.847,0.3089999999999975,-0.02999999999998681,time,0.023999999999986813,time,False,short
2025-09-29,149.412,148.574,0.8990000000000009,-0.503,sl,0.497,tp,False,short
2025-09-30,148.619,148.051,0.9050000000000011,-0.503,sl,0.497,tp,False,short
2025-10-01,148.024,147.122,1.2059999999999889,-0.503,sl,0.497,tp,False,short
2025-10-02,147.108,147.082,0.48799999999999955,-0.02900000000001046,time,0.02300000000001046,time,False,short
2025-10-03,147.155,147.412,0.6589999999999918,0.497,tp,-0.503,sl,False,long
2025-10-06,149.58,150.314,0.8959999999999866,0.497,tp,-0.503,sl,False,long
2025-10-07,150.36,150.622,0.4619999999999891,0.25900000000000045,time,-0.26500000000000046,time,False,long
2025-10-08,152.057,152.543,0.5909999999999798,0.497,tp,-0.503,sl,False,long
2025-10-09,152.714,153.068,0.8080000000000211,0.497,tp,-0.503,sl,False,long
2025-10-10,153.024,152.847,0.785000000000025,-0.503,sl,0.497,tp,False,short
2025-10-14,152.458,151.958,0.9959999999999809,-0.503,sl,0.497,tp,False,short
2025-10-17,150.148,149.702,1.011000000000024,-0.503,sl,0.497,tp,False,short
2025-10-20,150.917,150.746,0.7039999999999793,-0.17399999999999227,time,0.16799999999999227,time,False,short
2025-10-21,150.821,151.154,1.1380000000000052,0.497,tp,-0.503,sl,False,long
2025-10-22,151.877,151.825,0.4620000000000175,-0.05500000000002092,time,0.049000000000020916,time,False,short
2025-10-23,151.986,152.498,0.6769999999999925,0.497,tp,-0.503,sl,False,long
2025-10-24,152.609,152.832,0.5860000000000127,0.21999999999998476,time,-0.22599999999998477,time,False,long
2025-10-27,153.078,153.015,0.6009999999999991,-0.0660000000000166,time,0.060000000000016596,time,False,short
2025-10-28,152.699,152.144,0.9770000000000039,-0.503,sl,0.497,tp,False,short
2025-10-29,151.737,152.061,1.0039999999999907,0.497,tp,-0.503,sl,False,long
2025-10-30,152.727,153.404,1.3789999999999907,-0.503,sl,0.497,tp,True,long
2025-10-31,153.906,154.308,0.7430000000000234,0.3989999999999868,time,-0.4049999999999868,time,False,long
2025-11-03,154.201,154.107,0.29599999999999227,-0.09699999999999409,time,0.09099999999999409,time,False,short
2025-11-05,153.549,153.557,0.7900000000000205,-0.503,sl,0.497,tp,False,long
2025-11-06,154.089,153.867,0.36599999999998545,-0.22500000000000842,time,0.2190000000000084,time,False,short
2025-11-07,152.953,153.388,0.6829999999999927,0.497,tp,-0.503,sl,False,long
2025-11-10,153.828,154.045,0.75,0.21399999999998454,time,-0.21999999999998454,time,False,long
2025-11-11,154.151,154.19,0.40500000000000114,0.035999999999987264,time,-0.04199999999998727,time,False,long
2025-11-12,154.084,154.619,0.7409999999999854,0.497,tp,-0.503,sl,False,long
2025-11-13,154.709,154.716,0.39099999999999113,0.004000000000005002,time,-0.010000000000005001,time,False,long
2025-11-14,154.634,154.679,0.4339999999999975,0.042000000000015913,time,-0.04800000000001592,time,False,long
2025-11-17,154.592,154.692,0.39500000000001023,0.09699999999999431,time,-0.10299999999999432,time,False,long
2025-11-18,155.278,154.997,0.563999999999993,-0.2839999999999775,time,0.2779999999999775,time,False,short
2025-11-19,155.527,155.516,0.36700000000001864,-0.013999999999995679,time,0.00799999999999568,time,False,short
2025-11-20,156.998,157.456,0.9000000000000057,0.497,tp,-0.503,sl,False,long
2025-11-21,157.384,156.733,0.9300000000000068,-0.503,sl,0.497,tp,False,short
2025-11-24,156.686,156.842,0.38900000000001,0.1530000000000059,time,-0.15900000000000591,time,False,long
2025-11-25,156.904,156.62,0.46000000000000796,-0.2869999999999918,time,0.2809999999999918,time,False,short
2025-11-26,156.198,156.385,0.8109999999999786,-0.503,sl,0.497,tp,False,long
2025-11-27,156.219,156.11,0.5800000000000125,-0.11199999999998045,time,0.10599999999998044,time,False,short
2025-11-28,156.291,156.297,0.49099999999998545,0.0030000000000002273,time,-0.009000000000000227,time,False,long
2025-12-01,155.907,155.358,0.686000000000007,-0.503,sl,0.497,tp,False,short
2025-12-02,155.56,155.764,0.3760000000000048,0.20100000000000773,time,-0.20700000000000773,time,False,long
2025-12-03,155.764,155.686,0.30100000000001614,-0.08100000000000296,time,0.07500000000000295,time,False,short
2025-12-04,155.114,155.241,0.5200000000000102,0.12400000000000955,time,-0.13000000000000955,time,False,long
2025-12-05,155.132,154.63,0.88900000000001,-0.503,sl,0.497,tp,False,short
2025-12-08,155.31,155.351,0.4519999999999982,0.037999999999996814,time,-0.04399999999999682,time,False,long
2025-12-09,155.846,156.191,0.45400000000000773,0.34199999999999886,time,-0.34799999999999887,time,False,long
2025-12-10,156.805,156.651,0.37700000000000955,-0.15699999999999636,time,0.15099999999999636,time,False,short
2025-12-11,155.749,156.031,0.6740000000000066,0.2790000000000107,time,-0.2850000000000107,time,False,long
2025-12-12,155.502,155.647,0.367999999999995,0.1419999999999818,time,-0.1479999999999818,time,False,long
2025-12-15,155.869,155.088,1.0379999999999825,-0.503,sl,0.497,tp,False,short
2025-12-16,155.034,154.842,0.4380000000000166,-0.19499999999997886,time,0.18899999999997885,time,False,short
2025-12-17,154.771,155.501,1.0560000000000116,0.497,tp,-0.503,sl,False,long
2025-12-18,155.488,155.925,0.5300000000000011,0.4340000000000118,time,-0.4400000000000118,time,False,long
2025-12-19,155.579,156.732,1.1829999999999927,0.497,tp,-0.503,sl,False,long
2025-12-22,157.623,157.421,0.4309999999999832,-0.20499999999999818,time,0.19899999999999818,time,False,short
2025-12-23,156.92,156.462,0.5060000000000002,-0.4609999999999984,time,0.4549999999999984,time,False,short
2025-12-24,156.169,155.655,0.6809999999999832,-0.503,sl,0.497,tp,False,short
2025-12-29,156.485,156.079,0.45999999999997954,-0.4090000000000059,time,0.4030000000000059,time,False,short
2025-12-30,155.994,155.983,0.4189999999999827,-0.013999999999995679,time,0.00799999999999568,time,False,short
2025-12-31,156.394,156.567,0.32399999999998386,0.17000000000000182,time,-0.17600000000000182,time,False,long
2026-01-02,156.72,156.861,0.47700000000000387,0.13799999999999113,time,-0.14399999999999114,time,False,long
2026-01-05,156.998,156.988,0.3779999999999859,-0.012999999999990904,time,0.006999999999990905,time,False,short
2026-01-06,156.615,156.367,0.5589999999999975,-0.2510000000000189,time,0.24500000000001887,time,False,short
2026-01-07,156.663,156.386,0.4399999999999977,-0.28000000000001524,time,0.27400000000001523,time,False,short
2026-01-08,156.694,156.692,0.3240000000000123,-0.004999999999981128,time,-0.001000000000018872,time,False,short
2026-01-09,156.868,157.48,0.7040000000000077,0.497,tp,-0.503,sl,False,long
2026-01-12,158.137,157.845,0.6880000000000166,-0.503,sl,0.497,tp,False,short
2026-01-13,157.977,158.941,1.0080000000000098,0.497,tp,-0.503,sl,False,long
2026-01-14,159.196,159.176,0.37000000000000455,-0.02300000000001023,time,0.017000000000010233,time,False,short
2026-01-15,158.424,158.58,0.5049999999999955,0.1530000000000059,time,-0.15900000000000591,time,False,long
2026-01-16,158.591,158.171,0.7439999999999998,-0.503,sl,0.497,tp,False,short
2026-01-19,157.554,158.077,0.7010000000000218,0.497,tp,-0.503,sl,False,long
2026-01-20,158.164,158.372,0.7549999999999955,0.20500000000002683,time,-0.21100000000002683,time,False,long
2026-01-21,158.153,157.926,0.4230000000000018,-0.23000000000000387,time,0.22400000000000386,time,False,short
2026-01-22,158.46,158.647,0.5219999999999914,0.1839999999999834,time,-0.1899999999999834,time,False,long
2026-01-23,158.488,158.625,0.3050000000000068,0.13400000000000045,time,-0.14000000000000046,time,False,long
2026-01-26,155.149,154.248,1.5360000000000014,-0.503,sl,0.497,tp,False,short
2026-01-27,154.386,154.731,0.6779999999999973,0.34199999999999886,time,-0.34799999999999887,time,False,long
2026-01-28,152.49,152.648,0.7900000000000205,0.497,tp,-0.503,sl,False,long
2026-01-29,153.084,153.309,0.6550000000000011,0.2219999999999943,time,-0.22799999999999432,time,False,long
2026-01-30,153.142,153.805,1.0570000000000164,0.497,tp,-0.503,sl,False,long
2026-02-02,155.225,154.906,0.8410000000000082,-0.503,sl,0.497,tp,False,short
2026-02-03,155.472,155.406,0.31799999999998363,-0.0690000000000025,time,0.0630000000000025,time,False,short
2026-02-04,155.806,156.424,0.6610000000000014,0.497,tp,-0.503,sl,False,long
2026-02-05,156.905,157.101,0.5120000000000005,0.19299999999999795,time,-0.19899999999999796,time,False,long
2026-02-06,156.804,156.887,0.3919999999999959,0.0799999999999984,time,-0.08599999999999841,time,False,long
2026-02-09,157.251,156.596,1.0840000000000032,-0.503,sl,0.497,tp,False,short
2026-02-10,156.127,155.56,1.2079999999999984,-0.503,sl,0.497,tp,False,short
2026-02-11,154.498,153.107,1.7179999999999893,-0.503,sl,0.497,tp,False,short
2026-02-12,153.268,153.033,1.281000000000006,-0.503,sl,0.497,tp,False,short
2026-02-13,152.788,153.398,0.8629999999999995,0.497,tp,-0.503,sl,False,long
2026-02-16,152.798,153.343,0.6220000000000141,0.497,tp,-0.503,sl,False,long
2026-02-17,153.55,153.083,0.7580000000000098,-0.503,sl,0.497,tp,False,short
2026-02-18,153.13,153.67,0.646000000000015,0.497,tp,-0.503,sl,False,long
2026-02-19,154.687,154.976,0.7220000000000084,0.497,tp,-0.503,sl,False,long
2026-02-20,155.196,155.497,0.6059999999999945,0.29800000000001614,time,-0.30400000000001615,time,False,long
2026-02-23,154.342,154.482,0.6119999999999948,0.13699999999998635,time,-0.14299999999998636,time,False,long
2026-02-24,154.66,156.099,1.545000000000016,0.497,tp,-0.503,sl,False,long
2026-02-25,155.91,155.92,0.6980000000000075,-0.503,sl,0.497,tp,False,long
2026-02-26,156.168,156.051,0.5310000000000059,-0.12000000000001865,time,0.11400000000001864,time,False,short
2026-02-27,155.857,156.078,0.5860000000000127,0.21800000000000364,time,-0.22400000000000364,time,False,long
2026-03-02,156.633,156.978,0.8800000000000239,0.34199999999999886,time,-0.34799999999999887,time,False,long
2026-03-03,157.27,157.396,0.42199999999999704,0.12299999999997635,time,-0.12899999999997636,time,False,long
2026-03-05,156.977,157.257,0.8410000000000082,-0.503,sl,0.497,tp,False,long
2026-03-06,157.564,157.842,0.492999999999995,0.27500000000002,time,-0.28100000000002,time,False,long
2026-03-16,159.56,159.287,0.46700000000001296,-0.27599999999999614,time,0.26999999999999613,time,False,short
2026-03-17,159.133,159.232,0.375,0.09599999999998954,time,-0.10199999999998954,time,False,long
2026-03-18,158.908,158.758,0.5720000000000027,-0.15299999999997727,time,0.14699999999997726,time,False,short
2026-03-19,159.816,159.235,0.6500000000000057,-0.503,sl,0.497,tp,False,short
2026-03-20,157.93,158.294,0.7039999999999793,0.497,tp,-0.503,sl,False,long
2026-03-23,159.148,159.588,0.6419999999999959,0.497,tp,-0.503,sl,False,long
2026-03-24,158.482,158.493,0.3900000000000148,0.00799999999999568,time,-0.013999999999995679,time,False,long
2026-03-25,158.703,159.135,0.5739999999999839,0.42899999999998795,time,-0.43499999999998795,time,False,long
2026-03-26,159.39,159.497,0.2560000000000002,0.10400000000002774,time,-0.11000000000002774,time,False,long
2026-03-27,159.723,159.942,0.5229999999999961,0.21599999999999409,time,-0.2219999999999941,time,False,long
2026-03-30,160.232,159.776,0.6800000000000068,-0.503,sl,0.497,tp,False,short
2026-03-31,159.844,159.644,0.4900000000000091,-0.20299999999998863,time,0.19699999999998863,time,False,short
2026-04-01,158.585,158.776,0.7390000000000043,0.1880000000000025,time,-0.1940000000000025,time,False,long
2026-04-02,158.712,159.575,1.132000000000005,0.497,tp,-0.503,sl,False,long
2026-04-03,159.493,159.582,0.28300000000001546,0.08599999999999863,time,-0.09199999999999864,time,False,long
2026-04-06,159.78,159.385,0.4590000000000032,-0.39800000000001023,time,0.39200000000001023,time,False,short
2026-04-07,159.694,159.861,0.2539999999999907,0.1640000000000016,time,-0.1700000000000016,time,False,long
2026-04-08,158.717,158.215,0.742999999999995,-0.503,sl,0.497,tp,False,short
2026-04-09,158.651,158.969,0.3580000000000041,0.3149999999999836,time,-0.32099999999998363,time,False,long
2026-04-10,159.093,159.34,0.3499999999999943,0.2440000000000141,time,-0.2500000000000141,time,False,long
2026-04-13,159.679,159.604,0.28600000000000136,-0.07799999999998863,time,0.07199999999998863,time,False,short
2026-04-14,159.22,159.067,0.3859999999999957,-0.1559999999999916,time,0.14999999999999158,time,False,short
2026-04-15,158.802,158.927,0.3240000000000123,0.122,time,-0.128,time,False,long
2026-04-16,158.815,158.865,0.688999999999993,-0.503,sl,0.497,tp,False,long
2026-04-17,159.209,159.277,0.3499999999999943,0.06499999999998363,time,-0.07099999999998363,time,False,long
2026-04-20,159.153,158.963,0.4759999999999991,-0.19299999999999773,time,0.18699999999999772,time,False,short
2026-04-21,158.848,159.019,0.22700000000000387,0.16799999999999227,time,-0.17399999999999227,time,False,long
2026-04-22,159.381,159.22,0.2990000000000066,-0.16400000000000137,time,0.15800000000000136,time,False,short
2026-04-23,159.486,159.601,0.40200000000001523,0.11200000000000909,time,-0.1180000000000091,time,False,long
2026-04-24,159.754,159.67,0.23900000000000432,-0.08700000000000319,time,0.08100000000000318,time,False,short
2026-04-29,159.557,159.669,0.2220000000000084,0.10900000000002319,time,-0.1150000000000232,time,False,long
2026-04-30,160.198,160.133,0.9470000000000027,0.497,tp,-0.503,sl,False,short
2026-05-01,156.988,156.621,1.8400000000000034,-0.503,sl,0.497,tp,False,short
2026-05-07,156.522,156.262,0.5060000000000002,-0.503,sl,0.497,tp,False,short
2026-05-08,156.857,156.832,0.2220000000000084,-0.028000000000005684,time,0.022000000000005685,time,False,short
2026-05-11,156.864,157.119,0.3400000000000034,0.25199999999999545,time,-0.25799999999999546,time,False,long
2026-05-12,157.238,157.505,1.021000000000015,0.497,tp,-0.503,sl,True,long
2026-05-13,157.673,157.831,0.28199999999998226,0.15499999999998704,time,-0.16099999999998704,time,False,long
2026-05-14,157.858,157.914,0.4779999999999802,0.05299999999998317,time,-0.05899999999998318,time,False,long
2026-05-15,158.381,158.446,0.3480000000000132,0.061999999999997724,time,-0.06799999999999773,time,False,long
2026-05-18,158.849,158.919,0.26900000000000546,0.0670000000000216,time,-0.0730000000000216,time,False,long
2026-05-19,158.869,159.043,0.2839999999999918,0.1710000000000066,time,-0.1770000000000066,time,False,long
2026-05-20,159.043,158.977,0.2839999999999918,-0.0690000000000025,time,0.0630000000000025,time,False,short
2026-05-21,158.887,159.024,0.27700000000001523,0.13400000000000045,time,-0.14000000000000046,time,False,long
2026-05-22,159.026,159.106,0.1349999999999909,0.07699999999998408,time,-0.08299999999998409,time,False,long
2026-05-26,158.952,159.196,0.28999999999999204,0.24099999999999977,time,-0.24699999999999978,time,False,long
2026-05-27,159.251,159.358,0.20199999999999818,0.10399999999999932,time,-0.10999999999999932,time,False,long
2026-05-28,159.572,159.477,0.21100000000001273,-0.09799999999999887,time,0.09199999999999886,time,False,short
2026-05-29,159.27,159.262,0.17799999999999727,-0.011000000000009776,time,0.005000000000009777,time,False,short
2026-06-01,159.36,159.465,0.1379999999999768,0.10199999999998977,time,-0.10799999999998977,time,False,long
2026-06-02,159.644,159.693,0.10900000000000887,0.04600000000000659,time,-0.052000000000006597,time,False,long
2026-06-03,159.982,159.7,0.4449999999999932,-0.2850000000000107,time,0.2790000000000107,time,False,short
2026-06-04,159.947,159.902,0.3919999999999959,-0.04800000000001592,time,0.042000000000015913,time,False,short
2026-06-05,159.993,159.95,0.10800000000000409,-0.04600000000000637,time,0.040000000000006364,time,False,short
2026-06-08,160.337,160.227,0.242999999999995,-0.11299999999998522,time,0.10699999999998522,time,False,short
2026-06-09,160.183,160.198,0.2259999999999991,0.01200000000001478,time,-0.01800000000001478,time,False,long
2026-06-10,160.392,160.39,0.19900000000001228,-0.00500000000000955,time,-0.0009999999999904504,time,False,short
2026-06-11,160.53,160.506,0.16199999999997772,-0.02700000000000091,time,0.02100000000000091,time,False,short
2026-06-12,160.138,160.284,0.2510000000000048,0.14299999999998658,time,-0.1489999999999866,time,False,long
2026-06-15,159.958,160.111,0.34799999999998477,0.14999999999999158,time,-0.1559999999999916,time,False,long
2026-06-16,160.244,160.235,0.29699999999999704,-0.01199999999998613,time,0.00599999999998613,time,False,short
2026-06-17,160.422,160.189,0.242999999999995,-0.2360000000000041,time,0.2300000000000041,time,False,short
2026-06-18,160.604,160.595,0.2150000000000034,-0.012000000000014551,time,0.006000000000014552,time,False,short
2026-06-19,161.298,161.318,0.46999999999999886,0.017000000000010233,time,-0.02300000000001023,time,False,long
2026-06-22,161.439,161.74,0.34899999999998954,0.29800000000001614,time,-0.30400000000001615,time,False,long
2026-06-23,161.575,161.642,0.21600000000000819,0.06400000000000727,time,-0.07000000000000728,time,False,long
2026-06-26,161.803,161.625,0.3160000000000025,-0.18099999999999727,time,0.17499999999999727,time,False,short
2026-06-29,161.794,161.824,0.13100000000000023,0.027000000000001138,time,-0.03300000000000114,time,False,long
2026-06-30,161.923,162.256,0.4890000000000043,0.3299999999999984,time,-0.3359999999999984,time,False,long
2026-07-01,162.633,162.671,0.27600000000001046,0.03499999999998249,time,-0.040999999999982495,time,False,long
2026-07-02,162.546,161.434,1.4780000000000086,-0.503,sl,0.497,tp,False,short
2026-07-03,161.456,160.8,1.0419999999999732,-0.503,sl,0.497,tp,False,short
2026-07-06,161.458,162.16,0.8580000000000041,0.497,tp,-0.503,sl,False,long
2026-07-07,162.094,161.959,0.5220000000000198,-0.1379999999999909,time,0.1319999999999909,time,False,short
2026-07-08,162.363,162.223,0.38700000000000045,-0.14299999999998636,time,0.13699999999998635,time,False,short
2026-07-09,162.541,162.347,0.3259999999999934,-0.1969999999999884,time,0.1909999999999884,time,False,short
2026-07-13,161.885,162.074,0.2920000000000016,0.18600000000002137,time,-0.19200000000002138,time,False,long
