era,corr_F,bmc_F,corr_I,bmc_I,corr_J,bmc_J,corr_K,bmc_K
0587,0.0045588719591096,-0.0040453612157071,0.0131188320350965,-0.0014583627988659,0.0102762939883674,-0.0037998241598612,0.0179640162066842,0.0011734778949077
0588,0.0076828844664642,-0.0086775817646498,0.0334716211900921,0.0082932954836626,0.0357442511608692,0.0101834949722807,0.034397121648534,0.0097158846993454
0589,0.0248301339251602,0.0056158429995259,0.0241997677085147,0.0016047956239035,0.0230080491339308,-0.0052637855830626,0.0227036505524769,0.0022309963192569
0590,0.0097399340435646,-0.0069033181576912,0.0318331407119681,0.0016285829197868,0.028422451625048,-0.0033246436073221,0.0345003447222586,0.0051928301302878
0591,0.0163963784397226,0.0001241632848871,0.027426192004363,0.0034421528121594,0.0335622456937103,0.0078683708758404,0.0295910968222699,0.0063739205085893
0592,0.0251304910479669,0.0062452186489476,0.0362179535329793,0.0018571730514025,0.040163715258955,0.0029184102522406,0.0339144240917404,0.0009968978158535
0593,0.0393311313327793,0.0195391723554642,0.0423786030935109,0.0077516825212167,0.0451395628642299,0.0060633678675771,0.042910326925529,0.0079506083794741
0594,0.0326192679851052,0.016676481823897,0.0297794099350423,0.0042221168862514,0.0287354514878932,0.0024446977946795,0.0308928164936143,0.0041826767387514
0595,0.0327284495400545,0.0161372141706301,0.0361350593150893,0.0069489309331134,0.0410133683438275,0.0116515971657026,0.0425117701374808,0.0102932455664061
0596,0.0408607128935232,0.0160493615264836,0.0348637911611238,0.0048328411455232,0.039640607336976,0.0086881495122402,0.0364482456333662,0.0071308373864922
0597,0.0382571079155394,0.0164078168384569,0.0439497785257511,0.0126763157336823,0.0423275137273564,0.0087044358203344,0.0432847198212751,0.0129283810841418
0598,0.049398369370697,0.0258736585637806,0.0368615436969577,0.0071671286183991,0.0440614687358219,0.0114772842582416,0.0282330986992532,0.0036832305387129
0599,0.0504880429924457,0.0302619711969832,0.0316215069968975,0.0048382166507435,0.0408733973891293,0.0068391648218597,0.0263973900776988,0.0026425555814726
0600,0.0446410840196024,0.0223567102831719,0.0411510129856251,0.0081481022235054,0.0452767538787639,0.0046802594023144,0.0336125500940273,0.0054192637143304
0601,0.03717623969084,0.0144335658803578,0.0433225172728553,0.0067110624159427,0.0453813453354434,0.0034301456394321,0.0418586513107716,0.0070647003251738
0602,0.0401704289928233,0.015678421715778,0.0377665636686569,0.0057229123712176,0.043713226674879,0.0066732739364307,0.033421409030922,0.0048428396399733
0603,0.0332292972747063,0.0067560455439084,0.0400109920054439,-0.0011266673104894,0.0423339155793636,-0.0044841177351232,0.0415742708681059,0.0004002696740241
0604,0.0250305277867189,0.0031580748151943,0.0317463064297883,0.0024972296540825,0.0389171603899859,0.0019166566063984,0.0348965684575992,0.0050145658716678
0605,0.0296323778733019,0.0134576278603777,0.0427265291893894,0.0135842467683702,0.0463661287989852,0.0080389635753473,0.0452000637105748,0.0162992848182666
0606,0.0172833828231618,0.0013412904987956,0.027137014906519,-0.0020854297080462,0.0335166979677166,-0.0066792318349936,0.0275872407698447,0.0008501029831389
0607,0.0348979764775093,0.0121959950660431,0.0532539816402804,0.0084567837324986,0.051909523585653,0.0003056618148185,0.0450739212232661,0.0069268443411756
0608,0.0342816384357416,0.0111740413753596,0.0584132348655435,0.0125700447032464,0.0542327004460763,0.0019825025618082,0.0502740432205938,0.0104083351216929
0609,0.0448462826452721,0.019270019211924,0.0559795809922058,0.0125685797122456,0.0515553476039894,-0.0014194040848025,0.047839036912907,0.0105299163374601
0610,0.0429406265338904,0.0182139675699152,0.0417899770253536,0.0043039145753119,0.033311534809704,-0.0093967841899239,0.0386696338893611,0.0040675604325469
0611,0.0568199119731719,0.0361486758788969,0.0549012702904205,0.0104467052606556,0.0401433247148729,-0.0076624127774501,0.0508204115646403,0.0099040027407766
0612,0.052074732723779,0.0244024852748255,0.0483508400315102,0.0062143751498318,0.0348944381097365,-0.012799612689116,0.0463905387035125,0.00833844181803
0613,0.061171828230335,0.0355861517573918,0.0374560411156338,0.0030058425097263,0.024400741377005,-0.0160899167126502,0.0389447717715255,0.0052345713454576
0614,0.0587060038306346,0.0287599427132546,0.0378093694787231,-0.0009534109847064,0.0231609332379492,-0.0207614584683614,0.0383798131492995,0.0016749936552283
0615,0.0579445120867879,0.0304502647554148,0.0324344132065436,-0.0030719813433319,0.0129315664321353,-0.0201804194722086,0.0340487297447622,-0.0002248374835331
0616,0.0415933795277832,0.0167505598757187,0.0299924238140452,0.0001520572340226,0.0173642893017383,-0.0163919162692724,0.0348779443121823,0.0045812219623589
0617,0.0236919055122903,0.0096548057166178,0.029297105253172,0.0074456555640879,0.0051403839471189,-0.0149544565481526,0.0262352517896036,0.0075471038102515
0618,0.0198283834282654,0.0116460123159282,0.0150696676900691,0.0033221156570677,-0.0017888279503235,-0.0130437489573651,0.0157632895874601,0.0044733231842892
0619,0.0275805564985812,0.0113745157016453,0.0308996172282858,0.0105627930429463,0.0229476997766072,0.0006020279180908,0.0312688624618691,0.0127244509341902
0620,0.0232816488994272,0.0062535744513296,0.0271064735902717,-0.0001278324782179,0.023256830283403,-0.0092473824068582,0.0314622788668235,0.0047562774270261
0621,0.0175471665002056,0.0019316538342592,0.0213739580356767,-0.0028037972147782,0.0177696713577704,-0.0118714529128654,0.0195551671649407,-0.000499170026821
0622,0.006201400255799,-0.0121891935851148,0.0207373677906897,-0.0014134136149317,0.0241599955548034,-0.0019113193749733,0.0193705425468785,0.0006551661407246
0623,0.0043004824578183,-0.0113477406602083,0.025481125862397,0.0015144970259172,0.0248230213703306,-0.0037069321227003,0.012896816468464,-0.0022936293629468
0624,0.0167242485348161,0.0041358824394399,0.0199024406989088,0.0045519193560763,0.0192450218179643,0.00026015007564,0.0095183890388169,0.0009679591009064
0625,0.0076062758005592,-0.0109013868796017,0.0199065140421993,-0.0023987437146138,0.0232215117310874,-0.0017659087887454,0.0139491224412914,-0.0032446707367127
0626,0.0261439403985606,0.0072913781937049,0.0230722246067956,-0.0024514987069461,0.0239452547689195,-0.003654540511915,0.0199755551154645,-0.0021542508225806
0627,0.0260051728741976,0.0068993679776514,0.0248236140131535,-0.0022938294825329,0.0252654625607792,-0.0024554500207113,0.0187534016823398,-0.002303213842098
0628,0.0120606377992152,-0.0090958835719292,0.0245404186536202,-0.0066216666675179,0.0210043593186072,-0.0131876943241632,0.0218907504260995,-0.005708410073285
0629,0.0375639262442486,0.0130271208928178,0.0446936909405523,0.0097398691289175,0.0312444958856548,-0.0034983257932932,0.0417407493889907,0.0096815758486868
0630,0.034902501376562,0.0080326300617792,0.045015665201424,0.0102937083266003,0.0421603427560965,0.0011160880179379,0.03995562939591,0.0097426108814252
0631,0.0245565776796149,0.004552538216146,0.0451785846102172,0.0169421674839424,0.0266684026146813,-0.0015340780548022,0.0423695486117796,0.0180435670167266
0632,0.0290560623794089,0.008676566667867,0.0391571858565288,0.0091856560509703,0.0281013917428577,-0.0044490817137276,0.0345441487545229,0.0086573251670464
0633,0.0386540320418016,0.012498225054795,0.0347744543435397,0.0034238375308749,0.0189633922492344,-0.013457977515305,0.0316162033139496,0.0035023062572237
0634,0.0482769821797033,0.0164367211805582,0.0443774515723727,0.0086407861392578,0.0401440459611161,0.002198250551862,0.0402871848988138,0.0085597366498214
0635,0.0322386528655501,0.0070374650744395,0.0419935263781278,0.0112561560779996,0.02941201951836,-0.0068866392356736,0.0380023294394263,0.0116785419587234
0636,0.0336506959860185,0.004657804936254,0.0340248227124155,0.0025626778698953,0.0476662668904181,0.0019740556382789,0.0205964708259131,-0.0022822326363168
0637,0.0350556013583815,0.0079652266361372,0.032616848332714,-0.0021279044603395,0.0385068828313118,-0.0057200515893238,0.0211458679911904,-0.0064076011432034
0638,0.0230765206568291,-0.0090037302566933,0.0433819842202153,-0.0011557927892029,0.0437741856000651,-0.0083142712584868,0.0356364951958377,-0.0024961335300501
0639,0.0308787268312158,0.0051109367862331,0.0253382491084306,-0.0062112745066547,0.037025113629609,-0.0026708139572729,0.0166900735752398,-0.0093101738679133
0640,0.0181632974056666,-0.0076935416646388,0.037164790728486,-0.0015904389861755,0.0434989876060937,-0.0022037961534,0.0299368586060017,-0.0032040650156979
0641,0.022844332436827,-0.0037548354053877,0.0364196263003217,-0.0042979926563523,0.0418097877645775,-0.0061862925868407,0.0306148441742383,-0.0054607320510217
0642,0.0345288713048409,0.0009973838472955,0.0249369352706856,-0.0148703463894539,0.0312577943818515,-0.0117534441105466,0.0205023094759354,-0.0153343807675371
0643,0.0225525048423557,0.0001039481064821,0.0252156429895811,-0.0146536407024651,0.0331423553513428,-0.0052776504386328,0.017194830828598,-0.0177095559905524
0644,0.0149453267149711,-0.0069802282225434,0.0339710427183356,-0.006745001586938,0.044868875930161,-0.0006238118673648,0.0302263483898367,-0.0079248854043568
0645,0.0135160596861012,-0.0096079621490425,0.0353143513352719,0.0034012485774501,0.0458777808754538,0.0054998549178206,0.0327579387582455,0.0034854378388587
0646,0.0115373089806468,-0.012267576310766,0.045577025676189,0.0099298793372324,0.04636771345559,0.0051893625490301,0.0426990463278543,0.0102602846294464
0647,0.0145544275614802,-0.0085173571384016,0.0360736513123657,0.002245413539811,0.040506330591566,-0.0002056656450875,0.031318173329164,0.0008341900140419
0648,0.0047042669109483,-0.01095685337371,0.0531377990550225,0.0157040466978683,0.0403052226673732,-0.0002992964258804,0.0480604499604767,0.0151531801920847
0649,0.0006868295690265,-0.018892520220573,0.0507915157685045,0.0077909486752832,0.0468583190809463,-0.0018187193525001,0.0473934685308969,0.0081526100276941
0650,0.0304959854904059,0.0012064944488569,0.0632339426488115,0.0179756534659242,0.0543454688058354,0.0039908428395484,0.0608352959570197,0.0194485836618849
0651,0.022134378383158,0.006144716345858,0.0498028174495536,0.0175034213094495,0.0465516661268863,0.0079285956463435,0.0427674343814035,0.016567853362353
0652,0.0078685734269313,-0.00545043061306,0.0346554395008893,0.0039797031163042,0.0302445595420875,-0.0048753967118282,0.03675493085502,0.0076827829838367
0653,0.0232236183794295,-0.004369159806607,0.0386866820447386,-0.0041384333801258,0.0475842011444799,-9.814393769587767e-06,0.0385418720151826,-0.0022874827494969
0654,0.0206876469978391,-0.0030033261189302,0.0459543876181903,0.0029479774369359,0.0501321226933311,0.0014941480753836,0.0398948784145826,0.0020933854790999
0655,0.0446587397776572,0.0178482328734975,0.0486326211826893,0.0066121947990543,0.0526663019789031,0.0047031368216355,0.0421013371622669,0.0045296037658027
0656,0.0213063046640785,0.0053028008083632,0.0289082217577249,0.002371079953755,0.0294122848316641,-0.0001124442672419,0.0235664547947774,0.0007773718886752
0657,0.0235569293200336,0.0027121420062804,0.0281824504041038,0.0027326760147085,0.0250099552155816,-0.0025860183778555,0.02607917869695,0.0022146224498822
0658,0.0069114544363066,-0.0034802794447926,0.0220912332494538,-0.0009324845017435,0.0111579641210967,-0.0050620212863187,0.020329920809401,0.0001871505052253
0659,0.0132348974301595,-0.0044413282072091,0.0193816867629979,-0.005299264573153,0.0175598716979783,-0.0045516750304875,0.0149202867198927,-0.0057835938266158
0660,0.037248417045614,0.0123258313991241,0.0278850516062113,-0.0070939154871836,0.0252428017571273,-0.0116832603087729,0.0213212773498845,-0.0080747536413385
0661,0.0227318868987274,-0.0044136933683494,0.0247942052050176,-0.0100825542426778,0.0233881188810359,-0.015172555224731,0.0212165156917263,-0.0087862296822732
0662,0.0326410309957003,0.004906163856425,0.0353836939928112,0.0004189665625969,0.0290511189371173,-0.0076346079110364,0.0325908826114304,0.0011417080308168
0663,0.0205938551341656,-0.0053407261592324,0.0228322288815205,-0.0020852862474177,0.0204592020854159,-0.0106819584262584,0.0239942075131748,0.0014001501308855
0664,0.0226899683854037,-0.004958911698184,0.0276245825245071,-0.0083577743319067,0.0159620251558072,-0.0214051089147647,0.0197124346004416,-0.009269199495385
0665,0.0305033126471379,-0.0055012067236074,0.0390282351556244,-0.0090762332931887,0.0342342671106966,-0.0179557235388908,0.0298347496904747,-0.0102329964141262
0666,0.0399359791145764,0.00870167659027,0.0275661669621872,-0.0076612071836993,0.0275535638916725,-0.0151786206979818,0.0230793052725309,-0.0066399610704863
0667,0.0352548432328301,0.0067745920435454,0.0356633422892002,-0.0032937520409509,0.034151356944465,-0.0123153195513113,0.0309016132161991,-0.0019186629298975
0668,0.054760850645588,0.0267264086484304,0.053401341012749,0.0129859532523368,0.041967901719368,-0.0057242941155782,0.0480146851481578,0.0147227404545013
0669,0.0343965611452839,0.0154322249517454,0.0378113116912509,0.0038611738968781,0.0291120365399415,-0.00641060141796,0.0356477452030697,0.005476545660085
0670,0.0357715686512637,0.0152382944152202,0.0427594457588958,0.0013697575403652,0.0274296794324919,-0.0133826835657312,0.0417735621175871,0.0039422390217309
0671,0.0132691256388079,-0.0018764010572758,0.0393962522611778,0.0127347187803281,0.0254497240129907,-0.0085770818518826,0.04143676309834,0.016458364035966
0672,0.0025850583692327,-0.0095990912679374,0.0325837446060793,0.0071171473640213,0.0095738402546637,-0.0154550237465697,0.0282294400173092,0.0069890705476912
0673,0.0030203281728106,-0.0067818947614626,0.0252220426141559,0.0083650011000499,0.016828434447162,-0.0025634879618161,0.0278503914153863,0.0118884954863273
0674,0.0214891897893443,0.0002046487153901,0.0331699519680763,0.01000811132059,0.0204555629105988,-0.0078965148563822,0.0330799119765682,0.0130093292877893
0675,0.0251224369922415,0.0049008892177387,0.0320213905767959,0.0066096148102296,0.0143486107030188,-0.0106035895566534,0.0339408800894089,0.0099051638847009
0676,0.0248280370796105,0.0031905457608669,0.023402570337861,0.0024710613601471,0.0102222320510316,-0.0139271092020307,0.0208410614541611,0.002637712437595
0677,0.0476777105154526,0.0208194855855281,0.0264623370376368,-0.0074432855001885,0.0074142512325631,-0.0264643379953923,0.0202983590253188,-0.0096119041318787
0678,0.0238414022396545,0.0054559501259435,0.012131286349843,-0.0151691984774284,0.0115403537060575,-0.0226241971022466,0.0060929874190508,-0.0162599260147303
0679,0.0334795458271624,-5.088871886357856e-05,0.0221674256392284,-0.0141991074725407,0.0299011215810908,-0.0166307726095273,0.0121884914010216,-0.0173747178409806
0680,0.0169579581948839,-0.0050553243457095,0.0065724075248745,-0.0215555475235374,0.010651118198032,-0.0187136553181041,0.0001812826277543,-0.0227699036285253
0681,0.0208516823428615,0.0029376954915995,0.0122361775615552,-0.0097179907198698,0.0217665926000542,-0.0098962615700754,0.0109302241918017,-0.0093898891938975
0682,0.0328291448134697,0.0147635925257177,0.0118126303893058,-0.0070522916015526,0.0090272556738365,-0.0125937185556834,0.0063754954617785,-0.0080173039563282
0683,0.040523778752322,0.0226005423132062,0.017293515275866,-0.0022678192360082,0.0333756373490376,0.0072079281535885,0.0132648352632951,-0.003179776028105
0684,0.0296255389354947,0.012812226621705,0.0286209128833011,0.0056561489697384,0.0465380298681405,0.0149419278600361,0.0267792040265868,0.0060800388370391
0685,0.0189734354992955,0.0012197400124185,0.0146782405083062,-0.0106937213370473,0.0296323219564902,-0.0025649514982657,0.0189920894786405,-0.0069371273758921
0686,0.0160062295759947,-0.0060140137160825,0.0268804834224059,-0.0090887604531626,0.0452085029370337,-0.0023627847499364,0.0313825255929452,-0.0031416886314973
0687,0.0363106320574216,0.0083452000745411,0.033822640179573,0.0027244456383399,0.0500345576693209,0.0057314170515057,0.0386627401300201,0.0077264003980998
0688,0.0353354750292155,0.0038352137832882,0.0502366252759469,0.0136317856184635,0.0578497215057318,0.0115387308692856,0.0468322410239597,0.0166592908013104
0689,0.0296438844874189,0.0025910998164633,0.0349231817441586,0.0041976864095463,0.0336875783584408,-0.002756373835808,0.0363671555343697,0.0079101318574096
0690,0.0290937850284042,-0.0007159855842619,0.0320807318916601,0.0017964480911173,0.0381342610768131,-0.0018554062630774,0.0347410745132987,0.0070916933815558
0691,0.0136923135826355,-0.0167893686732861,0.035162940881024,0.0037138121241248,0.042355790501471,0.005785207770177,0.0423741404330284,0.0115435466574373
0692,0.0236490707091737,-0.0044678597031703,0.0217859529037643,-0.0011736454661611,0.0281947499812235,-0.0028767420411546,0.0336157862867867,0.0081393766236485
0693,0.0009590081789668,-0.017810075378039,0.0166181401860141,-0.0017891596597164,0.0066314973096537,-0.0161936926054647,0.0312136490604053,0.0090846297616159
0694,0.0046033933744232,-0.0119246265514794,0.0138026345327623,-0.0015184320279207,0.0094772451107627,-0.0126708879357496,0.0263766503333939,0.0076510173185173
0695,0.0026114947365824,-0.0155592692446535,0.0197171402034414,0.0021926145606258,0.0048789342893404,-0.0180522966769875,0.0256954341945991,0.007736417190685
0696,-0.0037299698578772,-0.0141651717610123,0.0228649076418685,0.0030769922071458,0.0146520684405432,-0.0115029593658689,0.0209718835463528,0.0041797899018361
0697,0.0020721147140011,-0.0117712755517132,0.0335640491443756,0.00850396455681,0.0144480755175203,-0.0118468836506482,0.0295477933742462,0.0090505931040409
0698,0.0030726242393963,-0.0089386788054985,0.0345274070273182,0.0102482957140288,0.023913723611814,-0.0014306453114265,0.0354365644137245,0.0118951802137839
0699,0.0203023731539801,-0.0012872729525173,0.0468804462202276,0.0194743363471839,0.0451378646499339,0.012452518575239,0.046019115839771,0.0207937405845396
0700,0.0119053502191855,-0.0058102328680811,0.0476270131708041,0.0185852063449461,0.0378555248595856,0.0060601332271247,0.0382713427438462,0.014085111388451
0701,0.0110455984732708,-0.0068404801061147,0.0305023115656487,0.0070085644523347,0.0313368011758015,0.0033367405844084,0.0304586924196481,0.0066601128310585
0702,0.0111638998088205,-0.0059901783387303,0.0257564193432077,0.0043534923001068,0.0370529236695889,0.0083591923523814,0.0246144551169646,0.0055134241612254
0703,0.025327158022741,0.0028627286181647,0.0415680129080177,0.0057879492689497,0.0433512635870269,0.0034490628081715,0.0393485997070448,0.0055754191224196
0704,0.0089475408880233,-0.003418383707161,0.020506957973839,0.0026160578155874,0.026061124907419,0.0046523964782097,0.023777222552142,0.0057657494606732
0705,0.0212471276480736,-0.0057279122962797,0.0389394097289411,0.005283458386748,0.0355788079293467,-0.0006573261945705,0.0414486992286862,0.0087247903505812
0706,0.0081414929301898,-0.0086335751263902,0.0352445510736894,0.006846541112381,0.040713155658192,0.0078313121350928,0.0384431153001504,0.0101125770494943
0707,0.0224310820916928,-0.0006381974884016,0.0440456029079606,0.0070464369036487,0.0505701674610677,0.0111903861308241,0.0412787830003164,0.0075243336584545
0708,0.0227762402621063,-0.0014159334447066,0.0468058690370729,0.00814412183661,0.0618841580089704,0.0179698871883098,0.0454403838079024,0.0082587974704054
0709,0.0172977605399541,-0.0089423875853796,0.0447681835245826,0.0043111944219667,0.0408520099948617,0.0033942465130946,0.0445627505961498,0.0064419029362811
0710,0.0080317666519026,-0.0180294934160042,0.0388700844160064,0.0012503226096191,0.032068470814052,-0.0056883824200468,0.0360031996574967,0.0015502402910192
0711,0.0223524028460691,-0.0070896355829241,0.0553873084226133,0.0129241930739572,0.0506652064528925,0.0058564500818646,0.0518848285338163,0.0126240336082004
0712,0.0098436263486031,-0.0200554267710813,0.0374639110507677,-0.0013683860651622,0.0457568323433672,0.0034019535495031,0.0340521994411804,-0.0005300161560505
0713,0.0287460415764881,0.0007274105245353,0.039342795173794,0.006761940041687,0.0548263342734712,0.0152698221853513,0.0334388844629603,0.003670778132552
0714,0.0291107213027947,-0.0024410468703587,0.0401584073530593,-0.0005057118407701,0.0534584125973164,0.0053416740307844,0.037068632377469,-0.0009504186511053
0715,0.0251748516629014,-0.0080096525681312,0.0400405693992799,0.0028627683637578,0.0574309446417441,0.0122517460146245,0.0382612566880116,0.0036888197964508
0716,0.016122486281722,-0.0145282567038471,0.0391943478627982,-0.0014562826078335,0.0480521872913028,0.0020445108998332,0.0453603143771398,0.0039456983949281
0717,0.0296041542646831,-0.0102318041539958,0.0424370009657246,-0.0003544506424031,0.0675651409226105,0.0093397250464847,0.0438094851019043,0.0026535014069039
0718,0.0048017911656439,-0.0271528102838407,0.0414035711757343,-0.004099843291927,0.0603654805007587,0.0052373858801673,0.0489300110157126,0.0037990148105731
0719,0.0073122722004581,-0.019605160306939,0.0260181207766657,-0.0046802156938589,0.0434171770772059,0.0020902125142367,0.0297477997260419,-5.448886780935538e-05
0720,0.0191401124309024,-0.0097128358749028,0.0208642726441525,-0.0138363913636416,0.0428710889105408,-0.0010236319769345,0.0280195516833085,-0.007692198695752
0721,0.0244890265656343,-0.0056680265986223,0.0200014043912723,-0.0145111768672549,0.0421060541704083,-0.0034031006071552,0.0230544144236253,-0.0115912569162277
0722,0.0134159596481813,-0.0124283777294843,0.0229463020826876,-0.0099768872826077,0.0290279265746008,-0.0047058626563731,0.0238604215000993,-0.0084507874173162
0723,0.004661435540261,-0.0171944239266662,0.022370781710197,-0.0127211071755678,0.0266061001579921,-0.0133262002354047,0.0207933511706069,-0.0121446194465201
0724,0.0182442629104297,-0.0100562391578882,0.0367738672589042,-0.000243356399961,0.0413858351748558,-0.0026777035667469,0.0374740548963381,0.0031957597471593
0725,0.0214071026549236,-0.0098253934109387,0.0220496856685137,-0.0113858111376162,0.0341323554231445,-0.0026667997738133,0.0212073604885433,-0.0095914810900849
0726,0.0224455144055204,-0.0053101653439602,0.0189984318672776,-0.0105547406624972,0.0409569042212207,0.0042024209636321,0.0190035962522223,-0.0090394410046201
0727,0.0432896815560748,0.0058035991502315,0.028866122080517,-0.0154838393196761,0.0567980690074941,0.0031275058998487,0.0287774773773251,-0.0134631674916715
0728,0.0364116225872705,0.0004401979017022,0.0427808500664378,-0.0021720124195499,0.0569335317131079,0.0039719164281877,0.0394244387407746,-0.0003359076047098
0729,0.0386813352059483,0.0005394819520247,0.0364309603440828,-0.0058807381655205,0.057457596417618,0.0067169925897556,0.0371472452287478,-0.0027209262496666
0730,0.0474069701920477,0.0088678966713123,0.0380782417213725,-0.0071805686007584,0.0596201620369056,0.0079838352810831,0.0385847821692965,-0.0034857369714823
0731,0.0311277001992245,0.0012222136240334,0.0443673391444745,0.0012047899506071,0.0631770978881854,0.0154332337745947,0.0328344346010278,-0.0024887252995975
0732,0.0439445082574605,0.0025792522907031,0.0453844195134199,-0.0092023981198426,0.0622114589528528,-0.0011447632011146,0.0389673894943073,-0.0097118943733529
0733,0.0333113724885273,-0.0027417160086997,0.0555180311709398,0.0019443345970447,0.0705118315822936,0.0133482250055701,0.0466528605808466,0.0014613574710676
0734,0.0428450176834228,0.0060855955427722,0.0500316816531055,0.001603073875086,0.0640341923316298,0.0059559340809541,0.0400990345505489,0.0002533891553401
0735,0.0184209515448054,-0.0141253109432399,0.0509291591613011,0.0053428958036572,0.072319626255141,0.0164573022362445,0.0490183926521693,0.0078439540307549
0736,0.0267404839105423,-0.0007767167523413,0.0498479792676966,0.0140606709654062,0.0554066959918807,0.0145438968363631,0.0497045011601485,0.0167778969220526
0737,0.0466378149772076,0.0091007965596609,0.0525518080434889,0.0033497922524355,0.06469945462725,0.0090789901026493,0.0467620321343834,0.0030014307870893
0738,0.0378110741640825,0.0053368919700216,0.0459173945195835,0.0022524442600793,0.0506364991105011,0.0019510988659482,0.0464439117604693,0.0055394268158784
0739,0.0404010217766264,0.0104217189977841,0.0311867423784599,-0.0047296260537189,0.0441889899886223,0.0003191885656701,0.0322878793944063,-0.0027103813462006
0740,0.0352590855031441,0.001903127689067,0.0250832485777265,-0.0138683584602227,0.0323954914261596,-0.0138991945785369,0.0260383419611821,-0.0101641310408849
0741,0.0394368411700378,0.004437260803414,0.0370863318991739,-0.0111778727294092,0.0421234856791016,-0.0111706913718023,0.036078484328957,-0.009442824004536
0742,0.0323181419373028,-0.0019122244780922,0.0390882323117739,-0.010407429685729,0.0484586128933985,-0.0085250035548623,0.0369686353806469,-0.0086267238077204
0743,0.0212736077464935,-0.0081936799927324,0.0265200873494853,-0.0165717788624336,0.0303034297119248,-0.0133877043284472,0.0232286943223847,-0.0162597294417307
0744,0.0235396221050627,-0.00246841175028,0.0182505834559651,-0.014275638427479,0.0164843523778586,-0.0183534761508151,0.0134733689481737,-0.01467666430498
0745,0.0207851962126169,-0.0080965662009418,0.0222286162179265,-0.0105132886202835,0.0151534916857762,-0.0231076417939475,0.0208954865582305,-0.0087302893947835
0746,0.0086132324594919,-0.0122725969106188,0.029052551545043,-0.0054413592180449,0.0201277651843713,-0.017024256490607,0.0214702405108113,-0.0064624906809829
0747,0.0090416235339036,-0.0101649500732587,0.0200313731216744,-0.0129733498063102,0.0157930312088556,-0.0175201904857913,0.0202802509984165,-0.010842595404442
0748,0.0127666240810583,-0.0082210643267765,0.0331960841633623,0.0039744281186028,0.0403259168648403,0.0058090378394619,0.0362086136085217,0.0067069776890436
0749,0.0174730038599618,-0.0037666471160763,0.0343930116828347,0.0044896747460927,0.0381515076021209,0.0066863006768461,0.0285795414614558,0.0024082041871
0750,0.0270340823606,-0.0018090375318335,0.0407235522750157,0.0089265660919583,0.0469684496172427,0.0091509448348659,0.0357333726222057,0.0099464898614958
0751,0.0269998355385639,0.0005230161693554,0.0451757753405604,0.0084795385790146,0.0493496881428819,0.0081617545748171,0.0379093215110922,0.0074763412783697
0752,0.0358511836553197,0.0051094707706742,0.0592169761402826,0.0181541545148242,0.0627222682522381,0.0215582246663737,0.0520695501894889,0.0171066586641503
0753,0.0229447037033584,-0.0026037858881748,0.0533123205106997,0.0234796856162375,0.066883239684689,0.0290268502731578,0.0465717678937069,0.0223848956157672
0754,0.0392761551323335,0.0073868215012919,0.0578741182850003,0.0166072776263256,0.0633836296847754,0.0132210477908087,0.0522636654352606,0.0150463391093687
0755,0.036411523557418,0.0132033898399522,0.0515967028518673,0.0165431245185686,0.0675909512300775,0.0246176437509658,0.0433937590899575,0.0138016314559149
0756,0.0333942215399608,0.0076422118245004,0.0540917370375904,0.0108782037082515,0.0624755837817236,0.0152190149213742,0.0464949643589058,0.0090192267381412
0757,0.0340519537816927,0.0125553843789883,0.0557330888516683,0.0137911588258049,0.0589602070251317,0.0115160620885695,0.0502056466148747,0.0122251616361031
0758,0.0360621327357313,0.0057569407030468,0.0548861474838149,0.0093173563788607,0.050995169941026,0.0029600745551654,0.051854177253203,0.010116795457391
0759,0.0446208216495026,0.0139936761181587,0.0488513137032532,0.0044867480436596,0.0491890128690396,0.0022445450874648,0.0473199895942403,0.0051937746902471
0760,0.0300488052155188,0.0087518217176823,0.0453958112098663,0.0079112259949825,0.0559137726371477,0.0120857278396791,0.0403661298432833,0.0072092800985152
0761,0.0345076450551609,0.0041138871665967,0.0394618640298377,0.000480847677818,0.0383092185548396,-0.0030275685770363,0.0355622759724629,0.0005887720172679
0762,0.0349698178721929,0.0096202364439719,0.036929306612944,0.0039255226495469,0.0346868392192293,-0.0025569656945128,0.0336878083980301,0.0032720739080189
0763,0.0351736065805659,0.0016260075456083,0.0314273322956817,-0.0071605263624236,0.0316275774532001,-0.0113622610391069,0.029770444111427,-0.0062930918005609
0764,0.0391533869311138,0.0089314622595309,0.0390304372148114,-0.0005734887565276,0.0344377011673407,-0.0069683437498601,0.0378927341266577,-0.000325852740385
0765,0.0374520632924581,0.0029903562946701,0.0339225004283115,-0.0096789480104677,0.0379551250833588,-0.0103187325479985,0.036951371396445,-0.0063322079491384
0766,0.0333900565143229,-0.0047331784239562,0.0343871002858111,-0.0129114966924695,0.0409028945934699,-0.0129525461617346,0.0375012010403439,-0.0082934097670147
0767,0.0398876947543845,0.0061318631339342,0.0207152251311274,-0.0123561114091386,0.0304931413684134,-0.0113567446846304,0.0245845783513241,-0.0070822648963091
0768,0.0213330111670561,-0.0087738751701637,0.0276604636175148,-0.0112367875929438,0.0411058895390172,-0.0046865717930436,0.029864869955932,-0.00724188367999
0769,0.0208035487515338,-0.0132456289186399,0.0334042297257073,-0.0128093255261608,0.0457566248372332,-0.0031313619191846,0.0385185635753283,-0.0066678557592066
0770,0.0253287303013429,-0.0087462306551151,0.0427482247697081,-0.0035842656632092,0.0484431610729315,0.0008847639557465,0.0420756496514088,0.0001525141673558
0771,0.0247140920892725,-0.0134746855508951,0.0455020426953319,-0.002056336258275,0.0551960039199926,0.0043205229697716,0.045980367670959,0.0024426027520407
0772,0.02596004492605,-0.0036014644547063,0.0450601033744485,-7.953199862259164e-05,0.0466745332047115,0.0030446338046878,0.0446074017429538,0.0031281962204101
0773,0.0211137673752535,-0.0029739651399804,0.0346476533226264,0.0016685384970446,0.0354388098229685,-0.0015286559598654,0.0371454759219569,0.0039539746059775
0774,0.0172446300874564,-0.0066014646650579,0.0401295866706158,0.0049167147897289,0.035593142284532,0.0024532738114079,0.0315357288642558,0.003532992292793
0775,0.022696532544683,-0.0079964818615566,0.0371282622713249,0.0003600312765603,0.0443294572940465,0.0025383163262358,0.0332679079674257,0.0009094361176592
0776,0.0129259033429792,-0.0104334618816155,0.0508207607839011,0.0165909790830113,0.0642443977501314,0.0233273036203085,0.0521381003142723,0.0182952896641656
0777,0.0036241858993157,-0.0154044133201671,0.0486827564190916,0.0194689829535687,0.0621024725197382,0.026742807106924,0.0479412856418501,0.0204912511843898
0778,0.0159538939375164,-0.0015359211639088,0.0601418958799484,0.0280752538859492,0.0651129564733895,0.0267733904734044,0.0570042019404702,0.0274477171940641
0779,-0.0033522621798119,-0.0131825718143641,0.0473684325780876,0.0230450685960674,0.0624422065098848,0.0294816201062536,0.0434076535531464,0.0225178929356134
0780,0.0022278459428405,-0.0145141234032803,0.0472567471102453,0.0196764339346345,0.0511509765363699,0.0204761284548929,0.044748537723151,0.0194482899721426
0781,0.0167290796571752,-0.0070290612942213,0.0426662312326707,0.0119867968285681,0.058712887453395,0.0219655839198126,0.0457424860993236,0.014887163076736
0782,0.0201333298622961,-0.0042825716479727,0.0456613229226095,0.0115437212841521,0.0570269628630597,0.0192556953659968,0.0417910197914666,0.0115714974908616
0783,0.0247527254773682,-0.003986707657316,0.0572132267513508,0.0190578327056453,0.065837604490043,0.0228536595551865,0.0572092048470669,0.0211868567036139
0784,0.0295419773265293,0.009092429116894,0.0479204373838239,0.022521198956873,0.0486790248224612,0.0180648457694826,0.048485799180983,0.0240831607408899
0785,0.0304341416663919,0.0110120062503097,0.0451739289486598,0.0209740580727554,0.0350559881977999,0.0076361115064671,0.0497964574059885,0.0244432158376876
0786,0.0201906266846966,0.0011442856728207,0.0454863621449436,0.0182248443623953,0.0413336868205402,0.0117044180242035,0.0510158834401104,0.0236559073768063
0787,0.0378063584495927,0.0172362907263166,0.0504890890307156,0.0254639915555994,0.0516041648216996,0.0231364438197363,0.0533869929568399,0.0286698992384525
0788,0.0287272606101645,0.0093595753974818,0.0453735709972895,0.0196227685917944,0.0452801363337384,0.014177696114785,0.0462756435318728,0.0209732221290404
0789,0.0248955743627106,0.0038547322084765,0.0421458494993495,0.0187454715044191,0.0536959230382989,0.0226163139766888,0.0356158603501276,0.015880945623452
0790,0.0273397153091332,0.0042218934353767,0.0360126898340534,0.0095574440687665,0.0492480900242246,0.0143258604435255,0.0272115052741661,0.0060064727536195
0791,0.0545249969247061,0.0230601870187205,0.0356132331475459,0.0098117662780705,0.0481128374879611,0.0156969260027554,0.0267077025987836,0.0062265993479296
0792,0.0493284690972509,0.0204195904543857,0.0400547808042233,0.0160715211842044,0.0520815315633916,0.0219396418742791,0.0315217305462706,0.0123907602452586
0793,0.0356643982641306,0.0085045184160895,0.0452292307892731,0.0180816675792787,0.0490667616698775,0.018063001458953,0.034818974499682,0.0133169827411313
0794,0.0367400827517286,0.0090308739863487,0.0392096504052748,0.0116787943422141,0.0406169691463371,0.0102811654417846,0.0312993585018076,0.0084046238757859
0795,0.0304701026887017,0.0064038853497592,0.0287265911829051,0.0018558909873063,0.0358622591148508,0.0101479230096767,0.0193900347408712,-0.0024543266225516
0796,0.0300884429901954,0.0032265591131114,0.0328970445337976,0.001498542129911,0.0401129213334285,0.0056413945141046,0.0201286634170892,-0.0041920419186773
0797,0.0196788882957356,-0.0042983035557618,0.0365894424927976,0.0028964214624044,0.03980040373167,0.0075816780025723,0.0225972443066727,-0.0037025407673961
0798,0.0110409271417151,-0.01576788640796,0.0394912357931461,0.0039349109800811,0.0349600321562194,0.0022500368688215,0.0275029452266062,-0.0009003425211114
0799,0.0121521743664013,-0.0167276957182592,0.0330889667541386,-0.0035623030376471,0.0316977593572014,-0.0056482626292194,0.0295812074208357,-0.0033573410625101
0800,0.0305224386672722,0.0030508507592519,0.0382560791974977,0.0005206445934403,0.0274727709424248,-0.0080976805856121,0.0274983577544877,-0.003025605873105
0801,0.0225137167668447,0.0005742025793692,0.0309706981521655,-0.0009996515737855,0.0281323329685575,-0.0061746495133305,0.0212679450697055,-0.0030798808435756
0802,0.0110768649190208,-0.0115838371138305,0.0383763225040598,0.0055116426698054,0.0296195272646277,0.0002121532563309,0.0288771291664292,0.0037644906718535
0803,0.0210104944751456,-0.0108995311971796,0.0376801984244068,0.0022521900947065,0.0381662637463861,-0.0010923788698102,0.0330670860493573,0.0025263441140881
0804,0.0179714942108757,-0.007218648062204,0.0364958842290769,0.0032773147655607,0.0422728381276091,0.0056354329708345,0.0340095205887828,0.0041933756024352
0805,0.0201444812162067,-0.003198731371174,0.0247919625040343,-0.0025681549364787,0.0365368219140736,0.0045121834848431,0.0298141516036573,0.0030637409289508
0806,0.0144635620255209,-0.0046906989553576,0.0320922026912025,0.000299571850919,0.0373210489007069,0.0048949812521805,0.0351618602621521,0.0046605182064737
0807,0.0240741531112601,-0.0030959762336984,0.036381939093392,0.0015428557662171,0.039926127156647,0.003461664477294,0.0381354952448284,0.0072916132080291
0808,0.0223448211589,-0.0017064958446881,0.0324427660518663,0.0067297688414895,0.0369899293943859,0.0073492972202506,0.0301820222816785,0.0090766380170155
0809,0.0134581793377321,-0.0049182614481795,0.0263034571313365,-0.0017412952270296,0.0312856143471923,-0.0023881026562761,0.0289104244152991,0.0028270436706979
0810,0.0192623530430186,-0.0032256388409917,0.0289965288696619,0.000261148881637,0.018516333952164,-0.0118444942449387,0.0322842177693604,0.0058959506235437
0811,0.0133252852170517,-0.0027359188747097,0.0246860757221008,0.002455860585678,0.0265445012508052,0.0058621457677276,0.0292409417614667,0.0078282176408785
0812,0.0155925903069994,-0.0090065781787926,0.0286276435586377,0.0022519831220949,0.0203921387391428,-0.0054351279419653,0.0273597291228809,0.003853635022357
0813,0.0234890845462215,-0.0006451263371752,0.0228446555759147,-0.0021839803455811,0.0168089192642757,-0.0041559207573103,0.0198209384546857,-0.0022098021361258
0814,0.002908930865783,-0.0095683272734145,0.0129501210561052,-0.0076947227952516,0.0030047887845818,-0.0118845860857731,0.0078701309111307,-0.0100850145828719
0815,0.009464782088497,-0.0037851051925503,0.0113898778156693,-0.0125395536041449,0.0018135554216283,-0.0142952396518219,0.0052604006182498,-0.015012051556481
0816,-0.0026294732067201,-0.0225967942407486,0.0181590485829399,-0.0105120887981751,0.0046322339968541,-0.0199537903485101,0.0105034970869006,-0.0138563080478642
0817,0.005566743233428,-0.0131090721860362,0.0115933173177893,-0.015080991612405,0.0034134373239668,-0.0227150210728223,0.0033525375889432,-0.0181231830037303
0818,-0.0119610063281165,-0.0286494989313735,0.0146300271845684,-0.0133286214743709,0.0046117064920312,-0.026384446285699,0.0140182865497553,-0.0125518740445967
0819,0.0078498881838611,-0.0121623542254604,0.0300629205104027,-0.0038214242685479,0.0213298147956825,-0.0098235527257621,0.0263145491927342,-0.0048055190559322
0820,0.0109847172817711,-0.0073267899242645,0.0309819021798241,-0.0001988525553218,0.0201193208833513,-0.0099653866532934,0.0268062180948463,-0.000194423192739
0821,0.0121209804422441,-0.0087390698349628,0.0305538693413625,-0.0015648543542054,0.0252162967258628,-0.004222126644297,0.025582913390092,-0.0020041221032529
0822,0.0031750626098117,-0.0133609155603244,0.0423296943312841,0.0133647837159414,0.0333577863098666,0.0039451362792776,0.0389290588312583,0.0145253179590189
0823,0.0227827169589831,0.0008622482869622,0.0430117591086338,0.0053332642140773,0.0422989545889057,0.0026618770539612,0.0443206653029067,0.0082814052164444
0824,0.017877712799734,-0.0038404082194377,0.0400346587045263,0.0030053057908307,0.0380090027659396,0.0005669517282627,0.0386730727013167,0.0050406779560585
0825,0.0253861084412788,0.0014657669248567,0.026968245218647,-0.002364707636987,0.0351967326247924,-0.0011205093978651,0.0280692076441661,0.0016706613710584
0826,0.0172331266474496,-0.0027635001780608,0.0343251544098735,0.0021176441587921,0.0243519765445502,-0.0053142493709188,0.0331285026097865,0.0046752189515979
0827,0.0173555766279583,-0.0013606497725185,0.0439483635846157,0.0143086448038233,0.0355583866946953,0.0039841149697757,0.0494236728860183,0.0184855117713953
0828,0.0269005932080084,0.0047159945638751,0.0370482379981778,0.009174230738733,0.0242856511086299,-0.0078645038627346,0.0418653306929866,0.0136988888946227
0829,0.0426931530935421,0.0112187769493548,0.0494486567068316,0.0128744102291939,0.0416797489047587,0.0011745565102497,0.0517678970661081,0.0165585182665019
0830,0.0361021667493258,0.014371061354062,0.0454145038730415,0.0180896887636601,0.0351263103337983,0.0026320194561081,0.0500790928268762,0.0222287697536283
0831,0.0305950538568399,0.0117096361776184,0.0296540815988768,0.008677427676318,0.0260619966410508,-0.0003024211535148,0.0359009631241672,0.0135034296001575
0832,0.0429729911997812,0.0239486850176907,0.0161255151667427,-0.0031936992017622,0.0222885103215023,-0.0013560074678517,0.0188020501203777,-0.0007419894924601
0833,0.0414992826343302,0.0175929315892543,0.0322255969818774,0.0043290626686352,0.034020273450863,0.0033971562967861,0.0330878133196844,0.0052839253436491
0834,0.0302206739592771,0.0097518947375248,0.0372008731459731,0.0042196250332972,0.0388276643165232,0.0087791057682392,0.0311107291538568,0.0034048341974814
0835,0.0540757205203085,0.0288262932111357,0.0425771391121854,0.0128300775519217,0.0405465857776324,0.0082694891934225,0.0401267190670659,0.0131531995926102
0836,0.0420386876310297,0.0160165784381881,0.033731519931001,0.0029638976045377,0.0399127584014795,0.0048660414736909,0.0337472367262717,0.004521888159927
0837,0.0264588404288042,0.007495337883768,0.0429553475410555,0.0139094799669251,0.0442903481084401,0.0092743483231738,0.0451536445498189,0.0172222631043972
0838,0.0245994824637394,0.0021976881949189,0.0292029161666139,0.0025444493538345,0.0395196049926887,0.0088363704612197,0.0297616094675413,0.0055953371872961
0839,0.0208817981274647,0.0086719961199515,0.0299911022233754,0.0079305501557567,0.0387626324810405,0.0138616977067362,0.0276854777009357,0.0091608766789018
0840,0.0205307454424315,0.005208125449965,0.0329445461795865,0.0087668082893981,0.0284111860590061,0.0060838311804936,0.030666321000758,0.0105937633521456
0841,0.0132867422228465,-0.0032770703533402,0.0315540741607487,0.0028359301491856,0.0346015687940899,0.0080239476240589,0.0291438926110509,0.0042720274358519
0842,0.0090591240761728,-0.012405779841027,0.0277834781382439,-0.006269186632042,0.0300463515919408,-0.0031655589502755,0.0296824880797691,-0.0027094243605257
0843,0.0030495942940753,-0.0176858490136251,0.0304874871545181,-0.0025469998841481,0.0433357677100826,0.0060741439918479,0.0276986761529986,-0.0018543480704505
0844,0.017844177424904,0.0032166835402131,0.0375435775248558,0.0064412148261458,0.0311917418436681,0.0038357689617734,0.0307847282986299,0.0056717107026998
0845,0.0251033851531735,0.002702350005355,0.0424142277551082,0.0038117169950681,0.0483649470489374,0.0104315568873845,0.0403365524823208,0.0030722654304127
0846,0.0212587572747262,-0.0058239904494481,0.0288305216773109,-0.0097843385897156,0.0254169703161267,-0.0089201719330953,0.0192656969511166,-0.012967080559287
0847,0.0147994757455392,-0.0061634601456986,0.0304369685290642,0.0058386097177666,0.0249228053155897,0.0004482953125115,0.0218846613240876,0.0042671438058917
0848,0.0225040375747168,-0.001502724208396,0.0357937442260626,0.0025348122114326,0.047766099964874,0.0114128123695689,0.0357878723144703,0.0052417405359955
0849,0.020042878384277,-0.0075115996793195,0.0352715492579506,-0.0061091411377234,0.0391496841151685,-0.0060157823971261,0.0353040193641554,-0.0037606154340623
0850,0.0218172164821327,-0.0068173447692788,0.0402428564889848,-0.0059763553251406,0.052582631284515,-0.0052485190297436,0.0415178082152403,-0.0026151915886654
0851,0.0068519155086534,-0.0212174083516627,0.0290587093196304,-0.0129246347841409,0.041196140015262,-0.0119864603510372,0.0306286494937589,-0.0105805059017478
0852,0.0315878485764075,-0.0002870923214304,0.0415488435706313,-0.0040231585328462,0.0479635202473135,-0.0069534391501333,0.0380455212298449,-0.0026715807385114
0853,0.0191064506632425,-0.0086530386494156,0.032348017995476,-0.0030108118489119,0.0370093025909828,-0.0055519412694447,0.0327799651924574,0.0004343860070804
0854,0.0109057760320969,-0.0162111235192247,0.0217653484730398,-0.0123024364196711,0.024402193976246,-0.02038178553582,0.016776923315522,-0.012537663074537
0855,0.0252212906047666,0.001712528012189,0.0200880560693172,-0.0123266292113998,0.0349314063653883,-0.0089474110932246,0.0172431666534904,-0.0123868222481233
0856,0.0170808603766898,-0.0050539796872739,0.022235823217811,-0.0112559838044784,0.0396936708634887,-0.0040294265752331,0.0194070914409041,-0.0107245602675852
0857,0.0166737629820609,-0.0012426126697433,0.0311628125414793,0.0005371036201866,0.0310699100627126,-0.0018395289381256,0.0278605223829374,0.0003977519827468
0858,0.0175110041399227,-0.0063726512238034,0.0330771986314926,0.0022942813681102,0.035862254064714,-0.0005271805586773,0.0361154732598558,0.0064411506294969
0859,0.0165093320929517,-0.0079085351827787,0.042180115267978,0.0038461343821816,0.0573005626107712,0.0146712165682615,0.0473729660685608,0.0103588245105375
0860,0.018630990919164,-0.0054443539196377,0.0464922337853804,0.0117702935374445,0.0437088397466232,0.0110476493540208,0.0529768446906542,0.017999048634019
0861,0.0158510764606494,-0.0048631390098485,0.0269282239576282,-0.0060751406086285,0.0261973128982525,-0.0035167234812272,0.0241166531472529,-0.0044107261618492
0862,0.001877135660701,-0.012838806142765,0.0143082539719099,-0.0065973771758981,0.0206397600935533,-0.0014819404183257,0.0173072732641517,-0.0028478337843972
0863,0.0012617608482547,-0.0171535242535392,0.0177775486592062,-0.0082083437458596,0.0131081599471378,-0.0120636514969496,0.0155296328243237,-0.0059984397217381
0864,-0.0005477034760541,-0.0134425645605977,0.0098369130448915,-0.0106090341666502,0.0116999196628343,-0.0107199459734824,0.0100126347173676,-0.008714056279846
0865,0.0024851739125097,-0.0097887603332437,0.0058066703222091,-0.0116501785461648,-6.437441395524983e-05,-0.0137761181842946,0.0048746830715192,-0.0089097989755957
0866,0.0149136024577421,0.0047422539436081,0.0247555634037165,0.0055974903325312,0.0236168186428047,0.0082367192853977,0.0208085482699545,0.0054666808787943
0867,0.0109281472882127,-0.0012344002021933,0.0161448625846771,-0.0011228064005856,0.0096406987244157,-0.0049961279668041,0.0103602431878085,-0.0036370977263843
0868,0.0078703213630106,-0.0049214305870032,0.0269294214992212,0.0087196159284744,0.0186568573458575,-0.0007812539770806,0.0129444347752838,0.0033442007397054
0869,0.0033045475877852,-0.0106490595788607,0.0211689857271654,0.0032226598054524,0.0209612639985611,0.0018633311548757,0.0176889955850557,0.0019040968672477
0870,0.0145087252192533,-0.0027073481565652,0.0294080777906394,0.0025628873735854,0.0260045246435843,0.002904923584048,0.0241029612683188,-0.0006365994069669
0871,0.0143849637111831,-0.0068697414349489,0.0102541338160645,-0.0098429643009217,0.0205161701060839,-0.0013946608812674,0.0035414497186766,-0.0119029231316271
0872,0.0030503037133953,-0.011134595092789,0.0150853081334712,-0.0024219581310182,0.0190857234999762,0.0017576284132241,0.0107979549302817,-0.003840077634591
0873,0.0070304168137567,-0.01256734504648,0.0294194413191537,0.0061163948713753,0.0408424718093754,0.0132558225677463,0.0238320610377087,0.0052778384081548
0874,0.020841690242073,0.0071824264101965,0.007796479682018,-0.007524969064035,0.0204398060129316,-2.166160328300169e-05,0.0037812508762339,-0.0089452486730636
0875,0.0125575584831373,-0.0014426750884652,0.006161394771421,-0.0065726151789589,0.0193437399244658,0.00395643145739,0.0020508116169751,-0.0077078897066035
0876,0.0008600687608372,-0.0042465423723066,0.0078921768963385,-0.001790471780157,0.01180761597101,-0.0006970065709589,0.0038463338134767,-0.0022011167495086
0877,0.0047782197736276,-0.0028992455682064,0.0128684296416506,-0.001817503662183,0.0194628268418632,0.0026758613726643,0.0128827837373591,0.0005172938101206
0878,0.0063054669675523,-0.0100912145441799,0.0182114045341105,-0.0046004644259742,0.009957157952782,-0.0100889314989243,0.0216591906217121,-0.0007506858778906
0879,0.0024253853023039,-0.0095191542444304,0.0145142935071573,-0.0035896024945074,0.0148119383983273,-0.0073387993242708,0.0148864122711712,-0.0020043469697309
0880,0.0164562556698337,-0.0002151509613641,0.0174458206414356,-0.0076393842990009,0.0173509810949098,-0.0085828946029815,0.0109478538424434,-0.009362736235375
0881,0.0198069686180906,0.0046468818000466,0.0192876435002228,-0.0039298475564565,0.0208830087042162,-0.0025257869069396,0.0167461590354601,-0.0043054429109079
0882,0.0233682470525085,0.001527821156909,0.014193306818611,-0.0097494661923083,0.0185104281020796,-0.0054915677960579,0.0154992951796811,-0.0079818335193939
0883,0.0103180800798336,0.0016514408188722,0.0119784955216244,-0.0007447279018717,0.014121010155352,0.0004282077738965,0.0165896200691132,0.0023079573712312
0884,0.0169557373411708,0.0036597621488741,0.0210094711279956,0.0048607780149901,0.0257769825425858,0.0030756099071865,0.0290813444784183,0.0096914024678905
0885,0.0284681495524432,0.0165088724011829,0.0325529843459917,0.0152984806412852,0.0240410972037618,0.0084853487582073,0.0330893194953673,0.0162846126174134
0886,0.0105305205964078,0.0022065732513865,0.0308185709165972,0.0231254333585394,0.028233781475238,0.0176093069340806,0.0268141043534384,0.0235317707006258
0887,0.0173524418807085,0.0043276711447391,0.0431086530506321,0.025557378310067,0.0324658563020315,0.0170587747708694,0.0380225913392207,0.0255227073886081
0888,0.026271799554276,0.0099437970208646,0.0388823759248397,0.016484784172057,0.0234789600544659,-0.000914452063963,0.0307933415935162,0.0146349160028116
0889,0.0230269931349142,0.0109342854363559,0.0406240521010816,0.020921363388186,0.0236800447961458,0.0028507309981272,0.0351957248004856,0.019355079150481
0890,0.0181499524008393,0.0053117704757548,0.0262912147480219,0.0086338217956224,0.0124297548490132,-0.0051119314918377,0.0250220650109409,0.009223300341192
0891,0.0155823568436151,0.0031473075509055,0.0398060825332881,0.0167288110269055,0.0318688518690596,0.00426286769765,0.0393611455703012,0.0173347158933661
0892,-0.0008321999516799,-0.00711793167555,0.0391341814277271,0.0165082901193119,0.0223238337980129,-0.0017250281376178,0.0384657694942661,0.0168568414180094
0893,0.0117755618846526,-0.0001584133757435,0.0493162399894494,0.0259474436128577,0.0249444527619543,0.0010369401109545,0.0433635231920027,0.0249631413529391
0894,0.0035056039316186,-0.004603975320984,0.0342274936321998,0.0158925128663144,0.0077930503840984,-0.0062248989941769,0.0276882903633853,0.0132743700091429
0895,0.0010055671161916,-0.0130538479513993,0.0355550078242038,0.0126670392391424,0.0190754040117972,-0.0045149492448708,0.0333489634564963,0.0133603193927727
0896,-0.0138145423006886,-0.0270364416114254,0.0420756254141379,0.0100485334590661,0.0213351738240715,-0.0071028457887513,0.0388033332911434,0.0091264588794982
0897,0.0119917299498147,-0.0117889825606898,0.0410679050648982,0.0042037898007149,0.0274113944356453,-0.0070041957163662,0.0370401965447031,0.0052831493321105
0898,0.004419243960132,-0.0101682011605965,0.0293805843959487,0.0099737249042442,0.0299571843645319,0.0053886373415532,0.0237352391525633,0.0086843509075258
0899,-0.011496005044973,-0.0122574594030987,0.0182215850418593,0.0033453125488695,0.0168577049514051,-0.0003636133523857,0.0212387669526353,0.0063911773960452
0900,0.0070406597011834,-0.0062218950671868,0.0195563196617967,0.001336895547811,0.0171257126056525,-0.0038081163826592,0.0270245314629624,0.0067861316028746
0901,-0.0037128753805778,-0.0198944369228435,0.0184065637092571,-0.0051302099739551,0.0086746831511859,-0.0158044829244468,0.0238490767902177,-0.00102116386071
0902,-0.006753649050915,-0.0206417923372944,0.0258566572110332,0.0023979314199856,0.019785533295603,-0.0080244615285654,0.0289223687569486,0.0060362785823511
0903,-0.0028617205821959,-0.0173770014196057,0.0266506459751998,0.0032910191721888,0.016516882352304,-0.0091400273922115,0.0282530054085197,0.0071237455071493
0904,-0.0072187453991445,-0.0162177098760181,0.0317348971201207,0.0064894277994836,0.0280302245878073,0.0037998079835407,0.0391951626206357,0.0130311101816785
0905,-0.0194929112187023,-0.0235924912840211,0.0247460212772629,0.0075652591358297,0.0282786136158012,0.0092416382010562,0.035075719755669,0.0147801812263148
0906,0.0018203263114551,-0.0090995346416267,0.0187100549017922,0.00018970221106,0.0284908623232981,0.0069132068177454,0.0218117422374219,0.0028654024570838
0907,-0.0015126462700506,-0.0135254629547202,0.0267958204611175,0.0064719922797302,0.0281711392763626,0.0043922248356251,0.034950174866482,0.0129206523553098
0908,-0.0048948109096895,-0.0180817270795674,0.023726533109909,0.0032021580126725,0.0192118386644565,-0.0016277026874707,0.0274489506438209,0.008447898493303
0909,-0.0074990050010578,-0.0135931466906741,0.0226063257551629,0.0058202730163994,0.0135831117733125,-0.0023909282475859,0.0279547156451802,0.0108503427008114
0910,0.0104339421806029,-0.006539669049783,0.0242815019469464,0.0054299675132058,0.0200302759872205,0.0049515350986492,0.0299692325065966,0.0114303568610328
0911,0.0153613137559357,-0.0002487281417771,0.0216428911339167,-0.0009116727917982,0.0271380005772426,0.0113453821119218,0.0267224494601654,0.0043177848662309
0912,0.009402011430707,-0.001722897682275,0.0058477218123595,-0.0049895963651956,0.0200337830885268,0.0072714604646044,0.0118063587158687,0.0012783257765202
0913,0.0138220620175337,0.0014774072350465,0.019602237073484,-0.0002625963020879,0.0320581021161353,0.0074362402797587,0.0300685917731459,0.0073241159988322
0914,0.0043246804650837,-0.0116236803764557,0.0112464315351192,-0.0145170274952673,0.0334842366941997,0.001883653823837,0.0188452592114334,-0.0074456460617668
0915,0.0154487619916087,-0.0020277995775226,0.0248419326333778,-0.0018128605393511,0.0437317162925447,0.0139941479127649,0.0266400774807694,0.0012456228784813
0916,0.0168216629856431,0.0034037871024957,0.0336647618749616,0.0074620933023799,0.052488620288476,0.0211508672062552,0.0373368985586698,0.0122745785085415
0917,-0.0074406804684495,-0.0128616487676754,0.0152704284803223,-0.0015555199372028,0.0320673402693076,0.0110526874878771,0.0193853086210997,0.0019570885323703
0918,0.0083132822631449,-0.0061011923339225,0.0196275696415882,-0.001412907975257,0.035964768263063,0.0079725137099331,0.0262756132674996,0.0029551249666395
0919,0.0097116077563305,-0.0005052030163084,0.0202898015531573,-0.0012512461456115,0.0176995969741112,-0.0016652872032712,0.0212155248893601,0.0003385753547034
0920,0.0067575485162049,-0.003412862771227,0.0248549349018976,0.0049852979027317,0.0301899512575772,0.0111845697914697,0.0220151327308672,0.0050105324564379
0921,0.0260081495364639,0.0075141699311774,0.0304482794771392,0.0053116831022228,0.0349078031828133,0.0118736990770441,0.0251049720173669,0.004675081807796
0922,0.0043386015803807,-0.0085826079714974,0.0102981433802377,-0.0136440108576042,0.0115213295455651,-0.0101287960315833,0.0070584233085031,-0.0132425145588681
0923,-0.009513135207076,-0.0190916795758621,0.018044438990623,-0.0097489887855464,0.015455787034327,-0.0124445122052516,0.0163249765769918,-0.0071305012452537
0924,-0.0040418634346846,-0.0193858347254673,0.0240638304835118,-0.0064075587194971,0.0135884347900903,-0.0176761221961059,0.0235375710519293,-0.0020851466351831
0925,-0.001663135445714,-0.016640908007517,0.0241555294993012,-0.0079840412125138,0.024789735677001,-0.0077892964933747,0.0247614147722872,-0.004131239360808
0926,0.0060384572445768,-0.0102815282191934,0.0295526165769255,0.0018441267052718,0.0207610538017189,-0.0037442553357831,0.0301249414642013,0.0051217570033747
0927,-0.0016847773448443,-0.0144974498960772,0.0219202392319563,-0.0043695092859514,0.0144089805899563,-0.0114320917459358,0.0226174354070409,-0.0001459398353088
0928,0.0072615094025698,-0.0045394923922125,0.0138340291210671,-0.0071025010759776,0.0157609216837005,-0.0055839710159531,0.0171447548888011,-0.004012170839299
0929,0.0166554157485513,0.0016288776118561,0.0273212883459316,0.0054941443388639,0.0187536686747749,-0.0024211145158779,0.025526977145238,0.0071929604786842
0930,0.0164686437294242,0.0043974293269473,0.0192831305971527,0.0043094287058071,0.0194046069064216,0.0024273822707857,0.0137219488413212,0.0023479872775965
0931,0.0126958670468306,-0.0013596070724859,0.0176062045583797,-0.0021817125352898,0.012706025682164,-0.0069552890265452,0.0112078770510207,-0.0046549302692399
0932,0.015147093638694,0.0068650012785512,0.0288850665750349,0.0074818612576308,0.0245238809666489,-0.0001704727570567,0.0270230445298339,0.0071251517285115
0933,0.0266038905749897,0.0139251862968585,0.0255576619257064,0.0064360516326045,0.0195835986845218,0.0009077349898573,0.0206695986314756,0.0050600581164689
0934,0.0273110489828478,0.0167104715646118,0.0268600912721001,0.0076799727498107,0.0240406667546716,0.0058075577820959,0.0164456811399582,0.0028966643032021
0935,0.0254197731702264,0.0056619239556913,0.0472624477924892,0.0175572814198602,0.0476406034737784,0.021269429118284,0.0374192853808731,0.0127709334326407
0936,0.0184155149262935,0.0062961101451497,0.0284330574282952,0.0070509805344481,0.036748047770051,0.0135727422862508,0.0242651851894236,0.0054871446310958
0937,0.0139538125281024,-0.000877174662666,0.0093304035528967,-0.0063786838298009,0.0200304071654797,2.073569554822563e-05,0.0074111995802757,-0.0067466697976469
0938,0.015012912744577,0.0010314758111801,0.012138519801563,-0.0029229672244402,0.0263647089118447,0.0085143113017497,0.0151569078892065,-0.0025758481995013
0939,0.0337583847141523,0.0122988628963053,0.019592006080906,-0.0036682580625071,0.0329037516862169,0.0089768318108526,0.0160790272716245,-0.0057999310086869
0940,0.0347237923894312,0.0119574252362852,0.0254109892278671,4.396577032464045e-05,0.04079719662503,0.009385987854098,0.0187700185657504,-0.0029764885545622
0941,0.0305628254948781,0.0071524078215843,0.0283969004039851,-0.001843262738766,0.037143088984946,0.0047579884706608,0.0256925492349588,-0.0028180058773386
0942,0.0224851492916011,0.0033951099331653,0.0404573579691645,0.0134103928131694,0.0393187355477034,0.0115966419976803,0.0388543678589296,0.0140222521002656
0943,0.0062354703861993,-0.0077579032753587,0.0385301787117746,0.0118898813816892,0.0346282024210974,0.0094826208593512,0.0414342450941445,0.0147446262522373
0944,0.0129454805641819,-0.004671754280096,0.0426223348716535,0.0106815228503772,0.0428121835330591,0.0115817202780054,0.0359285286150027,0.0090316926766007
0945,0.0098374416718169,-0.0075341575586124,0.0372369056978618,0.0060561843220974,0.0284472956317613,0.0015228248942544,0.0312893833468847,0.0050117579454966
0946,0.0075903034363867,-0.0078121141828291,0.0483884394219777,0.0122501721329264,0.0412163420634306,0.006164603387443,0.0419044746567643,0.0101437482956603
0947,0.0205265855779505,0.0028163984735776,0.039910318839447,0.008026715121343,0.0458878606903764,0.009336072141688,0.0334897063873135,0.0050544337228071
0948,0.0241790711656537,0.0061110490259385,0.0502575111610124,0.0162239031923988,0.0506642904234443,0.0160556360649458,0.0440485515348869,0.0138430541740181
0949,0.0309729866866718,0.0132860600277394,0.0419228019946485,0.0070301638972713,0.0425126128339253,0.005898953400134,0.0342743317977327,0.0043306036924014
0950,0.0528106901547933,0.0215053653506394,0.0451705254273362,0.011807080833926,0.0458333937919614,0.0091380140220192,0.0365518348096562,0.0082720863916045
0951,0.0330546096720402,0.0080800948100592,0.0376192339963725,0.002430847651198,0.0344451815007423,0.0021955905537234,0.0286489893250866,-0.002161251740381
0952,0.03647240454452,0.0089465171215195,0.0453132077591732,0.0066516355743954,0.0391399419610978,-0.0026865946455705,0.0349692867580869,0.0012865026775616
0953,0.0388508062518731,0.0128064060254788,0.0349472497342728,-0.0050693766090427,0.0417145154459893,0.0023345980469173,0.018239771895719,-0.0129949384989341
0954,0.0164910079628518,-0.003812606790657,0.0300725711342022,-0.0043610716155644,0.0357105508103728,-0.0024719932774144,0.013432792460809,-0.0113149616625306
0955,0.0175554000251179,-0.002858135429943,0.0238991264282612,-0.0081356916710997,0.0263047768140791,-0.0100772300203179,0.0122608880293655,-0.014402338120506
0956,0.0132788610690155,-7.86525282278313e-05,0.0293569555506772,-0.0008809033357675,0.034932796220308,-0.0001218593307684,0.0195050520259993,-0.0052040147106783
0957,0.0298162260532257,0.0106097058094004,0.023015714425956,-0.0062414066625991,0.023849642502148,-0.0102760890489775,0.0142289866712316,-0.0096883377664584
0958,0.0211922162262506,0.0051565133138074,0.0172327016357169,-0.0122294582307125,0.0171569020280989,-0.0147519203908358,0.0167929686686233,-0.0125803061748474
0959,0.0302117120242292,0.003821288766233,0.021053800172785,-0.0121846011737294,0.0223493540332397,-0.0122542631416386,0.0097453654914115,-0.0170944597494757
0960,0.0339288919433471,0.0157492421216557,0.0302139378441026,0.0026720813909851,0.0269714106093334,-0.0048801855333948,0.0237180854517006,0.0002268988460046
0961,0.0207260540788315,0.0040648997766832,0.0285671375475994,0.0026799128133037,0.0206854340013978,-0.0080697378563425,0.0272950692733231,0.0041835223515818
0962,0.0395809651967428,0.0173339833278061,0.0237475286863843,-0.0088679986110877,0.0193898921912886,-0.0170414232320118,0.0175089378971458,-0.009934470789562
0963,0.0288977374043334,0.0077306788039439,0.0246296429312881,-0.0064102010523485,0.0322743842419452,-0.0025690154147711,0.0196605612811088,-0.0060728525953453
0964,0.039633635209389,0.0198770495975175,0.0250537240920092,-0.002271019392659,0.0343887960248081,0.005643865646488,0.020658127671127,-0.0033169227336634
0965,0.0344768017438695,0.0121427642906144,0.0268363979854187,-0.0053159135145965,0.0329415633360188,-0.0030377967643722,0.0236933710388515,-0.0053564485441892
0966,0.0379485380552782,0.0154130029781049,0.0310463347144254,0.0015306118213999,0.0373420811043431,0.0053688444076059,0.0290606483487003,0.0013835430537554
0967,0.0520862629572067,0.0262370427750648,0.0352636404622922,-0.0017663704645535,0.047031544748869,0.0055647427358963,0.0297938617359297,-0.0022816898366339
0968,0.0308749616958499,0.0089081942786721,0.0366948853451709,0.0034487756918509,0.0397000400594485,0.0024606202456681,0.0274352303233464,0.0012099458702698
0969,0.0303964485126531,0.0066797958074404,0.0252008145742696,-0.0106262176377995,0.0278399244200866,-0.0116557829627476,0.0112688492809916,-0.0157854677662918
0970,0.0166034808366089,-0.0002854001966864,0.0239219365285224,-0.00824444453047,0.0433997577124862,0.0050684094808281,0.0169136781388129,-0.0102710677906483
0971,-0.0032882662126307,-0.0151323272357642,0.0076271051540577,-0.0185603664932269,0.0201389902760148,-0.0109573714925586,-0.0020986459420628,-0.0227359646570371
0972,0.0053374177235246,-0.0096803437842519,0.0170497381837968,-0.0126699091475778,0.0303265592754127,-0.0025293122543864,0.0139845392510046,-0.0128928765409722
0973,0.0075414532472918,-0.0100669493518327,0.0147039125696951,-0.01984779081327,0.0267196399643653,-0.0115147027442372,0.0134882750482521,-0.0190268304844473
0974,-0.0014973837588404,-0.0143629625319987,0.0075328427977473,-0.0162107635806053,0.0128217664552413,-0.0157009982200527,0.0077717708722802,-0.0154242949237998
0975,0.0031397138375143,-0.0098721078375967,0.0103970727888114,-0.0116113646518019,0.0139094298952657,-0.0115070956298075,0.009384860045113,-0.0109377439356327
0976,-0.0046559150835399,-0.0169433011982946,0.0060773956443316,-0.0210766669910031,0.01424447999313,-0.0128012051552042,0.0037354269101776,-0.0202113716098851
0977,0.0110231246718977,-0.0050955465411459,0.0156660756805289,-0.0140193851401466,0.0126138128572437,-0.0121641971986307,0.0111039399206268,-0.0145855519874368
0978,0.0133638063450698,-0.0008039995252988,0.0221706271874338,-0.0046119320176136,0.0280754430246476,-0.002219376457294,0.0231980568744758,-0.0017869665376296
0979,0.0143368664127938,-0.0036766567886303,0.0194854516664416,-0.0087054793984138,0.0203272337922566,-0.0080639233766027,0.0224303891441746,-0.0058641738983724
0980,0.0189292127220102,0.0101204364987601,0.0089595555844261,-0.006730608321223,0.0119940868903765,-0.0063062636406831,0.0103399523790755,-0.0057536742636059
0981,0.0166291036671671,0.0087535940157221,0.0122713099193028,0.0016446086344839,0.0132393999939558,-0.0011389476797883,0.0121166344605557,0.0021759501269325
0982,0.0165018033335261,0.0084159455769391,0.0151209678180717,0.008228457144297,0.0205492936649779,0.0088405529714696,0.016983277012833,0.0095918931831751
0983,0.0218622607646329,0.0188165993414869,0.035964902860231,0.0233550432751957,0.0255172693024228,0.0147275014628011,0.0404660288628051,0.0257164635140412
0984,0.0240888197088604,0.0191950839595559,0.0137356854002742,0.0056256027937039,0.0147088113206697,0.0046441333340804,0.0150405586405324,0.0077117418900216
0985,0.0350394949935893,0.0305416045743224,0.0263717331718337,0.0196545972764025,0.025294825486652,0.0172461676677269,0.0333314381225226,0.0221983131322793
0986,0.022446782288404,0.0208766345886524,0.0296419554114624,0.0223582370499341,0.0398287903852355,0.0269463172219845,0.0336211666465786,0.024747637662286
0987,0.02233720980355,0.015405316048109,0.0350418456719023,0.0235513193556931,0.0418090313856015,0.0280213377486513,0.032021018449983,0.0215964638016285
0988,0.0405316348022513,0.0230245287296293,0.0313438870075031,0.0136606869824818,0.0378309816807816,0.0158334373068337,0.027823288694423,0.011470277477309
0989,0.0400545936639342,0.0186880805805789,0.0367354786525883,0.0125051646638728,0.0470476004099707,0.0215215200167986,0.0239929932224155,0.0084584770891586
0990,0.0470592871010686,0.0285726974267515,0.0321112627992532,0.0080894052667025,0.0439657553035537,0.0194116631771583,0.0202861162434564,0.0022863043551353
0991,0.0378597928143783,0.0238555000026932,0.0479787338637431,0.0221102618669248,0.0548655733666028,0.0227406324726661,0.0414701110907858,0.0195628120454687
0992,0.0337330915668399,0.0160457902590904,0.0469467666638018,0.0194150734951472,0.0492972929204983,0.0171448235983766,0.0377738552386807,0.0157937754379753
0993,0.0238782310401213,0.0085329365582371,0.0401702723397506,0.0073214603371763,0.0400579923994843,0.0011495081332603,0.0336247590863298,0.0052359452673969
0994,0.0344870533451878,0.0137601265043645,0.0353126095678189,0.0036694318956943,0.0376182160917817,-0.0017176413826219,0.032365712237427,0.0034032237864231
0995,0.0246286851906302,0.0054485706030569,0.021062779724967,-0.0025416942636541,0.0277029976308665,-0.0014425790296898,0.0198376552848327,-0.0013043734683803
0996,0.0294186002991427,0.0150208026507657,0.0154336918804808,-0.0061838141415645,0.0239682182039143,-0.0030957605213885,0.0087998537600661,-0.0078343638190476
0997,0.0259830143646417,0.0087186080120377,0.0046183418418958,-0.0140285371877972,0.0041538326047198,-0.0202178408406716,-0.0014397668769782,-0.0159176524899881
0998,0.0350804515981759,0.0156669512090422,0.0117954791962241,-0.0049221413611897,0.003046646769374,-0.0150266562302141,0.0062424302215563,-0.0062903138563062
0999,0.0343187853587069,0.0219739066487799,0.008232985236948,-0.0099890359548568,0.0031784673763267,-0.0129769545133702,-0.0009378680429839,-0.0148993470536174
1000,0.0284072005210101,0.0156125809815342,0.0007773256780211,-0.0046262237896779,-1.7318754603199492e-05,-0.0093200693946738,-0.0051932013962367,-0.0084946284865969
1001,0.0111799488167826,0.003595033067469,0.0117150338660619,0.0018281731603989,0.0125801812569889,0.0029153951064884,0.0101895373324997,-0.000128688248197
1002,0.0207392517115869,0.0116815596316931,0.0203368214574198,0.0104959229872514,0.0039567850407726,-0.0032825214115376,0.0161883436016089,0.0083604425285112
1003,0.0047300303485394,0.002267846692179,0.0100621305492975,0.0061387440968247,0.0042759568833106,-0.0008083888050827,0.0040885718210202,0.0031288471552099
1004,0.0088153016931401,0.0035888939755782,0.0092246882815175,0.0014346590827539,0.00054927967567,-0.0056984763636774,0.0052179966263503,-0.0006847378711887
1005,0.0131648151848495,0.0018188919364,0.0242402850383767,0.0121101287620206,0.027012856913728,0.0122979936486325,0.0217099379008726,0.0109398380395172
1006,0.0184073789887031,0.0113574391228566,0.0107532486849176,0.0027947989963766,0.0235519145896744,0.0116698178590118,0.0049090647912207,-0.0007613056986547
1007,0.0126995844917036,0.0033836114656819,0.0131512343319355,-0.0030344195657318,0.0247489106871165,0.0056307812250845,0.0112864311871114,-0.0042922170198842
1008,0.004521931754558,-0.0055269910946788,0.010327719538518,-0.006778578135951,0.0165165614138908,-0.004275239779384,0.0034375758113522,-0.0101434504038027
1009,0.0130011440660766,0.0028877755396956,0.015932806550144,-0.0025344127016706,0.0201626855702001,-0.0041569106921592,0.0137413103729009,-0.0025433472707727
1010,0.017578056013228,0.0068001309425603,0.007763445479929,-0.0174943589600693,0.0265255619891441,-0.0068295701439053,0.0036031440958174,-0.0188921141000855
1011,-0.0015626160774666,-0.014039255889399,0.0021180412962316,-0.0221119195920275,0.0133918064576449,-0.0168745942497963,0.0032226351165403,-0.0195190880590849
1012,0.0001634303666557,-0.0152996022502148,0.0252977395324246,-0.0022322592339802,0.0300225545827781,-0.005785353541792,0.0271199794055804,0.001972187904429
1013,0.0066187774956406,-0.0061156403457019,0.0296696595451543,0.0033065907810651,0.0231640823134588,-0.0070151411275815,0.0281265818867165,0.0046528069585538
1014,0.0144073198885409,-0.0064117543441852,0.0224600137605049,-0.0024209514753411,0.024840204026418,-0.0085912640545389,0.0210454003978542,-0.0007399769138047
1015,0.0200097476873271,-0.0057094518201909,0.020880931318751,-0.0101128800671413,0.0242435811635417,-0.0116058958722385,0.0186822529166198,-0.0083661053295852
1016,0.0161100073228444,-0.00831561733408,0.027660595774906,-0.0022177074211575,0.0259332959262832,-0.011010204779058,0.023934001699092,-0.0008888933874817
1017,0.0076362274765725,-0.0105359948133305,0.0182177992103303,-0.0028659161562008,0.0168442571262828,-0.0070359664725918,0.0160020916770693,-0.0020671202429444
1018,0.0203840096910459,-0.0039854381763469,0.0281889341932177,0.0009267537746932,0.0194541093216633,-0.006734009754022,0.0316908054311759,0.0046746462733859
1019,0.0168256698181968,-0.0049270232751417,0.0294246364444588,0.0054139262897778,0.0225523894638568,-0.0020306489552927,0.0320357735020103,0.0078137651023794
1020,0.0105167295601196,-0.008010419029746,0.0192901463438806,-0.0011292440514643,0.0184455829982996,-0.0031685659126454,0.0238021247379361,0.0019605181584885
1021,0.0078215050571664,-0.0098222247663614,0.018801696224955,-0.0034737341984525,0.0170766957547359,-0.0050210142226515,0.0179758287862195,-0.0027625860150527
1022,0.0030025780426266,-0.0041247380767545,0.0178858299464027,0.0043382619241968,0.0084404739891204,-0.0020850279435004,0.0143687070647369,0.0027930564748626
1023,-0.000694464435626,-0.0125757504495253,0.0211207272933314,0.006554488794036,0.0162569703041806,0.0037115125314141,0.0192762790965817,0.0063671344798272
1024,0.0027376930023015,-0.0137197492249619,0.0272833639050638,0.011889497780091,0.0241475380836999,0.0072391122473742,0.0286431309669877,0.0134418385577418
1025,-0.0041764689282398,-0.0228824741629629,0.0210141207120121,-0.0024058228485299,0.0286510521700762,0.0014729969758416,0.0213118610231239,-0.0016450009691709
1026,0.0101150389310395,-0.0082471149295867,0.0393280503745964,0.0108511195322012,0.0406859194124159,0.0114690236389489,0.0399462120078059,0.0122468506344407
1027,0.0189045304666584,-0.0021808356726697,0.0198109761372229,-0.005420020188901,0.0279543622533925,0.001351494794339,0.0157517917977331,-0.0077733637104738
1028,0.0341400899635251,0.0142282702161133,0.0238161242220814,-0.0021670075876741,0.028441655158306,0.0052782016012822,0.0222859221047386,-0.002714281792153
1029,0.0288942312252129,0.0109678245632138,0.0173526224343032,-0.0036734650117326,0.030926526764345,0.0090677079175539,0.0138983206918876,-0.0054509113918917
1030,0.0261169806885467,0.0059003555785395,0.0149662408503816,-0.0083768393769214,0.0246189308598372,0.0007709769323155,0.0095437126168247,-0.0097985967827871
1031,0.038770171154972,0.0195021530179906,0.010316840393077,-0.0078218770878693,0.0143781395323677,0.000303035096202,0.0137012620780904,-0.0054512167487118
1032,0.0142599280202829,-0.0039640876206671,0.0247231809955599,0.0008009153810856,0.0232247755136907,0.0016382421171106,0.0260153728201687,0.0037378399290207
1033,0.0152799773982942,0.0039041976019786,0.018239270621722,0.0041945491690318,0.0221204181229617,0.0055875794532106,0.0215362755619717,0.0076114706073765
1034,0.0337067885961317,0.0189208700872182,0.010831494235429,-0.007862924932186,0.0253334356791449,0.0068388339380711,0.0151419773267647,-0.0033893275192945
1035,0.0228210588708155,0.0060628906478915,0.0177182593148353,-0.0036447092898104,0.0316091967247332,0.0062257371386795,0.0203485106396826,-0.0001823090759921
1036,0.0159031733015028,-0.001162867972555,0.0394520825898341,0.0094828420253153,0.0402815491463436,0.0085262267152674,0.0460922156429338,0.0145534086498772
1037,0.0222976731176967,0.0110165493912854,0.0411183243837462,0.0160206682896099,0.0422511632501559,0.0190404811467209,0.0422435828651767,0.0176482956540606
1038,0.0332595989363528,0.0198276410125911,0.0381196564261487,0.0151610576837001,0.0387725083402203,0.013515393927522,0.0286977036369478,0.0116111086027836
1039,0.0315361350256626,0.0177420566425596,0.0373317684342979,0.0132829452275278,0.0472871850620683,0.0175769307096876,0.0326421813721263,0.0116882921954968
1040,0.0189432280531536,0.0105560597499809,0.0337144959956471,0.018644520635093,0.043168085538274,0.0210672713607177,0.0302105004282932,0.0172876882425398
1041,0.0152017726673569,0.0065242159310999,0.0274271772332519,0.0099018849022051,0.042554901665214,0.0168998957365549,0.024039590260296,0.0080081719059611
1042,0.0183543432781752,0.0094804218428085,0.0210964449587309,0.0079650017139704,0.0460300428133459,0.0185382774411063,0.0140290865428272,0.0046098944638842
1043,0.0146423999320449,0.0032924217598613,0.0198161662788959,0.0018687510896277,0.0255235512033001,0.0004847263759577,0.014838522197005,0.0009219910032613
1044,0.0228440439113334,0.0080987471851979,0.027916095239968,0.0042846621782428,0.0340083638513017,0.0048849487471126,0.019751636987243,0.0011291144375016
1045,0.0153226232467917,-0.0023642815042917,0.0299333002525937,0.0092620565246731,0.0348907795760878,0.005639736853307,0.0267127092399644,0.0082168755121947
1046,0.0105803222237126,-0.0056957978277661,0.0294385419183627,0.0111989102324226,0.0452249252490811,0.0145853080112098,0.0283717613691515,0.0114229707987273
1047,0.0078690178343746,-0.0081678198195384,0.024642449058867,0.0014274242691974,0.0383575464903207,0.0079368016090204,0.0203178008788359,0.000660738709284
1048,0.0206803692348302,-0.0002500961256413,0.0288093767237276,0.0045253676779396,0.0335788765102904,0.0038259371507479,0.0266256705400686,0.0043664068103657
1049,0.0206813654514637,0.0006656770968125,0.0420233464509,0.0125359430372714,0.0480913233825237,0.0109349393993824,0.0358952666120788,0.0111096693254768
1050,0.0289871843926284,0.0057289787140559,0.0315500921547936,0.0054630052108413,0.0387279441570979,0.0059506325883431,0.0270383154860443,0.0056399750728104
1051,0.0239475314350521,-0.0031560657642419,0.0238613688651714,-0.0022655739854028,0.0375816193491306,0.0018037447672868,0.0181086255579349,-0.0020904403344601
1052,0.0158059016559959,-0.0088336194851449,0.0175063893870437,-0.0011506300689411,0.0263071913168009,-0.0010671619596438,0.0170519760298565,0.0002939263697213
1053,-0.0008331651160018,-0.0203004700356718,0.0075474890584961,-0.010335902578522,0.0235407011590894,-0.004649542141504,0.0108298712617348,-0.0051961896763476
1054,0.0018510291912458,-0.0136899420997802,-0.0053092233820133,-0.0197783506310822,0.0087776177497708,-0.0117984947313398,-0.0054490457961399,-0.0175027583559949
1055,0.0047742919769063,-0.0079345528955245,-0.0073051801261449,-0.0181757175154905,0.0113917642872677,-0.0053447700077165,-0.0106068111768913,-0.0179694412236095
1056,-0.0059001418731734,-0.0199024414622664,-0.0047293981038669,-0.0225516412464125,0.010401477093578,-0.0138563089585437,-0.0009314513024857,-0.0175604731709128
1057,0.0093033866457956,-0.0042517382545657,-0.003719707854553,-0.0228433025654629,0.002994968303343,-0.0170411358263574,-0.00411255132794,-0.0197228837212048
1058,2.252807256654754e-05,-0.0143960014467118,-0.0091724676981091,-0.0281351134825146,-0.0002318749049777,-0.0191960824839731,-0.0060828871495541,-0.0243115831105856
1059,0.0043995491343532,-0.0064682692163184,-0.0133901226443593,-0.0236272146365363,-0.0018052116478893,-0.016145597723428,-0.0076323434872605,-0.0189402131758616
1060,0.0119197227655798,-0.0004802150917991,-0.0073179669572861,-0.0199870808153552,0.0170500548242273,-0.0021014564476693,0.0027041118660274,-0.0135235884974857
1061,0.0012981886087891,-0.0073646115019104,0.0062071037195597,-0.0124946353917981,0.0153223391869162,-0.0027039677095428,0.0134816749847441,-0.007328875444944
1062,0.0072303151684235,-0.006596184151784,0.0082537529767298,-0.01095128966299,0.0284471950787839,0.003319194632109,0.0103228313119606,-0.0071566819082138
1063,-0.0020292539378427,-0.0115736716817253,0.0120198190306614,-0.0141710445926136,0.0270107606408203,-0.0017869738531548,0.0161566163837702,-0.0096587673185597
1064,0.0048506261908288,-0.004129325282057,0.006874348792065,-0.0103541599595232,0.0134328594809936,-0.0060638384021387,0.0110435210263689,-0.0062125571610723
1065,0.0167860483062661,0.0119495484987589,0.0230371378219885,0.0072932320618105,0.0323960256608738,0.0111639261609606,0.0245441088079188,0.0084069541746346
1066,0.009363677790449,0.0015127188256278,0.0158303097166908,-0.0008038843332192,0.0297611889432949,0.0063862222338277,0.0161217572954423,0.0004339989666257
1067,0.010439608055611,0.0053999558266147,0.0161019337570217,0.0039231461150873,0.0290413168818743,0.0106418514759163,0.0229138870146469,0.0082069173014754
1068,0.010395432028473,0.0030828345397199,0.0154085569544559,0.004480278149434,0.0221140341426488,0.0082504851907163,0.0223379378805038,0.0088062347676939
1069,0.0053192967313325,0.0019830060387889,0.0156199220451909,0.0038741076886936,0.0168724546352926,0.0004987314819556,0.0214279437591572,0.0081247335092754
1070,0.0084080233359015,0.0040558125271337,0.0111956634649669,0.001553486307619,0.0085031761223177,-0.0064751329441336,0.0115540930592176,0.0031135047057028
1071,0.0088982024389678,-0.0011551765362727,0.0155099708286807,0.0031843962357869,0.0167337343716475,-0.0047881315112513,0.0158447558309939,0.0043141397747501
1072,0.0150571184916821,0.0102228773563155,0.0239019506331494,0.0154592449409479,0.022110871957066,0.0078773817276874,0.0170106769349419,0.0124123699472907
1073,0.022539436414436,0.0120412983301366,0.0182880389409566,0.0087625855755347,0.0100002843993771,-0.0007465060294189,0.0120332236411167,0.0069980306161018
1074,0.0201873646570833,0.0089240680388205,0.0227480139279232,0.0146042615564698,0.0147292824380668,0.0048095141785617,0.0195639513080581,0.0141496574841991
1075,0.0220617867212821,0.0069780397376377,0.0127372621024652,0.0030839274017831,0.0229148740776582,0.0052581817973635,0.0090173769237848,0.003353348756112
1076,0.0088447138735809,0.0013964456917332,0.0192007069728088,0.0024643026549572,0.0178566408240232,9.100415395632556e-05,0.018860194991017,0.0045162594906486
1077,0.024682128106005,0.00323011978245,0.0085633250908379,-0.0171439575158684,0.0212157192450918,-0.0056894552726632,0.0022335362351137,-0.0192538917847801
1078,0.0234477235107426,-0.0009474398964241,0.0184256934434098,-0.0087924049979421,0.0316726533139718,0.0029679814258674,0.0139980415290254,-0.0089661507839796
1079,0.0162680155753316,0.0024835565163025,0.0254656624062758,0.0032486634675618,0.0189677566258139,-0.0030326651650172,0.0138023909338789,-0.0012394993467301
1080,0.0070395756733716,-0.0067738715879458,0.0196179999112918,-0.0014043640739612,0.0187571858583614,-0.0038781645942414,0.0176134988708461,-0.0001589525554587
1081,0.0151812333965708,-0.0042428429814687,0.0195032178579254,-0.0046627255066292,0.0214588520837651,-0.0035732845725215,0.0172923840658923,-0.004549147787262
1082,0.0102569346076596,-0.0054910103907689,0.0274069531971193,0.002265743583128,0.0189409979973854,-0.0053642756509899,0.0265598341386506,0.0043206187274437
1083,-0.0039107081800562,-0.0135701972340369,0.0091546557172417,-0.004823582724389,0.0042572680878842,-0.0094553035384539,0.007532372859375,-0.0028199561484597
1084,-0.0017756148449163,-0.0123123048974596,0.0073113906361212,-0.009812164677257,0.0102084227571512,-0.0055386584479935,0.0069496601998899,-0.0081151647521168
1085,-0.0133428593967504,-0.0222666847067293,0.0122991287380497,-0.0013959026815428,0.0098643939455451,-0.0042193832478421,0.0142005370336934,0.0009437871819465
1086,0.0083067739137387,-0.0032939287070673,0.013030091027649,-0.001892683819381,0.0115249817271354,-0.0032259240326419,0.0178883937414366,0.0009483555768833
1087,0.0364842929288334,0.0266662080221988,0.0243228731075487,0.0099689566442488,0.0179359897241545,0.0052897574811864,0.0298309529284908,0.0123760678402856
1088,0.0433856672171961,0.0306072177955112,0.0252588844866873,0.0105879108890535,0.0159059233446224,0.0036442705728612,0.0207142069027225,0.0069415785810772
1089,0.041533252345804,0.0272903404116379,0.0188861999423605,0.0044939377333914,0.0174145154826343,0.0062252742772143,0.0130300692451606,0.0009399251236244
1090,0.0137274320899397,0.0039900143727675,0.0209144235755924,0.0009059867476214,0.023374676417303,0.0060628578046257,0.0137611827684175,-0.0021945728968175
1091,0.0209130035960104,0.0123697668327182,0.0199747823562933,0.0016867914074583,0.0166277168834184,-0.0017671132110938,0.0273102048196553,0.0051052517952538
1092,0.0152559151130502,0.0029751694704567,0.0110410916943828,-0.0102699150198328,0.0045835545111741,-0.0170993209171898,0.0166051052858329,-0.0065866508903989
1093,0.0167131629138372,0.0044175262953676,-7.174614806679355e-05,-0.0175035807936648,0.0025383676873299,-0.0108862139214536,0.0025812765643327,-0.0159096511389858
1094,0.0148557877361942,0.003658004753118,0.0065337561739403,-0.0091990948340422,0.0111661428329335,-0.0025009053225049,0.0093776951803525,-0.0061250752493373
1095,0.0193603559090034,0.0041994730047341,0.0073389039606172,-0.0078268151897995,0.0140787377685059,-0.0028136732950292,0.0127284719955824,-0.0033777182236413
1096,0.01703836131467,0.006822135616866,0.013616186935005,-0.0032650386936806,0.0144816818618212,-0.0021618810796693,0.0118339587837192,-0.0028395862517236
1097,0.0393496008341857,0.0175926652310823,0.0126036478697633,-0.0098875107882824,0.0172540883657721,-0.0045742933667363,0.0077970328124054,-0.0106925929888769
1098,0.0251034520959743,0.0132305035563813,0.0194568550171338,-0.0010855033173947,0.0200579699305931,0.0052955390681224,0.0153472832971334,-0.0033015764987985
1099,0.0228112801010544,0.0098999994102081,0.0226626617780333,0.0016177815430114,0.029278425263686,0.0118620412213017,0.0134767649523042,-0.0019218266578887
1100,0.0119674100820854,0.0050925296621023,0.0086762913267134,-0.0018007967645347,0.0261901738723386,0.0145435881185417,0.0003903241963112,-0.0054608606103282
1101,0.0268650599841917,0.0117425477475489,0.0228176172033834,0.0040904549677208,0.0307260755799088,0.012259358340246,0.0218613651846019,0.0051045135657921
1102,0.0293982776771414,0.0106133323262292,0.0203248010151649,0.0009126468737781,0.0277054150255728,0.009370371724421,0.0159069681470236,0.0008263422731029
1103,0.0137902955367943,-0.0003580936233989,0.0236108029590315,0.0071384826817301,0.0318199064172467,0.014297510647234,0.0255205991889994,0.0111850230982598
1104,0.0170878739638193,0.0003807659934785,0.021601380810653,0.0016144175304762,0.0263847423221863,0.0041788797733604,0.0224578738745774,0.0046079223256099
1105,0.023753016989084,0.0057647405560345,0.0212865316216238,0.0009904775365988,0.024857722570692,0.0014959276517154,0.0259202166324919,0.005955557131513
1106,0.0372685599243909,0.0140527090269564,0.022098484888125,0.0008988476132863,0.0264748537628691,0.0035448592792947,0.0173319562910811,0.0018358868939176
1107,0.0213189587623285,0.0043693290338207,0.0174237306830548,0.0003564953993146,0.0174732778560104,-0.0046004709824145,0.0191832141948386,0.0048850198620001
1108,0.0223599058263165,0.0023093780674939,0.00789415570105,-0.0101781113203014,0.0109249142859276,-0.0125994159900042,0.0086751285296768,-0.0065992090077341
1109,0.0234011792010178,0.0109194324009571,0.0089821906241948,-0.006951970715351,0.0075714289731647,-0.0081574826103109,0.0057826399510715,-0.005324435576439
1110,0.030438646170855,0.0177300807936639,0.0199078137717191,0.0022118937333677,0.0163863630442372,-0.001964141088924,0.0213838219885392,0.0056866380836328
1111,0.0147799521748441,0.0058241589789219,-0.0008545656782247,-0.0061542121272448,0.0010316123453355,-0.0013318659083846,0.0063082745369881,-0.0003501154235401
1112,0.0178326741220419,0.0079558041701105,0.0128924429727366,0.0045122465519276,0.0054059074513286,-0.0041791433344318,0.0237204531316474,0.012616643711649
1113,0.0153367983310503,0.0069249217797151,0.0087711185473468,0.0025400471352625,0.0084953441393094,-0.0010497591565173,0.014806907582189,0.0065849127466442
1114,0.0112625736187647,0.0048428631497056,0.0108188261638082,0.0001908684536867,0.013228597641547,-0.0032753766558221,0.0129234387305946,0.0019015400008074
1115,0.0122435730251875,0.0040075015125413,0.0030180496152307,-0.0045750494057493,0.015953754281391,0.0027950969166183,0.0052171716862772,-0.0033541862672196
1116,0.0174327149033874,0.0151312006814527,0.024013874846032,0.0138425466519561,0.0253685969487353,0.0173693047041312,0.0258553410630105,0.0160178705100358
1117,0.0143609284535757,0.0046712040863866,0.0215393025352489,0.0065033462077182,0.0354877874169137,0.020103595675222,0.0258998330407683,0.0100408074117339
1118,0.0087813114937803,0.002347971344206,0.0286285516258473,0.0130986498938481,0.0383006219070845,0.0203380939483719,0.0358668617552656,0.017971695501255
1119,0.0233586553790225,0.0084319816362785,0.0308422093941348,0.0086792054760095,0.034552327114578,0.00898001119304,0.0343087561579775,0.0124898423852764
1120,0.010234924823586,-0.0001989352711505,0.0335809481789039,0.0176179148431991,0.0364806412020135,0.0125939641944959,0.0377519165359458,0.0214258811120619
1121,0.0047315035836956,-0.0001787173742034,0.0220727023104721,0.0096515494207722,0.0250175410634549,0.0055079091637026,0.0234934006750431,0.0110058190306012
1122,0.0220036889803814,0.0128795510772281,0.0396846577064148,0.0188423991987721,0.032372345360325,0.0080838665081483,0.0397446310480232,0.0205063107269686
1123,0.021798349722566,0.0030830095924974,0.0349854010921162,0.0131016037624501,0.0312707954378168,0.0052555620763466,0.0378442160057016,0.0172557885016617
1124,0.0102534192476952,-0.0017682363706353,0.0382535020999788,0.0133712673756521,0.0344708122474848,0.0058341488208273,0.0361114896569987,0.0140042011871709
1125,0.0162811897498359,0.0051576557394261,0.0251512778643073,0.008305372265218,0.0272917435296435,0.005951824873453,0.0252425987634803,0.0103614655307252
1126,0.0236965370049449,0.0084377462399182,0.0304528440250775,0.0098801207450735,0.0306593343080378,0.0059600312848594,0.0302501011736423,0.0114125483067736
1127,0.0149291575949995,0.0017088975860806,0.0275681415479941,0.0068785745154845,0.0239045964025876,-0.0022976669044028,0.0258539065962384,0.0075455234615871
1128,0.0104412542249733,-0.0022301609688988,0.0147587448757275,-0.0064784498103491,0.0092068946186921,-0.0145026442521,0.0180548916036534,-0.0036537912036962
1129,0.0007699997408934,-0.0090083700092463,0.0037969072400934,-0.010025402345428,-0.0004279110754501,-0.018844816619345,0.0020538836143661,-0.0093591070347016
1130,0.0204722910105102,0.0037971508216321,0.0229833772570259,-0.0013249131393075,0.0230235825287926,-0.0057939223697517,0.0177560855622082,-0.0032937136316954
1131,0.0099621512046118,-0.0063195858613937,0.0174184166363437,-6.837518501943703e-06,0.021353886201189,-0.0064995184676974,0.0117411096066494,-0.0005870200983158
1132,0.0029282699513975,-0.0098452391982754,0.0115670337401336,-0.0079997579021418,0.0078909579127356,-0.0140815244552842,0.0041174455406844,-0.0082533445510318
1133,0.0093174151106983,-0.0112364478789863,0.0275589325033766,-0.0012493867711971,0.0338612845225711,-0.0009300117047278,0.0161575326213608,-0.0036242985701674
1134,0.0025532630524615,-0.0111432116914029,0.0336241422554308,0.006496109368465,0.0391484547011142,0.0072247134673921,0.0284718164805095,0.0066223454641222
1135,-0.0052830659388476,-0.0146332485860773,0.0233158509781383,0.003080212640411,0.0212527110917114,-0.0029085321351091,0.0169212937040391,0.0022844942630877
1136,-0.0067705030415712,-0.0168464679806016,0.0347196081389014,0.0150745392822965,0.0360909033187048,0.010884398032329,0.0304741499511538,0.0149849819177886
1137,-0.0074663747813744,-0.0126646492101581,0.0324947227894771,0.0102198099595362,0.0293769784556187,0.0094723397745809,0.0289020419669997,0.0112171967180127
1138,-0.0084731545556694,-0.0115118225756091,0.0326935760746617,0.0124404288510401,0.03208970042277,0.0163230268378514,0.0290647965373098,0.0135465981131957
1139,-0.0003083408591353,-0.0066485743300601,0.0272783842816506,0.0076556882835572,0.0162848831066869,0.0013905460606182,0.0227636864468055,0.0068384317869233
1140,0.0133252410256768,0.0055930991857006,0.0329095478436691,0.0150451743923282,0.0304404060688913,0.0162724373218905,0.0288050040129321,0.0144410541737725
1141,0.0145228291777479,-0.0036616847865488,0.0372128957906906,0.0180239873309524,0.0384569654718801,0.0176585091339292,0.0347915783591372,0.0180731698831271
1142,0.0097649371687866,-0.0057205052020365,0.0358340567850996,0.0146644515843014,0.0409989743097592,0.0145605239340582,0.0377680938349969,0.0174060285558944
1143,0.0059949196944353,-0.0116257132255119,0.036876448432273,0.0171162164318613,0.0377473942821425,0.0198728476631913,0.0400063037762995,0.0206013514470164
1144,0.0110017538249803,-0.0066522958465832,0.0503728849862313,0.0225509260161968,0.046549648380103,0.0179695487715281,0.0558856071663948,0.0268380497776901
1145,0.0045281815968353,-0.0107491185694883,0.0449464279922613,0.0147440691406334,0.0400255823510564,0.0092638888538524,0.0421462480282281,0.016089631524553
1146,-0.0027194181789987,-0.0175016433343107,0.024584811885546,0.0011885283581653,0.0261703318649725,-0.0046533869189359,0.0300215313229998,0.007112130079809
1147,0.0148032022582797,-0.0050999732232661,0.038443764779239,0.0105365290928816,0.0380938430636613,0.0077089568068432,0.0347115280364892,0.0112989777432732
1148,0.0049102325998882,-0.007738922365547,0.029501555052465,0.0070172556571695,0.0257563558633939,0.0052846111385793,0.0295404032757424,0.0078066248231056
1149,-0.0012983099168855,-0.0150774407207806,0.0355847307691489,0.0071679350273499,0.0217824855290465,-0.0065143110009099,0.0330382319900409,0.0073649641149045
1150,0.0022784289151802,-0.0140760763603037,0.0379399464808523,0.0125377451886975,0.0213295267978649,-0.0054694080595569,0.0344471925237761,0.0119625765063649
1151,-0.0025257872893437,-0.0179012106517972,0.0315867398272071,0.014272791915461,0.0254110276007216,0.0006363318902795,0.0339001262765888,0.0169210815104008
1152,3.612760026948466e-05,-0.012405756969858,0.0311958485900526,0.0143703701819157,0.0274869152650917,0.0047858435451804,0.0309873994181867,0.0155372014035173
1153,0.008551191228823,-0.0026799623770258,0.0209080386486983,0.0053759309604256,0.0224524477637515,0.0011815869801727,0.0237566078443323,0.0081600741268422
1154,0.0236996594606086,0.0046726007468726,0.0272076782327769,0.0030196558663517,0.0313959680002211,0.0021810452434429,0.02753823980097,0.0045686948564954
1155,0.0142107142841275,0.004364328808864,0.0138799548694797,-0.0059936196705762,0.0062117622382619,-0.0149887162598996,0.0174224422030321,-0.0028358811839866
1156,0.0303592468089245,0.0164524469111515,0.0204125477078105,-0.0020355827816864,0.0170657984691259,-0.0057588020792206,0.0211191689516925,0.0004167788672545
1157,0.0260393736569825,0.0150207641845956,0.0337656778369415,0.006879500666068,0.0298272889883097,0.0015703332794534,0.0271739225070614,0.0057285427408915
1158,0.0173436192029602,0.0075995934260666,0.0303137834496797,0.0060522079028917,0.0218055722368883,-0.0032483614998489,0.0218182055203038,0.0032802183099489
1159,0.0241871676396928,0.0083855308659562,0.0185314875948459,-0.005184642936912,0.02625635078998,-0.003570471266248,0.013834828938347,-0.0057440244978255
1160,0.0205748325753998,0.0086829046939883,0.0261626596691737,0.000522298854239,0.0266943646848717,-0.0023129738866382,0.0162847059323405,-0.0032044171678135
1161,0.0265843693196508,0.012956476280689,0.0092918288757812,-0.0079113183444895,0.02421844860354,0.0021339030989205,-0.0001593560636824,-0.0127257745761688
1162,0.021492603422245,0.0083412250689475,-0.0006880371860735,-0.0176269999746522,0.0119531796926329,-0.0093853842442807,-0.0119199203803346,-0.0241156584403836
1163,0.0276626611718685,0.0100014807118156,0.0140487020493594,-0.0064379401565935,0.0382610661046851,0.0103616219354879,0.0017194605940428,-0.013472600712285
1164,0.0322074819133763,0.0151491534083126,0.0096243442162031,-0.0139098813433324,0.0299237339823561,0.0050244514943335,-0.0040482986249969,-0.0217209844825496
1165,0.0146736326083647,0.0040211927150064,0.0046784298347481,-0.0121330604506759,0.01420760062445,-0.0064694212383681,-0.009242268018766,-0.0187830394734451
1166,0.012472630653985,-0.0023385399013304,0.0113115901942912,-0.0021670939876659,0.0140798157806093,-0.0048760194447728,0.0067865100913239,-0.0033219871566749
1167,0.0011563397162169,-0.0021792629191931,0.004118918064551,-0.0035871400090123,-0.0091617481372149,-0.0133319602201437,-0.0050189019748304,-0.0074232798391162
1168,0.0058003958078818,0.0027035429146171,0.0088034578794167,-0.0010440407366475,0.0019579357420052,-0.0033464507912594,-0.0007568722206443,-0.004419960106286
1169,5.130848249476984e-05,-0.0026677187586867,0.0124559837838778,-0.0091103546529781,0.0179158686080887,-0.004970217047072,-0.0017390354301083,-0.0159572748806143
1170,-0.0058985426360247,-0.0076377240920327,-0.0010666529369616,-0.0112634013784613,0.0061612190134093,-0.0072933995445808,-0.0107934076451238,-0.0163734534647691
1171,0.0006247582119982,-0.0028574684149214,0.0070402598442046,-0.0002258290137106,0.0195553897475529,0.0052605842386639,0.0066507232951919,-0.0001162935922216
1172,0.0018697116257181,-0.0055945161312918,0.0055881781521362,-0.0084772587354526,0.0172678396029002,0.0007049179400948,0.0020488582827876,-0.0090956391172158
1173,0.0026963921301549,-0.0087576281498692,0.0045347464622568,-0.0089075262617776,0.003227855123212,-0.0086668187685064,0.0040634804926641,-0.0071479093975778
1174,0.0036193200996249,0.000141477287683,-0.0009823549657849,-0.0050957270958043,0.002411457211279,-0.0035849696944581,-0.0074921941407362,-0.0070892156909785
1175,0.0100981286667639,0.0073166050586008,-0.004030983577653,-0.01281468438004,-1.8593764136981693e-06,-0.0080965409958373,-0.0068773658319151,-0.0138580004093326
1176,0.0020742731600354,0.0016581964011038,0.0012314266584921,-0.0110859231312451,0.0016542595858113,-0.0054671006034889,-0.0022700166928072,-0.0114550138358083
1177,0.0184675727724828,0.0119240344907036,0.00680110953638,-0.0097590981719217,0.0089753168863634,-0.009006368039241,0.0024531258847694,-0.0102007184686267
1178,-0.0084320401698921,-0.009975348892455,-0.0068695648904549,-0.0185760964950857,-0.006800365439392,-0.0146196034747456,-0.0071943155124991,-0.0180936928986128
1179,-0.0100078949284184,-0.008835833412468,-0.0037874756093634,-0.0141540522088247,-0.0015364063035,-0.0137969523594497,-0.0034437982476954,-0.0130090394375403
1180,-0.0123264012735887,-0.0132328756425146,-0.0128923669037925,-0.0166900729090205,-0.0164552192426107,-0.0162321693888277,-0.0071504578327572,-0.0123086691074555
1181,-0.0117711929194117,-0.0118325069114216,-0.0084520374153815,-0.0115070039555214,-0.0030488689182267,-0.0048085516809268,-0.0022211333070717,-0.0086942247793382
1182,0.0088962620424765,0.0094525320191883,-0.0153783400516912,-0.0159018534918122,-0.0153430440682502,-0.0132441933430201,-0.0071239501247957,-0.0127810296494584
1183,0.023848027297812,0.0205771973529546,-0.0088115619653772,-0.0134810875515765,-0.0138115205810695,-0.0184767717277203,-0.0082874718928581,-0.0134521994651396
1184,0.0062867335438656,0.0097373914759756,-0.0156722544246039,-0.0096385349160991,-0.0184206986903347,-0.0114785698567523,-0.0121279933540464,-0.0075656786415048
1185,0.0010479900941879,0.0027757883783717,0.0030031803219006,-0.003421954795969,-0.0014459663973196,-0.00882508656489,8.974003884428226e-05,-0.0054813970893745
1186,-0.0011126856413918,0.0002513890097528,0.008634544148716,0.0049691428078309,-0.0043229199159399,-0.0080924358233353,0.0164410946122346,0.0083854492329831
1187,0.00028434225160420013,-0.00541004969111082,-0.0020090258356523574,-0.004780677326687792,-0.0009984786805126553,-0.00930353374872687,-0.0010741494502209835,-0.0053302756782343
1188,0.007099183867259255,-0.0013646676122610092,0.0032984213536618513,0.00043339103199307094,-0.01067894663705291,-0.013615903524920897,0.0046290841387679645,-0.0005456601088811521
1189,-0.0019234635388343116,-0.006173395787679561,-0.004329797627373763,-0.001946348293148645,-0.01828384248576442,-0.015439911708827053,-0.0028211575382915055,-0.0018170943869522762
1190,-0.00587802597553651,-0.005885753496480905,-0.006828326282780985,-0.006134821283236222,-0.01666973379187933,-0.012233797478090532,-0.0036469039725742854,-0.004964281807126848
1191,-0.011037588573540714,-0.011796172581413283,-0.010581881549055046,-0.010721457583464008,-0.01604946990105643,-0.01624114921106936,-0.008734611238153873,-0.0095703457173531
1192,-0.01001891745999854,-0.014732052606508615,-0.004271531915827315,-0.0062913966532675124,-0.0036612410940131583,-0.005307560560825314,-0.004857522840232867,-0.007338661106096041
1193,0.0012209640389653983,-0.004575189431489096,-0.009863648849769154,-0.013441684697211933,-0.025576098431409396,-0.027800120918585365,-0.008035979776353133,-0.012833663926802411
1194,-0.010391080797831187,-0.00876889486440044,0.001904876511470429,-1.4282249448450196e-05,-0.014040174468375815,-0.014081992115794776,-0.0007609018034911949,-0.0014504895275174036
1195,-0.004611765404835578,-0.008374175785134674,8.24310992883953e-05,-0.0007888621624012352,-0.011084773326536543,-0.012958375143477651,0.0008501482485257207,0.00013988253145804898
1196,-0.004209764967892487,-0.007278863680607135,-0.009921548236580579,-0.016599319621761616,-0.012981651598071107,-0.019488834282027648,-0.01414776957788901,-0.017904071405778495
1197,0.006239332163719817,0.0011684078512007275,-0.02199982034923282,-0.024640797583800084,-0.02132154874957455,-0.023418861864440282,-0.020411589820862573,-0.022469482373558485
1198,-0.0033652553937415252,-0.004703960798881348,-0.016503210436342824,-0.019922968661922353,-0.017107695879183222,-0.023524194947134425,-0.012730442205038432,-0.017100520488727098
1199,0.0009356247846730827,-0.004086411780459063,-0.011519210168334983,-0.017524247544850862,-0.01767224212937417,-0.02372043294431723,-0.006367290991100705,-0.013415980927958402
1200,-0.008389568365641158,-0.010822820554022537,-0.002646492246818262,-0.011169240516426414,-0.0034219232689251455,-0.011316296395549605,0.0003258194432634893,-0.007773166629851885
1201,-0.004395377255422737,-0.00782665176411546,-0.0005124597883623205,-0.009429729715947804,-0.0072197486355250265,-0.01965372635090392,-0.0014665851007505122,-0.008422020502361589
1202,0.0031938614108241864,-0.006103249349485375,0.010787010050082787,-0.004348749875530315,-0.00228942578555407,-0.020959967370737232,0.011500855927027223,-0.0023561226972682284
1203,0.008702598341611805,0.0003126959658582313,0.012044122179990353,-0.0038889372089084364,-0.004962625370090841,-0.022998234913147415,0.015225379528339956,-0.00026448976094945944
1204,-0.0037565395149222057,-0.00687281579732462,0.011509858623933535,-0.0028406428620322685,-0.006861697990997097,-0.018578003670953542,0.012513251427374387,-0.0007336156718770151
1205,-0.004278750724254879,-0.009041480998341575,0.01637909763461872,-0.001613017886757246,0.004307534372879206,-0.012574835468154019,0.013318171836642438,-0.0005727356646998879
1206,0.013778443111035547,0.0033575506678113556,0.02913825059848176,0.008252579943246786,0.02461001013903044,0.0055310354262759825,0.02109523718961566,0.006466112329215012
1207,0.007481003809564453,-0.0061205451514320984,0.02717538099696773,0.008886324196119705,0.026097631917891193,0.01151892107071457,0.01714810821395333,0.005751909932275028
1208,0.011356935809840046,-0.005377448162306213,0.02849852122829866,0.005521459476855067,0.029931246174881878,0.009831225487843664,0.02495880533476722,0.006361476261428738
1209,0.007511478060512357,-0.0014407147906084058,0.02468967166131185,0.0060891625383850505,0.029548487270416618,0.012763964167899766,0.025007371933493745,0.00810465781065135
1210,0.012185608474935106,0.004642745758622426,0.017704790217640733,0.007095163562942272,0.015307373884548711,0.006217363047959119,0.01144543102016497,0.004972675974768111
1211,0.003662207290443295,-0.004469076902497194,0.012465909912898013,0.006021121621104586,0.00808062560516427,-0.00017458352342312284,0.011586051458971122,0.006233337826100203
1212,0.006636516943003408,-0.00454645781237173,0.011619596010492993,0.0008512764048575423,0.017455077744993972,0.007591330149917637,0.00897568233615472,4.6120041830088146e-05
1213,-0.003996818349769947,-0.006465649333096794,-0.008743931523035433,-0.00799412069292039,-0.007060128579397445,-0.00295213265176764,-0.007165852675065645,-0.007590823397494153
1214,-0.009027638187439787,-0.01096176944884236,-0.005270036374339069,-0.0057543743543388886,-0.00016382020354848,-0.0013410458271431226,-0.0013512691066181967,-0.0042762927812348165
1215,-0.004172583652367593,-0.005705321086722893,0.008600370948212905,0.008070521356301394,0.012379442621100054,0.009457425652857657,0.01189339598650921,0.009365752503014189
1216,-0.00026915407836233416,-0.004636441691064715,0.008317287738120826,0.0015583834181126827,0.0027977287041327853,0.0013760026117409262,-0.004181562566623844,-0.00431219663998693
1217,0.013493667178255841,0.008033718401839472,0.013150526886172045,0.003015440242869207,0.0059454017476258105,0.0034584616266487883,-0.0007539447632943583,-0.003319939079399448
1218,0.020710427800706296,0.012914052373990889,0.01685113531003221,0.0028631255149932314,0.021522952853055874,0.007181495981596583,0.006060523656956944,-0.0017407298061008789
1219,0.034921548996333596,0.023688904489879748,0.03297580405402581,0.013642956299280381,0.027739202973055054,0.013276178755400153,0.020510130494242343,0.008048635312547691
1220,0.03429582816766619,0.020251496270206667,0.031959960373106375,0.010122775126726713,0.036717433759291984,0.015370587774903202,0.025052546091612702,0.007989777999631744
1221,0.01957544946622262,0.007255320397456863,0.035817351240320955,0.016271827160644535,0.04308113976303182,0.02462488541488621,0.03124925790435661,0.016400111148250334
1222,0.016795643176672283,0.00624227656979806,0.04288134533723732,0.021601140524410634,0.05408962921998555,0.031146084718230146,0.04164371652424804,0.023349008885455547
1223,0.023076570578364614,0.0077234348897316065,0.039223959398679724,0.014288717041363856,0.04715649958510073,0.020714797904237865,0.04199087605529013,0.019163691708799085
1224,0.02922297318653312,0.007659611368218326,0.036865889966924796,0.015992513906482698,0.05086212310566864,0.026821291668659295,0.043852962827266063,0.022985524876511745
1225,0.02037393110091979,-0.0015521476719790367,0.03785199265891666,0.020171645480192922,0.05464231351070395,0.02918888501306029,0.04508346935770539,0.026594156581420714
1226,0.016037787446637298,-0.0011138437297586777,0.030490107218691293,0.008954646144426323,0.04604430976999056,0.01980178191532453,0.04006640764309927,0.016977634425890637
