era,corr_A,bmc_A,corr_B,bmc_B,corr_C,bmc_C,corr_D,bmc_D
0587,0.0051838038183556,-0.0041462072429535,0.0109555098580938,-9.979824009612626e-05,0.0038044132831753,-0.003122272532485,0.0130293451194653,0.0029219055439027
0588,0.0151861682395586,-0.0046989748647935,0.0087699184957897,-0.0054609118066124,0.0139778354168886,-0.0014539241197724,0.010561744471158,-0.0003377293695177
0589,0.0329984148241957,0.0112028948228084,0.0126106890875183,0.0017785127219226,0.0318385178011151,0.0126322139513988,0.0149153776525672,0.0053320979131279
0590,0.0191502304317791,-0.0025843045179728,0.0182777236492961,0.0013049167358979,0.0232896157361309,-0.0001218679908373,0.0243162463522784,0.0046931047820376
0591,0.0273818195551328,0.011252274143606,0.0419683176980921,0.023112595840646,0.0311943046759673,0.0131977210582475,0.044105120512451,0.0239991016564683
0592,0.0306009723104257,0.009560156237376,0.0315785632050458,0.012035243248921,0.0356893867291494,0.013528913742402,0.040498181645922,0.0180643645830286
0593,0.0437834383331964,0.0188599640394723,0.0349371349122431,0.0167877883580447,0.0423519321203317,0.0170871193483934,0.033717985912049,0.0151553050362056
0594,0.0371214542896545,0.023253010333217,0.0313463923490254,0.021163770558347,0.0395628591454305,0.02342957716936,0.0320478711895479,0.0198119958058285
0595,0.040872397295493,0.0204621473740584,0.0297159557191151,0.017376896669805,0.0381929245641601,0.0186897830209681,0.0277394709090411,0.0162325183136774
0596,0.047259446767673,0.020822849042363,0.0429261294181649,0.0208720482049187,0.0449818236303384,0.0198647649553635,0.041814974628291,0.0203971095552366
0597,0.0419118597955154,0.0173409152086531,0.0415897377162611,0.0206072230162689,0.0389819193200589,0.0152974765329919,0.0379125532705841,0.0182461206896587
0598,0.0510899077804451,0.0254978542666523,0.0402715792381937,0.0205755827307307,0.0487977172621475,0.0229960171712373,0.0335279035235488,0.0164740233807243
0599,0.0472039818963819,0.0285441111940008,0.0474573751581921,0.0308572906153549,0.049792972734914,0.0293971973467742,0.0461581240005113,0.0293120175300469
0600,0.0484729236471909,0.0245613579017862,0.0509524989423556,0.0271543316566045,0.0490457053362509,0.0253928078334678,0.0553452339947976,0.0296030926357952
0601,0.0427378041150134,0.0154675809720864,0.0375734634684853,0.0166927876427356,0.0460451476950509,0.0183591529221383,0.042222128378113,0.0204060187313128
0602,0.0459373435003899,0.01517944133692,0.026415830738926,0.0074698616308634,0.0495200457537214,0.0198158655488438,0.0332341409747756,0.014609436975868
0603,0.0412963993995168,0.0092628941783706,0.0439350726874636,0.0133610715851838,0.046869836590495,0.0141447802448816,0.0450111779755212,0.017103305362415
0604,0.0368003312598807,0.0105167499566803,0.0301799088606547,0.0104114263793872,0.0434373006355133,0.0179116971294096,0.038923407649562,0.0191644870905966
0605,0.0404861915092487,0.0176397894454847,0.0364269658992445,0.0173990205581883,0.0471902209408731,0.0230627024486912,0.0389644467936687,0.0210064327332641
0606,0.0255282559521576,0.006281333817544,0.0268209040015713,0.0110640481462366,0.0315483109177906,0.0111456159118863,0.0357911602889054,0.0169612254393351
0607,0.0411895962481284,0.0129620431564627,0.037610905281994,0.012936366401508,0.048044057281644,0.017960798507753,0.0417086884518928,0.0165840410330533
0608,0.0350681902657652,0.008450054222533,0.0236911359058957,0.0048881224509524,0.0373032274064051,0.0098962800546933,0.0235871964942888,0.0051754770479081
0609,0.0397025885553813,0.0113429898485054,0.0388819406133933,0.0129758825582918,0.0411629701198111,0.0139668126725147,0.0369854795482999,0.0147652262306629
0610,0.0437475119550316,0.0146838283302133,0.0353197516793571,0.0126504914374253,0.0445436878061224,0.0173272297329609,0.0380818792317357,0.0166513798633208
0611,0.0504749042684773,0.0242507500078979,0.0581338886972919,0.0296709368316793,0.0482184537480083,0.0227888415374599,0.0543449579759183,0.0277137544235815
0612,0.0391508745150428,0.0096280557670575,0.0408273987081328,0.015139668746977,0.0352551566909167,0.0073935990605745,0.0408047677554916,0.0145480348923105
0613,0.0493857767783686,0.0221278751219176,0.0498814709749635,0.0252590073925932,0.045982379622511,0.0197681702960487,0.0497711882696646,0.0250041551785257
0614,0.048546592631419,0.0184525167358465,0.0454292801604247,0.0200363823790906,0.0463252786256568,0.0161913904170002,0.0455837639072858,0.0191750547363943
0615,0.0514959386051119,0.0203010474705634,0.0452057256419913,0.0197992233836408,0.0420254414889971,0.0146072378500555,0.0347663956912209,0.0131540871846211
0616,0.0291387184311959,0.0035837543372925,0.021885045522371,0.0021814830472007,0.0249782004188173,0.0003836424457976,0.0172940301698948,-0.001500892437664
0617,0.0168868211417929,0.0029626525914847,0.0200298686665807,0.0058585399856113,0.0173455480327983,0.0033564125792288,0.0245128569778741,0.0083708020598402
0618,0.0095998731954859,0.0061609931047135,0.0047750327855018,0.0062651036597439,0.0115642696602577,0.0060584008110329,0.0092454403771973,0.0073906547211614
0619,0.0218610015641371,0.0045125800898889,0.0175540569411687,0.0077738157985867,0.0223792009148163,0.0046826118604842,0.0163756011853546,0.0067625583078782
0620,0.0197237729361558,-0.0010431287107884,0.0209635415740051,0.0034399252855752,0.0169244177383337,-0.0007632228495229,0.0198708142294804,0.00492511025909
0621,0.0147280104076689,-0.0039284980589728,0.0115992297593549,-0.0012290142712466,0.0096798209581839,-0.0073839074049938,0.0122051382864321,-0.001937756250601
0622,-0.0044317551077289,-0.0196271671477856,-0.0181868358598274,-0.0232490981519592,-0.0058823467108531,-0.0212184752184517,-0.0175079273046171,-0.0242965858231228
0623,-0.0006191565572475,-0.0208490483516068,-0.0198964514359978,-0.0280976162719284,-0.0004819007621419,-0.0209606476749235,-0.019572173986387,-0.0288664009694619
0624,0.0105991051514745,-0.0032247820339821,-0.0117650234585315,-0.0119372552466884,0.0090146129957369,-0.0052466800211241,-0.0130802095795547,-0.0146981372023417
0625,0.0013178658302846,-0.0163551271090074,-0.0139590906249052,-0.0222387751553181,-0.0003146403389425,-0.0188282708968029,-0.0123293561257502,-0.0241303032982528
0626,0.0230359653562494,-0.0029153752308465,0.0008286169479021,-0.0145554603344896,0.0265275613906876,-0.0020716195124484,0.0043187255571924,-0.0141101865432067
0627,0.0317587740965755,0.0050840784307341,0.0145424996905267,-0.0030195938642745,0.0323451130292305,0.0050929753035288,0.0180545816931136,-0.0021801277287852
0628,0.0174592773657341,-0.0091570700733458,-0.0063983855236886,-0.0209236787388462,0.0190861601942703,-0.0076984145095256,-0.0065926264846757,-0.0212061336748507
0629,0.0381656249964126,0.0124663803045707,0.0141404331157362,-9.299770870672536e-05,0.0342621662919684,0.0097853344226328,0.0074899417768156,-0.0043962143694953
0630,0.0346829008007249,0.0032358816848077,0.0069475484582893,-0.010886727993635,0.0378903099141537,0.0058667371147277,0.0071320626038186,-0.0094264890366075
0631,0.0297133884477812,0.004076127951582,0.0085848276069135,-0.0043826754471124,0.0308004870563114,0.0039528522830291,0.0121661327838935,-0.0036478368159838
0632,0.0185676149324674,0.0003321456447515,-0.0130897480402645,-0.0146189373778252,0.0213047424437286,-8.988302224317282e-05,-0.009366594063423,-0.0158459231393297
0633,0.0335847900981039,0.0058518516702383,0.0066110864101105,-0.0087500828451564,0.0359647863750274,0.0071860027202817,0.0098423330222054,-0.0078775656971135
0634,0.0419250908857775,0.0076811874775428,0.00861606250127,-0.0060810442542407,0.0482134751997,0.0124167039112705,0.0164106692436392,-0.0013461457663486
0635,0.0276761131463726,-0.0001380340418368,0.014789615910101,-0.0032939874627293,0.0327511367611614,0.0039277358557706,0.0198571268525865,0.0007408071538529
0636,0.0304923390458644,0.000717434909546,0.0198559289775557,-0.0024239413583251,0.0338179897731087,0.0029889330245451,0.0237219717340188,-0.0001449795661116
0637,0.0322555907375913,0.003688425925896,0.0154808113332295,-0.0024354000894844,0.0347384082586596,0.0057251542810571,0.0166025280718896,-0.0006928404951346
0638,0.0248228743509509,-0.009982193383814,0.0087593190339016,-0.0132739652129558,0.0260645409075732,-0.0091458969350813,0.0107686253645027,-0.0123742641052257
0639,0.0406299264606242,0.012315334093771,0.0362452372030862,0.0136994903315818,0.0401746609136101,0.0122949825302693,0.0348068007092869,0.0131571412526388
0640,0.0269832175663037,-0.0042717645030419,0.0135368234170672,-0.0061939027906041,0.0212508154160958,-0.0086723314380703,0.0065657113628137,-0.0106485334961614
0641,0.0303693932928771,-0.0027353971325761,0.0128104274756997,-0.0086206583778349,0.0291601342962209,-0.0038133326229794,0.0123211196144111,-0.0087808212926538
0642,0.0464219588929047,0.0100204044079621,0.030509020372854,0.0085412588672744,0.0448684562569629,0.0090666658855425,0.0282232522399732,0.0077839497907508
0643,0.0285702799468844,0.0033098191745685,0.0235057079487736,0.0036848629559767,0.0256751763443253,0.0018918354244747,0.0228098501871589,0.0035145276185029
0644,0.018277635261623,-0.0079230903526118,0.0178200438107076,-0.0049552735904561,0.0145076568882405,-0.0097176796634954,0.015554161912646,-0.006105916675201
0645,0.0146996274508938,-0.011584487839755,0.0217867245496796,-0.0035327175540521,0.0115345283196431,-0.0141480633197516,0.0194611524518774,-0.0048832221900888
0646,0.0099769177005964,-0.0135252972146086,0.0095115794166145,-0.0103794124598097,0.006164248144469,-0.0160434597779812,0.0070300682667107,-0.0118950905797716
0647,0.012454821300843,-0.0133349401466775,0.0172070075802995,-0.0082154670943612,0.0066844623684486,-0.0151598087089497,0.0073394950419184,-0.0115894208806576
0648,0.0048321927716496,-0.0174795856075871,0.0090553679256562,-0.0124255903808836,0.0022830491956248,-0.0167455556069844,0.008999674865245,-0.0090163670305176
0649,-0.002831260263054,-0.0223625178012845,0.003613841502571,-0.0159925727328553,-0.0040494109784443,-0.0240209065031808,0.0005736233897027,-0.0181102998387398
0650,0.0231444232398832,-0.0040377275710881,0.0233946065888715,0.0004328722917324,0.0257513163287462,-0.0028995495622833,0.022786179456885,0.000424068712025
0651,0.0254680483813687,0.0075369422266798,0.0288244139709885,0.0118534446142033,0.025969257779588,0.0051559511732626,0.0230341655793216,0.0068962594945378
0652,0.0118455387086322,-0.0030430709690753,0.0294020132106309,0.0096666379848999,0.0103194004385569,-0.0062412621833243,0.0232323357901556,0.0039907809261659
0653,0.0207786247382388,-0.0067533558906184,0.0217590914524887,-0.0003582222697251,0.0205748648386776,-0.0100319972961297,0.0144930858870282,-0.0069692254587059
0654,0.0219091670318107,-0.0028691445754462,0.0377372514858376,0.011325126562439,0.0205921772689284,-0.006070432005561,0.0274833502997967,0.0032732117658434
0655,0.0452860481612887,0.0180253707271167,0.0513825975382343,0.0259285701044295,0.04854763090659,0.0172792822615321,0.04571229205415,0.0214758759532358
0656,0.0197238053363985,0.0074115514894984,0.0198650649586459,0.0103354713849404,0.0245320052522636,0.008300063715661,0.0201420510709695,0.0094793190556836
0657,0.0266355019357977,0.0028227249617291,0.0055946456411402,-0.0046371489007373,0.0209800181835023,-0.0033245262286076,-0.002548993580316,-0.0126764686029542
0658,0.0028127907690293,-0.0055695031001728,0.0062784834720428,-0.0019349690678221,0.0033100201352507,-0.0059052898387232,0.0006193944390232,-0.0056972338424164
0659,0.0171480156239663,-0.0037593682558219,0.0160551582422237,-0.0019109489921237,0.0123266043325165,-0.0081990442753233,0.0061182650394263,-0.0092208501595437
0660,0.038171441222111,0.0094651852910667,0.0303869082860271,0.0098791967894656,0.0361471217150883,0.0078249753969281,0.0271210821036816,0.0080909440296216
0661,0.0281886880807271,-0.0012870303900278,0.0290903876809127,0.0034760792160784,0.0210289849829003,-0.0076894032355638,0.0156998961262955,-0.0064419510814292
0662,0.0374391063222218,0.0098966262579196,0.0447846873534816,0.0195435386035557,0.0343712589873718,0.0065651343588055,0.0359728807640947,0.0141963556173568
0663,0.021288681800969,-0.0062372538330032,0.022239843044427,-0.0018042912720683,0.0159850243792122,-0.0112007861092179,0.0131856599238605,-0.008633657184948
0664,0.023638688553331,-0.0026183130833261,0.0246581892135057,0.0036067988712497,0.0202019441079965,-0.0078212669594723,0.0241990986188963,-0.0006870079848833
0665,0.0297192862176937,-0.0059943374308267,0.0319887518559734,-0.0008899155486078,0.032438271923676,-0.0056180624618517,0.033317006510248,-0.001920079974867
0666,0.0353517733809905,0.0063304042946108,0.0309920800885235,0.0067346523446226,0.0372303392104116,0.0060922541677205,0.0292159827830631,0.0035767613120452
0667,0.0327123857691339,0.0054560663349122,0.0336903487584497,0.0101258859531936,0.0314573789577561,0.0033961218905737,0.0374790725929582,0.0089218000553574
0668,0.0558358621007715,0.022454182792238,0.0648755097748296,0.0334752155666669,0.0560750919238396,0.0210060801352252,0.0681188828241366,0.0322361351385975
0669,0.0301439194643368,0.0081898947075278,0.0341487990652226,0.0137869906771421,0.0312259604846146,0.0080089689506173,0.0366870100796251,0.0140048778591778
0670,0.0353534953817928,0.0080489694181597,0.0418182498629922,0.01558892992536,0.0349995133127431,0.0056437408606999,0.035750564497869,0.0105270348280161
0671,0.0140590405522876,-0.0010435169109533,0.0295747886195836,0.0121842936805474,0.0131621020062563,-0.0041114857092365,0.0245970078813999,0.0055816513381685
0672,0.0099854953553197,-0.0042045305944587,0.0154045022470843,0.0028064601282825,0.0058012992313061,-0.0083330116700726,0.0027077374090562,-0.0072429269980581
0673,0.0001956677371549,-0.0088051087863048,0.0116273499176705,0.0035822340334209,0.0029819928522625,-0.0072668743579665,0.0138444589689699,0.0048775326485157
0674,0.0207175671368247,0.0003542062854978,0.0271943457711659,0.0111428133723853,0.020113199272535,0.0005668857245832,0.0262605296421823,0.0112149601109318
0675,0.0262788360538071,0.0013475559908821,0.0249893249165618,0.0045033915395868,0.0136719632929591,-0.0074794562266581,0.0098090029488107,-0.0065339010158325
0676,0.016866483400151,-0.0035048486244175,0.0066253578779123,-0.0059872779822996,0.0103022664536995,-0.0071865363527331,0.00421297740031,-0.0081223358501693
0677,0.0397497375421127,0.0109545049370609,0.0274002467350354,0.0070509251990508,0.0356738388510213,0.0086392851594173,0.0269922082293019,0.0052401779416691
0678,0.0133709791621483,-0.0058777829592265,0.0159728986096495,-0.0016822611427453,0.0159458704784327,-0.0055251278123886,0.0190917757795091,-0.0019030440279899
0679,0.0295045815102302,-0.0024073068428294,0.024728154589701,-0.0022501737671341,0.0275980839505002,-0.0045962145312314,0.0262789633051971,-0.0029605728175371
0680,0.0076150403053326,-0.0142209009929671,-0.0053159079774358,-0.0205118807662214,0.0045615667624585,-0.0162046238184566,0.0008470441546766,-0.0187994738796051
0681,0.0185214460333017,0.0010346254502071,0.0093674542800612,-0.0034862223190063,0.0244167466673895,0.0076336155360998,0.0236317509357781,0.0078277077916939
0682,0.0314016893568733,0.013313717969169,0.015883367752441,0.0058550923461817,0.0311150687082465,0.0146275998430597,0.0141578102857013,0.0072017482642417
0683,0.0352745595622611,0.0179391462778628,0.0228208927676134,0.0096642308201084,0.0397401346058919,0.0222147850382793,0.026112736733892,0.0142004055566108
0684,0.0269913349541388,0.0073196403939824,0.0172439518723967,-0.0010087099048147,0.0244870643229795,0.0066198890349092,0.0070976437316625,-0.0051063886244981
0685,0.0165181191449921,-0.0028311321237338,0.0094780340404358,-0.0059646230946018,0.0193902684601237,0.0004493302514032,0.0162211826949983,-0.0006640609671256
0686,0.0213876955394413,-0.0105132188635973,0.0046716533743126,-0.019698598557872,0.0204979609147227,-0.0089194126174256,0.010110367228202,-0.0136444874458345
0687,0.0306271376508129,-0.00157338951954,0.0222586144610228,-0.005822044191695,0.033509761195294,0.0023741853369453,0.0272491111545904,-0.0008512978695538
0688,0.023626587081314,-0.0082792452635105,0.0113046438577311,-0.0122486826821595,0.030854452953486,-0.0033604339028522,0.0153506507842753,-0.0091547382396925
0689,0.0219861999739472,-0.0042392827948307,0.0027359935914092,-0.0127715475070667,0.0288780031832786,0.0015395201537018,0.0097602118263613,-0.0070380534620593
0690,0.0207583885638971,-0.0105790360240448,0.0124036379608755,-0.0126916890277212,0.0270920625429889,-0.0048802194276654,0.0195699387548586,-0.0061830201991265
0691,0.0095125659917631,-0.0197216219351048,-0.0110414827018291,-0.0296676638304291,0.0112156458503089,-0.017609273929027,-0.0092517238348843,-0.0272719780992601
0692,0.0176563134025944,-0.0118374231713107,-0.001279697068401,-0.0202960129517347,0.0205603557237846,-0.0086993295588709,0.001407579379662,-0.0169100205129211
0693,-0.0040624958503452,-0.0257891483220147,-0.000865563141491,-0.0231293680719969,-0.0037839508017842,-0.0260923776790034,-0.0054764893942694,-0.0266988970840155
0694,-0.0049107165138264,-0.0225244233248563,0.00619486674851,-0.0123025328039393,8.839992636509353e-05,-0.019614183660836,0.0069264851199183,-0.012079169854035
0695,-0.0052335360402352,-0.0252268860848744,-0.0042893964048328,-0.0237504112048213,-0.0030006950324914,-0.0260893236777673,-0.0115011210227568,-0.030186459276807
0696,-0.0136586355738453,-0.0232885433311557,-0.0057215393122713,-0.0152343683088872,-0.0129078488487168,-0.0251255094027219,-0.0116988405091281,-0.0220475886548778
0697,-0.0039184741178799,-0.0172104032883056,0.0073368231439124,-0.007868960906301,-0.0057144898997734,-0.0189917273895774,-0.0019891680817054,-0.013503477967462
0698,0.0026780748312462,-0.0059897483399823,0.004446257124979,-0.0017467630440136,0.0051626429497288,-0.0062406624837701,0.008742502416376,-0.0017259684437337
0699,0.0144579143244451,-0.006030116608801,0.0106551565278665,-0.0063225125637195,0.0209051928531812,-0.0004206769044596,0.0211450659935487,0.0024028382829545
0700,0.0103603434757768,-0.0081271311729253,-0.0038344383706001,-0.0159465766730063,0.0138697577250162,-0.0048173667620486,-0.0007960310254773,-0.0121293099800376
0701,0.0169909927586096,-0.0024711426194676,0.0113330677159319,-0.0040856821622093,0.0187076211566598,-0.0021334668087555,0.0125065299925123,-0.0037307901477398
0702,0.0159542365868983,-0.0041465888332307,-0.0023918412333454,-0.011137895777967,0.0185851991756844,-0.0020308755468822,0.0050429069913344,-0.0064822746080637
0703,0.0229360597106655,0.0001982842369249,0.0088828832089769,-0.0065712045178583,0.0279581699676474,0.0052543719775654,0.0157803109870933,4.065598924660833e-05
0704,0.0168579103548443,0.0017477329265104,0.0141469751287033,0.002872066417668,0.0183856541864165,0.0016543604070623,0.0157846446973161,0.0031054607726287
0705,0.0269473279965261,-0.0055309429327134,0.0113145860751421,-0.0100401340228219,0.031404558951019,-0.0015522271480521,0.0182100812625903,-0.0044124051774847
0706,0.0131776049085123,-0.0098706166070137,0.0118125457769545,-0.0064969759268458,0.0169177092260612,-0.0058252570223542,0.0169374899019817,-0.0007751927648245
0707,0.0208539614882318,-0.0070333927283998,0.0185355206176708,-0.0028724768888874,0.0258876633337511,-0.0023787170042181,0.0258762441026063,0.0042076286688083
0708,0.019889764957542,-0.0069827476559264,0.0170181844665106,-0.0074009415846294,0.0239688059219773,-0.0032692036627566,0.0197004209848125,-0.0028795363232183
0709,0.0130272986678564,-0.0139640466497846,0.0137223389338672,-0.0108685052812086,0.016062893217108,-0.0102697861788973,0.013946611297836,-0.0073540152385894
0710,0.0048574013314156,-0.0234920087805402,0.0017743198106535,-0.0227074658613849,0.0021814839201192,-0.0238105013277647,-0.000464134420663,-0.0231210786889004
0711,0.0110950539050114,-0.0204210096631002,-0.0013445052341482,-0.0232803531888665,0.0129806079278701,-0.01942830751745,0.0013538401142216,-0.0223511227050455
0712,0.0103916592177543,-0.0266618318683706,0.0034816769135251,-0.0267727433449082,0.0089335750782751,-0.0269549556999581,0.0049530619310812,-0.0259482978343485
0713,0.031219247321572,-0.0018895964788089,0.0326483412861509,0.0027257513548348,0.0271265465250949,-0.0035431012483557,0.0328560536830267,0.001921028665521
0714,0.0249650283754558,-0.0108680884044798,0.0223131182450425,-0.0074537323380631,0.0257083857487492,-0.0098421888036887,0.0294109890444316,-0.0039346621216572
0715,0.0178515779849913,-0.0145701103481494,0.0150740399134109,-0.0119638310160174,0.0180791458702381,-0.0148177805374248,0.0190020639972233,-0.0094990884001231
0716,0.0145654294653948,-0.0158426744414551,0.0177414945498355,-0.0089843182621072,0.015189218039866,-0.0160684673864764,0.0209797670237578,-0.0075649637169955
0717,0.0279998482117258,-0.0122161173101435,0.0257250012850481,-0.0085806016665225,0.0285613939573047,-0.0125367280229494,0.0313096886800974,-0.0062762596240827
0718,0.0094712619262119,-0.0238145865614916,0.0116962607358243,-0.0167036674584495,0.0157677832273297,-0.0205916418159603,0.0199761853809157,-0.0121381706630151
0719,0.0101187811434987,-0.0159083698841337,0.0117982980201054,-0.0094521714488446,0.0135865982989941,-0.0134599616909769,0.0122139482876525,-0.0081949241160814
0720,0.0199878139625528,-0.0111795321750283,0.0209474572767109,-0.0046810475930179,0.0212975124700058,-0.0103316608909513,0.020684833863977,-0.003748083915082
0721,0.0225964313485615,-0.0099158231912348,0.0158560816940917,-0.0085025535542879,0.0262206607677532,-0.0068573216353504,0.0187680015320408,-0.0044905116283099
0722,0.0123156496641746,-0.014443623525486,0.0065204599539,-0.0101359555202657,0.0161645365561125,-0.0104849134983956,0.0146506970670378,-0.0032673806989348
0723,0.0135666063250511,-0.0154491488722242,0.0043355540423789,-0.016427752257939,0.0205996903892967,-0.0092573607817989,0.008301870654055,-0.0107525340652832
0724,0.0199317813875387,-0.0089627204344444,0.0045069791019071,-0.010310289782706,0.0228554975494252,-0.0072362782842734,0.0124565254238508,-0.0058973475426008
0725,0.0213945716453461,-0.0082422900879728,0.0076733990843822,-0.0101370865764448,0.0218133053472273,-0.0070535629460893,0.0084255071718078,-0.0084787730971786
0726,0.0177544239758284,-0.0082787608329047,0.0056361524895669,-0.0101469581849378,0.0216702543383283,-0.0069037209012659,0.0072498304195876,-0.0095952704555657
0727,0.0396101714455578,0.002122694836658,0.0274309975664572,0.0004817634550014,0.0365596345094317,-0.0016395190387481,0.0250074642631114,-0.0039071911437623
0728,0.0320242200082821,-0.0066398943052872,0.0162809859712406,-0.0095808778523984,0.037537458592852,-0.0048370616006334,0.0227094586867801,-0.0078121579075758
0729,0.0309475948677109,-0.0073151237008316,0.0170107742661684,-0.0104662803688148,0.0361271051392885,-0.0048514545319214,0.0194135361261046,-0.0098070786737403
0730,0.0435759791365148,0.0011988675614022,0.033502147970133,-1.907497810065914e-05,0.0444957421058077,0.0007653866760816,0.0379221758103679,0.0009418391854757
0731,0.0338954318242424,0.000841632170702,0.0284154403215005,-0.0003256461947809,0.0348928548307642,0.0004071209536071,0.0315710853521153,-0.000663270189038
0732,0.0478004850685711,0.0008658743835427,0.026277805936502,-0.0040380229231269,0.052183448697396,0.0032031805559082,0.0307313048663187,-0.0026468373800666
0733,0.0272508648002611,-0.0115037356219122,0.0124789360689648,-0.0137946470995361,0.0326598145743335,-0.0081157630368758,0.0150572382762582,-0.0118110904743198
0734,0.0390779014345219,-0.0004089340796423,0.0313148910143547,-0.0018694716226358,0.0413446457975881,0.0003434516126734,0.0343021677228524,-0.0001057127447237
0735,0.0242647255876264,-0.0119112096704635,0.0072669870675616,-0.017420547622649,0.0251027270557408,-0.0127420562127117,0.0055789030138991,-0.0190243386021012
0736,0.0228392373314375,-0.0058609315482363,0.0013966577600518,-0.0157986372553695,0.0249304020254501,-0.0027038507087266,0.007952039950424,-0.0093190061396175
0737,0.0418133222569326,0.0016457033206186,0.0187336927831252,-0.0076240897917906,0.0401534552143689,0.0016071861710907,0.0177703006948475,-0.0079387583673425
0738,0.0484882542518028,0.0092492989253643,0.0269622519947661,0.0007052696819671,0.046945997816898,0.0075515501979533,0.0259572314739801,-0.0007509381509082
0739,0.0378994134096657,0.0074347638873536,0.0168308902262352,0.0009974564383348,0.0373772888659054,0.0069970014776611,0.0234532837659203,0.0034830740950139
0740,0.0354403594305849,-0.0031676457047595,0.0196248814434619,-0.0073475856307813,0.033608126511359,-0.0050669542876008,0.0187564602219305,-0.008417280445356
0741,0.040208064382955,-0.0024025026578453,0.0185713466206515,-0.0103725362435501,0.0409747536480869,-0.0012259064311863,0.0207167315476683,-0.0078291705616622
0742,0.0307905894484215,-0.0068233564134367,0.0183742839480715,-0.0107279830001206,0.0323861800887008,-0.0079382533037402,0.015861380190827,-0.013991377396332
0743,0.0249748439385618,-0.0081377859524848,0.0089107084520599,-0.0130266342952016,0.0245592561645159,-0.0089100893904669,0.0042072382425976,-0.0162527424288371
0744,0.0176365649499014,-0.0093821893713747,3.907626745661313e-05,-0.0176724481649291,0.0136345266625403,-0.012960513964868,-0.0083811229252188,-0.0229700276301155
0745,0.0188763240740036,-0.0093614849123455,0.0043051928882238,-0.0134496129867341,0.011010452567105,-0.0145506983228672,-0.0012577780412847,-0.018021688047484
0746,-0.0005730839069816,-0.0202078400607304,-0.0058809914737565,-0.0208945499030429,-0.0041317260165392,-0.0222020219472053,-0.0072777712325499,-0.022615567591152
0747,0.008144938939231,-0.0138597351618895,0.0044703650071161,-0.0132154773097311,0.0085695795824944,-0.0145770264951221,0.0071618111477008,-0.0129721380908665
0748,0.0137362402958667,-0.0096785280337254,0.0102536346893258,-0.011026722617014,0.0103605067614543,-0.0118630951317123,0.0139422326326209,-0.0096501835075977
0749,0.0133567820215686,-0.0083779575212142,0.0155560306561241,-0.0045489801749466,0.0164961560863319,-0.0060360641490369,0.0225414964555799,-0.000568379037168
0750,0.0176616634932718,-0.0097183637386909,0.010030184797559,-0.0081849299422221,0.0205163164296608,-0.008319236115328,0.0164022837351633,-0.0057322510372676
0751,0.0169149087522976,-0.0064602855612227,0.0182461623746099,-0.0022435726466442,0.0194042805184642,-0.0052582312673835,0.0211919803235965,-0.0017228897749333
0752,0.028873696367724,-0.0018015138271761,0.01915787967166,-0.0045732259139717,0.0301291329545252,-0.001233519048979,0.0235360076938665,-0.0021515381862749
0753,0.0142635244691385,-0.0104288729469231,0.0061516120619301,-0.0124829163498576,0.0127348537670372,-0.0110552777215249,0.0050464824406966,-0.0128598739118115
0754,0.0305281697111079,-0.0004696309235497,0.0297344842788627,0.0031663569457174,0.0298365535916789,-0.0037012290365694,0.0290909829323956,-0.0014005021611047
0755,0.0319815914824329,0.0060055078956566,0.0337618840760405,0.0097727857274023,0.0288120662698963,0.003014404447693,0.0304473673434626,0.0062629049810025
0756,0.0390603718616365,0.0124908614386136,0.039193336964329,0.0156093431276429,0.0364006074372599,0.0098331407222364,0.0370989973841433,0.0129320859813097
0757,0.0401941415452235,0.0144369156629609,0.0374092597820845,0.0148139652670893,0.0378066893003623,0.0111901761527235,0.0381461125942121,0.0127535133654875
0758,0.0364176937041011,0.0038365064486312,0.031028311457966,0.0042482569521234,0.0316430528425026,-0.000918358588147,0.0248712399946542,-0.0012099244818638
0759,0.0464988917275878,0.009865958312859,0.0312167563253257,0.0036192871244708,0.0428583837193132,0.006231188457793,0.0284819496903133,0.0001256204528703
0760,0.0322313463338384,0.0057667134981071,0.0289405720540901,0.0074872487492927,0.0338430173518218,0.0048507854464425,0.0268197850761642,0.004250585698155
0761,0.032766857507202,0.0014220557321432,0.0067822456800133,-0.0090264813103363,0.0307551869170418,-0.0017658643743657,0.0014609632794191,-0.014908921070275
0762,0.0382515857172492,0.0084961868345279,0.0333829672575549,0.0076770322844015,0.0311462098693647,0.0026200262544864,0.0255954337803633,0.0014782599982197
0763,0.0386688627292459,0.0049311875741272,0.0279810613421362,0.0022845685483449,0.031814423226654,-0.0018126577408283,0.0176725453193868,-0.0067760408313971
0764,0.032945833577888,0.0007098792564534,0.0093392658370055,-0.0103551148435224,0.0267030671878288,-0.0038673700724455,0.0034969457533805,-0.0148617725001343
0765,0.0416120835989759,0.003429960040044,0.0281163706909518,-0.0007502921754811,0.0325010062098315,-0.0030310347479604,0.0176540672695495,-0.0089672719014119
0766,0.0362957194677269,-0.0059521438426038,0.0241377909661219,-0.008549164615134,0.0243536608760603,-0.0149283860091185,0.008813431616335,-0.0193138350594359
0767,0.0348201754563221,-0.0009426717366559,0.0137115273158248,-0.0080205742942601,0.0308301356081497,-0.0031496323456875,0.0110025889419679,-0.009062662424086
0768,0.0238276299107994,-0.010388467592445,0.0032919342203044,-0.0202032321602907,0.0169612440585697,-0.0127781453412364,-0.0016312828416471,-0.0205099764944715
0769,0.0260011240700295,-0.0108306019052305,0.0247879247197779,-0.0085816048945227,0.0194730992477469,-0.0150028530123024,0.0189016758374483,-0.0114237783627835
0770,0.0259076667187176,-0.0059779864642327,0.0260805735098414,-0.00020151400849,0.0182426240075846,-0.0127030418099566,0.0169425993638033,-0.0079423033291357
0771,0.0277796142608048,-0.0083237232787682,0.0250849894350019,-0.0036776306002909,0.0179062316730199,-0.0157867301066063,0.0175489477488169,-0.0107905927513428
0772,0.0313864083245684,0.0019398333818036,0.0270275222705662,0.0045255895365336,0.0254843307773418,-0.0053071682908488,0.0193675663985003,-0.0039271065727351
0773,0.0254591996844615,-0.0012551158804944,0.0179041486978393,-0.0023889023315758,0.0167808980860155,-0.0086285041754142,0.0119706561267366,-0.0086836375533679
0774,0.0192877286331652,-0.0040984474385829,0.0141470595274415,-0.003566871697248,0.0186219960255568,-0.0041107525763032,0.0127890190584486,-0.0032396657291473
0775,0.025113430694931,-0.0057967760252557,0.0262107212137615,-0.0009636806986862,0.0254322913774996,-0.0059839800396676,0.0204008765498992,-0.0037378372151167
0776,0.0138824513527242,-0.0106513218916577,0.0161131073666487,-0.0042251819906035,0.0227816845546834,-0.005209315955111,0.0234595379350432,0.0007602018508311
0777,0.0100002739582394,-0.0119848922286924,0.0198450813921193,-0.0002973081805783,0.0128316163207254,-0.0114532070767368,0.0189645645331623,-0.0019499531461153
0778,0.0205947182610093,0.0008115597545928,0.0277231362259357,0.0103515955210678,0.0237456387651224,0.0038403434323527,0.0277704974596975,0.0120365471306889
0779,0.0083990749052588,-0.0083174508321381,0.0200354744579078,0.0020444881018262,0.005212051386216,-0.0094347180489139,0.0177484794595191,0.001057216090929
0780,0.0109966163056257,-0.0077541347134084,0.0248509917284228,0.0042501917569003,0.0133372569950278,-0.0050814782934483,0.0273316509494778,0.0074682074169603
0781,0.0223346896728322,-0.001881138364723,0.0354249919116497,0.0093524495907554,0.0228056483346193,-8.698374536427004e-05,0.0308694144558155,0.009219412587575
0782,0.0257100364932449,0.0003327003156518,0.0239728921571825,0.0029053568586985,0.0284663649180085,0.0016078630770472,0.0272732985431744,0.0044022584131795
0783,0.0374179196814635,0.0044372083836345,0.0298730525269912,0.0049020655157577,0.0367825803942369,0.0042187712818936,0.0271609037163873,0.0024502796180764
0784,0.0366554102371756,0.0142695484279592,0.0403671833692366,0.0210593966378702,0.0410429359400231,0.0172159964061946,0.0465238768517802,0.0245862873163133
0785,0.0359540789163756,0.0148437433463804,0.0352030228672441,0.0183734032830117,0.0378904716293378,0.0157629325537654,0.0370582458375627,0.0190558437045929
0786,0.0197945419464888,-0.0015723043144435,0.0137903468590439,-0.0024028792664958,0.0246515857529149,0.0020052670150737,0.0193495650676197,0.0019790326123892
0787,0.0334608293757911,0.013760053719627,0.0417539713344547,0.0218816717870385,0.034938597273425,0.0122487732669332,0.0376626474218538,0.0163669638910744
0788,0.0284684930101549,0.0093655723509162,0.032055942890722,0.0121104492361501,0.0241577138498126,0.0039307609644549,0.0243924159834377,0.0036014081652807
0789,0.022836862458852,0.001956687352944,0.0259864405952108,0.005033100541587,0.0201169759836659,-0.0006322582712274,0.0253500764003211,0.0026457939588218
0790,0.0277093245415191,0.0029990829901016,0.025742717475083,0.0037433217937312,0.0283052945057687,0.0029644577839458,0.0322694967487824,0.0062914012217502
0791,0.0510348569783729,0.0184859344091059,0.0467172936553273,0.0204146483741656,0.0512394582656365,0.0170738136735815,0.0464397767243867,0.0185303077438924
0792,0.0460828731070397,0.0159748626985988,0.037457495289035,0.0152077973824991,0.0466893565248635,0.01605386815659,0.0403946818742751,0.0168686995867407
0793,0.0326511201181967,0.0041326910118647,0.0203510956297845,0.0024942121816804,0.0301662803055308,0.0028833221993158,0.0204311623390245,0.0022309088578897
0794,0.0338522283726567,0.0029703386021641,0.0267866432234705,0.0032339705366605,0.0280840522801291,0.0011988711590761,0.0244158892533218,0.0038591773188707
0795,0.0260798181185515,-0.0003392873447598,0.0042279085552333,-0.010043409208356,0.0282135339432435,0.0027538883390586,0.0149680657979275,-0.0020826209898914
0796,0.0201635619760259,-0.0068508510926831,0.0076682540728093,-0.009732166621051,0.0152421205535237,-0.0099449646160621,0.0097636452439713,-0.0094145446468374
0797,0.0205758723065795,-0.0085563692598751,0.0134221075943864,-0.0100611762960981,0.0197254820587795,-0.0078281273863403,0.0174112668387101,-0.0062970494715716
0798,0.009633188553665,-0.0175128910510205,-0.0034618205798155,-0.0202223496726584,0.0115478445568754,-0.0165927124471818,0.0021144175270723,-0.0175534340233865
0799,0.0106218724824322,-0.0204057730850671,0.0017489160703163,-0.0223561845272271,0.0139130699249645,-0.0185480344784217,0.0087844702177564,-0.018527500294559
0800,0.0293040525088436,0.0023807332318678,0.0238385538210753,0.00467521350907,0.0292848493116826,-0.0001135613050584,0.0212898395840732,1.9462757618157427e-05
0801,0.0280170047781654,0.0038683864541227,0.0238363257642565,0.0049087904646449,0.0320332538342333,0.0041153922703738,0.0228398969704372,0.002274939462831
0802,0.0166325433237477,-0.008173508036451,0.0093081497620373,-0.0115168747853051,0.0224239177401648,-0.0044039397117144,0.0168933622454447,-0.0064705925788447
0803,0.0159090279658263,-0.0121202984775518,0.0130475266283045,-0.0107345879169543,0.0202165715076932,-0.0100577781304125,0.0215537981290654,-0.0064419125411207
0804,0.0137020579295072,-0.0118954516065882,0.0062382058622654,-0.0116684627335856,0.0122986839376305,-0.0125817377383925,0.0125650592101493,-0.0088843189872102
0805,0.0169748414406513,-0.0056336914627777,0.0205347814785667,0.0020024954686353,0.0168164349830273,-0.0059586865995825,0.0286184490027763,0.0055276794015591
0806,0.0104925944150384,-0.0092318799517489,0.0162016405687123,-0.0014699971878837,0.0084148766742545,-0.0119965692166314,0.0168445081812524,-0.0021770312465818
0807,0.0246738917758067,-0.0036656349495857,0.0302382624747484,0.0054848644332692,0.0171107399440461,-0.0086645623222613,0.0299528801029701,0.0040649395937627
0808,0.021068886709105,-0.0014400812416351,0.0291392854593838,0.0076249633309496,0.0195541200951962,-0.0033713870682938,0.0291991537561205,0.0063099069871417
0809,0.0191044943058025,-0.0018872953453141,0.0245978831342439,0.005942073401114,0.0195067410647039,-0.0022140482626548,0.0270926152329738,0.007759111297778
0810,0.0218735167245305,-0.0025369481791646,0.0282616341795475,0.0071207050249391,0.0182909565486418,-0.0056200100250705,0.0257441441794141,0.0038158616800941
0811,0.0217141744072463,0.0028871608399427,0.0257008076772704,0.0099785809122797,0.0134801560144169,-0.0036856999127941,0.0196887133995966,0.0040834151191331
0812,0.010320926035128,-0.0093677542251696,0.0067346532306247,-0.0067738191443576,0.0046175147269279,-0.013467597585957,0.0028915449252981,-0.0108714406649259
0813,0.0251508349707408,0.0012015353657281,0.0249043730104782,0.0049708326844592,0.0193599175432932,-0.0024241064164321,0.0165869119983665,-0.0004493776569133
0814,0.0078125638635826,-0.0035951101325234,0.0061880934791187,-0.0002489096319456,0.0073284476768126,-0.0050674929379227,0.0084073642513145,-0.0014095186161523
0815,0.0057862632719884,-0.0044048199026933,0.0054186766589242,-0.001772925212223,-4.040439483025594e-05,-0.0105120819012602,-0.001407908004498,-0.0086274071130105
0816,0.0024513817940707,-0.018590397716404,-0.0073673113202644,-0.019748988903983,0.0028901849288146,-0.0184066978869851,-0.0044010451478482,-0.0193939416462594
0817,0.0022487832514147,-0.0166637973231681,0.0002192093514519,-0.0134200663928805,0.000945856584867,-0.0187942438804585,0.0001895126699173,-0.0154548710115122
0818,-0.01347116491127,-0.0317073017660158,-0.0189217812437323,-0.0283366248002448,-0.0116542283657155,-0.0315168956814683,-0.0140437066538558,-0.0274146175798346
0819,0.0016106876406585,-0.0208467880291212,-0.0121774617274611,-0.0212021740645815,0.0029973337012,-0.0208796049897349,-0.0102056405606782,-0.0208054181505195
0820,0.0087832754324416,-0.0147713581638222,0.0090582843820125,-0.007692035621164,0.0093844067101157,-0.0136827045264338,0.0125002629270112,-0.00398940367812
0821,0.0067488094671582,-0.0168624818180677,0.0092091811152946,-0.0066371030060411,0.0006073144409869,-0.0210275355929117,0.0080258565493309,-0.0081186200694924
0822,0.0027070246332436,-0.0173699250508978,0.0143618831742695,-0.0038717511290431,-0.0042756148067526,-0.0245187184931559,0.0038945040934477,-0.0122406107265978
0823,0.0184590621571688,-0.0073189475152922,0.0350349194498728,0.0108587548337432,0.0199569324595218,-0.0070308344284762,0.0359660323532226,0.0119868621756923
0824,0.0141864149458041,-0.0108385456327782,0.0337250282024157,0.0108131940173274,0.0129856914659097,-0.0131121178157344,0.025571269094348,0.0058847379291428
0825,0.0222460426269414,-0.0026338673138487,0.0365005757494886,0.0151977610209561,0.0202729154468174,-0.0060168573730997,0.0367116777007484,0.0126690188086169
0826,0.0127806773600624,-0.0085961602356385,0.0219961188593599,0.0040227394188496,0.0118768168141869,-0.0093231004881583,0.0247381593768272,0.0053722948114526
0827,0.0146148588931849,-0.0046394808785638,0.0250299007506716,0.0050352678553161,0.014075036133832,-0.0064824672587361,0.0251678488081352,0.0041679978562078
0828,0.0223474657683348,-0.0031505709928796,0.0238514431120408,0.0014581384696765,0.0213582942660948,-0.0029769104380171,0.024392817219632,0.0031739607178456
0829,0.0474765796325596,0.0113439066807565,0.0460392576367991,0.0140511617702114,0.0433617498363446,0.0091631315216416,0.0415288895365318,0.0128797424563894
0830,0.0375504058828435,0.0148770756514361,0.0331889592776004,0.0156845496315858,0.0439934100320183,0.0198660331141231,0.0396778865028631,0.0216745936620026
0831,0.0293264237489718,0.0088067184285226,0.0215730433254442,0.0087235687693308,0.0277965810490499,0.0065531696843697,0.0239265805750798,0.0082425914845359
0832,0.0464345820506909,0.0266456522882424,0.0521353298725767,0.0313838533463619,0.041923201575666,0.0222277168413798,0.046893226426686,0.0261759472465372
0833,0.0436822025621053,0.0171664353234849,0.03983710847592,0.0169510699525813,0.0452646890999139,0.018283244322155,0.0429711095594367,0.0194414539451347
0834,0.036403081395447,0.008320420930813,0.0246678192155106,0.0053058123228584,0.0335520860850618,0.0075944939619258,0.0247681058629247,0.0064482650049407
0835,0.0596760925850184,0.0277075952657701,0.0432257291035224,0.022272118508684,0.0603628547811102,0.0273102050685432,0.0458222842289767,0.0225629806284471
0836,0.0392399677255213,0.011815470660482,0.0233670685120395,0.0072065700845801,0.0414586896146269,0.012249070703746,0.0241407597043177,0.006623248278475
0837,0.0219464618917317,-0.0005430875623204,0.0248576653074225,0.0037078747200792,0.0243944367007899,0.0019588035868969,0.0263581327782035,0.0058533901709978
0838,0.0107292276610372,-0.0134216843895303,0.0007732801852154,-0.018434713792789,0.0149651987229791,-0.0088264070982125,0.0068433618532161,-0.0120849001528102
0839,0.0198496963074768,0.0056473181275895,0.0244779289694009,0.0110155467883739,0.0184555745113938,0.0052145664418396,0.0264578480272302,0.0128742587198447
0840,0.0183139815627343,0.0031297599105847,0.0168580715398523,0.0042887013011063,0.0195331389932819,0.0038094964991388,0.0164331191774359,0.0048803559754176
0841,0.007067901788245,-0.0077331157468167,0.0114558561772616,-0.0019161155494926,0.0096115027344051,-0.0064325881218423,0.0094453719962385,-0.0018436912923081
0842,0.0016938026254992,-0.0177204602589461,0.0078207511630371,-0.0128629591270452,0.0030295778260165,-0.0153831052643309,0.0087562122031619,-0.010655024867885
0843,-0.0008692987890612,-0.0204475002812136,0.0113876969187114,-0.0142040492848892,0.0007200903684702,-0.018712704740471,0.015472207944007,-0.0110921442684217
0844,0.0067009655944922,-0.0078389206320048,0.0242186175670688,0.0005254704295496,0.0107661808820242,-0.004644386889896,0.028974753997713,0.0055102432743593
0845,0.021761557829178,-0.0036173567729904,0.022801531541804,-0.0001648237395643,0.0259894499152616,-0.0011111639400468,0.0262670244930136,0.002717302171772
0846,0.0090898945376468,-0.0190441085923559,0.0097049156783812,-0.0166181046895179,0.0103713875164283,-0.0159254557941643,0.017570834699132,-0.009780953413112
0847,0.0094849081305472,-0.0104968572051473,0.0081659390059033,-0.0096030781359461,0.0158695623086293,-0.0059221774484349,0.0209645543354433,-0.0005237962336177
0848,0.0156605157556001,-0.0062220626978836,0.0142808729400989,-0.0038009970251429,0.022201659243122,-0.0036643153563402,0.0226363395745448,0.0004780432510501
0849,0.0110754513559305,-0.0168803397112633,0.0194773712807869,-0.0100373093098403,0.016169271333884,-0.0140335463669463,0.0263193956342926,-0.0064247717374569
0850,0.024274517717354,-0.0067578607836804,0.0291257633620128,0.0015219620080836,0.0296141174926491,-0.0053191788795272,0.0307138931991459,0.0009584682905955
0851,0.0079867048577069,-0.0233654103783137,0.011851500680426,-0.0174254227139663,0.012469748533406,-0.0213126135732709,0.0044214058055873,-0.0214484477627937
0852,0.0308788901497312,-0.0049468847124691,0.0282845769958361,-0.0014012062071927,0.0377038438882383,-0.0024217869314809,0.0303889204012784,-0.0013188652633109
0853,0.0180095542297065,-0.0129310109612727,0.0220442339385046,-0.0058875968949394,0.0257488308725036,-0.0090477937290552,0.0269913452431897,-0.0028365282384035
0854,0.0097060853316711,-0.0191852391612597,0.0057447429076623,-0.0173968391964863,0.0142674579301435,-0.0170411985750632,0.008783850547193,-0.0158896771130513
0855,0.0242821283983131,-0.0049805174728773,0.0234451880081729,-0.0034551086683281,0.0279007527726384,-0.0033027821633114,0.02402841666762,-0.0032771534562284
0856,0.0175863207331644,-0.0089382149417993,0.0159065068830081,-0.0046729034312492,0.0203773438865849,-0.0076767884116643,0.0158687347162456,-0.0050572991161472
0857,0.0265233382717421,0.002014732422572,0.0316410418369017,0.0109006071538042,0.0267927717261659,0.0009624119793117,0.0316124936252264,0.0096376536468942
0858,0.0249611713265848,-0.0058075934819148,0.0269490056983486,-0.0002861073771161,0.0218025341527114,-0.0090195237538631,0.0235558442094518,-0.0037091979191288
0859,0.0145013356965253,-0.011634450805846,0.0294959580655676,0.0031669652019721,0.0078807372781989,-0.016751556671815,0.0199288105911346,-0.0029107519689732
0860,0.0207945368301369,-0.0069179631842632,0.029558918749131,0.0032776649830562,0.019498699586488,-0.0080613975205992,0.0249259256323858,0.0012362025713523
0861,0.0118245090288691,-0.0098620375323707,0.0318966474395694,0.0060912772817285,0.0071518186628918,-0.0123118877344934,0.0335787640085333,0.0066558284633606
0862,0.0054772494533659,-0.011333245045375,0.0198221229515039,0.0012665161212698,0.0014927479077508,-0.0143932258046344,0.0173690668642986,-0.001733276318296
0863,-0.0039667756781738,-0.0202669183705952,0.004385091828951,-0.0111824664721567,-0.0048238919412472,-0.0202690610789378,0.0021885725964265,-0.0115215934978631
0864,-0.0103945386745439,-0.0216846209888039,-0.0086502759100591,-0.0162654972327758,-0.0106713840833638,-0.0217400375015114,-0.004761622316479,-0.0142163165131005
0865,-4.399631925552386e-06,-0.01231142162643,-0.0018348577142645,-0.0071592056912118,-0.0060012669124819,-0.0171730168895548,-0.0070954395555185,-0.011163192281456
0866,0.0132373070427733,0.0036947830841432,0.0176623958772684,0.0100422013266383,0.0090389477109449,0.0002948516631447,0.0171896240822456,0.0091923953546653
0867,0.0090717179590875,-0.0022962177349397,0.0052120191081498,-0.0018811030557621,0.0069645795533467,-0.0039681659006674,0.0104009706988976,-0.0003199404463838
0868,0.0107835920391603,-0.0075191471332625,-0.0005241768383523,-0.0134153134126558,0.0117571653385041,-0.0058949471511766,-0.0014536805849993,-0.0127193012460089
0869,0.000386992189888,-0.0169472201554939,-0.0065756066466777,-0.0210678842736088,-0.0031549045300309,-0.0171395451533352,-0.0087335619765964,-0.020568382138825
0870,0.0139595296278196,-0.0045942747990247,-0.0026780280138174,-0.0127790849758369,0.0069076471901107,-0.0069144834896881,-0.0064507657378595,-0.0135800467889169
0871,0.0159911104171548,-0.0059910740604788,0.0019931119376308,-0.0118887303531021,0.013393552905418,-0.0061194595031663,0.0034845841461108,-0.0102414294205881
0872,0.0035984004698,-0.0100738590015364,-0.0063462217443424,-0.0164536313331745,-0.000350999192187,-0.0146851254385758,-0.0149217824451854,-0.0244452044743841
0873,0.0028559491172636,-0.0148819256825797,-0.0015968054394226,-0.0159451784888443,-0.0019792301740851,-0.017948602470169,-0.0050043868625699,-0.0190332132994555
0874,0.013301428438746,0.0001621153328275,0.0136094431151641,0.0003291639883115,0.0078217185742666,-0.0036556697380418,0.0062020494583837,-0.0052390588266465
0875,0.017163513179099,0.0036816042095412,0.0168328854281616,0.0055927754754254,0.0130827740379198,0.0011046393401442,0.0133082062022447,0.0029302817245162
0876,-0.0056005530106903,-0.0083698975998296,0.0014463228634616,-0.0049777323713943,-0.0029104124824997,-0.0055678025247002,0.0073095316840273,0.0001289163357069
0877,0.0011517691046012,-0.0051183720887572,0.0041504328449403,-0.0040317997523044,0.0007860427073509,-0.0062770509034274,0.0076026467418019,-0.0038679890915666
0878,0.0069118698787542,-0.0067179893312086,0.0035597882241256,-0.0076288441085338,0.000729851963095,-0.0097827319209881,-0.0017266914877188,-0.0112213191052561
0879,0.0076526442589334,-0.0053428790505265,0.0079211617408588,-0.0026970426974353,0.0014989410421711,-0.010351349035127,-0.0010697887232019,-0.0108175433318866
0880,0.0197893223968312,0.002938424733812,0.0186296660353317,0.0050163869974702,0.0160839705004483,0.0010856768993116,0.0140680524365223,0.0023224763843076
0881,0.0295665453086726,0.0091153324043256,0.0329702462411118,0.0135024249254368,0.0286519220773821,0.0098802437568822,0.0300198895123384,0.0142185077388681
0882,0.0229730873119884,0.0034641689995342,0.0225102768913209,0.0060676355063459,0.020425609832284,0.0032932222100791,0.0224621963523431,0.0072125681938778
0883,0.022470030871977,0.0133598669800208,0.0307332432225124,0.0199207984549527,0.0206117235002773,0.0118487640370595,0.0333850358886005,0.0190573025477916
0884,0.0259894729639982,0.010520751428131,0.0240310646543239,0.0123953030801502,0.0230865369175815,0.0075044890909632,0.0239048700260279,0.0092916979644459
0885,0.0425745923710644,0.0228110131316422,0.0425684235156927,0.0263975813527518,0.0423696911484856,0.0231926675647096,0.0490588206794935,0.0290228871442711
0886,0.0188161497549182,0.0109201583555041,0.0245789222022408,0.0168955205273492,0.0152492323268796,0.0076343328499553,0.0206418499189812,0.0124617691835907
0887,0.0265917881264029,0.0091532663889679,0.0237489404934327,0.0110974309793279,0.0258562145617856,0.0079561476030929,0.0238630516233518,0.0091994530911602
0888,0.03849378168758,0.0182199891464318,0.0444393283275969,0.0243816632344874,0.034942977389243,0.0150641658633324,0.0456269975520232,0.0226086015038236
0889,0.0362458622340895,0.01847463713957,0.0434992009017875,0.0248306605048708,0.0345554499268547,0.0178092838218027,0.0468634386381442,0.0264913086695827
0890,0.0205071011168289,0.0053337151110607,0.0345925934275343,0.0140600509846608,0.0163853259443895,0.0023660698409137,0.0308620992962967,0.0113451052772164
0891,0.0168307436806209,0.0021544150129228,0.0180682977382187,0.0053463089580926,0.0135335411397021,-0.0004944619826202,0.0217657978714985,0.0063915236253058
0892,0.003037874907602,-0.0068379110511275,0.0011680482037073,-0.0053620182896611,0.0012203265382417,-0.0102447503813991,0.0007891442439515,-0.0079944123095938
0893,0.0139870608837289,-0.0002967280973302,0.0260096182731787,0.0100642367103661,0.0096225460605401,-0.0024268727882679,0.0227225871457752,0.0087339198172981
0894,0.0034267324494296,-0.0080424540074323,0.0109219911720487,-0.0023185959526878,0.0012373532319757,-0.0096242735685515,0.0083345131906593,-0.004265216162569
0895,0.0018572835220267,-0.0118452515844413,0.0020068547366728,-0.0102064739289683,0.0003721721357514,-0.0134406487265072,0.0038554049504136,-0.0102118748493174
0896,-0.011486466524835,-0.0241103317846658,-0.0236495809103092,-0.0285827841657033,-0.0118282026623126,-0.0238478430050604,-0.0174790592018045,-0.0252311152881891
0897,0.0181205459965332,-0.006537084581597,0.0157598090219739,-0.0023716838180361,0.018007623698387,-0.0067021264305321,0.0180424116913459,-0.0019923097981576
0898,0.0060604408776291,-0.009032986894941,-0.0086026597050758,-0.0172052199319256,0.0049257229524429,-0.0106151817439485,-0.0117108958532823,-0.02123691136808
0899,-0.0063491815185128,-0.0118225231042936,-0.0038686721553829,-0.0092086836688179,-0.0018878488489393,-0.0082578419490655,0.002518190781533,-0.0050810789522475
0900,0.0103276844088161,-0.0055525679412577,0.0033232970424825,-0.0074625564628807,0.012340951732219,-0.0017856822701387,0.0098894647337447,-0.0016680887843478
0901,-0.0032140769183067,-0.020962280266678,-0.0087457545608181,-0.0216124089661512,9.251604926081778e-05,-0.0165419876861591,-0.0023590192585762,-0.0160154184497964
0902,-0.006648381819186,-0.0208250907047411,-0.0066191185736094,-0.0182770424690773,-0.004611455679108,-0.0196610639861087,-0.0074708131176634,-0.0185058954563327
0903,-0.0078505084780136,-0.0199093509775389,-0.0044542478052691,-0.0144573735096272,0.0015765802329963,-0.0136316337669401,0.0035930743596345,-0.0086651021288225
0904,-0.0066358491838566,-0.0166390159894042,0.0144020569284649,-0.0035488988897941,-0.0022235400897647,-0.0130892262328458,0.0232977309066662,0.0030574717869048
0905,-0.0117025437214945,-0.0197226541332713,-0.0082554522934207,-0.0200546767441038,-0.0122436912151906,-0.018689530292625,-0.0009933747588284,-0.0142524122124588
0906,-0.0035545686221785,-0.0108914006139549,-0.001632544500289,-0.0078915418374134,-0.0041560719119135,-0.0091304586466048,0.0022831011152717,-0.0032736585840691
0907,-0.0104358521146788,-0.0188105017035118,-0.0140080578233073,-0.0191523670962991,-0.0085522570111448,-0.01688583198827,-0.0115689210903833,-0.0168594744644927
0908,-0.0159775193470091,-0.0234116757774208,-0.0132558275903076,-0.0204053069541376,-0.0108329562146006,-0.0215674897776581,-0.0107009374105776,-0.0201831068077404
0909,-0.0120847395639022,-0.0173984654614544,0.0036358414656589,-0.0062674770780698,-0.0099443209504154,-0.0179847690138024,0.001987870596176,-0.0099195185729823
0910,0.0079859187979592,-0.003262086602499,0.028164224311036,0.0107268703618961,0.0079512773080119,-0.0052836359071313,0.0277193557157057,0.0083240320284472
0911,0.0168773574711878,0.0022615185055414,0.026165426790378,0.0109875429373544,0.0156216132317541,0.000586666810767,0.0245813498378812,0.0083768013859474
0912,0.0092023629644012,-0.0014562368218677,0.0260274030324839,0.0118239416683212,0.0087973193744438,-0.000753555275097,0.0291224084021802,0.0144173019783468
0913,0.0129980442148247,0.0012673071393927,0.0248860209946765,0.0113328345313949,0.0132955579337392,0.0020471335649795,0.0288068960204198,0.0139103400871446
0914,0.0055367189745362,-0.0119034551684858,0.0168736179908651,-0.0033980198300632,0.000344900707933,-0.0164096148711808,0.0105011972180927,-0.008491007037137
0915,0.0059388331280065,-0.0107339562174249,0.0154317858018203,-0.0024715770502302,0.000439870227146,-0.0148710750539724,0.0110301505817569,-0.0069634407192925
0916,0.0110948597246975,-0.0030971713324212,0.0269445668543638,0.008924747985708,0.0093927506691048,-0.006633874982649,0.0245157989151975,0.0036727853856269
0917,-0.0099833473953886,-0.0183608059072625,0.0078277249659196,-0.0062259767991927,-0.0057220340881837,-0.0170023156880391,0.0133253105487859,-0.0041594995610614
0918,7.320896176162623e-05,-0.0124529588071446,0.0139329605899835,-0.0016410209235963,0.0059883002771613,-0.0097744518624115,0.0164583960376543,-0.000775277817944
0919,0.0172728480571868,0.0071071216195303,0.038700785052283,0.0225560915664638,0.0168081958539642,0.0047535889617844,0.0347054974586252,0.0184099522161401
0920,0.0147894045384453,0.0005812904906722,0.0217241082777571,0.0082555031576718,0.0173842390651045,0.003012528138051,0.0208293518611305,0.0087604219175752
0921,0.0307227776459994,0.0103785735831779,0.0405330779202104,0.0187352409426435,0.0362350413589736,0.0151454613567448,0.047927643512672,0.0257461614985865
0922,0.012161437411353,-0.0033002022236358,0.0208835306570087,0.0032060423739509,0.0169179031080952,0.0040375301973801,0.0304480826171256,0.0141666109011606
0923,-0.0084967832068486,-0.0185121227405752,0.005969558054433,-0.0082769735528933,-0.0018830988102973,-0.0110837047184728,0.0158840142218665,0.0018041111822157
0924,-0.0032085325254639,-0.0185128450818934,0.004269575271607,-0.0118836919751254,0.0016218785290664,-0.0117069267292716,0.0165854037211499,0.0001049209900357
0925,-0.0033149958494433,-0.0180338796930991,0.0019002424691512,-0.0111468636189546,0.0009953979399157,-0.0134625654844635,0.0080249437249029,-0.0049923926108976
0926,-0.0003455743783497,-0.0156491630264306,0.0101995746893254,-0.0049887899331553,-0.0013504284533011,-0.0158633856323846,0.0088992737212127,-0.0055314643691187
0927,-0.0044480265663845,-0.0140148696176275,0.0100008126818684,-0.0021974369392276,-0.0037638883799156,-0.0137835541533381,0.0124006001279246,-0.0001927632550792
0928,0.0062382926721414,-0.0047128130848371,0.010155099663851,-0.0001746453497176,0.0016415205490098,-0.0093414795836929,0.0066141538151755,-0.0052246625246165
0929,0.0173076838695067,0.0036087244766076,0.0281361789973169,0.012601009498958,0.0082925405715633,-0.0043991394990451,0.0178687881913616,0.0033894933667764
0930,0.0136391772462664,0.0035392575154343,0.0122124240862576,0.0020422342470143,0.007100869754145,-0.0016315653608459,0.0055138775635687,-0.0036535303858182
0931,0.003018993961874,-0.0080680259145712,-0.0069731031521941,-0.0129406625443009,0.0038836118307767,-0.0082809576662856,-0.0028560133350232,-0.0118165607379284
0932,0.0122316826716911,0.0025906715701966,0.0138723273170775,0.0044430219099179,0.0107912139700443,-0.0013786099649489,0.0065563915195485,-0.0024044791422416
0933,0.0198002400824265,0.0117634400943756,0.0257908042953216,0.0180504709761489,0.0160881909101253,0.0071407400397227,0.0188300178950462,0.011918803373209
0934,0.0166207237353903,0.0101295905992001,0.0263943978258411,0.0176105116645234,0.0168916781880066,0.0079560279689173,0.0256075315410652,0.0148868178802225
0935,0.0175739235137022,0.0014026889549493,0.0261817005398899,0.0097572108845839,0.012776683175262,-0.0037421639381441,0.0161553170782871,0.0013053357991479
0936,0.0177880687359895,0.0057444646664964,0.0284977531977508,0.0165719017537071,0.0137682830914471,0.0015947944897952,0.0210698635786907,0.0103326375597839
0937,0.0138495375601105,0.0015030720288349,0.0217649549579085,0.0109305591173409,0.0131030982184199,0.0016914724866945,0.0209827059795844,0.0116139787300299
0938,0.0119785345576558,0.0005053752247134,0.0151653216302041,0.0058111544586458,0.0143588409032097,0.0011559063681659,0.0144818049914727,0.0042897114738968
0939,0.0315428984760583,0.0121623181414946,0.0174670702753463,0.0060524461570417,0.0311492825996716,0.0097882926366504,0.0151385054156642,0.0025447273477765
0940,0.0288538003394701,0.0097980902679156,0.0097309144762411,0.0014503316422501,0.0302893600341876,0.0090627602921853,0.0113513220791838,0.0001186525770089
0941,0.0263012446233406,0.0043926010753996,0.0106510395053383,-0.0021772116389,0.0282272987298103,0.0043052088542545,0.0141305453288599,-0.0021346735162703
0942,0.0157028256368354,-0.0052829337049198,-0.0098935067659425,-0.0182864021206829,0.0192891061629179,-0.00226212840611,-0.0069883871151071,-0.0148653671571787
0943,0.0087153920122679,-0.0098463910590645,-9.17301860446782e-05,-0.0126727264643789,0.0085084148140204,-0.0092579050467898,0.0022214816228185,-0.010449460099023
0944,0.0156652351940852,-0.0045984125988568,0.0016455001022701,-0.0099174458924958,0.0155311980129458,-0.0035391969375091,0.0071478451137673,-0.0068882931084706
0945,0.0111782008115441,-0.0062059636895065,0.0004212245435915,-0.0117616876453256,0.0086460386839715,-0.008750121253714,-0.0057069013156355,-0.016438868834946
0946,0.0076415420742953,-0.0097500117412275,-0.0033253845520275,-0.0161534530035207,0.0048721555418747,-0.0115325286336199,-0.0058811984893208,-0.0177056433531134
0947,0.0230534224625579,0.0012772173627416,0.0085269041575574,-0.0061125420632651,0.0183142346016923,-0.0016310267418023,0.007863630864533,-0.007894105670942
0948,0.0298256094439009,0.0110227171000694,0.0193902237258601,0.0100992401070362,0.0288697889775629,0.0095176347534942,0.0184567182605653,0.0080646897447123
0949,0.0308485265142707,0.011576462907711,0.0261470627600151,0.0119252408278392,0.0319989026508936,0.011427508470583,0.0233527018174641,0.0086427556661687
0950,0.0442776071461301,0.0141860760949925,0.0385150002176757,0.014695835247995,0.0485567021679386,0.0178713572269844,0.04034636896334,0.0175916782996557
0951,0.0257158264678727,-0.0004094018830614,0.0178908731130022,-0.0037117315994603,0.0263205188148892,0.0001562268694964,0.0155278217591716,-0.0040068032329175
0952,0.0337051794485109,0.0035265103088193,0.0278562406167958,0.002416612445692,0.0353939600426598,0.0049159726925899,0.0254790773597435,0.0015668090967429
0953,0.036981480331573,0.0085880519397606,0.0304541173900747,0.0079452576312782,0.0329549099897246,0.0051197426225476,0.0230065264519383,0.0017746801013706
0954,0.0133538840116405,-0.0087686780420591,0.0077456341472044,-0.0105548932385709,0.0112789260989969,-0.0109590257965061,0.0022326964978555,-0.0144509757535259
0955,0.0110579243965183,-0.0097677198665513,0.0038940901553717,-0.0134596123358972,0.0092122795984817,-0.0109956014353998,-0.0013338226153516,-0.0158824802904702
0956,0.0049395859387749,-0.0082150095651247,-0.0019558765938309,-0.0108332904290345,0.0043650380598068,-0.007857545607762,-0.0012777998972161,-0.0096884155864104
0957,0.0262686934968641,0.0064451367603031,0.0256865506793416,0.0078171491986238,0.0296465281419661,0.0111183707591951,0.0285504747798415,0.013342784976988
0958,0.0177966700596036,0.0008365570271148,0.0234908089053044,0.0078451716961408,0.0164138964746843,0.0004884076237928,0.0209037697310624,0.0075293845815594
0959,0.0263820806513277,-0.0010248911899742,0.0216608620033486,-0.001917343892234,0.0299092234507594,0.0025704428527551,0.0247116245941704,0.0016650180213342
0960,0.0223818699585935,0.0069252552124735,0.0229732306054293,0.0100146327513562,0.0251336704242451,0.0084031568280027,0.0241354398650217,0.0106868006010938
0961,0.0199310119547076,0.0024819475430364,0.0180386622789569,0.0048865649205178,0.0205148265405602,0.0047428017361334,0.0202801835926588,0.0083275809832229
0962,0.0364585671236821,0.0131725995316552,0.0287437529714763,0.0110769284128358,0.0415982470326363,0.0176029381124275,0.0317684060373481,0.0148572209256665
0963,0.0305896528553394,0.0093688759569217,0.018780102147744,0.0055157419138238,0.0358953957664619,0.013110581123955,0.0199676001133291,0.006491998835744
0964,0.0429999053180304,0.0239924700783263,0.0366146993687726,0.0213414134862398,0.0453339247394673,0.0258200966584869,0.0373338581547065,0.0220949742544137
0965,0.0391707003491187,0.0173547354805709,0.0289492273517555,0.0117298914706975,0.0416619871193939,0.0199792252180685,0.0324132844531538,0.0156315834457347
0966,0.0423887711929221,0.0204789473065568,0.0285698807530525,0.0123903909748272,0.0366805659960401,0.016183874432799,0.0218229787819247,0.0078068226836274
0967,0.0583834834269548,0.0333570154496318,0.0527700058222002,0.0305885847869215,0.0537988957310108,0.0296933901278144,0.0474417232748927,0.0269758576720372
0968,0.0348220368756234,0.0149039043642104,0.0251477892087826,0.0097765874857108,0.0313157908572777,0.0128269899299572,0.0227833043703278,0.0089916066070205
0969,0.0367641273527474,0.0139453177003504,0.0228553774265704,0.0070131587226822,0.0381455920289684,0.01457984708408,0.0244938356404923,0.0081802530643712
0970,0.0178296146921696,0.0016197082484787,0.0133385625827287,-0.0008943357382705,0.0212461612713019,0.0040260376795799,0.0123546318462527,0.0003337449807343
0971,0.0025879683112028,-0.0125481073233222,0.0019586245049964,-0.0111304485817248,0.0056943443239101,-0.0098439121218994,-0.0035746493231857,-0.0121435531405453
0972,0.0147151216721489,-0.0043775007761419,0.006147583806065,-0.0066837810388364,0.0114493428114747,-0.0087498801616354,-0.000581627153023,-0.0136435584337605
0973,0.0135268619487109,-0.0056436288039868,0.0150126532502319,-0.0025587709944004,0.0110299203490314,-0.0075114558932469,0.0117537780452864,-0.0050278076322592
0974,0.0063487998699674,-0.0077058352271262,0.0031191839420984,-0.009870104792182,0.0074297010615416,-0.0061894099067847,0.0069833209019316,-0.0066134207708229
0975,0.0132130562715793,-0.0030987580885405,0.0179077265401656,0.0003046466556442,0.0058692148651943,-0.0083610657083963,0.0065234910123975,-0.0066295422562571
0976,0.0032268077141736,-0.0138396203502631,0.0073324147060457,-0.0107886805013776,0.0003447354750625,-0.0144660951004224,0.0056601681847376,-0.0108271087782071
0977,0.0114558022788834,-0.0039777038054811,-0.0043867068069033,-0.0110103978557228,0.0109757476195285,-0.0046058951069562,-0.0050751508061498,-0.0115668748013687
0978,0.0121633633572247,-0.0006901492761612,0.005098417815742,-0.000327785397299,0.0120582301692899,-0.0005241685994841,0.0087469829340014,0.0021434424371623
0979,0.0126900755990944,-0.0026579963051471,0.011389023120054,-0.0003825132400768,0.0132357297958297,-0.0039884036294145,0.0133652192877533,-0.0005810674577201
0980,0.0240609765338578,0.0132538385539292,0.0209420253897002,0.0114357970183277,0.0259783081948846,0.0150689717139287,0.0253554565823467,0.0151827482008422
0981,0.0134975074523976,0.0077447133469235,0.0086126511479141,0.0049871756254148,0.0169395189914442,0.0095457036122795,0.0083524016302942,0.0052621963493096
0982,0.0088485316045675,0.0058615348001385,0.0168290358082313,0.0098165858626121,0.0089985412114775,0.0070310249773256,0.0185901702564192,0.0118582977934044
0983,0.011448816302065,0.0106594617777215,0.0230940200984403,0.0186286614501143,0.0120945319329791,0.0106025622960381,0.0275753929218049,0.0201925836822194
0984,0.0153423305969007,0.0142284294832859,0.0192795897635552,0.0175271389248428,0.0169166143644619,0.0140634015287768,0.0203024628562478,0.0167845539147221
0985,0.0216919632218173,0.0237304434814448,0.0237416560489742,0.0280735873975342,0.0244011359211389,0.0237911321878934,0.0275037600044486,0.0277987465158651
0986,0.0163640739641389,0.0167508963024238,0.0259841680543074,0.0249152150972478,0.0192364849810682,0.0201042054535015,0.0323171660076229,0.0297828028933755
0987,0.0214902107792999,0.0143172168705878,0.020079469083218,0.0146173502531228,0.0216387039226858,0.0164221371042897,0.0201229626901274,0.0172972616932659
0988,0.0336793112442088,0.0195080455728311,0.0406731322521354,0.0264380191687877,0.0372797726756611,0.021321879098615,0.0398070344443976,0.0253695970281053
0989,0.02791297569509,0.0117360210346427,0.0342852980043078,0.018546066680617,0.0308337794224898,0.013124306694137,0.03859949850754,0.0197731930854157
0990,0.0346062690774004,0.0192432323117639,0.0432601947143609,0.0247681983745815,0.0318748095298931,0.0183860723285762,0.0411323366995441,0.0240062073940639
0991,0.027195810276285,0.0154359464385395,0.0246961081657267,0.0166714110360152,0.0235187619556867,0.0122547116398932,0.0201637501344824,0.012580209828298
0992,0.029214828894044,0.0111511051666885,0.0277290640135834,0.0132758081352133,0.0253818492498648,0.0085261398399048,0.0234745233135951,0.0100669166356651
0993,0.0251326342563455,0.0063353441551945,0.0342616966207902,0.0145276890531707,0.0198557499360083,0.0031508240998283,0.0288063765807535,0.011300687657322
0994,0.0338820594814042,0.0110431437110732,0.0295451692159562,0.0118561922877239,0.0236002356865191,0.0032753033183326,0.0183037410239715,0.0031687983072766
0995,0.0294752383920306,0.0085152143507215,0.0333678074813557,0.0148131985693139,0.0144741609598664,-0.0020029854801856,0.0218334424296371,0.0055351858030978
0996,0.034911585465273,0.0190107178106283,0.0404790657209846,0.022660198453733,0.0250132677049191,0.011049356091403,0.0297722046559481,0.0142093697652762
0997,0.0239732015956126,0.0065165416158331,0.013985772579959,0.0007956294074956,0.0229553785783304,0.00516541471887,0.0135545485203239,-0.0005447701737987
0998,0.0323313898116713,0.009719183343286,0.0142452906237539,0.0001475949811653,0.0324038550171011,0.0117887021287403,0.0141352636411722,0.0030910593735463
0999,0.0262754949179845,0.0109547235438408,0.0118514211545799,0.0015072032043127,0.0266121850246332,0.011950371865036,0.0114694209291163,0.0031962438618624
1000,0.0140845205426381,0.0041997446183661,-0.0009156139838857,-0.0062934194475116,0.0179732646928644,0.007687270053633,0.0062977313465901,-0.0007841071477752
1001,0.0071718186317582,-0.000478575010097,-0.0020473339483217,-0.0084784919542907,0.0024586822447049,-0.0048647020611702,-0.0067001686616887,-0.014298797058101
1002,0.0158442435005511,0.0053310281798541,0.003318165965173,0.0014335794949083,0.0143129364749506,0.0049709807184599,-0.0002009749698312,-0.0010484200919261
1003,0.0031083056469724,-0.0004620435314347,-0.0059853057395065,-0.0050212347342291,0.0042306494426968,0.0015609128408451,-0.002281256197612,-0.0016719410753279
1004,0.0011499858046056,-0.0037349941917236,-3.101710307217903e-05,-0.0049161881740348,-0.0007126359658545,-0.0052022602406894,-0.0045440349948859,-0.0081129954129793
1005,0.0084535441185004,-0.0044203203119413,0.0001092202976541,-0.008365614701963,0.011279150818285,-0.0022894497261093,0.0034474373495475,-0.0063286980084337
1006,0.0149761284754564,0.0063370091325353,0.0125174689769859,0.005394123465387,0.0173798723502595,0.0081645107145143,0.0137526069504219,0.0065919828073601
1007,0.0127494216066533,0.0013698100117629,0.0132153252403095,0.0042280311638495,0.0132786731637566,-0.0005255438122465,0.0149804256858181,0.002086554185366
1008,0.0115280560627501,-0.0031618987997686,0.0155497089984273,0.0025457457636999,0.01050211162237,-0.0054790793520517,0.0120356014152162,-0.0011055502618276
1009,0.0159776431922782,0.0006556413523841,0.0173356064547298,0.0054454476136701,0.0172276521840467,-0.0005048688035094,0.0211383123327586,0.0043919234792995
1010,0.0227787152528324,0.004455137446598,0.0258875568227422,0.0089384812670854,0.0235928815748897,0.0032812200877687,0.0263421975197313,0.0075599490106432
1011,0.0045697500351188,-0.0152480520641856,0.0033123245442745,-0.0114755999522538,0.0020755555443163,-0.0163505081821582,0.0100925118552247,-0.0083162782624898
1012,0.0063687294758119,-0.0137262965976547,0.0072170670971549,-0.0071576134527245,0.0092760753478219,-0.0122695076055333,0.0115407771513927,-0.0049547976461773
1013,0.0065220838281566,-0.0105238585350579,0.014276317179765,-0.00340622917309,0.0027469965985597,-0.0151092134782701,0.0030327921174229,-0.0119729220990379
1014,0.0259649730918118,3.755572236760113e-05,0.0301387329269154,0.005023602322806,0.0246106376177733,-0.0031384422616145,0.0277675362570476,0.0006618398621247
1015,0.0219535545904294,-0.0059811346062142,0.0156652096282255,-0.0028129686950775,0.0230233880692817,-0.0060344732963172,0.0204372923673582,-0.0011415690593724
1016,0.0242421023700694,-0.0058668419306429,0.0232578131555165,0.0002807985608095,0.0260015329328428,-0.0051470214117999,0.0278872492034931,0.0024802389856864
1017,0.0107678646437307,-0.0081387829045672,0.0161178006840607,-0.0015602522834463,0.0140976817675635,-0.0059221957856292,0.0176407127933758,0.0008231518733119
1018,0.0256912909685009,-0.0003048454792803,0.029614108879624,0.0062747429023901,0.0262990724180272,4.468673267434474e-05,0.0278052528462012,0.005502078000495
1019,0.013304663985027,-0.0100171536717782,0.006643782428695,-0.0089612396779554,0.0073824876338369,-0.012754594372831,-0.0017508554959351,-0.0126900529424717
1020,0.0081483168069859,-0.0103634225040721,0.010779305651856,-0.0030426627397149,0.0064096203553533,-0.012083838262785,0.0067055877731344,-0.0067331066010257
1021,0.0094798381294877,-0.0077391932017209,0.0126075376805449,-0.0012306801678546,0.0146708319816712,-0.0042125023375307,0.0177671099377196,0.0020323482180831
1022,0.0125194446669949,2.050589749848324e-05,0.017157437762317,0.0072575782177687,0.0125225432493549,-0.0012970410641459,0.0153692282200732,0.0051972610778084
1023,0.0078930577712187,-0.0066242873692357,0.0154503222214172,0.0019579224721062,0.0082328049241081,-0.0085247501836471,0.0146132719839499,-0.0015846814286072
1024,0.0057704269304364,-0.0090550773898422,-0.0021419751736415,-0.0080248973497298,0.0089698664052562,-0.0075623126707674,0.0076539889067602,-0.0040247145708203
1025,0.0003502086975161,-0.0160506973739925,-0.0013098918625597,-0.0133272400641668,0.007199778516129,-0.012322304833368,0.010370862511364,-0.0075378751462863
1026,0.0063472478972198,-0.0114255617272417,-0.0013196991253553,-0.0118892107676243,0.0097052482062294,-0.0093187150593749,0.0086163483072138,-0.006762818509902
1027,0.0178291727396835,-0.0037824098517301,-0.004727696138212,-0.0133369906148511,0.017606658937364,-0.0028699716245415,0.0040276682918732,-0.0085198067334546
1028,0.0287926930974233,0.0067038694102707,0.0060864303406324,-0.0021484666497015,0.0292889280471746,0.008638915328592,0.0172048346971974,0.0049487693300798
1029,0.0263128706618028,0.0068984652991478,0.01156120564656,0.0015081883597751,0.0263636977009487,0.0059058621861977,0.0163393419425649,0.0025079715800599
1030,0.0239242894982461,0.0070789078811848,0.019351041100316,0.0074556339132364,0.0178589979507708,0.0001688651227692,0.0130228266931575,0.0002057380544954
1031,0.027921477296264,0.0102585693426674,0.015044149608368,0.0042859032813289,0.0221738909067011,0.0066937346389043,0.0129786369444412,0.0030683518055044
1032,0.0007549847845909,-0.0156854213435686,-0.0114073706061916,-0.0196101684405972,-0.0022727839609011,-0.0184029197063844,-0.0135217155162779,-0.0224021116839104
1033,0.0165203222823128,0.0017283910075153,0.0176426272563061,0.0046918326517667,0.013928590279837,-0.0013025950630265,0.014861199377495,0.0014186374650545
1034,0.0283013605049705,0.0150056401400848,0.02806615269718,0.0202313992751331,0.023808395406874,0.0096821993756573,0.0226678686666404,0.0149628450994138
1035,0.0155318610502007,-0.000454972964685,0.014638125799573,0.0034786152290279,0.0162556105912428,-0.0018685932381535,0.0143844607948943,0.0018454916697392
1036,0.0178695089146848,-0.0025699339471951,0.0166111113278286,0.0020538977726127,0.0196824776824826,-0.003848600868947,0.0190572705763391,0.0001300086809679
1037,0.0129064655267744,0.0023772876637935,0.0085362565358738,0.0027201581218593,0.0193533919203535,0.0055698757868228,0.0146751487652749,0.0053729755533382
1038,0.0258995942260256,0.0132946058759307,0.0180200356929951,0.0114793643155139,0.0253644131338391,0.0120719337966429,0.0170910821947693,0.0094627609986393
1039,0.0336993649864382,0.0189297485574929,0.0364417839930584,0.0230206609669189,0.0342445731915184,0.0189927538453724,0.035670369789581,0.0228285689766468
1040,0.0189122721053589,0.005649818909369,0.0104467570408418,0.0013728987641759,0.0187001150785132,0.0055487886787718,0.0103138709639333,0.0016556810923667
1041,0.0120425315113891,0.000290782383147,0.0045579265680928,-0.0034274732616804,0.0160335169425047,0.0022924925633049,0.0046857960978672,-0.0039419777695644
1042,0.0157961586868021,0.0055627899937825,0.0136992727260183,0.0043958873007418,0.0184930256276302,0.0062205660535582,0.0149709462621674,0.0038333558333274
1043,0.0149570175610727,-0.0011251177916728,0.0145751494874019,0.000712741982848,0.016821948578937,-0.0008537861919498,0.014876848104549,-0.0003137175110521
1044,0.0240239214943302,0.0049204538672993,0.0189435324968599,0.0029040817638918,0.0224153464761475,0.0033895619377604,0.0145932036581738,-0.0004278587132287
1045,0.0128860111549046,-0.0094024040956751,-0.0013180482676128,-0.0156662889751203,0.0139375264183213,-0.0092320127521683,-0.0035115708528614,-0.0180191624670584
1046,0.0123568549496142,-0.0121341007100782,-0.0058082035107982,-0.0217893121824289,0.0090645944039442,-0.013202865960698,-0.0092089393158748,-0.0235437739606634
1047,0.0125798768907951,-0.0089497856162025,0.0005504787941666,-0.0139033117750138,0.0127261798418758,-0.0105662883161942,-0.0028268839877426,-0.0180959213080352
1048,0.0251527301145555,0.001902114780446,0.0156744765537353,-0.0013982785012558,0.0210623437824862,-0.0015248228130244,0.0087509750185664,-0.0073914456907739
1049,0.0298541311876715,0.0063227749698759,0.0225647063959099,0.0055430214641755,0.0268973169177278,0.0030780375660373,0.0191957466775804,0.0007858813621076
1050,0.0245792607702748,0.0027361462352456,0.0263896329010034,0.008410317981433,0.0206117883841912,0.0008846470295361,0.0207380617785564,0.0059934857445054
1051,0.025469353636983,-0.0019261897998946,0.0254140199760223,0.003599920841737,0.0222366092299274,-0.0028726280566451,0.0192090952392301,0.0008940801266939
1052,0.0220733159037101,-0.0019565018582972,0.0187934191850075,0.0011329187240581,0.0193194089947889,-0.0045339193372147,0.0132742568559797,-0.0031743656338015
1053,0.0042290685123059,-0.0151046961548825,0.0140729766957353,-0.0030613399103297,0.0016622121443673,-0.0162066933677604,0.0108244564928476,-0.0056053279287926
1054,0.0010993140888347,-0.0116644609323949,0.0074472882290777,-0.0046999255893333,0.005143256253122,-0.0095533501167295,0.0065400523319241,-0.0051025994886471
1055,-0.000850210831357,-0.0105558101996607,0.0001448086986687,-0.006310381324793,0.0032460695393879,-0.0085660639712491,7.835940304353622e-05,-0.0060096693516003
1056,-0.0136389661515307,-0.0244681433853743,-0.0188098230728397,-0.0240736499769785,-0.0121559732545513,-0.0240092035631982,-0.0158153020469702,-0.0227467152272319
1057,0.0073207987125657,-0.0056570776680028,0.0050966228750114,-0.0032685062573764,0.0046342207961701,-0.0072865170125759,0.0031116042633773,-0.0041137398508123
1058,-0.0011428913576665,-0.0163096846432384,-0.0103435244330628,-0.0161533569875252,-0.0052670729584366,-0.0178534840742267,-0.0125888373931903,-0.0152883916629435
1059,0.0125762643263781,-0.0019502793962318,0.0051789746564434,-0.0031822638823276,0.0094680949773282,-0.0024945032243379,0.008038713116578,1.5871774730600667e-05
1060,0.0174364595718569,0.0025189986245897,0.0087680046389029,0.0002859822237418,0.0138785528514693,0.0028615649817462,0.0111870347177411,0.0056655791193312
1061,0.0013193989415664,-0.0072787666396616,-0.0010341576369218,-0.0070060876457326,0.0010578098098408,-0.0059338954747589,0.0011330318929317,-0.0034921009763703
1062,0.0147874068663338,-0.000656034159124,0.0014005726608434,-0.0053898061919432,0.0148879173528742,0.0001084336218058,0.0024511435066225,-0.0039442657656271
1063,0.0017590290631437,-0.0092988429352979,-0.0020498943419623,-0.0112181940661179,0.0061389230679052,-0.0080893159021533,0.0022325139940383,-0.0094489352626163
1064,0.0126946232152311,0.0020795430745683,0.0053053882884506,-0.0022847017514357,0.0178618267714113,0.0029714394052384,0.0076697140560179,-0.0022103402520071
1065,0.0191886224859933,0.0127842954107375,0.0080685620703099,0.0046548226915323,0.0272485366565772,0.0174142180607343,0.0226423382991876,0.0130242702143469
1066,0.0169996737791711,0.0085314756501356,0.0077786836025916,0.0006030097442998,0.0199211001235184,0.009959840840958,0.0128081490450407,0.0040845990250848
1067,0.010124214892309,0.0036169717702419,0.0011548693068874,-0.0045056031583947,0.0157953567646689,0.0072230916026577,0.0108347313876393,0.0013272118998053
1068,0.0083098725343671,0.0033025140639604,0.0074886122100054,0.0014920699965151,0.0101705691767505,0.0031099132386356,0.0109182894536811,0.0019749888408154
1069,0.0046894894905168,0.001095633058575,0.0003918749810047,-0.0023882590255719,0.0033663268197495,0.000207723382808,0.003257536930715,-0.0005429882111103
1070,0.0070329503046408,0.0012512712690297,0.0030618755683865,-0.0029962979329263,0.0084665359402745,0.0013733775607307,0.0141401187344115,0.0016157778436269
1071,0.0077349643841515,-0.003155396360961,0.0044043420590084,-0.0064916429503782,0.0066819037425578,-0.0028578249327713,0.0070855044361604,-0.0029349161891682
1072,0.0148244724674676,0.0103124962276755,0.0046113233305748,0.0015496357278236,0.0150228740536151,0.0121230851771519,0.0125035160560286,0.0081435785490644
1073,0.0180010088563162,0.0085808055399355,0.0122076588281448,0.0064733861847402,0.0173141797448238,0.0077414059401512,0.0157946470101384,0.0089270703655833
1074,0.0170031349155529,0.0077655193506752,0.0061694451169841,0.0010175719713706,0.0075592810954314,-0.0012011021842854,0.001081870162633,-0.00621819248665
1075,0.0261985037543685,0.0109060670320336,-0.0013731664834122,-0.0053346004228486,0.0199035394036489,0.0056441738576692,-0.0050608503951403,-0.0086676846034682
1076,0.0109885902567442,0.0025742911212542,0.0056600513477433,-0.0011184504946331,0.0033553923473923,-0.0017553111125311,0.0021036686400101,-0.0022117814876668
1077,0.0340455091400821,0.0100015102193291,0.0121842855012083,-0.0035730850598215,0.0285502581650642,0.0058942677296169,0.0098958202485785,-0.0054170937315731
1078,0.03194918037792321,0.00441174744518165,0.011383566577527529,-0.006651771156480713,0.023444370901202747,-0.0024484696376077908,0.005070743080320364,-0.012019039503703274
1079,0.023336810211287074,0.006044918961123243,0.0025485793207546035,-0.006276104377346958,0.017625994921287594,0.0004232903012722821,-0.005969651408287195,-0.013146585743698118
1080,0.01752504705447042,-0.0015287274598968072,-0.0035371735636751086,-0.014182065767782382,0.006904252247174515,-0.00932971808995188,-0.014377872561602585,-0.0215641239888933
1081,0.02474049758394503,0.004041215814250409,-0.0016702238640012022,-0.010995058789234102,0.019535080148422087,0.000569135606051284,-0.008603002029494562,-0.014016206404192048
1082,0.022125536363160715,0.005432974972222614,0.010739939149907262,-0.0002455899929040325,0.01603397339988227,-0.002015635897767737,0.004749466214769428,-0.007778093571461105
1083,0.00623156979061234,-0.0051941072908388486,1.8126344841628074e-05,-0.00765683720494646,-0.0019244719979936876,-0.010987857820409834,-0.005039296527952614,-0.012410851771978579
1084,0.00996977766320812,-0.005117047527876605,0.0024821919041682055,-0.008253749065396342,0.005587048291352527,-0.009710402601485747,-0.006054792832487273,-0.01601132645474311
1085,-0.0023990496135978443,-0.012157130676975702,-0.008684292974756905,-0.014043394165149947,-0.004401209043498794,-0.016097089140122194,-0.016496426676587697,-0.02181645964054686
1086,0.012346326268019929,0.0037332924004834685,0.005665305841483161,0.0018165094402770169,0.010321494372983478,0.0017523647445756858,0.00433510412381406,-0.0006374490305495648
1087,0.039235298673542335,0.02959418567754123,0.03576925980084,0.027140576747729482,0.039580081454225154,0.028506715919651964,0.03419389415301325,0.024864255624779483
1088,0.046728290311022935,0.03189152146382053,0.03410674691902002,0.025065878759591355,0.04536478634761402,0.02896161150206447,0.030796550305320105,0.020162351729655647
1089,0.04740634177803791,0.032698490507087064,0.032024523142353385,0.027659691517546738,0.05343435511592553,0.03623422758067805,0.035978283139949344,0.02992465446043519
1090,0.014600765942545592,0.0042154868551583045,0.007308879529024519,0.0003870837398489167,0.01793064814929877,0.007813229009031534,0.008870458830590193,0.003052118192319918
1091,0.031888237027098205,0.020379682213772867,0.027537191811174734,0.01809723309100575,0.0307191269570562,0.019374836642451904,0.0230085195716424,0.014966759682996739
1092,0.025170161417854487,0.009886536470552123,0.008038605721980603,0.0011955173887897592,0.025805682173399583,0.009825993814949585,0.00802808266224503,0.0007794951823428432
1093,0.0242722294673119,0.011612003036203026,0.005736640451671017,0.0004317077116266263,0.025626691852935063,0.010572624401605729,0.00335839418528647,-0.0021541904591643197
1094,0.02138705341630112,0.00721948935488951,0.006883772529262927,-0.0006353074604899023,0.018091884257571227,0.003004912207245991,-0.005454278200207697,-0.008871858808625283
1095,0.018475649828785502,0.003960934012968346,0.005247811121702,-0.0019640314324350324,0.01799064300205897,0.0030077989681939533,0.0017525372676241075,-0.004228340498324852
1096,0.01352873439211223,0.003913533151196887,0.004990881386565845,0.00027437735027968256,0.014611533813048642,0.0034571308293193494,0.003099033300105157,-0.002405068207551283
1097,0.04266825512479291,0.019888458096759598,0.0349796946981914,0.016390452479059677,0.042690363132183363,0.017746651586941727,0.032252081200317646,0.012334621252039567
1098,0.027117511597483556,0.013783051957513,0.01972122031067675,0.012171625826597875,0.023847651494836763,0.008479510622227897,0.011456456733531831,0.003132119020486163
1099,0.022692608604702964,0.006966420610459738,0.016866633559557833,0.006265260853936449,0.021783481792666738,0.003752695364589237,0.01288861462048602,0.0007382300214953493
1100,0.0038195563381228643,-0.004057838856026745,-0.0018157103328077992,-0.004295100864436768,0.010780212565606,-0.0008458771612374923,0.0019285214254108098,-0.0037149107368929044
1101,0.02757160176925973,0.012134871515249314,0.020587457884694384,0.013189007576718984,0.030587990395558803,0.012347677420163765,0.023857306888898887,0.0124079868750223
1102,0.02791916229802653,0.010899926577989738,0.03335117603856098,0.017219670446743798,0.027825536811939864,0.007161733826388944,0.027264358764641065,0.00913568672525978
1103,0.018561512257855114,0.0013968963249705111,0.02628016926902679,0.008844929948480074,0.01407935632841649,-0.002606084395026609,0.023737150488081917,0.004873730282738312
1104,0.027741036083040176,0.007180470794265273,0.02430444535650256,0.00878630013548782,0.020519752672288814,0.001272330867332127,0.02213114292365927,0.00455950445889838
1105,0.027404028915851097,0.004333891141929792,0.020689429688510157,0.006929992305115705,0.026969346760557147,0.003019421118853037,0.027329495087884768,0.008429531713005978
1106,0.039168209750891664,0.014693177567680599,0.03445366448630731,0.016453570474002862,0.034828829176569674,0.012410546323074284,0.032608257099009885,0.015311186137741592
1107,0.02076217322836104,0.004330185430443881,0.021019278966328183,0.010410630477005122,0.018857446797641963,0.0025806596355182456,0.021719389565072127,0.01019708476596403
1108,0.019660948981773608,0.0028720290564811877,0.010331121269160535,0.004111743086693152,0.022407780521377332,0.0034971679988248607,0.014633083626757684,0.005348910678383588
1109,0.020189328551749337,0.01130339151810012,0.021466673310724358,0.015049150313951428,0.01991162981015005,0.008268015464285195,0.02097765452844951,0.010952901598226143
1110,0.03254026527707643,0.022705208312353734,0.04122489421407693,0.030879357878468044,0.030268891017801218,0.0193606139928783,0.03807650664048179,0.026662516061448618
1111,0.01860523434488399,0.010940109509578268,0.01374598853754242,0.011007300845018268,0.019425259728412445,0.010218850284973392,0.014790999606694019,0.00992544812691709
1112,0.020625671051645637,0.009506950760057255,0.018335517582427827,0.00994865546534114,0.022220066945928135,0.01272899914757381,0.01750663837454754,0.012820393508904775
1113,0.009531204354664433,0.004346778794624817,0.006429755706177534,0.005934766469663617,0.00969955795424311,0.0041524828276096335,0.004945800793668525,0.004287081308991881
1114,0.021435201024213788,0.012158363680307623,0.0164936031037013,0.011102594019437183,0.019018491044081376,0.008716735705806165,0.010683357357392974,0.0059972176255457975
1115,0.012297336493640178,0.0037655192569332214,-0.0012453432392492926,-0.0019022364421986933,0.00914896749919154,-3.7974032814079646e-05,-0.010026626439298334,-0.0089434120033543
1116,0.020427984675162575,0.015710027683947803,0.012696376831129575,0.011488919820333496,0.01787390013160098,0.012433653531189059,0.007837554928281924,0.007059413572826653
1117,0.007782069125168887,2.2105106397565027e-05,0.0025587666080855186,-0.0017215856491743593,0.010014948666934764,-0.0004075483858138396,0.004810658902763079,-0.0017209543801156198
1118,0.015072547776726652,0.004292309335738807,0.011769168449592072,0.004307822387491393,0.010644613024315215,0.002415774633578889,0.004308408322018236,0.0009948059781652772
1119,0.020834442766367936,0.005989613646582611,0.013566920047507099,0.0032977175398958935,0.02257455616652406,0.0061350788991690304,0.014601980329259238,0.002733597272007826
1120,0.01500448745709718,0.0040430643941119495,0.01426726886500531,0.004109101853079508,0.01141695731583974,-0.0012464996992987219,0.00665270549570738,-0.004122221017945982
1121,0.00961279454475714,0.005510240626971654,0.011319317571786903,0.008555769242468519,0.007760825470798856,0.0025291948821486317,0.00721715238962028,0.0033278246436391546
1122,0.030411636924231517,0.017382860757711276,0.03259740046883018,0.022314233442593083,0.02763173972575008,0.014107245942463419,0.03436563708710868,0.020690574290614452
1123,0.026980628963990883,0.0081431254871933,0.022348322245976906,0.008267266216514796,0.026812138782973546,0.007883062738582915,0.02200470165373136,0.006788019849976087
1124,0.015265572518976454,0.0014655228892486772,0.017713435356556333,0.00631744814717961,0.014929701961592507,0.0016852623323988744,0.02071490032921878,0.008078806577727294
1125,0.02802440758199281,0.013296142618708047,0.03461843903209962,0.01999604512460089,0.025432467822618834,0.00941159428804008,0.035278736584855024,0.016842002159474845
1126,0.022642890382871574,0.0096528642476195,0.03707131836144361,0.022203705444810956,0.020393733472060763,0.004813256865653385,0.030645219487985407,0.01493666979285191
1127,0.0017311259312527178,-0.008582488592176547,0.012056342472464539,-0.00013044807709493858,-0.0018897777207342733,-0.01247635762486344,0.006503693503956308,-0.0052049539831376
1128,-0.0042956818107161565,-0.014107705872762022,-0.0025827884278224376,-0.010713947596112694,-0.006207831899637961,-0.01634294001725473,-0.0070761792160568115,-0.014049462056255811
1129,-0.0019986175026474803,-0.012460689461291504,-0.0007702987870180908,-0.00924042058166892,-0.006077538606604191,-0.015866423403072077,-0.010834443482001237,-0.015280266914091937
1130,0.010963714176004767,-0.004470775326921551,0.0009167045158359667,-0.008444893598238213,0.00755190006010098,-0.00784826074485501,-0.005019305065758976,-0.01400104733788658
1131,0.0002471909184791761,-0.01446292919006188,-0.010983053245687989,-0.018968211512481913,0.004205124768565531,-0.011759623080470273,-0.008622625153018914,-0.01687190479822447
1132,-0.0015505799912352255,-0.01579250947377065,-0.009756967732794723,-0.019693529124943945,-0.007217968866595444,-0.02112304339292914,-0.015878543502614955,-0.024965557172667588
1133,0.005486636357080215,-0.013874069142112417,-0.0022066015821074684,-0.015381415220949787,0.0002061304591735558,-0.016660908258745007,-0.009013942958526821,-0.018633017414571375
1134,0.0034003372357206754,-0.008324264659444781,0.0016310571521453584,-0.006972075195438924,-0.00021396913575274514,-0.011018963123417783,0.0009013981358519347,-0.008395428258752039
1135,-0.012679401356153398,-0.020384179876508774,-0.013536210127510587,-0.016660416147143337,-0.015018578922111654,-0.02352382582575835,-0.01770126317386364,-0.021037958359691862
1136,-0.013601896058930764,-0.022380538295541298,-0.0208159558622482,-0.024203982703315068,-0.014584013971875306,-0.023098959133238523,-0.017002407034923075,-0.02195026014175508
1137,-0.0069628301404944665,-0.013600875140903307,-0.010814007812503837,-0.013746989438526848,-0.007964449300887659,-0.017040532962649648,-0.01011572839427066,-0.016507432441665332
1138,-0.009883121791834553,-0.015257405348609726,-0.014671264241158636,-0.018191517756520035,-0.007952978721504566,-0.014498060419467704,-0.014894529918843342,-0.017104096595524348
1139,-0.0001375497471766156,-0.006833816381441321,-0.006211290272877349,-0.008669464714794932,0.002151287150255765,-0.005514757163004383,-0.00026836544507669393,-0.004230229682738221
1140,0.012951742749028099,0.00525761922115908,0.016688837390164763,0.00778537161826,0.017308642100821156,0.007879485068150253,0.020740199715721327,0.010619522136846329
1141,0.0017210379825811945,-0.012207248727452729,-0.0025423772386664644,-0.013416993454236022,0.006876939543953647,-0.00726026449351768,0.0075108515632785824,-0.0059051028742074345
1142,0.007876151437365931,-0.010893835955845638,0.006344595714768291,-0.0095546079316806,0.009297763955154472,-0.008386508909689205,0.012467727992560487,-0.004437298636297026
1143,-0.005716774121614627,-0.023053736368727946,-0.01199085819630568,-0.02586826523831632,-0.005064398347722229,-0.022275735585447178,-0.005865629546622601,-0.022155834437463537
1144,0.005080033999589928,-0.012807695690554144,-0.00024326282812197228,-0.012838153535055458,0.005174317661363875,-0.011626649845162542,0.0014722193199793383,-0.01048474189387342
1145,0.00302044792171523,-0.013879151781236143,0.00046386079869744756,-0.014341171417184205,0.000202323027926236,-0.014233374641391258,0.0007430809722044123,-0.012566580208525326
1146,0.0010710400442136443,-0.017480867942356575,-0.0013037408767106896,-0.01620295823477231,-0.0007127799749987589,-0.017948923939453233,-0.004329335424758945,-0.016619068805768453
1147,0.011044599333329304,-0.007733424453523598,0.01038797536256652,-0.00562560686225576,0.010281599817242339,-0.008462029307649863,0.011387327245601042,-0.005647123523650839
1148,-0.0009761563887559734,-0.014289280490749292,-0.007430872181391205,-0.0175315789885532,-0.002049863444075276,-0.014330947392805557,-0.005887605647166855,-0.015372691191728103
1149,-0.004506223616314791,-0.01721938954731365,0.002341948715839481,-0.009551398074538333,-0.003483109582297475,-0.015574744779224893,0.0059574315693958135,-0.0064506839669083195
1150,0.0021082822875877517,-0.012733051667708849,0.009651098584069474,-0.004937054111847049,6.233356849251726e-05,-0.013315868018284037,0.011777519499636837,-0.003190360430502335
1151,-0.004852251588969198,-0.017617596798439033,-0.008645542128381289,-0.014868937287167627,-0.006498362423022801,-0.019841952680576938,-0.01674727996299882,-0.02017256729841487
1152,-0.00040697749631584605,-0.01080885197749378,0.007855000627990799,-0.0024570265109042943,-0.007716032842398533,-0.01494558293662926,0.0005853886614442111,-0.006590487804957512
1153,0.007675058747212093,-0.0003111619894470852,0.01982516053720347,0.010270208941502369,0.006086868268521163,-0.001890695040372106,0.01771958027880562,0.008056968615274515
1154,0.024379723251573133,0.0069491806285675245,0.02654290442017008,0.01193271830387974,0.027598602645753614,0.0075840344808513855,0.03113312344942353,0.012566509083294625
1155,0.009081694506017557,0.00222560822016544,0.018876570994631883,0.009058855966602549,0.009376011214411955,-0.0022911242401462213,0.011071603432236388,0.0003371713813809687
1156,0.02037554588399719,0.00965260158950303,0.027096632732922326,0.01690001926698797,0.026606942234346034,0.012593326936443792,0.03593131476423877,0.021382651669774228
1157,0.012068877380000963,0.0036795833656481764,0.02002700339264846,0.01006707988169903,0.014877434486314317,0.005701111329033791,0.028732346900800388,0.015258188740637986
1158,0.012690468669545816,0.0007559030013010428,0.009975393593155763,-3.7947145076435485e-05,0.008631039500108555,-0.0014080835988330165,0.010911726937546913,-1.3304500419630311e-05
1159,0.024333184013778607,0.008579672455583746,0.018827797258609207,0.007549300135244813,0.017621720549448494,0.0030024127007453848,0.013440278496050022,0.0023568518178081594
1160,0.019486405058776714,0.002892745918241982,0.005014021015334623,-0.0038331068041421667,0.017328624965032048,0.0024618587452573566,0.01313750414086417,0.0008153507237372929
1161,0.0225575128939452,0.009072310664825287,0.009802633323398261,-0.0013415136838006896,0.023578389893521713,0.009290506014853074,0.016264917634165085,0.0010921060375383164
1162,0.018488982208380182,0.006891979933974313,-0.001897276943126856,-0.005704346882008261,0.0221388066341431,0.006826134756972691,-1.489603468342896e-05,-0.0071429524726108
1163,0.01772369996790214,-0.0016530598262389244,-0.0026990411138287547,-0.013911017256062714,0.01879165134021597,-0.0018296389239446278,0.0021936187942900413,-0.01325305255717552
1164,0.022305598625891387,0.004211144934236372,0.0057725224504949525,-0.007574416803849258,0.02367497819840072,0.004402939745198548,0.008316406490895387,-0.006571257480483215
1165,0.009404382291474753,-0.0030814662124802063,-0.00556059574917798,-0.011269225469243546,0.008863747761301305,-0.004027045800283221,-0.009711691129331705,-0.01384672337085829
1166,0.01209529713692811,-0.00066724368854627,0.009839181442131938,-0.0007655084475026752,0.011407153562172105,-0.0011734232791197408,0.0077972604701300316,-0.001867493117619353
1167,-0.010218223994814644,-0.011268398100517997,-0.016885776621506622,-0.016237692623661003,-0.003151756807799337,-0.006860903604625783,-0.008082142960399823,-0.010706076808587484
1168,0.00016089568767868506,-0.002615064031225845,-0.0008731873392790906,-0.005959956724425076,-0.0007280240233201757,-0.0026180934697041963,-0.004615836975325426,-0.006515706010805682
1169,-0.001723308000685577,-0.008350389114842658,0.00021117695857636202,-0.009932114023636812,-0.0029371803594058685,-0.007830150743710377,-0.0019316718561569657,-0.010022461617425519
1170,-0.003920018981457173,-0.009143873171805357,-0.007618938880645583,-0.012974261764823872,-0.0034817821189975077,-0.00899781452941234,-0.009124676174595042,-0.013967709204080097
1171,-0.006822991745271665,-0.010290755391586344,-0.007899957091474258,-0.010491491735533036,-0.007537802671191138,-0.011171662018484848,-0.013606597459105836,-0.013482804268525285
1172,-0.001690250142941846,-0.009280129100553008,-0.007845360344707057,-0.012905136313538897,-0.005461427745906634,-0.011292159441804967,-0.014522916252617611,-0.015763702842694894
1173,-0.0021757559360597537,-0.011645347004657573,-0.006459475644837829,-0.01225819902122227,-0.0030388116266182653,-0.012401749358234411,-0.010631644942934546,-0.014886338338762593
1174,0.0020778193919654383,-0.0022893472908061745,0.004051038336210896,0.0009151036351104804,9.410793103320715e-05,-0.004610852797829025,0.004851157318348489,0.0009529661645413153
1175,0.014784105654937554,0.010175515530607266,0.021232485278597717,0.015505544058831292,0.013276674815430219,0.008529911976444203,0.022395658810259452,0.015335324123262852
1176,0.00040544863372994134,0.0025300588254242445,0.007969261143164449,0.008199644754482559,0.000292504861306342,0.0008911664210584224,0.008100747184622694,0.006532999533755106
1177,0.021734179502334798,0.00941256059286197,0.020684597516202725,0.010749134158683596,0.02074486525119178,0.008756142807761954,0.02010706917426875,0.010830475297012072
1178,-0.0032868374613416384,-0.00888166222097711,0.005278228047784546,-0.003492250916232755,-0.006626151912978837,-0.011273684464430105,-0.0004544081069001389,-0.006407260386205402
1179,0.007251306926424755,0.0027186790544379185,0.017887867880104255,0.00932554925742366,0.0015756533100523126,-0.0015892469383895077,0.00704871245761628,0.0029632945835412713
1180,-0.007715586026445163,-0.008199914759201475,-0.002324697009661915,-0.003929307726109066,-0.010290423498184629,-0.009466224423129195,-0.005341535658646958,-0.0048987506731539895
1181,-0.012126520045878041,-0.012895130032116725,-0.004294439371748839,-0.007843196193608761,-0.015096375961175572,-0.013948880945533251,-0.010124537792113867,-0.009235954650055302
1182,0.0037538759360287075,0.0035593099991894105,0.005657976118530658,0.002764820752849784,0.0024064181025896768,0.002965712332175258,0.004910380682842122,0.0026981602498904566
1183,0.02486930972384437,0.01778448121140945,0.02055560332475165,0.015052677155043949,0.022038088813941068,0.013953234610657632,0.015419007649906731,0.009919825181776105
1184,0.007017567783932732,0.01361467067155398,0.01981509838301956,0.020101562374208386,0.002772597359967134,0.007039608542709301,0.01236082180086456,0.010679376372514458
1185,-0.0018768110865569484,0.0014127975288863298,0.0005793962188308129,0.0030689402143140527,0.0010125676648741722,0.0006247745149034481,-0.00037804470422073204,0.0003399718963843186
1186,0.00020907377762839155,0.0002959125752075446,-0.007895607504266957,-0.0036794121212714677,-0.0026643425451404945,-0.0038025775691566573,-0.014144174771060369,-0.010080965406302024
1187,0.012343515183589834,0.00317988666606561,-0.005249458626855098,-0.009202929690732612,0.005764610549389251,-0.002494670539510405,-0.016028861330896784,-0.01736509734305186
1188,0.013286782585325976,0.0055024663203557984,-0.00235005329709475,-0.0032805996147251344,0.009112640096182607,0.0002603205672903305,-0.006908312819971614,-0.00945110593169424
1189,-0.0025365768479571962,-0.006285214588589492,-0.016829813633071285,-0.01362926943130756,-0.005063216757268855,-0.007484073711494506,-0.017804547133606848,-0.015014404408707424
1190,-0.005242667406650431,-0.00465631990784346,-0.018480678702294674,-0.01384539543539161,-0.010360564562573796,-0.006049038996383027,-0.018759493287312273,-0.013404819095571518
1191,-0.01533363773995712,-0.01838150810869011,-0.0231280538748474,-0.024654939021805822,-0.01594202110579316,-0.017756228060853127,-0.025442158175781913,-0.02483971709748394
1192,-0.014590468247362117,-0.01922349466256358,-0.02552743189030857,-0.024607126902798655,-0.010185814349316556,-0.015611508366869867,-0.02288876916867931,-0.022553602250911124
1193,-0.0051364259484283385,-0.01008710775524633,-0.005636794902739691,-0.011882770799339398,-0.0035546765343243743,-0.0070524606872525205,-0.005350570536163411,-0.009469349029167793
1194,-0.01357620885925154,-0.0112607952346012,-0.009305490390574813,-0.010673784736528368,-0.014850139076322816,-0.012474759688426623,-0.01672062051951683,-0.015972413943817425
1195,-0.010290104671557585,-0.011736811371629302,-0.00785429207414619,-0.008730363329506538,-0.0052572219183791655,-0.009979377570534412,-0.010084758694794041,-0.010640779967927191
1196,-6.782834863650565e-05,-0.005571683345893859,-0.00539235485749959,-0.006569831249687881,0.0020689590214594644,-0.004047183493151102,0.0009904634389239276,-0.0030573349132642044
1197,0.003386804850573436,-0.0020784827159043076,0.008033516956167027,0.001985678794444657,0.004893972288294831,-0.0011029400303808163,0.003578032922781563,0.0005367048264878284
1198,-0.000393849944251259,-0.0034903957776686078,0.003995807926037199,0.0007158497670750893,0.004911405993612953,-0.0004156701917958768,0.007606528719659345,0.0025028243599327774
1199,0.003226879226718595,-0.00013247831433950576,0.012103685854776483,0.00747524932787611,0.0012614419408406628,-0.003665608986987573,0.009411419608249899,0.002461411826230755
1200,-0.009402040933218489,-0.009191904383182943,-0.00059877617060507,-0.0032194656180560095,-0.00990150650777364,-0.009920677783368486,0.003226775385776757,-0.0024000019745879235
1201,-0.0007184116237170975,-0.003556714366467418,0.006007938773937088,0.002159034839021942,-0.00019126616797593863,-0.005264342030161327,0.007730704998945775,0.00033770486869623846
1202,0.007206009524239248,-0.0048270756945548625,0.009409053339475634,-0.0013293535819605658,0.0045864392467769854,-0.007631360462520907,0.008774724728552301,-0.0038701684609514643
1203,0.004435727393540221,-0.005842583475877363,0.0011040705646386776,-0.005983090311115531,0.0050673429354185,-0.0068663413722431415,0.0044845405327693984,-0.006745550165465547
1204,-0.003689109142630872,-0.008144942987324603,0.006467934087480293,-0.0011835264263222003,-0.0037680928667032394,-0.009483467792665326,0.007574336633017347,-0.002240111647157807
1205,-0.004329084901873555,-0.012526180168561678,-0.001831345296740221,-0.009825236222710622,-0.002554488471459338,-0.010871679173476905,-0.0030854806205837387,-0.008092884598586455
1206,0.008280230174002517,-0.0019234750429906842,0.00831871471651159,-0.00044932740306551,0.01037798599439591,0.000870792863290475,0.009431702100289322,0.003007007799477171
1207,0.005767491442908713,-0.002855678803838823,0.011045227232854461,0.0025895032947381704,0.0032034939822573293,-0.005109106255550765,0.006798657580276125,-0.0007106385763165425
1208,0.011137504922089266,-0.004345091968451491,0.014021510475514632,0.0020156444921983997,0.010645513921953245,-0.0053463674666861406,0.013120052919297031,0.0009294601417867851
1209,0.012084459596528235,0.0029121089383354567,0.016810946244634778,0.009740457157723257,0.007508019989048966,-0.00023442386127811048,0.017026041496531,0.008207415916304363
1210,0.010172972743966932,0.0005071812254405534,0.001172236089702457,-0.0030361617029761936,0.014543267059190734,0.004520753142218421,0.007097242161505101,0.0026692018958960604
1211,0.002277427353242162,-0.0035924157945598965,0.004335158285363142,0.002832927709924579,0.005392882749395526,-0.0009953146154843438,0.008593482354972964,0.0062072737411806925
1212,0.010745085448100754,0.0008235421440007014,0.020308440951533703,0.009484843461279592,0.01682310900924266,0.003927852222777443,0.019180217783361184,0.009794104272198276
1213,-0.006022667860582254,-0.005495676265532839,0.0009956376624269143,0.0018772625470432087,-0.00011887955231616187,-0.0018047592085804083,0.005184210344086936,0.0048585230392382325
1214,-0.01312766748428766,-0.013423109934973669,-0.01851459890940151,-0.013911153370606824,-0.0099094559902703,-0.012068469293554719,-0.016433966305882165,-0.014332748596098939
1215,-0.0053812063979593846,-0.008335068228211843,0.0003956608424772149,-0.0021569218014812707,-0.004132784640567493,-0.007086489644090762,0.005499866795417926,-0.00012052558794149147
1216,-0.002968663239507022,-0.009090382259840008,-0.004277803561113304,-0.008826729783181345,-0.0008509385324505537,-0.006678278856291263,-9.75792880794016e-05,-0.0048116715258618966
1217,0.006597379350848317,0.003212745390224808,0.006106857880679339,0.0038497354335564,0.006136877617845122,0.002018200605755234,0.009078874925676965,0.004040923716377715
1218,0.018812801384500883,0.010617600661344907,0.014347374029050767,0.009262805326979408,0.01514094641164162,0.008432498636395816,0.012802442941547912,0.00829819571700152
1219,0.02839938432827172,0.017700276511098807,0.027839164983164737,0.017725845426700772,0.023360425363250115,0.013771022740752075,0.02484251869294892,0.01458679204908811
1220,0.03410364141259818,0.01900567989148461,0.02568254479555886,0.016600785399256874,0.02868272121423474,0.015406432759963652,0.025182089142199944,0.01568174385518007
1221,0.01939803004623858,0.003431724375143037,0.014505711054468084,0.004598999843532778,0.01648598395040258,-0.0015926453035128006,0.011872094837838208,-0.0006707821661972452
1222,0.01260805176724993,-0.0004239979502896803,0.019489397757598878,0.005475064838135515,0.012834328943734185,-0.00044274777162640666,0.019622166487933336,0.006415800807651072
1223,0.02753336493020555,0.010970252015700272,0.027048814784314684,0.015402652150843554,0.02805685249576779,0.010759301616011548,0.03179711492094674,0.01708290273945139
1224,0.0248828800243044,0.0038752293470909046,0.016882042857353195,0.003540173311857869,0.02867288186840636,0.006498796413981598,0.023713401918101108,0.007952714655185572
1225,0.01917158683390152,-0.0035012196299223433,0.008200308707097191,-0.003998424753214127,0.01742299300710236,-0.006330300816011698,0.0018828635602184546,-0.009836783273716936
1226,0.016884548666180946,-0.000507877002325639,0.021191038673407502,0.007384845430099617,0.01951094409997898,-0.00022902179529630496,0.023318351049895405,0.00765423593703082
