era,corr_A,bmc_A,bmc20_A,corr_E,bmc_E,bmc20_E,corr_F,bmc_F,bmc20_F,corr_G,bmc_G,bmc20_G
0587,0.0051838038183556,-0.0041462072429535,-0.0049448638526346,0.0048824524244453,-0.0041902604019377,-0.0049010320877003,0.0045588719591096,-0.0040453612157071,-0.005065502853454,0.0048555139996964,-0.0041762336258693,-0.005055179710332
0588,0.0151861682395586,-0.0046989748647935,-0.00491681002086,0.0133248857830517,-0.0039464120013513,-0.0039768775420425,0.0076828844664642,-0.0086775817646498,-0.0092651372316093,0.0119824118211578,-0.0060500779448129,-0.0063516391632793
0589,0.0329984148241957,0.0112028948228084,0.0140382474540331,0.0389465618843823,0.0179000501994869,0.0208304919137212,0.0248301339251602,0.0056158429995259,0.0078092158108793,0.0328363311953591,0.0120352677321121,0.0147826675543731
0590,0.0191502304317791,-0.0025843045179728,0.0006982262126611,0.0178290010872627,-0.0013382833581198,0.0020838281900704,0.0097399340435646,-0.0069033181576912,-0.004365246194115,0.0153260053605551,-0.0038847660853734,-0.0006815370157733
0591,0.0273818195551328,0.011252274143606,0.0122395261417814,0.0250033378369926,0.0097067518446936,0.0110255217782068,0.0163963784397226,0.0001241632848871,0.0006935141796565,0.0227582195806853,0.0067664163152288,0.0077604454736237
0592,0.0306009723104257,0.009560156237376,0.0087373439230525,0.0305722370533622,0.0108321889832466,0.0103406590675302,0.0251304910479669,0.0062452186489476,0.0050695829306338,0.0285793698725672,0.0086681353516465,0.0077745754840559
0593,0.0437834383331964,0.0188599640394723,0.0175953901837187,0.0448184683698163,0.0212331465001344,0.0202178572737024,0.0393311313327793,0.0195391723554642,0.0178540386212943,0.0440941140976675,0.0206732780201398,0.0192266525159502
0594,0.0371214542896545,0.023253010333217,0.0203484154932093,0.0339414137012952,0.0182822582797879,0.0156659291526618,0.0326192679851052,0.016676481823897,0.013759270384223,0.0338166262971937,0.0193027805079577,0.016365308477317
0595,0.040872397295493,0.0204621473740584,0.0185442795844375,0.0311897080841729,0.0127189352164878,0.010915012961779,0.0327284495400545,0.0161372141706301,0.0141057401997579,0.0349526614561147,0.0163280707430077,0.0143388862413542
0596,0.047259446767673,0.020822849042363,0.019747472995834,0.0412325594921297,0.0182178901749705,0.0172051181701659,0.0408607128935232,0.0160493615264836,0.0145250741364034,0.0429667992848237,0.0182143418949886,0.0169421558491438
0597,0.0419118597955154,0.0173409152086531,0.0139402744632997,0.0431290776665546,0.0205150245155414,0.0173381463945194,0.0382571079155394,0.0164078168384569,0.0128118552830366,0.042312626637507,0.018488515379999,0.0149603663960791
0598,0.0510899077804451,0.0254978542666523,0.0239305735241489,0.0490701688058245,0.0230211614985461,0.0215653512146249,0.049398369370697,0.0258736585637806,0.0239296625266366,0.0511332681806676,0.0252858443330932,0.023574831252035
0599,0.0472039818963819,0.0285441111940008,0.0264287786561349,0.048892986605081,0.0260228520789344,0.0241344116648712,0.0504880429924457,0.0302619711969832,0.0279216150881995,0.0491270650492825,0.0288036537184124,0.0265936601715166
0600,0.0484729236471909,0.0245613579017862,0.025135928716625,0.0527058325243491,0.0262040795801567,0.0269387153439841,0.0446410840196024,0.0223567102831719,0.0223595129371009,0.0505423640654402,0.0254482188842473,0.0258970871602575
0601,0.0427378041150134,0.0154675809720864,0.0167553283366804,0.0442858982448313,0.0172339088910213,0.0186230026521798,0.03717623969084,0.0144335658803578,0.0148422828487458,0.043419130991974,0.0165229216791449,0.0176016706071852
0602,0.0459373435003899,0.01517944133692,0.0171777258562136,0.0472018185048061,0.0195679317664509,0.0215318300295613,0.0401704289928233,0.015678421715778,0.0169240599049264,0.0455253930831364,0.0171242161439312,0.0189295766347946
0603,0.0412963993995168,0.0092628941783706,0.0124750792014673,0.0408724573908578,0.0109641615977736,0.014244880502885,0.0332292972747063,0.0067560455439084,0.0091634146764834,0.0402326480247983,0.0094923949604493,0.0125547749006442
0604,0.0368003312598807,0.0105167499566803,0.0119793489225871,0.0406268054220941,0.0130696635535437,0.01469613965203,0.0250305277867189,0.0031580748151943,0.0039145374159971,0.034560269858835,0.0091848067378957,0.0105074172048724
0605,0.0404861915092487,0.0176397894454847,0.0177319329413931,0.0422856918530809,0.0200655067427353,0.0202290787172109,0.0296323778733019,0.0134576278603777,0.0128321462060157,0.0397480429106377,0.0183101931412505,0.0181671312290679
0606,0.0255282559521576,0.006281333817544,0.0092486724233078,0.0278081118222894,0.0062717646766477,0.0093768249416944,0.0172833828231618,0.0013412904987956,0.003162605168571,0.0250898050757906,0.0055330371026278,0.0082610079028162
0607,0.0411895962481284,0.0129620431564627,0.0154777107176292,0.0410218140511452,0.0132142232557329,0.0155844761937822,0.0348979764775093,0.0121959950660431,0.0136154400173425,0.0416735659482245,0.0141952668074438,0.0163746975808869
0608,0.0350681902657652,0.008450054222533,0.0105551017960205,0.0330141750886402,0.0069964806504907,0.0090456947241065,0.0342816384357416,0.0111740413753596,0.0123817357533446,0.0362238132181241,0.0101138330170492,0.0119578430363371
0609,0.0397025885553813,0.0113429898485054,0.0139172242642873,0.033895742319968,0.0071559785924716,0.0095891182893338,0.0448462826452721,0.019270019211924,0.0206938827758998,0.0408776544673034,0.01346209992813,0.0156813054944069
0610,0.0437475119550316,0.0146838283302133,0.0154287243393248,0.0353188391480654,0.0119328044037972,0.0126993079368571,0.0429406265338904,0.0182139675699152,0.018143486700569,0.0450135051756588,0.0167116283241204,0.0171972729862601
0611,0.0504749042684773,0.0242507500078979,0.0266808942237586,0.0459713963983336,0.0218096732062081,0.0244633206562138,0.0568199119731719,0.0361486758788969,0.0377016473902344,0.0542432147872234,0.0296322792089114,0.0319244264503381
0612,0.0391508745150428,0.0096280557670575,0.0163327546167932,0.0359513692638266,0.0050310964591399,0.0118910568543623,0.052074732723779,0.0244024852748255,0.0297621704506001,0.0439201165701449,0.0137118823197328,0.0202815388074084
0613,0.0493857767783686,0.0221278751219176,0.0282250805075162,0.0453083754301304,0.0184487154740736,0.0249195914323379,0.061171828230335,0.0355861517573918,0.0401185388186703,0.0538342477801119,0.0267416693612806,0.0326752110522936
0614,0.048546592631419,0.0184525167358465,0.0262486449052353,0.0466914689374578,0.0148395040265044,0.0230104862011619,0.0587060038306346,0.0287599427132546,0.0350066537920103,0.0536485104081834,0.0218529484051675,0.0295521040980306
0615,0.0514959386051119,0.0203010474705634,0.0238552812819798,0.0419210359353091,0.0127868063684401,0.0166931593976687,0.0579445120867879,0.0304502647554148,0.0331450860750707,0.0554076304889304,0.0233505803501188,0.0268878445216611
0616,0.0291387184311959,0.0035837543372925,0.0096228227923898,0.0309197780584806,0.006258083324213,0.0125132034487153,0.0415933795277832,0.0167505598757187,0.0218739738001426,0.0368977487839208,0.0098374555905197,0.0158736483302811
0617,0.0168868211417929,0.0029626525914847,0.0041409869032454,0.0218057702630803,0.004631111778749,0.0060436659316253,0.0236919055122903,0.0096548057166178,0.0103793715440988,0.0238573998851561,0.0066782794914594,0.007817920740389
0618,0.0095998731954859,0.0061609931047135,0.0034272330325782,0.0153488877131205,0.0090503713865393,0.0064725997237388,0.0198283834282654,0.0116460123159282,0.0088949189393469,0.0181358797729264,0.0104888896729595,0.0077009053608717
0619,0.0218610015641371,0.0045125800898889,0.0039475400020401,0.0189894319352822,0.0034354881977125,0.0030594152591667,0.0275805564985812,0.0113745157016453,0.0105810526339431,0.0244540641858707,0.0067575269092828,0.0061538716808153
0620,0.0197237729361558,-0.0010431287107884,0.0001404110139644,0.0234586351287214,0.0032005719499159,0.004541074844216,0.0232816488994272,0.0062535744513296,0.0070885990854088,0.0229348370494159,0.0029497590970575,0.0041103018270687
0621,0.0147280104076689,-0.0039284980589728,-0.0027984160081871,0.0166735460947498,-0.0022061976046508,-0.0012011760722573,0.0175471665002056,0.0019316538342592,0.0027757744234707,0.0166166079998166,-0.0015686961011456,-0.0005495641046866
0622,-0.0044317551077289,-0.0196271671477856,-0.0221051334352751,0.0037587139363309,-0.0131270215822403,-0.0155657672051715,0.006201400255799,-0.0121891935851148,-0.0148083493915612,0.003436479048744,-0.0150486063271587,-0.0176630752972339
0623,-0.0006191565572475,-0.0208490483516068,-0.0240964994386679,0.0015646418337036,-0.0175543561262948,-0.0207636103018976,0.0043004824578183,-0.0113477406602083,-0.0146679300159262,0.0037588813806001,-0.0167810919002054,-0.0201642088420526
0624,0.0105991051514745,-0.0032247820339821,-0.0086315433680381,0.0121658561338644,-0.0016686200436173,-0.0070478315706179,0.0167242485348161,0.0041358824394399,-0.0013055284144373,0.0143912778007207,5.169881708701853e-05,-0.0055545094344311
0625,0.0013178658302846,-0.0163551271090074,-0.0169511988509321,0.0061184774783974,-0.013507426437693,-0.0139921196028749,0.0076062758005592,-0.0109013868796017,-0.0118659753060368,0.0053951187568137,-0.0140106344273114,-0.0147155436369265
0626,0.0230359653562494,-0.0029153752308465,-0.0048886182888002,0.0278841183644823,0.0023977247008757,0.0005606053214378,0.0261439403985606,0.0072913781937049,0.0049838098897309,0.0262445587197373,0.001867203466854,-0.000265878039881
0627,0.0317587740965755,0.0050840784307341,0.0029589882627775,0.0367693696444023,0.0127982926338924,0.0107384215271266,0.0260051728741976,0.0068993679776514,0.0042576878555667,0.0320258097747298,0.0081865832515708,0.0058104190515841
0628,0.0174592773657341,-0.0091570700733458,-0.0041136940763835,0.0225848551191382,-0.0010235931541562,0.0035942964855057,0.0120606377992152,-0.0090958835719292,-0.0050426698575513,0.0172889065554271,-0.0069714731212334,-0.0022406806486885
0629,0.0381656249964126,0.0124663803045707,0.0185185184536223,0.0388216049563399,0.0143179466502244,0.0199450115484324,0.0375639262442486,0.0130271208928178,0.0180833309243742,0.0400040685613037,0.0138815928825168,0.0196597459798226
0630,0.0346829008007249,0.0032358816848077,0.0052143676863308,0.0398373869774926,0.0064252564460976,0.0082692171433864,0.034902501376562,0.0080326300617792,0.009000047725152,0.0365163897263137,0.0052443789806601,0.0068920906364032
0631,0.0297133884477812,0.004076127951582,-0.0011744870117366,0.0315690610984936,0.0064784593057699,0.0014345296523566,0.0245565776796149,0.004552538216146,-0.001460183808273,0.0280764337783902,0.0045586087410414,-0.0010709000168283
0632,0.0185676149324674,0.0003321456447515,-0.0008460071376927,0.0269361912294835,0.0054724577269143,0.0044438600334382,0.0290560623794089,0.008676566667867,0.0068864800799315,0.0249149021221355,0.0048542830556771,0.0034655515252326
0633,0.0335847900981039,0.0058518516702383,0.0024057012435315,0.0377634464773698,0.0096939371477813,0.0065205277286109,0.0386540320418016,0.012498225054795,0.0085136263598628,0.0392668841868306,0.0103187479423935,0.0066245184826275
0634,0.0419250908857775,0.0076811874775428,0.0070043126483655,0.0456252467657415,0.0115632183458895,0.0110573430555811,0.0482769821797033,0.0164367211805582,0.015242768554236,0.046674124932684,0.0122361051775718,0.0113992425217554
0635,0.0276761131463726,-0.0001380340418368,0.000837379752691,0.0381484211253103,0.0057609855783186,0.0066640062596443,0.0322386528655501,0.0070374650744395,0.0071356450425954,0.032852042708492,0.0043113098644152,0.0049737344202948
0636,0.0304923390458644,0.000717434909546,0.0004104427623006,0.0321654987225751,0.001269983343055,0.0009797193204896,0.0336506959860185,0.004657804936254,0.0037140211112227,0.0325314227218694,0.00214231382912,0.0016012034645421
0637,0.0322555907375913,0.003688425925896,0.0041186750031981,0.0290070702570543,0.0025156334977333,0.0032486692109157,0.0350556013583815,0.0079652266361372,0.00774482187922,0.0325612110760788,0.0045018047991312,0.0048370257147947
0638,0.0248228743509509,-0.009982193383814,-0.0121528983745055,0.0227393968080376,-0.0096409133850198,-0.0116154905733373,0.0230765206568291,-0.0090037302566933,-0.0115913463711717,0.0243736796600676,-0.0097609538851436,-0.0120827447665883
0639,0.0406299264606242,0.012315334093771,0.0090167623468117,0.0405433473015298,0.0115609742553909,0.0087250723407982,0.0308787268312158,0.0051109367862331,0.0014982643228753,0.0374932022571254,0.009648110502676,0.0062949357969057
0640,0.0269832175663037,-0.0042717645030419,-0.0037255628239054,0.0182206168634381,-0.0113002834051967,-0.0106484021240089,0.0181632974056666,-0.0076935416646388,-0.0079200912695097,0.0220337832086881,-0.0079008902060015,-0.007577377339894
0641,0.0303693932928771,-0.0027353971325761,0.0022161925588358,0.0211224544532297,-0.009386530810396,-0.0044379274025991,0.022844332436827,-0.0037548354053877,0.000448180285838,0.0257281747920507,-0.0052193715164941,-0.000328167155593
0642,0.0464219588929047,0.0100204044079621,0.0137495851052378,0.0397855580974494,0.0075648403692895,0.0112273502620683,0.0345288713048409,0.0009973838472955,0.0038094243251657,0.0413762455345738,0.0062111083159892,0.0097245225042727
0643,0.0285702799468844,0.0033098191745685,0.0047670956751431,0.0348124991748448,0.0105423615003926,0.011976198761573,0.0225525048423557,0.0001039481064821,0.0008864901736501,0.0290484258455013,0.004683444376931,0.0059433766043041
0644,0.018277635261623,-0.0079230903526118,-0.0067759452643718,0.0191749554916039,-0.0041049303507903,-0.0030209745435583,0.0149453267149711,-0.0069802282225434,-0.0067849583129213,0.0184730104145454,-0.0062355214237855,-0.0054014973977703
0645,0.0146996274508938,-0.011584487839755,-0.0097199784430544,0.0156210216914181,-0.0092208893233281,-0.0072330301813511,0.0135160596861012,-0.0096079621490425,-0.0085728884250024,0.013873439575128,-0.0110302793525474,-0.0093506097274643
0646,0.0099769177005964,-0.0135252972146086,-0.0121670037597922,0.0163461496164631,-0.0059163200026987,-0.0046360185676995,0.0115373089806468,-0.012267576310766,-0.0115621357625589,0.0125545720096205,-0.0109816815387361,-0.0098430452174616
0647,0.012454821300843,-0.0133349401466775,-0.0090685712234111,0.0151660048871649,-0.0077822340059885,-0.0036023859554809,0.0145544275614802,-0.0085173571384016,-0.0049715703669618,0.0138660438855499,-0.0101153297976573,-0.0059735250925563
0648,0.0048321927716496,-0.0174795856075871,-0.0114228888760553,0.0060910579101715,-0.0142980563272576,-0.0083415312478857,0.0047042669109483,-0.01095685337371,-0.0059104310661666,0.0041629617567858,-0.0152338365828088,-0.0093359543941248
0649,-0.002831260263054,-0.0223625178012845,-0.0154779049068964,-0.0080575471544231,-0.0254579052883164,-0.0187804927538115,0.0006868295690265,-0.018892520220573,-0.0130309886988211,-0.0050366589695345,-0.0235801341070178,-0.0168570716254426
0650,0.0231444232398832,-0.0040377275710881,0.0013149271412641,0.0184104193582258,-0.0068577576652963,-0.0014929838532827,0.0304959854904059,0.0012064944488569,0.0056031595630372,0.0222834477052605,-0.0041295010010242,0.0010864098848161
0651,0.0254680483813687,0.0075369422266798,0.010282436347878,0.0179348549206217,0.0029395606717799,0.0057527126626782,0.022134378383158,0.006144716345858,0.0081896502642727,0.0215172624868638,0.0055112546111212,0.0081332279073388
0652,0.0118455387086322,-0.0030430709690753,0.0011477781235875,0.0114942030324544,-0.005617855602154,-0.0013511726557075,0.0078685734269313,-0.00545043061306,-0.0020139331576925,0.008340648999692,-0.0055544462287744,-0.0014604035294798
0653,0.0207786247382388,-0.0067533558906184,0.0009953590248673,0.0216889556838003,-0.0075694915511557,7.005053648963904e-05,0.0232236183794295,-0.004369159806607,0.0021080379327018,0.0206332051506167,-0.0071317721439832,0.0004140737487569
0654,0.0219091670318107,-0.0028691445754462,0.0042566106048793,0.0201278948355991,-0.0066169687482339,0.0005697055920553,0.0206876469978391,-0.0030033261189302,0.0028696841837156,0.0191891816804263,-0.0053227344134646,0.0016316981733064
0655,0.0452860481612887,0.0180253707271167,0.0217220321328082,0.0453790375248743,0.0173193143902055,0.0210865825241219,0.0446587397776572,0.0178482328734975,0.0205296285741294,0.0453615166018911,0.0183233565711296,0.0218143237841914
0656,0.0197238053363985,0.0074115514894984,0.0107016659174501,0.0162536865523786,0.0026823379352808,0.0058367994081771,0.0213063046640785,0.0053028008083632,0.0079115274471107,0.0190437605348377,0.0052958020946326,0.0084132446442185
0657,0.0266355019357977,0.0028227249617291,0.0072412656739543,0.021454695610822,-0.0015819546846855,0.0026898932872946,0.0235569293200336,0.0027121420062804,0.0063694252616338,0.0261005377352836,0.0015618141830353,0.0058219791642631
0658,0.0028127907690293,-0.0055695031001728,-0.003439970869185,0.0006744905462275,-0.0077699501976306,-0.0057047430468754,0.0069114544363066,-0.0034802794447926,-0.0016668276221332,0.0020498207146225,-0.0061521877320442,-0.0040735475075963
0659,0.0171480156239663,-0.0037593682558219,0.0018448178936351,0.0123366570931777,-0.0068945479850642,-0.0012938153616453,0.0132348974301595,-0.0044413282072091,0.0004406564751634,0.0143249234214511,-0.0052964909515016,0.0002585752767053
0660,0.038171441222111,0.0094651852910667,0.0130464495189107,0.0371925702605981,0.010128599504422,0.0136316103969192,0.037248417045614,0.0123258313991241,0.0152289435897708,0.0375636540646301,0.0107734519155925,0.0142317163459625
0661,0.0281886880807271,-0.0012870303900278,0.0016272103962085,0.0284065902214813,-0.0011018595672631,0.0018910208063021,0.0227318868987274,-0.0044136933683494,-0.0021560411064491,0.0261839902250085,-0.0027087387893414,0.0001198095086424
0662,0.0374391063222218,0.0098966262579196,0.0156731727471275,0.0378272922094453,0.0102319914507744,0.0159281575065253,0.0326410309957003,0.004906163856425,0.0099672826930167,0.0374849040039066,0.0087533399446192,0.0144893507334001
0663,0.021288681800969,-0.0062372538330032,0.0036025520781453,0.0164685639481893,-0.0096048974176178,-3.3370846594036323e-05,0.0205938551341656,-0.0053407261592324,0.0034659298898806,0.021306751377996,-0.0072978423112819,0.0024559529674345
0664,0.023638688553331,-0.0026183130833261,0.0075382156098492,0.0222296199900974,-0.0063007769637705,0.0035198056106841,0.0226899683854037,-0.004958911698184,0.0038132977819549,0.0234450679593205,-0.0048227813645359,0.0051043598990952
0665,0.0297192862176937,-0.0059943374308267,0.0035483911154884,0.0270655479630758,-0.0074038122995872,0.0021389361526314,0.0305033126471379,-0.0055012067236074,0.002121339680821,0.0284938865683174,-0.0074051624390385,0.0018362823832191
0666,0.0353517733809905,0.0063304042946108,0.0147749311250453,0.0330177348463506,0.004574861975132,0.0131004927427015,0.0399359791145764,0.00870167659027,0.0157531407100475,0.0361827092373038,0.0061949432529071,0.0145016000082891
0667,0.0327123857691339,0.0054560663349122,0.0122329871360183,0.0288699323256813,0.001576852556344,0.0086418715944244,0.0352548432328301,0.0067745920435454,0.0122313211954422,0.0336726241005914,0.0050535644748595,0.0117325893248717
0668,0.0558358621007715,0.022454182792238,0.0247075388744572,0.0515477255306467,0.0176098189026615,0.0199698201350806,0.054760850645588,0.0267264086484304,0.0275960159716172,0.0570152015325538,0.0232733293249877,0.0251768926620925
0669,0.0301439194643368,0.0081898947075278,0.0105007510114181,0.0264461287179309,0.0051397689250303,0.0075544135681666,0.0343965611452839,0.0154322249517454,0.0167738677345253,0.0310671916532528,0.009866217057581,0.0119800201578753
0670,0.0353534953817928,0.0080489694181597,0.0123156556021168,0.0332105479860039,0.0050661862569283,0.009293897142729,0.0357715686512637,0.0152382944152202,0.0184743693044713,0.0362191653647181,0.0101560228607683,0.0142235296881358
0671,0.0140590405522876,-0.0010435169109533,-0.0008129626625206,0.0124923589941049,-0.004933814144219,-0.004564678926967,0.0132691256388079,-0.0018764010572758,-0.0022418508122123,0.0134534487726012,-0.002768381759099,-0.0026771034864108
0672,0.0099854953553197,-0.0042045305944587,-0.006972625857456,0.0063890227124516,-0.0071984448983908,-0.0098663383932479,0.0025850583692327,-0.0095990912679374,-0.0126029347345355,0.0057866758547772,-0.0076049247305877,-0.0105293679088734
0673,0.0001956677371549,-0.0088051087863048,-0.0102496342372791,0.0060447558347159,-0.0085676311734041,-0.0099613509814845,0.0030203281728106,-0.0067818947614626,-0.0085344891277544,0.0043206873362078,-0.0078664608506371,-0.0094568776709749
0674,0.0207175671368247,0.0003542062854978,0.0023582709048187,0.0284245433494778,0.0019017128051826,0.0037575770275638,0.0214891897893443,0.0002046487153901,0.0017056114411052,0.0241089680152748,0.0006154938091776,0.0024606927480588
0675,0.0262788360538071,0.0013475559908821,0.0044584589409867,0.0230591684647331,0.0001583159407684,0.0030459379177644,0.0251224369922415,0.0049008892177387,0.0074243940937606,0.0241674612556971,0.0015823715093971,0.0045332266889052
0676,0.016866483400151,-0.0035048486244175,-0.0038831589888457,0.0162205582514077,-0.0036398753040492,-0.0041399647820227,0.0248280370796105,0.0031905457608669,0.0024366319238816,0.019093803222061,-0.0016806429628649,-0.002241104755361
0677,0.0397497375421127,0.0109545049370609,0.014860058436591,0.0398069908534917,0.0105469622901364,0.01403998830617,0.0476777105154526,0.0208194855855281,0.0240558507873448,0.0439066101113492,0.0146289035097402,0.0183162761134203
0678,0.0133709791621483,-0.0058777829592265,-0.0037231618358199,0.009411553663774,-0.0072524453991854,-0.0053182320293804,0.0238414022396545,0.0054559501259435,0.0068671430425586,0.0153474609572563,-0.0028682357597528,-0.0009665583756649
0679,0.0295045815102302,-0.0024073068428294,0.0012336137425124,0.0272764622775302,-0.0031867862818527,-0.0004042246215515,0.0334795458271624,-5.088871886357856e-05,0.0022395142600696,0.0305347520549166,-0.0021215255278497,0.0009054627945493
0680,0.0076150403053326,-0.0142209009929671,-0.0115636797840994,0.0167003918113731,-0.0057019379930168,-0.00386598791865,0.0169579581948839,-0.0050553243457095,-0.0032480552160224,0.013027727632033,-0.0091996211718046,-0.0070201013014338
0681,0.0185214460333017,0.0010346254502071,-0.0025645839242608,0.0240330734370085,0.0053059337560134,0.001033849993315,0.0208516823428615,0.0029376954915995,-0.0010416621957297,0.0218948151309751,0.0031397151298452,-0.0009492936361161
0682,0.0314016893568733,0.013313717969169,0.0111581509070836,0.0307415887605038,0.0138286341173176,0.0113934823649733,0.0328291448134697,0.0147635925257177,0.0122271228151564,0.031978509875331,0.0141456288531296,0.0116868996342894
0683,0.0352745595622611,0.0179391462778628,0.0169083474526166,0.0476584713893402,0.0292972982166116,0.0280518948437438,0.040523778752322,0.0226005423132062,0.020952101258264,0.0429303381989937,0.0243789239900642,0.0230212612240976
0684,0.0269913349541388,0.0073196403939824,0.0085492785677752,0.0333551381970585,0.0127911160130285,0.0138500884724999,0.0296255389354947,0.012812226621705,0.0134388231015337,0.0301362258583514,0.0109651288259075,0.0119672726927026
0685,0.0165181191449921,-0.0028311321237338,-0.0002912145293334,0.0160795923206801,-0.0026529038002977,-0.0003647494397386,0.0189734354992955,0.0012197400124185,0.003214210711834,0.0181763557689723,-0.0010818194593784,0.0012645958121133
0686,0.0213876955394413,-0.0105132188635973,-0.003161611627445,0.0225026384108705,-0.009084391222256,-0.0024459861476598,0.0160062295759947,-0.0060140137160825,0.0001473687555714,0.0218837060331368,-0.0084564437120559,-0.0014755674485674
0687,0.0306271376508129,-0.00157338951954,0.0031089739231579,0.031528181730451,0.000698741390528,0.0048534348834478,0.0363106320574216,0.0083452000745411,0.0120762596697062,0.0336797233031867,0.0023265400515359,0.0066926082150599
0688,0.023626587081314,-0.0082792452635105,-0.0037252068300749,0.0345234249962031,-0.0027291128091488,0.001595470215685,0.0353354750292155,0.0038352137832882,0.0074301543890269,0.033369254407299,-0.0020545820733183,0.0022820573639292
0689,0.0219861999739472,-0.0042392827948307,-0.0032827419246319,0.0261142526374844,-0.000234093991436,0.0005478008149033,0.0296438844874189,0.0025910998164633,0.0029833487606221,0.0276639190293258,-0.0001637373303173,0.0005829002242798
0690,0.0207583885638971,-0.0105790360240448,-0.0066670055913065,0.0209477948161157,-0.0075622760786202,-0.0040027028017764,0.0290937850284042,-0.0007159855842619,0.0025576271944021,0.0229508047275863,-0.0072296534748974,-0.0035032254019408
0691,0.0095125659917631,-0.0197216219351048,-0.0179822165228082,0.0103908385054794,-0.014705062895641,-0.0133075946064645,0.0136923135826355,-0.0167893686732861,-0.0153537618590049,0.0113538693638139,-0.0178261684795892,-0.0162371436987782
0692,0.0176563134025944,-0.0118374231713107,-0.0077889733018753,0.0226573692075472,-0.006310946934857,-0.0026350008371115,0.0236490707091737,-0.0044678597031703,-0.0009362771704098,0.0234299675564548,-0.00734823998239,-0.003437994900164
0693,-0.0040624958503452,-0.0257891483220147,-0.0213781463356033,0.0033178242227479,-0.020205459496017,-0.0160917090573611,0.0009590081789668,-0.017810075378039,-0.0138282695669781,0.001374753899787,-0.021606828908827,-0.0172681559300665
0694,-0.0049107165138264,-0.0225244233248563,-0.0188160771346353,0.0024458112268771,-0.0190617440455924,-0.0155147115700365,0.0046033933744232,-0.0119246265514794,-0.0086165324166738,0.0018458797971646,-0.0181934840909759,-0.0145401136758906
0695,-0.0052335360402352,-0.0252268860848744,-0.0217354066134113,0.0002157539844071,-0.0180262954568373,-0.0148426553689332,0.0026114947365824,-0.0155592692446535,-0.0124963287774804,-0.0009872685473687,-0.0205045984905801,-0.017141698908921
0696,-0.0136586355738453,-0.0232885433311557,-0.0238143933439766,-0.0051576978801572,-0.01723446760262,-0.0179244450600147,-0.0037299698578772,-0.0141651717610123,-0.0147315191086137,-0.0063174093912241,-0.0181471644825169,-0.0187569582061178
0697,-0.0039184741178799,-0.0172104032883056,-0.0188114469612977,-0.001754156147312,-0.0151567382139081,-0.0168144397403417,0.0020721147140011,-0.0117712755517132,-0.0133644719047577,-0.0021108691706375,-0.0152351720571249,-0.0169011175397608
0698,0.0026780748312462,-0.0059897483399823,-0.0086167451589662,0.0017593514406833,-0.0051528641882233,-0.0079344672281046,0.0030726242393963,-0.0089386788054985,-0.0114238471512531,0.0039997545515443,-0.0058718457241315,-0.0086010577067978
0699,0.0144579143244451,-0.006030116608801,-0.0102936227733378,0.0227122282702789,0.0031822707705177,-0.0012484415853738,0.0203023731539801,-0.0012872729525173,-0.005423847864961,0.0207240534382413,-0.0008426825305146,-0.0052665116213457
0700,0.0103603434757768,-0.0081271311729253,-0.0117672349644066,0.0106014997624163,-0.0064587464090404,-0.0102882016706944,0.0119053502191855,-0.0058102328680811,-0.0092427347478335,0.0124016422289182,-0.0064768669588134,-0.0102385587345345
0701,0.0169909927586096,-0.0024711426194676,-0.0040928344473153,0.0115918811036503,-0.0049034732856498,-0.0069216279794993,0.0110455984732708,-0.0068404801061147,-0.008418471457427,0.0147031154471944,-0.0046467091374011,-0.0064579661867874
0702,0.0159542365868983,-0.0041465888332307,-0.0038199292833423,0.0141756536501692,-0.0039324156182707,-0.0039899964903942,0.0111638998088205,-0.0059901783387303,-0.0057897575385309,0.017136403102821,-0.0038255328851222,-0.0036736128582274
0703,0.0229360597106655,0.0001982842369249,0.0024141171143077,0.0250740108137711,0.0038584341570647,0.0054950950089058,0.025327158022741,0.0028627286181647,0.0043952777695061,0.0261714016789311,0.0028740118045507,0.0047319624687721
0704,0.0168579103548443,0.0017477329265104,0.0024747314422815,0.0148356174507488,-0.0010124884570188,-0.000534603213321,0.0089475408880233,-0.003418383707161,-0.00308592057308,0.0151441008792644,-0.0003966815330776,0.0001224679514259
0705,0.0269473279965261,-0.0055309429327134,-0.0029837507102209,0.0282577957348595,-0.0045039069954725,-0.0024893592852877,0.0212471276480736,-0.0057279122962797,-0.003822097240668,0.0282204648139816,-0.0046291137611803,-0.0023976845752744
0706,0.0131776049085123,-0.0098706166070137,-0.0063903146204718,0.0140563459923702,-0.0078649449789534,-0.004689257568158,0.0081414929301898,-0.0086335751263902,-0.0057548950843871,0.0112660806258318,-0.0092686385874331,-0.0059910181850972
0707,0.0208539614882318,-0.0070333927283998,-0.0016743114435816,0.0207162158201032,-0.0064129238361967,-0.0013728729798847,0.0224310820916928,-0.0006381974884016,0.0037321119669749,0.021916525150004,-0.0047041965396592,0.0003974341432951
0708,0.019889764957542,-0.0069827476559264,-0.0001293056780074,0.0219169267347867,-0.0077657166962821,-0.0012445700669895,0.0227762402621063,-0.0014159334447066,0.0041753380756562,0.022078614347336,-0.0055779915275954,0.0009674871390052
0709,0.0130272986678564,-0.0139640466497846,-0.0088928010937022,0.0087629316774446,-0.017171691988258,-0.0124491631893507,0.0172977605399541,-0.0089423875853796,-0.0047873847602997,0.0134670621891393,-0.0136891532781951,-0.0088804333696142
0710,0.0048574013314156,-0.0234920087805402,-0.0173962174917324,0.0031145007818819,-0.0278381639675772,-0.0220157924553893,0.0080317666519026,-0.0180294934160042,-0.0131249392764246,0.0073525472295814,-0.0233961671212237,-0.0175822031427701
0711,0.0110950539050114,-0.0204210096631002,-0.0165782693826908,0.0094902625916634,-0.0220777638029202,-0.0183610277918847,0.0223524028460691,-0.0070896355829241,-0.0047923273832168,0.0166959410812164,-0.0165060343443157,-0.0131073695902543
0712,0.0103916592177543,-0.0266618318683706,-0.0214210406150998,0.0105946988219676,-0.0261043240976127,-0.0209738619393768,0.0098436263486031,-0.0200554267710813,-0.0162962247409266,0.0129696117403219,-0.0244195387169993,-0.0195187633784851
0713,0.031219247321572,-0.0018895964788089,0.0021931818485422,0.0201103687019099,-0.0096395957152353,-0.00580096482175,0.0287460415764881,0.0007274105245353,0.0040340999767003,0.0299296416361364,-0.0030134756582626,0.0008801434193519
0714,0.0249650283754558,-0.0108680884044798,-0.0032275099055483,0.0230783313354102,-0.0117198957266826,-0.0041187908321654,0.0291107213027947,-0.0024410468703587,0.0044628068055319,0.0272410560513926,-0.0085684106056934,-0.0009368946481893
0715,0.0178515779849913,-0.0145701103481494,-0.0090118241396061,0.0097953291883202,-0.0188164875891489,-0.0135836013894102,0.0251748516629014,-0.0080096525681312,-0.0033359193566179,0.0183882624483739,-0.0141909237628237,-0.0088305817077817
0716,0.0145654294653948,-0.0158426744414551,-0.009634051512893,0.0106096958773683,-0.0162462922507083,-0.0103958890849978,0.016122486281722,-0.0145282567038471,-0.0093054424623888,0.0146810608967684,-0.0158968990032345,-0.0098926573252234
0717,0.0279998482117258,-0.0122161173101435,-0.0062381388110494,0.0274238198254154,-0.0086674304463611,-0.0035221843968906,0.0296041542646831,-0.0102318041539958,-0.0051981223570452,0.0287365721815509,-0.0110088995581757,-0.0053764152910662
0718,0.0094712619262119,-0.0238145865614916,-0.0203932817169498,0.0130729819877471,-0.0175553322625046,-0.0144515311592032,0.0048017911656439,-0.0271528102838407,-0.0246042655174102,0.0089851053773502,-0.0241088595619938,-0.0209680587627412
0719,0.0101187811434987,-0.0159083698841337,-0.010736658624608,0.0127213965555161,-0.0128544992202699,-0.0078818845701632,0.0073122722004581,-0.019605160306939,-0.0152592126764139,0.0088620952129919,-0.0174372913187956,-0.0124247254757995
0720,0.0199878139625528,-0.0111795321750283,-0.0084745592279225,0.0135517037146861,-0.0155377880997068,-0.0131079271568593,0.0191401124309024,-0.0097128358749028,-0.0077811818391451,0.0180434421382638,-0.0127169212542092,-0.0102333911799237
0721,0.0225964313485615,-0.0099158231912348,-0.006985983468929,0.017001368256407,-0.0137718382769989,-0.0110669678688604,0.0244890265656343,-0.0056680265986223,-0.0033187228807314,0.0214195800392946,-0.0106674987969435,-0.0078598862702682
0722,0.0123156496641746,-0.014443623525486,-0.0094935972320698,0.0079086931008276,-0.0188869524634546,-0.0140573051623635,0.0134159596481813,-0.0124283777294843,-0.0081215916750859,0.0132118430023214,-0.0153442340207407,-0.0104357911210421
0723,0.0135666063250511,-0.0154491488722242,-0.0123153611440293,0.0065425232624711,-0.0220477354584928,-0.0191172899635729,0.004661435540261,-0.0171944239266662,-0.0144447030777033,0.0068017238921421,-0.0197971945447396,-0.0167372556916593
0724,0.0199317813875387,-0.0089627204344444,-0.0087909215736081,0.0158269366637186,-0.0132091993621867,-0.0128858566052519,0.0182442629104297,-0.0100562391578882,-0.0100401171708139,0.0170089568311202,-0.0119211914619489,-0.0117101619389703
0725,0.0213945716453461,-0.0082422900879728,-0.010308716899269,0.0181555870405121,-0.0086963697152894,-0.0108975003537645,0.0214071026549236,-0.0098253934109387,-0.0120978604534828,0.0191578977166089,-0.0103162536194449,-0.0125530254436825
0726,0.0177544239758284,-0.0082787608329047,-0.0085001729048718,0.0170637904157601,-0.0067204185861735,-0.0068984733022051,0.0224455144055204,-0.0053101653439602,-0.0059359971829399,0.0193707830705686,-0.0072635556885451,-0.0076128532207402
0727,0.0396101714455578,0.002122694836658,0.0082429221525204,0.0328851192707253,-0.0034223283468363,0.0025374573254667,0.0432896815560748,0.0058035991502315,0.0112478353308963,0.0391335466516809,0.0013371949929555,0.0073931241217901
0728,0.0320242200082821,-0.0066398943052872,0.0026055921679372,0.0296845381709004,-0.0064795389841062,0.0022800299690541,0.0364116225872705,0.0004401979017022,0.0084204514142798,0.0336784423419635,-0.0044636927104994,0.0045126961178321
0729,0.0309475948677109,-0.0073151237008316,0.0013101326955766,0.0282527606972283,-0.0074878408803204,0.0006089945270024,0.0386813352059483,0.0005394819520247,0.0081583120908481,0.0332522379257247,-0.0050969882401916,0.0033110596319622
0730,0.0435759791365148,0.0011988675614022,0.0070626600882963,0.0459801992537539,0.0034924386623319,0.0089067764673195,0.0474069701920477,0.0088678966713123,0.013976813618551,0.0469221769321922,0.0046637178476673,0.0103394044297288
0731,0.0338954318242424,0.000841632170702,0.0048210598583009,0.031844380324788,-0.0024407726849341,0.0013745694584469,0.0311277001992245,0.0012222136240334,0.0046435223607609,0.0324112101343392,-0.000489180606284,0.0034000101912396
0732,0.0478004850685711,0.0008658743835427,0.0081681582600938,0.0447269158129041,-0.0016653727956047,0.0048647227346549,0.0439445082574605,0.0025792522907031,0.0085695249918276,0.0464785704335162,0.0004676635533243,0.0073312199120406
0733,0.0272508648002611,-0.0115037356219122,-0.0031974284107133,0.0287302554117175,-0.0108462390167565,-0.003423294654629,0.0333113724885273,-0.0027417160086997,0.0039060579543772,0.0296868755090391,-0.0088969724985312,-0.0011805720322187
0734,0.0390779014345219,-0.0004089340796423,0.0050238565014985,0.0453171213054913,0.0049521417543024,0.0094501536945718,0.0428450176834228,0.0060855955427722,0.0102080360694044,0.0417536379427863,0.0028323041007446,0.0076934454239398
0735,0.0242647255876264,-0.0119112096704635,-0.006775797319727,0.025939400841563,-0.0131844975569957,-0.0085325759126001,0.0184209515448054,-0.0141253109432399,-0.0104584595759024,0.0229921528422647,-0.0137324987978909,-0.0090388977856832
0736,0.0228392373314375,-0.0058609315482363,-0.0037844505438335,0.0324327144575896,0.0023961166384384,0.0044337037051261,0.0267404839105423,-0.0007767167523413,0.0003214107654043,0.0288356320509626,-0.001069933886078,0.0007505191948808
0737,0.0418133222569326,0.0016457033206186,0.0044049408148184,0.0513917117127378,0.0097255277068183,0.0118858965649792,0.0466378149772076,0.0091007965596609,0.0106748330837854,0.0480887853858538,0.0068427271137121,0.0091087890316026
0738,0.0484882542518028,0.0092492989253643,0.0117622014762448,0.0499655390478053,0.0133169988310049,0.0153993257481228,0.0378110741640825,0.0053368919700216,0.0069066588862207,0.0470519689695853,0.0098628219489205,0.0120175107671361
0739,0.0378994134096657,0.0074347638873536,0.0097270402733203,0.0366075840736466,0.0061697437084867,0.0083223404038596,0.0404010217766264,0.0104217189977841,0.0118830029457803,0.0396764473357769,0.0085879152633011,0.0106031377452635
0740,0.0354403594305849,-0.0031676457047595,-7.746653003454056e-05,0.0356108004206147,-0.0014530435207256,0.0013085485052386,0.0352590855031441,0.001903127689067,0.0040601900676483,0.0366097842122756,-0.0010543408524766,0.0017243898517639
0741,0.040208064382955,-0.0024025026578453,0.0013883229669462,0.0422880545284622,-0.0002148988451594,0.0032898171435629,0.0394368411700378,0.004437260803414,0.007315318046128,0.042224862411998,0.0004321498443821,0.0039587286081786
0742,0.0307905894484215,-0.0068233564134367,-0.0043403234785917,0.0294512984726119,-0.0085823926699765,-0.0062201922967096,0.0323181419373028,-0.0019122244780922,-0.000216548358938,0.0321601524809814,-0.0060392047491246,-0.0038230267717743
0743,0.0249748439385618,-0.0081377859524848,-0.0013668637528627,0.0248388645462219,-0.007432833220443,-0.000537326952221,0.0212736077464935,-0.0081936799927324,-0.0023535136728138,0.0241924340071004,-0.0081205887791714,-0.0014155250086376
0744,0.0176365649499014,-0.0093821893713747,-0.0056981918980173,0.0136815933387364,-0.0127196817407474,-0.0090576785035166,0.0235396221050627,-0.00246841175028,0.0002653215368151,0.0195379453325945,-0.0082485944532127,-0.0047733049391072
0745,0.0188763240740036,-0.0093614849123455,-0.0084257059990987,0.0143259977194035,-0.0127631852124121,-0.0117610245703737,0.0207851962126169,-0.0080965662009418,-0.0077006946692508,0.018259230857137,-0.0106758746225943,-0.0098876970594242
0746,-0.0005730839069816,-0.0202078400607304,-0.0219637032753921,-0.0043929538010526,-0.0235007622578546,-0.0251632412309292,0.0086132324594919,-0.0122725969106188,-0.0143086153154617,0.0019250846279457,-0.0190091942170817,-0.0209347297583725
0747,0.008144938939231,-0.0138597351618895,-0.014924721019207,0.0083669433383734,-0.01061868166671,-0.0116267646135606,0.0090416235339036,-0.0101649500732587,-0.0116044763037231,0.0081008737671648,-0.0119900113171367,-0.0132616455109456
0748,0.0137362402958667,-0.0096785280337254,-0.007154876830127,0.0178434634605138,-0.0056743693304676,-0.0033152983601109,0.0127666240810583,-0.0082210643267765,-0.0064920349248739,0.0132196231376782,-0.008900647205495,-0.0066355126086608
0749,0.0133567820215686,-0.0083779575212142,-0.0091236501818027,0.0174275427131856,-0.0044226736577461,-0.0053239514191677,0.0174730038599618,-0.0037666471160763,-0.0046773487775647,0.0147284111815546,-0.0064903383735668,-0.0073832419110537
0750,0.0176616634932718,-0.0097183637386909,-0.0086576074970081,0.0274077196728865,-0.0032920509130935,-0.0023841351841512,0.0270340823606,-0.0018090375318335,-0.0013310129422687,0.0232920424451026,-0.0054847816083746,-0.0046240281326551
0751,0.0169149087522976,-0.0064602855612227,-0.0059954807455633,0.0268257118307969,0.0026911425318536,0.0030882270490079,0.0269998355385639,0.0005230161693554,0.0004956655345647,0.0234107119979839,-0.0013294550524613,-0.0010388472431137
0752,0.028873696367724,-0.0018015138271761,0.0011392915094989,0.0336868189658878,0.0021584561430765,0.0047851068209301,0.0358511836553197,0.0051094707706742,0.0074013290335794,0.0335055979231113,0.0015178950840265,0.0042510167424648
0753,0.0142635244691385,-0.0104288729469231,-0.0056044011652819,0.0143551025679168,-0.008879578613868,-0.004464457594384,0.0229447037033584,-0.0026037858881748,0.0015943574283953,0.0161513091947816,-0.0083751948792273,-0.0037360945106708
0754,0.0305281697111079,-0.0004696309235497,0.0069532009693877,0.0316180261150606,0.0017835839065776,0.008482891520496,0.0392761551323335,0.0073868215012919,0.0141071964978252,0.0344689541045648,0.0028489182041791,0.0100461625310411
0755,0.0319815914824329,0.0060055078956566,0.0066098153150127,0.034352720721555,0.0088035081833191,0.008930854626859,0.036411523557418,0.0132033898399522,0.0132047734049664,0.0346803647137872,0.0093429672365329,0.0096171664390064
0756,0.0390603718616365,0.0124908614386136,0.0154466463750556,0.0365512657491641,0.0101653860729319,0.0127071140898539,0.0333942215399608,0.0076422118245004,0.0098868411973741,0.0354710928557449,0.0094703177290799,0.0121273788607806
0757,0.0401941415452235,0.0144369156629609,0.0163485438404166,0.0363120995159251,0.01371157632449,0.0153325128172611,0.0340519537816927,0.0125553843789883,0.0137373297793222,0.036484982688208,0.0134130466607115,0.0150385090809466
0758,0.0364176937041011,0.0038365064486312,0.0084495818371858,0.032002911451891,0.0005196628627963,0.0047801598815115,0.0360621327357313,0.0057569407030468,0.0095834648637425,0.033955818076187,0.0024739607510104,0.0068636650741408
0759,0.0464988917275878,0.009865958312859,0.0119033140599722,0.0471942356254859,0.0117028554457232,0.0133094170384038,0.0446208216495026,0.0139936761181587,0.0150784228003753,0.0477367812746495,0.0122022280475556,0.0137924520836041
0760,0.0322313463338384,0.0057667134981071,0.0090155669979782,0.0295605625271309,0.0029889411355919,0.0060797263349863,0.0300488052155188,0.0087518217176823,0.0110575581554127,0.0303889398139577,0.0054788326569533,0.0084426720111608
0761,0.032766857507202,0.0014220557321432,0.0015282666041338,0.0326606613710416,0.001881809119145,0.0018797213387588,0.0345076450551609,0.0041138871665967,0.0036585240410663,0.0341594683061096,0.0025525424167724,0.0024613870843908
0762,0.0382515857172492,0.0084961868345279,0.0091462893758546,0.0356220654093206,0.0062023732327908,0.0067295140638767,0.0349698178721929,0.0096202364439719,0.0098133917654981,0.0373370005040423,0.0085344173513845,0.0090172822019942
0763,0.0386688627292459,0.0049311875741272,0.0078007403231356,0.0385646891468436,0.0062347388310045,0.0090041202505444,0.0351736065805659,0.0016260075456083,0.003840348056942,0.0396768046572854,0.0047986447061482,0.0075240066355296
0764,0.032945833577888,0.0007098792564534,0.0019683796043881,0.0313383796543678,0.0011090770234919,0.0020084182499648,0.0391533869311138,0.0089314622595309,0.0092951080377118,0.0363578292939679,0.0037751269902007,0.0046823860034022
0765,0.0416120835989759,0.003429960040044,0.0036044288592803,0.0406112136462691,0.003482246557693,0.003254973898006,0.0374520632924581,0.0029903562946701,0.0022580412116573,0.0419764671743789,0.0034947763792311,0.0032340890179101
0766,0.0362957194677269,-0.0059521438426038,-0.0047410541794554,0.0355289243042244,-0.0059693855766721,-0.0050119438951952,0.0333900565143229,-0.0047331784239562,-0.0043493168254467,0.034338053378799,-0.0066133033018419,-0.0057382405125764
0767,0.0348201754563221,-0.0009426717366559,0.0023837132337342,0.0336288803136286,-0.0020403406613979,0.0009215497091033,0.0398876947543845,0.0061318631339342,0.0085460604321471,0.0372872936167154,0.000910109538728,0.0039116962639672
0768,0.0238276299107994,-0.010388467592445,-0.0062232357365734,0.0246297882876835,-0.0097927454320245,-0.0058956672403671,0.0213330111670561,-0.0087738751701637,-0.005707812869219,0.0241906254541501,-0.0098807114044898,-0.0060388939375571
0769,0.0260011240700295,-0.0108306019052305,-0.0061056888879255,0.0220400778238056,-0.0130410235357276,-0.0084973443386681,0.0208035487515338,-0.0132456289186399,-0.0097728666106341,0.0240068688142711,-0.012874703319547,-0.0084827571951028
0770,0.0259076667187176,-0.0059779864642327,-0.0008203035092841,0.0248843799766939,-0.0085169167627945,-0.0033802931658276,0.0253287303013429,-0.0087462306551151,-0.0046124016534438,0.0272002791459816,-0.0075896745314195,-0.0025964169081577
0771,0.0277796142608048,-0.0083237232787682,-0.0019456257876987,0.0332195317750877,-0.0033149894386405,0.0031759159809117,0.0247140920892725,-0.0134746855508951,-0.0080772440419764,0.0302939747909469,-0.0085174521089169,-0.0022118681913187
0772,0.0313864083245684,0.0019398333818036,0.008209391862302,0.033422714240371,0.0045193865995305,0.0109586174115858,0.02596004492605,-0.0036014644547063,0.0019610729079271,0.0312480164616016,0.0011115663291972,0.007425023032948
0773,0.0254591996844615,-0.0012551158804944,0.0039840826167109,0.0233774027718418,-0.002181568316918,0.003121599598498,0.0211137673752535,-0.0029739651399804,0.0014602807811361,0.0257476036038717,-0.0015953491298775,0.0035849700582924
0774,0.0192877286331652,-0.0040984474385829,-0.0034174284806169,0.0174510025737645,-0.0022675893343542,-0.001506644754296,0.0172446300874564,-0.0066014646650579,-0.0065809638239179,0.0184868531815555,-0.0044454858439586,-0.0039113209663638
0775,0.025113430694931,-0.0057967760252557,-0.0039677034676349,0.0269821450746568,-0.0036672079778169,-0.0019911172956175,0.022696532544683,-0.0079964818615566,-0.0068664221076245,0.0271427065285349,-0.0055625069186258,-0.0039375009391912
0776,0.0138824513527242,-0.0106513218916577,-0.0102235236462504,0.0148339210790715,-0.0117631072404566,-0.0113774353753799,0.0129259033429792,-0.0104334618816155,-0.0105344157732251,0.0149006261326878,-0.0112120440983482,-0.0109951220440611
0777,0.0100002739582394,-0.0119848922286924,-0.0085332675535555,0.0033968014178564,-0.0194628155452263,-0.0161377298342175,0.0036241858993157,-0.0154044133201671,-0.0125733629364052,0.0082933551570507,-0.0153560382827265,-0.0120371340220489
0778,0.0205947182610093,0.0008115597545928,0.0044833334205377,0.0156353654582684,-0.0057245821968904,-0.0020116689397035,0.0159538939375164,-0.0015359211639088,0.0017160792055431,0.0195928440341586,-0.0016019942052802,0.0020853935013858
0779,0.0083990749052588,-0.0083174508321381,-0.0046183552142049,-0.0042883905295775,-0.0195820853699152,-0.015929748172869,-0.0033522621798119,-0.0131825718143641,-0.0098317830900797,0.0004855374412396,-0.0142309712895083,-0.0105141092670015
0780,0.0109966163056257,-0.0077541347134084,-0.0033866918972172,0.0056949022984026,-0.0123921466892288,-0.0081128030273094,0.0022278459428405,-0.0145141234032803,-0.0106653439766756,0.0066786819936767,-0.0117845455170935,-0.0074666451985662
0781,0.0223346896728322,-0.001881138364723,0.0036623009468926,0.0180132110511978,-0.0061280363883185,-0.0005519515594651,0.0167290796571752,-0.0070290612942213,-0.0021495961691158,0.0203954747612831,-0.0048249649005073,0.0007075003803466
0782,0.0257100364932449,0.0003327003156518,0.0055047189327614,0.0183785196878544,-0.0049517809072679,0.0001864047110088,0.0201333298622961,-0.0042825716479727,0.0002985072529875,0.0209891817610703,-0.0036002692603164,0.0015417149386229
0783,0.0374179196814635,0.0044372083836345,0.0114120042657253,0.0301677978388276,-0.0017990164167525,0.0051601294319704,0.0247527254773682,-0.003986707657316,0.0021540526912639,0.0310155630159465,-0.0008752492277336,0.0060578785326311
0784,0.0366554102371756,0.0142695484279592,0.0167228353954981,0.036693054214805,0.0141886639860148,0.016123785309005,0.0295419773265293,0.009092429116894,0.0108556538734564,0.0348893358067685,0.0129378638428487,0.0150517486618962
0785,0.0359540789163756,0.0148437433463804,0.0202905813383147,0.030021734230584,0.0081566242662056,0.0129364768609508,0.0304341416663919,0.0110120062503097,0.0152326399746229,0.0345045953162051,0.0121671913471158,0.0171466922722281
0786,0.0197945419464888,-0.0015723043144435,0.002819714502382,0.0148089948987996,-0.0042204350107491,-0.0002774686631836,0.0201906266846966,0.0011442856728207,0.0046045645190818,0.0166852883543354,-0.0021557969300017,0.0018911877508488
0787,0.0334608293757911,0.013760053719627,0.0175101616256856,0.0311255656062757,0.0114506392187726,0.014843313665706,0.0378063584495927,0.0172362907263166,0.0201177032015436,0.0339532288759053,0.01432512345725,0.0177715701607084
0788,0.0284684930101549,0.0093655723509162,0.0129578174534798,0.0270614955762795,0.0080628091649135,0.0113451254591861,0.0287272606101645,0.0093595753974818,0.01247740550116,0.0281737368630367,0.0090745663019749,0.0125222213234839
0789,0.022836862458852,0.001956687352944,0.0037680139990486,0.0259553386434134,0.0056284508892008,0.0071781720468677,0.0248955743627106,0.0038547322084765,0.0054116444994665,0.0247795391163543,0.0037722677709186,0.0054644086385614
0790,0.0277093245415191,0.0029990829901016,0.0049803479912536,0.0201667812932999,-0.0027099180547615,-0.0008391450709551,0.0273397153091332,0.0042218934353767,0.0062054280811053,0.0258559888675795,0.0015573701232071,0.0035721269254078
0791,0.0510348569783729,0.0184859344091059,0.022217769228764,0.0442087196455748,0.0141606441418595,0.0176849296834693,0.0545249969247061,0.0230601870187205,0.0267225898354928,0.0522585189897352,0.0192873123565117,0.0230927393857482
0792,0.0460828731070397,0.0159748626985988,0.0188633995620753,0.0427377948762053,0.0158749197477226,0.0187108477190805,0.0493284690972509,0.0204195904543857,0.0231309751902511,0.0478883288060895,0.01817495336945,0.0210970532337073
0793,0.0326511201181967,0.0041326910118647,0.0079515665855403,0.0328387729942179,0.0057000662826044,0.0093600285197504,0.0356643982641306,0.0085045184160895,0.0120931627369889,0.0344538795143078,0.0059348430356973,0.0097812577668483
0794,0.0338522283726567,0.0029703386021641,0.0088036073895296,0.0274588412118809,0.0007460221565537,0.0065305328497314,0.0367400827517286,0.0090308739863487,0.0145193078736855,0.0335763900414035,0.0039799406192053,0.0098734064448613
0795,0.0260798181185515,-0.0003392873447598,0.0038923453383395,0.0247343208560876,0.0004605397528425,0.0046142230952087,0.0304701026887017,0.0064038853497592,0.0104283039808279,0.0274721132834618,0.0016500593822921,0.0059344095735318
0796,0.0201635619760259,-0.0068508510926831,0.0003914340755176,0.0132583624325415,-0.0114095846169276,-0.0043710480537355,0.0300884429901954,0.0032265591131114,0.0101567310296889,0.0210606643821493,-0.0054533373741026,0.0018787724242513
0797,0.0205758723065795,-0.0085563692598751,-0.0031934005012592,0.0201142600544572,-0.0073201980603581,-0.0022165758929593,0.0196788882957356,-0.0042983035557618,0.0010122400057653,0.0210072085615978,-0.0070984053094574,-0.0016225390354515
0798,0.009633188553665,-0.0175128910510205,-0.0131771433212326,0.0083232994267309,-0.019689896699425,-0.0156540406697345,0.0110409271417151,-0.01576788640796,-0.0115866549769841,0.0087563328887261,-0.0190836298817691,-0.014748618183972
0799,0.0106218724824322,-0.0204057730850671,-0.0167354587881265,0.0111921974572059,-0.0181380170029199,-0.0146572708883078,0.0121521743664013,-0.0167276957182592,-0.0131500566808942,0.0115386180203633,-0.0195949309267456,-0.0158854893185065
0800,0.0293040525088436,0.0023807332318678,0.0036627800939197,0.0222468862571483,-0.0030013091679886,-0.0019723629558059,0.0305224386672722,0.0030508507592519,0.0041478043940775,0.0281344358203697,0.0003980298866314,0.0015651492103321
0801,0.0280170047781654,0.0038683864541227,0.0045019404999298,0.0256122657517251,0.001691167406491,0.0020844192335638,0.0225137167668447,0.0005742025793692,0.0012663488822079,0.0263328898482311,0.0021030555362467,0.0026918708938768
0802,0.0166325433237477,-0.008173508036451,-0.0073391645108399,0.0205249036111574,-0.0043401806693273,-0.003664815648148,0.0110768649190208,-0.0115838371138305,-0.0107854233560149,0.0168261267995329,-0.0083384530189705,-0.007560162998461
0803,0.0159090279658263,-0.0121202984775518,-0.0089948885627649,0.0194861702452436,-0.0081567310155166,-0.0051814584724475,0.0210104944751456,-0.0108995311971796,-0.0081391429344019,0.0202958810584586,-0.0105938580861254,-0.0075423789796531
0804,0.0137020579295072,-0.0118954516065882,-0.0114433544499895,0.0153109120242351,-0.0105507173068848,-0.010026856130056,0.0179714942108757,-0.007218648062204,-0.0069395728957222,0.0160068204170986,-0.0102584524326221,-0.0098309391747273
0805,0.0169748414406513,-0.0056336914627777,-0.0066565803526419,0.0272224936147204,0.0010068140938656,1.4156569885002024e-05,0.0201444812162067,-0.003198731371174,-0.0044641500663933,0.0224096490388428,-0.0025868507950512,-0.0037396752997381
0806,0.0104925944150384,-0.0092318799517489,-0.0074293639450098,0.0111207280354608,-0.0072626116894074,-0.0056321344672953,0.0144635620255209,-0.0046906989553576,-0.0033787524229876,0.0123282914956928,-0.0073271887030416,-0.0056860706894075
0807,0.0246738917758067,-0.0036656349495857,0.0001330927904866,0.0224896033311331,-0.0025899098065047,0.0009989806566612,0.0240741531112601,-0.0030959762336984,9.261738439922894e-05,0.0255047295443719,-0.0028275762491841,0.0008292115155257
0808,0.021068886709105,-0.0014400812416351,0.0018762781688209,0.0190499425945744,0.0006629232117547,0.0036859386877633,0.0223448211589,-0.0017064958446881,0.0011758206291652,0.0222727274631267,-0.000691555281269,0.0025027402412399
0809,0.0191044943058025,-0.0018872953453141,0.0027624605818744,0.012358206965115,-0.0048412654737211,-0.0004294379194075,0.0134581793377321,-0.0049182614481795,-0.0007779938577868,0.0170103683899061,-0.0032740572889244,0.0012874768497001
0810,0.0218735167245305,-0.0025369481791646,-0.0021763478562992,0.0147609702776372,-0.0073575900532864,-0.0071650961924328,0.0192623530430186,-0.0032256388409917,-0.0032461283084685,0.0198167065089285,-0.00429780885174,-0.0040919267567014
0811,0.0217141744072463,0.0028871608399427,0.0030809380510724,0.0172687316813333,-0.0012107059952964,-0.0012986299607341,0.0133252852170517,-0.0027359188747097,-0.0028624072459261,0.0185361333737765,-0.0001488782043619,-0.0001640052034359
0812,0.010320926035128,-0.0093677542251696,-0.0070769406218412,0.0096367909159164,-0.0099430973283074,-0.0080946143392773,0.0155925903069994,-0.0090065781787926,-0.0072479890493212,0.0111666977448385,-0.0104650331827249,-0.0084239269189602
0813,0.0251508349707408,0.0012015353657281,0.0030777572380161,0.019134501929366,-0.0041777507785638,-0.0026087923514423,0.0234890845462215,-0.0006451263371752,0.0008030642202945,0.024595223828852,-0.0011311929508963,0.0005557314342205
0814,0.0078125638635826,-0.0035951101325234,-0.0028707621446436,0.0016904559205262,-0.0117103733631274,-0.0111338839167178,0.002908930865783,-0.0095683272734145,-0.009159358297801,0.0043599580429029,-0.0086451848081197,-0.0080461531746136
0815,0.0057862632719884,-0.0044048199026933,-0.002190038068526,0.0006878603754314,-0.0096707155025672,-0.007573393583135,0.009464782088497,-0.0037851051925503,-0.0018604101143775,0.0042976307464654,-0.0066210602814097,-0.0044545309027165
0816,0.0024513817940707,-0.018590397716404,-0.0113647030129409,-0.0030246574033813,-0.0217169362318325,-0.0147640789443818,-0.0026294732067201,-0.0225967942407486,-0.0160147953178566,-0.001803942402753,-0.0220906783527613,-0.0148907722618573
0817,0.0022487832514147,-0.0166637973231681,-0.0090834084282677,-0.0046480958694832,-0.0209804788103083,-0.0136337418705832,0.005566743233428,-0.0131090721860362,-0.0060411869866404,0.0010562916627856,-0.0177153689004722,-0.0100898675021504
0818,-0.01347116491127,-0.0317073017660158,-0.0240218523380121,-0.0131230055213327,-0.0311607804800527,-0.0236827648396746,-0.0119610063281165,-0.0286494989313735,-0.0212529420959019,-0.0130127051110623,-0.031503364639084,-0.0236996694953615
0819,0.0016106876406585,-0.0208467880291212,-0.0112488873710438,0.0018442709417641,-0.0198624697682459,-0.0103205476724826,0.0078498881838611,-0.0121623542254604,-0.0029785389636191,0.0051141041581664,-0.0180158061202597,-0.0082294938233408
0820,0.0087832754324416,-0.0147713581638222,-0.006353426133856,0.0078155734120278,-0.014513128475742,-0.0061443394174848,0.0109847172817711,-0.0073267899242645,0.0005985716428471,0.0093370996011634,-0.013014003731482,-0.0044699550893943
0821,0.0067488094671582,-0.0168624818180677,-0.0084773420411046,0.0055474834173888,-0.0175737740090671,-0.0093304859735815,0.0121209804422441,-0.0087390698349628,-0.0008057115823578,0.0083707648255142,-0.0154835182443075,-0.0069776738464847
0822,0.0027070246332436,-0.0173699250508978,-0.011836434580231,-0.000368615729927,-0.0194968722185905,-0.0140972616470197,0.0031750626098117,-0.0133609155603244,-0.0082448580724154,0.0016573874178433,-0.0177125882954223,-0.0121537148961936
0823,0.0184590621571688,-0.0073189475152922,-0.0014900911893368,0.0232225833254705,-0.0026256433045091,0.0031460101690602,0.0227827169589831,0.0008622482869622,0.0064223206477724,0.021219105296876,-0.003689482958123,0.0022626454725755
0824,0.0141864149458041,-0.0108385456327782,-0.0064544479200575,0.0191535559182161,-0.0071566944977176,-0.0028510506793921,0.017877712799734,-0.0038404082194377,0.0003112073856375,0.0163210873633099,-0.0079677137090522,-0.0035107269230593
0825,0.0222460426269414,-0.0026338673138487,0.000905028566258,0.028556478008446,-0.0001556319399367,0.0031465139128001,0.0253861084412788,0.0014657669248567,0.0047911832777731,0.0241733095132227,-0.0013195833279436,0.0021867337334145
0826,0.0127806773600624,-0.0085961602356385,-0.005724372067361,0.0127099059185255,-0.0072304152035872,-0.0045495496743145,0.0172331266474496,-0.0027635001780608,-0.0003125506071678,0.0136761133489204,-0.0068239036989052,-0.0040579040760105
0827,0.0146148588931849,-0.0046394808785638,-0.0015054516603924,0.0228630917003324,0.0040515381330243,0.0071224902750329,0.0173555766279583,-0.0013606497725185,0.0015594441815219,0.0176897242063992,-0.0010731846225159,0.0020888403573745
0828,0.0223474657683348,-0.0031505709928796,-0.0047976258343826,0.031852544465149,0.0074481936281768,0.0056246248837222,0.0269005932080084,0.0047159945638751,0.0032007733014261,0.0279327651990458,0.0028675507501677,0.0011539405152679
0829,0.0474765796325596,0.0113439066807565,0.0121338904973939,0.0436375855679437,0.0115839320206893,0.0121138947392252,0.0426931530935421,0.0112187769493548,0.0116611102594704,0.046455789841566,0.0117058708585246,0.0123263327776056
0830,0.0375504058828435,0.0148770756514361,0.0140977359770189,0.0378371530405499,0.0180515045055141,0.0170143725071968,0.0361021667493258,0.014371061354062,0.0135880238745956,0.0390402113704413,0.0164095152344462,0.0155497411549585
0831,0.0293264237489718,0.0088067184285226,0.0131885986001213,0.0295788644881996,0.0086165767311683,0.0128136258643673,0.0305950538568399,0.0117096361776184,0.0158007883369323,0.0309953124101649,0.0099295841318526,0.0143170745864472
0832,0.0464345820506909,0.0266456522882424,0.0275081251798377,0.0467698814485164,0.02648530412813,0.0272732278834384,0.0429729911997812,0.0239486850176907,0.0247416644099686,0.0485185365305581,0.0273465981509207,0.0282058300866584
0833,0.0436822025621053,0.0171664353234849,0.0196082899260131,0.0390490104996672,0.0121005607127374,0.0143153623392477,0.0414992826343302,0.0175929315892543,0.0198459285811868,0.0422391774681856,0.0159606985911226,0.0183650696316728
0834,0.036403081395447,0.008320420930813,0.0110675617630054,0.0358544340323324,0.0081552764046957,0.0108579667638243,0.0302206739592771,0.0097518947375248,0.0122214931204327,0.0338402306189373,0.0082204689119648,0.0109574534682282
0835,0.0596760925850184,0.0277075952657701,0.0300647512586678,0.053479317603876,0.022877047279709,0.0251734745899907,0.0540757205203085,0.0288262932111357,0.0309255427898424,0.0579662041700261,0.0273127149802757,0.0296548376681578
0836,0.0392399677255213,0.011815470660482,0.0138228037459582,0.0349493961003961,0.0092490243178535,0.0109119571982184,0.0420386876310297,0.0160165784381881,0.0174564146129384,0.0404630035440599,0.0127863350285911,0.0145571423072293
0837,0.0219464618917317,-0.0005430875623204,0.0026555143485402,0.0200547243624582,-0.0003214209278355,0.0025359454058225,0.0264588404288042,0.007495337883768,0.0100527656700458,0.0223156432054519,0.0016835030661304,0.0046606787189163
0838,0.0107292276610372,-0.0134216843895303,-0.0117231093562866,0.0122537470057742,-0.0093210650516361,-0.0079371010956518,0.0245994824637394,0.0021976881949189,0.0032206648569826,0.0169135009844127,-0.0072134734559287,-0.0058011686510332
0839,0.0198496963074768,0.0056473181275895,0.0084087622440468,0.0206565935345212,0.0085401340047424,0.0110203575192185,0.0208817981274647,0.0086719961199515,0.0109277749243478,0.0212633766776463,0.0078981573588116,0.0104970757438986
0840,0.0183139815627343,0.0031297599105847,0.0057039425063947,0.0149929581865949,0.0004157980159994,0.0029045119780456,0.0205307454424315,0.005208125449965,0.0072963006788315,0.0167941445313158,0.0022597616928628,0.0047574706002134
0841,0.007067901788245,-0.0077331157468167,-0.0015960870470248,0.0081804479333203,-0.0102639913862873,-0.0044322221977027,0.0132867422228465,-0.0032770703533402,0.0020735653096387,0.0096375633943021,-0.0074976492959128,-0.0014908705303583
0842,0.0016938026254992,-0.0177204602589461,-0.0115221797669699,0.0068664322850033,-0.01408699456673,-0.0083505907368376,0.0090591240761728,-0.012405779841027,-0.0072097387695691,0.0078730824712789,-0.014589437619481,-0.0086621637466968
0843,-0.0008692987890612,-0.0204475002812136,-0.01801044665949,0.0020581052686741,-0.0153850300748253,-0.0131916721768117,0.0030495942940753,-0.0176858490136251,-0.0158008906233634,0.0016798619965297,-0.0184758195866488,-0.0162116856677034
0844,0.0067009655944922,-0.0078389206320048,-0.0036847621712668,0.0112449558935299,-0.0037777800560604,-1.4960615061841531e-05,0.017844177424904,0.0032166835402131,0.0064933753154194,0.0115585993142739,-0.00317646300982,0.0007026730470442
0845,0.021761557829178,-0.0036173567729904,-0.0004118873952053,0.0163898128173908,-0.0064929363481648,-0.0035362297615407,0.0251033851531735,0.002702350005355,0.0051010992762156,0.022806869579103,-0.0022325386415709,0.0007509092549087
0846,0.0090898945376468,-0.0190441085923559,-0.0137130404489733,0.0107004822113024,-0.0155744638280176,-0.0104946221389447,0.0212587572747262,-0.0058239904494481,-0.0011649470880802,0.0139483179682699,-0.0143106840055718,-0.0090901186307135
0847,0.0094849081305472,-0.0104968572051473,-0.0069404167459209,0.0137157337516495,-0.0040020528193414,-0.0006474303185024,0.0147994757455392,-0.0061634601456986,-0.0032159881108323,0.0131499760837015,-0.0072215863240689,-0.003802096759047
0848,0.0156605157556001,-0.0062220626978836,-0.0030021753140645,0.0209361052471123,-0.0018073714140601,0.0011080103221135,0.0225040375747168,-0.001502724208396,0.0009367802207961,0.0209929402609143,-0.0032916028525408,-0.0003014717166394
0849,0.0110754513559305,-0.0168803397112633,-0.0135269237343759,0.0200050521420358,-0.0074909699315172,-0.0044217689038582,0.020042878384277,-0.0075115996793195,-0.0046882446942309,0.0190468335895668,-0.0106215549098047,-0.0074035599111639
0850,0.024274517717354,-0.0067578607836804,-0.0046176382720308,0.0295558616514934,-0.0001927648384811,0.0018162511527137,0.0218172164821327,-0.0068173447692788,-0.0053853933007209,0.0274948096967893,-0.0042004561511466,-0.0022317875720952
0851,0.0079867048577069,-0.0233654103783137,-0.0246473608611607,0.0116794949291721,-0.0171509116328372,-0.0187280629260237,0.0068519155086534,-0.0212174083516627,-0.0227857967597933,0.0107103482259736,-0.0212875411884267,-0.0228174911969549
0852,0.0308788901497312,-0.0049468847124691,-0.0049745807815014,0.027845715874943,-0.0036192411922554,-0.0038927299111572,0.0315878485764075,-0.0002870923214304,-0.0002868768267191,0.0320197552788462,-0.0029012907749609,-0.002970464286889
0853,0.0180095542297065,-0.0129310109612727,-0.0103164070087475,0.0169405847530164,-0.0106023896295242,-0.0081733510044518,0.0191064506632425,-0.0086530386494156,-0.006145598214883,0.020979706271119,-0.0103405836040307,-0.0077190473625817
0854,0.0097060853316711,-0.0191852391612597,-0.0164554603757721,0.0058335384986079,-0.0222511590637917,-0.0196978406940309,0.0109057760320969,-0.0162111235192247,-0.0136136324469391,0.0116128360291447,-0.0191507854605713,-0.0164135739816967
0855,0.0242821283983131,-0.0049805174728773,-0.002579378078095,0.0187622020839876,-0.007989087434722,-0.0058713207449495,0.0252212906047666,0.001712528012189,0.0038011020306913,0.0242506997744145,-0.0038662214633514,-0.0015735520596211
0856,0.0175863207331644,-0.0089382149417993,-0.008097131224266,0.0064939622576163,-0.017560193068986,-0.016918819537949,0.0170808603766898,-0.0050539796872739,-0.0043626421447555,0.01533929876945,-0.0106107348413306,-0.0098434423909947
0857,0.0265233382717421,0.002014732422572,0.0035297944430701,0.0198049089471066,-0.0025150887000414,-0.0011453059175973,0.0166737629820609,-0.0012426126697433,6.970113194565318e-05,0.0202704750423789,-0.0013085457264259,0.0001712419168108
0858,0.0249611713265848,-0.0058075934819148,-0.0018562453462089,0.0183665636910462,-0.0100036049628887,-0.0062184610128258,0.0175110041399227,-0.0063726512238034,-0.0028295615671841,0.0206170116021046,-0.0081508080168899,-0.0042580990696
0859,0.0145013356965253,-0.011634450805846,-0.0101655508166989,0.0133925051449238,-0.0132274300873267,-0.0120134193358552,0.0165093320929517,-0.0079085351827787,-0.0066248665688551,0.0136400294170435,-0.0123965575547804,-0.0110293717704511
0860,0.0207945368301369,-0.0069179631842632,-0.0045363294505401,0.01183614265101,-0.01442654741572,-0.0123772906990645,0.018630990919164,-0.0054443539196377,-0.0035034799666482,0.0174297554169573,-0.0098550609651806,-0.0076412737648642
0861,0.0118245090288691,-0.0098620375323707,-0.0059917170636356,0.0029723024561981,-0.0150850724837173,-0.011498939521092,0.0158510764606494,-0.0048631390098485,-0.0014542136742183,0.0103341856552675,-0.0103681382299295,-0.0066092382791565
0862,0.0054772494533659,-0.011333245045375,-0.0058788159011131,0.0002151256325059,-0.0131247158343383,-0.0078971648771917,0.001877135660701,-0.012838806142765,-0.0081016699375122,0.0023342421260891,-0.0129898262422527,-0.0076499191802204
0863,-0.0039667756781738,-0.0202669183705952,-0.0162425819275783,0.001750619704132,-0.0123332078259904,-0.0083893796910193,0.0012617608482547,-0.0171535242535392,-0.0137729098230062,0.000392255775225,-0.0168610523189687,-0.012934045831638
0864,-0.0103945386745439,-0.0216846209888039,-0.0181488006462806,-0.0094082606779207,-0.01773058611299,-0.0141821885316683,-0.0005477034760541,-0.0134425645605977,-0.0103220598070867,-0.0072987743101458,-0.0184130640289629,-0.0148832123108609
0865,-4.399631925552386e-06,-0.01231142162643,-0.0091529033235186,0.0015229367387647,-0.0101358538446472,-0.0070555432649261,0.0024851739125097,-0.0097887603332437,-0.0069881263115257,0.0011161059681129,-0.0111591135406952,-0.0080440379797987
0866,0.0132373070427733,0.0036947830841432,0.0044589866106055,0.0141380689079563,0.0071860390929343,0.0077990761876119,0.0149136024577421,0.0047422539436081,0.0052239463890463,0.0144769758326188,0.0055768311360301,0.0062255511830193
0867,0.0090717179590875,-0.0022962177349397,-0.0032496506383924,0.0089398573149062,-0.0011558215979705,-0.0023193054521906,0.0109281472882127,-0.0012344002021933,-0.0023801249352234,0.0087150797910457,-0.0019297017636592,-0.0030430125490809
0868,0.0107835920391603,-0.0075191471332625,-0.0083370643911094,0.0148801903667759,-0.0028602779696099,-0.0038836399669627,0.0078703213630106,-0.0049214305870032,-0.0059063352741554,0.0113388424550922,-0.0055299169679833,-0.0064972282594884
0869,0.000386992189888,-0.0169472201554939,-0.0175425051527185,-0.0003994900469247,-0.0172744322947936,-0.0181381670813631,0.0033045475877852,-0.0106490595788607,-0.0115591619882453,0.0004931125504466,-0.0159624801141911,-0.016777634108701
0870,0.0139595296278196,-0.0045942747990247,-0.0082504571663766,0.0086019746188531,-0.0089731680077743,-0.0129996740507741,0.0145087252192533,-0.0027073481565652,-0.0065573427502837,0.013874152222424,-0.0052629181594425,-0.0092340848311649
0871,0.0159911104171548,-0.0059910740604788,-0.00455407447359,0.0065591539449835,-0.0137550561290705,-0.0124976688819923,0.0143849637111831,-0.0068697414349489,-0.0057339640818307,0.0134512603448208,-0.0088582952766971,-0.007541686961547
0872,0.0035984004698,-0.0100738590015364,-0.0057901528050634,-0.0059542487288293,-0.0192693939980616,-0.0151323443796314,0.0030503037133953,-0.011134595092789,-0.0073338305233349,0.0009294745115973,-0.0136672699138959,-0.0094393455076486
0873,0.0028559491172636,-0.0148819256825797,-0.0103673786732486,0.0006241870059787,-0.0195627463573851,-0.0152894171728664,0.0070304168137567,-0.01256734504648,-0.0086764833416031,0.0049717477243159,-0.0158620028777974,-0.0114933307254394
0874,0.013301428438746,0.0001621153328275,0.0040901802315798,0.0197186753850997,0.0062135826349618,0.009925687759472,0.020841690242073,0.0071824264101965,0.0105733848611524,0.0192145766798676,0.0048524875166513,0.008668829220103
0875,0.017163513179099,0.0036816042095412,0.0073685463379423,0.0118282857076845,-0.0020493112109261,0.0016475504697119,0.0125575584831373,-0.0014426750884652,0.0018279344517314,0.0149338106936374,0.0004549272756037,0.0041354697302947
0876,-0.0056005530106903,-0.0083698975998296,-0.0042830400185903,-0.0059494930491532,-0.0098875628823881,-0.0058349063827407,0.0008600687608372,-0.0042465423723066,-0.0005741083171023,-0.0031501945405347,-0.0074427064832066,-0.0033529744608065
0877,0.0011517691046012,-0.0051183720887572,-0.0014530344413732,0.0044981203325825,-0.0016412842670113,0.0019862783970583,0.0047782197736276,-0.0028992455682064,0.0003151886980209,0.0054736531900818,-0.0025513907859565,0.0010831315870807
0878,0.0069118698787542,-0.0067179893312086,-0.0054669094334955,0.0082658916124198,-0.0073611889696558,-0.006322267450847,0.0063054669675523,-0.0100912145441799,-0.0091409683616378,0.0073615306743865,-0.0083074635682393,-0.007179699765575
0879,0.0076526442589334,-0.0053428790505265,-0.0051912066726224,0.00121021268668,-0.0106692681795206,-0.0106126498053503,0.0024253853023039,-0.0095191542444304,-0.0095531897058975,0.0046298311009858,-0.0084846654173167,-0.0084215651587043
0880,0.0197893223968312,0.002938424733812,0.0054749368696778,0.0103542225930415,-0.0048593359315073,-0.0023358076440975,0.0164562556698337,-0.0002151509613641,0.0021686058608717,0.0181458385116059,0.0003324662350965,0.0029049311455339
0881,0.0295665453086726,0.0091153324043256,0.0105838499439471,0.0227916869981071,0.0056259508026054,0.006991153995106,0.0198069686180906,0.0046468818000466,0.0058593776756091,0.0263507098577308,0.0069441318501347,0.0083367732532746
0882,0.0229730873119884,0.0034641689995342,0.0047799775309671,0.0153745727079959,-0.0027377448678545,-0.0015015449246002,0.0233682470525085,0.001527821156909,0.0026429074850861,0.0226941613164968,0.0012060135145643,0.0024597621707957
0883,0.022470030871977,0.0133598669800208,0.013362727479537,0.0187332480281677,0.0110498654676061,0.0109796578896886,0.0103180800798336,0.0016514408188722,0.0014933436480285,0.0184076576022059,0.0091496298455563,0.0090669171495372
0884,0.0259894729639982,0.010520751428131,0.0105353850005853,0.0275221008875631,0.0111389635746408,0.0110010910574153,0.0169557373411708,0.0036597621488741,0.0034892050122829,0.0247687157282329,0.0088387571913066,0.0087303132520066
0885,0.0425745923710644,0.0228110131316422,0.0206863008992895,0.0367453016175345,0.0182515098611248,0.0160189899911407,0.0284681495524432,0.0165088724011829,0.0142668507154801,0.0394387446784752,0.0204212316080371,0.0181319580166923
0886,0.0188161497549182,0.0109201583555041,0.0101708740990875,0.0162192641547896,0.0092761373271567,0.0084252538852539,0.0105305205964078,0.0022065732513865,0.0013877678432117,0.0182970059862528,0.0087555909880073,0.0079197788715584
0887,0.0265917881264029,0.0091532663889679,0.006605013414251,0.023801115933841,0.0064004625278454,0.0038011779366903,0.0173524418807085,0.0043276711447391,0.0018657166499852,0.0242547164519648,0.0070837852715784,0.0044543549890819
0888,0.03849378168758,0.0182199891464318,0.0209242236842945,0.0374880935356786,0.0156899869901154,0.0182745820495614,0.026271799554276,0.0099437970208646,0.0127008475513651,0.0345652602928345,0.0146903574495161,0.0174852510690493
0889,0.0362458622340895,0.01847463713957,0.0208402506381972,0.0362003875937557,0.0197915384330834,0.0220526648624412,0.0230269931349142,0.0109342854363559,0.0133286218065929,0.0327184745101915,0.0167850887721718,0.0192204840459096
0890,0.0205071011168289,0.0053337151110607,0.0078157696385962,0.0193413150430916,0.0057489331648058,0.0082427510678602,0.0181499524008393,0.0053117704757548,0.0077432479871685,0.0207445530477673,0.0057167199993677,0.0082746462613308
0891,0.0168307436806209,0.0021544150129228,0.0038017631308786,0.0191818788041763,0.0030158789700779,0.0046748681070354,0.0155823568436151,0.0031473075509055,0.0047875106918724,0.0171003914174275,0.0026757266888961,0.0043902389271431
0892,0.003037874907602,-0.0068379110511275,-0.0073237261847559,0.0043959793091154,-0.008908904474906,-0.0094335856641043,-0.0008321999516799,-0.00711793167555,-0.0073414422676137,0.0014705053110602,-0.0082212698709337,-0.0086465228475174
0893,0.0139870608837289,-0.0002967280973302,0.0008092291687946,0.0119982868856885,-0.002623933989367,-0.0016552106269651,0.0117755618846526,-0.0001584133757435,0.0011091644738219,0.0115313671512911,-0.0016744340393097,-0.000531117869259
0894,0.0034267324494296,-0.0080424540074323,-0.0054950457793378,-0.0004301698926555,-0.0137066717456135,-0.0111964077447076,0.0035056039316186,-0.004603975320984,-0.0020798874979046,0.0022669480772553,-0.0091568357665709,-0.0065471189209653
0895,0.0018572835220267,-0.0118452515844413,-0.0101184548109528,0.000316179595249,-0.0135830720119441,-0.0119867489003877,0.0010055671161916,-0.0130538479513993,-0.0115322138197627,0.0006414300867376,-0.0132307331075366,-0.0115471238380759
0896,-0.011486466524835,-0.0241103317846658,-0.0188211610019442,-0.0089179765282474,-0.0259955224506501,-0.020808572807349,-0.0138145423006886,-0.0270364416114254,-0.0219777604088067,-0.0116533217247658,-0.0264954663459091,-0.0211667023630467
0897,0.0181205459965332,-0.006537084581597,-0.0006451897217265,0.016718538941202,-0.0078878546159674,-0.0021133830744948,0.0119917299498147,-0.0117889825606898,-0.0062540481091792,0.0168911514469149,-0.0087420383104639,-0.002803787532888
0898,0.0060604408776291,-0.009032986894941,-0.0085903369949487,0.0057060486512912,-0.0090661502905124,-0.0087160687541395,0.004419243960132,-0.0101682011605965,-0.009817949304464,0.0051219877011002,-0.0099138905860064,-0.0095067370098283
0899,-0.0063491815185128,-0.0118225231042936,-0.0107444733890905,-0.0067030627343838,-0.0135369201286907,-0.0125568570844173,-0.011496005044973,-0.0122574594030987,-0.0112761693885062,-0.0087538665955764,-0.0129307418426507,-0.0118872326616977
0900,0.0103276844088161,-0.0055525679412577,-0.0026708151800336,0.0045042720638036,-0.0117874254371254,-0.0090371938208948,0.0070406597011834,-0.0062218950671868,-0.0035117581205943,0.0075639047111044,-0.0081621033349887,-0.0053025891420581
0901,-0.0032140769183067,-0.020962280266678,-0.0161211223482026,-0.0068093600948813,-0.0254034640168598,-0.020641560357662,-0.0037128753805778,-0.0198944369228435,-0.0150083875956338,-0.0046850611563276,-0.0228943029226576,-0.0178948113605559
0902,-0.006648381819186,-0.0208250907047411,-0.0180675156289974,-0.013560323529267,-0.0272289466744365,-0.024583156500221,-0.006753649050915,-0.0206417923372944,-0.0177717453886143,-0.00867269704514,-0.023408322724982,-0.0205597441636213
0903,-0.0078505084780136,-0.0199093509775389,-0.0177050158539276,-0.0074527204041853,-0.0227740836145388,-0.0208017312357685,-0.0028617205821959,-0.0173770014196057,-0.0152491286253349,-0.006215756655073,-0.0203188508134327,-0.0181466469871672
0904,-0.0066358491838566,-0.0166390159894042,-0.0151044411840608,-0.0111934257497269,-0.0216573907833888,-0.0202942746978697,-0.0072187453991445,-0.0162177098760181,-0.0147618775777368,-0.0085170068247977,-0.0186028785190738,-0.017102766782239
0905,-0.0117025437214945,-0.0197226541332713,-0.0167425251745564,-0.0140747081532463,-0.0222521360057841,-0.0193043205892467,-0.0194929112187023,-0.0235924912840211,-0.0207127042770014,-0.0175548434539872,-0.0234167021396664,-0.0203741898673569
0906,-0.0035545686221785,-0.0108914006139549,-0.0084917493689118,-0.001672856631172,-0.0119891786849925,-0.0096236017842863,0.0018203263114551,-0.0090995346416267,-0.0067076001760144,-0.0018829283451603,-0.0114189695588627,-0.0089487266898585
0907,-0.0104358521146788,-0.0188105017035118,-0.0170808334596289,-0.0082773245451654,-0.0200170857739783,-0.0183100323161414,-0.0015126462700506,-0.0135254629547202,-0.0118030496772491,-0.0061971408075922,-0.0177638472112027,-0.0160053634806255
0908,-0.0159775193470091,-0.0234116757774208,-0.0224875405721822,-0.0158778759806078,-0.0259384685747827,-0.0250217568695778,-0.0048948109096895,-0.0180817270795674,-0.0172922255670574,-0.0124531172993952,-0.0229480805527598,-0.0220680767483419
0909,-0.0120847395639022,-0.0173984654614544,-0.0186632469362831,-0.016401319384406,-0.0193448214195308,-0.0205003806547809,-0.0074990050010578,-0.0135931466906741,-0.0149931447825665,-0.0121599034923134,-0.0172464429477886,-0.0185936600940403
0910,0.0079859187979592,-0.003262086602499,-0.0016515638104654,0.0040785615519834,-0.0077245390405666,-0.0058526804203897,0.0104339421806029,-0.006539669049783,-0.0050156052231966,0.0087538825576525,-0.0056864478875157,-0.0039877873101512
0911,0.0168773574711878,0.0022615185055414,0.0029080333722667,0.0131724898117821,-0.0005300728027107,0.0004464560880892,0.0153613137559357,-0.0002487281417771,0.0003248795889551,0.0156239151256536,0.0004164172385123,0.0011518824297045
0912,0.0092023629644012,-0.0014562368218677,-0.0007832025670811,0.0083231073728809,-0.0040121069568368,-0.0031165946161979,0.009402011430707,-0.001722897682275,-0.0011646061903737,0.0106333117028081,-0.0019790368313287,-0.0012511561894566
0913,0.0129980442148247,0.0012673071393927,0.0012464475349807,0.0125365887539517,-0.0019284429622004,-0.001764317891566,0.0138220620175337,0.0014774072350465,0.0013050037542575,0.0139176299430267,0.0005580269453182,0.0005346879200342
0914,0.0055367189745362,-0.0119034551684858,-0.0097089699265842,0.0038194232754754,-0.0127731720556628,-0.0103679556824208,0.0043246804650837,-0.0116236803764557,-0.0097316410509773,0.0052934085167015,-0.0121954400291376,-0.009967418498947
0915,0.0059388331280065,-0.0107339562174249,-0.0108201858864346,0.0028905671528792,-0.0111775227446415,-0.0110420928382705,0.0154487619916087,-0.0020277995775226,-0.0023492517624814,0.0085722134735719,-0.0077374326086371,-0.0078300955479242
0916,0.0110948597246975,-0.0030971713324212,-0.0043263081889719,0.0048629886774219,-0.007657508021932,-0.0086325468404293,0.0168216629856431,0.0034037871024957,0.0019747069486651,0.0102385650773807,-0.0027936143378741,-0.0040415075580995
0917,-0.0099833473953886,-0.0183608059072625,-0.0199532339884315,-0.0076708366191507,-0.0148061433257896,-0.0162430923415844,-0.0074406804684495,-0.0128616487676754,-0.0146932426077707,-0.0081982516500548,-0.0153666931447345,-0.0170536295114327
0918,7.320896176162623e-05,-0.0124529588071446,-0.0134872928864066,0.0012665086255816,-0.0118522530563719,-0.0126953829851267,0.0083132822631449,-0.0061011923339225,-0.0072622922434465,0.0031302495562345,-0.0102439623724611,-0.0112740305966019
0919,0.0172728480571868,0.0071071216195303,0.0076793812181307,0.0198659702663723,0.0072025979185483,0.0079941279438423,0.0097116077563305,-0.0005052030163084,-9.537733593486154e-06,0.0153962999744338,0.0048521869754018,0.0055117005412311
0920,0.0147894045384453,0.0005812904906722,-0.0012912059177872,0.0148534300978656,0.0027496600796254,0.0011355012363323,0.0067575485162049,-0.003412862771227,-0.0053994349533922,0.0122748267020882,0.0001652716969394,-0.001733642028819
0921,0.0307227776459994,0.0103785735831779,0.0086995260904482,0.0289808018385376,0.0085248293998125,0.0070953786350627,0.0260081495364639,0.0075141699311774,0.005710049149439,0.0308024068989782,0.0096021026466779,0.0079039636628363
0922,0.012161437411353,-0.0033002022236358,-0.0047229567081526,0.008503207901575,-0.0050023153972802,-0.0061047763784755,0.0043386015803807,-0.0085826079714974,-0.0100724529106799,0.0078960045631147,-0.0060621019811996,-0.0074617425206422
0923,-0.0084967832068486,-0.0185121227405752,-0.0173125128825238,-0.006051296178249,-0.0165571746505684,-0.0151991353955762,-0.009513135207076,-0.0190916795758621,-0.0180542803518347,-0.0085303511009117,-0.0186890923192037,-0.0174497806280834
0924,-0.0032085325254639,-0.0185128450818934,-0.0165582135790317,0.0032162918570404,-0.0153323838584128,-0.0132825658125737,-0.0040418634346846,-0.0193858347254673,-0.017554777423966,-0.0009566864733929,-0.0179217790934113,-0.0158967905698312
0925,-0.0033149958494433,-0.0180338796930991,-0.0183370420065618,0.0032988052054713,-0.0114174744704889,-0.0116376068933584,-0.001663135445714,-0.016640908007517,-0.0170620725911186,-0.0009905105543595,-0.0157259035031841,-0.016028496425833
0926,-0.0003455743783497,-0.0156491630264306,-0.0155481825539044,-0.0022453696151147,-0.0174257207063626,-0.0172705935614939,0.0060384572445768,-0.0102815282191934,-0.0102895562968148,-0.0001923358744234,-0.0152392535981915,-0.0151379398488139
0927,-0.0044480265663845,-0.0140148696176275,-0.0131384010571172,0.0001463500770447,-0.0106599653949204,-0.0096652335079736,-0.0016847773448443,-0.0144974498960772,-0.0137565673509831,-0.0022031448245675,-0.0134613865208067,-0.0125626281797732
0928,0.0062382926721414,-0.0047128130848371,-0.0040919647936701,0.0095608769052341,-0.0001783187994003,0.0005171321901853,0.0072615094025698,-0.0045394923922125,-0.0039929566655876,0.0071767831189006,-0.003160374914438,-0.0025248929539582
0929,0.0173076838695067,0.0036087244766076,0.0013229684846016,0.0249926499345821,0.0100208855230342,0.0078851812266634,0.0166554157485513,0.0016288776118561,-0.0006517403726902,0.0183887065615626,0.0048408996658707,0.0025325307484026
0930,0.0136391772462664,0.0035392575154343,0.0003630495779497,0.0170237246959276,0.0077964583735824,0.0047057013519529,0.0164686437294242,0.0043974293269473,0.0011810359926803,0.0157399858175278,0.0052568138240216,0.0019867049803385
0931,0.003018993961874,-0.0080680259145712,-0.0100731596663812,0.0096587586190717,-0.0001547030425789,-0.002036177548032,0.0126958670468306,-0.0013596070724859,-0.0032750197065594,0.0077927692448332,-0.0035776441080636,-0.0055700162930839
0932,0.0122316826716911,0.0025906715701966,0.0032209793562892,0.0140794156062601,0.0059256487625036,0.0064723023286482,0.015147093638694,0.0068650012785512,0.0074726835380207,0.0135673237572164,0.0052241733051389,0.0058558188271557
0933,0.0198002400824265,0.0117634400943756,0.0121495541470458,0.0189976611851052,0.0116104230123953,0.0120221473044305,0.0266038905749897,0.0139251862968585,0.0142732899048821,0.0192255152425625,0.0118889347557211,0.0122804123106568
0934,0.0166207237353903,0.0101295905992001,0.0081262944267988,0.0196271503663789,0.0113994964568131,0.0094843189595641,0.0273110489828478,0.0167104715646118,0.0146455824394474,0.0208682177162446,0.0129176905329067,0.0108596536528638
0935,0.0175739235137022,0.0014026889549493,-0.0013208101173517,0.015052249336129,0.0011950052915423,-0.0013637300089833,0.0254197731702264,0.0056619239556913,0.0029434980973193,0.0184004684969189,0.0019691904423575,-0.0007736008755613
0936,0.0177880687359895,0.0057444646664964,0.0055778634254486,0.0128366663290192,0.0031465357047577,0.0030340587583907,0.0184155149262935,0.0062961101451497,0.0061890313649704,0.0142878035154145,0.0043229902027771,0.0041968043837115
0937,0.0138495375601105,0.0015030720288349,-0.0023071423144981,0.0090143663006622,-0.0019650016054407,-0.0057147548630343,0.0139538125281024,-0.000877174662666,-0.0045457433167679,0.0100852419333667,-0.0015912258144389,-0.0054614167681723
0938,0.0119785345576558,0.0005053752247134,-0.0040724052920398,0.0123749693683814,0.0022975536314285,-0.0021386564832419,0.015012912744577,0.0010314758111801,-0.0033702520556648,0.0118107819333126,0.000404428992424,-0.0042122581557299
0939,0.0315428984760583,0.0121623181414946,0.0095611503390197,0.0284716936909972,0.0097256818288027,0.0071080942455619,0.0337583847141523,0.0122988628963053,0.0097949379481081,0.0309232244298739,0.011066789204673,0.0084106286106939
0940,0.0288538003394701,0.0097980902679156,0.0094931274294678,0.0270868242983793,0.0097157883444066,0.0092663330032729,0.0347237923894312,0.0119574252362852,0.0115967120561803,0.0300408009209133,0.0104456944138678,0.0100610411956283
0941,0.0263012446233406,0.0043926010753996,0.0044423331232515,0.026789985439048,0.0064791407551006,0.006291610996468,0.0305628254948781,0.0071524078215843,0.0072039665457118,0.0272944249933712,0.0058109784893532,0.0057558969780415
0942,0.0157028256368354,-0.0052829337049198,-0.0079405226739251,0.0187471647155734,-0.0008556908495779,-0.0035619640653614,0.0224851492916011,0.0033951099331653,0.0007709153419124,0.0194033962840936,-0.0010907112013317,-0.0038571893451958
0943,0.0087153920122679,-0.0098463910590645,-0.012723174659058,0.0089902242469025,-0.0074725760775045,-0.0103440554806552,0.0062354703861993,-0.0077579032753587,-0.0104874902954536,0.0076574708417966,-0.0088649277561711,-0.0118004232254785
0944,0.0156652351940852,-0.0045984125988568,-0.0048762676258231,0.0204567511618845,-0.003160389268318,-0.0036530078508708,0.0129454805641819,-0.004671754280096,-0.0047673535650333,0.0161907975578295,-0.0047590025209723,-0.0050655427597439
0945,0.0111782008115441,-0.0062059636895065,-0.0073086457616715,0.0075928168309715,-0.0104104633502845,-0.0114755591251965,0.0098374416718169,-0.0075341575586124,-0.0083186726113102,0.0099620757230593,-0.0081583290386499,-0.0092024216171505
0946,0.0076415420742953,-0.0097500117412275,-0.0095721302010769,0.0050917750100869,-0.0126261563998137,-0.0123833881847208,0.0075903034363867,-0.0078121141828291,-0.0073587810534558,0.006586171663314,-0.0105898866972422,-0.0103084218612179
0947,0.0230534224625579,0.0012772173627416,0.0016574463571396,0.0178980296805307,-0.0030882353559264,-0.0026642172574923,0.0205265855779505,0.0028163984735776,0.0033821732775991,0.019850765155375,-5.034717595669895e-06,0.0004500281362398
0948,0.0298256094439009,0.0110227171000694,0.0106692251908542,0.0271409395931804,0.0093198504215,0.0091196307297609,0.0241790711656537,0.0061110490259385,0.0059967312038563,0.0284068070550347,0.0093302365993805,0.0090877486113379
0949,0.0308485265142707,0.011576462907711,0.0111442068783686,0.0314864802977731,0.0105837254160955,0.0103896415257293,0.0309729866866718,0.0132860600277394,0.0130062126826965,0.0320968235535691,0.0125377372041135,0.0122146677015337
0950,0.0442776071461301,0.0141860760949925,0.0158671476028233,0.0458510927058118,0.0166193478884298,0.0184390581244714,0.0528106901547933,0.0215053653506394,0.0232207792431047,0.048715931636207,0.0175631383958079,0.0193813800990208
0951,0.0257158264678727,-0.0004094018830614,0.000726784590339,0.0255805944884047,0.0004043265425832,0.0016392474623884,0.0330546096720402,0.0080800948100592,0.0091054266022572,0.0294255374600947,0.0028826908297404,0.0040789700064967
0952,0.0337051794485109,0.0035265103088193,0.0050248416262546,0.0316598270410354,0.0038178471801859,0.0053439702661694,0.03647240454452,0.0089465171215195,0.0104519666367123,0.0350754907826432,0.0057234939933703,0.0072907913449817
0953,0.036981480331573,0.0085880519397606,0.0114342766120145,0.0338455335458642,0.0059883092887585,0.0089384521638055,0.0388508062518731,0.0128064060254788,0.0154427943368516,0.0368451176536389,0.0089840557001136,0.0119126048946758
0954,0.0133538840116405,-0.0087686780420591,-0.0060910366483049,0.0154297460791406,-0.0048724983441148,-0.0020226523024627,0.0164910079628518,-0.003812606790657,-0.0012087740638484,0.014647788477303,-0.0063479734476364,-0.0035271187093277
0955,0.0110579243965183,-0.0097677198665513,-0.0068190546530285,0.008194305608971,-0.011521656059947,-0.0085107010598249,0.0175554000251179,-0.002858135429943,-4.3025631501292674e-05,0.0122062530460717,-0.008758071435474,-0.0057152907460867
0956,0.0049395859387749,-0.0082150095651247,-0.0070505194231656,0.0055414957220396,-0.0075531214395371,-0.0063363705370277,0.0132788610690155,-7.86525282278313e-05,0.0010086199782369,0.007015330860487,-0.0063219736583302,-0.0051127950603395
0957,0.0262686934968641,0.0064451367603031,0.0073726889099017,0.0266529728797023,0.0085677602126112,0.009645216600605,0.0298162260532257,0.0106097058094004,0.0112727963944478,0.0293920054330395,0.0091292346971826,0.0100444168851494
0958,0.0177966700596036,0.0008365570271148,0.0012770011881932,0.0171066619111419,0.001943064699195,0.0024612622851123,0.0211922162262506,0.0051565133138074,0.0053299217957753,0.019360289755658,0.0028036008203945,0.0031937182761312
0959,0.0263820806513277,-0.0010248911899742,-0.0029743712341684,0.0234572572594938,-0.0010810573528638,-0.002879447517664,0.0302117120242292,0.003821288766233,0.0017820372197597,0.0274806125165988,0.0003422016776015,-0.001661291437058
0960,0.0223818699585935,0.0069252552124735,0.0079947301427727,0.0177015657203425,0.0031947764614165,0.0041141526398375,0.0339288919433471,0.0157492421216557,0.0165794637608079,0.0258040872753986,0.009060596446061,0.0100358647251637
0961,0.0199310119547076,0.0024819475430364,0.0019001222134582,0.0182879466887295,0.0019331100519172,0.0012125349944163,0.0207260540788315,0.0040648997766832,0.0034009013566809,0.0201386360679585,0.0030583582066133,0.0023718545766523
0962,0.0364585671236821,0.0131725995316552,0.013589711574154,0.0394359140579057,0.0143794440369681,0.0147386059699167,0.0395809651967428,0.0173339833278061,0.0175824983595094,0.0395201393948392,0.015498470339336,0.0158493851791041
0963,0.0305896528553394,0.0093688759569217,0.0110606833420274,0.03012536566911,0.0099209354185483,0.0115854267960561,0.0288977374043334,0.0077306788039439,0.0090320365790238,0.0305651642302928,0.009307354124952,0.0109275468445716
0964,0.0429999053180304,0.0239924700783263,0.0250352626943175,0.0407270447997288,0.0214094929383372,0.0223339493922368,0.039633635209389,0.0198770495975175,0.0206164513409644,0.0430691521225647,0.0227937199473462,0.0237282778854013
0965,0.0391707003491187,0.0173547354805709,0.0197054314097416,0.038773779266667,0.0168309721068861,0.0190693493164765,0.0344768017438695,0.0121427642906144,0.0141840055527966,0.0386310699565192,0.015953703246236,0.0182525046791595
0966,0.0423887711929221,0.0204789473065568,0.0208946289782411,0.0444273089957351,0.0213755536915018,0.0217158113750732,0.0379485380552782,0.0154130029781049,0.0157147449697006,0.0436626393589656,0.0199297055604881,0.0203147682726231
0967,0.0583834834269548,0.0333570154496318,0.0349214614624925,0.0551555674992634,0.0312687840059768,0.0325839120895347,0.0520862629572067,0.0262370427750648,0.0275031811925578,0.0573285733016114,0.031318702188344,0.0327491568085612
0968,0.0348220368756234,0.0149039043642104,0.0169590955787179,0.0295115864070555,0.0113242227033224,0.0132511388387697,0.0308749616958499,0.0089081942786721,0.0108018398983598,0.0315114689177509,0.011485630239872,0.0135018190604502
0969,0.0367641273527474,0.0139453177003504,0.0157758309054464,0.0290826886444212,0.0073725849208247,0.0089524293580111,0.0303964485126531,0.0066797958074404,0.0081756839197186,0.0323025476223988,0.009124624846329,0.0108215784112831
0970,0.0178296146921696,0.0016197082484787,0.0035173761642998,0.0159982495712152,0.0018642076817337,0.0034612931322557,0.0166034808366089,-0.0002854001966864,0.0014188620388153,0.0166433300520787,0.0008768382039287,0.0026620130497003
0971,0.0025879683112028,-0.0125481073233222,-0.0098479837671923,0.0005005763224187,-0.0122656737834618,-0.0099040395696259,-0.0032882662126307,-0.0151323272357642,-0.0125577090143327,-0.0024188155019853,-0.0148696074560915,-0.0122421752201105
0972,0.0147151216721489,-0.0043775007761419,-0.0028402045360455,0.0204688070594677,0.0003944547012872,0.0016661757302805,0.0053374177235246,-0.0096803437842519,-0.0083403070891162,0.013865110734242,-0.0049103614538744,-0.0034853828408064
0973,0.0135268619487109,-0.0056436288039868,-0.0030057999642727,0.016034468501738,-0.0009119370609543,0.0015299922731541,0.0075414532472918,-0.0100669493518327,-0.0076410584557423,0.0131745572848516,-0.0053543551607109,-0.0027998901182663
0974,0.0063487998699674,-0.0077058352271262,-0.0073237429044316,0.0059405473385008,-0.006881172925252,-0.0066575046440769,-0.0014973837588404,-0.0143629625319987,-0.0139992295048417,0.0026991824766318,-0.0104811909451114,-0.0101459113368379
0975,0.0132130562715793,-0.0030987580885405,-0.000137922650116,0.0074395736072733,-0.0052127507636197,-0.002460658357643,0.0031397138375143,-0.0098721078375967,-0.007245986229025,0.0055270254301522,-0.0073705152170279,-0.0044743832728748
0976,0.0032268077141736,-0.0138396203502631,-0.0106319037950574,0.0039872860400905,-0.0105844953101058,-0.007734289781298,-0.0046559150835399,-0.0169433011982946,-0.0138028975906567,0.0010345944392214,-0.0145130226016888,-0.0113432985273893
0977,0.0114558022788834,-0.0039777038054811,-0.0005363104799757,0.0141884223550654,-0.0007152117054938,0.0024327076426992,0.0110231246718977,-0.0050955465411459,-0.0018846739458976,0.0127901503644603,-0.0034733789298303,-9.960017597219368e-05
0978,0.0121633633572247,-0.0006901492761612,0.0022609798379734,0.0140850828581048,0.0003705682240639,0.0030364128135484,0.0133638063450698,-0.0008039995252988,0.0017779629092478,0.0136997047139903,-0.0003481125264753,0.0024760856580256
0979,0.0126900755990944,-0.0026579963051471,0.0011322903165218,0.0138556700006122,-0.0007369737609833,0.0026364063236029,0.0143368664127938,-0.0036766567886303,-0.0004226362127271,0.0142879895295826,-0.0022744762115398,0.0013214333657281
0980,0.0240609765338578,0.0132538385539292,0.0173872469749372,0.0257988356087885,0.0183197633214823,0.0222568882124168,0.0189292127220102,0.0101204364987601,0.0138772204253393,0.0240304455459933,0.0145925819549308,0.018688445375141
0981,0.0134975074523976,0.0077447133469235,0.0104350652684881,0.0224379754764825,0.0150821614315637,0.0175646600786479,0.0166291036671671,0.0087535940157221,0.0110733881684059,0.0184857454611326,0.0112031719865546,0.0137900567405794
0982,0.0088485316045675,0.0058615348001385,0.0045915565018433,0.0212622623842332,0.0173967957760246,0.0159983344173035,0.0165018033335261,0.0084159455769391,0.0070692585799491,0.015200761017088,0.0107624355024195,0.0093838516326917
0983,0.011448816302065,0.0106594617777215,0.0117445141305508,0.0201225322637209,0.0177666038559957,0.0187191517485678,0.0218622607646329,0.0188165993414869,0.019792291404824,0.0169289532224597,0.0159816474609293,0.0170272284592105
0984,0.0153423305969007,0.0142284294832859,0.0125726817322047,0.0253304668150782,0.0211188768845493,0.0193929948419962,0.0240888197088604,0.0191950839595559,0.0175548022380202,0.0221427879195751,0.0190236892431946,0.0172922429471402
0985,0.0216919632218173,0.0237304434814448,0.0208794395069093,0.0285629847640985,0.026493506571563,0.0236327756421648,0.0350394949935893,0.0305416045743224,0.0278872879836558,0.0289630976842249,0.0277934568107935,0.0249135274620313
0986,0.0163640739641389,0.0167508963024238,0.014520040062409,0.0237095322039922,0.0209178495191529,0.01873090484246,0.022446782288404,0.0208766345886524,0.0188206430743758,0.0220477495423477,0.0204087533294842,0.0181709186176393
0987,0.0214902107792999,0.0143172168705878,0.0128362333800979,0.0269059509694063,0.0141993505192539,0.0126040513987547,0.02233720980355,0.015405316048109,0.0139803079975702,0.0246875221496607,0.0152852935984706,0.0137307119493535
0988,0.0336793112442088,0.0195080455728311,0.0207417658712653,0.0385103405313813,0.021320758305364,0.0224343245361765,0.0405316348022513,0.0230245287296293,0.0241401318128509,0.0393928376993185,0.022206817728552,0.0234042870985399
0989,0.02791297569509,0.0117360210346427,0.0143051596089391,0.0332578759233659,0.0129875224339615,0.0154153164579392,0.0400545936639342,0.0186880805805789,0.0210393674450487,0.0355690298178109,0.0152762091266121,0.0178093615447559
0990,0.0346062690774004,0.0192432323117639,0.0218481732920157,0.0378150620570929,0.0218033851057164,0.0242785957713546,0.0470592871010686,0.0285726974267515,0.0311076022660809,0.0412198729966642,0.0237960603241787,0.0264200055249659
0991,0.027195810276285,0.0154359464385395,0.0216472879580771,0.0307571121928845,0.0166393689783664,0.0226954408842562,0.0378597928143783,0.0238555000026932,0.0297619399428967,0.0314460593173836,0.0186207389837329,0.02489166821873
0992,0.029214828894044,0.0111511051666885,0.0162553866138156,0.0250883125176727,0.0069907614497677,0.0118623494747234,0.0337330915668399,0.0160457902590904,0.0209248155329516,0.0288728747272749,0.0112396610367168,0.0163337465372637
0993,0.0251326342563455,0.0063353441551945,0.0110543429446019,0.0178497021944859,0.0012096865862367,0.0053830718012567,0.0238782310401213,0.0085329365582371,0.0131827664199664,0.0212639205245264,0.0049507549589251,0.0095707920246114
0994,0.0338820594814042,0.0110431437110732,0.0152349662329267,0.029459424433624,0.0094061319316462,0.0131074904854612,0.0344870533451878,0.0137601265043645,0.0178790052142263,0.034440637547801,0.0122464678950491,0.0163743795748589
0995,0.0294752383920306,0.0085152143507215,0.0120423096048437,0.0200010906312761,0.0001300921740333,0.0035345466671521,0.0246286851906302,0.0054485706030569,0.0089194097402738,0.0259487580436499,0.0048685541700589,0.0084456719625166
0996,0.034911585465273,0.0190107178106283,0.020069904163597,0.0279683042079594,0.0137093654037444,0.0147371183486912,0.0294186002991427,0.0150208026507657,0.0163802014089547,0.0320460698077494,0.0167079413578194,0.0178831884219691
0997,0.0239732015956126,0.0065165416158331,0.0101386224723846,0.027954746757228,0.0122027655742538,0.0159273044156171,0.0259830143646417,0.0087186080120377,0.0122293037147596,0.0263590909027854,0.009311977541096,0.0130517491727337
0998,0.0323313898116713,0.009719183343286,0.0132589804365575,0.0344905899630429,0.0123636005753656,0.0158780065056836,0.0350804515981759,0.0156669512090422,0.0189871143534198,0.0341749528720719,0.0124715189988351,0.0160454029040237
0999,0.0262754949179845,0.0109547235438408,0.0138408903908244,0.0293114499328501,0.0147405102889378,0.0176293947780498,0.0343187853587069,0.0219739066487799,0.024482391471007,0.0306907994169433,0.0161387378834587,0.0190021073470933
1000,0.0140845205426381,0.0041997446183661,0.0057886726790949,0.0115461006150329,0.0031806300978398,0.0046988005484849,0.0284072005210101,0.0156125809815342,0.0169944419998683,0.0192263535887643,0.0080327488870595,0.0095791659107087
1001,0.0071718186317582,-0.000478575010097,0.0006362463965506,0.0031860857368681,-0.0022522460664135,-0.001188061655716,0.0111799488167826,0.003595033067469,0.0045031039531241,0.0064010981416802,-0.0003087478916685,0.0007526880582005
1002,0.0158442435005511,0.0053310281798541,0.0058375288855893,0.0143038314812862,0.0036118216654761,0.0041157736156958,0.0207392517115869,0.0116815596316931,0.0120386488091206,0.0166452503519114,0.0065547320292162,0.0070196171938936
1003,0.0031083056469724,-0.0004620435314347,-9.515301961440263e-05,0.0017896010163268,-0.0016642648396199,-0.0013041051939531,0.0047300303485394,0.002267846692179,0.0025639675324805,0.0018762913060482,-0.0006392233345246,-0.0002878046785944
1004,0.0011499858046056,-0.0037349941917236,-0.0020273937718998,0.0019739134359319,-0.0029937744393988,-0.0012954766851205,0.0088153016931401,0.0035888939755782,0.0050180082550058,0.0046666164731386,-0.0007354325448338,0.0009184119900847
1005,0.0084535441185004,-0.0044203203119413,-0.0035564341165111,0.0113843846106563,-0.0004677988410291,0.0003895615576767,0.0131648151848495,0.0018188919364,0.0024454698371829,0.0109307327340402,-0.0012495891015645,-0.0004576426907637
1006,0.0149761284754564,0.0063370091325353,0.0082589924400307,0.0130240253529354,0.0060580327217804,0.0079579817690915,0.0184073789887031,0.0113574391228566,0.0129551163093735,0.0167008830250464,0.0084685873716171,0.0103224852115184
1007,0.0127494216066533,0.0013698100117629,0.0033164375232187,0.0119047182685993,-0.0008344985421846,0.0011510857546891,0.0126995844917036,0.0033836114656819,0.0049201947375435,0.0155287029572562,0.0025660008810703,0.0044406610567044
1008,0.0115280560627501,-0.0031618987997686,-0.0022837914037644,0.0122690685486559,-0.0024806226020734,-0.0016095595249307,0.004521931754558,-0.0055269910946788,-0.0049435805390307,0.0122809452345295,-0.0028146799028431,-0.0020249054354184
1009,0.0159776431922782,0.0006556413523841,0.0012627482796986,0.0158614157908171,0.0006504699370473,0.0012465363185276,0.0130011440660766,0.0028877755396956,0.003306568318957,0.016813487953199,0.0021241036160435,0.0026768436501056
1010,0.0227787152528324,0.004455137446598,0.0053976596330972,0.026674606106897,0.0061463388263409,0.006990235735272,0.017578056013228,0.0068001309425603,0.0075836372807487,0.024476501704259,0.0069041991480234,0.0077721212754356
1011,0.0045697500351188,-0.0152480520641856,-0.0141930563173292,-0.0010704721652104,-0.0200046430628498,-0.0189599892161169,-0.0015626160774666,-0.014039255889399,-0.0130794248762431,0.0024313016436452,-0.0160536276455362,-0.0150074334342718
1012,0.0063687294758119,-0.0137262965976547,-0.0145731304369523,0.0019554773267118,-0.0181092009170595,-0.019020811528648,0.0001634303666557,-0.0152996022502148,-0.0159811545033982,0.0036528602981001,-0.0156249758358684,-0.016482181300192
1013,0.0065220838281566,-0.0105238585350579,-0.0094958303334585,-0.0009873033283822,-0.0170338167368042,-0.0160627176908461,0.0066187774956406,-0.0061156403457019,-0.0055155713220514,0.0056696798877243,-0.010822359181466,-0.0099341415843834
1014,0.0259649730918118,3.755572236760113e-05,0.0028320472069528,0.0235725163252514,-0.0025139064175383,0.0001177628777169,0.0144073198885409,-0.0064117543441852,-0.00431717259382,0.0214368492188018,-0.0033873298318209,-0.0007810164424857
1015,0.0219535545904294,-0.0059811346062142,-0.004006870277018,0.0224131157939939,-0.0039237139149117,-0.0021955007579526,0.0200097476873271,-0.0057094518201909,-0.0043959568663211,0.0223384406384382,-0.0054883820376219,-0.0037540884456361
1016,0.0242421023700694,-0.0058668419306429,-0.003616435800162,0.0211397279006453,-0.0059846627167017,-0.0041290513776463,0.0161100073228444,-0.00831561733408,-0.0069129421254763,0.0215067075196348,-0.0068524026970529,-0.004973749878343
1017,0.0107678646437307,-0.0081387829045672,-0.003491540496431,0.0122486564824864,-0.0075110613967951,-0.0030953471491552,0.0076362274765725,-0.0105359948133305,-0.007102061434871,0.0100253166653086,-0.0094491998422211,-0.0051464211148374
1018,0.0256912909685009,-0.0003048454792803,0.0026327226731956,0.0245307620799634,-0.0003456768902155,0.0022371938205718,0.0203840096910459,-0.0039854381763469,-0.001788525265786,0.0249801727191762,-0.001536102119295,0.0011031343305775
1019,0.013304663985027,-0.0100171536717782,-0.0066969459847634,0.0105978210220684,-0.0108330363824733,-0.0077818398714177,0.0168256698181968,-0.0049270232751417,-0.0023951359158667,0.0143712396455833,-0.0092339851770809,-0.0061838304798654
1020,0.0081483168069859,-0.0103634225040721,-0.0084802383229929,0.0061649961179106,-0.0119529784697819,-0.0103555304774901,0.0105167295601196,-0.008010419029746,-0.0065637360755752,0.0077714773488572,-0.0109346658268706,-0.0092397933340518
1021,0.0094798381294877,-0.0077391932017209,-0.003205166031053,0.0057425422464129,-0.0093184011301169,-0.0049711969357074,0.0078215050571664,-0.0098222247663614,-0.0060704130424277,0.0074676992812106,-0.0098025143056866,-0.005444832247215
1022,0.0125194446669949,2.050589749848324e-05,0.0041398887033734,0.0001507473282011,-0.0101782213708596,-0.0061091067276464,0.0030025780426266,-0.0041247380767545,-0.0005634121170469,0.0038842896739046,-0.0056628049209038,-0.0016110039194818
1023,0.0078930577712187,-0.0066242873692357,-0.0041721293734476,-1.5470393462619266e-05,-0.0121890073977499,-0.009825039546212,-0.000694464435626,-0.0125757504495253,-0.0104259964476373,0.0028139304054749,-0.0109526236908286,-0.0085498206004969
1024,0.0057704269304364,-0.0090550773898422,-0.0074512022881458,0.0041260148378966,-0.0132343534823617,-0.0117097346308997,0.0027376930023015,-0.0137197492249619,-0.0123603708045607,0.0058536517857282,-0.0123162211812375,-0.0107604362719773
1025,0.0003502086975161,-0.0160506973739925,-0.0157326475483751,0.0009464482189275,-0.0172525127268344,-0.0171724741456067,-0.0041764689282398,-0.0228824741629629,-0.0227390536619053,0.0002871883672272,-0.0190021686307432,-0.0188047234306817
1026,0.0063472478972198,-0.0114255617272417,-0.011564851246201,0.0027224896263978,-0.0146564812974013,-0.0149860124590734,0.0101150389310395,-0.0082471149295867,-0.0083620004196069,0.0061258684986793,-0.0121822513767237,-0.0123757490431962
1027,0.0178291727396835,-0.0037824098517301,-0.0049558650160902,0.0173278157088738,-0.0037494831279969,-0.005093724959032,0.0189045304666584,-0.0021808356726697,-0.0031967773502077,0.0183217732296387,-0.0037640446529929,-0.0049665428943024
1028,0.0287926930974233,0.0067038694102707,0.0034511753161029,0.0309351535180596,0.0086772765979113,0.0051014554116652,0.0341400899635251,0.0142282702161133,0.0112579593650933,0.033543897129693,0.0105356830916154,0.0071540580221014
1029,0.0263128706618028,0.0068984652991478,0.004519160458544,0.0289176560315718,0.0086476343871288,0.0061017220526941,0.0288942312252129,0.0109678245632138,0.0085587813626269,0.0309697646213273,0.00977515267732,0.0072568904126257
1030,0.0239242894982461,0.0070789078811848,0.007053227931386,0.0244053526493458,0.0067970597182698,0.0067547002708729,0.0261169806885467,0.0059003555785395,0.0057952276820897,0.0262186036287246,0.0067180734230433,0.0066677875064586
1031,0.027921477296264,0.0102585693426674,0.0109121336734536,0.0263550309877553,0.0107853289030539,0.0115231484751254,0.038770171154972,0.0195021530179906,0.0200048844205173,0.0332758723837535,0.0144410997412669,0.0151045053723675
1032,0.0007549847845909,-0.0156854213435686,-0.0160582059616908,0.0054313870585133,-0.0130582667421475,-0.0133711473330433,0.0142599280202829,-0.0039640876206671,-0.0043813912301915,0.0071743259584114,-0.0115487958339657,-0.0119088239066064
1033,0.0165203222823128,0.0017283910075153,-0.0012325054559513,0.0263568040543564,0.009419989722826,0.0063470359269209,0.0152799773982942,0.0039041976019786,0.0011127694671139,0.0200017053977837,0.0050987093075859,0.0020594550664417
1034,0.0283013605049705,0.0150056401400848,0.0128030245012617,0.0374638739370709,0.0214091598691951,0.0191202224106895,0.0337067885961317,0.0189208700872182,0.0168526239102147,0.0334904546106394,0.0186992122124517,0.0164436811997154
1035,0.0155318610502007,-0.000454972964685,-0.0024649370285842,0.0283806451415279,0.0074040565152954,0.0053085329621507,0.0228210588708155,0.0060628906478915,0.0039930002662678,0.0224370964832952,0.0042335739489052,0.0021121900529272
1036,0.0178695089146848,-0.0025699339471951,-0.004506770039591,0.0195305622940927,-0.002506029181549,-0.0046936636671233,0.0159031733015028,-0.001162867972555,-0.0032841569023959,0.0176830434510398,-0.0023697148017777,-0.0045416030701528
1037,0.0129064655267744,0.0023772876637935,0.000506298179838,0.0200240934128757,0.0060337848589098,0.0040132175876159,0.0222976731176967,0.0110165493912854,0.0093321270675276,0.0187451043759283,0.0067820861224891,0.0048331336193109
1038,0.0258995942260256,0.0132946058759307,0.0111952298023219,0.0276304969413059,0.0147804189944632,0.0125546778110133,0.0332595989363528,0.0198276410125911,0.018039407318275,0.0309577137027029,0.0172181521463503,0.0150955203216976
1039,0.0336993649864382,0.0189297485574929,0.0188337097840869,0.0311057603641572,0.0176065825320602,0.0172795121617393,0.0315361350256626,0.0177420566425596,0.0176200162100907,0.0342697597455401,0.0189837068311279,0.0187939416135993
1040,0.0189122721053589,0.005649818909369,0.0047738668130914,0.0228537231287662,0.008579214071939,0.0076368131884006,0.0189432280531536,0.0105560597499809,0.0098417449917296,0.0219265340950293,0.008562751418906,0.0076833387450374
1041,0.0120425315113891,0.000290782383147,-0.0001746740884883,0.0208142852266081,0.0075962328704742,0.0070193210402842,0.0152017726673569,0.0065242159310999,0.006093762509077,0.016508029469179,0.004864843925779,0.0043401318543945
1042,0.0157961586868021,0.0055627899937825,0.0055476013303789,0.0210187600814539,0.0119621017262547,0.01180681039829,0.0183543432781752,0.0094804218428085,0.0096810420765558,0.0185335404711385,0.0091799137783045,0.00917155716236
1043,0.0149570175610727,-0.0011251177916728,-0.0005660538142346,0.0223055653407635,0.0057239360665819,0.0062512417004128,0.0146423999320449,0.0032924217598613,0.0039711589172942,0.0169080916930451,0.0025468090630958,0.0031410041221259
1044,0.0240239214943302,0.0049204538672993,0.0040896435116861,0.0272505709646837,0.0091078137811175,0.008377924186054,0.0228440439113334,0.0080987471851979,0.0077181262077181,0.0268471351506325,0.0082613424965434,0.0075587111884692
1045,0.0128860111549046,-0.0094024040956751,-0.0116003878843628,0.0098064720819873,-0.011544005724006,-0.0135450532788105,0.0153226232467917,-0.0023642815042917,-0.0044513450023943,0.0128181179802772,-0.0080793449456865,-0.0102651269276386
1046,0.0123568549496142,-0.0121341007100782,-0.0144264283485401,0.0134519496045207,-0.009170235742588,-0.011301592762076,0.0105803222237126,-0.0056957978277661,-0.0077995536262156,0.0128534702913554,-0.0091196494970463,-0.0113798587673035
1047,0.0125798768907951,-0.0089497856162025,-0.0109954675976798,0.0108449044711634,-0.0092659213842578,-0.0113473466723527,0.0078690178343746,-0.0081678198195384,-0.0100982169713577,0.0110579707153164,-0.0089711875267005,-0.0110647423343934
1048,0.0251527301145555,0.001902114780446,0.0011554252908845,0.0192201564093748,-0.0013686972789886,-0.0021745611454136,0.0206803692348302,-0.0002500961256413,-0.0007972970334136,0.0224460555121109,0.0001938880460273,-0.0005483779752575
1049,0.0298541311876715,0.0063227749698759,0.003245973244239,0.0219356394169651,0.0008571134826417,-0.0021457812651798,0.0206813654514637,0.0006656770968125,-0.0022882068130134,0.0255846075519221,0.0030987651938513,-1.7382919596361486e-05
1050,0.0245792607702748,0.0027361462352456,0.0022262404949292,0.0271859042503204,0.0021341550431733,0.0017819731921572,0.0289871843926284,0.0057289787140559,0.0052897563393979,0.0281730266733493,0.0038521622272351,0.0034243512976161
1051,0.025469353636983,-0.0019261897998946,-0.0006220678978401,0.0261954738899943,-0.000852442789933,0.0003776372548427,0.0239475314350521,-0.0031560657642419,-0.0020168690486559,0.0257700727532032,-0.0024240559161222,-0.0011389411203469
1052,0.0220733159037101,-0.0019565018582972,0.0023573668254902,0.0249457284717497,0.0006200712809631,0.0047901492723883,0.0158059016559959,-0.0088336194851449,-0.0047273509661464,0.0214048277408757,-0.0036620996122581,0.0006843606876183
1053,0.0042290685123059,-0.0151046961548825,-0.0120796503977727,0.0065393977132156,-0.0137166089304877,-0.0107691303069188,-0.0008331651160018,-0.0203004700356718,-0.0174888371352629,0.0021062275200426,-0.0174909397405534,-0.0144586507723572
1054,0.0010993140888347,-0.0116644609323949,-0.0110987798137739,0.0081683995276635,-0.0091113402270948,-0.0085076724386493,0.0018510291912458,-0.0136899420997802,-0.0131194065695289,0.0026550339219695,-0.0122628695986375,-0.0116707054304608
1055,-0.000850210831357,-0.0105558101996607,-0.01207055943842,-0.0067552936772158,-0.0154930856711137,-0.0169507488379142,0.0047742919769063,-0.0079345528955245,-0.0093714530545235,-0.0016266356364598,-0.0120200972895078,-0.0135500957978014
1056,-0.0136389661515307,-0.0244681433853743,-0.0227690767473023,-0.0135440851552735,-0.0252799606867901,-0.0236293307667386,-0.0059001418731734,-0.0199024414622664,-0.0184742204157614,-0.0106409115763222,-0.0235413675439082,-0.0219026884668244
1057,0.0073207987125657,-0.0056570776680028,-0.0033214865263372,0.0082432042103828,-0.0058381057358438,-0.0035732657249019,0.0093033866457956,-0.0042517382545657,-0.0023467896990089,0.0105472166137494,-0.004482884133231,-0.0022383616337612
1058,-0.0011428913576665,-0.0163096846432384,-0.0135412284571344,-0.0012416093983497,-0.0161735935518714,-0.0134790332749525,2.252807256654754e-05,-0.0143960014467118,-0.01208273014942,-0.0004996862305548,-0.0159792799299067,-0.0133154117221759
1059,0.0125762643263781,-0.0019502793962318,7.36167069596073e-05,0.009497084954521,-0.0048215436952248,-0.0028931157688289,0.0043995491343532,-0.0064682692163184,-0.0046946084443869,0.0102988285027027,-0.0041545877460998,-0.0021865647621606
1060,0.0174364595718569,0.0025189986245897,0.0049440549052665,0.0192043579394643,0.0018473310579627,0.0040939140368284,0.0119197227655798,-0.0004802150917991,0.0014675403468942,0.0176179581554356,0.0015939616636988,0.003870272609415
1061,0.0013193989415664,-0.0072787666396616,-0.0036668741086002,-0.0016576752569368,-0.0128740220282028,-0.0094124758808402,0.0012981886087891,-0.0073646115019104,-0.0042468492412984,-0.0004127320238286,-0.0098403700093356,-0.0063203028063904
1062,0.0147874068663338,-0.000656034159124,0.0031819844171871,0.0149585340547825,-0.0030059221721119,0.000675856506116,0.0072303151684235,-0.006596184151784,-0.0032496489542312,0.0134232124549328,-0.0033357328292604,0.0004054987444805
1063,0.0017590290631437,-0.0092988429352979,-0.0060937704311355,0.0114401281691519,-0.0022625515912208,0.0006876829094158,-0.0020292539378427,-0.0115736716817253,-0.0090911680726501,0.0045083532586438,-0.0077731064285212,-0.0047986374224871
1064,0.0126946232152311,0.0020795430745683,0.0031707506811883,0.009803357042055,0.0003144289460291,0.0013349573065439,0.0048506261908288,-0.004129325282057,-0.0034610452713474,0.0090578734144583,-0.0005285799942188,0.0004187027592117
1065,0.0191886224859933,0.0127842954107375,0.0112191757872226,0.0228828299148856,0.0169017666130503,0.0153817196159477,0.0167860483062661,0.0119495484987589,0.0103761216769229,0.0205463822379776,0.0148679344285368,0.0132433790513493
1066,0.0169996737791711,0.0085314756501356,0.0084404352311893,0.0193005651562288,0.0097802863210059,0.0096467619059239,0.009363677790449,0.0015127188256278,0.0012357088797041,0.0147074076021854,0.0064971909731812,0.0063186693617463
1067,0.010124214892309,0.0036169717702419,0.004135998212065,0.0197522585569551,0.0126607291706393,0.013242197147,0.010439608055611,0.0053999558266147,0.0057763084227456,0.0138590281899316,0.0076151307255878,0.0081299596320168
1068,0.0083098725343671,0.0033025140639604,0.0050453337590713,0.0103068011580843,0.0056657042921883,0.007490630575795,0.010395432028473,0.0030828345397199,0.0045943102317554,0.0110001744426917,0.0046405648111405,0.0064024593495756
1069,0.0046894894905168,0.001095633058575,0.005189465783132,0.003307374042293,0.0023865275045815,0.0065248632923501,0.0053192967313325,0.0019830060387889,0.0057032896167535,0.0034063963725715,0.0017966022904802,0.0059314769762247
1070,0.0070329503046408,0.0012512712690297,0.0040731108451885,0.0102822660145935,0.0044485193120143,0.0073477895288532,0.0084080233359015,0.0040558125271337,0.0065952850306478,0.0064505588548412,0.0023188177076016,0.0051686340411477
1071,0.0077349643841515,-0.003155396360961,-0.0015623960813245,0.007149294581047,-0.001613209941393,3.646179663746974e-05,0.0088982024389678,-0.0011551765362727,0.0002408266045363,0.0077084463457227,-0.002227651890897,-0.0006201654886507
1072,0.0148244724674676,0.0103124962276755,0.0124647224086034,0.0094791345326971,0.0064786898402713,0.0086055879352113,0.0150571184916821,0.0102228773563155,0.0121069810800835,0.0131416853984466,0.009424610559085,0.0115620855912587
1073,0.0180010088563162,0.0085808055399355,0.0124541421147913,0.0150798379821496,0.0066378673531663,0.0104783860031073,0.022539436414436,0.0120412983301366,0.0154403969820228,0.0181485123073438,0.0090186671340711,0.0128686647388885
1074,0.0170031349155529,0.0077655193506752,0.0099514533533341,0.0077155740482505,-0.0016929216775927,0.0005227365104679,0.0201873646570833,0.0089240680388205,0.0107256881357497,0.014419046831528,0.0045614811010386,0.0067103291075923
1075,0.0261985037543685,0.0109060670320336,0.0132332983488679,0.0224268724006648,0.0061345091297583,0.0085510218652036,0.0220617867212821,0.0069780397376377,0.0088822255232148,0.0236015612682624,0.0077054636831958,0.010001634517952
1076,0.0109885902567442,0.0025742911212542,0.0041504471475368,0.0039159904054762,-0.0037920400120274,-0.002127109956947,0.0088447138735809,0.0013964456917332,0.0027305733907061,0.0069267940241789,-0.0004580964561496,0.0011239071401089
1077,0.0340455091400821,0.0100015102193291,0.0128314995326494,0.0272274687910658,0.0057355664852715,0.0087197151245666,0.024682128106005,0.00323011978245,0.0057881536004378,0.0299126363514093,0.006052539421256,0.0089464526923009
1078,0.0319491803779232,0.0044117474451816,0.0048246059514362,0.0251046881945663,0.0011350376914607,0.0016817948841181,0.0234477235107426,-0.0009474398964241,-0.0004699667375884,0.0283544938479768,0.0013704247289799,0.0018788041190361
1079,0.023336810211287,0.0060449189611232,0.0066263061538194,0.0216823257901597,0.0056091426950202,0.0062610929538278,0.0162680155753316,0.0024835565163025,0.002892376688899,0.020876586919209,0.0046567689342076,0.0052230247983502
1080,0.0175250470544704,-0.0015287274598968,0.0002116968425414,0.0187566705555841,0.0005560303323157,0.0024930186879286,0.0070395756733716,-0.0067738715879458,-0.0052133877477118,0.0152208692299663,-0.0026857280841421,-0.0008851348935924
1081,0.024740497583945,0.0040412158142504,0.0037623011991186,0.022767934575544,0.0023298060148274,0.0022105876853508,0.0151812333965708,-0.0042428429814687,-0.0045927282041879,0.0208898451410826,0.0001728166094338,-9.481947245798216e-05
1082,0.0221255363631607,0.0054329749722226,0.0072079247969482,0.0157734826406285,0.001342809733668,0.0032399316605858,0.0102569346076596,-0.0054910103907689,-0.0040227893635704,0.0171596022983282,0.0006273596890678,0.0024010867900927
1083,0.0062315697906123,-0.0051941072908388,-0.0046608196122514,0.0005041271903478,-0.0089082352209218,-0.0083026346025937,-0.0039107081800562,-0.0135701972340369,-0.0131420663789404,0.0009351872912176,-0.009819085840697,-0.0092764954258156
1084,0.0099697776632081,-0.0051170475278766,-0.0051012740991022,0.0063929707427316,-0.0074853946523489,-0.0074771120274386,-0.0017756148449163,-0.0123123048974596,-0.012285224003096,0.0047406274472669,-0.0089922220375833,-0.0089771601640351
1085,-0.0023990496135978,-0.0121571306769757,-0.0134449848221729,-0.0047729284580554,-0.0147906885576747,-0.0161022862188412,-0.0133428593967504,-0.0222666847067293,-0.0233969469734711,-0.0067900451941718,-0.0170946631041264,-0.018388852837619
1086,0.0123463262680199,0.0037332924004834,0.0008736339022455,0.0117282518051753,0.0015365771802856,-0.001420372481027,0.0083067739137387,-0.0032939287070673,-0.005783516787033,0.0098404915587934,-1.715066483217699e-05,-0.0028970370508198
1087,0.0392352986735423,0.0295941856775412,0.0278938453638605,0.0358478346212896,0.026620938317545,0.0249237379753017,0.0364842929288334,0.0266662080221988,0.0254189728341425,0.0374689453796701,0.028290885855638,0.0266775230625714
1088,0.0467282903110229,0.0318915214638205,0.0310891836161616,0.0455157898240729,0.0313454585969103,0.0306163486273322,0.0433856672171961,0.0306072177955112,0.0300375978553558,0.0466352468739942,0.0323496894942875,0.0316212754797673
1089,0.0474063417780379,0.032698490507087,0.0316956611643646,0.0402191117676163,0.0265464502059022,0.0255674642938652,0.041533252345804,0.0272903404116379,0.0265074009902035,0.0434487765469467,0.0292596427050027,0.028302506578969
1090,0.0146007659425455,0.0042154868551583,0.0041803903955943,0.0148461867668455,0.0026185719835264,0.0026125803146843,0.0137274320899397,0.0039900143727675,0.0039970032087938,0.0143680302427589,0.0035553086543841,0.0035396827797297
1091,0.0318882370270982,0.0203796822137728,0.0192975321655958,0.0296546615298003,0.0172799948905759,0.0161821524316574,0.0209130035960104,0.0123697668327182,0.011330463250621,0.0284795753111952,0.0173723552010364,0.0162714979694285
1092,0.0251701614178544,0.0098865364705521,0.0114834166321849,0.0196734781177154,0.0059596051928509,0.0074986235087162,0.0152559151130502,0.0029751694704567,0.0042895707419387,0.0204509063620344,0.0064704347512101,0.0080174447889533
1093,0.0242722294673119,0.011612003036203,0.0109246825222709,0.01664559928251,0.0055033700312355,0.004864777558905,0.0167131629138372,0.0044175262953676,0.0037391043135235,0.0193663283787651,0.0073024087803436,0.0066067975194185
1094,0.0213870534163011,0.0072194893548895,0.0064985083403734,0.0165127989766181,0.0025986148390524,0.0020679114076006,0.0148557877361942,0.003658004753118,0.0029137647457642,0.0168267239920554,0.0041475855410135,0.0034503930282416
1095,0.0184756498287855,0.0039609340129683,0.0052059463157224,0.0174489050511976,0.0026444525669496,0.0040737431970508,0.0193603559090034,0.0041994730047341,0.005398130312133,0.0178053013328656,0.0032054548789644,0.0045348438295882
1096,0.0135287343921122,0.0039135331511968,0.0049520832584989,0.0088762911636818,0.0009555854139365,0.0021473358008381,0.01703836131467,0.006822135616866,0.0078275700260006,0.013419896847549,0.0038510504330003,0.004974372240158
1097,0.0426682551247929,0.0198884580967595,0.0223952124072766,0.0327276953821708,0.0122588432458472,0.0147783296892815,0.0393496008341857,0.0175926652310823,0.019843203132003,0.0385987214916203,0.0165728335815898,0.0190918917226611
1098,0.0271175115974835,0.013783051957513,0.0141688005637371,0.0210069594319443,0.0096702266116848,0.0101803087100964,0.0251034520959743,0.0132305035563813,0.0135960856206961,0.0259755565782263,0.0129098191415238,0.0133525041135643
1099,0.0226926086047029,0.0069664206104597,0.0066369687622052,0.0234450036170228,0.005413592909195,0.0050179791223035,0.0228112801010544,0.0098999994102081,0.0094024075493194,0.0236885480938993,0.0074985793056457,0.0070689069829472
1100,0.0038195563381228,-0.0040578388560267,-0.005772037764544,0.0077529610865471,-0.0023850064606536,-0.0041689606619813,0.0119674100820854,0.0050925296621023,0.0034903841290629,0.0088648572739176,-0.0001610233681668,-0.0019241175393155
1101,0.0275716017692597,0.0121348715152493,0.0115216594374516,0.027897810068514,0.0072470213781824,0.0064832216518497,0.0268650599841917,0.0117425477475489,0.0111701831206707,0.0281184701508297,0.0106980541884019,0.010016523381024
1102,0.0279191622980265,0.0108999265779897,0.0116730350916764,0.0281291135536375,0.0106738549879675,0.0114556990267893,0.0293982776771414,0.0106133323262292,0.0112711782663325,0.0297051052166448,0.0110726220282199,0.0118448300546007
1103,0.0185615122578551,0.0013968963249705,-0.0002410450218965,0.0138709007534657,-0.0032013259627919,-0.0049143500313716,0.0137902955367943,-0.0003580936233989,-0.0019623606256635,0.0161036956843296,-0.0010008821289165,-0.0027093845582868
1104,0.0277410360830401,0.0071804707942652,0.0096697522323665,0.0254781539880803,0.0060291500292212,0.0084850189983228,0.0170878739638193,0.0003807659934785,0.0025848472098327,0.0238289635613745,0.0043278648832966,0.0067866601597444
1105,0.027404028915851,0.0043338911419297,0.0049145267340461,0.0270111950189461,0.004758974114501,0.0053290464646894,0.023753016989084,0.0057647405560345,0.0061857747245031,0.0281553570702692,0.005322235707562,0.0058776512272069
1106,0.0391682097508916,0.0146931775676805,0.0160076387544996,0.0355164820318387,0.0134706599511744,0.0148440220122818,0.0372685599243909,0.0140527090269564,0.0150056242186371,0.0399991543437608,0.0151107686098718,0.0163743505271427
1107,0.020762173228361,0.0043301854304438,0.0022536600211074,0.016424475120547,-7.701570416872197e-05,-0.0020723984426524,0.0213189587623285,0.0043693290338207,0.00218535679174,0.0212804089112414,0.0034356389172248,0.0012641899300393
1108,0.0196609489817736,0.0028720290564811,0.0025837290398615,0.0261311138863546,0.005069147937121,0.0048277403660039,0.0223599058263165,0.0023093780674939,0.001873512013059,0.0247911710099898,0.0040332853581808,0.0037029080980725
1109,0.0201893285517493,0.0113033915181001,0.0091285968341525,0.0174648531349002,0.0060486428856074,0.0037206894041175,0.0234011792010178,0.0109194324009571,0.0088257786304748,0.0205759845241356,0.0098976047422491,0.0076180779551791
1110,0.0325402652770764,0.0227052083123537,0.0225127175587191,0.0325113804889325,0.0206192178278314,0.0203872607739104,0.030438646170855,0.0177300807936639,0.0174617271127082,0.0336333527737578,0.0215830879546481,0.021344051698827
1111,0.0186052343448839,0.0109401095095782,0.0107665785993192,0.0160446234393973,0.0066753891281447,0.0065163293696544,0.0147799521748441,0.0058241589789219,0.0056403762481106,0.0171932801390684,0.0082911750600726,0.0081122244704153
1112,0.0206256710516456,0.0095069507600572,0.0072140782061398,0.0218608133093769,0.0077694564908795,0.005474841048991,0.0178326741220419,0.0079558041701105,0.0057763962662577,0.0208576167805107,0.0086758309799613,0.0063327393946895
1113,0.0095312043546644,0.0043467787946248,0.002311554267761,0.0091505573797576,0.0032404893505109,0.0012302050325006,0.0153367983310503,0.0069249217797151,0.0049721029702361,0.0123662333791257,0.005232412992639,0.0031582091682283
1114,0.0214352010242137,0.0121583636803076,0.0136114674101913,0.0119101535047797,0.0051962283461299,0.0066805491963744,0.0112625736187647,0.0048428631497056,0.0061767882666834,0.0156796828308583,0.0077878135341195,0.0092563065168742
1115,0.0122973364936401,0.0037655192569332,0.0036304832242444,0.0129888468616433,0.0043698988136918,0.0042650941006902,0.0122435730251875,0.0040075015125413,0.0038123191258487,0.0127520669511562,0.0038977031434603,0.0037400203093897
1116,0.0204279846751625,0.0157100276839478,0.0154903680604694,0.0175652717392292,0.0126216605900706,0.0124879683920053,0.0174327149033874,0.0151312006814527,0.0149646760595926,0.019517009597938,0.0151853765961908,0.0150051284238638
1117,0.0077820691251688,2.2105106397565027e-05,0.0029148569587246,0.0028731843509012,-0.0055173275974935,-0.0025209272821902,0.0143609284535757,0.0046712040863866,0.0073881092981582,0.0078738601014545,-0.0003569356803154,0.002609603097819
1118,0.0150725477767266,0.0042923093357388,0.0045877221478067,0.008822883837563,-0.0023322341589033,-0.0019707955195205,0.0087813114937803,0.002347971344206,0.0025494421963037,0.012707569438062,0.0021898379847804,0.0024675393584151
1119,0.0208344427663679,0.0059896136465826,0.0093214383470467,0.0193892058922154,0.0019803172528844,0.0053894533676579,0.0233586553790225,0.0084319816362785,0.0114660896131314,0.0241231328558484,0.0063998876974529,0.0097737355107487
1120,0.0150044874570971,0.0040430643941119,0.0066912901072573,0.0107531397046446,-0.0010186399967205,0.0017255502473711,0.010234924823586,-0.0001989352711505,0.002244126674813,0.0131712248189242,0.0012917868900889,0.0039950023703885
1121,0.0096127945447571,0.0055102406269716,0.0073499436831238,0.0063604931917896,-9.277858044758642e-05,0.0018154165839776,0.0047315035836956,-0.0001787173742034,0.0015086240665442,0.0077118944452878,0.0022246898531393,0.0040962006259613
1122,0.0304116369242315,0.0173828607577112,0.0213976737924627,0.0336344900859804,0.0178276324970372,0.021956622571648,0.0220036889803814,0.0128795510772281,0.0165518747940813,0.0303785744627334,0.017019348907657,0.0211024683422541
1123,0.0269806289639908,0.0081431254871933,0.0103995136606839,0.0236253216770157,0.002820144325142,0.0051692186457689,0.021798349722566,0.0030830095924974,0.0053281797481728,0.0245205043863265,0.0046843163390205,0.0070335887511255
1124,0.0152655725189764,0.0014655228892486,0.0047230425566565,0.0155098174222601,-0.0009145338196315,0.002432582014442,0.0102534192476952,-0.0017682363706353,0.0015007378967306,0.0151361253985994,0.000152474295939,0.0035709776568218
1125,0.0280244075819928,0.013296142618708,0.0176860763356076,0.0223118572611123,0.0105462754440862,0.0150271163965472,0.0162811897498359,0.0051576557394261,0.0094709351530707,0.0232003013618198,0.0102425862189123,0.0147970781128747
1126,0.0226428903828715,0.0096528642476195,0.0104409098713974,0.0201992605478058,0.0067609271665128,0.0076199615270835,0.0236965370049449,0.0084377462399182,0.0093316220046633,0.022343954331847,0.0086635649828215,0.0095499372454007
1127,0.0017311259312527,-0.0085824885921765,-0.0085002939991432,-4.843795256735175e-05,-0.0108991451981812,-0.0107704601178123,0.0149291575949995,0.0017088975860806,0.0017042495949687,0.0064642599311978,-0.0053552624682854,-0.0052950655245872
1128,-0.0042956818107161,-0.014107705872762,-0.010791601166086,-0.0058902678244922,-0.0167496613320625,-0.0134602600396308,0.0104412542249733,-0.0022301609688988,0.0008602803690352,-0.0003151674993746,-0.0114204846745911,-0.0080677004308191
1129,-0.0019986175026474,-0.0124606894612915,-0.011326991028228,-0.0099150596526045,-0.016782621572217,-0.015664066718946,0.0007699997408934,-0.0090083700092463,-0.0079968561535731,-0.0034432577861667,-0.0129041086020308,-0.0117719869651841
1130,0.0109637141760047,-0.0044707753269215,-0.0033063887526952,0.0072620363649497,-0.008646626466565,-0.0073627371363057,0.0204722910105102,0.0037971508216321,0.0048615602146424,0.014626955026758,-0.0025916043543874,-0.0013841937044437
1131,0.0002471909184791,-0.0144629291900618,-0.0129889000275994,0.0020997701677569,-0.0129153051275798,-0.0112205070657378,0.0099621512046118,-0.0063195858613937,-0.0050839233289508,0.005008806396983,-0.0112587274001737,-0.0097542609421564
1132,-0.0015505799912352,-0.0157925094737706,-0.0119599491248839,0.002643637727249,-0.010225588006882,-0.0061923589057516,0.0029282699513975,-0.0098452391982754,-0.0064070961394465,0.0022471150558601,-0.0119493949683873,-0.0080572466785696
1133,0.0054866363570802,-0.0138740691421124,-0.0111408710256301,0.0053170160591253,-0.0132944239393488,-0.0102174758542786,0.0093174151106983,-0.0112364478789863,-0.0089874966459278,0.007530923843556,-0.0130751920628896,-0.0103099854603477
1134,0.0034003372357206,-0.0083242646594447,-0.0082041536610204,0.001662053684163,-0.0107914858116149,-0.0105174214045753,0.0025532630524615,-0.0111432116914029,-0.0114209438869707,0.0009197888951765,-0.0110283518248671,-0.01100358252742
1135,-0.0126794013561533,-0.0203841798765087,-0.0180223775028219,-0.0137221802057654,-0.020026245388141,-0.0174762229333048,-0.0052830659388476,-0.0146332485860773,-0.012630206631622,-0.0123817059200405,-0.0195313709714592,-0.0171379286553891
1136,-0.0136018960589307,-0.0223805382955412,-0.0221256649583816,-0.0098602508538715,-0.0173094521254003,-0.0169426638156984,-0.0067705030415712,-0.0168464679806016,-0.0168100875532726,-0.0114686730160499,-0.0197630990659295,-0.0195388632918098
1137,-0.0069628301404944,-0.0136008751409033,-0.0142491955372981,-0.0061996202806226,-0.0142100079052289,-0.0148160277751866,-0.0074663747813744,-0.0126646492101581,-0.0134547564789843,-0.0075869104568082,-0.0140609378412145,-0.0147719875717219
1138,-0.0098831217918345,-0.0152574053486097,-0.0124260074713373,-0.004387819078992,-0.0119507970442846,-0.0088994882341694,-0.0084731545556694,-0.0115118225756091,-0.0089543980499567,-0.008794700132873,-0.0136027184538276,-0.0106929706354713
1139,-0.0001375497471766,-0.0068338163814413,-0.0054449323078735,0.0045075862499815,-0.0049129337404434,-0.0033824661890978,-0.0003083408591353,-0.0066485743300601,-0.0054968483551059,0.001536934315048,-0.0061631381572047,-0.0047536023383526
1140,0.012951742749028,0.005257619221159,0.0058815852565099,0.0199614116900266,0.0081110288604308,0.0088222446947437,0.0133252410256768,0.0055930991857006,0.006131986389825,0.0150464135240474,0.0062600587551965,0.0069053703426324
1141,0.0017210379825811,-0.0122072487274527,-0.0117803651633511,0.015622454796185,-0.0008338050243782,-0.0002588173847102,0.0145228291777479,-0.0036616847865488,-0.0033262524494032,0.0085071300330053,-0.0068316894271857,-0.006375698870883
1142,0.0078761514373659,-0.0108938359558456,-0.0085326760048807,0.0110805998642981,-0.0078863020655507,-0.0053082994018846,0.0097649371687866,-0.0057205052020365,-0.0033848168364861,0.0105330932453316,-0.0084485943016586,-0.0059354573185584
1143,-0.0057167741216146,-0.0230537363687279,-0.0222030995528081,-0.0017624803492488,-0.0202530875885132,-0.0193812158291288,0.0059949196944353,-0.0116257132255119,-0.0109566570766986,0.0010701817978441,-0.0185102112194149,-0.0176780857442676
1144,0.0050800339995899,-0.0128076956905541,-0.0117130626715382,0.0125679064737664,-0.007435520730092,-0.0062418131014062,0.0110017538249803,-0.0066522958465832,-0.0057315559360921,0.0107306937319807,-0.008920060855156,-0.0078155801597651
1145,0.0030204479217152,-0.0138791517812361,-0.0125341796273688,0.0106324200059748,-0.0108161911785599,-0.0092956503362749,0.0045281815968353,-0.0107491185694883,-0.0096357504060069,0.0073439507675441,-0.0115712593400072,-0.0101962433773592
1146,0.0010710400442136,-0.0174808679423565,-0.013682651859972,0.0140272184658735,-0.0082535509747393,-0.0041886247422064,-0.0027194181789987,-0.0175016433343107,-0.0138921423891323,0.004725953587773,-0.0148577580815285,-0.0109096214213445
1147,0.0110445993333293,-0.0077334244535235,-0.0055603187289767,0.0227811686063093,0.0006357204810113,0.0029758805195331,0.0148032022582797,-0.0050999732232661,-0.003080494756468,0.0166473960153109,-0.0042690104464122,-0.0020364471014314
1148,-0.0009761563887559,-0.0142892804907492,-0.0119565009389582,0.0078767841026274,-0.0078652593889283,-0.0053751048169592,0.0049102325998882,-0.007738922365547,-0.0054595376670803,0.0044891233146485,-0.0101554261998363,-0.0077108708472008
1149,-0.0045062236163147,-0.0172193895473136,-0.0127184531321589,-0.0022300513463477,-0.0181359935180557,-0.0135647781692183,-0.0012983099168855,-0.0150774407207806,-0.011029312297915,-0.0024367355305898,-0.0171331742056453,-0.012592723650397
1150,0.0021082822875877,-0.0127330516677088,-0.009706260742142,0.0020139392343344,-0.0151291615053942,-0.0120056136307374,0.0022784289151802,-0.0140760763603037,-0.0112607169694313,0.0015851032713604,-0.0146185219817004,-0.0115398990002534
1151,-0.0048522515889691,-0.017617596798439,-0.0152023377175633,-0.0121064027779931,-0.0281703604979867,-0.0256821675897969,-0.0025257872893437,-0.0179012106517972,-0.0157927430061366,-0.0054005739295355,-0.0215437604046753,-0.019118507090775
1152,-0.0004069774963158,-0.0108088519774937,-0.0077767862792963,-0.0059207693524828,-0.0173014975227506,-0.0141692619687384,3.612760026948466e-05,-0.012405756969858,-0.0096653234165061,-0.0014398638356906,-0.0135602889906044,-0.0104708757677519
1153,0.007675058747212,-0.000311161989447,0.003114606818843,0.0095726905752237,-0.0025607079241376,0.0009727337550543,0.008551191228823,-0.0026799623770258,0.0005014544398222,0.008064503734862,-0.0019718001330078,0.0015268839175036
1154,0.0243797232515731,0.0069491806285675,0.0103446702662501,0.0308166568335213,0.0093808354593775,0.012911047105737,0.0236996594606086,0.0046726007468726,0.0076043288263178,0.0281889840463207,0.007485106049829,0.010883171809798
1155,0.0090816945060175,0.0022256082201654,0.0056043198451922,0.0073514146195702,-0.0006033068347282,0.0029068589749549,0.0142107142841275,0.004364328808864,0.0072958276259031,0.0093488174907432,0.0019217885972528,0.0053002955585445
1156,0.0203755458839971,0.009652601589503,0.012323646800784,0.0132429836739639,0.0023201729323614,0.005105974394556,0.0303592468089245,0.0164524469111515,0.0189754859361789,0.0222404624830565,0.0101325309948392,0.0128817758395551
1157,0.0120688773800009,0.0036795833656481,0.004059391554188,0.0135561382993904,0.0047382249095983,0.0052182031019006,0.0260393736569825,0.0150207641845956,0.0153791815482616,0.0179894264218467,0.0082848389244499,0.0087013045062639
1158,0.0126904686695458,0.000755903001301,-0.0004890670201892,0.0105323467406883,-0.0005054057696068,-0.0018233369425319,0.0173436192029602,0.0075995934260666,0.0064815805106414,0.0131268201032897,0.0024265316117543,0.0011580358197383
1159,0.0243331840137786,0.0085796724555837,0.0104874359281563,0.0232690132645324,0.0084302285680393,0.010303394349445,0.0241871676396928,0.0083855308659562,0.0102190058950166,0.0237163402085479,0.0084475809016593,0.0103904005250831
1160,0.0194864050587767,0.0028927459182419,0.0046083559936598,0.015977704892506,0.0012111880863059,0.0029025252118108,0.0205748325753998,0.0086829046939883,0.010256506526493,0.0188912166020462,0.0042351638773636,0.0059495344173348
1161,0.0225575128939452,0.0090723106648252,0.0074329601159974,0.0177281768897398,0.0058111933664198,0.0041551749096691,0.0265843693196508,0.012956476280689,0.0114647669558478,0.0222620568077067,0.0093891849864003,0.0077263391713881
1162,0.0184889822083801,0.0068919799339743,0.0056165089436806,0.0157813262130254,0.0053582529941311,0.0041270695747002,0.021492603422245,0.0083412250689475,0.0072208288203397,0.0188430183324154,0.0065726155930429,0.005306055774827
1163,0.0177236999679021,-0.0016530598262389,-0.0038518422327742,0.014078639220827,-0.0022767499697093,-0.0045297625048888,0.0276626611718685,0.0100014807118156,0.0079092570460017,0.0208055760834876,0.0019691599387526,-0.0003071896283685
1164,0.0223055986258913,0.0042111449342363,0.0015452522705949,0.0199958811351009,0.0046152131330755,0.0018759679237986,0.0322074819133763,0.0151491534083126,0.0127644271562891,0.0265453626832854,0.0087268475529294,0.0060244085894378
1165,0.0094043822914747,-0.0030814662124802,-0.0030287849518684,0.0036133842101199,-0.006295901570643,-0.0062538475005823,0.0146736326083647,0.0040211927150064,0.0041446514551551,0.0111015087192019,-0.0011288100078935,-0.0010626904438986
1166,0.0120952971369281,-0.0006672436885462,-0.0010698900454551,0.0087760483795462,-0.0025172808346007,-0.0029618346129292,0.012472630653985,-0.0023385399013304,-0.0027635448064184,0.0127348729245748,-0.0010915383105119,-0.0015453395643177
1167,-0.0102182239948146,-0.0112683981005179,-0.0137039730699105,-0.0122438109480771,-0.0125442218852915,-0.0150634442576154,0.0011563397162169,-0.0021792629191931,-0.0043007603408019,-0.0066373345946842,-0.0086846791418797,-0.0111336417181684
1168,0.0001608956876786,-0.0026150640312258,-0.0033389467605035,0.0056196662424322,0.0024969220310459,0.0017228042048155,0.0058003958078818,0.0027035429146171,0.0020414172930197,0.0043719474093069,0.0011857409965994,0.0004383199152097
1169,-0.0017233080006855,-0.0083503891148426,-0.0062541661523362,-0.0068222450857569,-0.0105865471836967,-0.0085879769581024,5.130848249476984e-05,-0.0026677187586867,-0.0008373987919702,-0.0036849305147031,-0.0074935955504331,-0.0054554224165573
1170,-0.0039200189814571,-0.0091438731718053,-0.0090227847832951,-0.0041767757704184,-0.0094744904549251,-0.009458621513632,-0.0058985426360247,-0.0076377240920327,-0.0075701758557667,-0.0047943669064465,-0.0088509525712286,-0.0087840845384743
1171,-0.0068229917452716,-0.0102907553915863,-0.0117066210876149,-0.0066231715115984,-0.0103451056352891,-0.0118592821237925,0.0006247582119982,-0.0028574684149214,-0.0041543310918279,-0.0047791544173156,-0.0081121909325808,-0.0095701049178809
1172,-0.0016902501429418,-0.009280129100553,-0.0087807378130395,0.0032904404575571,-0.007555587574916,-0.0071717283031652,0.0018697116257181,-0.0055945161312918,-0.0052092669984326,0.000635551685447,-0.0080020934406398,-0.0075614392621715
1173,-0.0021757559360597,-0.0116453470046575,-0.010669739225424,0.0041541017729984,-0.0091136589874588,-0.00815598249987,0.0026963921301549,-0.0087576281498692,-0.0079494142384517,0.0011072042824255,-0.0105603359825851,-0.0096105097955831
1174,0.0020778193919654,-0.0022893472908061,-0.0020280454853569,0.0106934719443354,0.0035166182472551,0.0037632800984179,0.0036193200996249,0.000141477287683,0.0003317237226896,0.0051138039331142,0.0001679547734386,0.000419565597002
1175,0.0147841056549375,0.0101755155306072,0.0113763049793164,0.0193696663566136,0.014542508874744,0.0157275312471994,0.0100981286667639,0.0073166050586008,0.0083908389732068,0.0149575462072224,0.0109679530503477,0.0121661022261378
1176,0.0004054486337299,0.0025300588254242,0.002863453213939,0.0087218140288006,0.0077477648032473,0.0080605173342831,0.0020742731600354,0.0016581964011038,0.0019289436204976,0.0024892226443743,0.003883335121804,0.0042009962314092
1177,0.0217341795023347,0.0094125605928619,0.0090297562256999,0.0235345592606565,0.0113838310413494,0.010952952407472,0.0184675727724828,0.0119240344907036,0.0114831774842095,0.0211684558070971,0.0111704225570675,0.0107373489589644
1178,-0.0032868374613416,-0.0088816622209771,-0.0090980590443611,-0.0003722883135519,-0.0039260679410622,-0.0041815351595592,-0.0084320401698921,-0.009975348892455,-0.0102699034951518,-0.0049066451367423,-0.0078890929822896,-0.0081595899612014
1179,0.0072513069264247,0.0027186790544379,0.0037883854689605,0.0037327807668466,0.002081519446367,0.0031305254912639,-0.0100078949284184,-0.008835833412468,-0.0078826926621576,-0.0002586503721679,-0.0013533885168038,-0.0002989518390575
1180,-0.0077155860264451,-0.0081999147592014,-0.007549072451255,-0.0063403433482885,-0.0079930988783838,-0.0073479631740928,-0.0123264012735887,-0.0132328756425146,-0.0126826404756383,-0.0099667880791173,-0.0103267367405366,-0.0096893789581099
1181,-0.012126520045878,-0.0128951300321167,-0.0105023373360223,-0.0159739012901201,-0.0128716586724934,-0.0105117964834031,-0.0117711929194117,-0.0118325069114216,-0.0095821499272529,-0.0150478599454696,-0.0132725085417463,-0.0108574728708192
1182,0.0037538759360287075,0.0035593099991894105,0.00609278005660836,-0.004142946396952496,-0.0006288862666448209,0.0018399419302260072,0.008896262042476543,0.009452532019188335,0.011772452845739531,0.0010728925641390625,0.003538366398838682,0.006069803749327773
1183,0.02486930972384437,0.01778448121140945,0.021054092711767308,0.01786127156974714,0.012257335580895793,0.015415493377340344,0.023848027297812064,0.020577197352954695,0.023534998630627562,0.023461112046533637,0.01773231843249051,0.02097485420981629
1184,0.007017567783932732,0.01361467067155398,0.015492286018981467,0.0022402983921233,0.007735144752576781,0.009555628331294851,0.006286733543865642,0.00973739147597566,0.011491160022773932,0.0054733791985912845,0.01099242209509463,0.012876387656455685
1185,-0.0018768110865569484,0.0014127975288863298,0.0030909740825821085,0.000301954328043075,0.0018523790716527468,0.0034784964441952845,0.001047990094187969,0.0027757883783717857,0.004282234912014898,-0.001277520791431959,0.0017569261306543097,0.0034182200314478023
1186,0.00020907377762839155,0.0002959125752075446,0.0009290768982098007,-0.0009673993239450406,-0.000889625536080831,-0.00029146927855205234,-0.0011126856413918298,0.000251389009752847,0.0007825682291262759,-0.0013496646261200033,-0.0001995470293702925,0.00041073403975048866
1187,0.012343515183589834,0.00317988666606561,0.005777154661166266,0.00457254248595941,-0.002745370940346783,-0.0002066768959992212,0.00028434225160420013,-0.00541004969111082,-0.0030050040263363354,0.005658618749372161,-0.0022271110318342,0.00037728780659834234
1188,0.013286782585325976,0.0055024663203557984,0.0070054480445394755,0.010587257919450139,0.004102022001005701,0.0055812521287131826,0.007099183867259255,-0.0013646676122610092,-5.1327879428416975e-05,0.0099268719152271,0.002395228191421199,0.003877009429080997
1189,-0.0025365768479571962,-0.006285214588589492,-0.003407859704285384,-0.004852331017744366,-0.007397026247506278,-0.004571155550648993,-0.0019234635388343116,-0.006173395787679561,-0.0035852184381691765,-0.0018436667086436458,-0.006544362872086795,-0.003676504603121064
1190,-0.005242667406650431,-0.00465631990784346,-0.0017922078757729167,-0.004461225586227869,-0.0035158653548491656,-0.0006545113783849907,-0.00587802597553651,-0.005885753496480905,-0.0032317171609110135,-0.00507882679363435,-0.004628713846469373,-0.0017301117112738503
1191,-0.01533363773995712,-0.01838150810869011,-0.014654265622253942,-0.008786646743538021,-0.012505049106508688,-0.008766270601769757,-0.011037588573540714,-0.011796172581413283,-0.008403482127613443,-0.010655791356778153,-0.014407554304802206,-0.010657468505354387
1192,-0.014590468247362117,-0.01922349466256358,-0.017681915624453082,-0.011538692035215637,-0.015177671164635644,-0.01363957391802128,-0.01001891745999854,-0.014732052606508615,-0.013403222448666714,-0.012133878581432599,-0.017018645103650313,-0.01549304111919502
1193,-0.0051364259484283385,-0.01008710775524633,-0.008263286493023464,-0.0024437099250611783,-0.0048206717409341295,-0.0030036218909626784,0.0012209640389653983,-0.004575189431489096,-0.00301799879816202,-0.0006986506891344558,-0.006153408374527672,-0.004359807686212187
1194,-0.01357620885925154,-0.0112607952346012,-0.00939132978037332,-0.014502539188223428,-0.009442227427415266,-0.007555730416629191,-0.010391080797831187,-0.00876889486440044,-0.0070624665678960495,-0.012688587869973369,-0.00995290628886992,-0.008067194159897161
1195,-0.010290104671557585,-0.011736811371629302,-0.011912583652513326,-0.015305882975698569,-0.013034133358677617,-0.01320866915868298,-0.004611765404835578,-0.008374175785134674,-0.008534462628631506,-0.009225483452219775,-0.010931205419236586,-0.011108332283816462
1196,-6.782834863650565e-05,-0.005571683345893859,-0.006368297168147345,-0.0019906347784135647,-0.0065040265244322515,-0.007280265443869651,-0.004209764967892487,-0.007278863680607135,-0.008019612241808517,-0.0017740959125335733,-0.006586485928152826,-0.0073897386265563605
1197,0.003386804850573436,-0.0020784827159043076,-0.0008411581211589821,0.006387697194113417,0.0011539754550735429,0.0024410348666912395,0.006239332163719817,0.0011684078512007275,0.002264546885963405,0.00485757815835761,-2.6891771231539993e-05,0.0012229679660144494
1198,-0.000393849944251259,-0.0034903957776686078,-0.002928739681440218,0.00290018342552457,-0.0011867747128576824,-0.0005667434938507002,-0.0033652553937415252,-0.004703960798881348,-0.004221081516744873,-0.0019402809849235704,-0.003809750116182637,-0.003230946475021797
1199,0.003226879226718595,-0.00013247831433950576,0.0011425158265938548,0.001506339711971955,-0.00017899805698128057,0.0011680956924301315,0.0009356247846730827,-0.004086411780459063,-0.0029591457048418466,0.002840198237381515,-0.0008128779016417601,0.0004869969728984537
1200,-0.009402040933218489,-0.009191904383182943,-0.004343448000982268,-0.008974174177444916,-0.009371743965803432,-0.004497191934986539,-0.008389568365641158,-0.010822820554022537,-0.006458239337658037,-0.009702307541573535,-0.01002221989077298,-0.0051558577715954835
1201,-0.0007184116237170975,-0.003556714366467418,0.0014953422518831987,-0.0009757314698509757,-0.006818298996852079,-0.0017223595654622464,-0.004395377255422737,-0.00782665176411546,-0.0032968713985679,-0.002203493714550874,-0.00622507296365537,-0.0011521623976336666
1202,0.007206009524239248,-0.0048270756945548625,0.00031777642973690917,0.0026361029401502064,-0.010281555953755014,-0.004950015172547406,0.0031938614108241864,-0.006103249349485375,-0.001316571526087462,0.004524473296503214,-0.00753002442113329,-0.002261583400034947
1203,0.004435727393540221,-0.005842583475877363,-0.0023686104215279134,0.004811371265262921,-0.005881835701095214,-0.0022082386985795774,0.008702598341611805,0.0003126959658582313,0.003563333876423175,0.006018884917043028,-0.0040561907917886835,-0.0004760116745976677
1204,-0.003689109142630872,-0.008144942987324603,-0.005729444155525005,0.0008281446954986923,-0.004263135515071906,-0.0017164586221547781,-0.0037565395149222057,-0.00687281579732462,-0.004655122468068553,-0.0018994541662950757,-0.006440652075422738,-0.003959961648725541
1205,-0.004329084901873555,-0.012526180168561678,-0.010386889808392063,-0.004388821031183553,-0.013015608503037311,-0.010810973290772408,-0.004278750724254879,-0.009041480998341575,-0.006996345960561892,-0.005415293966758756,-0.011895638044649066,-0.009701264322200438
1206,0.008280230174002517,-0.0019234750429906842,-8.075373182992257e-05,0.012353516734686766,0.0001622896752904881,0.0021405518204806176,0.013778443111035547,0.0033575506678113556,0.005106350427652554,0.01224860903451635,0.0006246142120098868,0.0025382618120378094
1207,0.005767491442908713,-0.002855678803838823,-0.0004319928694917752,0.0003074801418958748,-0.007228351600963292,-0.004722218547703395,0.007481003809564453,-0.0061205451514320984,-0.003830110678749688,0.006143081748442146,-0.004862987140817258,-0.0023778221861411016
1208,0.011137504922089266,-0.004345091968451491,-0.0031904667984270878,0.007858372221733573,-0.006700970182750188,-0.005404936405006446,0.011356935809840046,-0.005377448162306213,-0.004455840738779503,0.011014036182039447,-0.005364449932721247,-0.004206139710171544
1209,0.012084459596528235,0.0029121089383354567,0.003815742869134478,0.00888824485227815,-0.0006995815863850343,0.00029810711503564603,0.007511478060512357,-0.0014407147906084058,-0.0005435048214082049,0.009416227614258508,0.00016632094507879744,0.0011254801323513552
1210,0.010172972743966932,0.0005071812254405534,0.0019088130593558502,0.009474610656628475,-0.0010290959529628877,0.0004124952499718872,0.012185608474935106,0.004642745758622426,0.0060443132021309985,0.011242416288414027,0.001575326843621157,0.0030370174562056214
1211,0.002277427353242162,-0.0035924157945598965,-0.0021412958895279137,0.0020536470107096923,-0.004125070896570843,-0.0026269169975623743,0.003662207290443295,-0.004469076902497194,-0.0030502574592948246,0.00415793550314957,-0.0034599416094235652,-0.001959091183100007
1212,0.010745085448100754,0.0008235421440007014,0.00038857040771960615,0.011197768010838837,-0.00020775028587037884,-0.0005869215030080219,0.006636516943003408,-0.00454645781237173,-0.004772541007190494,0.01195594439413311,-0.00022786119797654653,-0.0005931455993754368
1213,-0.006022667860582254,-0.005495676265532839,-0.005369941655793882,-0.007432896738534976,-0.005451992958773925,-0.005322651940709371,-0.003996818349769947,-0.006465649333096794,-0.006345182247369082,-0.004986241511441829,-0.005429680097584025,-0.005299896608611545
1214,-0.01312766748428766,-0.013423109934973669,-0.015394757284899627,-0.010905865870493185,-0.011549457515402577,-0.013541113302510193,-0.009027638187439787,-0.01096176944884236,-0.01280456412573511,-0.009947746001292999,-0.011920207700135079,-0.013922690030229518
1215,-0.0053812063979593846,-0.008335068228211843,-0.01091465671278209,-0.004663133343253119,-0.00603802256755938,-0.00858421618610367,-0.004172583652367593,-0.005705321086722893,-0.008132279061393887,-0.003469402141184003,-0.006231312254531979,-0.008841275353587584
1216,-0.002968663239507022,-0.009090382259840008,-0.007159034239233204,0.0012493699802746832,-0.005694618672195741,-0.0037483691257154932,-0.00026915407836233416,-0.004636441691064715,-0.0028595313239330048,0.00042292406688014945,-0.006242333948484238,-0.004292575587347129
1217,0.006597379350848317,0.003212745390224808,0.00234740957599938,0.002657272254675919,-0.000747679596745255,-0.001577193862978892,0.013493667178255841,0.008033718401839472,0.007157099273784837,0.00810088705255351,0.003774278439190665,0.00288431690543234
1218,0.018812801384500883,0.010617600661344907,0.010391193507352462,0.01648821991102631,0.0071053751739092045,0.00693189953517627,0.020710427800706296,0.012914052373990889,0.012659243024802064,0.020187433624377672,0.011066899890045915,0.010833591393983329
1219,0.02839938432827172,0.017700276511098807,0.016634507556380726,0.025292001753603716,0.015044385068311468,0.01400119423206121,0.034921548996333596,0.023688904489879748,0.022670828587355526,0.03160347058740057,0.020074802460209665,0.018985794035005013
1220,0.03410364141259818,0.01900567989148461,0.01790044111725461,0.03340978003196988,0.017432722478153136,0.016353636180735674,0.03429582816766619,0.020251496270206667,0.01921593225327148,0.03511009302933887,0.01963906783390617,0.018515267281174322
1221,0.01939803004623858,0.003431724375143037,0.0018569141311186627,0.021285403244971638,0.005266339296195283,0.0035776495911451402,0.01957544946622262,0.007255320397456863,0.005968333626771792,0.02153689257646898,0.005979189449887172,0.004405384817366352
1222,0.01260805176724993,-0.0004239979502896803,0.0003911930233026429,0.011992917848144675,-0.0004896863481600395,0.00020422394907421365,0.016795643176672283,0.00624227656979806,0.007082165212215703,0.015470402986162946,0.002572857543271588,0.0033759133280460984
1223,0.02753336493020555,0.010970252015700272,0.011176714487017386,0.022656217058354116,0.007939506050165725,0.007930171899413505,0.023076570578364614,0.0077234348897316065,0.00804357563173969,0.023535089311826875,0.008495021196418023,0.00866993154693094
1224,0.0248828800243044,0.0038752293470909046,0.005345690735245759,0.02325295156781922,0.0028352306478824398,0.004208346346929233,0.02922297318653312,0.007659611368218326,0.009110164038052008,0.026750547024383134,0.005077697664821876,0.006559480102181085
1225,0.01917158683390152,-0.0035012196299223433,-0.0019785033511526247,0.02011523009366843,-0.002658537390860847,-0.0012486294195670862,0.02037393110091979,-0.0015521476719790367,-2.422384372552974e-05,0.02058642574104237,-0.0025192570164665755,-0.0009614531915723544
1226,0.016884548666180946,-0.000507877002325639,-0.0008380041487286501,0.011951002744618213,-0.006197516612940994,-0.006652577913178965,0.016037787446637298,-0.0011138437297586777,-0.0012326056528513178,0.01470184910396854,-0.0032293275999658246,-0.003532278452961086
