era,corr_ender_0,bmc_ender_0,corr_xerxes_0,bmc_xerxes_0,corr_ender_1,bmc_ender_1,corr_xerxes_1,bmc_xerxes_1,corr_ender_2,bmc_ender_2,corr_xerxes_2,bmc_xerxes_2,corr_ender_3,bmc_ender_3,corr_xerxes_3,bmc_xerxes_3,corr_ender_avg,bmc_ender_avg,corr_xerxes_avg,bmc_xerxes_avg
0587,0.0051838038183556,-0.0041462072429535,0.0045588719591096,-0.0040453612157071,0.003694425442357,-0.0053017303397028,0.0038467587282265,-0.0030752656422144,0.0078640436919269,-0.0018057565835126,0.0098266516572005,-0.0001021312254531,0.002048553151312,-0.0073371561168546,0.001988434118393,-0.008220781743064,0.0047729872611065,-0.0046146279254956,0.0056740976052402,-0.0035849263351741
0588,0.0151861682395586,-0.0046989748647935,0.0076828844664642,-0.0086775817646498,0.0114070447099346,-0.0065451414170157,0.0054456674837516,-0.0071429469742315,0.0165850105583721,-0.0042527387869211,0.0066875046997836,-0.0083660058535025,0.0077238826755237,-0.0095128069121255,0.0018341421172736,-0.0141923775401963,0.0129139107222997,-0.0065077052143022,0.0057475864853617,-0.0094693942413933
0589,0.0329984148241957,0.0112028948228084,0.0248301339251602,0.0056158429995259,0.0336300468324211,0.0103682141788604,0.0264711159713993,0.0086538650199137,0.0300653919575116,0.0058829885403028,0.0256394480489123,0.0049788115985164,0.0231248456249804,0.002745551542507,0.018972503770625,0.0027955697496294,0.031294494501582,0.0078711690855182,0.0247327220815679,0.0059127322423058
0590,0.0191502304317791,-0.0025843045179728,0.0097399340435646,-0.0069033181576912,0.022735422244099,-0.0002598315216347,0.0115881978125737,-0.0039129781160638,0.0181796136994222,-0.003926684666318,0.0146568160080993,-0.004564816781063,0.0145200500875862,-0.0075609143719545,0.0123117302445631,-0.0048095157459038,0.0191402933932258,-0.0037602509435858,0.012374874554915,-0.0051490887656675
0591,0.0273818195551328,0.011252274143606,0.0163963784397226,0.0001241632848871,0.0276423940708695,0.0097828009363252,0.0201096213669656,0.0031611876311521,0.0250515611730979,0.0071188304517935,0.0195057112287746,0.0022617068704053,0.013603848810855,-0.0020871809760306,0.0152679614608564,-0.0003534126214042,0.0229948265324971,0.0062004681745439,0.017850393434395,0.0012754889841236
0592,0.0306009723104257,0.009560156237376,0.0251304910479669,0.0062452186489476,0.0320312723880763,0.0104117146947506,0.0273708080364554,0.0067599149694806,0.0322977486841575,0.0123300612101365,0.0277190279395186,0.0073716990465449,0.022377664396269,0.0003153919248712,0.0226310334462702,0.0021662770438892,0.029038330734397,0.0076864566071838,0.0262902859137586,0.0057206214677789
0593,0.0437834383331964,0.0188599640394723,0.0393311313327793,0.0195391723554642,0.044293265292344,0.0202901732485586,0.0394626015659683,0.0201804686382667,0.0355243608417456,0.0125697151576764,0.0357996641591545,0.014712598870345,0.0362471868795206,0.012441883056331,0.0416147706641444,0.0208508918456665,0.0405765030686102,0.0162339411558227,0.0401288653236719,0.0193334166656866
0594,0.0371214542896545,0.023253010333217,0.0326192679851052,0.016676481823897,0.0420650007078609,0.0256703229753804,0.0374903854290631,0.0209967889882344,0.0386604171704639,0.0223529650996917,0.0363107935231598,0.0193150531246763,0.035524536832549,0.0188732087642026,0.0318282306786256,0.0140041677533658,0.0391142681934403,0.023238582844434,0.0355193375536117,0.0181159920500111
0595,0.040872397295493,0.0204621473740584,0.0327284495400545,0.0161372141706301,0.0331110476206777,0.0142971119995013,0.0319613124498623,0.0163577536417178,0.0324296986221927,0.0135710095581,0.0300476370058426,0.0151997444148606,0.0329289752047815,0.0131465442645021,0.0312416556888788,0.0142319540512865,0.0359901229146342,0.015981760785438,0.0316539798269,0.0158913796587092
0596,0.047259446767673,0.020822849042363,0.0408607128935232,0.0160493615264836,0.0425063834599438,0.0188710821375216,0.0365737640561247,0.0134671474883869,0.0403370058122679,0.0157281171744844,0.0379446661562908,0.0150049273541028,0.0421052800378481,0.0169500909760829,0.036641618727613,0.0136391212718179,0.0435140342763218,0.018335691732669,0.0388809945582853,0.0150419990209874
0597,0.0419118597955154,0.0173409152086531,0.0382571079155394,0.0164078168384569,0.0367758918453908,0.0146583940301686,0.0346928415785769,0.0148667029492198,0.0328061934453689,0.0099767295919377,0.0304457212214616,0.0107662389822529,0.0337575578499511,0.0098146669377273,0.0343609377954946,0.0136274070243613,0.0375438000415721,0.0132412239248228,0.0366512703450501,0.0148573643837278
0598,0.0510899077804451,0.0254978542666523,0.049398369370697,0.0258736585637806,0.0454637004081379,0.0197744088110028,0.0438645223412563,0.0216230104474949,0.0453722499367123,0.0191956951006707,0.0441643663282417,0.0226264366615939,0.0488107797667522,0.0206033754748867,0.0478465535544506,0.0238974623157362,0.0492037930827455,0.0217314227146583,0.0478772801822396,0.0242221346224821
0599,0.0472039818963819,0.0285441111940008,0.0504880429924457,0.0302619711969832,0.049269403816221,0.0281009013336809,0.0495499020779883,0.028543148672109,0.0477252392243767,0.0254954071940674,0.0511334249742392,0.0300270974839189,0.0443741842067642,0.0221628278401357,0.048880553118367,0.0269405086434691,0.0484883986498005,0.0269897409512013,0.0515481245284913,0.0296756038208014
0600,0.0484729236471909,0.0245613579017862,0.0446410840196024,0.0223567102831719,0.0408849890966777,0.0172613687508727,0.0413015298081874,0.0186257690810378,0.0439227824816536,0.016863069494779,0.0424055402274666,0.0179883239400677,0.0408886029168376,0.0136790590406171,0.041325459623537,0.0166070756777901,0.0450117505067623,0.0186549819656065,0.0438813513440687,0.0193408229670969
0601,0.0427378041150134,0.0154675809720864,0.03717623969084,0.0144335658803578,0.035808961325597,0.0070944874704004,0.0325163556997725,0.0096127102940552,0.0385992985409703,0.0103444612486311,0.0384507412378233,0.0143509030980013,0.0350855511213959,0.0040307018131077,0.0306982578998822,0.0084506306701212,0.0387494341755587,0.0092128970679588,0.035623606115267,0.0120161383644006
0602,0.0459373435003899,0.01517944133692,0.0401704289928233,0.015678421715778,0.0434106729870484,0.0135916135432919,0.0391098501456156,0.0157284022414844,0.0401364422885877,0.0121191271196222,0.0393263688741866,0.0154096147894005,0.0328087837454667,0.0035003983303012,0.0352460937343132,0.0112078444467676,0.0416916946922209,0.0110624490820071,0.0392070626277463,0.0148483658525431
0603,0.0412963993995168,0.0092628941783706,0.0332292972747063,0.0067560455439084,0.0363793859067966,0.0023208997580964,0.027574457235401,0.0049628553158569,0.0332115820917139,0.0039616145696933,0.0248675221488137,0.002253360284668,0.0289810119389045,-0.0046759326973089,0.0218110492459808,-0.0047437740981689,0.034528643825797,0.0022410742706045,0.0278166192776231,0.0025715027129695
0604,0.0368003312598807,0.0105167499566803,0.0250305277867189,0.0031580748151943,0.0317065847460744,0.0030307145081937,0.0204445415490039,-0.0009252915063382,0.0348915617487202,0.006063588051773,0.0249832351206354,0.0017506280712354,0.0267297393452618,-0.0016738770375345,0.0227874869862531,-0.0017179952988141,0.0325625513944041,0.0044221152942368,0.0239759235558441,0.0007171478549178
0605,0.0404861915092487,0.0176397894454847,0.0296323778733019,0.0134576278603777,0.0363637411940062,0.0138257072482405,0.0314019690529612,0.0135571743701044,0.0347552004668162,0.0153901748183226,0.0307593885998749,0.0160747236169989,0.0348245599233201,0.0110190281384406,0.0367113634606445,0.0164446676077752,0.0377840334862134,0.015094980477491,0.0328165304655993,0.0152418041788298
0606,0.0255282559521576,0.006281333817544,0.0172833828231618,0.0013412904987956,0.0284280004175492,0.0062068118698136,0.0177002604468076,0.0001874341873255,0.0264265350225651,0.004732794784855,0.0153532530556418,0.0005503899146885,0.0220408975786436,0.0011426524092453,0.0228808349969327,0.0039927366990169,0.0260718419264182,0.0048351219065222,0.0191337299341903,0.0018491495416463
0607,0.0411895962481284,0.0129620431564627,0.0348979764775093,0.0121959950660431,0.0408889257968434,0.0110368684913537,0.0375231070110383,0.0131113301208517,0.0424413694376695,0.0126404868352738,0.0353544614700715,0.0126573604447419,0.048849823410211,0.0153560168524596,0.0405642665703317,0.014312452612553,0.0449634624981915,0.0137902741418565,0.0377699266113885,0.0134020779128071
0608,0.0350681902657652,0.008450054222533,0.0342816384357416,0.0111740413753596,0.0350670350718859,0.0050219463939452,0.0395310979725857,0.0110034444011332,0.0422687191413262,0.0112164534162363,0.0357756231056413,0.0113669757651971,0.0396360073619626,0.0080573509922661,0.0400136144761111,0.0116838252699886,0.0387488714607143,0.0083921991977938,0.0375425925464937,0.0113409447370145
0609,0.0397025885553813,0.0113429898485054,0.0448462826452721,0.019270019211924,0.0410613357842807,0.0082554774498897,0.0447829263681827,0.0151177868489235,0.0581714673076267,0.0211850332530755,0.0500902571704918,0.0210553399764828,0.0486350602359785,0.0133650585310128,0.0482879653972841,0.0177595662894441,0.0476286477004075,0.0139337108630236,0.0473084905241188,0.0184994545613223
0610,0.0437475119550316,0.0146838283302133,0.0429406265338904,0.0182139675699152,0.0435005953712167,0.0132548290509214,0.0376577217637205,0.0126312667559718,0.0427108958762916,0.0121567050308125,0.0411607901668512,0.0159478632534,0.0450848843757172,0.0139268747721886,0.042545219982579,0.0171656290285957,0.045884934403097,0.0140975269133368,0.0421197995724642,0.0163825214413109
0611,0.0504749042684773,0.0242507500078979,0.0568199119731719,0.0361486758788969,0.0503559262497911,0.0231555234486713,0.0581198376919971,0.0336699158401185,0.0509873573732105,0.0240354072212208,0.0550979018382489,0.0327847091981965,0.055061823188607,0.0259027278537737,0.0586233454513238,0.0345305478632863,0.0532084231444914,0.0253408472859177,0.0580620086752516,0.0350168840997401
0612,0.0391508745150428,0.0096280557670575,0.052074732723779,0.0244024852748255,0.0331963641251491,0.0038094468869193,0.0450329852785803,0.0167231454469567,0.038247310795281,0.010089646947348,0.0455332528386353,0.0209888508409314,0.0424930005242477,0.0108764791938527,0.0501392825461816,0.0232764923143825,0.039666273093112,0.0090820437728956,0.0489054830452647,0.0219079482633004
0613,0.0493857767783686,0.0221278751219176,0.061171828230335,0.0355861517573918,0.0507572812024652,0.0224201391305122,0.0610121154061801,0.0343341561408464,0.052613225962781,0.0224719141848641,0.0621990494810194,0.0352401771418917,0.0530267404194322,0.0218731325070024,0.0655715709724366,0.0385675468045054,0.0518532533563554,0.0225460025016639,0.0630646746118393,0.036566515480472
0614,0.048546592631419,0.0184525167358465,0.0587060038306346,0.0287599427132546,0.0517564454238223,0.0183425329195528,0.0561297198688787,0.0258199404200237,0.0514225121376829,0.0184872238372275,0.0565556272856158,0.0257100327433906,0.0553281194766221,0.0199124743936495,0.0631900991690301,0.0329737396242328,0.0538554754433818,0.0195243756117503,0.0595558551998485,0.0288471356369364
0615,0.0514959386051119,0.0203010474705634,0.0579445120867879,0.0304502647554148,0.0459870308106578,0.0153346957577355,0.0552341682993687,0.0253838910324406,0.0435791538681839,0.0145147055163995,0.0556716341607225,0.0286175654815852,0.0465622038811678,0.0159447100969413,0.0554197544903832,0.028277487256063,0.0486780298173877,0.0170913065947292,0.0572306574782152,0.0287630929482748
0616,0.0291387184311959,0.0035837543372925,0.0415933795277832,0.0167505598757187,0.0323216960111711,0.0065014241768183,0.0398344083390108,0.0133306230583879,0.0291433050859131,0.0054488539911668,0.0363109458093688,0.013820148807179,0.031204171670546,0.003707998317993,0.0410856897064046,0.0150921925988128,0.0315881304761731,0.0049487861060696,0.0406776739747297,0.0152220063164511
0617,0.0168868211417929,0.0029626525914847,0.0236919055122903,0.0096548057166178,0.0244513929041957,0.0050480983426374,0.0286334652236798,0.0110497289398329,0.0265054733813745,0.0098248512783488,0.0275301592545574,0.0143770657572157,0.0199413927832753,0.0021263949208774,0.0214652886045645,0.0068212244762463,0.0215621037456959,0.0047158098026168,0.0257158923802057,0.0106152269559353
0618,0.0095998731954859,0.0061609931047135,0.0198283834282654,0.0116460123159282,0.0151468559608064,0.0090777831071039,0.0216603528675351,0.0140207973403361,0.0078503165340789,0.003335231373461,0.016589707665068,0.0098533035034122,0.0094197836362917,0.0053538380116782,0.0162301762772838,0.0098806594048703,0.0107348612051699,0.0063265713304546,0.019233306345428,0.0116976367942371
0619,0.0218610015641371,0.0045125800898889,0.0275805564985812,0.0113745157016453,0.0248218828274781,0.0042555717807181,0.0288195000722068,0.0125769575920759,0.0237241673443721,0.0024791981871663,0.0322703756330244,0.0131331002180008,0.021416647501244,0.0011486575892933,0.0319044769465602,0.0128124451111159,0.0240654488301816,0.0032238583175118,0.0313038759206386,0.0128753618044127
0620,0.0197237729361558,-0.0010431287107884,0.0232816488994272,0.0062535744513296,0.0212672416968493,-9.088022387238048e-05,0.0263570408008761,0.0089697724645736,0.0233210581464407,0.0025253076889495,0.0247647009244328,0.0087237173788487,0.0213176809501041,-0.0002034036165602,0.0256168864556835,0.0075898827372137,0.0218888305846149,0.000201770891202,0.0254504687289091,0.008044347558254
0621,0.0147280104076689,-0.0039284980589728,0.0175471665002056,0.0019316538342592,0.0132861258925985,-0.0046868492737854,0.0218565934738269,0.007429023390792,0.0206577121173575,0.0030378000772179,0.0246934236180662,0.0084196369452808,0.0146045257421553,-0.0025560713224758,0.0217522264900389,0.0054624230513396,0.0174360521156684,-0.0016654179850393,0.0222610574564718,0.0061715404356615
0622,-0.0044317551077289,-0.0196271671477856,0.006201400255799,-0.0121891935851148,0.005026710018717,-0.0146785541335936,0.0120594718909934,-0.0067055317603737,0.0045632281029242,-0.0141142536665412,0.0120388204793834,-0.0071256785272642,0.0077901644790474,-0.0099041879663778,0.0116437546432754,-0.0057228268925073,0.0037808764506834,-0.014953883764695,0.0101329758657805,-0.0084848542182597
0623,-0.0006191565572475,-0.0208490483516068,0.0043004824578183,-0.0113477406602083,0.0095692753761402,-0.012318761717787,0.006420771635601,-0.0090983853061979,0.0056800930747742,-0.0155401383109851,0.0080139479455544,-0.0084374089338185,0.0072033922787626,-0.0126869017775165,0.0060551096936491,-0.0104344069957145,0.0065392143582548,-0.0155602698435969,0.0073316585510927,-0.0095612972212459
0624,0.0105991051514745,-0.0032247820339821,0.0167242485348161,0.0041358824394399,0.0215892138629015,0.0027801612665415,0.0246823402833733,0.009073440294784,0.0133527075704609,-0.0020858842930198,0.0204477863180421,0.0060855600453383,0.0178586914163205,0.004607016004096,0.0181714789451338,0.0059843838633973,0.0159380317096388,0.0001954161705938,0.0213108611000179,0.0067861566341956
0625,0.0013178658302846,-0.0163551271090074,0.0076062758005592,-0.0109013868796017,0.0136925944331043,-0.009258872632864,0.0103679099634682,-0.0077815013021879,0.0099939265931521,-0.0101772032949586,0.006509075479595,-0.0084674209449247,0.0108290725153902,-0.0071509005539197,0.003653917190485,-0.012416772062057,0.0094059773978009,-0.0110052420150854,0.0084398547605671,-0.0095128809214359
0626,0.0230359653562494,-0.0029153752308465,0.0261439403985606,0.0072913781937049,0.0307400923885879,0.0018015081273213,0.0279645206672225,0.0075732735726521,0.0309386395386104,0.0027418438977689,0.0294586956166819,0.0088667331716482,0.0386731893256515,0.0113508721281569,0.0307378465956305,0.0090694550501691,0.0331306845416081,0.0038316995590928,0.0294224147925685,0.0082882750421663
0627,0.0317587740965755,0.0050840784307341,0.0260051728741976,0.0068993679776514,0.0369925825614163,0.0094215928467472,0.0291555015153355,0.0070894647258528,0.0443671683355651,0.0158832252675002,0.0306262227346518,0.0081038396164331,0.0395031421747513,0.0119143160721902,0.0255592795465093,0.0044349000079173,0.0394689196684115,0.0109592160936382,0.0286369606733409,0.0068556539038613
0628,0.0174592773657341,-0.0091570700733458,0.0120606377992152,-0.0090958835719292,0.023020267294342,-0.0065581410897581,0.0149200785145742,-0.0096474516886802,0.0279838732658378,-0.0025867048738966,0.0217197108502769,-0.0030542737159773,0.0208223937584605,-0.0082204862280375,0.0095451693836472,-0.0121340340964229,0.0230454587039967,-0.0069298418147839,0.015938897184132,-0.0082368560870555
0629,0.0381656249964126,0.0124663803045707,0.0375639262442486,0.0130271208928178,0.0455214711289555,0.0185305218136829,0.0432179870637814,0.0159528151067005,0.0437254814468795,0.0187680399283538,0.0406549443118059,0.0157035383794286,0.0408604233092975,0.0124742774147088,0.0317930481159354,0.0088786546324083,0.0421884314122923,0.015424691157436,0.0391582004959634,0.013696729217885
0630,0.0346829008007249,0.0032358816848077,0.034902501376562,0.0080326300617792,0.0413273083235022,0.01139746416746,0.035308075009921,0.008413066335686,0.0376694370440227,0.0065754981620536,0.038357679684938,0.0124310539274437,0.0416042316826607,0.0092052026387966,0.0365219014510806,0.0096421044299973,0.0404586117237302,0.0077854047992948,0.0371905553521204,0.0097660926485889
0631,0.0297133884477812,0.004076127951582,0.0245565776796149,0.004552538216146,0.0338754690463095,0.0116120367441805,0.0308376241813895,0.0099621988772215,0.0284798690736269,0.0077354205900356,0.0288955912950073,0.0102333935719971,0.0301754353879646,0.0040104399202874,0.0321157763958638,0.010357610013963,0.0304598336186115,0.0066574358879471,0.0304804443606481,0.0094503790897351
0632,0.0185676149324674,0.0003321456447515,0.0290560623794089,0.008676566667867,0.0273910459264055,0.008839051178575,0.0301460525872114,0.0126764558557073,0.0300378907732047,0.0103428981782519,0.0338005427178788,0.0139656925296804,0.0262652954085752,0.0052547184905838,0.0355229463149873,0.0132085682170452,0.0254769470695879,0.0061086047231182,0.0318550110425913,0.0120519092570633
0633,0.0335847900981039,0.0058518516702383,0.0386540320418016,0.012498225054795,0.0354531021747941,0.0078456228831901,0.0387002333350643,0.0131546767074928,0.0367451651551468,0.0105515104816528,0.040433561770682,0.0154872846102824,0.0327629645366968,0.006647200192704,0.0412013652963121,0.0143797981460899,0.036044824535833,0.0080441701177786,0.0410635124438939,0.0142639270255138
0634,0.0419250908857775,0.0076811874775428,0.0482769821797033,0.0164367211805582,0.0411259567946133,0.0066360008279973,0.046485351393851,0.0157442151878577,0.0495378698237627,0.0116646257209342,0.0542769378298569,0.0219537863936253,0.0382311852846032,0.0055819467132017,0.0514912486169133,0.0194174915070343,0.0433858429334063,0.0077450840792679,0.0505210372047942,0.0184715052706822
0635,0.0276761131463726,-0.0001380340418368,0.0322386528655501,0.0070374650744395,0.0277664575773058,-0.0014097363314502,0.0293523118870833,0.003750720119928,0.0315611130374807,-0.0002442764432469,0.0316010479100704,0.0060203356389466,0.0295734914329086,0.0012533394156944,0.0304689792397879,0.0054334682671881,0.030122565725166,-9.236309666623628e-06,0.031205338904479,0.0057504294149056
0636,0.0304923390458644,0.000717434909546,0.0336506959860185,0.004657804936254,0.02463725470544,-0.0065148375689341,0.0343131663465339,0.0040792301354884,0.0292255842070598,-0.0007986538895503,0.0401276765735721,0.0098348089972206,0.0235222830967935,-0.0053032586056072,0.0313236770216656,0.0022247091237494,0.0283815948578041,-0.0027992417245027,0.0367974954529194,0.0058762527557302
0637,0.0322555907375913,0.003688425925896,0.0350556013583815,0.0079652266361372,0.0298585138848391,0.0010269354726277,0.0329435278386148,0.0061092272246835,0.0261271827250387,-0.0006918063576474,0.0336267142087549,0.0081995368287533,0.033448574557127,0.0075107923114687,0.036319300745504,0.0095166189992102,0.0304910021239248,0.0026362482376129,0.0350325472283512,0.0080298316398412
0638,0.0248228743509509,-0.009982193383814,0.0230765206568291,-0.0090037302566933,0.0245820501102433,-0.0095117352032277,0.022661091447148,-0.0090960529672895,0.0226067633309681,-0.0098564681502142,0.0263400529705704,-0.0036614934528472,0.0286741655568393,-0.003212395445231,0.0304912034173502,-0.0027971174123549,0.0252882128696311,-0.0085220740129774,0.0258465103342483,-0.0063206697261968
0639,0.0406299264606242,0.012315334093771,0.0308787268312158,0.0051109367862331,0.0414447315476092,0.0123364749965773,0.0302091513095148,0.0048796895678765,0.0327916372359706,0.0052377901517984,0.0280986548639204,0.002510136607592,0.0398222236876392,0.0114112501327523,0.0312636343172534,0.0057521046358106,0.0398774893459152,0.0107207122664726,0.0309221550525377,0.0047354958362667
0640,0.0269832175663037,-0.0042717645030419,0.0181632974056666,-0.0076935416646388,0.0322856640701306,-0.0010104631018753,0.0204437148756493,-0.0044796296858047,0.0217890222600432,-0.0081600206671868,0.0131460107051736,-0.008409609024084,0.0187451988364014,-0.0093669089403095,0.012801740492223,-0.0113593314374992,0.0268076851282584,-0.0054111213814209,0.0169188602312527,-0.0079170429863315
0641,0.0303693932928771,-0.0027353971325761,0.022844332436827,-0.0037548354053877,0.0337402676299318,0.0011453643037193,0.0236923971688939,-0.0032247933473287,0.0278533634924442,-0.0039250608965484,0.0219379122416333,-0.0037448709845324,0.0283937664479648,-0.0019224100693857,0.0181516042719761,-0.0092578880592814,0.0311263364392339,-0.001899138006398,0.0222762439200289,-0.0049757551927734
0642,0.0464219588929047,0.0100204044079621,0.0345288713048409,0.0009973838472955,0.045573422982406,0.009859859340112,0.0379982769193859,0.0034437273355086,0.0363170754523262,0.0029107163940717,0.0325564416638739,0.0001166519063445,0.0418291680882948,0.0090285185030884,0.0335532534587389,-0.0004425197415599,0.0432283010877267,0.0080609107894813,0.0358753463677994,0.001224104098752
0643,0.0285702799468844,0.0033098191745685,0.0225525048423557,0.0001039481064821,0.0312059702965796,0.0049884077521375,0.0251214884989871,-7.694697212399462e-05,0.0234198405537043,-0.0009571456035587,0.0223020811658382,-0.0025342679146537,0.0215892890574968,-0.0001510382323424,0.0209720788657412,-0.0011727241537342,0.0267143594643443,0.0019130152119894,0.0237283827424607,-0.0008466545867596
0644,0.018277635261623,-0.0079230903526118,0.0149453267149711,-0.0069802282225434,0.0222415526834405,-0.0049539901448988,0.0162285783347083,-0.0065251363515685,0.013722995348494,-0.0099953089313732,0.0083692840579484,-0.0111375755349754,0.0153320310186218,-0.0086534927243647,0.0138593158534106,-0.0097020390018554,0.0172152884697125,-0.0083173816042666,0.0137834692499926,-0.0086603420545319
0645,0.0146996274508938,-0.011584487839755,0.0135160596861012,-0.0096079621490425,0.0106962684791068,-0.0143923009143603,0.0120556140304025,-0.0129708382510634,0.0082377893459696,-0.0183360890238573,0.0054523163135576,-0.0158229831500457,0.0008161454770353,-0.0217968958195666,0.0059808139046275,-0.0176459492426267,0.009782787760148,-0.0165277711964424,0.0099028313561011,-0.0140787698462964
0646,0.0099769177005964,-0.0135252972146086,0.0115373089806468,-0.012267576310766,0.0049738048457352,-0.0182102720278428,0.0043303132951386,-0.019402584362514,0.0085470326295701,-0.0179086425978678,0.0020738346729286,-0.0204267067385996,0.0025336618911078,-0.0202206335265397,0.0006794353746735,-0.0200139161599754,0.006708649961809,-0.0180704393810346,0.0045311001307076,-0.0183771315422519
0647,0.012454821300843,-0.0133349401466775,0.0145544275614802,-0.0085173571384016,0.010450554829283,-0.0142898576379608,0.010016789078383,-0.0145625716502676,0.0166827739054936,-0.0123145054708554,0.0069913134275075,-0.0174841657888607,0.0090877084242938,-0.0157380053359025,0.0064771614421942,-0.016069430916576,0.0124979700316672,-0.0145219404293895,0.0093843098477321,-0.0145685381442583
0648,0.0048321927716496,-0.0174795856075871,0.0047042669109483,-0.01095685337371,0.0021501946614487,-0.0211742963207915,0.0043063392545825,-0.0137799403005957,0.0061840121417695,-0.0164068316986327,0.0015883628674896,-0.0154338261238967,0.0028467022952348,-0.0188939928734274,-0.001038201695602,-0.0181082433437728,0.0033334330162674,-0.0194413085076592,0.0024224724817901,-0.0148614720313346
0649,-0.002831260263054,-0.0223625178012845,0.0006868295690265,-0.018892520220573,-0.0084849164365387,-0.0284276073668082,-0.0008732174986457,-0.0208575718413766,-0.0021963559139076,-0.0205023601344035,-0.0042793201795316,-0.0231120467901845,-0.0093641026548104,-0.0274280629597218,-0.0062026385220977,-0.0249291750924795,-0.0071389886305817,-0.0257486849767462,-0.0028976088773009,-0.0224597073235724
0650,0.0231444232398832,-0.0040377275710881,0.0304959854904059,0.0012064944488569,0.017146823635551,-0.0120725625286612,0.028094269729846,-0.0001817768933811,0.0221534106269853,-0.0059480469632943,0.025253755598804,-0.0014864472979267,0.0107570286631193,-0.0168902512774626,0.023786107818036,-0.0036750421238928,0.0184797158103768,-0.0100917846318588,0.0269458548624296,-0.0011983503257277
0651,0.0254680483813687,0.0075369422266798,0.022134378383158,0.006144716345858,0.0181681315042938,-3.461950064549769e-05,0.0250742417987357,0.0062549193450219,0.0229281008980196,0.0035376741046913,0.0214214886582036,0.0055352051679539,0.0195768674739088,-2.8911286566443265e-05,0.0192312588925853,0.0025579495677611,0.0218485800125039,0.0026610036403117,0.0211992940677596,0.004771911490747
0652,0.0118455387086322,-0.0030430709690753,0.0078685734269313,-0.00545043061306,0.0031782417775771,-0.0133647218767973,0.0078592113826031,-0.0068099846998985,0.0096392563937296,-0.0079661000582427,0.0033695337468854,-0.008546429372278,-0.0008455089425335,-0.0163126200104311,0.0013267841512408,-0.011329063711584,0.0052922755688258,-0.0104000378746067,0.0047250886871834,-0.0082783333642486
0653,0.0207786247382388,-0.0067533558906184,0.0232236183794295,-0.004369159806607,0.0158859539818107,-0.0147434000691495,0.0191032726105757,-0.008738354395175,0.0247170453975085,-0.0051322074154244,0.0173814068822883,-0.0065840903107249,0.013771766929399,-0.0159212913434509,0.0127671963846036,-0.0133349282246164,0.0198741024891311,-0.0105768653796803,0.0188019389576653,-0.0081433586494662
0654,0.0219091670318107,-0.0028691445754462,0.0206876469978391,-0.0030033261189302,0.0127154752409725,-0.0117299680094286,0.0211380991580774,-0.0042044740815285,0.027185485265607,-0.0003430278433552,0.021699067947543,-0.001644364752597,0.0132362986299124,-0.0119437490081245,0.0130048758886807,-0.0108916156576678,0.0190520034651661,-0.0067645991363972,0.018765663791513,-0.0051189207691689
0655,0.0452860481612887,0.0180253707271167,0.0446587397776572,0.0178482328734975,0.0409822225055008,0.0099039191116275,0.0495143122741777,0.0166812081522537,0.0428181331964871,0.0115027073942784,0.0432649470765937,0.0139330124568264,0.0425610149215825,0.0124406766279097,0.0375776641315641,0.0092716929559599,0.0441877294824673,0.0135686042742306,0.0444507284288724,0.0148354707053832
0656,0.0197238053363985,0.0074115514894984,0.0213063046640785,0.0053028008083632,0.0239833465500496,0.0072633527204959,0.0261456829573002,0.0085137211412986,0.0192338004353935,0.0026120187802025,0.0213582783548847,0.0055492352600809,0.0165426942311046,0.0015522230166862,0.016976771337484,0.0005678328146881,0.020032087924836,0.0045870174643446,0.022371412577631,0.0052538675992312
0657,0.0266355019357977,0.0028227249617291,0.0235569293200336,0.0027121420062804,0.0281746893263855,0.0018361402342972,0.0294442096158637,0.0048700611374136,0.0237995992911287,-0.002356481988507,0.0261976621871174,0.0033236936882883,0.0282860170108444,0.0007843083453622,0.0315733464569822,0.0071772168982269,0.0262326030547547,-0.0001718168822285,0.02827325066418,0.0046820036514212
0658,0.0028127907690293,-0.0055695031001728,0.0069114544363066,-0.0034802794447926,0.0099283883887412,-0.0004819631465231,0.0141206833179989,0.0008330701847315,0.0040282073050985,-0.0058859825628874,0.0086099677116852,-0.0034001767440434,0.0071162872937525,-0.0037669723891737,0.0110308801730619,-7.900486130012393e-05,0.0047526348707288,-0.0044674643540158,0.010998790851476,-0.0012482412045639
0659,0.0171480156239663,-0.0037593682558219,0.0132348974301595,-0.0044413282072091,0.0154346389303183,-0.001152312322748,0.0151453345135039,-0.0043399182405384,0.0102216600253772,-0.0081063051449026,0.0141486993602345,-0.00373296815293,0.0146152818418151,-0.0050222298603179,0.0130159880448555,-0.0062941015592296,0.0139633209902057,-0.0050175459408216,0.0139000976215024,-0.0050097683142751
0660,0.038171441222111,0.0094651852910667,0.037248417045614,0.0123258313991241,0.0427875662202038,0.0166797746756106,0.0389607748590681,0.0137394340157495,0.0316784168667588,0.0036398963748407,0.0378963061489149,0.0122201708272339,0.0354606831625211,0.0082947163806725,0.0345977968790209,0.0086725798816208,0.0374879483653527,0.0095561091465987,0.0381916533163644,0.0120319239015418
0661,0.0281886880807271,-0.0012870303900278,0.0227318868987274,-0.0044136933683494,0.0311668695256378,0.0031555357115213,0.025844485535719,-0.0012204901705421,0.0278860200853103,-0.0038010788247066,0.0259566159439774,-0.0037523443292721,0.0255079927242641,-0.0049878479795575,0.0267065257697034,-0.0013927033393614,0.0276453502782032,-0.0024867252501246,0.024854879039675,-0.003193540608286
0662,0.0374391063222218,0.0098966262579196,0.0326410309957003,0.004906163856425,0.0403809952364417,0.0086301961859584,0.0334345140945342,0.0042364666679035,0.0368587540975794,0.0062941620580379,0.0317714004098042,0.003139507298879,0.0398422860669237,0.008851496523482,0.0328213522988295,0.0058231439564469,0.0398793431694843,0.0087943805838338,0.0327035275200051,0.0042543251189601
0663,0.021288681800969,-0.0062372538330032,0.0205938551341656,-0.0053407261592324,0.020680867409358,-0.0058254175991768,0.0182229689485447,-0.0052866410889481,0.0259184088100915,-4.793311931922677e-06,0.0201278524741165,-0.0019711567431485,0.0248553419884863,-0.002783378620092,0.0242727280026724,0.0009520827287295,0.024193267766061,-0.0040299348236478,0.0208900668336484,-0.0032512231628798
0664,0.023638688553331,-0.0026183130833261,0.0226899683854037,-0.004958911698184,0.0229367788599165,-0.0059826608485368,0.0188990849710482,-0.0068835379160142,0.0280604760866383,-0.0015160787376558,0.0239234657588398,-0.0028030428085309,0.0312256116175977,0.0015998601283991,0.0254914299743627,-0.0008680622062764,0.027556212403392,-0.0020259297192852,0.0232960355176306,-0.0038908607989848
0665,0.0297192862176937,-0.0059943374308267,0.0305033126471379,-0.0055012067236074,0.0274288794538579,-0.0116043348746971,0.0246642573509595,-0.0073717898855535,0.0283566967235781,-0.0056455249166675,0.0261846288450582,-0.0049468957700344,0.0302050879460042,-0.0052881599115399,0.0297244712050833,-0.0031088852991813,0.0308285679740362,-0.0071138906728455,0.0278825283257829,-0.0054232253246452
0666,0.0353517733809905,0.0063304042946108,0.0399359791145764,0.00870167659027,0.0344534046193003,0.0019017211459265,0.0327558798970492,0.0026858384247836,0.0395213926936301,0.0111152125234757,0.0319534366818956,0.0050821410160914,0.0447943949188222,0.016269725397542,0.0416293130136213,0.01379601634041,0.0405295565095003,0.0096578812382449,0.0369870489796001,0.0077037553307935
0667,0.0327123857691339,0.0054560663349122,0.0352548432328301,0.0067745920435454,0.0330337831305084,0.0035131042335787,0.0274783319123712,0.0031738547352584,0.0385201636529163,0.0101915713281854,0.0316923867263596,0.0081191292046826,0.0410693376087769,0.0107823076843983,0.0335128063155911,0.0073870802582495,0.037186363496334,0.0076756078942184,0.032436023180463,0.0065514813018663
0668,0.0558358621007715,0.022454182792238,0.054760850645588,0.0267264086484304,0.0509237222475497,0.019758901115083,0.044898300950341,0.0193231975600558,0.0432732562073126,0.016729628420943,0.0430740381921126,0.0208436311736374,0.0510647473842109,0.0204701016246999,0.0520057470166653,0.0250069906162779,0.0520999659606312,0.0204873918251819,0.0489737454174027,0.0232254591967127
0669,0.0301439194643368,0.0081898947075278,0.0343965611452839,0.0154322249517454,0.0305305131958817,0.0087521242743245,0.027607901474968,0.0083901621719124,0.0293093644311734,0.0101719986560392,0.0249560356794221,0.0075900765128903,0.0271346972444988,0.0070568827195797,0.0272259714394249,0.0080801727257408,0.0306317788620671,0.0093296223333759,0.0289282613701603,0.0100613425514242
0670,0.0353534953817928,0.0080489694181597,0.0357715686512637,0.0152382944152202,0.0363503564020056,0.0102140645457909,0.0359340417771604,0.0122376123400774,0.0309007942928499,0.0038791732595226,0.0281288674252185,0.0074826260143312,0.0298168503578006,0.0042266423778605,0.0272262316340483,0.0063780810331973,0.0340208179251477,0.0069856330165898,0.0318016227850934,0.0104958488982817
0671,0.0140590405522876,-0.0010435169109533,0.0132691256388079,-0.0018764010572758,0.0139408826035985,-0.0030044083374855,0.0143358684118187,-0.0032022453434451,0.0099395800687386,-0.0060831941945655,0.0078397748761838,-0.006879554890892,0.0107777560207267,-0.0066403715868997,0.0069183251144237,-0.0077265743970224,0.0119818946443302,-0.0044909403614263,0.0110883852229228,-0.0050350285809787
0672,0.0099854953553197,-0.0042045305944587,0.0025850583692327,-0.0095990912679374,0.000906151697422,-0.0111752248425816,0.0012723794354122,-0.0125123700393075,0.0033789387261142,-0.01057755939122,-0.004696695853866,-0.014542651194112,0.0055677235647641,-0.0074800772377379,-0.0010823968465825,-0.0122056722463163,0.0058084433621996,-0.00847099795739,-0.0006779466888777,-0.0125643970858692
0673,0.0001956677371549,-0.0088051087863048,0.0030203281728106,-0.0067818947614626,0.0004288555072134,-0.0101319940984144,0.0028541839824418,-0.0099667846980847,0.0028003309823873,-0.0106167638862205,0.0015379761114465,-0.0085058276186416,0.0009908257353022,-0.0117541983567528,-0.0015623689547527,-0.0103007975576812,0.0017540434371316,-0.0104420531439562,0.0006498661753206,-0.0093330514573338
0674,0.0207175671368247,0.0003542062854978,0.0214891897893443,0.0002046487153901,0.0194758256702503,-0.002825645524901,0.0194965421993682,-0.0011808310721325,0.016897487816671,-0.0012490712337669,0.0194284338020675,0.0010264070358447,0.0192944730784863,-0.0037848850615446,0.0188866403247848,-0.0009608088142594,0.0194550222431415,-0.0020055499094011,0.0196358890220382,-0.0004311221429401
0675,0.0262788360538071,0.0013475559908821,0.0251224369922415,0.0049008892177387,0.0134180738604416,-0.0076015413714033,0.0175462927174451,-0.0034705325873136,0.0131290407733121,-0.0053716787397811,0.0221899468842469,0.0044503894982277,0.0240812734694092,0.0009505152689467,0.0214868370304207,0.0016683422194571,0.0208475436075648,-0.0023258399570194,0.0221226242577308,0.0018187553905045
0676,0.016866483400151,-0.0035048486244175,0.0248280370796105,0.0031905457608669,0.0099266178689546,-0.007978565560773,0.0202809081182856,-0.0022098147247226,0.0138460152480738,-0.0050084775796932,0.0202477434731543,-0.0002728095546006,0.0224115182420384,0.0038225081485038,0.0150457080805684,-0.004958822155404,0.0162854956818104,-0.0031780222060005,0.0203783726981356,-0.00115054439744
0677,0.0397497375421127,0.0109545049370609,0.0476777105154526,0.0208194855855281,0.0392620626710829,0.0094255669023342,0.0424255483388406,0.0153288031493138,0.0413634835814073,0.0138781632491234,0.0512848565918487,0.0248179737204698,0.0445058823672958,0.0152547282233845,0.0370581865074063,0.0129543430134249,0.0431294377370636,0.0129643919635465,0.0447341650577554,0.0185420348637059
0678,0.0133709791621483,-0.0058777829592265,0.0238414022396545,0.0054559501259435,0.0090820912028153,-0.008961077158064,0.0181510455802361,-0.0010062488859268,0.0105479905993087,-0.0041621690988263,0.0246571551782315,0.0045755998826105,0.0163413941361479,-0.0009181292999398,0.0118707515493946,-0.0051405920980666,0.0126733335470559,-0.0049354553505514,0.0204176439721074,0.0011885570786344
0679,0.0295045815102302,-0.0024073068428294,0.0334795458271624,-5.088871886357856e-05,0.0296775210879467,-0.0023430293263188,0.0318542811989029,-0.0014105932405415,0.0322292674514829,-0.0001169045765015,0.0363622487962461,0.0020364340306053,0.0392453525931692,0.0060577364234649,0.0318632579892048,0.0010265229307887,0.0333747971360463,0.0001176557876506,0.0346336631115772,0.0005292774845124
0680,0.0076150403053326,-0.0142209009929671,0.0169579581948839,-0.0050553243457095,-0.0003761064367696,-0.0197404768503453,0.0167476672698734,-0.0061807881868958,0.0095593441750812,-0.0114450725374247,0.0214186328021971,-0.0032086083384737,0.0152719078949924,-0.0062363508574633,0.0198026290566287,-0.0039785527917623,0.0071065472628155,-0.0137443609033255,0.0198706329041289,-0.0044084527225558
0681,0.0185214460333017,0.0010346254502071,0.0208516823428615,0.0029376954915995,0.0118670588074527,-0.0051662000743625,0.0225491579127564,0.0044343504173285,0.0237214760495428,0.0053448197831831,0.0334555955683697,0.0117993339277897,0.0241840726040722,0.0055367821174471,0.0219335519993767,0.0067434401168437,0.0204655984055256,0.0018876000157115,0.0262206084291516,0.0069791570884259
0682,0.0314016893568733,0.013313717969169,0.0328291448134697,0.0147635925257177,0.018641050005366,0.0047806329494146,0.0327463735386443,0.0143159500178668,0.0232215493863034,0.0087802038292219,0.0396734276969789,0.019920401923548,0.036779519727011,0.0183500308876565,0.0362237713608853,0.0188053938803442,0.0288161131816817,0.0119057137329337,0.0360928647347575,0.0173376249066916
0683,0.0352745595622611,0.0179391462778628,0.040523778752322,0.0226005423132062,0.0342588831483378,0.0201309116224849,0.0380555854437734,0.0217444193137394,0.0301051534457954,0.0156034344773859,0.0427444275397305,0.0261434747557772,0.0476723906649596,0.03011453194592,0.0490420771310933,0.0305172955597615,0.0377365626762512,0.0217741432696552,0.043927514226715,0.0261729101583294
0684,0.0269913349541388,0.0073196403939824,0.0296255389354947,0.012812226621705,0.0241163598245383,0.006085184607787,0.0340056370363193,0.0138830050879349,0.0223185501440671,0.0051235724089427,0.0365221783709912,0.0171885303230244,0.0351773879149028,0.0173475471904705,0.0396261184171242,0.021387754524412,0.0288531260864723,0.0096354385640881,0.0351867064834668,0.0165250727401611
0685,0.0165181191449921,-0.0028311321237338,0.0189734354992955,0.0012197400124185,0.0186023542902027,0.000128562392902,0.0238862028247066,0.004754892237202,0.0259715194741794,0.0053040148922484,0.0244083492923042,0.0050688260568492,0.0306543388973096,0.0118041375120254,0.0245110209111789,0.0062621974263393,0.022668218224289,0.0033173151043134,0.0232670577139582,0.0042770564104455
0686,0.0213876955394413,-0.0105132188635973,0.0160062295759947,-0.0060140137160825,0.0285668042776824,-0.0006058557224358,0.0217828540563529,-0.0015305296515773,0.0221147783319512,-0.0045652162379168,0.0148396076034676,-0.0059102210019965,0.0289331836227117,-0.0029531216265752,0.0236141727830243,1.2406665880264874e-05,0.0263512158273811,-0.0045994686705533,0.0192186002474656,-0.0035529088369805
0687,0.0306271376508129,-0.00157338951954,0.0363106320574216,0.0083452000745411,0.0289221739634798,0.0005227478480443,0.038000042839835,0.009463831402782,0.0288207663338629,-0.0010578424791014,0.0318193925544073,0.003948878049083,0.0314137092753126,-0.0001763990400788,0.0369311148114113,0.0082684044733664,0.0305907092921258,-0.0006299833055727,0.0368948521725293,0.007825879812226
0688,0.023626587081314,-0.0082792452635105,0.0353354750292155,0.0038352137832882,0.0305869301279612,-0.0023710323441885,0.0359934363962663,0.0042758903839715,0.020684877590362,-0.0108401898969671,0.0270293120765666,-0.0026086844142031,0.0281183949798443,-0.0052107996526951,0.0350234275953046,0.0046596525279682,0.0273066318170532,-0.0067132768780788,0.0342310234061476,0.0026385258864012
0689,0.0219861999739472,-0.0042392827948307,0.0296438844874189,0.0025910998164633,0.0268017386901084,-0.0017744715723199,0.0299669697654289,0.002428775112781,0.0285802777974591,0.0007483757531704,0.0279197708828307,0.0017376226079433,0.021002017505032,-0.0062408188379459,0.0283397367680265,0.0027716261945954,0.024958177263269,-0.0030079061361977,0.0300913252932058,0.0025989713296504
0690,0.0207583885638971,-0.0105790360240448,0.0290937850284042,-0.0007159855842619,0.0212732168065966,-0.0084542314337456,0.0261067630253305,-0.0018360313728865,0.0157154055146234,-0.0122160740429373,0.0213946527057164,-0.0053029208065529,0.0160397055917179,-0.0130943040276753,0.0215528738744527,-0.0046067004527659,0.0192336143082864,-0.0114555917404267,0.0251804217100592,-0.0032285931253951
0691,0.0095125659917631,-0.0197216219351048,0.0136923135826355,-0.0167893686732861,0.0116972858415135,-0.0165052036762526,0.0199536032793354,-0.0120090292148502,0.0142858199089498,-0.0177017735719901,0.0191122697745887,-0.0126966745449593,0.0082039712509363,-0.0211718675115898,0.0115061769679495,-0.0177324973333072,0.0112470080471547,-0.0196034422386051,0.0161906518763466,-0.0155014226574601
0692,0.0176563134025944,-0.0118374231713107,0.0236490707091737,-0.0044678597031703,0.0181677573287947,-0.0092384182957159,0.0224495576852941,-0.0048657939764597,0.0195366200956675,-0.0106467660808608,0.027090679353072,-0.0001873729295281,0.0137973864906024,-0.0146542780605612,0.0211996148470389,-0.005894302645561,0.0185663687262318,-0.01177695645997,0.0242890730743188,-0.0039512182914422
0693,-0.0040624958503452,-0.0257891483220147,0.0009590081789668,-0.017810075378039,-0.0060054061039867,-0.0250140229308583,0.0045389723979408,-0.014816241313299,-0.012014170873273,-0.0311086281684345,0.0027589545560476,-0.0162170045247269,-0.0131560852830958,-0.0306551935066665,0.0006804935959821,-0.0164321030576198,-0.0096521273111,-0.0292460668758112,0.0010259385634289,-0.0171475990228297
0694,-0.0049107165138264,-0.0225244233248563,0.0046033933744232,-0.0119246265514794,-0.0125291536504886,-0.027471266422937,0.0032635036008129,-0.0127244552900925,-0.0103991279466438,-0.0275178756877518,0.0065708587142288,-0.0102308251507428,-0.0125876031654486,-0.0274750041889466,0.0061185671054261,-0.0122570189421314,-0.0100228052119834,-0.0269196615761936,0.0054307860137139,-0.0121722577918269
0695,-0.0052335360402352,-0.0252268860848744,0.0026114947365824,-0.0155592692446535,-0.0079355287578421,-0.0244959478631931,0.0066668455848995,-0.0128423591767827,-0.0032330583324178,-0.0218917838737778,0.0110505421413215,-0.0068432207200015,-0.0067841905270765,-0.0259384620950657,0.0051961170522069,-0.0137900760488694,-0.0066018604581406,-0.0254089429119951,0.0056629623535018,-0.0129089209595523
0696,-0.0136586355738453,-0.0232885433311557,-0.0037299698578772,-0.0141651717610123,-0.0142129653841026,-0.0249342076051775,-0.0030290817477283,-0.0138028412767607,-0.0114114269667277,-0.0230111662287917,-0.0011742962116961,-0.0120264817591721,-0.0073941373568688,-0.0218968132023084,0.0050693261850236,-0.0096520698940816,-0.0116878020200345,-0.0237996512635141,-0.0017828841821124,-0.0129084946901626
0697,-0.0039184741178799,-0.0172104032883056,0.0020721147140011,-0.0117712755517132,-0.0004006258634703,-0.0145343671784622,0.00722574770173,-0.0073426571301069,-0.0056807933177684,-0.0184556717889525,0.0066732010076442,-0.0084473203807811,-0.0031115818714103,-0.0192287091513542,0.0085109602439632,-0.0080164639840736,-0.0042974994357306,-0.0181915505436587,0.0062701432072137,-0.0089941894691808
0698,0.0026780748312462,-0.0059897483399823,0.0030726242393963,-0.0089386788054985,0.0033924654338633,-0.0071198616630415,0.0020542057700628,-0.0114420382103048,0.005099921611285,-0.0072206290327338,0.0055234819039031,-0.0084133913623834,0.0023261365671731,-0.0099435647206465,0.000537198872185,-0.0131614126809477,0.002528243321858,-0.0080804658334824,0.0023979909377843,-0.0108594326131739
0699,0.0144579143244451,-0.006030116608801,0.0203023731539801,-0.0012872729525173,0.0208723421649526,-0.0029282565441884,0.0240089447048065,-0.0008004023857112,0.0143888029516761,-0.00678867062295,0.0211773324535595,-0.0015036369501141,0.0111110338349332,-0.0082535963710929,0.0158859252670111,-0.0042160490500845,0.0156022997098666,-0.0062278584236391,0.0206584441311341,-0.0020727820639738
0700,0.0103603434757768,-0.0081271311729253,0.0119053502191855,-0.0058102328680811,0.0096377581721504,-0.0105169766110924,0.0099999169623627,-0.0090965531679757,0.0191342158281234,-0.0037310828210691,0.0169055688209092,-0.0011370517717239,0.0090669677696118,-0.0107842300609085,0.0076579038660416,-0.0090353560544008,0.0126371614264148,-0.0085459869739343,0.0117328573385702,-0.0064502862303317
0701,0.0169909927586096,-0.0024711426194676,0.0110455984732708,-0.0068404801061147,0.0129298081047667,-0.0074064443919929,0.0175390808503665,-0.0034434176809978,0.0235406958919749,0.0010608517306093,0.0208487108181963,0.0015990362326882,0.0126243008754473,-0.0062777140296664,0.0144486158248426,-0.0049318431400551,0.0177555220198823,-0.0036889472322102,0.0158077634377089,-0.0037746835026348
0702,0.0159542365868983,-0.0041465888332307,0.0111638998088205,-0.0059901783387303,0.0098332993907546,-0.0111210156922831,0.0106095589545412,-0.007302670194878,0.0221324452917775,-0.0002276778717246,0.0150789454292829,-0.0020533023324814,0.0135516374456375,-0.0070238967330547,0.0083077760940866,-0.0095003723998546,0.0168806191854044,-0.0055308395143873,0.0111208812775562,-0.0068005619142639
0703,0.0229360597106655,0.0001982842369249,0.025327158022741,0.0028627286181647,0.0215184586493762,-0.0024577755794119,0.0243935505137452,6.598591904638577e-05,0.0269899586402833,0.0031580926614962,0.0291229508349455,0.0054121830662483,0.0258996934593778,0.0037380651477371,0.0277560260291063,0.0048619884677552,0.025906913646965,0.0015956077356636,0.0265630100190716,0.0029509942905163
0704,0.0168579103548443,0.0017477329265104,0.0089475408880233,-0.003418383707161,0.0207445639548008,0.004708749640375,0.0113012362853134,-3.8211623406314e-05,0.0178169835844899,0.0031612277943326,0.0119460065967886,-0.0009906855921925,0.0179904896337474,0.0033626045500714,0.0115730613854327,0.0005187757807157,0.0199087453238385,0.0037040427967063,0.0114862974064516,-0.0008661882705454
0705,0.0269473279965261,-0.0055309429327134,0.0212471276480736,-0.0057279122962797,0.0255010168868504,-0.0045477646243525,0.0206651362908442,-0.0036104737866736,0.031713246367973,0.0011796070806165,0.0216731509484219,-0.0032931888530425,0.0266092821219675,-0.0033066679404985,0.0181035959808883,-0.007927138232919,0.0288261987446945,-0.0030709396278446,0.0206857609128943,-0.0052538013924639
0706,0.0131776049085123,-0.0098706166070137,0.0081414929301898,-0.0086335751263902,0.0050280962288105,-0.014006138652377,0.0083758841308984,-0.0074010397509199,0.0134014962547473,-0.0050471644881754,0.0093608320993729,-0.0059254795565177,0.0066814814897211,-0.0123900050293245,0.0061307095325133,-0.0094785124083935,0.0101443235675176,-0.0106527828958941,0.0074159576266097,-0.0083045953742859
0707,0.0208539614882318,-0.0070333927283998,0.0224310820916928,-0.0006381974884016,0.0173113319509863,-0.0082676930535293,0.0249783149402624,0.0029006044747532,0.0230183241085888,-0.0025124556166504,0.0244351256468326,0.001244686920276,0.0105087049542108,-0.0142757860163797,0.0147399093635902,-0.0075979806214195,0.0184611550735718,-0.0082267604981187,0.0212281065847207,-0.0013338618326632
0708,0.019889764957542,-0.0069827476559264,0.0227762402621063,-0.0014159334447066,0.0200496484988259,-0.0053819615788074,0.0318612743679103,0.0060702901253883,0.0229341054082776,-0.0012591113836702,0.0302634110094416,0.0050055545849,0.0202249803187908,-0.0046136212215641,0.0231407689234655,-0.0013683228250105,0.0202187692682724,-0.0050823378493867,0.0281412068681382,0.0025458360248047
0709,0.0130272986678564,-0.0139640466497846,0.0172977605399541,-0.0089423875853796,0.0016552649635943,-0.0223719134859235,0.0159954961220956,-0.0084384125734889,0.0019666227755025,-0.0209152129118727,0.0120212113056163,-0.0119158219141927,0.0060729819782541,-0.0183820140215549,0.0176546677046847,-0.0084202310063886,0.0056501774412365,-0.019410569057398,0.0157507031595514,-0.0097451779397576
0710,0.0048574013314156,-0.0234920087805402,0.0080317666519026,-0.0180294934160042,-0.0004688654873124,-0.0257716068333916,0.0185142029420691,-0.0068211672274907,0.0003853953641091,-0.0248494480915272,0.0075247864980723,-0.0181975691043238,0.0008473952359236,-0.025126304343225,0.0138875549277842,-0.0136032078844301,0.0020763411548622,-0.0255958761550196,0.0126336338947587,-0.0145248551732948
0711,0.0110950539050114,-0.0204210096631002,0.0223524028460691,-0.0070896355829241,0.0081672611606261,-0.0216986325737827,0.0217446588598787,-0.0050841150289529,0.0171459344013205,-0.0164845801287718,0.0250980153527025,-0.0031039534910689,0.012357568677382,-0.0168774674298358,0.0214609363551266,-0.0042427152331122,0.0128911763406208,-0.0192598016110547,0.0230397325386467,-0.0049274706795455
0712,0.0103916592177543,-0.0266618318683706,0.0098436263486031,-0.0200554267710813,0.0086988935563748,-0.027167029936791,0.0135867676558908,-0.0157851189265378,0.0140358211232373,-0.0213682974550688,0.0124666129058375,-0.0152266634761839,0.0077966980171128,-0.0241261359879448,0.0068150821086654,-0.0196535939386149,0.0099336939990431,-0.0257634035577857,0.0107595836275771,-0.0179825357858147
0713,0.031219247321572,-0.0018895964788089,0.0287460415764881,0.0007274105245353,0.0175477856728288,-0.01108270934102,0.0258638884756676,0.0007163304314228,0.0178868144735031,-0.0095648151389058,0.0261977006230757,-0.0004121229453236,0.0193855192507918,-0.0081169736359086,0.0240063030590708,-0.0024077481482065,0.0232363271333168,-0.0075840739227809,0.0272527678031298,2.5890384257873e-05
0714,0.0249650283754558,-0.0108680884044798,0.0291107213027947,-0.0024410468703587,0.0214446119476042,-0.0132914472911738,0.0291199302474272,-0.0018117117087007,0.0244412991591424,-0.0100457335726659,0.0292406880219697,-0.0011473533756496,0.0216082614991825,-0.0098225591500755,0.0225845089947238,-0.0071175644218841,0.0242329838184915,-0.0111434517741187,0.0269423454750659,-0.0036360157105564
0715,0.0178515779849913,-0.0145701103481494,0.0251748516629014,-0.0080096525681312,0.013800720987272,-0.0178762381549212,0.0206734311045329,-0.0093536878409144,0.0098752022720409,-0.0182996876848652,0.0247525520963855,-0.0055855282940018,0.0097099617702613,-0.0189132226968026,0.0200148741134252,-0.0105865951304164,0.0131374797643697,-0.0178873262328206,0.0234422102022327,-0.0083908690291962
0716,0.0145654294653948,-0.0158426744414551,0.016122486281722,-0.0145282567038471,0.0142522391231871,-0.0190840496009677,0.0151233772756708,-0.0154646838026968,0.0245385341762943,-0.0077033928070979,0.0272357500930973,-0.006040089004615,0.0126325501136389,-0.0189648023888163,0.0198589215952928,-0.0117039991046184,0.0171208079600713,-0.0156848679015155,0.0193950481899336,-0.0123734212093013
0717,0.0279998482117258,-0.0122161173101435,0.0296041542646831,-0.0102318041539958,0.0332335471685539,-0.0094281384669742,0.02560784035158,-0.0113976526259107,0.033278910480787,-0.0043452732803397,0.032458612442146,-0.0070488728582945,0.0251747354305898,-0.0142137311288874,0.0294877396497231,-0.0096306997114754,0.0308885246012299,-0.0103619056012763,0.0296490216415943,-0.0099144002800932
0718,0.0094712619262119,-0.0238145865614916,0.0048017911656439,-0.0271528102838407,0.0142017904458721,-0.0201260292569511,0.0066871367932761,-0.0242780014777047,0.0066026535802993,-0.0246917483717914,0.0100512264423035,-0.0244872806154617,0.0050213077393372,-0.0257371129107753,0.0041538767851698,-0.0278756357552515,0.0085512238542534,-0.0243837068651523,0.0066076411906786,-0.0264183598392086
0719,0.0101187811434987,-0.0159083698841337,0.0073122722004581,-0.019605160306939,0.0135867705217385,-0.0132689845756209,0.0099599404544167,-0.0159515812349193,0.0136313997425726,-0.0105872590117024,0.019477295757279,-0.0093169203998253,0.0104931015170217,-0.0140610721164251,0.0105748842349176,-0.0161172205634211,0.011520785382934,-0.0139851650540805,0.0118813319517528,-0.0155773479987627
0720,0.0199878139625528,-0.0111795321750283,0.0191401124309024,-0.0097128358749028,0.0207256584444491,-0.0122276671885733,0.0253335701448887,-0.0052239965426229,0.0266399131598648,-0.0063149524688581,0.0331372343892684,-0.0001724572590838,0.0190988608665231,-0.0092451603163403,0.021838141459445,-0.0060814456464813,0.0227513497096824,-0.0098988087988145,0.0244912933199414,-0.0058905630357066
0721,0.0225964313485615,-0.0099158231912348,0.0244890265656343,-0.0056680265986223,0.0288261087488387,-0.0046733212080865,0.0276791138210676,-0.0045768497164527,0.0300688570480717,-0.0049218365007907,0.0374202584899542,0.0032805725531497,0.0233385329291387,-0.0054619555772523,0.0239543719699829,-0.004979420097811,0.0275902009362712,-0.0064113678447201,0.0291875429504788,-0.0031090490410628
0722,0.0123156496641746,-0.014443623525486,0.0134159596481813,-0.0124283777294843,0.0141489557573288,-0.0144935363235701,0.017981969555976,-0.0105102380507037,0.0163324270171557,-0.012747208036456,0.0258250571800564,-0.0011700524838465,0.0157283421843643,-0.0105049254237612,0.0176719051275813,-0.008502673455646,0.0158253681598044,-0.0133103525278857,0.0190781698050115,-0.0082641372601088
0723,0.0135666063250511,-0.0154491488722242,0.004661435540261,-0.0171944239266662,0.020975561518892,-0.0119872554313075,0.0112772121812181,-0.0150520020090554,0.0285926766339757,-0.0047916100400423,0.0181710293873326,-0.0072360142758639,0.021367311395425,-0.0074221056391166,0.0148415221265016,-0.0093309749074831,0.0226449745146133,-0.0099396368814475,0.0130803912420169,-0.0121340632082813
0724,0.0199317813875387,-0.0089627204344444,0.0182442629104297,-0.0100562391578882,0.0199709314669926,-0.0088239102511075,0.0207619276233724,-0.0081734321001366,0.037581289360974,0.0075048178835516,0.0257558729263317,-0.0020029508160306,0.0240505969109593,-0.0048487346923657,0.0198255421733727,-0.0077620223186429,0.0260806643460878,-0.0040221828252094,0.0221386318995571,-0.0068177159075974
0725,0.0213945716453461,-0.0082422900879728,0.0214071026549236,-0.0098253934109387,0.0148489389184023,-0.0102727131803892,0.0138368704734501,-0.0131816973581234,0.0253708147785516,-0.0049573411691636,0.0179321663227851,-0.0100842717902991,0.0183787684114083,-0.0089701799830214,0.0179885865197831,-0.0104807884946622,0.0208848183966794,-0.0083621509748605,0.0180581613906276,-0.0112081138559337
0726,0.0177544239758284,-0.0082787608329047,0.0224455144055204,-0.0053101653439602,0.0215964331779267,-0.0063431101701334,0.0175480423839987,-0.0093811123150119,0.025636106745005,-0.0022267813055748,0.0229360048373687,-0.0055420325734897,0.0193174942563039,-0.0076971058152385,0.0161271183548998,-0.0115437125287831,0.0220771632010321,-0.0062514799123949,0.019636825370323,-0.0081722152448812
0727,0.0396101714455578,0.002122694836658,0.0432896815560748,0.0058035991502315,0.03751218140718,0.0002242146783682,0.0356688976306886,-0.0009783243065944,0.0407454147307087,0.0046067088830093,0.0384177422207315,0.0023506633282733,0.039673631207408,0.0020942393001146,0.0371196909344463,-0.0001995616258254,0.0401761427168925,0.0020851067303698,0.0395344081852791,0.0018437618235291
0728,0.0320242200082821,-0.0066398943052872,0.0364116225872705,0.0004401979017022,0.0336192595600276,-0.0061349597510265,0.0338196051101775,-0.0032786863029301,0.0295682906166109,-0.0082922124877921,0.0303713145887271,-0.0047219767923898,0.032929950399424,-0.0075907700486187,0.0298869452691322,-0.0060278659674809,0.0326088884144453,-0.0074730490333812,0.0327232258841751,-0.0036615089923824
0729,0.0309475948677109,-0.0073151237008316,0.0386813352059483,0.0005394819520247,0.0315261534541199,-0.0056159236586683,0.0404289092843408,0.0032168412710401,0.0304940022928328,-0.0068388704054771,0.037261830821149,0.000230474896269,0.0258492596853576,-0.009962540417021,0.0308096523292283,-0.0057456395717988,0.0308194652666382,-0.0074016018049583,0.0370485459601426,-0.0006826830719659
0730,0.0435759791365148,0.0011988675614022,0.0474069701920477,0.0088678966713123,0.0473549237127961,0.0064605923919418,0.0467374827055464,0.008866878565509,0.0426323576911251,0.0034816349845307,0.0467944002455672,0.0087246707136164,0.0417276104977009,0.0016180103785218,0.0422816874316531,0.0035257379458128,0.0452800860147059,0.0035574337722437,0.0462726871395554,0.0074882812848413
0731,0.0338954318242424,0.000841632170702,0.0311277001992245,0.0012222136240334,0.0379872804641535,0.0045534603336849,0.0323850243178432,0.0023377282770333,0.0338073798475967,0.0004873236412336,0.0340593795075847,0.0022095862781359,0.0287177134803648,-0.0020620815463196,0.0305389504986128,-0.0013830744840913,0.0351167896459539,0.0014087686827082,0.0332873800908421,0.0014516844975935
0732,0.0478004850685711,0.0008658743835427,0.0439445082574605,0.0025792522907031,0.0517038541521481,0.0042230209057533,0.0444257950661618,0.003889172421263,0.0469932107385442,1.7692087964791717e-05,0.0455854116399483,0.0038821446417879,0.0387270075281185,-0.0054877831734829,0.0336361666838349,-0.0043918806110106,0.0486167603335496,0.0001375652358752,0.0425305475425359,0.0014990338572239
0733,0.0272508648002611,-0.0115037356219122,0.0333113724885273,-0.0027417160086997,0.0365055901450239,-0.0026504251378763,0.0337325601969143,-0.0022978081937025,0.0335612419452063,-0.0060516178938991,0.0329287169331022,-0.0045385007494105,0.0265554040149846,-0.0110820883952418,0.0251216169513403,-0.0099318170406241,0.0315559919382041,-0.0082907184475607,0.0323982268860213,-0.004692507077504
0734,0.0390779014345219,-0.0004089340796423,0.0428450176834228,0.0060855955427722,0.0404588775501823,0.0012229920809783,0.0401595231045146,0.0037429438299451,0.0336872050178683,-0.0079349156892085,0.0367989624927262,-0.0001871780641542,0.0334361529605768,-0.0065766657542125,0.0305592227998308,-0.0050411448849566,0.0378509354800169,-0.0036414015845652,0.0385159498177311,0.0012599603768265
0735,0.0242647255876264,-0.0119112096704635,0.0184209515448054,-0.0141253109432399,0.0281822709225488,-0.0100727597527708,0.0168876716798715,-0.0149526136109159,0.0270917488576187,-0.0116055736231963,0.0236876386228011,-0.0120840025901173,0.0174548439246323,-0.0188133264955412,0.0127375541233829,-0.0201121378777782,0.0252029019556591,-0.0132185661431288,0.0182123849874594,-0.0157316527612718
0736,0.0228392373314375,-0.0058609315482363,0.0267404839105423,-0.0007767167523413,0.0197387165749602,-0.0057112377687556,0.0260741218568533,-0.0024573694838355,0.0248698147374191,-0.0033272006353117,0.0275292981694405,-0.0015085285985615,0.024050970051628,-0.0052135430947524,0.0257258836186338,-0.0050573988498459,0.02289463557468,-0.0053056672329776,0.0271277210551901,-0.0025356761820161
0737,0.0418133222569326,0.0016457033206186,0.0466378149772076,0.0091007965596609,0.0405645527943367,3.025544913586704e-05,0.0424643425229687,0.0032956917720641,0.0460728436747838,0.0037207067591859,0.0513786204191644,0.0117795108498222,0.0450296495344824,0.0031466758024592,0.0443310736535257,0.0043093580103689,0.0442442429364972,0.002035119917852,0.0467126526779842,0.0070528663853179
0738,0.0484882542518028,0.0092492989253643,0.0378110741640825,0.0053368919700216,0.0441261716593505,0.0043847080904441,0.0443206037358359,0.0050168204350583,0.0469191942050234,0.0067426479191369,0.046144135111337,0.0076568950514135,0.0533130690021619,0.0105460793974631,0.0391923995556073,0.0043695909486511,0.0495234451986246,0.0079306223080393,0.0430184426314445,0.0058489413335615
0739,0.0378994134096657,0.0074347638873536,0.0404010217766264,0.0104217189977841,0.0327512872472005,0.0028609678463953,0.0348659794452129,0.0040793954132323,0.044156014320717,0.0123027016062036,0.039994649111927,0.0095250814148029,0.0397500381322898,0.0073435154285638,0.0269880394751049,0.0003801128032174,0.0400247859989947,0.0079092748497863,0.0364639177804971,0.0063159143705957
0740,0.0354403594305849,-0.0031676457047595,0.0352590855031441,0.001903127689067,0.0256532723118744,-0.0071355114895089,0.0252980888178707,-0.0081048389702965,0.0344166547813539,-0.0016511878232444,0.0281715289657419,-0.0050911252310651,0.0367418767597146,0.0003180251760587,0.0240402457182009,-0.0069284523406259,0.0334212982787446,-0.0033145334975406,0.028865681250317,-0.0046616443566058
0741,0.040208064382955,-0.0024025026578453,0.0394368411700378,0.004437260803414,0.0406340427319894,0.0001025710366856,0.035997825120052,-0.002673929669724,0.0362338786593569,-0.0036295545555541,0.0320797406012448,-0.0046056493851227,0.0418978224208211,-0.0006335362205988,0.0324803047996939,-0.0024155647734638,0.0402522857774426,-0.0023160853684353,0.0355784833475232,-0.0013618164541536
0742,0.0307905894484215,-0.0068233564134367,0.0323181419373028,-0.0019122244780922,0.0256479924101329,-0.0108768324777391,0.0298828638334645,-0.0051157632205877,0.0261528388559739,-0.0104753280433163,0.0241021116807999,-0.0097025430812896,0.0309528606143221,-0.0065058462673715,0.0267796259361621,-0.0071020546417255,0.0290353351080076,-0.0091137255360187,0.0290414358512187,-0.0060836565497892
0743,0.0249748439385618,-0.0081377859524848,0.0212736077464935,-0.0081936799927324,0.0211247054567504,-0.0138139692175924,0.0219790833240497,-0.0108600489143661,0.0173980565316786,-0.0142423498589351,0.0162105111819813,-0.0147222763270627,0.0233728882452452,-0.0092693203442789,0.0204596147142942,-0.0129352753943052,0.0212554994469148,-0.0121342006712617,0.0201635601985893,-0.0120231042187349
0744,0.0176365649499014,-0.0093821893713747,0.0235396221050627,-0.00246841175028,0.0111450154696568,-0.0152821104780752,0.0206259879927111,-0.0072973471894937,0.0147148800506421,-0.0107498501541348,0.0158328584350497,-0.0112661596283236,0.0132643909531598,-0.0140055051840125,0.0193811883513716,-0.0078916777261209,0.0148369298322229,-0.0125244723643059,0.0199328996668322,-0.0076296618995974
0745,0.0188763240740036,-0.0093614849123455,0.0207851962126169,-0.0080965662009418,0.0206962186730766,-0.010001364469711,0.0204761926494353,-0.0068099102911138,0.0254117479378782,-0.0035933695669338,0.015581807105115,-0.0114510493283331,0.0265916239658121,-0.0054412195127972,0.0162476946458233,-0.0114256278400761,0.0226370922555059,-0.0076442805061315,0.0184894466649278,-0.009644283678566
0746,-0.0005730839069816,-0.0202078400607304,0.0086132324594919,-0.0122725969106188,0.0025316132963224,-0.0207244141048939,0.0111704860837878,-0.0091971637062564,-0.0001020554085797,-0.0192918299300813,0.0066267146612554,-0.0126079411384153,0.0007025528892729,-0.021841511991952,0.0057586037315405,-0.0134279268070687,-0.0001645384641745,-0.0212602862750026,0.0077281716530118,-0.0121384963296894
0747,0.008144938939231,-0.0138597351618895,0.0090416235339036,-0.0101649500732587,0.0137476186348795,-0.0111019162067758,0.0122419809375933,-0.0086288880118309,0.0137631017510729,-0.0090299956856653,0.0055586977408489,-0.0141514008701187,0.013302859300931,-0.0100086315108188,0.0065895185559242,-0.0125821144756775,0.0119121719740215,-0.0114135655848255,0.0077485001419082,-0.0118442619630312
0748,0.0137362402958667,-0.0096785280337254,0.0127666240810583,-0.0082210643267765,0.0160487901478659,-0.0095931471684013,0.013100583724393,-0.0084508121370266,0.0121985145588066,-0.0080875257651023,0.005213121465993,-0.0142901707610998,0.0148517227484292,-0.0086869909171398,0.0083239086429524,-0.0133781974611517,0.0137835127184582,-0.0097819651421754,0.0094923486716875,-0.0115059518596907
0749,0.0133567820215686,-0.0083779575212142,0.0174730038599618,-0.0037666471160763,0.0172811504105395,-0.0052852479721489,0.0144390967986441,-0.0067242289802283,0.016555499165885,-0.0037742132013258,0.0158678103480754,-0.0064886761859757,0.0131372005153402,-0.0101316337075698,0.012966011457396,-0.0075719046172761,0.0156699601609842,-0.0067260924972905,0.0150096395426209,-0.0064032571551997
0750,0.0176616634932718,-0.0097183637386909,0.0270340823606,-0.0018090375318335,0.0147466726738191,-0.0135208631180975,0.0175725473947317,-0.0070998790410834,0.0224122325292315,-0.0067233004522465,0.0265532126381447,-0.0018345309557137,0.0151141869591381,-0.0111591447281787,0.0226080078745287,-0.0040311117269507,0.0168557249069685,-0.0109457868224145,0.0235286663260409,-0.0039987353750352
0751,0.0169149087522976,-0.0064602855612227,0.0269998355385639,0.0005230161693554,0.0178993989680305,-0.0097615919726136,0.0203232659174277,-0.0064031685525285,0.0212102446939169,-0.0036315570548183,0.0245827432071366,-0.0038732814816395,0.0116591143632493,-0.0115350012625624,0.017592534778735,-0.0070258945687089,0.0175635694426455,-0.0079031422893805,0.0231080636785514,-0.0043988021308643
0752,0.028873696367724,-0.0018015138271761,0.0358511836553197,0.0051094707706742,0.0279848755090242,-0.0034475075461299,0.0273633993089408,-0.002884377968569,0.0399328048994954,0.0077350005324475,0.0442164987719564,0.0102301992462453,0.0318190568454026,0.0019053666688699,0.031142853903286,0.000950790204534,0.0345676838671294,0.001704638247772,0.0355040950815163,0.0034604835644865
0753,0.0142635244691385,-0.0104288729469231,0.0229447037033584,-0.0026037858881748,0.0098033066175794,-0.0139575689336015,0.0163775675106742,-0.0068679812178213,0.018512123232046,-0.0035339277459922,0.0245316209890996,-0.0008801982223581,0.0114750957574505,-0.0109411855713505,0.0137836231745967,-0.0074763088684154,0.0137151020645265,-0.0100674735917414,0.0195942159148938,-0.0046885550399239
0754,0.0305281697111079,-0.0004696309235497,0.0392761551323335,0.0073868215012919,0.0300806944482135,-0.0007408494495365,0.0340535675178917,0.00264510093723,0.035525187186797,0.0065273209174467,0.045135517640122,0.0126367906366993,0.0300258427250057,-0.0006822592936401,0.0283053963479222,-0.0006493432973042,0.0325804756910594,0.0015238612527943,0.0366395660632796,0.0053092045993289
0755,0.0319815914824329,0.0060055078956566,0.036411523557418,0.0132033898399522,0.032622634337898,0.0062703586830015,0.0287683769773733,0.0035975886906971,0.0364056150796962,0.0125310714946006,0.036723057466606,0.0123791269653345,0.0308588983027123,0.0059223639213306,0.029146489476091,0.0060471192306731,0.033394023314729,0.0078934391087317,0.0327147377583893,0.0088569650017275
0756,0.0390603718616365,0.0124908614386136,0.0333942215399608,0.0076422118245004,0.0317977678224181,0.0067847440697933,0.0307408136278276,0.0047020463930389,0.040598681963293,0.0137729793364671,0.0358237243225879,0.0096796190707843,0.0378362578877257,0.0105817060673584,0.0257452556042957,0.0012829706436834,0.036606186482008,0.0106033767384987,0.0311955555005845,0.0056088987902658
0757,0.0401941415452235,0.0144369156629609,0.0340519537816927,0.0125553843789883,0.0411106164527898,0.0142803249769607,0.0383991801706873,0.0144369580683671,0.0391849952383653,0.0166397898164257,0.0388924217318016,0.0151276533141311,0.0339835557661417,0.0106814387393447,0.0300471223331503,0.0092607497421512,0.0394755964931332,0.0145238791287991,0.0359242202903373,0.0130731247433806
0758,0.0364176937041011,0.0038365064486312,0.0360621327357313,0.0057569407030468,0.0340529596441132,-0.0001857115531008,0.0333542890717115,0.0017700064346221,0.0331450876828156,0.0005170464621791,0.03279816017579,0.0018035685643236,0.0334962570940262,0.000796874686087,0.0280663732951144,-0.0012986602650659,0.0353162666167592,0.0014766604958652,0.032892556179375,0.0019938647042659
0759,0.0464988917275878,0.009865958312859,0.0446208216495026,0.0139936761181587,0.0501522392313945,0.0125648369784756,0.0428713114879478,0.0123332528990106,0.0435514077659985,0.010811200678897,0.0480659319440567,0.0158261148628462,0.0411346640138726,0.0076267467635934,0.0388936362800624,0.0101670586245678,0.0467974665364786,0.0104534051623899,0.0448019234819467,0.0135116163214126
0760,0.0322313463338384,0.0057667134981071,0.0300488052155188,0.0087518217176823,0.0279548562717971,2.1491208081214468e-05,0.0284192321335993,0.0065396058654915,0.0257383919319567,0.0012753889076481,0.0390140274021105,0.0152325987508374,0.0275938903238027,0.0030402313005036,0.0241135063578203,0.0050268405886763,0.0294676025722675,0.0025090084219283,0.0312881328980299,0.0093992522540625
0761,0.032766857507202,0.0014220557321432,0.0345076450551609,0.0041138871665967,0.0260885370571921,-0.0052602694509198,0.0303245446818325,0.0022211414592345,0.0298075326803685,0.000107488504778,0.0320890815792138,0.0030306782734815,0.0277147261784722,-0.0033642950685104,0.0336905235788951,0.0046260637836991,0.031114933621382,-0.0015225659889001,0.0331770409100271,0.003577063490302
0762,0.0382515857172492,0.0084961868345279,0.0349698178721929,0.0096202364439719,0.0277901148638286,0.0015231660002548,0.0343160854833489,0.0123829642319531,0.0394345329085317,0.0112230678750671,0.0393588914555347,0.0127469026991078,0.0387133383569282,0.0089529836851992,0.0365447648525555,0.0116632161727692,0.0369600727508174,0.0076907951120567,0.0372232658328728,0.0122454710739805
0763,0.0386688627292459,0.0049311875741272,0.0351736065805659,0.0016260075456083,0.0310485605173041,0.0010461369252395,0.0339600024214665,0.0053372015214418,0.0353879110324049,0.0036635535349626,0.0362879811182984,0.0022722811123453,0.033919219097697,0.0007101773789262,0.0354096306841738,0.0017416244184659,0.0348605517871215,0.0025123559568274,0.0361639696489274,0.0029013732382039
0764,0.032945833577888,0.0007098792564534,0.0391533869311138,0.0089314622595309,0.0208886127025524,-0.0054413844482748,0.0344154807908191,0.0079126170910985,0.033794301083113,0.0015156513949421,0.0359438656086431,0.0060300300343565,0.0331772263632613,0.0022085111212545,0.0407369365152877,0.0116786247141332,0.0301340756429349,-0.0007417971543268,0.0387340150536387,0.0090082134013519
0765,0.0416120835989759,0.003429960040044,0.0374520632924581,0.0029903562946701,0.0331086541827789,-0.001728830967591,0.0384615215541903,0.004209383894322,0.0384346940101942,0.0020152288623127,0.0348579785893601,0.0008896875676737,0.0377282187758988,0.0034602277336875,0.0372717752034107,0.0033423390177209,0.0395325948701399,0.0021106388247836,0.0375335116511623,0.0027315815431408
0766,0.0362957194677269,-0.0059521438426038,0.0333900565143229,-0.0047331784239562,0.0329225318194589,-0.007301332084882,0.0384590882147502,-0.0016437926547935,0.0390626916940342,-0.0004331334513028,0.0353498990165728,-0.0034423068331812,0.0327792936616245,-0.0082185640159073,0.0330359307612612,-0.0053597440498667,0.0354985978120589,-0.0060063479355692,0.0362471785225548,-0.0037275815251283
0767,0.0348201754563221,-0.0009426717366559,0.0398876947543845,0.0061318631339342,0.0339448552585548,0.0003668771851994,0.036812921074421,0.0073401825739303,0.0335873897029527,0.0003509412008363,0.034266205007325,0.0029193045945292,0.0337814164233024,0.0016630318057403,0.0353058982127376,0.0025433394168537,0.0355534368300809,0.0004764049156729,0.0375295635950473,0.0049730902060988
0768,0.0238276299107994,-0.010388467592445,0.0213330111670561,-0.0087738751701637,0.0298756029625171,-0.0026766837131747,0.022538757493159,-0.0053295779503464,0.0356489133163357,0.0027094262335904,0.0216278757169301,-0.0071282457183434,0.0268343042036071,-0.004693575865446,0.0174293026719749,-0.0123093573804073,0.0308624762660729,-0.0037165216246715,0.0208080513159206,-0.0086979072010636
0769,0.0260011240700295,-0.0108306019052305,0.0208035487515338,-0.0132456289186399,0.0172048110676279,-0.0152027122987359,0.01844489331276,-0.0142342205601043,0.0259147698014357,-0.0078946471140873,0.0239059723720952,-0.0100330520228491,0.0240459079761278,-0.0097321250946405,0.0156783722787955,-0.0176559860923943,0.0249863310756078,-0.0108032669535736,0.0196227558026742,-0.0141136397180422
0770,0.0259076667187176,-0.0059779864642327,0.0253287303013429,-0.0087462306551151,0.0233569326901727,-0.0089484231305813,0.0250574220193945,-0.0098145111196349,0.0282580940153286,-0.0050786721712778,0.0200293320396638,-0.0127479613328272,0.0279648479805083,-0.0030386059874188,0.019658419967927,-0.0129293518381164,0.0279682422239381,-0.0056256603286317,0.0234528218922262,-0.0111708605206944
0771,0.0277796142608048,-0.0083237232787682,0.0247140920892725,-0.0134746855508951,0.0278797397102128,-0.0071755451335115,0.0216999104927712,-0.0139200355518067,0.0312293355032479,-0.0065900328804161,0.0190513486367427,-0.0166201188006425,0.0296631497620163,-0.0037742589658228,0.0195909702961157,-0.0154765919912168,0.0309125452263805,-0.0064387836764514,0.0225955962100863,-0.014990535719296
0772,0.0313864083245684,0.0019398333818036,0.02596004492605,-0.0036014644547063,0.0313382406127638,0.0045185040592715,0.0296133237241956,0.0003318206454214,0.0319662843785066,0.0033321606740544,0.0243675995876935,-0.0044992729436703,0.0351585353710601,0.0054527175339779,0.0298231249514162,-9.14540649451488e-05,0.0331346591676305,0.0038099121118386,0.0278347187277715,-0.0020726210674904
0773,0.0254591996844615,-0.0012551158804944,0.0211137673752535,-0.0029739651399804,0.0262833089244661,0.0008118730280985,0.023918031039446,0.0012840413512891,0.0319946969704079,0.00771545885866,0.022898690463828,0.0002937655865752,0.0260542964009891,0.0035003479946622,0.0156190346578589,-0.0068572085196637,0.028743482783012,0.0026552111973512,0.0219143427705851,-0.0018585686840797
0774,0.0192877286331652,-0.0040984474385829,0.0172446300874564,-0.0066014646650579,0.0202099379152199,-0.001027260655217,0.0206306599331423,-0.0038104239014233,0.0251481579799019,0.0013602597868635,0.0178234160427594,-0.0063049811986421,0.0205061447934489,0.0005021251148933,0.019415615224603,-0.003518741819558,0.0232133665299224,-0.0002472116203506,0.0203417580841886,-0.0048797790336714
0775,0.025113430694931,-0.0057967760252557,0.022696532544683,-0.0079964818615566,0.0274079911290075,-0.0014291883123843,0.0247144029800703,-0.0044889011335593,0.0276284446075729,-0.0022073014454852,0.0215299348050149,-0.0074173539383812,0.0281271814397731,-0.0024651546821358,0.0176147635834881,-0.0100410652562783,0.0293572333638682,-0.0025844382585655,0.0231127520795813,-0.0072715718552041
0776,0.0138824513527242,-0.0106513218916577,0.0129259033429792,-0.0104334618816155,0.0243567783317023,-0.0018428602676554,0.0234979166919082,0.000295239755766,0.0195066002740513,-0.0058234346826599,0.0213161549253312,-0.0022246613614702,0.0187727004742961,-0.0032797286992806,0.0212576579819906,-0.0018207571422991,0.0204967994324006,-0.0051540469090756,0.0200545615712871,-0.0037156728777553
0777,0.0100002739582394,-0.0119848922286924,0.0036241858993157,-0.0154044133201671,0.009081551344536,-0.0103905405978529,0.0100581567099842,-0.0087770407347151,0.0001863387553699,-0.0161370901171173,0.0057616922333118,-0.0154288018073086,0.0044079407723625,-0.0144088248164393,0.0043015839676336,-0.012972974950412,0.0067742690204692,-0.0131388734211341,0.0059672718727627,-0.013475834957198
0778,0.0205947182610093,0.0008115597545928,0.0159538939375164,-0.0015359211639088,0.0145282565285149,-0.0058003795712289,0.0210234572203848,0.0008473355053839,0.0123612727092384,-0.0077968966634798,0.013060004639344,-0.0071549353718681,0.0072962007133947,-0.0093450404580783,0.0097117819183744,-0.0075279731823291,0.0141021007042286,-0.0055779386093393,0.0153821251034481,-0.0038893002173498
0779,0.0083990749052588,-0.0083174508321381,-0.0033522621798119,-0.0131825718143641,0.0039533340079198,-0.011542719887217,-0.0012934254812413,-0.0122024734121265,0.0012343801935143,-0.0149045361261297,-0.0023961155232403,-0.0147336982189862,-0.0048457565966468,-0.018008460916694,-0.0043479620346412,-0.015283699118767,0.0015752254178648,-0.0139167018835627,-0.0026480564143052,-0.0140564207255837
0780,0.0109966163056257,-0.0077541347134084,0.0022278459428405,-0.0145141234032803,0.0069185221979482,-0.0095482063691287,0.0038277186410265,-0.0117651100850697,0.0079774926087043,-0.0076987918153669,0.0081063502752877,-0.0107696502390651,-0.0036726774399112,-0.0180208801843654,-0.0022017087081936,-0.0172959542119168,0.0053158259642926,-0.0112345407607956,0.0036471271673388,-0.0134883502441726
0781,0.0223346896728322,-0.001881138364723,0.0167290796571752,-0.0070290612942213,0.0154764236337058,-0.005395540117897,0.0138803417759682,-0.0070163726853094,0.0169492909910724,-0.0038240109019303,0.0197001553145285,-0.0052091251330341,0.0127607218939953,-0.009286835965075,0.013193129310571,-0.0083363026665517,0.0160889043325855,-0.0058666588469396,0.0170762331870083,-0.0065575488093926
0782,0.0257100364932449,0.0003327003156518,0.0201333298622961,-0.0042825716479727,0.0235391385413851,-0.0035812221433025,0.0200187408687267,-0.0053493953368113,0.0201618618780613,-0.0045203694701118,0.0201933363306281,-0.0035975827630985,0.0155456567428272,-0.0068497770771553,0.0179170473504522,-0.0056723879762097,0.0221522009822295,-0.0037412917784705,0.0198814550276744,-0.0047827684882768
0783,0.0374179196814635,0.0044372083836345,0.0247527254773682,-0.003986707657316,0.0333784051519731,0.0003675231054853,0.0199668299561775,-0.0069063010606738,0.0310113653169773,0.0002248304063821,0.0290447057077535,0.0001724571763397,0.0311393212884427,-0.0002731399951095,0.025356472779171,-0.0054607380969481,0.0338775145634418,0.0010879437742982,0.0259836984674339,-0.0036984431652552
0784,0.0366554102371756,0.0142695484279592,0.0295419773265293,0.009092429116894,0.0290217611187108,0.0091811561419351,0.0281471940527464,0.0088208466859938,0.0299273469276585,0.0090823187829003,0.0338320895386319,0.0128374828755766,0.0297661420112566,0.0057938454048487,0.0322798090944688,0.0086224315630565,0.0324548092187251,0.0104199987756483,0.0316249875583524,0.0101924535095881
0785,0.0359540789163756,0.0148437433463804,0.0304341416663919,0.0110120062503097,0.0327402455081703,0.0110595758083071,0.0280839279306231,0.0093637269949319,0.0313803920113655,0.0110034230235745,0.0341188261492473,0.0145260924363194,0.0324262175691743,0.0129852709006399,0.0318746151526545,0.0130906340016847,0.0333517112289265,0.0127781952983717,0.0311332471778284,0.0120539552683024
0786,0.0197945419464888,-0.0015723043144435,0.0201906266846966,0.0011442856728207,0.0142930836400762,-0.0054297939062311,0.0148017898724702,-0.0021293777959302,0.0245250905002733,0.0030447469243709,0.0271046870081965,0.0082277249888843,0.0240603519787398,0.0035937318358071,0.0195593363929342,0.0033225247205784,0.0209492564558143,4.912029936752937e-05,0.0204526105137065,0.0026882343728005
0787,0.0334608293757911,0.013760053719627,0.0378063584495927,0.0172362907263166,0.0266741000076308,0.008147500912894,0.0325213039162882,0.0132219924163837,0.0302680489790193,0.0134263687848214,0.0433604318901805,0.0220765800200448,0.0359360129685667,0.0185798044590918,0.0405962147916529,0.0214847897395512,0.0324261730540287,0.0141442891737224,0.0399386229583418,0.0192812986139132
0788,0.0284684930101549,0.0093655723509162,0.0287272606101645,0.0093595753974818,0.0294781976340791,0.0081544700399956,0.0285155273894895,0.0066957044208314,0.0303189574227036,0.0112200524449848,0.0328703835798576,0.0094781124564287,0.0316874666558734,0.0112274893093682,0.028082775681568,0.0076576523016959,0.0317323381766419,0.0106464753489607,0.0295717728805176,0.0082238609785387
0789,0.022836862458852,0.001956687352944,0.0248955743627106,0.0038547322084765,0.0159470449864952,-0.0041133078107246,0.0198873959316983,0.0010680080533496,0.018942347100581,-0.0014804306545081,0.0276059420746865,0.0073057193606729,0.0245801006507146,0.0057815649702905,0.0252037983837976,0.0046740543749998,0.0219423411897001,0.0008310340962389,0.0250289684078984,0.0044719033399119
0790,0.0277093245415191,0.0029990829901016,0.0273397153091332,0.0042218934353767,0.021704824324864,-0.0019897126927937,0.0246952562544054,0.0028307812261134,0.0213780343061888,-0.0009447116990853,0.0299060310499308,0.0067040123484081,0.0239470492989824,0.0019955833612889,0.0249527608215877,0.0029956733394055,0.0250922567416571,0.000800447297956,0.0278695140384466,0.0045549840539969
0791,0.0510348569783729,0.0184859344091059,0.0545249969247061,0.0230601870187205,0.0555700001256956,0.0224133833343317,0.0538856350314767,0.0219460509875569,0.0489660004536293,0.0174729885925786,0.0552250770560916,0.023652672728287,0.0511521740728588,0.0176284461019548,0.0549799542605421,0.0216599454520479,0.0535647476880604,0.0198260060860642,0.0562485034554491,0.0232415143889704
0792,0.0460828731070397,0.0159748626985988,0.0493284690972509,0.0204195904543857,0.0529619368983827,0.0225520054412249,0.0437007438371807,0.0162300789619337,0.047284942502694,0.0196750694390153,0.0462716472777175,0.0202730781693115,0.0519794702969334,0.0199214066201985,0.0516787661442179,0.020126637347459,0.0515342673783429,0.0204200462880977,0.0491248596965714,0.0197488508952677
0793,0.0326511201181967,0.0041326910118647,0.0356643982641306,0.0085045184160895,0.0375406879052677,0.0102994456338586,0.0327301577904209,0.006683659443487,0.0319294502278022,0.0052000744475745,0.0356213525006438,0.0093421626379551,0.0337565188401111,0.0046390533195534,0.0337522717134009,0.0064117738977689,0.0366919300813486,0.0067289245726798,0.0364356549193867,0.0081755507908935
0794,0.0338522283726567,0.0029703386021641,0.0367400827517286,0.0090308739863487,0.0314642103418516,0.0028165321127158,0.0307328236496218,0.0044469803766445,0.0271419555026063,0.0019000976776263,0.0347682091553021,0.0093753352137166,0.033769048727569,0.0031070646506886,0.0337546865323458,0.0068667962308042,0.0332087973219367,0.0027938279528875,0.035186435072505,0.0076388035440921
0795,0.0260798181185515,-0.0003392873447598,0.0304701026887017,0.0064038853497592,0.0315900686706023,0.0059124590414106,0.0274197655000948,0.0039784800025629,0.0262032481647374,0.003485182056544,0.0321525171705212,0.0104196269176751,0.0289772763954672,0.0029373787722839,0.0263850171903551,0.0029604622936625,0.0298580928661126,0.0034046343680397,0.0297583405884718,0.0059269331505444
0796,0.0201635619760259,-0.0068508510926831,0.0300884429901954,0.0032265591131114,0.0298720009336678,0.0007672673085663,0.0360368753168603,0.0080365722226077,0.0291191917206193,-0.000801248423145,0.0388854451296908,0.0100658897064909,0.0203486846174265,-0.0050556616445773,0.0292350399202504,0.0028864443941827,0.0263670292252325,-0.0031176904494352,0.034725396388316,0.0061403587132841
0797,0.0205758723065795,-0.0085563692598751,0.0196788882957356,-0.0042983035557618,0.0256391991545505,-0.0009614085066347,0.0259820962079848,0.0004107602775912,0.0211029883651381,-0.0053639174739283,0.0263410131922055,0.0022998811874746,0.0149295178066576,-0.0107660562091569,0.0203789124813647,-0.0037874323462136,0.020550405459918,-0.0068809573758407,0.0236166974149783,-0.0014405363910459
0798,0.009633188553665,-0.0175128910510205,0.0110409271417151,-0.01576788640796,0.0169672043959924,-0.0113154729381086,0.0138682582326307,-0.0103378714110776,0.0120418833459067,-0.0144643112186193,0.0178165285594895,-0.0070069545540009,0.0109371541928002,-0.0163165759195253,0.0144960065632592,-0.0112373847924299,0.0116688420828848,-0.0160410364107792,0.0148352939674867,-0.0112260480586307
0799,0.0106218724824322,-0.0204057730850671,0.0121521743664013,-0.0167276957182592,0.0207272789662192,-0.0111226513430182,0.0188707311555044,-0.0083075337761732,0.0169958640315648,-0.0147755479261799,0.0231043476877314,-0.0069606464933048,0.0114340917134343,-0.0185523166869733,0.0150267823771678,-0.0153491936766347,0.0157794665011809,-0.0168211967123433,0.0177971893250484,-0.0121514350558148
0800,0.0293040525088436,0.0023807332318678,0.0305224386672722,0.0030508507592519,0.0344074325333773,0.0064723671218229,0.0329443059463203,0.0091143989404517,0.0326358402047064,0.0061910136151161,0.0370868122181997,0.0109267717098508,0.0333479711936644,0.0073141511926176,0.0341143875556661,0.0062484630972768,0.0332225583994947,0.0055445666695452,0.0350760968550664,0.0077369849796821
0801,0.0280170047781654,0.0038683864541227,0.0225137167668447,0.0005742025793692,0.0352785396701402,0.0086378790439212,0.0297683849404614,0.008932430596102,0.0390880473751632,0.0150416035809327,0.0307284544228933,0.0106975927069075,0.0344485657971167,0.0108165796445892,0.0291790374863601,0.0078594320415937,0.0340088891587384,0.0094962853539335,0.0277586905970147,0.0068321920347531
0802,0.0166325433237477,-0.008173508036451,0.0110768649190208,-0.0115838371138305,0.0191070725925133,-0.0051563430894081,0.016784668630754,-0.0064136837194998,0.0125989452050363,-0.0100115059694372,0.0170976743443946,-0.0054458198532609,0.0204996768943315,-0.0039067169904765,0.0207223126223842,-0.0037775155041181,0.0174213759925843,-0.0071479079619723,0.0174891175167391,-0.0067605926016258
0803,0.0159090279658263,-0.0121202984775518,0.0210104944751456,-0.0108995311971796,0.0171706296501578,-0.0116555351165153,0.0219530188827572,-0.0084567705107997,0.0146982056981139,-0.0129586048612681,0.0207032602953937,-0.0073120129268693,0.015612237459946,-0.0124360526715698,0.017752550660732,-0.0121214832619858,0.0167104953519466,-0.012554875406096,0.0211036724767734,-0.0098111734441314
0804,0.0137020579295072,-0.0118954516065882,0.0179714942108757,-0.007218648062204,0.0129757182867966,-0.0118434618637638,0.0189509481015951,-0.0038516529494353,0.006956186448988,-0.017751046713079,0.014977934043155,-0.0072701918910123,0.0154435645402796,-0.0120996594750698,0.0168377007666703,-0.0085020768860412,0.0120809681813656,-0.0141050255120349,0.0173561345523962,-0.0070005447079018
0805,0.0169748414406513,-0.0056336914627777,0.0201444812162067,-0.003198731371174,0.0153960280952582,-0.0058125170428446,0.0166402193341976,-0.0042627496892433,0.0116801516213048,-0.0100605542177226,0.0151085299173266,-0.0060385022889058,0.0188413568634877,-0.0036721943556538,0.016451500724002,-0.0058494080535529,0.0156886999172124,-0.0066068267935378,0.0181746830420591,-0.0045564541244269
0806,0.0104925944150384,-0.0092318799517489,0.0144635620255209,-0.0046906989553576,0.0079242834215712,-0.0119032770010121,0.0119863738726591,-0.0063841081407938,0.0003062978247175,-0.0147166381279101,0.00647337178367,-0.0102208878291554,0.0137348786665959,-0.0046326781363639,0.0076435393566277,-0.008310168065515,0.0074876535751976,-0.0106438973487019,0.0104287454976136,-0.0075029637972173
0807,0.0246738917758067,-0.0036656349495857,0.0240741531112601,-0.0030959762336984,0.0215809074812975,-0.0048522574182669,0.0261197373086089,-0.0002274192945731,0.0212243743915821,-0.0047005356377289,0.0248739586596036,-0.0013004613287239,0.0313046120331665,0.0029730409637642,0.0200959998314481,-0.0066727840224179,0.0258163816844456,-0.0026045251379696,0.02440449800493,-0.0027386527223987
0808,0.021068886709105,-0.0014400812416351,0.0223448211589,-0.0017064958446881,0.0176081727403652,-0.0039156230605241,0.0224728020154497,0.0015591497526838,0.0140704617572165,-0.0048218006775159,0.0203680050960096,0.0002005773175661,0.0170327958317273,-0.0024017509832869,0.015320161410728,-0.0050182703791277,0.0182139002262962,-0.0032144203847867,0.0213347947944131,-0.0008489287804474
0809,0.0191044943058025,-0.0018872953453141,0.0134581793377321,-0.0049182614481795,0.0126739570150246,-0.006202546549698,0.0167531731967816,-0.0002227616896016,0.0172353454253008,-0.0055299048773735,0.0149492142055425,-0.0031209540901859,0.0187891083118123,-0.0005829439602474,0.0159773162565039,-0.0028785100765709,0.0178983837895582,-0.0033454586957679,0.0159272721140941,-0.0027041840822942
0810,0.0218735167245305,-0.0025369481791646,0.0192623530430186,-0.0032256388409917,0.0236640645298106,0.0007044396563817,0.0193785916713412,-0.0005741276083844,0.0188553736888255,-0.0049283615756435,0.0165715933584288,-0.0036890989848467,0.0228466965727834,-0.0004458878709786,0.0165867812446888,-0.0046621395654137,0.0229216536465564,-0.0015227792594183,0.0179742238046914,-0.0031737029387939
0811,0.0217141744072463,0.0028871608399427,0.0133252852170517,-0.0027359188747097,0.0182023247001662,-0.0010406172680081,0.0183873553636944,0.0012026557985804,0.0155243455031115,-0.0026664309713831,0.0120519559467393,-0.000259289975385,0.0223606248580494,0.00498046062224,0.0117119524788845,-0.0019585863792519,0.0201348516855966,0.0010263611995169,0.0137404259466689,-0.0010355392921883
0812,0.010320926035128,-0.0093677542251696,0.0155925903069994,-0.0090065781787926,0.0082924163330375,-0.0094311084417756,0.011494423316453,-0.0095983807280891,0.0012475794757894,-0.0163438999477594,0.0074811679948549,-0.0115802651544722,0.0175566220855033,-0.0045933340592682,0.0126931996275142,-0.0102209371935842,0.009626873577999,-0.0102171449403085,0.0117330266515146,-0.0104684155841887
0813,0.0251508349707408,0.0012015353657281,0.0234890845462215,-0.0006451263371752,0.0190948818387204,-0.0036008699729281,0.0215380262804976,-0.0001219783306785,0.0117604588079327,-0.0076087230781319,0.0202110816037221,0.000257244351657,0.0210936454773726,-0.0006672591263201,0.020196369210033,-0.0018782599846477,0.0201261643625371,-0.002827713943536,0.021835427228108,-0.000755779548579
0814,0.0078125638635826,-0.0035951101325234,0.002908930865783,-0.0095683272734145,0.0070062896142318,-0.0074674256346092,0.0026509172606709,-0.0096389544249411,0.0047140159467669,-0.0085154429592725,0.0023929752505148,-0.009752256362818,0.0107913748330057,-0.003605229604344,0.0044136211442742,-0.0066441845883194,0.0083177650562657,-0.0057160223290922,0.0040322433749753,-0.0087301795831218
0815,0.0057862632719884,-0.0044048199026933,0.009464782088497,-0.0037851051925503,0.0047183041496189,-0.0081164104400684,0.0059593971646787,-0.0064455920659093,0.0080648500625151,-0.0050004008948813,0.0095721675606731,-0.0020466948943139,0.0127931292007521,-0.0004149662121225,0.007204858396801,-0.0053518380487504,0.0064803952977226,-0.0050626941710704,0.0086621637818649,-0.0042915200375504
0816,0.0024513817940707,-0.018590397716404,-0.0026294732067201,-0.0225967942407486,-0.0014177729017857,-0.0206035156801608,0.0001467284735732,-0.0202564882737769,0.0031509954552489,-0.0173721317121588,-0.0020712339684809,-0.0207915210476013,-0.0004250912656528,-0.0195331622293668,-0.0058818231912428,-0.0227619514411442,3.4167298654856054e-05,-0.0199974601829886,-0.0019225601163944,-0.0217229882733563
0817,0.0022487832514147,-0.0166637973231681,0.005566743233428,-0.0131090721860362,-0.002599078299642,-0.0218577909366165,0.0049387397480203,-0.0134810537051022,0.0040855272553905,-0.0158533165702105,0.005358766262443,-0.0114923457033571,0.0087921214503897,-0.0088744882875395,0.0023797625221643,-0.0137600933084228,0.0031439308267119,-0.0165035317046375,0.0045490279026159,-0.0133783471665236
0818,-0.01347116491127,-0.0317073017660158,-0.0119610063281165,-0.0286494989313735,-0.0143963464635615,-0.0335684848352863,-0.0127142571836854,-0.0276926207834967,-0.0025864068960467,-0.0250358861156356,-0.0097856238662941,-0.0248161389665785,-0.0099134393830859,-0.0277135511066178,-0.0115937528756503,-0.0262421289690039,-0.0108789218119882,-0.0304589754405652,-0.0124139659068305,-0.0276436163515394
0819,0.0016106876406585,-0.0208467880291212,0.0078498881838611,-0.0121623542254604,0.00274669332024,-0.0196750901729553,0.010413941272957,-0.0103716670618719,0.0096563280155935,-0.0153371290533794,0.0122610187982142,-0.0078369895854886,0.0032113304964922,-0.0176647945018338,0.0095343089695458,-0.0096205104967015,0.0055258607931249,-0.0186010297854836,0.0101882874313972,-0.0101347924303009
0820,0.0087832754324416,-0.0147713581638222,0.0109847172817711,-0.0073267899242645,0.0110141986706201,-0.0132832651444438,0.0121643865476708,-0.0070690970330061,0.0086481478726831,-0.0167600450940523,0.0080785222592761,-0.01100451383317,0.0045695385758373,-0.0184123174554298,0.0154436791796972,-0.0050313922146448,0.0095947879608205,-0.0158368757687068,0.0118621934180713,-0.0077712014312328
0821,0.0067488094671582,-0.0168624818180677,0.0121209804422441,-0.0087390698349628,0.0036980242411537,-0.0207225102255367,0.0115535658547994,-0.0091068542830587,0.0093265685710199,-0.0152931112698742,0.0107383363222481,-0.0103678618209433,0.0033974520180142,-0.0212187638303854,0.0114922385256065,-0.0099296034864215,0.0070830801068776,-0.0190153681214336,0.0122146162684817,-0.0094032440409017
0822,0.0027070246332436,-0.0173699250508978,0.0031750626098117,-0.0133609155603244,-0.0019717168338325,-0.0234654750817886,0.0050625093709877,-0.0129346484807114,0.0019004133879692,-0.0196854142325706,0.0020222025888058,-0.0142935814966237,-0.0037549798512051,-0.022895679708883,0.0038855179743506,-0.0145155854266823,0.0004980322563317,-0.0212964734928404,0.0032679519869244,-0.0142403767331804
0823,0.0184590621571688,-0.0073189475152922,0.0227827169589831,0.0008622482869622,0.0099696864337185,-0.0139551781951493,0.0191070871669964,-0.002688586714091,0.0096462629011879,-0.0135022884557304,0.017401776159099,-0.0032920832446506,0.0096078039873101,-0.016323578499814,0.0218855759438928,-0.0008333305044204,0.013096478161027,-0.0129453437449754,0.0206509412978622,-0.0015402524649104
0824,0.0141864149458041,-0.0108385456327782,0.017877712799734,-0.0038404082194377,0.0071334367571604,-0.0165771534981894,0.016525856617786,-0.0055161903969999,0.0029375612577716,-0.0212462048874643,0.0124056673569122,-0.0097438658091193,0.0118559980179302,-0.0142463810278543,0.0231622837514879,-0.0014367983594591,0.0094791926953041,-0.0160911647360983,0.0176047261599246,-0.0053905462410892
0825,0.0222460426269414,-0.0026338673138487,0.0253861084412788,0.0014657669248567,0.0185961354016483,-0.0082149144739609,0.0248783927936853,0.0017295997493069,0.015814610015401,-0.0099732741888192,0.024740388548702,0.0015086175878781,0.0178343811547552,-0.0098640289390276,0.0270635682069047,0.0033153529322685,0.0203504541787192,-0.0073835426315942,0.0253863484666611,0.0017927984935748
0826,0.0127806773600624,-0.0085961602356385,0.0172331266474496,-0.0027635001780608,0.009252511151869,-0.0131521072068485,0.0200246251615363,-0.00055840023258,0.0094450391098383,-0.0102144426708255,0.0204583500717396,-0.0005705861636388,0.0055299116618772,-0.0131707262257828,0.0198272085469055,-0.0002071242071232,0.0093790121247992,-0.0116091382705427,0.0195103360443564,-0.0010683831963699
0827,0.0146148588931849,-0.0046394808785638,0.0173555766279583,-0.0013606497725185,0.0067568977738514,-0.0087263865058622,0.0168104986280293,0.0002293477832356,0.008697370992919,-0.0061587646108486,0.0226714680934531,0.0057633323904859,0.0133235136562007,-0.0039864859919166,0.0177169253712134,0.0029176640470154,0.0111842777798221,-0.006226571909552,0.0190340910346063,0.0017914498265532
0828,0.0223474657683348,-0.0031505709928796,0.0269005932080084,0.0047159945638751,0.0200714626593437,0.0012494662139369,0.0213155239548615,0.0031883871987575,0.0226250292412285,0.002610152383358,0.0260906899603005,0.006993163580805,0.0256464120611657,0.0038117334826622,0.0273442812106846,0.0072112984840739,0.0231135428526684,0.0009605865267027,0.0253908724297727,0.0053433625657708
0829,0.0474765796325596,0.0113439066807565,0.0426931530935421,0.0112187769493548,0.0392533838472786,0.0082198801522284,0.036129884718746,0.0078043228159341,0.0438966578763148,0.0099651014806335,0.0418380008204495,0.010593921531374,0.0430438801005099,0.0111469762903323,0.0434110727932771,0.0128930334293613,0.0448332985037493,0.0103719300864623,0.0413844784965933,0.0105250346063842
0830,0.0375504058828435,0.0148770756514361,0.0361021667493258,0.014371061354062,0.0371729563256249,0.0162589023015276,0.0368950082530226,0.0172701837097999,0.0460630563496786,0.0220940890707589,0.0365169039459533,0.0162813440979198,0.0328333688605589,0.0139086006245796,0.0342935963209428,0.0153797849147306,0.0408837600898938,0.0178757365242122,0.0362108390536573,0.0158351879725046
0831,0.0293264237489718,0.0088067184285226,0.0305950538568399,0.0117096361776184,0.0276492189521767,0.0102537651358667,0.0334038003584991,0.0144469111870924,0.0366270765264184,0.0156523243264183,0.0376587856389941,0.0158477184519673,0.0236185971986439,0.005875192835054,0.0327588290840335,0.0126429863235262,0.0306109860035512,0.0105289573979538,0.0347691104985474,0.0140209817541645
0832,0.0464345820506909,0.0266456522882424,0.0429729911997812,0.0239486850176907,0.0447308105426134,0.0247846221280739,0.0452181922069165,0.025380787752983,0.0461985073078132,0.0238405607746978,0.042277956355924,0.0236275641370012,0.0389100922982418,0.0188999916312755,0.0448699097455327,0.0234351864154565,0.0455503777305012,0.0242402694819849,0.0447624923217356,0.0243149842448769
0833,0.0436822025621053,0.0171664353234849,0.0414992826343302,0.0175929315892543,0.0434888190531408,0.0192809524034941,0.0414334771626375,0.0194191575201894,0.0448028201324103,0.0170025046200173,0.0440515047064925,0.0210559513162718,0.0346817420272819,0.0101591354661512,0.0394934919255716,0.0147705726895789,0.042314930012214,0.0161822974589494,0.0415954891392479,0.0182643011873915
0834,0.036403081395447,0.008320420930813,0.0302206739592771,0.0097518947375248,0.0389059554077325,0.0123234934810169,0.0298364912112129,0.0091238565741646,0.0324789786734976,0.008066891270014,0.0247860715062825,0.0057839710754814,0.0238907942746823,0.0002260458332913,0.0255307841767094,0.0052788611427449,0.0324680000239378,0.0066609136368467,0.0279449110346903,0.0074627653440765
0835,0.0596760925850184,0.0277075952657701,0.0540757205203085,0.0288262932111357,0.0536733771308261,0.0259071812264045,0.0511144205704104,0.0290241481165147,0.0585650555169134,0.0272697367444988,0.0536173369018657,0.0283466520900916,0.0489177480596429,0.0190686469511213,0.052510378259746,0.025945301248121,0.0566696334738782,0.025532261805314,0.0538930793488699,0.0283806774803678
0836,0.0392399677255213,0.011815470660482,0.0420386876310297,0.0160165784381881,0.0352052308901383,0.0122312024687327,0.032587281797724,0.0115336271324209,0.0395192830043594,0.0125433577375861,0.0409318173081658,0.0167743045228807,0.0343868674881654,0.0060718447930337,0.0374936973639464,0.0127624551710245,0.038104328093607,0.0108018598911546,0.0389707999178983,0.0145146991395462
0837,0.0219464618917317,-0.0005430875623204,0.0264588404288042,0.007495337883768,0.0314541672627427,0.0105078770991704,0.025113495324159,0.0067617632024604,0.0283194632229625,0.0038208151367267,0.0243938099729027,0.0067495287909268,0.0233768641681283,0.0011265221328907,0.0247190469332965,0.0049075949780825,0.0256233132710231,0.0035278324268142,0.0260527754606284,0.0066852956155284
0838,0.0107292276610372,-0.0134216843895303,0.0245994824637394,0.0021976881949189,0.0186906566004662,-0.0033828858580094,0.0242174561505038,0.0043680470604982,0.0234434360166854,-0.0009949036128279,0.0236088412777461,0.0048685915437888,0.0192211090013637,-0.0070371626807186,0.0239412350673486,0.0017385498128236,0.018182473804905,-0.006640577553506,0.0245750316885857,0.0034082634544625
0839,0.0198496963074768,0.0056473181275895,0.0208817981274647,0.0086719961199515,0.0178542845786655,0.0060244884697357,0.0171527225739704,0.0072592276995376,0.0258897411948375,0.0115656379280233,0.0171519794530005,0.0065146041173392,0.0178188119045015,0.0050935817157389,0.0163595341139269,0.0040388158692052,0.0204321535016143,0.007106359400258,0.0182135361885869,0.0068390170027392
0840,0.0183139815627343,0.0031297599105847,0.0205307454424315,0.005208125449965,0.0190656468772493,0.0052971108037074,0.0146973671185021,0.0014207610430851,0.0172546121916769,0.0032977918409272,0.0160777193200174,0.0036180871764478,0.0176013648847611,0.0028146147184595,0.0159006726894867,0.002241495564202,0.0179176698313538,0.003440126081267,0.0172537377907012,0.0033689539657498
0841,0.007067901788245,-0.0077331157468167,0.0132867422228465,-0.0032770703533402,0.0081386067813763,-0.0079883914101296,0.0116701976445444,-0.0053634494651449,0.0019220049900523,-0.012369172472671,0.0119790134082841,-0.0057159507083421,-0.0007210433424671,-0.0151161003070767,0.0082152892657953,-0.0091744168716487,0.0045614772022775,-0.0109409939581173,0.0113339411045701,-0.0061832629529735
0842,0.0016938026254992,-0.0177204602589461,0.0090591240761728,-0.012405779841027,0.0029034025046737,-0.0156605660352867,0.0032404264771885,-0.0172132954534499,0.0025661476801883,-0.01639343659261,0.0075591429953719,-0.0135196573413341,-0.0030812365751281,-0.0224299473069318,0.0031655432289163,-0.0172351771648672,0.000543838712984,-0.0188521093335313,0.0057113820992312,-0.0154437205503658
0843,-0.0008692987890612,-0.0204475002812136,0.0030495942940753,-0.0176858490136251,0.0027015648478846,-0.0153734485256376,0.002308811111602,-0.0192706270472159,0.0014926654720214,-0.0158714901011106,0.0070288209721035,-0.0155228233046997,-0.0077897630460773,-0.0240023236331172,0.0014295120779583,-0.018078845249018,-6.47947286813669e-06,-0.0191175546281539,0.0038952651972117,-0.0180218628110272
0844,0.0067009655944922,-0.0078389206320048,0.017844177424904,0.0032166835402131,0.01797990150886,0.0013877631042404,0.0208334609205001,0.0042530277669339,0.0055379093410397,-0.0098210608693647,0.0175958706817768,0.0011961961498343,0.0050867840934635,-0.0071841082801772,0.0202557488798318,0.003782102737569,0.0093393630681888,-0.0059785802788644,0.0201954006777012,0.0033306645557831
0845,0.021761557829178,-0.0036173567729904,0.0251033851531735,0.002702350005355,0.023546169818837,-0.0024222414381338,0.0244259201911188,0.0019470049083178,0.0163387026324603,-0.0079174153381854,0.0237629710017056,0.0008464456761891,0.0108037088456088,-0.0106642554013731,0.0198139425185155,-0.0018637162564926,0.0203921816117909,-0.0058490495816385,0.0240662067283435,0.0009631930036256
0846,0.0090898945376468,-0.0190441085923559,0.0212587572747262,-0.0058239904494481,0.016333651845857,-0.0120010802728081,0.0194139184237981,-0.007766784554911,0.0101487095994407,-0.0162752630507185,0.0220175856828001,-0.0045433695342686,0.0030782859255838,-0.0239135554057543,0.0150921986710182,-0.0116355160665922,0.0101592988625835,-0.0184753207257617,0.0195719963064974,-0.0078718087469269
0847,0.0094849081305472,-0.0104968572051473,0.0147994757455392,-0.0061634601456986,0.0175448969462051,-0.0048926458624163,0.0226242600500552,-0.0020146062222042,0.0090263798667802,-0.010829114509033,0.0184703716049063,-0.0030071404810466,0.0095366402273902,-0.0102342651189175,0.0202339163385151,-0.0032692948612738,0.011961298516996,-0.0093143757004216,0.0194387139374536,-0.0038054155024445
0848,0.0156605157556001,-0.0062220626978836,0.0225040375747168,-0.001502724208396,0.0227506563100821,-0.0031623097890611,0.0219618398926127,-0.0032785307761383,0.0236123337125066,-0.0015467501541897,0.0243916589120311,0.000483656124336,0.0196473380938768,-0.004844183296172,0.0257305719628175,0.0010332313945899,0.020848472700545,-0.0043004063806573,0.0243069686073132,-0.0008838540116083
0849,0.0110754513559305,-0.0168803397112633,0.020042878384277,-0.0075115996793195,0.0179423315882648,-0.0136548704891411,0.0165817413666933,-0.0095704961988263,0.0179930419461894,-0.0102116849554543,0.0208237314283989,-0.0054962274336623,0.0141651553296625,-0.0117626666627184,0.0157576822527478,-0.0100559872840881,0.0154304907429515,-0.0136986019993347,0.0182443751962261,-0.0084939992224255
0850,0.024274517717354,-0.0067578607836804,0.0218172164821327,-0.0068173447692788,0.0270867237171414,-0.0067493050922505,0.0223129557499885,-0.0060618174208818,0.0295139294342655,-0.0045034376600994,0.0218266859552324,-0.0055807491504064,0.023419949905584,-0.0086797257882552,0.021478553776977,-0.0070317406398263,0.0276564538065634,-0.0068582067902231,0.0224587679477751,-0.0065419111601753
0851,0.0079867048577069,-0.0233654103783137,0.0068519155086534,-0.0212174083516627,0.0110746477860309,-0.0214913730650885,0.0092292394868327,-0.0179226136754934,0.0128446429437068,-0.0178107325043687,0.0095966128376353,-0.0184496064330097,0.0144010942562499,-0.0176100796208382,0.0153766938708057,-0.0122887570940517,0.0126139066821112,-0.0206002862248208,0.0094780528102611,-0.0183755638736156
0852,0.0308788901497312,-0.0049468847124691,0.0315878485764075,-0.0002870923214304,0.0292490542251524,-0.0047932357650845,0.0323423575997572,0.0001688281018822,0.0278271870345278,-0.0045389065005443,0.0350459809834608,0.0033312632296305,0.0285047001130784,-0.0033657419804881,0.0338407709674851,0.0015574162996451,0.0309614520940183,-0.0043650174764689,0.0336719981202428,0.0010198356434151
0853,0.0180095542297065,-0.0129310109612727,0.0191064506632425,-0.0086530386494156,0.019324884538607,-0.0110099675693041,0.022872645968648,-0.0065075078880163,0.0192988059160086,-0.0096634261725999,0.0251640763776461,-0.0040250799160917,0.0200659361291731,-0.0084532118302975,0.0220306754787916,-0.0054783192525352,0.0212226129214948,-0.0103820498727462,0.0226192154713333,-0.0064341185474236
0854,0.0097060853316711,-0.0191852391612597,0.0109057760320969,-0.0162111235192247,0.0078181829256416,-0.0196909616936169,0.0191283294271301,-0.0087423562818374,0.0115062725088494,-0.0160542035707159,0.0155821549808492,-0.0107382073083071,0.0035434987522367,-0.0223700546566661,0.0091424693008577,-0.0154153942570421,0.0095483312524416,-0.0196935598851569,0.0140215616370544,-0.0130961051992498
0855,0.0242821283983131,-0.0049805174728773,0.0252212906047666,0.001712528012189,0.0302335062072776,0.0018327622508398,0.0307920352882253,0.0048855105629103,0.0308142263140106,0.0026686748440554,0.0312126412576994,0.0074349982359223,0.0244334377072554,-0.0011847296805199,0.0258212096251052,0.0021787439142601,0.0289031460721838,-0.0001136322873164,0.029009097077768,0.00415290007101
0856,0.0175863207331644,-0.0089382149417993,0.0170808603766898,-0.0050539796872739,0.0124303553189352,-0.0097653571190869,0.0166422504091858,-0.0040689536248452,0.0134199166630707,-0.0108584104420666,0.0214277538212473,-0.0019159630989829,0.0121058320097669,-0.0110631877261755,0.0172869050307078,-0.0046575554614995,0.0144911273915869,-0.0104413042595366,0.0183602762536362,-0.0041324826625785
0857,0.0265233382717421,0.002014732422572,0.0166737629820609,-0.0012426126697433,0.0218879017030374,0.0011167991508319,0.0220139974397333,0.0027160955649312,0.0134120595774541,-0.0073040364643179,0.0175918567894295,-0.0028299563100583,0.0171441191027731,-0.0054626873320667,0.0203657059250479,0.0008780159514592,0.0211046110773738,-0.0021999225172718,0.0194188810320865,-0.0002467123760434
0858,0.0249611713265848,-0.0058075934819148,0.0175110041399227,-0.0063726512238034,0.0126015447062267,-0.0122312599175775,0.0187939675536185,-0.0039704059118742,0.0151781967769835,-0.0096549906786621,0.0214543834329733,-0.0026970072881916,0.0174725114365801,-0.0091865464044854,0.0199886299579331,-0.0051914839351311,0.0195150752558063,-0.0091162526076821,0.0192559017551087,-0.00496171453043
0859,0.0145013356965253,-0.011634450805846,0.0165093320929517,-0.0079085351827787,0.0089013137963852,-0.0151034358445095,0.0162841738650867,-0.007094369963414,0.0136402693047103,-0.0113174023896771,0.0195992657211531,-0.0047577274827244,0.0080193150496095,-0.0172678620832802,0.0156039970860997,-0.0106258414129007,0.0126465899452641,-0.0140760302051535,0.0170830848597707,-0.0078395436747992
0860,0.0207945368301369,-0.0069179631842632,0.018630990919164,-0.0054443539196377,0.0115583708842974,-0.0135126164606438,0.0193054666987933,-0.0026979171377831,0.0126522338977865,-0.0141378019981766,0.0179319895031818,-0.0040788650236177,0.0164051010914009,-0.008829006677203,0.0204116616591045,-0.0035192878948569,0.0164705503871273,-0.011299272433959,0.0195253175891256,-0.0041828041341741
0861,0.0118245090288691,-0.0098620375323707,0.0158510764606494,-0.0048631390098485,0.0033936016135754,-0.01564983766278,0.0181963367849031,-0.0020802153010455,-0.0013028039089665,-0.0211686360119703,0.0125569225065192,-0.0060547266628469,0.0057834288961339,-0.0158368318093612,0.0156378150959469,-0.0037819837690514,0.0051007195362272,-0.0163082281315676,0.0158126197421583,-0.0043504124149278
0862,0.0054772494533659,-0.011333245045375,0.001877135660701,-0.012838806142765,-0.0097509653481742,-0.0195385901944526,0.0019787232711768,-0.0099772924613734,-0.009035434246191,-0.0219232257162768,0.0021540027125924,-0.0121044175083395,-0.0021826006677281,-0.0167914620384687,0.0034988213083371,-0.0106670657108788,-0.003051393608552,-0.0174813995371046,0.0030977506715069,-0.0113492129296801
0863,-0.0039667756781738,-0.0202669183705952,0.0012617608482547,-0.0171535242535392,-0.0054277491952137,-0.0236597689206659,0.0032806891623191,-0.0137478007053822,-0.0082787152003167,-0.0236813386551705,0.0007502592913984,-0.0152530924752091,-0.011093373898692,-0.0266638246611691,-0.0033112402192667,-0.0200824214332635,-0.0062341950055373,-0.0238660338371982,0.0001429219141818,-0.0169445597864154
0864,-0.0103945386745439,-0.0216846209888039,-0.0005477034760541,-0.0134425645605977,-0.0083067948292308,-0.0200447890104054,0.0056390001390432,-0.0101135938612094,-0.009695487051592,-0.0207758412623273,-0.0012876973908056,-0.0127199946405083,-0.0136691645533651,-0.0255812779366811,-0.0042888257655037,-0.0182301712207372,-0.0096502869011185,-0.0221200902318999,-0.0001197317408702,-0.013835128239846
0865,-4.399631925552386e-06,-0.01231142162643,0.0024851739125097,-0.0097887603332437,-0.0030371117076932,-0.0146401493268078,0.0060611799248742,-0.0074216003530073,-0.0017606875550213,-0.0143962751676879,0.001893327458159,-0.0069003735517119,-0.0002687890174916,-0.0129078693541506,-0.0009273992110463,-0.0114894994829148,-0.0003703029223383,-0.0134763561635189,0.002124752299291,-0.0090331977628076
0866,0.0132373070427733,0.0036947830841432,0.0149136024577421,0.0047422539436081,0.0111466316264037,-0.0021074298849157,0.0115720339781484,-0.0024631243843456,0.0111372488391519,0.0019011135046168,0.0107663851527075,0.0004235313092581,0.0139258548732812,0.002804190315643,0.0112731375264321,-0.001694911834195,0.0125522736335224,0.001659170970741,0.0119526928065191,4.4345539008634265e-05
0867,0.0090717179590875,-0.0022962177349397,0.0109281472882127,-0.0012344002021933,0.0035196790857028,-0.0070402307379287,0.0095845992830077,-0.0044893961235845,0.0153318981234726,0.0035684736488816,0.0094746404933474,-0.0020419360177293,0.0108588678553145,-0.001556494479413,0.0071646201719717,-0.0049047802574924,0.0097247795580683,-0.0019003370279352,0.0087797793145331,-0.0034048505428692
0868,0.0107835920391603,-0.0075191471332625,0.0078703213630106,-0.0049214305870032,0.0088383487989196,-0.0066224154329179,0.0074191547082891,-0.0058748827717051,0.0132005011776975,-0.0029115605481884,0.0078610412499777,-0.0043716509965062,0.0149859707039233,-0.0012363114147574,0.0108089405591474,-0.0025247774053159,0.0120784614932671,-0.0049410827780829,0.0085391045440778,-0.0046420173704848
0869,0.000386992189888,-0.0169472201554939,0.0033045475877852,-0.0106490595788607,-0.0018956606595353,-0.0178541152099389,0.0018080331974249,-0.0108562920364222,0.003512880543159,-0.0109461456195558,-0.0017513345435223,-0.0117234357555097,0.000645088669344,-0.0150483629210999,0.0038794248434287,-0.008723648569225,0.0008251505920054,-0.0157567638842694,0.0013442693568583,-0.0110133970759981
0870,0.0139595296278196,-0.0045942747990247,0.0145087252192533,-0.0027073481565652,0.0104740025865682,-0.0079468015940718,0.0109758838863113,-0.0043096131025558,0.0077498774692784,-0.0069652729544337,0.0087018929439977,-0.0033272087323871,0.0057917006209526,-0.0091452010669015,0.0127864381723903,-0.0025476446981534,0.0103785494672021,-0.007146677321226,0.0110534282407288,-0.0037122337004429
0871,0.0159911104171548,-0.0059910740604788,0.0143849637111831,-0.0068697414349489,0.0130952166555923,-0.0067700502393377,0.0178919744882858,-0.0009233338096994,0.0135697964792364,-0.0062164253383429,0.0168704694946751,0.0001543478109053,0.0168931468500566,-0.0037073475478901,0.0172074081928282,-0.0023993859776444,0.0160272022698733,-0.0056396279627903,0.0176561810326709,-0.0022342884015059
0872,0.0035984004698,-0.0100738590015364,0.0030503037133953,-0.011134595092789,0.0021043432337857,-0.0110038748396937,0.0093133897649164,-0.0053962517715208,-0.0004329509967598,-0.0154603663272832,0.0061876228050618,-0.0063941568712422,-0.0010717292169159,-0.0137123897267165,0.0022389102206981,-0.0104797524533806,0.0014484604964919,-0.0129302876612095,0.0057881000645916,-0.0085337880147153
0873,0.0028559491172636,-0.0148819256825797,0.0070304168137567,-0.01256734504648,0.0004799885326336,-0.0189070182858714,0.0061209064398751,-0.0134004757286519,-0.0007470164726396,-0.0181821641726724,0.0072417709577352,-0.0100246995250473,-0.0031731357252411,-0.0213290105652655,0.0057909547006967,-0.0121981408560337,-0.0003483566794328,-0.0191268095146783,0.0063800057653423,-0.0124894392336227
0874,0.013301428438746,0.0001621153328275,0.020841690242073,0.0071824264101965,0.0102128156889494,-0.0044277302657874,0.024888355551454,0.0072041083716665,0.010669836921708,-0.0032439766343566,0.0203762743750925,0.0032224887533453,0.0093804642984274,-0.0039386425981214,0.0179146137341805,0.0029377107972206,0.0105718617015965,-0.0032114985364046,0.0214865745237953,0.0051307474040286
0875,0.017163513179099,0.0036816042095412,0.0125575584831373,-0.0014426750884652,0.0136980698848116,-0.0026589978591582,0.0183749137860008,0.0026671233386229,0.0070523159668565,-0.0077405217949522,0.0062514287696434,-0.0058154166888389,0.0067285493966979,-0.0055505812550908,0.0062059421348914,-0.0045874432726684,0.0118237230060344,-0.003091615632494,0.0101449916085182,-0.0027742097837091
0876,-0.0056005530106903,-0.0083698975998296,0.0008600687608372,-0.0042465423723066,-0.0082592087321098,-0.0141343765732581,0.0018262262974681,-0.0055383789983653,-0.0095288688518039,-0.0164541440792391,-0.0048493411897141,-0.0092680626871864,-0.0079382507674941,-0.0123573140502663,-0.007440096774097,-0.0108406017731389,-0.0076315643191146,-0.0131360575922656,-0.0027483610855507,-0.0078144531392602
0877,0.0011517691046012,-0.0051183720887572,0.0047782197736276,-0.0028992455682064,0.0020390708667481,-0.0058603885868489,0.0071875134286617,-0.0016564863147828,0.0019774863553035,-0.0074873757167734,0.0016442962598318,-0.0059146725199374,0.0011303841567336,-0.0049862175137523,-0.0025237528861008,-0.0086517236162158,0.0018518713277453,-0.0059465524745636,0.0025408722325749,-0.0048568763602753
0878,0.0069118698787542,-0.0067179893312086,0.0063054669675523,-0.0100912145441799,0.0103539055312358,-0.0060190807286879,0.0128045285821047,-0.0049039312832689,0.0093113380363377,-0.0067844492966023,0.0075864444912787,-0.0074999021597146,0.0086759874615048,-0.0052082169307176,0.0072859042703098,-0.0076084910690463,0.0090098946143969,-0.0062425452983502,0.0087499881549068,-0.0077300830581776
0879,0.0076526442589334,-0.0053428790505265,0.0024253853023039,-0.0095191542444304,0.0042366044969237,-0.008929298140092,0.0033540132300698,-0.0097643667477115,0.0094546871146239,-0.006472357460329,0.0012743025432811,-0.0113355728100686,0.0061109304768344,-0.0079316889002369,0.0003740458557558,-0.0125544606795899,0.0076144736118569,-0.0071370893455479,0.0021414130879401,-0.0109745006963192
0880,0.0197893223968312,0.002938424733812,0.0164562556698337,-0.0002151509613641,0.0123097446212149,-0.004080814762493,0.0109945831131067,-0.0049511825151548,0.0136524578218547,-0.0010761228861977,0.0139771755780983,-0.0024065269990015,0.0131595720350981,-0.0032921349439328,0.0128007027690145,-0.002959701031844,0.0158391799315915,-0.001171782016023,0.0134386160568655,-0.0028777241305738
0881,0.0295665453086726,0.0091153324043256,0.0198069686180906,0.0046468818000466,0.0248783093886262,0.0023163727386828,0.0177055091880221,-0.0013099638556498,0.0298819038724516,0.0087680926020029,0.0214654360578253,0.002510183467649,0.0322598811303311,0.0105997276193757,0.0182334386581029,0.0010008484269616,0.0306980317240659,0.0079024544340517,0.0187281250547957,0.0013671736133596
0882,0.0229730873119884,0.0034641689995342,0.0233682470525085,0.001527821156909,0.0152685225966031,-0.0063521960784829,0.0208511065324787,-0.0011851486170533,0.0208073986794797,0.0031179779804017,0.0217306192078155,0.0010472688444081,0.0221869273219827,0.002272910814728,0.0242242619981385,0.0027552011216881,0.0225029920577796,0.0012203166230111,0.0232283890005909,0.0011317971628189
0883,0.022470030871977,0.0133598669800208,0.0103180800798336,0.0016514408188722,0.0153176442236525,0.0062824869893038,0.0090439799683169,0.002615330439829,0.0169232776222999,0.0101735119926461,0.0074994404137729,0.0004858676218035,0.0148165080756656,0.0059949191265043,0.0091775871675447,0.0024030311326726,0.0194189251839362,0.0099309534184808,0.0091965411129829,0.0017976230947293
0884,0.0259894729639982,0.010520751428131,0.0169557373411708,0.0036597621488741,0.0207935481451328,0.0061303483971077,0.0208933954008181,0.0057843696452496,0.0234525379801489,0.0082388106397459,0.0205611952264517,0.0047439949095934,0.0214428115330282,0.0072195684408778,0.0195067408696434,0.0047135708978523,0.0247794855114078,0.008667769913186,0.0206079237263687,0.0051805569055334
0885,0.0425745923710644,0.0228110131316422,0.0284681495524432,0.0165088724011829,0.0381779855244526,0.0216442719900649,0.0310236695443686,0.018163782558896,0.0369738768102139,0.0176298288159501,0.0303387356860719,0.016745474949079,0.0367823877519578,0.0192663201771095,0.0262223852811829,0.0142427526722841,0.0412678673872349,0.0215835530331234,0.0295885718094079,0.0168579286873009
0886,0.0188161497549182,0.0109201583555041,0.0105305205964078,0.0022065732513865,0.0150547638520427,0.0087568940352837,0.0144423047776215,0.0051234241305378,0.0208009680061874,0.0119588894500915,0.0151579171274862,0.0056741173353691,0.0142256399030479,0.0051895881256375,0.0094838717937202,-0.0007032795346403,0.0182031354763766,0.0097808464730914,0.0129453826624536,0.003206268383314
0887,0.0265917881264029,0.0091532663889679,0.0173524418807085,0.0043276711447391,0.0227743060573979,0.0073963300132816,0.0208780124997609,0.0061855759821347,0.0297344114920375,0.0118306814225267,0.0212284246456119,0.0066974494208582,0.0276401058224981,0.0116247450066778,0.0201473509350555,0.0047854726610143,0.028860491439693,0.0108227436421871,0.0203560746565318,0.005690916403509
0888,0.03849378168758,0.0182199891464318,0.026271799554276,0.0099437970208646,0.0308110742623264,0.0133519952863819,0.0282790030526941,0.0104269060356852,0.035005821569712,0.016148559561243,0.0304001744362103,0.012861304268938,0.0314238246660231,0.0128208072015465,0.0250837458750865,0.0068262034052978,0.035832795359612,0.0159393219549404,0.0282833096734428,0.0103034712808361
0889,0.0362458622340895,0.01847463713957,0.0230269931349142,0.0109342854363559,0.0272182087781116,0.0131438207624265,0.0237608029935451,0.0105212511559701,0.0282011544883126,0.0126441835105972,0.0236408670740814,0.0105395190313397,0.0268101446709522,0.0097593159898945,0.0232984909897335,0.0096881141882303,0.0306811720355157,0.0138938466698568,0.0239495549356601,0.0107834318967829
0890,0.0205071011168289,0.0053337151110607,0.0181499524008393,0.0053117704757548,0.0188772485155532,0.0051937698591862,0.0196168089426168,0.0049567170010328,0.0207261841436958,0.0036580623442258,0.0192255804475158,0.0028932061926052,0.0125620019283185,-0.0031213162843626,0.0173241491192333,0.0022127008104898,0.0192659861272895,0.0029037481603137,0.0185610371390257,0.0038148101374236
0891,0.0168307436806209,0.0021544150129228,0.0155823568436151,0.0031473075509055,0.017930781392861,0.0015056068347161,0.0200019839958924,0.0053012026656199,0.0233549500552678,0.0033213395411209,0.0239100499412054,0.0081389705775989,0.0206744994213372,0.0035179790682187,0.0182813574221027,0.0031662089040013,0.0192953569726758,0.0023718091580083,0.0191631508207052,0.004864272544376
0892,0.003037874907602,-0.0068379110511275,-0.0008321999516799,-0.00711793167555,0.0101271572389241,-0.0028103088193347,0.0039125660218214,-0.0024002297613374,0.0093601568782371,-0.0048741664255815,0.0051167286124553,-0.0044167689231662,0.006047161301591,-0.0051134446901369,0.0024085452598584,-0.0073637935841608,0.0074515308868216,-0.0049252005823669,0.0019464281490854,-0.005580658040723
0893,0.0139870608837289,-0.0002967280973302,0.0117755618846526,-0.0001584133757435,0.0198453047741588,0.0031362347519245,0.0142204143388999,0.002648816466051,0.0139848077980139,-0.0006468878460982,0.0170801424652334,0.0032744308424015,0.0200911576379862,0.0025011502662444,0.0114035851756512,-0.001776435511916,0.0183661963543643,0.0016543976037699,0.0141462609320455,0.0012017291939578
0894,0.0034267324494296,-0.0080424540074323,0.0035056039316186,-0.004603975320984,0.0045359856432237,-0.0054520064510869,0.0105875786260483,-0.0018096684704046,-0.0027806203049953,-0.0129375396734396,0.0026630159320301,-0.0071766035889519,0.0026767978490651,-0.0080084280231613,-0.0009763097738438,-0.0094653630254449,0.0025360112747825,-0.0086492740920636,0.0037654394133641,-0.0058984467107138
0895,0.0018572835220267,-0.0118452515844413,0.0010055671161916,-0.0130538479513993,0.0089504905294993,-0.0057198431236087,0.0056836432652586,-0.0072522563685911,0.0056220902385562,-0.0086436180884707,0.0031121537683596,-0.010537450003604,0.003649421340081,-0.0115048752980572,-0.00397194434479,-0.0158157030531246,0.0052612156823907,-0.0095786319121175,0.0010504023216044,-0.0118703670590107
0896,-0.011486466524835,-0.0241103317846658,-0.0138145423006886,-0.0270364416114254,-0.0069058629244034,-0.0190150572141948,-0.0038761707080245,-0.018393618523561,-0.0095282891618407,-0.0231306892127752,-0.0093563878611104,-0.0237030355753566,-0.0113663868711688,-0.0253397831002245,-0.0131222125325112,-0.0263522738820765,-0.0101641747491306,-0.023567907747503,-0.0100079955741367,-0.0243488589639041
0897,0.0181205459965332,-0.006537084581597,0.0119917299498147,-0.0117889825606898,0.0152070872983784,-0.0071989523282025,0.0105577697485419,-0.0120490983968323,0.0202395869466198,-0.0044138670738795,0.0101958206359347,-0.011978741242505,0.018333068786459,-0.0061342125958989,0.0133670164838319,-0.0085899180630346,0.018791621477789,-0.0061760037094861,0.0120945984548169,-0.0109882853167773
0898,0.0060604408776291,-0.009032986894941,0.004419243960132,-0.0101682011605965,0.0032533563283532,-0.0072605823057139,-0.000479392439332,-0.0147158348678083,0.0063949884668195,-0.0090639293089993,0.0016673697463385,-0.012787269376749,0.0097007349097299,-0.0036091547148061,0.0112238850694693,-0.0057664662317198,0.006831562412196,-0.0072783125239543,0.0048503139484753,-0.010870301641672
0899,-0.0063491815185128,-0.0118225231042936,-0.011496005044973,-0.0122574594030987,-0.0056895401565848,-0.0074541640528698,-0.0134515024855175,-0.0126731683672385,-0.003246478174234,-0.0090433390756073,-0.014119741655018,-0.0140164225294786,-0.0028362592972981,-0.006923846500428,-0.0106824621466658,-0.010827175618696,-0.0048881138520764,-0.0090539910475965,-0.0130646803513369,-0.0127181401248097
0900,0.0103276844088161,-0.0055525679412577,0.0070406597011834,-0.0062218950671868,0.0117587159346543,0.000311102135023,0.0090687884509537,-0.005002371849589,0.012614710039205,-0.0021069181116929,0.0101614478980903,-0.0046366336725434,0.0145759483432842,-0.001074671698792,0.0085623712773248,-0.005221609247269,0.0132586944571234,-0.0022701333310892,0.0095750053072489,-0.0052958584556476
0901,-0.0032140769183067,-0.020962280266678,-0.0037128753805778,-0.0198944369228435,-0.002131065218673,-0.0163240787962136,-0.0060459019601672,-0.0201244016817506,-0.000104600670361,-0.0175325027896738,-0.0031117182652637,-0.0197812266518093,-0.0021126056531339,-0.0181865708517219,0.0042005517909642,-0.0146355409847817,-0.0012034795598239,-0.0184715346042936,-0.0021514715654586,-0.0189619081200238
0902,-0.006648381819186,-0.0208250907047411,-0.006753649050915,-0.0206417923372944,-0.0071560799619002,-0.0199935732072609,-0.0059645522371576,-0.0195496590288951,-0.0091254720639631,-0.0220787618578806,-0.0060100568353056,-0.0199072666018945,-0.0094821884726127,-0.0240451485502502,-0.0024327978055267,-0.0191391445560819,-0.0083023585308027,-0.0224570423808428,-0.0055788176232219,-0.0203625270482002
0903,-0.0078505084780136,-0.0199093509775389,-0.0028617205821959,-0.0173770014196057,0.0016139217629371,-0.0118922099283127,-0.0022272492048962,-0.0155673676334522,-0.0019086582973844,-0.0170230008874141,-0.0010670698515197,-0.0154922289818645,-0.0070717513869674,-0.0200809501678314,-0.0034817302863587,-0.0175835385173176,-0.0039612968152541,-0.0174692425046555,-0.0027142780898474,-0.0168754145985617
0904,-0.0066358491838566,-0.0166390159894042,-0.0072187453991445,-0.0162177098760181,-0.0052210700005807,-0.0142875608752994,-0.0086911415897274,-0.017008453538576,-0.0038648231407408,-0.0129981136036906,-0.0057540499762991,-0.0159858088409116,-0.0093448583841565,-0.0196802611007191,-0.0104939983967162,-0.0191298027225584,-0.0065132419845358,-0.0162787322389325,-0.0085086387928989,-0.0174251781014872
0905,-0.0117025437214945,-0.0197226541332713,-0.0194929112187023,-0.0235924912840211,-0.0084981177449391,-0.0171709268633059,-0.0196696804993279,-0.0240568857590454,-0.0096145852454629,-0.0189750137349093,-0.0199603652514925,-0.0266140810632532,-0.0099023314147449,-0.01816007357552,-0.0145546761570666,-0.0225750276876311,-0.0105965669451246,-0.0192926502100054,-0.0188130511104043,-0.0246849143038312
0906,-0.0035545686221785,-0.0108914006139549,0.0018203263114551,-0.0090995346416267,-0.0042313258566894,-0.0136157291758658,-0.0083722020751397,-0.0179407861162674,-0.0074011497442986,-0.0167782227247532,-0.011075480740542,-0.0200535716151307,-0.0045988591653213,-0.0142609810985226,-0.0031515681323708,-0.0155775001887339,-0.0048176129846901,-0.0142719339855304,-0.0054461775838479,-0.0159816150456014
0907,-0.0104358521146788,-0.0188105017035118,-0.0015126462700506,-0.0135254629547202,-0.0049816114707206,-0.0164190021810612,-0.0021413175376218,-0.0109116888318558,-0.00809697231346,-0.0171751213095296,0.0005410615352125,-0.0101961014207986,0.0045929760721201,-0.0064116592414668,0.0017844689405492,-0.0101963587010123,-0.0057476143524213,-0.0155046961126814,-0.0006711833824927,-0.0116223452717037
0908,-0.0159775193470091,-0.0234116757774208,-0.0048948109096895,-0.0180817270795674,-0.0148667303267858,-0.0239778250410836,-0.0076112022706214,-0.020004621378837,-0.0171374578707314,-0.0273126523918215,-0.0043630799182201,-0.0193417245898011,-0.0077671789871163,-0.0169103774718813,0.0003838229828769,-0.0146811275966547,-0.0141392915226009,-0.0233064541423553,-0.0045386257293563,-0.0186296711933802
0909,-0.0120847395639022,-0.0173984654614544,-0.0074990050010578,-0.0135931466906741,-0.0138600951128316,-0.018896002478191,-0.0073815388640802,-0.0148630773418928,-0.0131018979456687,-0.017975506471103,-0.0097753612803896,-0.0156842135831173,-0.0149513801042075,-0.0177916898273198,-0.0092049704707348,-0.0162530354913096,-0.0133430851367634,-0.0182774729753751,-0.0092572941401089,-0.0156504900511499
0910,0.0079859187979592,-0.003262086602499,0.0104339421806029,-0.006539669049783,0.0012661718505683,-0.0055630459074408,0.0076217966611982,-0.0064224497255144,-0.0010985668099961,-0.0084757930820096,0.0015319513966835,-0.0099049404357028,0.0080180525016401,-0.0043336283873948,0.0090700484783499,-0.0054319566694554,0.004634257277291,-0.0055129286711422,0.0072412246654554,-0.0072722691566271
0911,0.0168773574711878,0.0022615185055414,0.0153613137559357,-0.0002487281417771,0.0164102909727158,0.0016403413138716,0.0145560942697163,-0.0017298661015854,0.014427103017437,-0.0010832997729279,0.0146913170085941,-0.000352552784262,0.0154559277980884,0.0010166614652659,0.0183301891553602,0.0013932075423577,0.0162959919405638,0.001013761466623,0.0154264933705764,-0.0006661203566464
0912,0.0092023629644012,-0.0014562368218677,0.009402011430707,-0.001722897682275,0.0040248903460011,-0.0054495292480766,0.0034779579346535,-0.0052154581052475,0.0018940857538271,-0.0106342411899224,-0.0002393488751643,-0.007643035516767,0.0016287329671412,-0.0078318760087014,0.0077616026079454,-0.0045148494301671,0.0041550420253363,-0.006958210643689,0.0040239362127788,-0.0052845424886648
0913,0.0129980442148247,0.0012673071393927,0.0138220620175337,0.0014774072350465,0.0164825468318396,0.0030522920895767,0.0087452477849162,-0.0021565024868945,0.0124842884941184,-0.0040894156122843,0.0119177979984008,-0.0024582045937498,0.011661872850306,-0.0013997958943434,0.0103896987758472,-0.0009497726321775,0.0146283557201959,-0.0001251537307674,0.0114269917697441,-0.0011184293887199
0914,0.0055367189745362,-0.0119034551684858,0.0043246804650837,-0.0116236803764557,0.0013910653640598,-0.0159318043118585,0.00359061564105,-0.0133235534855016,0.0036524584645656,-0.0148349255330798,0.001317994849857,-0.0158025575485579,0.0019242091723549,-0.0131130925214288,0.0031562344171824,-0.0113581313563634,0.003816915387582,-0.0142699822932732,0.0035356184761155,-0.0131812402697182
0915,0.0059388331280065,-0.0107339562174249,0.0154487619916087,-0.0020277995775226,0.0106153633112542,-0.0069846629360791,0.0139645179041827,-0.0027066740733224,0.0070085331664772,-0.0113496940715057,0.0114815481604894,-0.0050248663103537,0.008328153007674,-0.0079820586030294,0.0170039258644556,-0.0013714654660424,0.0092491603054614,-0.0090049183524803,0.0147785782047691,-0.0028583328345491
0916,0.0110948597246975,-0.0030971713324212,0.0168216629856431,0.0034037871024957,0.0156599999712483,0.001112771118526,0.0225241348551131,0.0068046588615316,0.0083010255261058,-0.0058756878146869,0.0112786094045164,-0.0006663163225695,0.0129350242534743,-0.0009101046857093,0.0195911653659767,0.0030167545218032,0.0124579910003801,-0.0023241112509541,0.0172137866879119,0.002976725272976
0917,-0.0099833473953886,-0.0183608059072625,-0.0074406804684495,-0.0128616487676754,-0.0003401578794763,-0.0116915785173812,-0.0008892814006319,-0.0074806812804912,-0.0033893125458617,-0.0143728500574685,-0.0077322590396331,-0.0136155999936295,-0.006617949232171,-0.0134559982804843,-0.0085489249494495,-0.0141922961685294,-0.0068183532078357,-0.015447323803244,-0.00636797489779,-0.0122819665855123
0918,7.320896176162623e-05,-0.0124529588071446,0.0083132822631449,-0.0061011923339225,0.0036451791966967,-0.0095387979643774,0.0100792064424951,-0.0031803526924451,0.0004065365059696,-0.012223222589404,0.0086550843805838,-0.0048823055702396,0.0024429196517771,-0.0088645801031487,0.0075148788762155,-0.0068110379681295,0.0010862073450052,-0.0113355591340488,0.0085065792658525,-0.0054395492396529
0919,0.0172728480571868,0.0071071216195303,0.0097116077563305,-0.0005052030163084,0.0190262541592821,0.0061873132791299,0.0102991218481771,0.0005714028439948,0.0109952764347161,0.0011845171038324,0.0109326727032353,0.0010600035184718,0.0081594386678844,-0.000585735941339,0.0106513346032356,0.0002614040278177,0.0128087991583966,0.0030036108957198,0.0097768681109522,-2.7986994249406275e-05
0920,0.0147894045384453,0.0005812904906722,0.0067575485162049,-0.003412862771227,0.0140862692428777,-0.0001637927341019,0.0078387369190517,-0.0011187373049432,0.0067865411081712,-0.0050169982757337,0.0069223844315677,-0.0035144761010053,0.0176728510286946,0.0030251154190921,0.0088089005353247,-0.0025690742659962,0.0132598650323745,-0.0004468387322119,0.0068443576442463,-0.0030071938350622
0921,0.0307227776459994,0.0103785735831779,0.0260081495364639,0.0075141699311774,0.028484767780068,0.0101415750876126,0.0222673366731186,0.0056085416093993,0.0169510234570081,2.1799479243140563e-05,0.0171946133124489,-0.0003644507888033,0.0289190390638323,0.0085462053828148,0.0211589632957723,0.0026641138570086,0.0281875422234446,0.0079121458012379,0.0228672358800256,0.0042669807233019
0922,0.012161437411353,-0.0033002022236358,0.0043386015803807,-0.0085826079714974,0.0151475840182564,-0.001940319259797,0.0070693175562267,-0.0077959355501405,0.0044111208185448,-0.0096510245173998,-0.0026966331847054,-0.0152815139770935,0.0162082384888503,-0.0001182539273483,0.0047915231616426,-0.0091697089307473,0.0123135025792519,-0.003894858860895,0.0040881207330289,-0.0101738491595033
0923,-0.0084967832068486,-0.0185121227405752,-0.009513135207076,-0.0190916795758621,-0.0092057661215793,-0.0200972009988097,-0.0050171788034466,-0.0147547947477161,-0.006185065932544,-0.01905626156696,-0.0105834207312338,-0.0211696522501903,-0.0045897595874024,-0.0159413999088785,-0.0025017743264371,-0.0150131318755059,-0.0073162700432072,-0.0188699509883861,-0.0071911089979508,-0.0178108042813184
0924,-0.0032085325254639,-0.0185128450818934,-0.0040418634346846,-0.0193858347254673,0.0008433268123512,-0.016364067210333,-0.0063649610254477,-0.0218222647560006,0.0018598763611743,-0.0158177334335668,-0.0064851210108809,-0.0236565482472749,0.0047860347078104,-0.013950428344524,-0.0062283942275944,-0.0212091298388158,0.0002883355110239,-0.0168416012941196,-0.0068806845587936,-0.0222934827021605
0925,-0.0033149958494433,-0.0180338796930991,-0.001663135445714,-0.016640908007517,-0.0035739505031,-0.016858814571522,-0.0011573293768268,-0.0148007403464682,-0.0046917971402688,-0.0179846764861668,-0.0049900658333956,-0.0190473858736827,0.0029512835905565,-0.0148785294070657,-0.0027534324915578,-0.0171109738994248,-0.0033517343802673,-0.0177803101542774,-0.0028474347490625,-0.0171467614859455
0926,-0.0003455743783497,-0.0156491630264306,0.0060384572445768,-0.0102815282191934,-0.0058664757115042,-0.0185213974887703,0.007520374912648,-0.0088657008257677,-0.0038342790622624,-0.0181389600556405,0.0060901050930403,-0.0104021856936948,0.0058611680117827,-0.0090365627685342,0.0112561189697122,-0.0054115822207478,-0.002066498750926,-0.0159265270059226,0.0073280788936232,-0.0090797784227646
0927,-0.0044480265663845,-0.0140148696176275,-0.0016847773448443,-0.0144974498960772,-0.0138377054033004,-0.0232509530464924,-0.0054142169698778,-0.0178573277446812,-0.0129450372133546,-0.0229964880643842,-0.0063696766313025,-0.0194105530339251,-0.0027617957001938,-0.0139977865125134,-0.0034922023448762,-0.014484408544722,-0.0096902609329165,-0.0191901729114372,-0.0041542204136694,-0.0168425634425061
0928,0.0062382926721414,-0.0047128130848371,0.0072615094025698,-0.0045394923922125,-0.0045378545387807,-0.0130264060734544,-0.0023551092622881,-0.0121616164657988,-0.0085978653608353,-0.0162494417918557,-0.0033133335534193,-0.0141053333517888,0.0046298795581624,-0.0082978968725867,0.0031547045358922,-0.010086075831921,-0.0017119131602585,-0.0110907253022601,0.0013123662254287,-0.0104830966637883
0929,0.0173076838695067,0.0036087244766076,0.0166554157485513,0.0016288776118561,0.0053001685088233,-0.0061234066777491,0.0027052437291918,-0.0073658287189148,0.0012137292125,-0.0097043137704865,0.004715448464778,-0.0085054942459085,0.0194753850699813,0.0062902080106742,0.0146844114340333,0.0005014582064154,0.0108915906563301,-0.001392201805703,0.0092550929240178,-0.0038602289458434
0930,0.0136391772462664,0.0035392575154343,0.0164686437294242,0.0043974293269473,0.0035791756072088,-0.0002747016589114,0.0084328286925136,0.0003648093655295,0.0054012887039316,-0.0025403119067156,0.0115290772370515,0.0007351802529536,0.0179998087333286,0.0075119560383158,0.0162128890153984,0.0054668885527073,0.0101726082936896,0.0021139321477388,0.013722783188133,0.002965947609915
0931,0.003018993961874,-0.0080680259145712,0.0126958670468306,-0.0013596070724859,-0.0001503470361609,-0.0084515259206936,0.012617662888344,0.0013542556592003,0.000655485008393,-0.0085798004270371,0.013877472500753,0.0002349797086147,0.0139991935485622,0.0021169916632906,0.0158549386168242,0.0039522579016501,0.0048018749558536,-0.0057496098970439,0.014183072061041,0.0010457565369085
0932,0.0122316826716911,0.0025906715701966,0.015147093638694,0.0068650012785512,0.0079908393542736,-0.0030227922890009,0.0151735430057456,0.0041260701521295,0.0129402776381564,0.0019372931444962,0.0184762632632859,0.0087939405247907,0.0155704303855067,0.0060751019710518,0.0179449884557003,0.0075935780403756,0.011543598350336,0.001582812481223,0.0174029715479263,0.0073087673980706
0933,0.0198002400824265,0.0117634400943756,0.0266038905749897,0.0139251862968585,0.0155418015236227,0.0053777768791828,0.0212191965745283,0.009906960878703,0.0203176460134511,0.0112601085338127,0.0215604391417176,0.0115234746177456,0.0204411518594086,0.0097323128919575,0.0227674930245325,0.011917079392149,0.0184103453832746,0.0097959786026262,0.0229828844260961,0.0120237578198919
0934,0.0166207237353903,0.0101295905992001,0.0273110489828478,0.0167104715646118,0.013072832729885,0.0079796965580342,0.029779412599537,0.0192881211293408,0.0227261743973471,0.0140364866458162,0.0309905234864066,0.021841013693904,0.0222494145054767,0.0140840747830362,0.0271251022769887,0.0173277549978083,0.0187706499715579,0.0117991883184047,0.029539058348934,0.0192479010425307
0935,0.0175739235137022,0.0014026889549493,0.0254197731702264,0.0056619239556913,0.0130832169175635,-0.0021826704649649,0.0229718618443321,0.0042582161640762,0.0138799963197171,-0.0030075420731028,0.0252635791843333,0.0049656396046826,0.015524983974124,-9.69860858113027e-05,0.0199577339679865,0.0039714248711366,0.01520233577029,-0.0014666890323317,0.023859064169603,0.0047256373126094
0936,0.0177880687359895,0.0057444646664964,0.0184155149262935,0.0062961101451497,0.011584013029077,0.000704358430529,0.0172063728729084,0.0035463587753433,0.0133863752799558,0.0002777620030926,0.0137210954601458,0.0003780491228345,0.0130469076722222,0.0007579757166842,0.0159344472939608,0.0017140999339906,0.0142504283939975,0.0020270584522976,0.0175076008871038,0.0035163575368052
0937,0.0138495375601105,0.0015030720288349,0.0139538125281024,-0.000877174662666,0.0146596848733497,0.0019844774963578,0.013716643904435,-0.0013750839494236,0.0118109267852107,-0.0002364591411582,0.0141757136909749,-0.0011513558900787,0.0101555404623207,-0.0007570482042102,0.0144194151976449,-0.0002572050403894,0.0125494573227726,0.0004776714634499,0.015350765557403,-0.0006631471797838
0938,0.0119785345576558,0.0005053752247134,0.015012912744577,0.0010314758111801,0.0128087657055721,0.0012698947814495,0.0150581648627299,0.0007542298066413,0.0152523437856573,0.0033231716684928,0.0208698002969072,0.0073003788819076,0.0115087074226418,0.0002811990673335,0.0154495337406077,0.0011952817036566,0.0135656362670636,0.0015326500732267,0.0175681708974092,0.0028679340941604
0939,0.0315428984760583,0.0121623181414946,0.0337583847141523,0.0122988628963053,0.0325881599014687,0.0126936862351492,0.0305643798603613,0.0111296301990391,0.0288376912902045,0.0089865055605788,0.0350025225232856,0.0154226769709848,0.0268951832366768,0.0096456635500822,0.0315458178936859,0.0107729741857533,0.031584789578377,0.0114195975571826,0.0341771584960555,0.0130111369138728
0940,0.0288538003394701,0.0097980902679156,0.0347237923894312,0.0119574252362852,0.0325616112044786,0.0126277931050693,0.0362471645205806,0.0131757486106659,0.0329112836813851,0.012107106457264,0.038165660313356,0.0151938221667552,0.0264884907711672,0.0070365660079282,0.0344815583919219,0.0101272717695951,0.031728676894516,0.0110153527113918,0.0371806108278272,0.0130771222051133
0941,0.0263012446233406,0.0043926010753996,0.0305628254948781,0.0071524078215843,0.0300262488459692,0.0089045289122559,0.0309299055249438,0.0084027542736964,0.0267023513741899,0.0050373872177451,0.0334363900182333,0.0098592430624063,0.0220787561020788,-6.631790095180208e-05,0.025005895079481,0.0027031818913433,0.0272053493139772,0.004785342781026,0.0305368939935738,0.0070644374751899
0942,0.0157028256368354,-0.0052829337049198,0.0224851492916011,0.0033951099331653,0.0243639492609945,0.0024386357798938,0.0280463502143929,0.009266732473314,0.0265766215107762,0.0056117931340086,0.0336345468757333,0.0115559993746939,0.0199583328828021,-0.0011577550384454,0.0226599937007633,0.0031174820876029,0.0233608745841755,0.0006589907038524,0.0271019946714896,0.0069012387481361
0943,0.0087153920122679,-0.0098463910590645,0.0062354703861993,-0.0077579032753587,0.0073450386000909,-0.009739092305887,0.0076420059147098,-0.0057391078586835,0.0103561144184526,-0.0066774468461924,0.0092391367774277,-0.0058900339840481,0.006627850496182,-0.011850275654639,0.0030081349433836,-0.0098777752373886,0.0082811205413841,-0.0100770433746835,0.0058600617433727,-0.0077491756368267
0944,0.0156652351940852,-0.0045984125988568,0.0129454805641819,-0.004671754280096,0.0152482790150517,-0.0035710411137492,0.0150035662634564,-0.0019294782537801,0.0135626449959803,-0.0073334065371215,0.0154897294540017,-0.0033141390596135,0.0085814393368768,-0.01264682922379,0.0091552269081407,-0.0090727260466064,0.0124007184401193,-0.0079549572845525,0.012712578274172,-0.0051191727333472
0945,0.0111782008115441,-0.0062059636895065,0.0098374416718169,-0.0075341575586124,0.0120885297757037,-0.0064584082133588,0.0175930513719453,-0.0026928640067343,0.017294075547962,-0.0038010038740023,0.0157808502439637,-0.0024483606900682,0.0056793904572054,-0.011782384196631,0.0064562782906703,-0.0099416631979747,0.0116384009919797,-0.0074389882660357,0.0122914745646639,-0.0059203771652472
0946,0.0076415420742953,-0.0097500117412275,0.0075903034363867,-0.0078121141828291,0.0091069686743646,-0.0098385367542967,0.0119287279487233,-0.0042912880133582,0.0083699816557759,-0.0095971096867302,0.0089635632984291,-0.0051535073625524,0.0019199560912171,-0.01500195405593,0.0050754324445159,-0.0104566387077319,0.0066816233298,-0.0114453883756187,0.0079497766295527,-0.0072225779663497
0947,0.0230534224625579,0.0012772173627416,0.0205265855779505,0.0028163984735776,0.0268061809318546,0.0042182794460474,0.0237171982514181,0.006990811253462,0.023945553527208,0.002276835339771,0.0241985885085934,0.0076281750367915,0.0176923947915967,-0.0004302948028791,0.0199241189406065,0.0018042833348584,0.0236238462601901,0.0018676423649661,0.022199421511472,0.0048055178489968
0948,0.0298256094439009,0.0110227171000694,0.0241790711656537,0.0061110490259385,0.0346926373966074,0.0141865789649604,0.0295089731856737,0.0117584439690283,0.0266639656257131,0.006515559631007,0.0224672681676336,0.0069053873054497,0.03127354342336,0.0112200517198193,0.0265986043197933,0.0066551369390767,0.0318246741520454,0.0111498842178657,0.026397908193621,0.0081929794589289
0949,0.0308485265142707,0.011576462907711,0.0309729866866718,0.0132860600277394,0.0347702196608262,0.0132390797285607,0.0369206260520142,0.019235385241289,0.0338723271954691,0.0117532158493571,0.032991735033325,0.0166211315524121,0.026482133613878,0.0070055567091767,0.0324679318052468,0.0130641018403998,0.0333571810609067,0.0114664960373292,0.0333478900464742,0.0155276355547108
0950,0.0442776071461301,0.0141860760949925,0.0528106901547933,0.0215053653506394,0.0488619507233726,0.0181020017357878,0.0497792517744823,0.02285163775818,0.0472120740261621,0.0202487963591847,0.0517363263337271,0.0241205302993326,0.0419076925046836,0.0147650796529858,0.0517962626097687,0.021149416066716,0.0472154057432536,0.0173446816315434,0.0527574165676121,0.0227815443932734
0951,0.0257158264678727,-0.0004094018830614,0.0330546096720402,0.0080800948100592,0.0258822542853864,0.0016962810843778,0.0325737480169157,0.0108221752901565,0.0258560710920503,0.0024009361431355,0.0341255094385063,0.0124460371130289,0.0254341819836974,0.0018707590956218,0.0304267602402479,0.0092171269145347,0.0274372176640403,0.0017223241426371,0.0336932718746706,0.0104916550733948
0952,0.0337051794485109,0.0035265103088193,0.03647240454452,0.0089465171215195,0.0354136596779116,0.0058062177390943,0.0358629853128595,0.0100661206784361,0.0350805255107072,0.0065151510703239,0.0352921803176297,0.0103291819530887,0.0312720718580524,0.0024833671206656,0.0301070676922291,0.0050436137197988,0.0358246671352382,0.0051231131485901,0.0351056694041045,0.0089115350269073
0953,0.036981480331573,0.0085880519397606,0.0388508062518731,0.0128064060254788,0.0332577846424786,0.0085533668193857,0.0388713265603847,0.0154525410385604,0.030852649866372,0.0052054098554545,0.0348936329739966,0.0119801437825978,0.0329378805974852,0.0074390095941363,0.0348372423249497,0.0108781830686126,0.03467831615833,0.0077385699293536,0.0372189151341433,0.0130546925985714
0954,0.0133538840116405,-0.0087686780420591,0.0164910079628518,-0.003812606790657,0.0111803734151121,-0.0108128837158641,0.0175016080496719,-0.0030628535309427,0.0180168227551357,-0.0035052740580097,0.0191877058091847,-0.000796520937227,0.0091072450239713,-0.0099182655541725,0.01077052915732,-0.0070882578583713,0.0127691677324676,-0.0086297467326878,0.016186014661521,-0.003759433907083
0955,0.0110579243965183,-0.0097677198665513,0.0175554000251179,-0.002858135429943,0.0121447659645533,-0.0063019642028855,0.0192614367910476,0.0009815994764961,0.0066664634471218,-0.0107166194313907,0.0169931679928697,-0.0012351432908847,0.0038609526073067,-0.0125750306932892,0.0112330764774489,-0.0053672733536053,0.0087819850698631,-0.0099470641704618,0.0163638523781453,-0.0022162923133279
0956,0.0049395859387749,-0.0082150095651247,0.0132788610690155,-7.86525282278313e-05,0.0057010319872232,-0.0061471501444586,0.012772221106536,0.0011703636234825,0.0064876620468091,-0.0064804019829373,0.0185529258571046,0.00545700814302,0.0061264982516567,-0.0069202691039538,0.0145070274733126,0.0032794726132126,0.006801441485912,-0.006718930119297,0.0151054645468427,0.0026935465749429
0957,0.0262686934968641,0.0064451367603031,0.0298162260532257,0.0106097058094004,0.0254072025052638,0.0079540116573622,0.0307513917864092,0.0129856206639232,0.0281391517554103,0.0080143548292021,0.0357738158289895,0.0161730043753435,0.0250038422002619,0.0073081938747148,0.0350529591191202,0.017931763511439,0.027622027691541,0.0079575094357818,0.0336145588014887,0.0147543988086767
0958,0.0177966700596036,0.0008365570271148,0.0211922162262506,0.0051565133138074,0.0128821515380753,-0.0015100491713935,0.0171983357844527,0.0020428668489053,0.0176288770952946,-0.0002496080931169,0.0260374181411311,0.0104907552355277,0.0216717641572738,0.0023708192668538,0.0274743428298281,0.0114148845992862,0.0185176689498306,0.0006619375703791,0.023950697635309,0.0076914046784599
0959,0.0263820806513277,-0.0010248911899742,0.0302117120242292,0.003821288766233,0.0295473193355949,0.005739181091019,0.0289520820678329,0.0043455888103242,0.0182593914967153,-0.0059326365920682,0.0290491530314085,0.0032459883372004,0.0265062043628319,-0.001550467357908,0.031144283661841,0.0054081728155014,0.0266044299694007,-0.0005083989817538,0.0303635210032313,0.0042371070800578
0960,0.0223818699585935,0.0069252552124735,0.0339288919433471,0.0157492421216557,0.024325307760231,0.0081557601274726,0.0330537774944209,0.0155892443783345,0.0168544698010713,0.001985066529088,0.0319162468407851,0.0154188580280703,0.019707639616823,0.0030917854957587,0.0308068576448866,0.0147010438783938,0.0223839314913942,0.0056778241355869,0.0327845186365942,0.0154848216878142
0961,0.0199310119547076,0.0024819475430364,0.0207260540788315,0.0040648997766832,0.0260216053165635,0.0086914150333068,0.0212480647692226,0.0073661463899227,0.0156654832491062,0.0005515614862448,0.0189392912462431,0.0051681500562762,0.017095990358953,-0.0020051217252673,0.0177604342774162,0.0030659102666832,0.0206477202167832,0.0026544016359341,0.0203189418000698,0.0052110050153174
0962,0.0364585671236821,0.0131725995316552,0.0395809651967428,0.0173339833278061,0.0490510772072229,0.0221906696617075,0.0410744080250014,0.0188326062201218,0.0373361133352777,0.0133446099349142,0.0382223269441305,0.0178223347516857,0.0411895824515459,0.0176313040859224,0.037424834810264,0.0179425624269783,0.0431629081875252,0.0174070184053606,0.039952654037129,0.0182988220542582
0963,0.0305896528553394,0.0093688759569217,0.0288977374043334,0.0077306788039439,0.0377452752101021,0.0147822057574332,0.0325849037385848,0.0117967738937907,0.0303671570344155,0.0080867546658521,0.0240836326273559,0.0059844816754781,0.0298697504576071,0.0094319204980446,0.0255782399842924,0.0065988815508689,0.0336806550516876,0.011015686709799,0.0280550384614498,0.0080340390961622
0964,0.0429999053180304,0.0239924700783263,0.039633635209389,0.0198770495975175,0.0473035275119703,0.0275470944208936,0.0410032307601824,0.0219471966100526,0.0397052856882231,0.0201333021406321,0.0354434698778963,0.0188996517783914,0.0432007098510528,0.0249683847842608,0.037234679812849,0.0197881565001707,0.0449717920047029,0.0252724150262411,0.0378438882525477,0.0200437085240938
0965,0.0391707003491187,0.0173547354805709,0.0344768017438695,0.0121427642906144,0.0445987715164301,0.0216219633822415,0.0354384030913223,0.0144148061103977,0.0404720893166498,0.0146383790754499,0.030790565726314,0.0107798344605413,0.0346205160160987,0.0133436768931034,0.0310793007998641,0.013125617222527,0.0412956254690981,0.0176135192751466,0.0338525599377894,0.0130535160285665
0966,0.0423887711929221,0.0204789473065568,0.0379485380552782,0.0154130029781049,0.0432455044132137,0.0221715478019252,0.0347101546710224,0.0128840420410738,0.0395678812161612,0.0174088873703961,0.0328176456559092,0.0141452593169449,0.0418272740960029,0.0215964571113333,0.0367297322072794,0.0170416478168669,0.0448611852472526,0.0218685795077155,0.0364262267324834,0.0152168260104539
0967,0.0583834834269548,0.0333570154496318,0.0520862629572067,0.0262370427750648,0.0558640556574233,0.0301084658114798,0.0454345244119789,0.0215834759003902,0.0533655572027356,0.0253838495575827,0.0451870287480242,0.0207023504489275,0.0587277887780408,0.0331038264369227,0.0503592758798793,0.0247356982424585,0.0591136821797363,0.0319821822542009,0.0501381651812877,0.0242063246409154
0968,0.0348220368756234,0.0149039043642104,0.0308749616958499,0.0089081942786721,0.0341643773772838,0.013694492674087,0.0263692561950409,0.0060025664390925,0.0317567950154187,0.010307850559488,0.029878858186675,0.0099547253227293,0.034255417403714,0.0124423284998654,0.0325392379263045,0.0099738662622947,0.0359730842111978,0.0136016198136585,0.0298916984041717,0.0086414904216229
0969,0.0367641273527474,0.0139453177003504,0.0303964485126531,0.0066797958074404,0.0306342681394869,0.0103167071130869,0.0261469769078397,0.005012125150776,0.0244443492534521,0.0037312546835916,0.0255548137039281,0.0048745830338046,0.0327641169581549,0.010841896037656,0.0342317907796986,0.0110272906537605,0.0339511333966734,0.010554087502647,0.0296719448111336,0.006945615917494
0970,0.0178296146921696,0.0016197082484787,0.0166034808366089,-0.0002854001966864,0.0137894643507872,-0.0026694859923916,0.0207840330715358,0.0050669621835006,0.0154197714416351,-0.0017707260703733,0.0173073190951801,0.0007051385466491,0.0203227299412511,0.0034341831933012,0.0258987965314636,0.0082238429184042,0.017738201736388,0.0003255086437685,0.0208508984348406,0.0036493331665986
0971,0.0025879683112028,-0.0125481073233222,-0.0032882662126307,-0.0151323272357642,-0.0034971030782346,-0.0163249841243528,-0.002790235600671,-0.0117105880094537,-0.0060436623867708,-0.0173144662988978,-0.0053069660081961,-0.0154795322670948,-5.733137435262565e-05,-0.012534975706525,0.0002564231750744,-0.0086849491053501,-0.0005515007376495,-0.0146031213146747,-0.0030930717360755,-0.0130990610932977
0972,0.0147151216721489,-0.0043775007761419,0.0053374177235246,-0.0096803437842519,0.0120607633746844,-0.0069212506742681,0.005205015315101,-0.0084820521502193,0.0075826653605804,-0.0061031062967241,-0.0014812727693966,-0.0124567970407929,0.0131156589231392,-0.0056728207233893,0.005449344270812,-0.0070976975633235,0.012239322561102,-0.0060686546322689,0.0045046207746159,-0.0091300210001667
0973,0.0135268619487109,-0.0056436288039868,0.0075414532472918,-0.0100669493518327,0.009649270500162,-0.0087606160565142,0.0028454754276078,-0.0125560500991331,0.00783959141799,-0.0095946028061114,-0.0035018057118706,-0.0167691501746204,0.0056108376541795,-0.0097277560833634,0.0063047611297343,-0.0081701234347322,0.0085216560137018,-0.0089681270714763,0.0034098047520589,-0.0118573692966032
0974,0.0063487998699674,-0.0077058352271262,-0.0014973837588404,-0.0143629625319987,-0.0009671059751992,-0.0120686332651082,-0.0016831768603728,-0.0105874895994734,0.0042235467554258,-0.0072936081470305,-0.0063803626733646,-0.0160362781057186,-0.0023410379700617,-0.0135179456176771,-0.0007245129363973,-0.0126177955964649,0.001612068171334,-0.0106411394375537,-0.002343082061219,-0.0135898599929694
0975,0.0132130562715793,-0.0030987580885405,0.0031397138375143,-0.0098721078375967,0.0031197946571863,-0.0100559384588857,-0.0042853958907493,-0.012235703234168,0.0178093760811029,0.0011648780688085,-0.0002775019023422,-0.0100094791618267,0.0007231470707782,-0.011434058015907,-0.0005368040048259,-0.0125394120056436,0.0092509852047499,-0.0059598647389293,0.0005149215075572,-0.0108448177717404
0976,0.0032268077141736,-0.0138396203502631,-0.0046559150835399,-0.0169433011982946,-0.002067248031989,-0.0169795417441904,-0.0038413938283663,-0.0144600964997559,0.0046311406901836,-0.0088574108175864,-0.0028876906531859,-0.013604570696133,-0.000684653354759,-0.0173050914973802,-0.0026420526074127,-0.0150678415058288,0.0016042654231332,-0.0145531887188814,-0.0028311862552852,-0.014846351185171
0977,0.0114558022788834,-0.0039777038054811,0.0110231246718977,-0.0050955465411459,0.0091731565437321,-0.006709442962499,0.0110119473692765,-0.0041276070682065,0.0080518130082007,-0.0051858701070617,0.0095880358313266,-0.0053855126791927,0.0073105932871437,-0.0107895874424246,0.0092921492818077,-0.006705755295162,0.0089898552892651,-0.0070411765101577,0.0114672941018301,-0.0049215703662722
0978,0.0121633633572247,-0.0006901492761612,0.0133638063450698,-0.0008039995252988,0.0089938005934816,-0.0030664588995832,0.0092824704293294,-0.0019572074751435,0.0149760992370167,0.0014762178325915,0.0132138739485422,2.2757437163451048e-05,0.0133629038535303,-0.0030777970915077,0.0099578388638352,-0.0039853280536855,0.0128098348376388,-0.0012039236877593,0.0124342124358183,-0.0015153544529612
0979,0.0126900755990944,-0.0026579963051471,0.0143368664127938,-0.0036766567886303,0.0119334513120546,-0.0037931425188711,0.0139189672851479,-0.0035394089586533,0.0130735215146541,-0.0016362271701739,0.0141628192564849,-0.0032494982314323,0.0151924048873336,-0.0033946391991418,0.0147135391133713,-0.0052104789212794,0.0135555769160322,-0.0029195724534077,0.01437379377039,-0.0039509627637984
0980,0.0240609765338578,0.0132538385539292,0.0189292127220102,0.0101204364987601,0.025729470574362,0.0168948443647055,0.0221409082583038,0.0124674866962481,0.0296096636881617,0.0194397466035228,0.0227510682848864,0.0134960418697289,0.0259146635803842,0.0139143140318443,0.0191812228740217,0.0098323271362865,0.0270131017024363,0.0162787765147524,0.0214141535888264,0.0117822655346941
0981,0.0134975074523976,0.0077447133469235,0.0166291036671671,0.0087535940157221,0.0182164649362216,0.0113189695428046,0.0174325083798937,0.0105601111178488,0.0253422240060082,0.0165752567316045,0.020605265324486,0.0132911113121157,0.0199194443555292,0.0125443356306179,0.0150594479797763,0.0083745821191338,0.0194520806658579,0.0122854930714833,0.0179276189788336,0.0105042462519637
0982,0.0088485316045675,0.0058615348001385,0.0165018033335261,0.0084159455769391,0.0105120180018748,0.0086862192208982,0.0151290272854977,0.0097476496117454,0.013413450158623,0.0092586215410688,0.0170859997786437,0.0099487640473011,0.0121398556202967,0.0087549874660059,0.0146024915637498,0.0077646202694439,0.0114059833048758,0.0085283701946804,0.0163148965313706,0.0092152549502757
0983,0.011448816302065,0.0106594617777215,0.0218622607646329,0.0188165993414869,0.016509463807883,0.0128740455662592,0.0250349556121489,0.022339032352792,0.0166719239591677,0.0136812341973834,0.0236328989405549,0.0192865254198839,0.0129378569669924,0.0096782313322335,0.020922881026532,0.0170297392060764,0.0150279140088638,0.0124546347257343,0.0232345941341549,0.0198569985448174
0984,0.0153423305969007,0.0142284294832859,0.0240888197088604,0.0191950839595559,0.018696608297851,0.0132002870283454,0.0190713626839593,0.0150709582756609,0.0189550471348908,0.0149982603793876,0.0301491362539498,0.0223399214954684,0.0207925254961336,0.016987612420968,0.0264566946064874,0.0206488811537805,0.0197140495712072,0.0156484877247951,0.0258549265189716,0.0198845369305759
0985,0.0216919632218173,0.0237304434814448,0.0350394949935893,0.0305416045743224,0.0243184913797913,0.0213220141735881,0.0307773953809035,0.0270361498509698,0.0240630787277064,0.0244019450891226,0.0378380556582003,0.0320587285231413,0.0287900917430028,0.0280583474628452,0.0310131610678823,0.0275674255306094,0.025000095432165,0.025032232210544,0.0340432996981894,0.0298234407630547
0986,0.0163640739641389,0.0167508963024238,0.022446782288404,0.0208766345886524,0.0134903532890422,0.0129152500742293,0.0212570715574216,0.0208891432001879,0.0178303928758031,0.0197874137220131,0.0238576987855548,0.0210197131804047,0.0209349815598507,0.020332493272255,0.0258441407455587,0.0235043468690915,0.0172632470742887,0.0180868032415409,0.0235978806259567,0.0220398110875752
0987,0.0214902107792999,0.0143172168705878,0.02233720980355,0.015405316048109,0.0189286299172676,0.0100249330329905,0.0225343656335612,0.0166501023721021,0.0226204042737359,0.0169394080420064,0.0227362032192643,0.016743473817111,0.0224277745857469,0.0151822167745461,0.0253279713914709,0.0188063177942415,0.0231423217450919,0.0150491891576397,0.0239463091655495,0.017397905999766
0988,0.0336793112442088,0.0195080455728311,0.0405316348022513,0.0230245287296293,0.0331033467645616,0.0166444262439116,0.0321121297218329,0.0150347143659829,0.0299621830947651,0.0186925794251779,0.0402559403735245,0.0230863592643259,0.0309133325603368,0.0179123634685889,0.0369770949921092,0.019408345928835,0.0330015783167469,0.0187808496911478,0.0389605643594642,0.0208106575840583
0989,0.02791297569509,0.0117360210346427,0.0400545936639342,0.0186880805805789,0.0225055603404808,0.0046177050893547,0.0323430053156647,0.0112227324392664,0.02919555383169,0.0109448780121878,0.0359108902392656,0.0142448580036562,0.0267289772803541,0.0081214315841377,0.0392189809409952,0.0161977475793149,0.0274300644057182,0.0091731939649267,0.0378460849396589,0.0155321953660343
0990,0.0346062690774004,0.0192432323117639,0.0470592871010686,0.0285726974267515,0.0288999516276615,0.0139371127029995,0.0418226793094851,0.0228780295249004,0.0372177942561129,0.0190531247182367,0.0439779760664089,0.0249957942194813,0.0333647503046752,0.0165953658832569,0.0400808083952846,0.022193426553343,0.0351214401679382,0.0178237386072513,0.0440124168214753,0.0251619808393278
0991,0.027195810276285,0.0154359464385395,0.0378597928143783,0.0238555000026932,0.0220928374943244,0.007282740079179,0.0322419886770318,0.016876901541603,0.0304053885011555,0.0147156028061793,0.0391602955259355,0.0217141944268309,0.0273385362537505,0.0125210736785903,0.033258410000239,0.0175725807740699,0.0278593527694835,0.0127995883826706,0.0364472348942757,0.0204429889915377
0992,0.029214828894044,0.0111511051666885,0.0337330915668399,0.0160457902590904,0.0264535433092424,0.0062697049747227,0.0289265301818408,0.0107333591637955,0.0336829230629424,0.0120665059113434,0.0348038467252888,0.0152634897256534,0.0229935960039448,0.003504376066565,0.0311278642114313,0.0115029956978052,0.0299092606735136,0.0088199716162848,0.0333822239986132,0.0138815407843777
0993,0.0251326342563455,0.0063353441551945,0.0238782310401213,0.0085329365582371,0.0231761733248628,0.0025185388442041,0.0190015536823685,0.000669845939514,0.0282220104499055,0.0061098920767701,0.0248779288388449,0.0047879244816826,0.0188930051252977,-0.0014200940593521,0.0154179229767587,-0.0026685520621415,0.0242002567027137,0.003343979949181,0.0213874972394476,0.002864476528718
0994,0.0338820594814042,0.0110431437110732,0.0344870533451878,0.0137601265043645,0.029148472011142,0.0081439090152825,0.0285391807554961,0.007964292676717,0.0337029747860179,0.0107731926521513,0.0289464576323098,0.0098286070977376,0.0309177476498603,0.008631361386953,0.0280555152409522,0.0075033940481104,0.0333897071556538,0.0103380733033802,0.0312596247745356,0.0101147529841204
0995,0.0294752383920306,0.0085152143507215,0.0246286851906302,0.0054485706030569,0.0211884237675774,0.0004084782275655,0.0184994722513183,0.0003767302439659,0.0270890238866722,0.0071755248318505,0.0249491423998826,0.0084361839367642,0.027248076950487,0.0069905630214983,0.022646603025416,0.0033600687208411,0.0270205523383224,0.006025147897107,0.0239319768027652,0.0048161853893827
0996,0.034911585465273,0.0190107178106283,0.0294186002991427,0.0150208026507657,0.0287362118230085,0.0146336716708629,0.0277659814523944,0.0127440416449527,0.0382967979680698,0.0230354191419723,0.0345276608631841,0.0200880086674001,0.0334581499469024,0.0203196331583605,0.0277926232771578,0.0149051179174032,0.0348696468715537,0.0199547694536316,0.0302495152680097,0.01588576514909
0997,0.0239732015956126,0.0065165416158331,0.0259830143646417,0.0087186080120377,0.0225897005249597,0.0050855025096925,0.0282053294964331,0.0084823252107892,0.0285841252687393,0.0114824560200116,0.0301614909130317,0.0132453628453723,0.0242802609997292,0.0092880019557369,0.0238398483201091,0.0075138980004643,0.0252716591263787,0.0083008511207436,0.0276048531491115,0.0095611974463215
0998,0.0323313898116713,0.009719183343286,0.0350804515981759,0.0156669512090422,0.0344343872847604,0.0132178106344641,0.036316532261059,0.0170643852941784,0.0376886544998531,0.0156395792276977,0.0403689176128301,0.0197265877775323,0.0399406879458107,0.0195213357253037,0.0349983866030261,0.0180245689577522,0.0372905507408445,0.0146793576302522,0.0380546982166816,0.0181268571596226
0999,0.0262754949179845,0.0109547235438408,0.0343187853587069,0.0219739066487799,0.0258380349993979,0.0126410456854843,0.0307679940785711,0.0209574805221346,0.0316459260077341,0.0150188887886307,0.0327869360908796,0.0218840771564989,0.0322024605726554,0.0188352347503823,0.0332081037412376,0.0219343942609216,0.0311480649060097,0.0151243824953884,0.0337033166231636,0.0222323759882634
1000,0.0140845205426381,0.0041997446183661,0.0284072005210101,0.0156125809815342,0.0149359052451169,0.0054155152464359,0.0272600133325974,0.015489094383574,0.0220876967068633,0.011379533803478,0.0306888567819345,0.0202873386737335,0.0171663096182216,0.0101449199131172,0.0286217703061466,0.0179579973779,0.0187311942731891,0.0082739152506443,0.0301022432616654,0.0180208299149673
1001,0.0071718186317582,-0.000478575010097,0.0111799488167826,0.003595033067469,0.0024489735093549,-0.0051723703362358,0.0089150221111409,0.0015284304888668,0.0100563832623182,0.0025409997275807,0.0147127204229844,0.0091779491698496,0.0104772073251035,0.0067670325981817,0.0135651384292819,0.0089071967651632,0.0079262283808869,0.0008817919986364,0.0118425559741292,0.0056583311155137
1002,0.0158442435005511,0.0053310281798541,0.0207392517115869,0.0116815596316931,0.020565284144993,0.0079522551130321,0.0227775656848675,0.0135862423695888,0.0197216127019933,0.0084326843706111,0.0216727113079052,0.0139263418349498,0.0186151195112735,0.0109306090655965,0.0268610184531213,0.0189194021408802,0.0190688227434168,0.0082392200611327,0.0237439822656627,0.0149205001851515
1003,0.0031083056469724,-0.0004620435314347,0.0047300303485394,0.002267846692179,0.0076933098909886,0.0031234534198373,0.0063192294129486,0.0039850640466108,0.0093810632894272,0.0058870711443456,0.0092307762869007,0.0077108809222237,0.0118669474525012,0.007186647138729,0.0090935873579648,0.0078417248902296,0.0079696946744537,0.0038002889570475,0.0073826119978807,0.0054582610644176
1004,0.0011499858046056,-0.0037349941917236,0.0088153016931401,0.0035888939755782,0.0015870422223444,-0.0014534847282973,0.0104626773839196,0.0058333370809701,0.0053680451112854,-0.0005842009324407,0.0138945437847245,0.0093360562775892,0.0045979570449136,0.0013304495654493,0.0145327386344052,0.0090967676670401,0.0025260298849441,-0.0013720123188591,0.0118407963161402,0.0069298838301136
1005,0.0084535441185004,-0.0044203203119413,0.0131648151848495,0.0018188919364,0.013007438161663,0.0005702671838831,0.0157282639208979,0.005314299860295,0.0178318225220441,0.0035609300355309,0.0208100874562894,0.0118778443035514,0.0151238385429056,0.0005911764817833,0.0179425675219665,0.0055730360492436,0.0133460670666043,-0.0004813900976617,0.0176268893305678,0.0064030488921438
1006,0.0149761284754564,0.0063370091325353,0.0184073789887031,0.0113574391228566,0.0142538515056518,0.0063692828103798,0.0173863888071949,0.0104586869691141,0.0183508146587995,0.0091996096137188,0.0193965589257478,0.0135838764984025,0.0153176955597513,0.0072890904501881,0.0153396282747421,0.0086478296991762,0.016558025666744,0.0073167658609091,0.0184252188589432,0.0114191358289449
1007,0.0127494216066533,0.0013698100117629,0.0126995844917036,0.0033836114656819,0.0135560997145132,0.0005223969852484,0.012713617154299,0.0027611747615221,0.0122460500988476,0.0023117581500376,0.0136341445079002,0.0079845425373633,0.0103680340055539,-0.0012878510924595,0.0098436261329484,0.0014392832507344,0.0116948322872623,0.0004770316065199,0.0126644296777779,0.0042197064875133
1008,0.0115280560627501,-0.0031618987997686,0.004521931754558,-0.0055269910946788,0.0125435615768371,-0.0019587704038325,0.0063154955017418,-0.0041630892151804,0.0108108175659524,-0.0013497913774387,0.0074899740112277,0.0001385013532585,0.0119556314196444,-0.0010015061573985,0.0081263338885863,-0.0015209318368173,0.01212496254738,-0.0019032817587706,0.0069865358584281,-0.0026886855021785
1009,0.0159776431922782,0.0006556413523841,0.0130011440660766,0.0028877755396956,0.0201201712938724,0.0038550749420275,0.0160767547656828,0.0033095597204178,0.0202139790487483,0.0033726477585423,0.014505476044594,0.0024353784886313,0.0148195111331503,8.762520282994051e-05,0.009724972896598,-0.0011332157608412,0.0177692967674522,0.0019144725321678,0.0137472337963258,0.0020714857895054
1010,0.0227787152528324,0.004455137446598,0.017578056013228,0.0068001309425603,0.0262505275717389,0.0053969889891626,0.0161978143730086,0.0031254255350305,0.0237033645637948,0.0029054460751231,0.0188877323867238,0.0063085772282786,0.0250936945525981,0.0054993131160905,0.0155123951738787,0.0038283595524834,0.0263644319553697,0.0051908242607792,0.01802683226822,0.005417592563374
1011,0.0045697500351188,-0.0152480520641856,-0.0015626160774666,-0.014039255889399,0.0088837343600666,-0.0106413581163907,-0.0019112616318349,-0.0127749645318048,0.0097381754006068,-0.0109899976725395,0.0032018121842689,-0.0091761084167478,0.0089414418480751,-0.010899082229285,-0.0004654987452818,-0.0127083144191715,0.008489355235352,-0.0123228043128325,-0.000281230872924,-0.0122813431647506
1012,0.0063687294758119,-0.0137262965976547,0.0001634303666557,-0.0152996022502148,0.0097184588282504,-0.0123621584370132,0.0001713351938273,-0.0137025146777373,0.0059743613910063,-0.0135966860820039,0.0045925447498846,-0.0109378825423779,0.0048310208665129,-0.0130715872299642,0.001825539140838,-0.0131054618580142,0.0077382270603459,-0.013151683794103,0.0021761221232594,-0.0133172069407017
1013,0.0065220838281566,-0.0105238585350579,0.0066187774956406,-0.0061156403457019,0.0163717859480117,-0.0037567244721821,0.0091063547618239,-0.0038344321811758,0.0147387781392292,-0.0038349066695859,0.0173519988263239,0.0008535766833661,0.0091186588395304,-0.0071814765665666,0.0088590473003284,-0.0028726167775604,0.0127170832647142,-0.006063025709854,0.0102464465058238,-0.0030438882009428
1014,0.0259649730918118,3.755572236760113e-05,0.0144073198885409,-0.0064117543441852,0.0265005840460805,0.0019689033114946,0.0133008060730922,-0.006723630593558,0.0312087725383117,0.0086421690304996,0.0220922633649953,0.0006531012506009,0.0270002642640957,0.0040582819294966,0.0207382949962611,0.0010374915619305,0.0301420903819245,0.0044940350858096,0.0187184041363556,-0.0026690648580746
1015,0.0219535545904294,-0.0059811346062142,0.0200097476873271,-0.0057094518201909,0.0263488685516388,-0.0022074908017746,0.0163118647238545,-0.007909164665342,0.0258772121773612,-0.0005446069827159,0.0280847691436032,0.0011627414795847,0.0200289039045541,-0.0060635172866138,0.0176037711995763,-0.0049124393182798,0.0245823933342921,-0.0038749156655041,0.0206949337134299,-0.0047388069118
1016,0.0242421023700694,-0.0058668419306429,0.0161100073228444,-0.00831561733408,0.033876425611689,0.0053001164018576,0.0191458779058274,-0.00317721746101,0.0287224616741973,1.5423915586931678e-05,0.0207327001246353,-0.0064012727961381,0.0270864375419497,0.0005164225298341,0.0219415340329765,-0.0025956184784001,0.0301564222681361,0.0004504138331993,0.0194786275856019,-0.0054620440904576
1017,0.0107678646437307,-0.0081387829045672,0.0076362274765725,-0.0105359948133305,0.0120415839336395,-0.0063781281543158,0.0073236814494436,-0.0076094004335332,0.0163071023280623,-0.0061240766234632,0.0164498653121623,-0.0026272699771755,0.010264542434206,-0.0081741115843496,0.0109880640603739,-0.0054061728788193,0.0135534277129209,-0.0072319179735878,0.0109178147002885,-0.0068253410015093
1018,0.0256912909685009,-0.0003048454792803,0.0203840096910459,-0.0039854381763469,0.0304762183774351,0.0022841189822268,0.0243229894928193,0.0011309776234994,0.029429297389796,0.0023220636060401,0.0236053319074291,0.0003648781652574,0.0243251142262881,-0.0004165637937404,0.0185681463241508,-0.0031616139697233,0.0294042876832811,0.001200113570772,0.0217903755553199,-0.0015702004789569
1019,0.013304663985027,-0.0100171536717782,0.0168256698181968,-0.0049270232751417,0.0166232279842142,-0.0075271908291428,0.0205107951967518,0.0004416629781496,0.0140248815751111,-0.0072506157642215,0.0161042006427346,-0.0026601806901359,0.012252686036194,-0.0092191358092518,0.0128820573914841,-0.0053206813865606,0.0147614145286708,-0.0087876906873061,0.0175620470406123,-0.0030072993918647
1020,0.0081483168069859,-0.0103634225040721,0.0105167295601196,-0.008010419029746,0.0112758571397054,-0.0102376959564237,0.0143102806977465,-0.0044530808439857,0.016172080870555,-0.0039508917302593,0.0159907090511247,-0.0009762193190644,0.0086821550749374,-0.0082513634933089,0.0122028172526991,-0.0043252674699226,0.012540570186105,-0.0081589135289613,0.0140832330851505,-0.0043983803257212
1021,0.0094798381294877,-0.0077391932017209,0.0078215050571664,-0.0098222247663614,0.017912679289432,-0.0032286574281363,0.011219500018788,-0.0079925689249159,0.0088078485245804,-0.0084492100473259,0.0049960344782693,-0.0091534060704256,0.0074367189327867,-0.0094466507060371,0.0071850336121213,-0.0104953753667834,0.0122518156825183,-0.0072815047770272,0.0084280587817179,-0.0096380688498912
1022,0.0125194446669949,2.050589749848324e-05,0.0030025780426266,-0.0041247380767545,0.0166568981765829,0.0029773864182107,0.0063161054015973,-0.0025275083877156,0.0077610543149318,-0.0036858333879317,0.0013645141669026,-0.0032026256059519,0.0098814253042605,0.0026294570234548,0.005895463878198,0.0010480328982856,0.0121296388165158,0.0005719510590285,0.0044827779940923,-0.0021346534723054
1023,0.0078930577712187,-0.0066242873692357,-0.000694464435626,-0.0125757504495253,0.0058591876740867,-0.0071053783241033,0.0012538981392193,-0.010422346952623,0.0044016016774667,-0.0098745344745467,-0.0029748145071257,-0.0129939435594103,0.0036330304429803,-0.0069882457583673,0.0019255731387397,-0.0089553912385968,0.0066339714233778,-0.0074666821606891,0.0002719845677309,-0.0113063844853103
1024,0.0057704269304364,-0.0090550773898422,0.0027376930023015,-0.0137197492249619,0.0077323463445872,-0.0109595411860724,0.007774147806694,-0.0086530119187864,0.0129674302221474,-0.0049821308279137,0.0073966676379073,-0.0107603356644356,0.0099783002469404,-0.0037614038683368,0.0080757920309625,-0.0067082898551114,0.0103953183625339,-0.0071230800068231,0.0074188480133358,-0.0098613451227877
1025,0.0003502086975161,-0.0160506973739925,-0.0041764689282398,-0.0228824741629629,0.0086841447017401,-0.012006373340938,0.0024196014099441,-0.0163830977712843,0.0092018122508213,-0.0119946770187249,0.0039088196261366,-0.0153893274275388,0.0090284741579512,-0.009437705056155,0.0015764602890774,-0.0168854589954783,0.006716812272291,-0.0130439285457665,0.0017071278863083,-0.0180427310096126
1026,0.0063472478972198,-0.0114255617272417,0.0101150389310395,-0.0082471149295867,0.0129533757122536,-0.0081587163571211,0.0122828802239111,-0.0066306224943225,0.0137344169686432,-0.0067571277952152,0.0144515370569985,-0.0047205825395695,0.0142882239527389,-0.0037838683722928,0.0175361483372922,-0.0015875858556339,0.0127644288639999,-0.00760653665009,0.014413856414391,-0.0051634278121258
1027,0.0178291727396835,-0.0037824098517301,0.0189045304666584,-0.0021808356726697,0.0178028774293477,-0.0037566553752682,0.0241145647990536,0.0019381939428108,0.0221098824489292,0.0005688879490908,0.0231257681938555,0.0022045064676227,0.0213997540782859,-0.0002284848282817,0.0258927781389866,0.0053331362994498,0.0207491987692056,-0.0017364024311814,0.023796120986361,0.0018964842376222
1028,0.0287926930974233,0.0067038694102707,0.0341400899635251,0.0142282702161133,0.0318178934710396,0.0098371283544441,0.0339481977557326,0.0148395502560817,0.0351457741418304,0.0141699837177536,0.0383135960321215,0.0176407806834628,0.0353258403801472,0.0149557563462096,0.041004020821692,0.0225681992114578,0.0354019063904417,0.0122814993659536,0.0376327042777969,0.0176208411740375
1029,0.0263128706618028,0.0068984652991478,0.0288942312252129,0.0109678245632138,0.0256789192849879,0.0066120108300555,0.0210328920975777,0.004913530746836,0.0240830824626343,0.0082290599516828,0.0202849474316303,0.0075008673312449,0.0298227778702714,0.0133038982347223,0.0287318549263318,0.0142901404567437,0.028780566665569,0.009613922142905,0.0255429972169404,0.0096627863687529
1030,0.0239242894982461,0.0070789078811848,0.0261169806885467,0.0059003555785395,0.0234032552339604,0.0053138150267976,0.0203258118580357,0.0016066717126969,0.023974033642162,0.0067416557172953,0.0196860593363932,0.0018097208948614,0.0206961928247398,0.0036881289325381,0.0238766920149652,0.0066718952741325,0.0241365714569894,0.0060002955107038,0.0231360393234473,0.0040028892376336
1031,0.027921477296264,0.0102585693426674,0.038770171154972,0.0195021530179906,0.0304287885166951,0.0134036230263365,0.0322909951632966,0.0168466750075743,0.0332364527266546,0.0139952631540983,0.0317637045549529,0.0155223456864328,0.031472224164681,0.0158110068955337,0.0355037917281057,0.0175743019651555,0.0321252597808284,0.0138779911461187,0.0353142067395097,0.0177127019424697
1032,0.0007549847845909,-0.0156854213435686,0.0142599280202829,-0.0039640876206671,0.0004772744049834,-0.0159689277583876,0.004586017924117,-0.0092662939463961,0.0072609007329317,-0.0125810821637345,0.0045579561794277,-0.0084486404927977,0.009580058684275,-0.0090262157005728,0.0139499843191917,-0.0027851346045879,0.0045830461285881,-0.0139891133346366,0.0093298196193397,-0.0064087109483294
1033,0.0165203222823128,0.0017283910075153,0.0152799773982942,0.0039041976019786,0.0150478787956857,-0.0001465964287413,0.0117375857925273,0.000747137664271,0.0186315226744796,0.0026081437941886,0.0122791703771396,0.0010094990956244,0.0150758616243094,0.000607274441914,0.015459530614661,0.0024965023254521,0.0173407499368574,0.001251015198753,0.0131377233251629,0.0017698629531495
1034,0.0283013605049705,0.0150056401400848,0.0337067885961317,0.0189208700872182,0.0296432610418868,0.0153277310499356,0.0276981356615303,0.0152784506327638,0.0219506834332453,0.0086840026663475,0.0244183737030818,0.0118020263040839,0.027097432210866,0.0132312895396192,0.0272961049212204,0.0143332852027032,0.0282349491245177,0.0138857785714214,0.0287033482379855,0.015488320004752
1035,0.0155318610502007,-0.000454972964685,0.0228210588708155,0.0060628906478915,0.0178882147678617,0.0010925133549431,0.0210652154957033,0.0042451522227859,0.014915474877689,-0.0019361626616167,0.0185660229690966,0.0017172092437957,0.0116461576869361,-0.0037302956422255,0.020450316638095,0.0027520170619248,0.0153385704981312,-0.001220569984352,0.0215623579216329,0.0039370890790723
1036,0.0178695089146848,-0.0025699339471951,0.0159031733015028,-0.001162867972555,0.0143318197064935,-0.0064532284447129,0.0132191317626354,-0.0060473014777066,0.0084361901265709,-0.0108713279049234,0.0084266677180563,-0.0093656866139929,0.0086543984846086,-0.0108606614696081,0.0113830546913414,-0.0062476985723274,0.0121632765247945,-0.0082057741395789,0.0125659285678386,-0.0058073101012638
1037,0.0129064655267744,0.0023772876637935,0.0222976731176967,0.0110165493912854,0.0139051588832012,0.0003547628151835,0.0203565000275677,0.0065631254273169,0.0074331126661973,-0.0026071302063971,0.0137124902659077,0.0031586503864496,0.0101499430256956,-0.0019239150228368,0.0165417902519185,0.0058435410348607,0.0103011262179864,-0.0007592667250593,0.0184684912353384,0.0066835335731694
1038,0.0258995942260256,0.0132946058759307,0.0332595989363528,0.0198276410125911,0.019050386896396,0.0050794983814011,0.0261531842990202,0.0110376307743926,0.0276732917468158,0.0128332271948465,0.0261182425307748,0.0142574026525965,0.0255631336775339,0.0077703351488785,0.0356382090249567,0.0194999440507964,0.0253524380883224,0.0100876995346879,0.031426268080026,0.0166709398291529
1039,0.0336993649864382,0.0189297485574929,0.0315361350256626,0.0177420566425596,0.0285545489747226,0.0125437388523296,0.0276187095142002,0.0137926947055805,0.0330784514342052,0.018668284870851,0.027321906214097,0.0151086624720901,0.0302652718686814,0.0147598500444696,0.0322768628410712,0.0185559920393982,0.0322376903742936,0.0165031689326524,0.0296759592620549,0.0163950181349737
1040,0.0189122721053589,0.005649818909369,0.0189432280531536,0.0105560597499809,0.0140286880923404,0.0008104311847003,0.0126833369775871,0.0030902027064854,0.0169615119544911,0.0049258610509574,0.0148759089651366,0.0069501530129021,0.0210250744141879,0.0073278979142423,0.0205652277994374,0.0108460675239279,0.018118447830009,0.0046545303684172,0.0172986648984488,0.0081299129454977
1041,0.0120425315113891,0.000290782383147,0.0152017726673569,0.0065242159310999,0.0156823106674918,0.0025203228270946,0.0159434693633386,0.0060324675800929,0.015180735164803,0.0029153988727444,0.0181622300862871,0.0078492438629932,0.0154995298372512,0.0022527030120576,0.0194150863535329,0.0082731312218091,0.0153268024802773,0.0020514987917939,0.0177905076015732,0.0075373435781052
1042,0.0157961586868021,0.0055627899937825,0.0183543432781752,0.0094804218428085,0.0258276164158565,0.0117395055871233,0.0199867930433616,0.0097018478759521,0.0216796804927148,0.0102978978980341,0.0176133250014575,0.0094249073874063,0.021244111791651,0.0095892508500561,0.0198768259456771,0.0077516581984055,0.0226537207953913,0.0099484475414686,0.0198458692552488,0.0094874688341704
1043,0.0149570175610727,-0.0011251177916728,0.0146423999320449,0.0032924217598613,0.022059736856615,0.0022797330856249,0.0162358150475775,0.0007521948312717,0.0165252283377316,-0.002081216037553,0.0154833167750005,0.0011116599369752,0.0235906484674891,0.0043672133273352,0.014511691360444,0.0021868787083624,0.0200266326955983,0.0009165526585197,0.0154145063683192,0.0019676905347003
1044,0.0240239214943302,0.0049204538672993,0.0228440439113334,0.0080987471851979,0.0278250135957516,0.006034680011974,0.0224695658162304,0.0054043468508653,0.024454033122726,0.0046148386240838,0.0240393839598944,0.0093083778029136,0.0329118698579557,0.0139895864648256,0.0274845612138499,0.0122324179562722,0.028031007850694,0.0073611378701534,0.0245033670184353,0.008951642795902
1045,0.0128860111549046,-0.0094024040956751,0.0153226232467917,-0.0023642815042917,0.0148842559032288,-0.0063819746721045,0.0092809063627511,-0.0082809894135921,0.0129077468539635,-0.0077716477498933,0.0124720201710506,-0.0045563047222475,0.0154848053741438,-0.0060448291244207,0.017336769928793,-0.0003032376120519,0.0136906084753417,-0.008037990288484,0.0138192076447168,-0.0039192116835763
1046,0.0123568549496142,-0.0121341007100782,0.0105803222237126,-0.0056957978277661,0.0162925892533622,-0.0052444088500076,0.0060737388424648,-0.0099847476432719,0.0144579167381132,-0.0069949839442413,0.011997740792825,-0.0062110877960464,0.0170878445990536,-0.002241271722188,0.0125871232765452,-0.0033568479616725,0.0142206967050863,-0.0076074217392996,0.0105812040557858,-0.0064260150267341
1047,0.0125798768907951,-0.0089497856162025,0.0078690178343746,-0.0081678198195384,0.0073196348989051,-0.0099072306569757,0.0081801401164561,-0.0096879115788398,0.0091319013069709,-0.0102321058276988,0.0141261205603547,-0.004811491837011,0.0160521906365207,-0.0028772375772674,0.0151369410235459,-0.0013966568516297,0.0104286936948042,-0.0087835182833898,0.0102816210979192,-0.0065764290396198
1048,0.0251527301145555,0.001902114780446,0.0206803692348302,-0.0002500961256413,0.019617841416636,-0.0013481239508018,0.0132593098547735,-0.0064923475951333,0.0198339112585888,-0.0039110145646705,0.0170935514226023,-0.0020079222092454,0.0262381110107127,0.0053177543926988,0.0240836261812371,0.0046418651002004,0.0238949892348281,0.0005922774480829,0.0185633182403264,-0.0012276765495298
1049,0.0298541311876715,0.0063227749698759,0.0206813654514637,0.0006656770968125,0.0277813557752949,0.0101992347189854,0.0171804154971466,-0.0024462035251589,0.0242325523352928,-0.0005959327011876,0.0215970430635467,-0.0003885218197696,0.0288999422701171,0.0066425152754065,0.0217128411022076,0.0015393812806253,0.028786130987184,0.005819261030366,0.0208690827107268,-0.0001170686352188
1050,0.0245792607702748,0.0027361462352456,0.0289871843926284,0.0057289787140559,0.0235748363923451,0.0062975008751835,0.0251689305773737,0.0035245688095487,0.0234166470703221,0.0004645332274266,0.0328590232525208,0.006526248572354,0.0301763330740375,0.0061103591086674,0.0302730926974804,0.0063221868126826,0.0277732887730996,0.0046881969144538,0.0304653833936163,0.0058171064824191
1051,0.025469353636983,-0.0019261897998946,0.0239475314350521,-0.0031560657642419,0.0230635634965953,-0.0041031999754947,0.0204446751977082,-0.006388459979434,0.022053777157042,-0.0040069132327945,0.0259662560062942,-0.0002705316893157,0.0275988690446804,-0.0007368867651268,0.0251195861397208,-0.0009091496795464,0.0266301015856052,-0.0022955581626491,0.0242909901717818,-0.0027906866401573
1052,0.0220733159037101,-0.0019565018582972,0.0158059016559959,-0.0088336194851449,0.0189771628577834,-0.0033021453142072,0.0159885608447258,-0.0072264289261903,0.021561506469239,-0.0040534292999937,0.0194855366157162,-0.0045620449134003,0.0203471676736015,-0.0033415654937796,0.0096181404830152,-0.0115638721495474,0.0219724405198171,-0.0030966602710277,0.0152551955782584,-0.0083587339300814
1053,0.0042290685123059,-0.0151046961548825,-0.0008331651160018,-0.0203004700356718,0.0047446194143348,-0.0143210868057084,0.0036720225710523,-0.01333838225069,0.0079042814518485,-0.0135522395422448,0.0060501937293536,-0.0125222836849772,0.0055241886434446,-0.0131245667103587,-0.0012337475241244,-0.0160140428782986,0.0063229367956453,-0.0141899861911919,0.0026850528439606,-0.0154534187828197
1054,0.0010993140888347,-0.0116644609323949,0.0018510291912458,-0.0136899420997802,0.0073807713266199,-0.0083343751077522,0.0101482369476942,-0.0061623892253871,0.0042235398672866,-0.0110498041814757,0.0064863463158091,-0.0101236469414034,0.0084943887090454,-0.0035180720702995,0.0025490291200664,-0.0097404984839779,0.0048415759021491,-0.009221301127604,0.0060551923375371,-0.0099292540160864
1055,-0.000850210831357,-0.0105558101996607,0.0047742919769063,-0.0079345528955245,0.0015905279498752,-0.0077365468107236,0.0115895602501235,-0.0004164279350941,-0.0023155351270263,-0.0105357909829177,0.0140953280654175,0.0002677673172607,0.0026104799766678,-0.0040704026107353,0.0077665665190951,-0.0015513586649494,0.0007070372215008,-0.0081725108593251,0.0106861722485482,-0.0021755436596946
1056,-0.0136389661515307,-0.0244681433853743,-0.0059001418731734,-0.0199024414622664,-0.0074565603161362,-0.0179133581366128,0.0002658774080095,-0.0136966858330833,-0.0125371669877128,-0.0233693181978124,-0.0020598610102987,-0.016848543928819,-0.0116050827946704,-0.0231884266453289,-0.0081314727042896,-0.0194065597796814,-0.0116053815032852,-0.0228244705016609,-0.0040327610071555,-0.0178631131257182
1057,0.0073207987125657,-0.0056570776680028,0.0093033866457956,-0.0042517382545657,0.0054479688761013,-0.005333136979474,0.0166946819399386,0.0001324490001484,0.0013361190624174,-0.0094929287676837,0.012057721894356,-0.0033137450861806,0.0071624739842574,-0.0044971810698693,0.0084622061719632,-0.0039817103065766,0.0055815472840748,-0.0063300134019659,0.0119604909005759,-0.0028170942966956
1058,-0.0011428913576665,-0.0163096846432384,2.252807256654754e-05,-0.0143960014467118,0.0004142032766796,-0.0131526974831336,0.0055033376271575,-0.0101980333601155,0.0010085323997006,-0.0127023127999785,0.0077832476058671,-0.0076943651725993,0.0040001023739318,-0.0096174682046241,0.005543768589081,-0.0072134025420733,0.0006448779315829,-0.0135140132419571,0.0044890407268258,-0.0101652004464778
1059,0.0125762643263781,-0.0019502793962318,0.0043995491343532,-0.0064682692163184,0.015922952240366,0.0034775919576351,0.010671166432622,-0.0001944488050723,0.0127947918340153,0.0025009291052492,0.008262936519457,-0.0003120301771011,0.0105020825812599,0.0004830803254915,0.0063819075099772,-0.003437201155249,0.0131531800463122,0.0009326650336814,0.0073124620334453,-0.0027425858589133
1060,0.0174364595718569,0.0025189986245897,0.0119197227655798,-0.0004802150917991,0.0214359079363749,0.0047172323552163,0.0166273306468614,0.0033764274552308,0.0143896512961554,-0.0013923076159311,0.0097407429782059,-0.0013711982573766,0.0119795268927809,-0.0020747553696711,0.0068572220393289,-0.0034425183634662,0.01651791792667,0.0008623779366293,0.011404491119231,-0.0005130854553902
1061,0.0013193989415664,-0.0072787666396616,0.0012981886087891,-0.0073646115019104,0.0089066785526337,-0.0027873805386003,0.0083305459178786,-0.0010087950366504,0.004456908654111,-0.0053376660715064,0.0050569477994883,-0.0035205249135075,0.0012676985299033,-0.0089544519548393,0.000753082238046,-0.0070410229959581,0.0037838398317783,-0.006319901269086,0.0025063571610472,-0.0055013898519554
1062,0.0147874068663338,-0.000656034159124,0.0072303151684235,-0.006596184151784,0.0158008284814405,0.0005284458622378,0.0132329870545347,0.0005572270424216,0.0127862188753958,-0.0024746065318013,0.010159916350156,-0.0034025741775323,0.011841046037144,-0.0039943669568203,0.0078509938342829,-0.0045255014325467,0.0148449779739945,-0.0012475480583095,0.0098396854146134,-0.0034801887981414
1063,0.0017590290631437,-0.0092988429352979,-0.0020292539378427,-0.0115736716817253,0.0079826708194789,-0.0036998663983344,0.0005359462459703,-0.0078447006029933,-0.0002961935637825,-0.0117838469251216,-0.0045464188527858,-0.0135225044013497,-0.0030442264438724,-0.0148032814891115,-0.0035351522996603,-0.0121576978544234,0.0015307429467096,-0.010051153588657,-0.0034366612432469,-0.0117321814712997
1064,0.0126946232152311,0.0020795430745683,0.0048506261908288,-0.004129325282057,0.0193582363181985,0.0051378832359546,0.0105142223348347,0.0023035844657081,0.0120075937230103,-0.0012137495062131,0.0141759147869996,0.0031371372972501,0.0159373532238086,0.0015470657621891,0.0134566380075025,0.0026980210302789,0.0164952647131735,0.002370749213717,0.0108876484235454,0.0009919118450936
1065,0.0191886224859933,0.0127842954107375,0.0167860483062661,0.0119495484987589,0.0256216145923131,0.0168237272239436,0.016626581495598,0.0117804587431069,0.0257679271278412,0.0174481091215681,0.0239698200893825,0.0178492802302209,0.0209289432429318,0.0126310385023756,0.0211735445107975,0.0131655767984712,0.0235698549037581,0.0155289283909081,0.0197315343829947,0.0138874808773977
1066,0.0169996737791711,0.0085314756501356,0.009363677790449,0.0015127188256278,0.0225374261298615,0.0100259274666654,0.0126008362578672,0.0030540451289917,0.0195023142304204,0.0072034313589257,0.0136788266511509,0.0057915763023965,0.0179115726314293,0.0063437124676069,0.0137006456179374,0.0047163240750371,0.0186773643466026,0.0077563486943942,0.0122207406361723,0.0036402885767892
1067,0.010124214892309,0.0036169717702419,0.010439608055611,0.0053999558266147,0.0125123371415221,0.0044278188601858,0.006806235874738,0.0017595508603195,0.0161533243876708,0.0061942149264276,0.0139341323810083,0.0085450148559201,0.0097648666860969,0.0014311948666542,0.004971714919531,0.0028483644416197,0.0121747330549268,0.0040127825064457,0.0087069063796062,0.0045905628802625
1068,0.0083098725343671,0.0033025140639604,0.010395432028473,0.0030828345397199,0.0106174178751027,0.0054105707169266,0.0047774176107465,-0.0008404229506705,0.0109507629333884,0.0025254883956358,0.0071254243610053,0.0007760489059946,0.0089424366661293,0.0022405210496058,0.0067589968553804,0.0003735604510778,0.0102753020105349,0.0035382410622412,0.0072240095399403,0.0007972393852119
1069,0.0046894894905168,0.001095633058575,0.0053192967313325,0.0019830060387889,0.0020517784702139,-0.0006876992838911,0.0041751139024775,0.0020796317654418,0.0020092748738276,-0.0017038443130348,0.0035294375286683,0.0012458517026908,0.0037127030598186,-0.0009348980384755,0.0071712156997164,0.0035435086312272,0.0025101903967606,-0.0007479332096185,0.0049932288412838,0.0022474495413928
1070,0.0070329503046408,0.0012512712690297,0.0084080233359015,0.0040558125271337,0.0153528612003259,0.0094434704734786,0.0110349199426359,0.0069778895226211,0.0135287732745004,0.0070562917058047,0.0111206681000794,0.0068641786670492,0.0089141667441807,0.00171002133982,0.0075930931492428,0.0022404403649162,0.0105935736320168,0.0045936214983102,0.0091813035094776,0.0048238039542323
1071,0.0077349643841515,-0.003155396360961,0.0088982024389678,-0.0011551765362727,0.0111819485628742,-0.0007475378101568,0.0080503238557408,-0.002150920835873,0.0098863356157877,-0.000411627609257,0.0113488181373076,0.0001895969264656,0.0080260487883149,-0.0051049059592649,0.0086732060946662,-0.0032402391321399,0.0090154761131587,-0.002421775446959,0.0093807258839671,-0.0017135233658558
1072,0.0148244724674676,0.0103124962276755,0.0150571184916821,0.0102228773563155,0.0193801514477116,0.0137013702598768,0.0148264836055825,0.0106991371580332,0.0173898950851453,0.0161925804485486,0.0129311257247724,0.0102775367010675,0.0151656825071319,0.0115362037786575,0.0104997335027767,0.0074480123391813,0.0164898846302225,0.0130796763581866,0.0121392992102775,0.0091854393394478
1073,0.0180010088563162,0.0085808055399355,0.022539436414436,0.0120412983301366,0.0171447686206796,0.0083988683345399,0.0180052698775463,0.0089480552931536,0.0136372338818272,0.0072447846290809,0.0145554500104608,0.005681714581508,0.015309647253061,0.0076222525372361,0.0173549177163713,0.008571674484022,0.0167314856709583,0.008178324762723,0.0181587475720967,0.0086765849592885
1074,0.0170031349155529,0.0077655193506752,0.0201873646570833,0.0089240680388205,0.0173628390666682,0.0079144783579181,0.0200511137475655,0.0090954419068851,0.017902454714437,0.0083730901072485,0.0149334239995009,0.005539624207679,0.0157531729332133,0.0054986934262313,0.0158873087793017,0.0065620275531422,0.0174826164271135,0.007476275367299,0.0181553882243562,0.0077156044208378
1075,0.0261985037543685,0.0109060670320336,0.0220617867212821,0.0069780397376377,0.026858443073498,0.0130315176968384,0.0206066947308184,0.0067605141120549,0.0305132036738201,0.0156101295757114,0.0250975933339369,0.0105148980318163,0.0221194291438492,0.009233890294371,0.0200566922602404,0.0056630186044939,0.0274078907291198,0.0123278355357834,0.0229756125744286,0.0077433840314734
1076,0.0109885902567442,0.0025742911212542,0.0088447138735809,0.0013964456917332,0.0118283114601655,0.0021212855046334,0.0090449346489737,0.0018910281052895,0.0107638940705573,0.0024293050306139,0.0094098887746193,0.0017231575236768,0.0114690169898839,0.000902489435468,0.0073700066073703,-0.0014398144765731,0.0115010179571683,0.0020586475046461,0.0085598522191734,0.0007306624331504
1077,0.0340455091400821,0.0100015102193291,0.024682128106005,0.00323011978245,0.0321124876020416,0.0108895668209262,0.0198670257938111,0.0018196870594958,0.0335786044044393,0.0120905522124506,0.0232141029299806,0.0057071671941602,0.0323623410490948,0.010668132103946,0.0173781766697171,0.0010242854180694,0.0334189135070267,0.010917970470026,0.0218156821607029,0.0029549526555755
1078,0.0319491803779232,0.0044117474451816,0.0234477235107426,-0.0009474398964241,0.029609566783373,0.0035298750083386,0.0179216714399008,-0.004621683062289,0.0273450195988827,0.0025769872188825,0.0161245404923678,-0.0038016286811502,0.0309011458255154,0.0046910908385784,0.0185684102937962,-0.0019538120553663,0.0310308017684208,0.0037503521128642,0.0196331134893915,-0.0028477680557939
1079,0.023336810211287,0.0060449189611232,0.0162680155753316,0.0024835565163025,0.0263729276882381,0.0061717447882522,0.0185585758866973,0.0032996817387654,0.0238106730377543,0.0048836701167914,0.0179848494248982,0.0026929951148986,0.0240404301155976,0.0060812829763452,0.0204827074494976,0.0069219885699781,0.0255936326205472,0.0061471711588131,0.0193037791148522,0.0041695879748705
1080,0.0175250470544704,-0.0015287274598968,0.0070395756733716,-0.0067738715879458,0.0199120242683993,0.0003728929326887,0.0063618057236234,-0.0057845583846,0.0174620729944369,-0.0038469442524165,0.0104358762089701,-0.0035721765640951,0.019138370702382,-0.000305629580324,0.0133774422349131,-0.0013414789979697,0.0196401350233431,-0.0013861527858882,0.0099299118170305,-0.0043802636498329
1081,0.024740497583945,0.0040412158142504,0.0151812333965708,-0.0042428429814687,0.0271758099952731,0.00491644335945,0.0118961101781553,-0.0051471028324278,0.0311054636481431,0.006914236498762,0.0153362219340302,-0.0031205089911043,0.0308692252226064,0.0065256327600301,0.0190368939876137,-0.0017119452096187,0.0295366207483655,0.0054922433516553,0.0154927750750346,-0.0037410075619702
1082,0.0221255363631607,0.0054329749722226,0.0102569346076596,-0.0054910103907689,0.0218633616921794,0.0044093694264777,0.0058218583456795,-0.0090975136252411,0.0255076062872507,0.0065456022110378,0.0092343497349189,-0.0043466379933882,0.0203523944666816,0.0034592175480747,0.0136265485582292,-0.0029073628512202,0.023894096518219,0.0054900948071991,0.0106956475419856,-0.005210001564912
1083,0.0062315697906123,-0.0051941072908388,-0.0039107081800562,-0.0135701972340369,0.0096461457508723,1.4230375001128514e-05,-0.0060500110578332,-0.0156216849852203,0.0071391818528171,-0.0033222625736394,-0.0006469797419716,-0.0115580447762095,0.002671600539715,-0.0089716994101593,0.0021758015506674,-0.0105647309870282,0.0070851081172259,-0.0042926061828339,-0.0012255227702118,-0.012933858215778
1084,0.0099697776632081,-0.0051170475278766,-0.0017756148449163,-0.0123123048974596,0.0101512753451368,-0.0023678174251085,-0.0088071345609621,-0.0189242294565259,0.007669948828646,-0.0027898143956823,0.000483850712571,-0.0115182942465663,0.0111136394328325,-0.0035317164167492,0.0008049473884383,-0.0107997498884857,0.0097353568295877,-0.0036585907918811,-0.0021436176597931,-0.0135838043436658
1085,-0.0023990496135978,-0.0121571306769757,-0.0133428593967504,-0.0222666847067293,-0.0045311432906311,-0.0135643466906516,-0.0181003093543275,-0.0258590150687915,-0.0035682862013734,-0.0123680858545995,-0.0065724281893726,-0.0183864737160232,-0.0090220476060853,-0.0196837786121977,-0.0143074489013707,-0.024177357261325,-0.0046764501612755,-0.0150198039758392,-0.013185349273064,-0.0231601367403732
1086,0.0123463262680199,0.0037332924004834,0.0083067739137387,-0.0032939287070673,0.0119015863140902,0.0002839281719161,0.0061362871814891,-0.0030913377035252,0.0123988917719485,0.0062305058469263,0.0142863552087183,0.0042532949569564,0.0132351358231964,0.0020708262101123,0.0079666023664618,-0.0022483384946599,0.0114669236722092,0.002283174137136,0.0095319155179518,-0.0011856400911816
1087,0.0392352986735423,0.0295941856775412,0.0364842929288334,0.0266662080221988,0.03971646039664,0.0273637177271447,0.0415401328476252,0.0285829607000064,0.0352702327981504,0.0270764241949532,0.0377064140233965,0.0274720909692069,0.0433096308281051,0.0288190708253,0.0405857490917361,0.0292408654553151,0.0403971152335297,0.0289835485979216,0.0406863840249064,0.0288993007816016
1088,0.0467282903110229,0.0318915214638205,0.0433856672171961,0.0306072177955112,0.0405647052803569,0.0245809047131519,0.0396440610447004,0.0267248193298117,0.0423751328930198,0.0276969861386788,0.0468222258169206,0.032516333486175,0.0412811827678306,0.0260236483477687,0.0432385811466435,0.0295343168584624,0.0439876986074729,0.0282504409818172,0.04446332798961,0.0304702877377017
1089,0.0474063417780379,0.032698490507087,0.041533252345804,0.0272903404116379,0.0401054646260442,0.0229976268428039,0.0381659233891722,0.0235611295485602,0.0483479914801196,0.0331951600175577,0.0462181599366512,0.0324896840324271,0.0443163244442024,0.030139234723355,0.040403847181271,0.0261778109037244,0.0466458511392997,0.0304097737641745,0.0437857876765184,0.0284742605391389
1090,0.0146007659425455,0.0042154868551583,0.0137274320899397,0.0039900143727675,0.0140116380540415,0.0032478225197561,0.0182986616341802,0.0073419569148527,0.0088126528938118,0.0010091209802018,0.0120260192589697,0.0014524114687017,0.0088955407811448,0.0012570670989416,0.0098305988178874,0.0004490881753763,0.0116262342597415,0.0023115008493073,0.0146320118472936,0.0037524003831199
1091,0.0318882370270982,0.0203796822137728,0.0209130035960104,0.0123697668327182,0.0348665723439065,0.0200091526091274,0.0300428741893854,0.0191516159445791,0.0319126888060107,0.0187400698917614,0.0285812618787983,0.0181332423878916,0.0324052000086779,0.0218336516720727,0.0234492222463584,0.0152845914382208,0.0330984615129504,0.0206629037936452,0.0265109770686628,0.0167316079764835
1092,0.0251701614178544,0.0098865364705521,0.0152559151130502,0.0029751694704567,0.0226594724526458,0.0048469360588609,0.0187054771031484,0.0046682846162939,0.0246990184291852,0.0116629006060237,0.0181837176851031,0.0051565808557684,0.0243506320266195,0.0076370600970152,0.0172306550273093,0.0024911254160167,0.0252457883399409,0.0088566930267034,0.0180839799147411,0.0040038485563808
1093,0.0242722294673119,0.011612003036203,0.0167131629138372,0.0044175262953676,0.0236571609013294,0.0082857405283836,0.0243381633558094,0.0101599227516124,0.017293858247704,0.0065435837056735,0.0198681239390829,0.0069952021827672,0.0129057633867354,0.0019818000552095,0.0117990743049418,0.0010694264361496,0.0201932089823396,0.007187926667352,0.0188156988149691,0.0059307826035823
1094,0.0213870534163011,0.0072194893548895,0.0148557877361942,0.003658004753118,0.0122024670472165,-0.0021054062738861,0.0142066721392094,0.0029675628762033,0.0129969326183964,0.0014735457878101,0.013553588919188,0.0026075065158361,0.016368184087164,0.0031802982457397,0.0151456864107938,0.004929583453505,0.0159669401771981,0.002416519359946,0.0143810372460674,0.0035777179034562
1095,0.0184756498287855,0.0039609340129683,0.0193603559090034,0.0041994730047341,0.0141826454831399,-0.0052580664094312,0.0234296496026791,0.0064368349843374,0.0169246056291199,0.0021074018286315,0.0199533112211753,0.0045876589005349,0.0122611429722207,-0.0007056096979325,0.017586892379597,0.0040067612250815,0.0152097704294524,-0.0003563568304249,0.0204935406703906,0.00492095645892
1096,0.0135287343921122,0.0039135331511968,0.01703836131467,0.006822135616866,0.0084413646868214,-0.0041366131878322,0.018013546967353,0.0057813103872663,0.0079216788382555,-0.0014194018212957,0.0196353856209678,0.0069491077916755,0.0165480907125268,0.0054272913666732,0.0181954764498269,0.0069958922323796,0.011384198689263,0.0008050745891383,0.0193153195276261,0.0069097566675977
1097,0.0426682551247929,0.0198884580967595,0.0393496008341857,0.0175926652310823,0.0278861491599263,0.0081337187665479,0.0348054233554597,0.0138662492729128,0.0320009155516952,0.0139276790335563,0.0351998048210773,0.0151189877183183,0.0311821639321555,0.0114460154946855,0.0370209239205896,0.0177708173527685,0.0348884218231383,0.0139485525037064,0.0371511495730929,0.01634130684762
1098,0.0271175115974835,0.013783051957513,0.0251034520959743,0.0132305035563813,0.0154885662244254,0.0033880626000638,0.0230524006124658,0.0112175134162809,0.0213548264668461,0.0061963081428741,0.0205935898956018,0.0089872661380731,0.0226160973586433,0.0084500694915858,0.0258683167196009,0.0126231302415748,0.0230212184170008,0.0084366812728002,0.024074747487846,0.0115766525850934
1099,0.0226926086047029,0.0069664206104597,0.0228112801010544,0.0098999994102081,0.0201095857549843,0.0059588234208613,0.0262578219742658,0.0109728531562451,0.026967764473656,0.0088304344565938,0.0279571924016132,0.0115883271116368,0.0241609336876096,0.0076151430368078,0.0284975116888109,0.0122060303131347,0.0251114802319511,0.0079861570397883,0.0258457225056235,0.0109821428390013
1100,0.0038195563381228,-0.0040578388560267,0.0119674100820854,0.0050925296621023,-0.004357881896659,-0.0127095287606016,0.0070573951878272,-0.0023599807322499,0.0096171236987587,0.0014954184920497,0.0110613560572822,0.0038903239390675,0.0042314299340234,-0.001645400438054,0.0119978565905633,0.0049466295155111,0.0046919204826627,-0.0034182723530296,0.0107968216435955,0.0030546408893377
1101,0.0275716017692597,0.0121348715152493,0.0268650599841917,0.0117425477475489,0.0270186843332678,0.0090097636888988,0.0231732944377326,0.0076850025185153,0.0297362828212145,0.010614690942502,0.0272653550220464,0.0109418321353482,0.0264359908911549,0.007582440988437,0.0265119534180832,0.0114317876385706,0.0296769467647222,0.0105919370243052,0.0272053250721342,0.0109438908598283
1102,0.0279191622980265,0.0108999265779897,0.0293982776771414,0.0106133323262292,0.0222829517591157,0.0028718500407247,0.0273787446385354,0.0075138934596719,0.0277019968129457,0.0092407207209166,0.0254937982116368,0.0080700277915735,0.0247766481264239,0.0075492522639385,0.0278721209701263,0.0101224746268864,0.028430408557892,0.0085501087611187,0.0288444059270625,0.0094973406884216
1103,0.0185615122578551,0.0013968963249705,0.0137902955367943,-0.0003580936233989,0.0094191746171672,-0.0056598053763275,0.0091208282122516,-0.0035869257956146,0.0124181349071727,-0.0010960545172315,0.0093241645267485,-0.0017513923460165,0.0158196779491915,0.0016514778921658,0.0163469037688205,0.0030588206524346,0.0153724184142114,-0.0007919330437812,0.0127569838934491,-0.0005361774235861
1104,0.0277410360830401,0.0071804707942652,0.0170878739638193,0.0003807659934785,0.0164293568351406,-3.2014826032975184e-05,0.0165260611348372,0.001009347036325,0.020273309123591,0.002550287446071,0.0191547525282914,0.0028522730892598,0.0177173700083058,-0.0008428842186132,0.0130547177982086,-0.0022203661060865,0.0222346026997474,0.0028970266245502,0.0173279499359632,0.0005686977103918
1105,0.027404028915851,0.0043338911419297,0.023753016989084,0.0057647405560345,0.0204632776058685,0.0002009863650105,0.0242683796831132,0.0050478663759276,0.0220818902229963,0.0006505039448008,0.0227257427698741,0.0047206656504845,0.0200222162738912,0.0005144815935371,0.0181386877864788,0.0008343840880662,0.0235027120625507,0.0015429239697099,0.0221172856477869,0.0038308063443167
1106,0.0391682097508916,0.0146931775676805,0.0372685599243909,0.0140527090269564,0.0331228087526201,0.011225806403258,0.0385125177905116,0.0151936900839091,0.0317642611586244,0.0093746911781703,0.0356130199024158,0.0130899520825265,0.0388779860971854,0.0140797183633212,0.0357032529902435,0.0123977135676843,0.0372022366581047,0.0128072954474626,0.0372379215755906,0.0137398566700314
1107,0.020762173228361,0.0043301854304438,0.0213189587623285,0.0043693290338207,0.0193408705645045,0.0010285210145539,0.021163426246503,0.0037913785451804,0.0151788852900602,-0.0007915000390187,0.0181563291028996,0.0009634391505176,0.0231336709260255,0.0047896240377575,0.0199781475888974,0.0026882454718313,0.0202360429445513,0.0024682353296292,0.0211296239083047,0.0032176206539898
1108,0.0196609489817736,0.0028720290564811,0.0223599058263165,0.0023093780674939,0.0187706785174259,-7.110080004820616e-05,0.0231934196390862,0.0016019195589388,0.0198735202281821,0.0022502914023604,0.0245601265587817,0.0038149157024655,0.0251743734174768,0.0043150593325382,0.0213061512799011,0.0008824601685942,0.02157483585805,0.0024472711916063,0.0227104287045834,0.001836039921339
1109,0.0201893285517493,0.0113033915181001,0.0234011792010178,0.0109194324009571,0.0170236296671027,0.006815086522999,0.0210432768832627,0.0052936740629412,0.0200073718772469,0.0102654317971216,0.0222436021747633,0.0074461362455835,0.0225240436937905,0.0107969412790146,0.0179948333614433,0.0032966790217613,0.0215876467398009,0.0106937552973119,0.021194425602291,0.0064991107257523
1110,0.0325402652770764,0.0227052083123537,0.030438646170855,0.0177300807936639,0.0262257450949013,0.0155756026173667,0.0270891217826779,0.014018907835256,0.0313967521512014,0.0224031262053356,0.0284258617425096,0.0158278734988752,0.0340797593432815,0.0228608424145318,0.0256676643203535,0.0139368069137586,0.0318875240804136,0.0216825371924333,0.0280846274277068,0.0154791088782547
1111,0.0186052343448839,0.0109401095095782,0.0147799521748441,0.0058241589789219,0.0161438162669557,0.0082019263977384,0.012948631697545,0.003579465150068,0.0111920470878455,0.004607003228875,0.0112811209211582,0.004536615793411,0.015862363243517,0.0088469979396247,0.0127574017632818,0.0043646616539556,0.0150296312609251,0.0081121619155585,0.0128971109608484,0.0045835314561721
1112,0.0206256710516456,0.0095069507600572,0.0178326741220419,0.0079558041701105,0.0190400164403641,0.0079552766535321,0.0152426470598288,0.0052146514656391,0.015712235331999,0.0067053734121308,0.0146413573751742,0.0050552928400649,0.0200382842463108,0.0099269345469672,0.0169223141382833,0.0055541425683509,0.019028586257338,0.0085320928242303,0.0163968881379397,0.0059972065700095
1113,0.0095312043546644,0.0043467787946248,0.0153367983310503,0.0069249217797151,0.0046676812731286,-0.0001883861183024,0.0104236366196987,0.0047374287693468,0.0050597781413396,0.0001273578564108,0.0058656019702315,0.0017790828418915,0.004955841614009,0.0008150630094753,0.0115591097538542,0.0038623773768223,0.0069502159128061,0.0015464629205005,0.0107179832495722,0.0042323073986793
1114,0.0214352010242137,0.0121583636803076,0.0112625736187647,0.0048428631497056,0.0134594297508811,0.0066286236190275,0.0076112526105461,0.0027095816000194,0.0128708526135149,0.0078546554873934,0.005787491583009,0.0017029791724463,0.0170806377583646,0.0123686670376413,0.0074723025897186,0.0035443472925918,0.016285262323236,0.0098552209974376,0.0081494401959979,0.0031309043673771
1115,0.0122973364936401,0.0037655192569332,0.0122435730251875,0.0040075015125413,0.0124463809690201,0.0042867045187862,0.0091170465010322,0.0016338938755992,0.0092406368993623,0.0021984352346927,0.006708603356553,0.0010023745844422,0.008824741986828,0.0009179973747164,0.0035122278749235,-0.0020283903807051,0.011578625064305,0.0029257386993811,0.0083526417988326,0.0013072505676117
1116,0.0204279846751625,0.0157100276839478,0.0174327149033874,0.0151312006814527,0.0192279288514786,0.0152064073852431,0.014536187589501,0.0118042309327606,0.0158952049874441,0.0104361398822689,0.0123050861022383,0.0104388274801644,0.0154716027757058,0.010113754440665,0.0142427567634631,0.0125433783492555,0.0181421944994591,0.0131874804640553,0.0153235209568147,0.0128871044611235
1117,0.0077820691251688,2.2105106397565027e-05,0.0143609284535757,0.0046712040863866,0.0044140192623182,-0.0010616504518119,0.0142906031355785,0.0042501357144976,0.0036169938441262,-0.0030516753460327,0.0116434807560632,0.0034805504759738,0.0014050713073422,-0.0060678694639519,0.0091393485629905,0.0005786486640016,0.0042526445233671,-0.0025884332919091,0.0122568877128929,0.0031167587016893
1118,0.0150725477767266,0.0042923093357388,0.0087813114937803,0.002347971344206,0.0117522945264874,0.0004178155789204,0.0124920471881765,0.0028986951911796,0.0085134912112104,-0.0022428130974282,0.0114642200384806,0.0029335217636543,0.0038314872857578,-0.0045352374573386,0.0101134464914791,0.0009875672691537,0.0096907693152247,-0.0006306876315863,0.0105699443707337,0.0021175408205324
1119,0.0208344427663679,0.0059896136465826,0.0233586553790225,0.0084319816362785,0.0166695148440253,0.0012566965891813,0.0255941695768619,0.0107027139427429,0.0185906129888559,0.003681192246887,0.0216289302551778,0.0091957421085725,0.0132751292206876,-0.0013899776017928,0.014740108664169,2.621683148838706e-05,0.0189691330592631,0.0028543316371758,0.0219297686251277,0.0073827420605205
1120,0.0150044874570971,0.0040430643941119,0.010234924823586,-0.0001989352711505,0.0119604301333594,-0.0009634365106332,0.0129612766686794,0.0015939837814429,0.0142963772009009,1.476496368008052e-05,0.0172222123057672,0.0067157445732166,0.0020842147365539,-0.0086414765690444,0.0059618464644589,-0.0054668195203732,0.0116038796450494,-0.0012892564998743,0.0118319725118772,0.0007755408628521
1121,0.0096127945447571,0.0055102406269716,0.0047315035836956,-0.0001787173742034,0.0050193298176468,-0.0014597872856841,0.0008712699213039,-0.0039606141546855,0.0066563514575807,-0.0018804710381184,0.005573585959971,0.0010382222110067,-0.002619703625418,-0.0054292284021312,-0.0032403472117637,-0.0057784981259173,0.0046357125559338,-0.000811417005478,0.0017497569264049,-0.0022531243882393
1122,0.0304116369242315,0.0173828607577112,0.0220036889803814,0.0128795510772281,0.026170247234087,0.0121238628550954,0.01737236530798,0.0062654710181422,0.0243663730606674,0.0082803041597198,0.0211603380537406,0.0092924105513064,0.0182995188965712,0.007375341316923,0.0181594838490211,0.0081001909102945,0.0258145739496736,0.011868911311863,0.0199558719761659,0.0092407746927894
1123,0.0269806289639908,0.0081431254871933,0.021798349722566,0.0030830095924974,0.0231256114194155,0.0027988345242031,0.0136910051905707,-0.0039454160672937,0.0195931577345258,0.0010950296211358,0.0147378155514043,-0.0019439096496221,0.0165230027983364,-0.0006633021585786,0.0127203012436953,-0.0042518117050919,0.0224150173363098,0.0029105238114167,0.015913922840712,-0.0019050069276808
1124,0.0152655725189764,0.0014655228892486,0.0102534192476952,-0.0017682363706353,0.0115618026204453,-0.0028561093957073,0.0041222487968417,-0.007093394544864,0.0071408296889846,-0.008712895266476,0.0030104841233564,-0.0086325344453197,0.0059579641140094,-0.0055360724039953,0.0050268929485063,-0.0043899236928099,0.0093110445037887,-0.0043893307710565,0.0050341008899169,-0.0059303575499516
1125,0.0280244075819928,0.013296142618708,0.0162811897498359,0.0051576557394261,0.0179551436905026,0.0052136338515895,0.0106114142762742,0.0007289706271027,0.0153573065021559,0.00188777672586,0.0094642382612636,0.0003359090039985,0.0191939362082801,0.0035139496013477,0.0075607227650661,-0.0023493307830366,0.0215487907563325,0.0063746310095272,0.0109316229889913,0.0009622894420069
1126,0.0226428903828715,0.0096528642476195,0.0236965370049449,0.0084377462399182,0.024163273710715,0.0077091559948355,0.0190957030542255,0.0041667467313437,0.0186548525473827,0.0038109854398689,0.014280813006588,0.0019794282961057,0.0124176010370535,-0.0013875711286861,0.0130466126151732,-0.0023061629652797,0.0195874545812408,0.0050809064917861,0.0178303074084302,0.0031846282673971
1127,0.0017311259312527,-0.0085824885921765,0.0149291575949995,0.0017088975860806,-0.000760322143427,-0.0119059956726828,0.0147801535275143,0.0017428607919089,-0.0046553017863379,-0.0154907978399567,0.0096651904180231,-0.0025121958760872,0.0016939029450277,-0.0081756623727376,0.0098339692713599,-0.0031503052017813,-0.0008619673301214,-0.0111787839931184,0.0121425009672453,-0.0006262448978447
1128,-0.0042956818107161,-0.014107705872762,0.0104412542249733,-0.0022301609688988,-0.000583753069252,-0.0115304090203312,0.0142999595372722,0.000650865514162,-0.0062306141815691,-0.0171829998685425,0.0013811032777306,-0.0088937313477924,-0.0041768591038739,-0.0143560144198766,0.0067574967011721,-0.0057080547802211,-0.0045793333434895,-0.0146394560578141,0.0083455295459859,-0.0041647136265019
1129,-0.0019986175026474,-0.0124606894612915,0.0007699997408934,-0.0090083700092463,-0.0025102330016352,-0.0106147027718804,0.0052520402952781,-0.0065550284504565,-0.0120369781697392,-0.0182763900007192,-0.0013358292634936,-0.0112277861368962,-0.0004920080242285,-0.0088777091004974,-0.0005293219922123,-0.0112416287002883,-0.0039464663754616,-0.0125114347519339,0.000415417183261,-0.0100752523001744
1130,0.0109637141760047,-0.0044707753269215,0.0204722910105102,0.0037971508216321,0.009525374840656,-0.0019195702205404,0.0239841254532515,0.0077056500756241,0.006747263388501,-0.0080407387383882,0.019546999240452,0.0011932412080303,0.0180514039074763,0.0043590326842705,0.0169186342901225,0.000691777806398,0.0119250390514571,-0.0023253502509803,0.0205187138020014,0.0034097551201587
1131,0.0002471909184791,-0.0144629291900618,0.0099621512046118,-0.0063195858613937,0.0057758759200942,-0.0089945219925436,0.0156130663452934,-0.0013340439366684,0.0051825947932033,-0.0101595552954681,0.0133059423957533,-0.0040990707717704,0.0106141080697664,-0.0038352232890884,0.0088129121729818,-0.006204090379442,0.005985265624017,-0.0095534766293177,0.0124138391592899,-0.0046548556445103
1132,-0.0015505799912352,-0.0157925094737706,0.0029282699513975,-0.0098452391982754,0.0073568541302048,-0.0070769514954298,0.0093754390198573,-0.0047379904810729,-0.0005018955750385,-0.0131807874435919,0.0092719565912634,-0.0051511582067308,0.0052425568212848,-0.0075099075012449,0.0018618814598877,-0.0125203899203177,0.0017527739854808,-0.0116510983810781,0.0058692851723774,-0.0082402362865564
1133,0.0054866363570802,-0.0138740691421124,0.0093174151106983,-0.0112364478789863,0.0117666031536168,-0.0076180771099917,0.0187581153768738,-0.00350170944542,0.0033580622134582,-0.0159357884207174,0.0117833792500819,-0.0080097307003285,0.0091942744643407,-0.0131289311955852,0.0058464002696796,-0.0151782245754082,0.0075926618333903,-0.0130632603079136,0.012570741793387,-0.0092143211859084
1134,0.0034003372357206,-0.0083242646594447,0.0025532630524615,-0.0111432116914029,0.0059939335576915,-0.0059109557204833,0.0138111335798849,-0.0007901401442199,0.0076202249348763,-0.0033149068353018,0.010685403129247,-0.0013725760987881,0.0117692810645367,-0.0020363535046983,0.0063643186992801,-0.0090987870931148,0.0068503311265389,-0.0053376469107138,0.0076411357348189,-0.005905105060949
1135,-0.0126794013561533,-0.0203841798765087,-0.0052830659388476,-0.0146332485860773,-0.0026693639903597,-0.0141865669361078,0.0081482412749327,-0.0049600848114849,-0.0047025929347695,-0.0144148035528496,0.0028631231207924,-0.0067957030815557,-0.0085836563747047,-0.0176705469942467,-0.0003934691789519,-0.0122799203940084,-0.0080422780118026,-0.0174503696783747,0.0010797441236833,-0.0099863324954181
1136,-0.0136018960589307,-0.0223805382955412,-0.0067705030415712,-0.0168464679806016,-0.0110916637257295,-0.0188380044823706,0.0025591072860867,-0.0106954329956072,-0.0013363667001872,-0.0124202020994251,0.0057606096324845,-0.0061753220654033,0.0026234275719926,-0.0101610512064232,0.0033613426120021,-0.0109561129358362,-0.0073732524843954,-0.0168073633219458,0.0014739249333004,-0.0113913953779076
1137,-0.0069628301404944,-0.0136008751409033,-0.0074663747813744,-0.0126646492101581,-0.0007874485032607,-0.0101919911869424,-0.0027837718262188,-0.0094201781671506,0.0028518469661505,-0.0087213824570018,0.0043245216070984,-0.002335365804692,0.0029399162411002,-0.0054248960404265,0.0017856303237235,-0.0065776130937898,-0.0014744547852824,-0.0100187375646325,-0.0012394579923835,-0.0078519953590484
1138,-0.0098831217918345,-0.0152574053486097,-0.0084731545556694,-0.0115118225756091,-0.0094903348565126,-0.0157129951943516,-0.0055649303239983,-0.0097971923452406,-0.005170842871852,-0.0112228742944515,-0.0063813178037738,-0.0083514183184283,-0.0005957884362611,-0.0037646393957176,-0.0035960218044785,-0.0065082029630938,-0.0070786808856047,-0.0118581648475177,-0.0061597769925398,-0.0090423081247834
1139,-0.0001375497471766,-0.0068338163814413,-0.0003083408591353,-0.0066485743300601,-0.0039134004291019,-0.0123786057892812,-0.000214942076031,-0.0066877278795109,0.0040954357169077,-0.0058526625249062,0.0025578268216886,-0.0022919102278672,0.0106225676228747,0.0009651946973691,0.00393743643394,-0.0029480518491153,0.0009501077495744,-0.0067122831066562,0.001201324342198,-0.0048100861616372
1140,0.012951742749028,0.005257619221159,0.0133252410256768,0.0055930991857006,0.0148327536552925,0.0033132774812515,0.0163580168259857,0.008078512471976,0.014439222800439,0.0039703372086129,0.0162314086273611,0.0068657367485614,0.0198366349897573,0.0107268396500483,0.01475944220445,0.0065392993479431,0.0149657280732428,0.0057993848270489,0.0152300706543469,0.0069030950842162
1141,0.0017210379825811,-0.0122072487274527,0.0145228291777479,-0.0036616847865488,0.0054840439238951,-0.0075198898676926,0.0140622777437916,-0.0008963672126661,0.0041167094177871,-0.00817189354525,0.0137480272201164,-0.0032779971595322,0.0126040872164896,-0.0013094813307903,0.0158597980590783,-0.0003061471272876,0.0065474847312091,-0.0073693760546794,0.0159038185318587,-0.0018010616401318
1142,0.0078761514373659,-0.0108938359558456,0.0097649371687866,-0.0057205052020365,0.0032910936709568,-0.0147382228232112,0.0105353525914884,-0.0059352446020198,0.0075770695352029,-0.011688645997421,0.0039303370674047,-0.011675523329823,0.0081738291813768,-0.0090476147395887,0.0094273471078223,-0.0076976934960754,0.0067494099911339,-0.0121853552681745,0.0091999412071258,-0.007609635813045
1143,-0.0057167741216146,-0.0230537363687279,0.0059949196944353,-0.0116257132255119,0.0008867864160097,-0.0187980635549632,0.0077995389061094,-0.0105742670939938,0.0025791194872908,-0.0183293451018898,7.195871093273078e-05,-0.0165983113259229,4.936604171077937e-05,-0.0183421447429325,0.0021062089704775,-0.0154984989778008,-0.0010442097410081,-0.020560600783759,0.0048954312734568,-0.013788212928062
1144,0.0050800339995899,-0.0128076956905541,0.0110017538249803,-0.0066522958465832,0.0095328060165231,-0.0101729126113436,0.0101791745545172,-0.0072888448116287,0.0049568734393318,-0.0158998412027584,0.0053162864247564,-0.0130993831433004,0.0078556903929198,-0.0112931875918301,0.0107417724766286,-0.0076915990403397,0.0074038397971627,-0.0127381644639247,0.0096710295755255,-0.0088384428024908
1145,0.0030204479217152,-0.0138791517812361,0.0045281815968353,-0.0107491185694883,0.0078389066646038,-0.0106243188161939,-0.0009941562975282,-0.0155239559111076,0.0010063111813456,-0.0149770159235415,-0.0014355077718173,-0.0154373107246149,0.004444944794556,-0.0135747313464864,0.0012648298300774,-0.0141038071307724,0.0051302569946234,-0.0130307272289812,0.0005228308985743,-0.0143119676680492
1146,0.0010710400442136,-0.0174808679423565,-0.0027194181789987,-0.0175016433343107,0.0085091768005569,-0.0115363486690849,-0.0003576559348874,-0.0155828266448512,-0.0014336643604075,-0.0174278583651594,-0.0059698956278532,-0.0197553930428928,0.002514625168018,-0.016290002673954,-0.0068061748570007,-0.020174917644914,0.0026211656679303,-0.0163133303474742,-0.0041689215609535,-0.0186565526458565
1147,0.0110445993333293,-0.0077334244535235,0.0148032022582797,-0.0050999732232661,0.0147868597725968,-0.0042219109655727,0.0145907273127988,-0.0051923138434489,0.0062495200406787,-0.0109909821453059,0.0061728895553161,-0.0097589747689007,0.0106335119977482,-0.0074946913638361,0.007372814320815,-0.0093950128504522,0.0105392546154203,-0.0078771534973653,0.0109021084178934,-0.0074727408741688
1148,-0.0009761563887559,-0.0142892804907492,0.0049102325998882,-0.007738922365547,0.0040792055318805,-0.0073595827366041,0.0027664805821452,-0.0091872563302724,-0.0034929236893738,-0.0152368380943167,-0.0033134110410809,-0.0137856701753943,-0.0019431663015863,-0.0153363032269225,-0.0023779282380678,-0.0128948909469756,-0.000862845564631,-0.0134577584205057,0.0002280620099834,-0.0112679922009194
1149,-0.0045062236163147,-0.0172193895473136,-0.0012983099168855,-0.0150774407207806,-0.0004740207809171,-0.0175465880891479,0.0006888905636423,-0.0163730914891017,-0.0037853297153415,-0.0182508817606909,0.0009645794474967,-0.0155134157560725,-0.000942599528198,-0.0181471545017404,-0.0025797731066104,-0.0189430778173286,-0.0014727126242361,-0.0178591302360127,-0.0013247677035728,-0.0168794813457608
1150,0.0021082822875877,-0.0127330516677088,0.0022784289151802,-0.0140760763603037,0.0077825350248184,-0.0132789818249341,0.0066898575906987,-0.0131071440326515,0.0053468006436983,-0.0123295730091396,0.003700244260129,-0.0121604020056704,-0.0015680835368719,-0.0184138295991672,-0.0036306476692822,-0.0167837346013677,0.0031773099591662,-0.0146355442371398,0.0014264215510022,-0.0145849197076434
1151,-0.0048522515889691,-0.017617596798439,-0.0025257872893437,-0.0179012106517972,-0.0017152539843988,-0.0182460534287017,-0.0020311119663134,-0.0172995648290776,-0.0118519583733894,-0.0231963443116439,-0.003082551465302,-0.0174385580503912,-0.0085494199038054,-0.021056436619389,-0.0105960178376231,-0.0232598641996733,-0.0077140862179667,-0.0208783634436956,-0.0049667192445445,-0.0194715736023813
1152,-0.0004069774963158,-0.0108088519774937,3.612760026948466e-05,-0.012405756969858,0.0038751288820038,-0.0119245130165327,0.0012845313253094,-0.0123115149177112,1.6778738544980876e-05,-0.0120625191646823,-0.0027465519497618,-0.014438693636937,0.0032065690246648,-0.0098494328837914,-0.0071128896020974,-0.0168378492577805,0.0017108050902627,-0.0115082009685632,-0.0023799703821512,-0.0145557429331479
1153,0.007675058747212,-0.000311161989447,0.008551191228823,-0.0026799623770258,0.0165792195381205,0.0014178485161255,0.0097785216594318,-0.0026239258710435,0.0087728469172061,-0.0029360328667183,0.0065203122567715,-0.0060737270009423,0.0151430262127436,0.0003720506815809,0.0029694369913081,-0.0069411919887104,0.0131295519571758,1.2050745090929318e-05,0.0072384072437174,-0.004595186041308
1154,0.0243797232515731,0.0069491806285675,0.0236996594606086,0.0046726007468726,0.0308567787612351,0.0099420792119358,0.0261959931542417,0.0059641484777356,0.0271216508298188,0.0070334681072675,0.0237960283709686,0.0062284233354887,0.0236158926266227,0.0030095952125513,0.0185994116805615,1.3034843520191156e-05,0.0281822321458097,0.0074240923759291,0.0230236010343375,0.0040860417014446
1155,0.0090816945060175,0.0022256082201654,0.0142107142841275,0.004364328808864,0.0145463801914577,0.0050655294124497,0.0117618021566222,-0.0015880708681736,0.0060949847381327,-0.0025437337341673,0.0098341260031365,0.0002842583228779,0.0090510336936893,0.0002231510891089,0.0084673265856272,-0.0018837361678004,0.0120387857974416,0.0023416490300787,0.0109650318736819,0.0003257765937887
1156,0.0203755458839971,0.009652601589503,0.0303592468089245,0.0164524469111515,0.0238410895514798,0.0129824325147657,0.0278925965826858,0.0121914965538819,0.0251864625785569,0.013770608484047,0.0296786317458427,0.0151921472572959,0.0275312892382655,0.0154434610166701,0.0279562520010494,0.0144842900843341,0.0250759454204248,0.0136435998325327,0.0293950692560361,0.0148421584900325
1157,0.0120688773800009,0.0036795833656481,0.0260393736569825,0.0150207641845956,0.0128876128430017,0.0029744579491974,0.024918851084904,0.010669733819522,0.0216501525435484,0.0084980348095188,0.0264740819164525,0.0136396042971399,0.0098464670913259,0.001150245581125,0.0145587318246714,0.0051663036820086,0.0142063072681221,0.0042445262743053,0.0234900174817698,0.011419055757344
1158,0.0126904686695458,0.000755903001301,0.0173436192029602,0.0075995934260666,0.0160099837931848,0.000915227426524,0.0187164907238992,0.0066279258483644,0.0133129573784182,-0.0006460871158162,0.0175348059019568,0.0056991786503398,0.0090961802080947,-0.0020246093235158,0.0136362763630385,0.0042749764472169,0.0140649460725376,0.0001079422526631,0.0175022924394722,0.006363569839172
1159,0.0243331840137786,0.0085796724555837,0.0241871676396928,0.0083855308659562,0.0211433886674773,0.0054223085856817,0.0244207874000808,0.0083132968550069,0.0207184193467022,0.0032863115147877,0.0224927937697197,0.0078818745302461,0.019460535215584,0.0038371832381872,0.0164717041971215,0.0011689974882818,0.0232309261299626,0.0060362789992483,0.0228773275519573,0.0067746297501518
1160,0.019486405058776714,0.002892745918241982,0.020574832575399823,0.00868290469398839,0.012598226269052918,-0.0007799548594898043,0.012088597281586278,0.0020742649531228542,0.022593575523925376,0.006546675783719865,0.02032028983415848,0.008064354908815723,0.013813115853550299,-0.0011529152921604532,0.0126935884573652,0.0004148030208093693,0.017987701273842863,0.0019778116855466666,0.016583779754753038,0.004712453167684237
1161,0.0225575128939452,0.009072310664825287,0.026584369319650886,0.012956476280689038,0.02468711558901109,0.013019680956804131,0.020330223759493463,0.007386982218962516,0.03163476937874254,0.017542973380477687,0.028767013823526102,0.01533186193060803,0.02164709870851291,0.007431945082446422,0.017808050048281246,0.004495154644907128,0.025915662888117818,0.011948236316902488,0.023935242784203063,0.010169589779125137
1162,0.018488982208380182,0.006891979933974313,0.021492603422245043,0.008341225068947527,0.020437512210303294,0.0104278133578012,0.01988603471546145,0.007785245556902781,0.023885670708497272,0.012412722381898821,0.0226959379641639,0.010395235264986993,0.017441013918246213,0.004567675779468083,0.016112874536900648,0.003910523457502668,0.02107659810945431,0.008829904707422532,0.020611169743981157,0.007566038688201629
1163,0.01772369996790214,-0.0016530598262389244,0.027662661171868566,0.010001480711815626,0.013842116709063611,-0.0017829951017114256,0.013924192001321651,0.00011299302286350997,0.01771197192490974,0.00036091967402663205,0.020911642374712085,0.00522687464979166,0.0143971964587191,-0.003479331327654619,0.02037586040224432,0.003564668420069934,0.016490994509740155,-0.00183946584302926,0.02139664224359469,0.0048308413605313615
1164,0.022305598625891387,0.004211144934236372,0.03220748191337635,0.01514915340831265,0.021685506723080915,0.005797230927281453,0.03023230411508367,0.012830634297791379,0.02019096174685103,0.005219193906747059,0.03198791079184182,0.015340834460044498,0.02177222683546109,0.006586017701601447,0.031677893097304566,0.01571373242342073,0.0222875978789373,0.005607676121772696,0.0323221788871841,0.015067290320964606
1165,0.009404382291474753,-0.0030814662124802063,0.014673632608364727,0.004021192715006492,0.007081387349486012,-0.0024977854248360173,0.007015400293136835,-0.0017985034394370704,0.006722852336831666,-0.0036102925623199083,0.011049760242378023,0.0017018474253659428,0.006991962050154875,-0.002066990880392827,0.010555488783683458,0.0018743158589974139,0.0076350331720519094,-0.002934020105370747,0.011061651857030659,0.0015591751178637375
1166,0.01209529713692811,-0.00066724368854627,0.01247263065398509,-0.0023385399013304323,0.01248046205840172,-0.0015665845472436644,0.006355251858849669,-0.00662000339023725,0.006194526865402351,-0.005668030199690562,0.012285785110273494,-0.0017858422914795943,0.005331423566505079,-0.0038200523404000332,0.006369444452162252,-0.004918102053994067,0.008287149182703936,-0.0033582541959422604,0.009134864068866797,-0.004160909479703694
1167,-0.010218223994814644,-0.011268398100517997,0.0011563397162169756,-0.0021792629191931204,-0.006408305596845997,-0.008163660818115119,-0.003956512193822953,-0.004653703003626307,-0.00969294972106657,-0.010949098750424551,0.002929779127052365,-0.0011105875471819845,-0.012129455019456899,-0.01070316950664826,-0.002137902185319445,-0.00413790546553056,-0.011912606490848304,-0.011023880428093786,-0.00171948684708775,-0.003507185870213002
1168,0.00016089568767868506,-0.002615064031225845,0.005800395807881842,0.002703542914617107,0.004504732142763366,0.00439340006836915,0.0014855689426716279,-0.0004958366752931747,-0.00011192341658731772,-0.0009470883087178307,0.00736518004240977,0.0047394530715876935,0.0006775547308465623,8.894335325130266e-05,0.00882283853482544,0.0064390257333404475,0.0011926538299527306,0.00020632722398934773,0.005498023809248369,0.0033748191101345415
1169,-0.001723308000685577,-0.008350389114842658,5.1308482494769836e-05,-0.0026677187586867626,-1.0961452463323243e-05,-0.005491674217278701,-0.0037245172074697112,-0.004533783596916065,0.0018070636150428281,-0.0036942450162802012,0.002155398485321704,-0.0008755426482085861,-0.005838946151248421,-0.010535453445706756,-0.0009316130409606414,-0.002636531803611038,-0.0022082792325264578,-0.007268032387440083,-0.0005540789103891623,-0.0024856256157899507
1170,-0.003920018981457173,-0.009143873171805357,-0.005898542636024773,-0.007637724092032797,-0.003948327764132751,-0.008839948833950288,-0.007978186718814798,-0.006958706549126736,-0.004975571670931407,-0.007415060584346956,-0.009263801846814586,-0.008434110464357644,-0.007080230427436909,-0.00976161334992495,-0.009906161728548841,-0.008522305776626026,-0.005396681963856598,-0.008854455306535223,-0.00901583449042957,-0.00811495066189515
1171,-0.006822991745271665,-0.010290755391586344,0.0006247582119982554,-0.0028574684149214116,-0.006667708501875235,-0.008954611534379807,-0.004693758692599602,-0.004873911273969065,-0.008388902096403599,-0.011552145656970691,-0.0006449043318304409,-0.0033276903590412532,-0.005946114062423924,-0.010920044964498003,-0.004046100840332107,-0.004989159536877497,-0.006260575043334431,-0.010181241277301111,-0.0021366337323301347,-0.003989517072114222
1172,-0.001690250142941846,-0.009280129100553008,0.0018697116257181288,-0.00559451613129181,-0.0038796660300568758,-0.0122025565068812,-0.004432789655378074,-0.01116871297218421,-0.0025781755825808115,-0.007948483238165301,0.0008489450872304232,-0.0051389617004784305,2.312092678905433e-05,-0.009983341378699249,-0.0006726373093288596,-0.008153163719710345,-0.002519503266640173,-0.010251565837258681,-0.000946021320933831,-0.007768436426302809
1173,-0.0021757559360597537,-0.011645347004657573,0.0026963921301549837,-0.008757628149869254,-0.00852511691066367,-0.017714339261403433,-0.006307006144279748,-0.014535720199071666,-0.0012536664839902394,-0.007518891762694848,-0.0024189052838830796,-0.008942794188114661,0.0018809488620225683,-0.010194540976015878,-0.003347578721787225,-0.012024971891241203,-0.0018231422615146724,-0.011907814841577213,-0.0025071987543916095,-0.011421469499118717
1174,0.0020778193919654383,-0.0022893472908061745,0.003619320099624908,0.00014147728768300937,-0.0023915187872796976,-0.007100787736431862,-0.0011275963440267646,-0.0037735433557902964,0.0017510102992442727,-0.0018591666244417147,-0.0016253436575588932,-0.0020068952854836205,0.0008370630401170111,-0.0014322699845783211,-0.0013332572946956403,-0.0028171017496284945,-7.409881652227923e-05,-0.0035588645741347546,-0.0009318056072167753,-0.0022805053865551403
1175,0.014784105654937554,0.010175515530607266,0.010098128666763935,0.007316605058600862,0.016164856771511707,0.005156399575876935,0.010574354447047955,0.0045051410885393875,0.01698090226275059,0.011832043493816367,0.009855089077852607,0.006380240263457491,0.013454970422794492,0.011172302062015155,0.010381197471674599,0.006579619441532206,0.015821344748347694,0.009763618861004332,0.010141331065271313,0.0063244296755608905
1176,0.00040544863372994134,0.0025300588254242445,0.0020742731600354573,0.0016581964011038992,0.003880150198901428,0.0017080525585759269,0.0017358232181345532,-0.0008136496038816845,0.00502642350338273,0.004613075299393626,0.002637888427399438,0.002248660218846376,0.004536970400675868,0.00477936242099026,0.005897668147739127,0.005244986431069342,0.0037634016484084454,0.0035764098651577827,0.002707544562695889,0.0020872302589970727
1177,0.021734179502334798,0.00941256059286197,0.018467572772482812,0.011924034490703637,0.021228375211454608,0.00770881599639572,0.015612659787789201,0.005250645874965702,0.021396963681852225,0.00731762268977701,0.01564494731086767,0.007493484715196186,0.02271266211732502,0.010396003011760182,0.01792512916559261,0.00922049957154154,0.02338007369055423,0.009245093511052445,0.017084445305409427,0.00861737837019725
1178,-0.0032868374613416384,-0.00888166222097711,-0.008432040169892161,-0.009975348892455,-0.0038881488190074106,-0.009975775010756093,-0.013614265780317466,-0.013698659167731012,0.0006123987824052973,-0.007327987843297529,-0.005669158409849739,-0.009081435593617477,0.0014799739973182333,-0.005893982601385933,-0.0074365800381607705,-0.010218501267618986,-0.0008099205293212378,-0.008134274993029787,-0.00893408548222683,-0.010761710408518756
1179,0.007251306926424755,0.0027186790544379185,-0.010007894928418476,-0.008835833412468085,0.003337384093924797,0.0010882261861671905,-0.011621583371548415,-0.010546062919896196,0.006539833765592579,0.0037916235723329016,-0.007610001085450741,-0.005534974690487204,0.007683237869372657,0.003887661063930982,-0.013104103084660243,-0.009462485685188954,0.006517195166679275,0.0029859838008647896,-0.010893140012505029,-0.008803159354812002
1180,-0.007715586026445163,-0.008199914759201475,-0.012326401273588788,-0.01323287564251466,-0.003770536241483483,-0.005829612971326399,-0.012806502960650865,-0.01500209788733919,-0.005554952630698182,-0.007202667365694085,-0.012459031140864081,-0.013689538511932624,-0.003727215414341258,-0.006660860297838791,-0.014929151213812594,-0.015360053674835887,-0.005356901295307185,-0.006984536244672565,-0.013043675948139809,-0.014480233059001597
1181,-0.012126520045878041,-0.012895130032116725,-0.011771192919411711,-0.011832506911421669,-0.00875437391556286,-0.008588279970413714,-0.010151734979089267,-0.00970406473461709,-0.007505832325405976,-0.007804755677118216,-0.011776451821718829,-0.01134302288044861,-0.007746391560519069,-0.009035707332440284,-0.007183112375966221,-0.009462326670589652,-0.009844406285707583,-0.010276420459936002,-0.010204795475136105,-0.010676692479082877
1182,0.0037538759360287075,0.0035593099991894105,0.008896262042476543,0.009452532019188335,0.014836816372599607,0.011100522241750104,0.010806887996238254,0.011658087335881752,0.014451786155222003,0.012062182586391669,0.00911807064901032,0.01065546871491651,0.011282382936302897,0.011239906458562656,0.012299541901006931,0.012428179813745228,0.010374564119655866,0.009160490074855336,0.01058388043996296,0.01130106853795141
1183,0.02486930972384437,0.01778448121140945,0.023848027297812064,0.020577197352954695,0.02817667234735015,0.022203941419634124,0.023428557417346025,0.020960416969044708,0.028133655198133524,0.02064940584195567,0.026148725368054918,0.022990884658403207,0.02979309954265695,0.023760927229461756,0.027357362904438676,0.023369229911353137,0.028443993699548066,0.021578203617348562,0.026283964626721373,0.02273024403913004
1184,0.007017567783932732,0.01361467067155398,0.006286733543865642,0.00973739147597566,0.0032871791997266552,0.010933644240990355,0.006827029331644494,0.010555433297135833,0.006768208616619501,0.011617688709382557,0.009128863471774848,0.013006790550545976,0.008413528147313418,0.012975020818771273,0.007698828471420653,0.01104322607694201,0.006929538055446547,0.012939606509889028,0.008136967574145969,0.011648856285957725
1185,-0.0018768110865569484,0.0014127975288863298,0.001047990094187969,0.0027757883783717857,-0.0006059939210178092,0.0019242679105971662,0.0004043964388102517,0.0040628336004335,-0.0044090262396857035,-0.0019854061109019243,0.0025734433671754983,0.005810384590154667,-0.0061751863438810695,-0.001649789670682411,-0.0005212204698278437,0.0026328464132258896,-0.002942532425502891,0.00035022638033852134,0.0008040320468563222,0.003978329291954352
1186,0.00020907377762839155,0.0002959125752075446,-0.0011126856413918298,0.000251389009752847,0.002961353370456819,0.0019558573733248694,-0.0009061557015206317,0.0006540943769788877,0.0009986464814342845,-0.0003677574880083739,0.0012410938666930266,0.0024077996878613807,-0.002301536266086627,-0.0026801990591036173,-0.0028652564778760283,-0.0018513546547626375,0.0012603538083575886,0.0003081735232917396,-0.001727478720804773,0.00014864662488225393
1187,0.012343515183589834,0.00317988666606561,0.00028434225160420013,-0.00541004969111082,0.013010734633139221,0.004390547380138085,0.010326614575009331,0.002567215460923156,0.019413947965006527,0.008249467302697164,0.014593071645112306,0.006474483270663011,0.011568860378925077,0.0021891438917901237,0.006825999479824326,-0.001422744746057084,0.01523141060292276,0.004813917021556689,0.008399827013214572,0.0006519340437465747
1188,0.013286782585325976,0.0055024663203557984,0.007099183867259255,-0.0013646676122610092,0.009757175734718378,0.0032758673096450683,0.006842949321308031,0.00022126314313705242,0.009766136660188246,0.003744233629470479,0.011393481166341689,0.004494137451502614,7.248283497516491e-05,-0.0033064841012608757,0.006312302195242235,-0.0006545040130989684,0.009395238284240335,0.0027268711532987856,0.008576523774031355,0.0009758115354415811
1189,-0.0025365768479571962,-0.006285214588589492,-0.0019234635388343116,-0.006173395787679561,-0.008205382870562876,-0.01056958235162937,-0.0034060045714027973,-0.007606682976559919,-0.002314984579071635,-0.004230055213055836,-0.003025809458805282,-0.006375592692770402,-0.006603289706808689,-0.009669213129630169,-0.003338574702042456,-0.008760948226317674,-0.005898274445384962,-0.008317437682438795,-0.0022142212223807624,-0.006972272905255161
1190,-0.005242667406650431,-0.00465631990784346,-0.00587802597553651,-0.005885753496480905,0.0006012120580461643,0.0020123223944978857,-0.004095253848318138,-0.001497443598589997,-0.0041331474081061775,-0.003583218533883705,-0.006362962067037777,-0.005214127935113965,-0.001647270498354838,-0.0002901450822571547,-0.004986989986026919,-0.004765029629321133,-0.003305483159853673,-0.0019331287034492705,-0.005156245001213836,-0.004156831277981033
1191,-0.01533363773995712,-0.01838150810869011,-0.011037588573540714,-0.011796172581413283,-0.010549550796515459,-0.012587766894698241,-0.005234968894170801,-0.007322725422134561,-0.010621313870073867,-0.011914679933650108,-0.008387586529887853,-0.009583941828064216,-0.012672004442851537,-0.014683165576928019,-0.01141744821727023,-0.011440118856217471,-0.012532714538316326,-0.014574686937705297,-0.00811663051327284,-0.009746682164912162
1192,-0.014590468247362117,-0.01922349466256358,-0.01001891745999854,-0.014732052606508615,-0.01200015948286502,-0.01728798771952305,-0.00933566126685031,-0.011959032144259533,-0.01823009899452911,-0.021737729203237022,-0.012637700718117232,-0.015343897279295245,-0.020241005008825728,-0.024169289365417138,-0.011752874147513989,-0.01622697653973583,-0.01614454610934118,-0.021077158754733667,-0.011098976556155304,-0.014811546392627911
1193,-0.0051364259484283385,-0.01008710775524633,0.0012209640389653983,-0.004575189431489096,0.00014171350984515813,-0.007084738270501312,-0.00046368845573850024,-0.0040018212804381025,-0.0073103423396346625,-0.011609179855747035,0.0008267330071706822,-0.004467894949655842,-0.015605754636735658,-0.017653819383510176,-0.007362587493058077,-0.00975094136454845,-0.006096003903779326,-0.011655445776755969,-0.0009540044316844237,-0.005560008594553812
1194,-0.01357620885925154,-0.0112607952346012,-0.010391080797831187,-0.00876889486440044,-0.013629807910607347,-0.010612530793394463,-0.013680410209971013,-0.009453320065987866,-0.01983404037417535,-0.015743894899072665,-0.013741212110855109,-0.01155000336592899,-0.018704500386594106,-0.015511278212274476,-0.013190790857468465,-0.011393380354874813,-0.01677069257334677,-0.013538459362476735,-0.013063492871945385,-0.01047578460569348
1195,-0.010290104671557585,-0.011736811371629302,-0.004611765404835578,-0.008374175785134674,-0.012365477939172793,-0.015329317167626502,-0.006614469401583307,-0.0067097622675492226,-0.009251238059419912,-0.01366052534926029,-0.006368198012707164,-0.008838692554493767,-0.01721171589872542,-0.018083119631178757,-0.006927951945786963,-0.009346398782444306,-0.011735732068704166,-0.014916531828970294,-0.006005270509081994,-0.008486971549248646
1196,-6.782834863650565e-05,-0.005571683345893859,-0.004209764967892487,-0.007278863680607135,-0.0014896060991581586,-0.005710180388284831,-0.007314069155622465,-0.008590705349714586,-0.00424211557044009,-0.008211386446251235,-0.007979120115273216,-0.010311124167312403,-0.013665280294251249,-0.015363631381098593,-0.00783795127215681,-0.009744561871797822,-0.005063541652987084,-0.009026807636520369,-0.00706376181931221,-0.009353978554071355
1197,0.003386804850573436,-0.0020784827159043076,0.006239332163719817,0.0011684078512007275,0.004842344939765931,-0.0009059339710591449,0.00696062466029557,0.001025869893508021,0.004198284198296561,-0.0026034218918713037,0.00507393365282372,-0.0014128751126528006,0.004270118713130891,-0.0015622854818576595,0.005448886422227527,0.0007576063531348767,0.0037633075896075455,-0.0021145936356399405,0.0061278222279611445,0.0004899225552732103
1198,-0.000393849944251259,-0.0034903957776686078,-0.0033652553937415252,-0.004703960798881348,0.005398956315584967,-0.0004869605993549977,0.0016142260003725107,-0.002030000461804431,-0.0012574744486705167,-0.00540725288980687,-0.0015366132157025028,-0.003309038792195571,0.0027028142954622207,-0.004028085357197639,0.001942597670565501,-0.001691338828648382,0.0010531850620096176,-0.003694806727732165,-0.00014841579216194302,-0.0027619337250728675
1199,0.003226879226718595,-0.00013247831433950576,0.0009356247846730827,-0.004086411780459063,-0.001458241334680603,-0.004454975466512264,-0.004083523346093831,-0.008301499838022338,-0.000352843496591164,-0.003655008680657277,0.0008217210560955115,-0.003937479012439019,0.003776676902450196,-0.0024307130343934973,0.004470289671219173,-0.00033763374662534103,0.000608102552536106,-0.0029635700840198115,0.00039029243906374606,-0.004453827511144149
1200,-0.009402040933218489,-0.009191904383182943,-0.008389568365641158,-0.010822820554022537,-0.004905382672751582,-0.008488778441544428,-0.00900582744400112,-0.012561900016680892,-0.0034569347043512688,-0.005946627844069131,-0.005619588342011658,-0.010047461450352601,-0.007988415954383522,-0.010760972982020382,-0.005061981692417295,-0.00979139766400336,-0.007104625666796886,-0.009027630327891419,-0.007012369706703174,-0.010982375783871227
1201,-0.0007184116237170975,-0.003556714366467418,-0.004395377255422737,-0.00782665176411546,-0.010874558122545114,-0.014993093998892959,-0.004788403678021778,-0.010474424192671779,-0.003951702814908069,-0.008566550417548302,0.003485869518963319,-0.002854593810839651,-0.0018104765152105792,-0.00700071709438484,0.00046732355662087755,-0.004082518179266984,-0.0052413266059666945,-0.008881389808697562,-0.0022462074351499257,-0.006701049391823539
1202,0.007206009524239248,-0.0048270756945548625,0.0031938614108241864,-0.006103249349485375,-0.004595168487332875,-0.016207712232802127,0.0017890181982938957,-0.009314676714227223,0.004938137286225556,-0.00676857110777701,0.003527396144550043,-0.006052440086629247,0.002676961267160293,-0.009224013005910078,0.006652008769293444,-0.0053414279041255576,0.0024236299216186755,-0.00966142062767417,0.004204389989352029,-0.006716643071769245
1203,0.004435727393540221,-0.005842583475877363,0.008702598341611805,0.0003126959658582313,-0.001171903071281947,-0.01187529596352106,0.004126169198346026,-0.004776087525506161,0.003430120268602281,-0.006050390492990197,0.006440420725170174,-0.00024531378846839066,0.0031348824484532345,-0.006205276534891249,0.01033605688189252,0.001805403544459209,0.002927208686990236,-0.007599803859838398,0.0074989061095566325,-0.0007419148309073352
1204,-0.003689109142630872,-0.008144942987324603,-0.0037565395149222057,-0.00687281579732462,-0.0007366718287121175,-0.007678816003025718,-0.0050041284231271115,-0.008772070167305895,-0.006209413809618801,-0.01028701195364867,-0.005525191490717855,-0.00826175931942448,-0.0017042107274854459,-0.00627662405142797,-0.0004946755082866735,-0.005788148110885159,-0.002991630513534753,-0.008206328317512862,-0.004498616100044275,-0.007774186951982034
1205,-0.004329084901873555,-0.012526180168561678,-0.004278750724254879,-0.009041480998341575,-0.011349974963750694,-0.018373847477206013,-0.0061142751038296686,-0.012676301202269456,-0.007667275112362626,-0.014191769819958722,-0.005827587623577532,-0.011034648982542567,-0.0024062818615171325,-0.009255187311781288,0.0020924141403601943,-0.004959355322170472,-0.007269235814820569,-0.014129790512129448,-0.003982609991452921,-0.009689667344167985
1206,0.008280230174002517,-0.0019234750429906842,0.013778443111035547,0.0033575506678113556,0.0026822788202372854,-0.007019283074891182,0.008809732669697534,-0.0024572112493502964,0.008258251047940899,-0.001282518660941438,0.012660675585395685,0.0028358988509753105,0.01565051777191455,0.005978051704704367,0.01659421599402701,0.006459592911504098,0.00863470714159835,-0.0011859852076274151,0.013010574911417544,0.0023845825252945315
1207,0.005767491442908713,-0.002855678803838823,0.007481003809564453,-0.0061205451514320984,0.00872816624136336,-0.003604191401149292,0.010393790424929836,-0.004547349200162608,0.007307071041499825,-0.005571286743085519,0.011299719146483938,-0.0019509315733352642,0.007515158101728813,-0.0038654654207484606,0.011988657446011257,-0.002267655350498228,0.007601807028041392,-0.004050787017191076,0.010329796549921891,-0.003945146210076403
1208,0.011137504922089266,-0.004345091968451491,0.011356935809840046,-0.005377448162306213,0.01573403768960236,-0.002433770327586449,0.012655793293092967,-0.0056403829693165135,0.010300386667668126,-0.005624093626866186,0.012291520458363462,-0.0023732398909372407,0.014382619889391669,-0.002161385985821891,0.017623560437582012,0.0004487173165906574,0.013964737954590368,-0.003629892307819012,0.013799475587803936,-0.003272053459694901
1209,0.012084459596528235,0.0029121089383354567,0.007511478060512357,-0.0014407147906084058,0.01889360348290633,0.00848347199895475,0.01424877717549906,0.005375090655716591,0.014016384316227835,0.003797282630873701,0.007750656423399425,0.0010203613708648725,0.012280138555237848,0.004528274629717411,0.012752891927243442,0.004105114489175953,0.014404330935004955,0.005064804861217925,0.010163849733927149,0.0020914503697499333
1210,0.010172972743966932,0.0005071812254405534,0.012185608474935106,0.004642745758622426,0.015146557713126816,0.004358288293675952,0.01685729304295839,0.009153312041806352,0.01432989674483053,0.0029041504424491154,0.012901343242525759,0.0071384335903593235,0.01130231508806006,0.0014234100272727257,0.012655958217463346,0.005886946280983635,0.012626978358287468,0.0021784510113495503,0.01368238871402371,0.006842803502518811
1211,0.002277427353242162,-0.0035924157945598965,0.003662207290443295,-0.004469076902497194,0.0005996915174604466,-0.006297549754329388,0.006712474422775748,0.0001292223789283539,-0.0026721659643205993,-0.00766796751042257,0.0008288049752255478,-0.005236685723600609,0.0011952974856512125,-0.005525148347255498,0.0037477164533122167,-0.002777405893591877,0.00022054478113610367,-0.005951371926357419,0.003756631164764215,-0.0032697631710583153
1212,0.010745085448100754,0.0008235421440007014,0.006636516943003408,-0.00454645781237173,0.013417249647882077,0.0020997327061316497,0.010966682370396776,0.0002503396879353913,0.004179520536605445,-0.0050294193158478126,0.0018590450118406278,-0.007523696614454005,0.004595942018429183,-0.002913414894708137,0.006670216936714975,-0.003757142851631247,0.008389897874657881,-0.0011200895706969512,0.0068385807869303285,-0.0039058228219337483
1213,-0.006022667860582254,-0.005495676265532839,-0.003996818349769947,-0.006465649333096794,-0.003944251719668695,-0.004615832776460169,-0.004729828489060192,-0.006798303154708813,-0.010129671507663057,-0.008276543030668443,-0.01287849717722464,-0.012264079197971277,-0.005534653692247039,-0.005071329996872502,-0.005408395823595368,-0.006770958956430933,-0.006741686642005761,-0.0060742090309853685,-0.006592627038295176,-0.00818207386974705
1214,-0.01312766748428766,-0.013423109934973669,-0.009027638187439787,-0.01096176944884236,-0.0120289320970252,-0.012228797563056228,-0.010153319320960098,-0.011075706973681982,-0.00919734221288904,-0.009680018932399712,-0.00978478190665911,-0.010798024264618913,-0.011919009188071145,-0.01115713396531737,-0.009662407189111539,-0.011905656898764307,-0.011407001256437102,-0.011651266940004373,-0.009516469943633686,-0.011298449291099166
1215,-0.0053812063979593846,-0.008335068228211843,-0.004172583652367593,-0.005705321086722893,-0.005441789835831816,-0.007480917480927326,-0.0030054497519920566,-0.005303718959365301,-0.007916322544266175,-0.009554223991579514,-0.006837170138191881,-0.0075273035106723845,-0.002756490217135763,-0.003767352134166344,-0.0007554239188905283,-0.003652365993498161,-0.005410551391434139,-0.007614271272842138,-0.0036144070313465235,-0.005642578765754304
1216,-0.002968663239507022,-0.009090382259840008,-0.00026915407836233416,-0.004636441691064715,-0.0016560221335673476,-0.008769372122131518,0.007386478757434534,0.0011305440828427546,-0.00011215808937579406,-0.006261931643207515,0.0005668232104323082,-0.0037954353411521783,-0.0006875239092000924,-0.005695761341505421,0.0038925027122594514,-0.0021173571895971174,-0.0009607110866110777,-0.007523090457688393,0.002676895488349081,-0.002527552354792546
1217,0.006597379350848317,0.003212745390224808,0.013493667178255841,0.008033718401839472,0.012868048838448637,0.007895565757560329,0.020319545108290833,0.01272051256283036,0.009793627936150769,0.002966071710966771,0.012848375776614917,0.00738708854624315,0.007668249615314243,0.004196252042732242,0.014595332257334162,0.008141476388658643,0.009905174180763577,0.00500591750265254,0.016341637338002347,0.009586867354677602
1218,0.018812801384500883,0.010617600661344907,0.020710427800706296,0.012914052373990889,0.0209744549997921,0.01127635922415749,0.026713998696829017,0.01782175181267454,0.0213005700905313,0.011540860967580224,0.023287337951807437,0.01559873221374888,0.021300502616083017,0.011976141349590439,0.023820666167564678,0.015274489904164171,0.02084081465735875,0.011486406236496457,0.024164469658601664,0.01575047959186032
1219,0.02839938432827172,0.017700276511098807,0.034921548996333596,0.023688904489879748,0.033684478561869194,0.022861910662594413,0.03130105220134635,0.0215407081409674,0.03546841572467036,0.022799455856504107,0.03704172308663422,0.02718496000055315,0.035682141981896905,0.02633171389829402,0.03338480133897901,0.023001058360849487,0.03335389904863569,0.02266614633708404,0.034634951016678565,0.024335559870551495
1220,0.03410364141259818,0.01900567989148461,0.03429582816766619,0.020251496270206667,0.04250973401525449,0.025043227592931417,0.03133781513432725,0.017575376037113625,0.04306024867817768,0.025388417840651323,0.03714568840047662,0.023324682428799388,0.03865107293727968,0.023759544349497314,0.03388909350099114,0.02108235717404977,0.040356235252136705,0.023720302193635058,0.033912622989616815,0.020546857735656874
1221,0.01939803004623858,0.003431724375143037,0.01957544946622262,0.007255320397456863,0.026411517229012298,0.011700728548464438,0.0187949185610023,0.007085269553127928,0.024411563501246833,0.007506810680637555,0.021225385844298096,0.007954252056313598,0.021871852389569357,0.01002815212948206,0.02141335421504549,0.008743594880300585,0.022477668643321312,0.00793754240265238,0.02117109657122846,0.008079874507292414
1222,0.01260805176724993,-0.0004239979502896803,0.016795643176672283,0.00624227656979806,0.017637131294578605,0.00578833648434,0.014523209137082351,0.004925474071707532,0.023876447199855513,0.007711008596341555,0.019837197093272037,0.007931309350255268,0.015453812694278557,0.005088223106272402,0.016542881141376687,0.004019936707095735,0.01708204708727011,0.0045194263572668905,0.017048611757612464,0.005857921893872715
1223,0.02753336493020555,0.010970252015700272,0.023076570578364614,0.0077234348897316065,0.027677089194811464,0.011898033671446196,0.02486738782720237,0.009081325889533191,0.02966107993777903,0.014798125319041296,0.023304825385184448,0.01015877651115679,0.023935707316338303,0.01166730449549219,0.021361851294816294,0.006746043157975974,0.027675394652340403,0.01273388516174631,0.023997948821816415,0.008813683593324132
1224,0.0248828800243044,0.0038752293470909046,0.02922297318653312,0.007659611368218326,0.029438581520114013,0.00852412617711555,0.029401062010196075,0.010295657051405697,0.03392763899403304,0.013836720563580962,0.030987237129367583,0.012649083367690982,0.028992099759546773,0.009074395246025683,0.02868094064442043,0.009343143905317229,0.02934363571596414,0.008855815812288656,0.030073286258457226,0.01001908493127548
1225,0.01917158683390152,-0.0035012196299223433,0.02037393110091979,-0.0015521476719790367,0.025969779732730167,0.0022800713436814633,0.018364979940225633,0.0011677418311862987,0.02524004664745996,-2.4979851279033145e-05,0.02260128533709162,0.0022696353866504897,0.01655994651389979,-0.0024574649638159553,0.015216759144651048,-0.0007087086652787493,0.021637051536199593,-0.0012707133262778812,0.019310626018716835,0.0002130485109405479
1226,0.016884548666180946,-0.000507877002325639,0.016037787446637298,-0.0011138437297586777,0.020090318739950423,0.0025919918274070137,0.019092859840585046,0.002812238793535284,0.025479842465050716,0.004074167403313748,0.026325159033932375,0.0062117055433163395,0.021602093460353,0.004876407137093856,0.020661389587489806,0.004397828051108914,0.022560157294428576,0.0031030601145800025,0.020551332666266527,0.0029248172439321316
