sym,year,Lw,ic_d,ic_w,pnl_d,pnl_w,gross_d,gross_w
EURUSD,2008,4,0.1336456950099114,0.13674540084370918,9.379911229887282,9.240780676010429,9.486896163471359,9.294272284330585
EURUSD,2009,4,0.0035496507506211634,-0.050174520600425446,0.9844755052253646,-0.7689984024899995,1.121151969286762,-0.7081526762102851
EURUSD,2010,4,0.0709839539061449,0.20623200732970112,5.499555996757694,5.89294345305478,5.623079485541433,5.937910097402549
EURUSD,2011,4,-0.06483949548962416,0.07763526026187642,-4.771436654637698,2.9568559957244793,-4.590660347202958,3.0112957428917437
EURUSD,2012,4,-0.04370687839085606,-0.0427008410146899,-1.6123819870568947,-0.20046828596977934,-1.4648641027907972,-0.12314574724497071
EURUSD,2013,4,-0.04520982737919192,-0.16916082470650412,-3.233943788519139,-3.5707159359932925,-3.095346704226188,-3.5125562105062924
EURUSD,2014,4,-0.015029658088036925,0.07850928662766596,1.8827333970707025,2.4899999264735153,2.0155448686114945,2.5529936200139196
EURUSD,2015,4,0.04211399232462526,-0.09077446056360304,1.72832506972748,-1.30595860277614,1.8868085489106998,-1.217659042916151
EURUSD,2016,4,-0.025065612081476774,-0.11475851022697911,-1.3671002486412656,-2.6958756618617596,-1.208330830801877,-2.6057868103184054
EURUSD,2017,4,-0.04264173366846967,-0.09477409446747029,-0.4263516420198125,0.2682932337649681,-0.2707945263336965,0.3376101790238264
EURUSD,2018,4,-0.05144701618540847,0.12372328466994455,-1.4362648289953241,2.613171587125506,-1.2009613959954444,2.7233199363963725
EURUSD,2019,4,-0.07297634977049797,-0.2175859031116184,-2.266865638162675,-3.4206308114025648,-2.034497702204422,-3.310938314143799
EURUSD,2020,4,-0.027217232371570296,-0.28444700717183197,-1.9284260366313302,-7.391076614822944,-1.7005382813057297,-7.256674097652345
EURUSD,2021,4,-0.06872135441494888,-0.008770580193070292,-1.5852302258257878,1.2421831929326783,-1.428951200131137,1.306890160267616
EURUSD,2022,4,-0.02234021358948211,-0.002706659809803834,-0.5597370783403475,-0.08975048852729742,-0.38722035895893153,-0.003927512472642592
EURUSD,2023,4,0.021306778490449815,0.0427008410146899,2.0551696538405797,0.5959491439923731,2.1551478993146462,0.6526753160050212
EURUSD,2024,4,-0.015487701483936085,0.08298941614200583,0.5020175565159639,1.3927715280575552,0.6633211797827362,1.4636469396974805
EURUSD,2025,4,-0.009666081756393892,0.03673528234351999,1.813488861924079,3.616715265423837,1.985636302483986,3.6994388003447005
EURUSD,2026,4,-0.00823408232580332,-0.04216370213557839,-0.14830976777415614,-1.4282494869229625,-0.05545814081227354,-1.3650262815399434
EURUSD,2008,8,0.12203684952101078,0.08598425020100492,6.127843698502711,4.639087613351267,6.180090864007949,4.671755778235373
EURUSD,2009,8,-0.017306552508609373,-0.07687422135960735,-0.58690176891549,-4.299068438113677,-0.5241005522216969,-4.270997010137117
EURUSD,2010,8,0.05688063316805472,0.1476817441730219,3.927058854397556,3.9932741385729984,3.962046757602534,4.016683033341579
EURUSD,2011,8,-0.026670801995320924,0.029311629051165616,-2.587777747941004,1.6695732865898565,-2.4231723641010343,1.7577117494180952
EURUSD,2012,8,0.010455037140799353,-0.12372328466994455,-0.39527238506012047,-1.2084829651678919,-0.30657692263055286,-1.155229988087117
EURUSD,2013,8,-0.01196206393457631,0.10622131157619469,-0.12335478268230707,1.7472685458961719,0.04991131497240686,1.8112132139709685
EURUSD,2014,8,0.03654823106733721,0.11615129900416539,3.3689768416668477,2.9846030968830073,3.4417055317733345,3.0295479138900157
EURUSD,2015,8,0.011457510636045947,-0.0014141357870435705,0.8940695166136098,2.4147714361740706,1.0112199924182916,2.4549833311310105
EURUSD,2016,8,-0.03305577019200816,-0.1365309749432999,0.13052663368237916,-3.006086212735444,0.24835392126611544,-2.950515484966524
EURUSD,2017,8,-0.09146491018838679,-0.12561485860426555,-1.0708628721438693,1.5184629544250472,-0.8424047477013681,1.579149160339333
EURUSD,2018,8,-0.055832087343925745,0.08759951943454768,-1.6349523786374118,2.3484931179485007,-1.4540475580627625,2.3936166903840284
EURUSD,2019,8,-0.12340160214083588,-0.2507226397939826,-3.70512731793397,-4.028268011606903,-3.445912650939105,-3.932318767935671
EURUSD,2020,8,0.005787729184584511,-0.27452075147860877,0.9488018503366782,-6.150453510812643,1.0837656137406502,-6.049113555631318
EURUSD,2021,8,-0.00554247749416975,-0.14029329877870034,1.0080864157562859,-0.8400839574728439,1.0532512083431447,-0.8078146941238107
EURUSD,2022,8,0.03481040004615487,-0.020894746626614943,3.537142761199265,0.6866233563373114,3.629096089829646,0.7513559337905025
EURUSD,2023,8,-0.026925849925925283,-0.1344818311629832,-0.264751873448932,-1.668731447546817,-0.164774604314073,-1.6259027449442167
EURUSD,2024,8,-0.08754682730360591,0.034641016151377546,-2.202270522518051,-0.37005647625904836,-1.9976251213905576,-0.3059780489092203
EURUSD,2025,8,-0.01432917645575116,0.06315861769395359,1.9873256681133893,4.048475732581138,2.073779701309014,4.082172825140186
EURUSD,2026,8,-0.040675702183858894,-0.05143444998736397,-0.9278443163445248,-2.1935833082530434,-0.8086780028744782,-2.155325770326218
EURUSD,2008,13,0.03287436596399633,-0.08263151550276167,-0.38064888656345514,-1.2919133592892758,-0.27910661937186965,-1.2647111854517035
EURUSD,2009,13,-0.005651840606708221,-0.013420602458774822,-1.3676869209425093,-0.375777422969635,-1.2583810047300852,-0.34127419954839
EURUSD,2010,13,0.01021720789403631,0.03160522301909244,1.7989507180099145,1.7648317997972216,1.810601468809431,1.7762698638470342
EURUSD,2011,13,0.06204949638438312,0.10976019554265287,4.5321176981036295,4.053371167034512,4.57598872560345,4.075196311856077
EURUSD,2012,13,0.0513530523769434,-0.03197632260127158,1.8006842519572186,1.0681002648824105,1.8538170578717097,1.0974854638765192
EURUSD,2013,13,-0.0636580348276624,-0.18373416056422864,-2.818324045685791,-3.164874450612445,-2.7365796328726812,-3.1297966855231953
EURUSD,2014,13,0.09628285879240221,0.18932799361660302,5.011374174134494,3.3932880690740506,5.039379667548321,3.4102563187667707
EURUSD,2015,13,-0.018409152360199223,-0.12905521788092905,-0.8686681109943852,-3.3653902797184108,-0.7320275286024522,-3.3111954622355304
EURUSD,2016,13,-0.05836516502300419,-0.18652854850741754,-2.527577599111472,-4.152543514706262,-2.4170765927102873,-4.097162102426866
EURUSD,2017,13,-0.018096231402659365,-0.16664102366833555,0.4754387710880801,0.08380978903546205,0.6056045389585737,0.13966047021938766
EURUSD,2018,13,0.025705115468017348,0.1087114613009218,2.3175642599646316,2.4899866999191693,2.350127026120402,2.515988346547102
EURUSD,2019,13,-0.03307397259986105,-0.17117033537455953,-0.6922596829845791,-2.2832955900346223,-0.5090483260751741,-2.1944361798628855
EURUSD,2020,13,0.032973619794265864,0.10234708686372908,2.723910888791125,3.4899176485735746,2.831209573991639,3.54288009923629
EURUSD,2021,13,-0.06183804227779918,-0.1550256979760679,-1.2486462303954446,-1.5503310074874053,-1.191032201002444,-1.5181370899013518
EURUSD,2022,13,0.06323848310770587,0.19047065329714669,3.8411442721184113,4.346935968315998,3.8757863454359036,4.3679848888294455
EURUSD,2023,13,-0.06610427339187781,0.02198260025574647,-2.1253252297622445,0.14074267800744877,-2.0263844555870865,0.1689960464221123
EURUSD,2024,13,-0.04993757759931408,-0.03730570970148351,-0.9318532006865458,-0.3096926273306637,-0.7836610051918563,-0.26007569071017345
EURUSD,2025,13,-0.015145752682400263,-0.04683829534612862,1.1974120593352109,0.2594594655095257,1.2848870660364073,0.3142474687498536
EURUSD,2026,13,-0.09119037716249957,-0.14757295747452437,-3.8510551883913218,-2.8848478552952845,-3.6777411424573287,-2.7578150887898265
EURUSD,2008,26,0.04273819636737971,-0.037897217510295185,-0.5770570729216897,-0.4593204149685156,-0.569478419076308,-0.45167038494514145
EURUSD,2009,26,0.06467248894564323,0.21244262315238938,3.515706497220169,5.330477756374251,3.5763951521151855,5.33628787585936
EURUSD,2010,26,-0.03616083499324847,-0.006828874414890765,-1.0546561746161902,0.682749873733646,-1.0097549437578843,0.6936841112255931
EURUSD,2011,26,0.04984911423630326,0.157896544234884,2.857513704695421,2.878837935701202,2.8631477741387075,2.884472005144488
EURUSD,2012,26,0.05716499908251404,0.05823490660957641,0.5673850911832223,0.5193952405715998,0.5969188279788399,0.5253244411730579
EURUSD,2013,26,-0.03899437126120911,-0.11615129900416539,-1.3788438980335336,-1.5636764014428124,-1.261621159376736,-1.5165234116920994
EURUSD,2014,26,0.07626902249474253,0.2730619498865998,4.027947208116098,4.0917212165754835,4.0673289818309835,4.10867229644721
EURUSD,2015,26,0.003894329394330565,-0.06265905576999324,1.1198755382584686,1.7143920737266622,1.1608773757891968,1.7414008295237329
EURUSD,2016,26,0.027991279723643608,-0.1438934517057221,0.3883176503999196,-2.677023417241604,0.5121486557536885,-2.594286896788183
EURUSD,2017,26,0.03810674376921846,0.016724840200141814,1.9563583353662262,2.122054803190173,1.9774866808412963,2.129091952300325
EURUSD,2018,26,-0.027503081545858354,-0.027551938438899186,-0.13183391136846795,0.33389592576913696,-0.08625378298324174,0.34043205717675173
EURUSD,2019,26,-0.0870903282936557,,0.306624964465573,0.8650518348029631,0.3473129150489607,0.8650518348029631
EURUSD,2020,26,0.06715346243363897,0.01775507347871599,3.8530483716543755,-0.8209370519838867,3.8877111854793975,-0.7864692990492317
EURUSD,2021,26,0.019747745917977875,0.10220619168386724,1.5343363977054034,2.0728546857468744,1.579445244919072,2.0792081842372836
EURUSD,2022,26,0.07450466292783403,0.16984155512168939,3.36213891285276,3.3708692347120643,3.3694429385395575,3.378173260398862
EURUSD,2023,26,-0.05337310565669111,-0.11071997028489228,-1.4740082504638492,-1.4858880716698648,-1.4175783138131948,-1.4575755067216407
EURUSD,2024,26,-0.0661192821593667,0.10976019554265287,-2.6924849028025855,0.15622287066247764,-2.5302971988003047,0.20601638769064548
EURUSD,2025,26,-0.0019640095183213213,-0.0686541674874491,-0.07007806341661965,-1.9815700321623895,-0.042656987891753234,-1.9747958914960042
EURUSD,2026,26,0.0019087799741766105,-0.06172133998483677,-1.2745447980694178,-3.6711122017651796,-1.1949279405657507,-3.6076937918705774
EURUSD,2008,52,0.08972079793349996,,0.44242902442375986,0.0,0.4451284083433679,0.0
EURUSD,2009,52,-0.015218878377716507,0.043062693882241085,-1.8531539906904162,-0.9492250157274829,-1.8269494609713293,-0.9410797304582736
EURUSD,2010,52,-0.05721476284989683,-0.2417421542871331,-3.074160346526632,-5.878351727584819,-3.045416663808142,-5.8612238140990485
EURUSD,2011,52,-0.059036072180524105,-0.21531346941120544,-4.574781671544855,-5.661915174651623,-4.4840346257001595,-5.616605872223321
EURUSD,2012,52,0.03679719179337414,0.0068626351630751625,-0.07202099278037968,-0.6067399536363886,-0.06615596461490153,-0.6008958896275242
EURUSD,2013,52,-0.05692694470975191,0.0628970902033151,0.014340779340420664,1.6740754823243655,0.07281070113844915,1.697534409149066
EURUSD,2014,52,0.05171804053879385,0.17082201832117497,2.2320095977877483,0.8846757002538967,2.271864480609292,0.901832385290458
EURUSD,2015,52,,,3.8771312780399767,4.031576808835137,3.8771312780399767,4.031576808835137
EURUSD,2016,52,-0.021379518018292045,0.029356828197599306,-2.197563418402748,-0.3754692910205638,-1.9199054890425713,-0.2648398093809246
EURUSD,2017,52,0.01983491985297194,0.048187402921164676,0.25534284218385805,0.970872205779237,0.2896760522100478,0.9914437603087709
EURUSD,2018,52,-0.007347489379679868,-0.016137819739557985,-0.5300571290448335,-0.3892035110094987,-0.5234760291804929,-0.382604014023159
EURUSD,2019,52,,,0.8108957817971838,0.8650518348029631,0.8108957817971838,0.8650518348029631
EURUSD,2020,52,0.043393490008705286,0.03341383440404422,2.7592416388598524,1.0065944834258327,2.8067126805436615,1.0402541752921932
EURUSD,2021,52,-0.02298810315319037,-0.04959348919001854,-1.125977953928999,-1.4285947761035305,-1.0672361879617027,-1.3958634962407381
EURUSD,2022,52,,,2.12402489092446,2.135415778324908,2.12402489092446,2.135415778324908
EURUSD,2023,52,-0.07403480017327912,-0.16371749693731213,-1.360225265994472,-0.38808259075571766,-1.2960287614178903,-0.3666948864363739
EURUSD,2024,52,-0.03592326913068982,-0.25353624352472126,-1.3711264486905999,-3.711002753255147,-1.3074424414469923,-3.6611057928658775
EURUSD,2025,52,0.012555412263576302,0.05829752480681662,1.4996963828970675,1.8448664083094473,1.5350135054440635,1.8519809445163888
EURUSD,2026,52,0.010337349148036641,0.03849001794597505,-1.4281692979777938,-1.4864814330631928,-1.3878377683259924,-1.4735633764943774
GBPUSD,2008,4,-0.0656390904020374,-0.11751826744505948,-0.954161874824007,1.5681790720762325,-0.7970786094352142,1.6228069514164305
GBPUSD,2009,4,-0.06778317667169456,-0.06766649524509585,-4.939335103365235,-1.0818522908159134,-4.744641954761203,-1.0174524566630365
GBPUSD,2010,4,0.03699780895065778,0.06026755543550426,3.3614566925510143,0.5726328778190859,3.435184673010355,0.6212954629091029
GBPUSD,2011,4,-0.1128857200732188,0.018652854850741755,-5.549892782967985,0.7205054329460918,-5.406690246609025,0.7730125590909148
GBPUSD,2012,4,-0.09151977802021818,-0.08185201195476006,-3.1689122072501226,-0.5200238451670753,-3.0281979601064792,-0.46155742418360357
GBPUSD,2013,4,-0.03044377810094799,0.013937366833451512,-0.6582456393921168,-0.2914282567035211,-0.5504678038670999,-0.2422748897172312
GBPUSD,2014,4,0.005335475042357199,0.08298941614200583,1.0335998835387163,0.6244830523180542,1.1412047694965513,0.6854690004469484
GBPUSD,2015,4,0.031194063951625182,-0.12115335490652102,1.2914546368438087,-2.4944877147104134,1.421824038795912,-2.4157373532311492
GBPUSD,2016,4,-0.0973833922200396,-0.17188922510499613,-3.6162431268722703,-2.5254221691836625,-3.4710299929392594,-2.444867195632318
GBPUSD,2017,4,-0.03273159915105722,0.005456800796984004,-1.010368492116907,0.5295878152962874,-0.854899214889814,0.5952348878858632
GBPUSD,2018,4,0.1024201698514364,0.25366007636881754,5.20921448052212,5.6806205660845945,5.300706340592122,5.719983525043779
GBPUSD,2019,4,-0.012968981077327616,0.02689636623259664,0.13394902232696548,1.6911192850200178,0.2957777660986086,1.780570882522041
GBPUSD,2020,4,-0.04218179394069127,-0.24898137754588265,-1.4549640355444564,-7.677366290957817,-1.3001939353574707,-7.559218699912942
GBPUSD,2021,4,-0.033568877897358566,-0.09073928715621604,-1.9813014065133319,-2.3564676182139195,-1.836268618744624,-2.278170208979866
GBPUSD,2022,4,0.01092528458959301,-0.06275320916531604,1.8699053816219333,1.478188123138636,1.9851352306300287,1.5338268690498775
GBPUSD,2023,4,0.023453568756115598,0.0753098254512706,1.8096145614087575,1.1986708954724254,1.9528656829309294,1.2422658845757486
GBPUSD,2024,4,-0.019763457965954166,0.07472647177570732,-0.9051346043344984,1.5869605304173766,-0.7670502852132872,1.6473300397989956
GBPUSD,2025,4,0.004452879869329448,0.04283324704103527,1.1096358111163633,0.5118743236758748,1.2537922671834927,0.5817613211280613
GBPUSD,2026,4,-0.027865613249853437,-0.09743589743589744,-1.2105696921389397,-2.2300478483998862,-1.083596632204925,-2.174671806391797
GBPUSD,2008,8,0.08479653967956577,0.0023898480496529037,8.11756183860841,7.160098342417,8.173677538799371,7.189361164622252
GBPUSD,2009,8,-0.012534512777219802,0.02165327847843067,2.0999566346475618,0.42881627974599507,2.228266671146061,0.48776439990004117
GBPUSD,2010,8,-0.022819241049979566,0.010374224064411776,-0.7213787017109595,-0.7774740264884434,-0.6522241926040505,-0.7481576197432869
GBPUSD,2011,8,-0.09455839518131937,-0.23752342814421257,-5.096121527008184,-5.157160225140266,-4.990725966157858,-5.099485583518594
GBPUSD,2012,8,0.020687201603843363,-0.050174520600425446,0.5105434675040346,0.27251044654010975,0.5930182234957401,0.3066001028020564
GBPUSD,2013,8,-0.0014099176822051386,0.04034454934889496,0.4848241997006176,1.0110678894848297,0.5739074667480465,1.050964908204251
GBPUSD,2014,8,0.016287983983735585,0.2544260221215604,1.8669865756621735,3.2943113336248215,1.9268434613389076,3.3080768539492382
GBPUSD,2015,8,-0.07337465596788077,-0.18437960920205068,-3.751327184357536,-3.1020433474342104,-3.6517164632888233,-3.0428313244607526
GBPUSD,2016,8,-0.046827485483627515,-0.1607939702062887,1.548706071601397,0.04826306042603011,1.6380587009374412,0.0981763296735662
GBPUSD,2017,8,-0.18440392858783564,-0.2842137796227912,-6.889167732168204,-4.098275582024389,-6.700439363208501,-4.013212055028452
GBPUSD,2018,8,0.0023984740845186207,0.12949411066282618,-0.5161997841828158,3.0634746087398748,-0.41938771124841945,3.1037300789580673
GBPUSD,2019,8,0.018321258982256474,0.05110309584193362,2.577939025696478,2.201284429425184,2.655637357154859,2.2429224817915485
GBPUSD,2020,8,-0.06650862588098515,-0.07442553511814959,-3.3433266968745747,-0.5044072893024125,-3.235646874616887,-0.4447109305620375
GBPUSD,2021,8,-0.03015432327860305,-0.1284997411231058,-1.273573618501938,-2.5985211763949057,-1.1455905751637754,-2.537168322018834
GBPUSD,2022,8,0.06742707645358866,0.0847822751996795,3.774972533600852,3.5527721837052004,3.8437997952488776,3.584089276027849
GBPUSD,2023,8,-0.03908278350608311,0.054133196196076684,-1.46102383663691,0.7160551708899056,-1.3119145343435688,0.7530757938381836
GBPUSD,2024,8,-0.03352663474000005,-0.04572382259541429,-1.289973856246525,-0.3790138929362798,-1.1635684833057949,-0.3244640526145531
GBPUSD,2025,8,0.013587820807033286,0.03496527610237563,0.8534521313346134,1.7384726927076957,0.9508054738422398,1.7788973742427185
GBPUSD,2026,8,-0.07330980977313936,-0.3062095847035324,-2.893250080818073,-4.908742538496617,-2.7434176838291036,-4.831323206872537
GBPUSD,2008,13,0.06255842241675114,-0.003212462831016178,7.356295804308446,7.190938399340362,7.4510203405779345,7.2201753540460665
GBPUSD,2009,13,-0.06350683591040586,-0.013344012817090594,-1.3107987844606948,0.552977390084929,-1.2201705761411048,0.6014234474307651
GBPUSD,2010,13,0.0320605254363403,0.13622563257033413,2.233350370981296,3.430269562183821,2.2775754315886036,3.459371763503784
GBPUSD,2011,13,-0.03856809084339009,-0.13803965029999554,-1.7291294424036525,-2.5002627461950717,-1.6333122233606963,-2.4573859838387757
GBPUSD,2012,13,-0.013420327567656319,-0.0376549127256353,-1.1515154386677666,0.1930560961405709,-1.1030557108868995,0.2173541749017755
GBPUSD,2013,13,0.05311509983888793,0.06672006408545297,2.8377177170420267,1.6476500855158638,2.901699221151917,1.682499243284601
GBPUSD,2014,13,0.07212586169760539,0.3085592183176371,3.879519795265938,3.8103304821578807,3.884056486985124,3.8149031126779036
GBPUSD,2015,13,0.0706265415121549,0.0013657748829781532,3.0579803273995148,1.74850653931556,3.097834715933893,1.7779701327130113
GBPUSD,2016,13,0.0041288313403914575,-0.022398041003683235,1.2261995194406754,5.311449208947887,1.2584831617510046,5.332830238183569
GBPUSD,2017,13,-0.04266161402054234,0.050245943441706215,-0.4251912211677253,2.911923010885442,-0.2727659450855736,2.972315293550926
GBPUSD,2018,13,-0.010997229325318708,0.1059239879342315,-0.9136766386681906,2.910857734783341,-0.8377299922328044,2.934079793211851
GBPUSD,2019,13,0.007803952567004938,-0.09592896780381474,0.8634418040040978,-2.621121831595055,0.9168406557011782,-2.579447358837737
GBPUSD,2020,13,-0.05350578368273209,-0.0781069873433722,-1.1022537934020853,0.31679663194681507,-1.019152142160875,0.3637315782132797
GBPUSD,2021,13,-0.04365291202921425,-0.008006407690254356,-1.1318871610965038,-0.49220121324603283,-1.0430944451758588,-0.4420908481842297
GBPUSD,2022,13,0.04357365111584056,0.07716846413795522,3.4306894179559104,3.679456325021354,3.476961277538882,3.6974324584243203
GBPUSD,2023,13,0.0006886958155653873,-0.04477445705703202,0.09777609123753876,-0.35710444332559077,0.14764023295728668,-0.33206535738008847
GBPUSD,2024,13,0.01647611119543545,-0.08759951943454768,-0.012970483524862414,-1.6046327655854606,0.08899382933098202,-1.5621759642804283
GBPUSD,2025,13,0.011660475574463178,-0.07495818232181171,0.44975614508626405,-0.6054493652666461,0.5477017022008289,-0.5472325799973237
GBPUSD,2026,13,-0.12979062554507867,-0.43204937989385733,-5.8626136384998135,-8.46219199392153,-5.643192743448798,-8.329787546159
GBPUSD,2008,26,0.13979382279683752,0.10641013832888443,9.052376103134815,9.063421675796432,9.081534230489714,9.069366744407269
GBPUSD,2009,26,-0.0545461671806032,0.035186577527449844,0.6864184151532243,1.6189365081950275,0.7148864266864963,1.628736390758547
GBPUSD,2010,26,-0.010711640638764343,0.01580261150954622,0.10962655226521886,-0.5196031987233836,0.13418585266637587,-0.5051698553314218
GBPUSD,2011,26,0.05215412040989752,0.11303163798006151,3.280569890934414,3.1201141311184903,3.285304842547944,3.124858222945132
GBPUSD,2012,26,-0.029182985986897503,-0.19217284649607222,-1.107127148638364,-2.8494136196535136,-1.0339067241045885,-2.8053975497372856
GBPUSD,2013,26,-0.0035888132520970916,-0.01598816130063579,-0.4137284308672193,0.15827115426106253,-0.3745902525196217,0.16815141928536817
GBPUSD,2014,26,0.03968191660022763,0.2617434151695423,2.4825051286135285,3.197796901887062,2.4962899412329898,3.2024061654005007
GBPUSD,2015,26,-0.0709400351504737,-0.1053507433969748,-2.414821400776896,-2.251026329748879,-2.3652228714711514,-2.2217012626324113
GBPUSD,2016,26,,,6.478171594857619,6.523414046121739,6.478171594857619,6.523414046121739
GBPUSD,2017,26,0.011744527462156176,0.02686467423421921,1.8287480332349901,2.408460736281889,1.859434880203771,2.4146061263789624
GBPUSD,2018,26,0.012998607452456498,-0.01894661866862684,0.786770851273626,0.4546307742172061,0.8153986051175078,0.47194788830145595
GBPUSD,2019,26,-0.05012263033667226,-0.05648236908845295,-1.439137028192604,-2.5539759691720105,-1.2906254081980078,-2.512173854008426
GBPUSD,2020,26,-0.07536145852608142,-0.11061828056682353,-4.408798379875508,-4.177946663638668,-4.3604032378086135,-4.153793085480835
GBPUSD,2021,26,-0.017003428130419336,0.06411188743387695,0.23207064569367486,-0.02901835916287384,0.271134291912723,-0.012256142676922818
GBPUSD,2022,26,0.02606197031996727,,3.499263771513737,4.043220242802485,3.5118439254508758,4.043220242802485
GBPUSD,2023,26,-0.041126348775538425,-0.06594780076723941,-1.9781480933951858,-0.6191609929643084,-1.871393609311515,-0.581408226914096
GBPUSD,2024,26,-0.02655084565661157,-0.11342862454448112,-1.6507505658869543,-1.6881727743487032,-1.5364775107197572,-1.639684105575114
GBPUSD,2025,26,-0.023064112479885317,-0.10172896172245877,-1.451577148804649,-1.4590747479944297,-1.4399708773283808,-1.4474142053448156
GBPUSD,2026,26,-0.022423863236680223,-0.05143444998736397,-2.378853115372227,-2.9300859457043913,-2.2636382292674693,-2.8860189594841654
GBPUSD,2008,52,-0.09548268403932106,,-0.4772477166415602,0.0,-0.47460807219110906,0.0
GBPUSD,2009,52,-0.07659192405294404,-0.08735706972682653,-6.2372457058982045,-5.609230353905044,-6.232634678880699,-5.601867937334969
GBPUSD,2010,52,-0.074430822684592,-0.2514581049432535,-4.74667076935055,-4.769942557426108,-4.731944790889944,-4.755395173063507
GBPUSD,2011,52,-0.07142843932229657,-0.14327826258250248,-2.8017570590089016,-2.6946055288153845,-2.743112118616139,-2.670280115753179
GBPUSD,2012,52,-0.003311094652241518,0.05501903637039413,-1.0952471772878665,0.23379933155809518,-1.0422133757546643,0.2531756782316233
GBPUSD,2013,52,-0.07607188272840867,-0.10817048904786694,-3.8765368838904455,-2.750259961214216,-3.799292043356792,-2.711296048281947
GBPUSD,2014,52,-0.01863325235172699,0.08387876536734264,-1.729199945644091,-0.7033957360609203,-1.6670604135739975,-0.6793528439712866
GBPUSD,2015,52,,,1.9937009756374855,1.881263813786268,1.9937009756374855,1.881263813786268
GBPUSD,2016,52,,,6.478171594857619,6.523414046121739,6.478171594857619,6.523414046121739
GBPUSD,2017,52,-0.06950676682377446,-0.14067146668198754,-5.272452973426543,-4.90140739012566,-5.196042270130712,-4.883859187501953
GBPUSD,2018,52,-0.0305415172214008,-0.002728400398492002,-2.000356077374227,0.04614000414248412,-1.9473690173816214,0.07562375212301646
GBPUSD,2019,52,0.04025547101653257,0.08268982305947231,-0.028023825206312584,-0.21758350942928464,0.013570433310091045,-0.21162038775894215
GBPUSD,2020,52,-0.0030934244595807047,-0.15092477924751008,1.2377671418293126,-5.279244407233925,1.3678398288796236,-5.209436514871035
GBPUSD,2021,52,-0.05034972257057605,-0.28306925853614895,-1.5412401878505473,-2.2530843025639986,-1.5239056948780605,-2.2356583862209516
GBPUSD,2022,52,-0.011671780922414712,0.02745054065230065,3.650009558754473,3.8532381318594964,3.672584548233445,3.8645782567891747
GBPUSD,2023,52,-0.07175003169186721,-0.21281523108237616,-1.6192086104193322,-2.1455574385827036,-1.5761671890335924,-2.1271641098767207
GBPUSD,2024,52,-0.062329671387548705,-0.22347384509279702,-2.6876796634140034,-3.7797462538594813,-2.5489134913065272,-3.737075753615179
GBPUSD,2025,52,-0.026177335827780687,-0.03494282789073061,0.3865103190488101,0.6316239756644281,0.45215041628981734,0.6375792952834546
GBPUSD,2026,52,-0.02403879808840151,0.03651483716701107,0.38600749586337296,0.7138196159898349,0.4206678860493798,0.7248517371136991
AUDUSD,2008,4,0.10103320971936919,0.07554936782028623,14.484336909972177,11.233457696801013,14.6770807633121,11.337563223875573
AUDUSD,2009,4,0.032662862511108906,0.19402264724713877,5.468436023599145,11.038918250737687,5.699119466541515,11.113821239460878
AUDUSD,2010,4,0.029889868877057017,-0.2020008293363074,2.1847341491098193,-4.4772546715409325,2.374655472229622,-4.370435376307531
AUDUSD,2011,4,-0.0904087191743568,-0.13077132560748783,-6.412603936755144,-7.119355373251926,-6.121189901931029,-7.000252227725914
AUDUSD,2012,4,0.05763250145592047,0.08606837194430926,2.721415123268912,1.0014030661225553,2.8543540651972688,1.0832535288251817
AUDUSD,2013,4,0.02850507936350073,0.05510387687779837,4.024710600256054,3.2154115341119387,4.227695250162492,3.312375316880462
AUDUSD,2014,4,-0.01310259631207615,-0.11511435142278229,-0.45314687335635984,-2.514678763617812,-0.11919248262340437,-2.3456438355921385
AUDUSD,2015,4,-0.05234931957266528,-0.21007803730433847,-2.9766126187964956,-4.439316541075605,-2.5898995193966035,-4.287986393245663
AUDUSD,2016,4,0.045381465841616425,0.05862325810233123,2.4189575896552795,3.2636463395758235,2.6433265349289363,3.3968459271381137
AUDUSD,2017,4,-0.016318665927005524,0.06938886664887109,-0.28184452437601915,0.7844790233943569,-0.09161563386155125,0.8948798672273344
AUDUSD,2018,4,-0.03597669287504157,-0.11694106924093724,-0.9699177436620207,-1.4053308847502934,-0.6698373504067862,-1.2922983035349784
AUDUSD,2019,4,-0.07155525319483351,-0.1873954558045293,-3.9072447531778334,-4.443531170416249,-3.589309349688256,-4.2777401176490235
AUDUSD,2020,4,0.0985659754168805,0.09696039808142755,8.045556219011422,5.645808546359693,8.177636525708001,5.732906753814773
AUDUSD,2021,4,-0.044596927871737295,-0.03857271381445886,-3.5329967337686594,0.11530749318727346,-3.167372417508345,0.25852957442392593
AUDUSD,2022,4,0.04593537459260317,0.09637480584232935,3.1021309428595845,2.793916721893115,3.313525464374869,2.893189446768905
AUDUSD,2023,4,-0.031632811668869006,-0.01598816130063579,-2.3422736377137396,0.039895420281653285,-1.8920778309507709,0.21443359144946791
AUDUSD,2024,4,-0.037050188838417396,0.01873954558045293,-1.7098980376704662,0.2816077973763474,-1.39710592889921,0.3863103514058492
AUDUSD,2025,4,-0.16765642907219747,-0.33013644821753224,-6.175083135723293,-7.987090707154304,-5.7563093440473265,-7.757792405965876
AUDUSD,2026,4,0.0866745507979297,0.25430965509276415,3.894390752976606,5.281552825285964,4.178357210609064,5.344487377546722
AUDUSD,2008,8,0.10624154389864401,0.12437362793827503,12.10271889178938,12.900748646399354,12.225299205248453,12.94797274984413
AUDUSD,2009,8,0.007588639890275003,0.0628970902033151,3.4846256237665356,6.465678845691022,3.616552340841309,6.5202122387775825
AUDUSD,2010,8,-0.01245889680368578,-0.03525420084543928,0.3714604469756539,-0.32514724951994944,0.4961765410218654,-0.23563362516633243
AUDUSD,2011,8,-0.03873658994504397,-0.02689636623259664,-4.0448889942715365,-2.0798418509638896,-3.8434287271657164,-1.9987418176891991
AUDUSD,2012,8,0.006667796132568377,0.029447857340711748,-0.059122387473036546,1.058087063625574,0.08169018980054832,1.1099762941359244
AUDUSD,2013,8,0.017243740381985062,0.11020775375559674,3.3050427686406914,4.6069995282868605,3.4340279934674807,4.660987769212772
AUDUSD,2014,8,0.04014111948337314,0.06766649524509585,3.496496797449022,3.179955787988185,3.6633546207703374,3.2468632490902753
AUDUSD,2015,8,-0.004008144395405658,-0.11860734611616264,1.8601222252669891,-0.4798815787045717,2.0335048434614227,-0.4078392906433239
AUDUSD,2016,8,-0.014261518734534953,-0.08260550005328492,-1.4408286410212323,-5.3311378825667255,-1.2660706821174312,-5.237799058375387
AUDUSD,2017,8,0.03265681101531192,0.13323467750529824,2.9732094460299767,2.3521522965536006,3.0438165371166317,2.402229931136402
AUDUSD,2018,8,-0.013627914537576287,0.002923526731023431,0.27125865217327255,1.79630113943861,0.3869193198576866,1.8278400660458258
AUDUSD,2019,8,-0.06376595942852041,-0.11868321987906459,-3.4362378395245257,-2.4454485970988955,-3.1172318868933346,-2.3020064964076687
AUDUSD,2020,8,0.02857877463555095,-0.0263376858492437,3.4254346229872126,1.3754021457956238,3.533368790230342,1.440539208381236
AUDUSD,2021,8,-0.017760432630430912,-0.1129647381769059,-2.352667333158017,-1.6368316258347044,-2.098699787010465,-1.5658980327456844
AUDUSD,2022,8,-0.03414375997485251,-0.18735318138451448,-3.2865431958700233,-5.8709703502479025,-3.03479132482861,-5.727713386389752
AUDUSD,2023,8,-0.02737457989265742,-0.18204129992439988,-1.8943757604454368,-4.5788138570932295,-1.6615772436650744,-4.439084792483646
AUDUSD,2024,8,-0.009087107319470048,0.01601281538050871,-1.092287981853297,-0.3978086186255212,-0.8489969586841084,-0.2696575648952033
AUDUSD,2025,8,-0.1859208269845804,-0.3681057341333214,-10.729949649506466,-8.672522978638368,-10.407336263365657,-8.492210906774877
AUDUSD,2026,8,0.07287408216973722,-0.0520265981714472,2.555214391506978,-1.250756933256727,2.665165325036346,-1.1874950580382502
AUDUSD,2008,13,0.07811285902825135,0.07508928885020431,10.068898912459815,10.88224857539452,10.097664879435118,10.894701364637998
AUDUSD,2009,13,-0.0734156527842752,-0.107496769977314,-1.637099981577381,-0.2695461721129859,-1.3970274330148273,-0.18866222568034424
AUDUSD,2010,13,0.01401641275080587,-0.049227248057673964,2.6169392094006874,1.6834075686520122,2.7170335707196718,1.7167481628797998
AUDUSD,2011,13,-0.00485367861444984,0.15599892414906052,-0.9067220518520404,2.7857007968066467,-0.7862370849192053,2.8314695008932285
AUDUSD,2012,13,-0.057566721739721174,-0.13986110440950253,-2.411146344857378,-2.6018752287635936,-2.211476252280664,-2.520623313713026
AUDUSD,2013,13,-0.010771464932647178,-0.027874733666903025,1.648131270859226,1.7747681597068719,1.7234869899848777,1.8209874690405456
AUDUSD,2014,13,0.10436465772333722,0.17668714404427047,4.681051966147145,3.0496507140635627,4.780360153787539,3.0996230517951533
AUDUSD,2015,13,-0.03397346847791234,0.01862836793161961,0.09247499510269043,2.8510908303638174,0.22343740065827697,2.921369240038706
AUDUSD,2016,13,-0.07046827227573157,-0.1311768190631705,-6.356347759722333,-4.970181704176507,-6.07390187668929,-4.8558261949630115
AUDUSD,2017,13,-0.09698245130036827,-0.13877773329774218,-3.2748565683662783,-3.2350908588876433,-3.194195690077035,-3.1950236257303795
AUDUSD,2018,13,-0.01360439648274558,-0.16664102366833555,0.18190899827163187,-1.8843543230888478,0.28483415731650147,-1.8219766716646164
AUDUSD,2019,13,0.02044187180636443,-0.06566920368364697,1.0257642065944166,-1.09937089010136,1.2120168361786936,-0.9999141969878006
AUDUSD,2020,13,0.016873457223537284,0.003991398491162754,2.5189953861281063,2.6679667181010926,2.6487089530864423,2.711501499246809
AUDUSD,2021,13,-0.010006856002609322,-0.0854016820293798,-1.9786609619633702,-1.2181640419731243,-1.7768863851618375,-1.1258453697863613
AUDUSD,2022,13,-0.02630852187368586,-0.056526686371919495,-2.8398334061863153,-1.994540802827782,-2.6417394043114664,-1.918263496338399
AUDUSD,2023,13,-0.0070959518789100095,-0.04601321676666518,-0.94616417541997,-0.6009531905955299,-0.7618873741632325,-0.5084407884809502
AUDUSD,2024,13,-0.07981236677267603,-0.19487950630587605,-3.449187106535526,-5.347472954717295,-3.20559818583409,-5.195904916986905
AUDUSD,2025,13,-0.05119110396856484,-0.18397324220155997,-3.7360786393410645,-3.98784266550776,-3.441238887301529,-3.8560273453403564
AUDUSD,2026,13,0.13541572113940203,0.28,6.374784454826765,4.7204021974171795,6.463240790250139,4.763031030816418
AUDUSD,2008,26,0.028017958713478782,-0.013250883702886651,5.0703853290751955,5.8536733178564795,5.082945118539718,5.866318221812278
AUDUSD,2009,26,0.05209453765392046,0.1283534435634918,8.313153779197298,5.866962036069454,8.345877190701328,5.877660507150953
AUDUSD,2010,26,-0.016964944030152092,-0.031070834635325433,1.098642021535222,3.489492999282186,1.2002661386176827,3.5232101967742273
AUDUSD,2011,26,0.0053023070826765705,0.014924819019010674,-1.194464925197037,-3.306719939601793,-1.1868134762421483,-3.298857488466927
AUDUSD,2012,26,-0.09993075012369439,-0.2562050460881394,-6.238065883027181,-4.956371596054786,-6.021824384166022,-4.873324660590329
AUDUSD,2013,26,0.012700924010563752,0.012403473458920846,4.340439365545992,5.155531206133391,4.421740572267431,5.177783418475925
AUDUSD,2014,26,-0.010663750283320707,0.08641167436739938,0.7200168230197569,1.9138982392017805,0.7872687273306206,1.9479556682299504
AUDUSD,2015,26,,,4.080765161599985,3.82997002794147,4.080765161599985,3.82997002794147
AUDUSD,2016,26,-0.03869576108155816,-0.14494861506789572,-2.6145479660802606,-3.2940786650743923,-2.3862968024581317,-3.1914829546866823
AUDUSD,2017,26,-0.09212820568970188,-0.15701857325533192,-1.663889286731558,-2.6337985307304796,-1.409779977786249,-2.5421316265867606
AUDUSD,2018,26,0.03620220756759621,0.03135725740515653,4.3046277027191575,3.4737475619205735,4.413678202547373,3.5039226994621258
AUDUSD,2019,26,-0.11288545033925902,-0.004954787398762882,-2.9704318974080417,-0.2558098455551914,-2.8722108343923454,-0.21169541727754504
AUDUSD,2020,26,0.02335243020354923,0.09994449069791543,0.893783916535424,2.5523438499733273,0.98207940349569,2.5850350344824635
AUDUSD,2021,26,0.03813330229046709,0.008031233820194113,0.9010045864543168,-0.04444610135737716,0.9314888131121937,-0.03415704048111975
AUDUSD,2022,26,-0.0023863661755769306,-0.0038710483056938185,1.6887078276652308,1.3824502722793057,1.752513670535245,1.4462664027993068
AUDUSD,2023,26,-0.08626650069932025,-0.12150901082856612,-5.90437557161921,-2.975902177964666,-5.62049748246984,-2.8502599846985652
AUDUSD,2024,26,0.0009603966930368699,0.12264882813437332,-1.7269270184075685,1.5019971205006715,-1.483738367249592,1.6067749366439235
AUDUSD,2025,26,-0.03579430343950314,-0.11511435142278229,-2.219643299516286,-1.5693978389862038,-2.113168448783166,-1.5338766360303462
AUDUSD,2026,26,,,2.9059189021412486,2.290231822112151,2.9059189021412486,2.290231822112151
AUDUSD,2008,52,,,0.0,0.0,0.0,0.0
AUDUSD,2009,52,-0.027934681603225812,-0.03445015510579287,-4.424562613379215,-5.8525415150396425,-4.409889654865347,-5.83808743551665
AUDUSD,2010,52,,,5.534205994218514,6.021093418680292,5.534205994218514,6.021093418680292
AUDUSD,2011,52,-0.12873193088068738,-0.24019223070763068,-4.414567163983085,-4.982547641950499,-4.344376127763352,-4.967142773188263
AUDUSD,2012,52,-0.019351838225354016,-0.17054038720678175,-1.4725423615782003,-3.4673586212008467,-1.3470739553242073,-3.407973386647689
AUDUSD,2013,52,-0.06571286522472612,-0.15384168150923386,0.9383244984248759,0.7062690913733541,1.0352478974405581,0.7438904932196052
AUDUSD,2014,52,0.0005505654654868253,-0.03140371465106639,1.657966824885296,0.40609651750468523,1.6744437501883411,0.42280753986045005
AUDUSD,2015,52,,,4.080765161599985,3.82997002794147,4.080765161599985,3.82997002794147
AUDUSD,2016,52,-0.08768700868371955,-0.23982241950953684,-4.430795502933038,-5.0336799927553155,-4.329398474201004,-4.992577855124243
AUDUSD,2017,52,-0.021120919018347638,0.07354991780818255,2.415946254819151,2.4766671105954208,2.5901038277642647,2.547962546766232
AUDUSD,2018,52,0.013632187943130609,-0.021416623520517635,1.4732593079475784,0.3373605098657035,1.5437440943914076,0.3477018570536845
AUDUSD,2019,52,,,0.05646260924881149,0.2251231341683201,0.05646260924881149,0.2251231341683201
AUDUSD,2020,52,-0.019137565580780513,0.08384709958195005,-2.0332515736865453,2.0024125358258473,-1.9127619364645911,2.0130363672043954
AUDUSD,2021,52,-0.01787688639036761,-0.18519698782087224,-2.8242481011678193,-5.815939299103255,-2.729109124287925,-5.762996235931341
AUDUSD,2022,52,,,2.12188365477236,2.2102782634587044,2.12188365477236,2.2102782634587044
AUDUSD,2023,52,-0.04880525287494383,-0.23442541944264209,-2.239497984781561,-5.542409983635263,-2.042709360761636,-5.438223622852111
AUDUSD,2024,52,-0.03704146678134087,-0.019098802789444015,0.09292826711604368,1.2805891854953944,0.28815991657761414,1.3849211521819302
AUDUSD,2025,52,-0.02249513089635137,-0.07028634960055147,-3.1184130172880486,-3.3422504138315148,-3.012760301965172,-3.2832044983539443
AUDUSD,2026,52,,,2.9059189021412486,2.290231822112151,2.9059189021412486,2.290231822112151
USDJPY,2008,4,0.07352667321592453,0.16710656751901004,7.651671535603875,7.438449190316067,7.768629577971595,7.507397088310423
USDJPY,2009,4,0.016250552240658044,-0.16675747064209917,0.13960625413292152,-5.6187091885398806,0.34511051052113767,-5.510780421794375
USDJPY,2010,4,-0.018643771105612644,-0.1370996699544861,-1.5709738936504416,-2.446196296496295,-1.390576030085736,-2.3023662882628746
USDJPY,2011,4,-0.08936085435792844,-0.28102524104467624,-5.165612968874307,-7.464903947431543,-4.85614681753876,-7.261316278485906
USDJPY,2012,4,0.058000428998842446,0.14655814525582808,4.049732659461771,3.3624721541056206,4.272895970608377,3.44044004614023
USDJPY,2013,4,-0.10914183853145462,-0.13449097779429678,-4.1428159700835065,2.920301932216148,-3.985112576897296,2.9827042751622845
USDJPY,2014,4,0.007008206375402935,-0.04132790765834878,2.127207993489762,-0.6697885205279844,2.3634851129195567,-0.5502959806223906
USDJPY,2015,4,0.0022114438162902095,0.08456841520592845,1.232479907410721,1.2553195891302198,1.4417789579567142,1.348747813157224
USDJPY,2016,4,0.060176524677224744,-0.08931977372352652,3.6764243892650885,-0.8683166119204396,3.8844998385487512,-0.7750004967231324
USDJPY,2017,4,-0.011793935504015763,-0.02165327847843067,-1.2208678686959407,-1.2993317970363956,-1.029241710778365,-1.23081810312919
USDJPY,2018,4,-0.018245984765865406,0.14886628953921088,0.3213271202203437,3.418147596104954,0.5084961722134785,3.5079847906030985
USDJPY,2019,4,-0.06258618429436903,-0.1281025230440697,-1.4208819525387741,-1.5916442598627965,-1.195787594818434,-1.485502202228727
USDJPY,2020,4,-0.0703979296532242,-0.17490285872135203,-4.091882920559002,-2.2583945358716293,-3.791889236895534,-2.1104642192496756
USDJPY,2021,4,-0.06420239004799631,0.09186708028211432,-1.3590769951560009,2.195262206684424,-1.1275999195467172,2.2858290766268627
USDJPY,2022,4,0.0312930937442166,0.011694106924093724,8.305667084392935,2.689774909068515,8.422791623924079,2.758670031900147
USDJPY,2023,4,0.03147550723784728,0.09643178453614716,2.835747258426936,2.6831141985419125,2.9141869325143537,2.71655725168542
USDJPY,2024,4,-0.04286320837600575,-0.016724840200141814,-1.6948001952102918,0.7560562313480953,-1.598387684535632,0.8015845444134212
USDJPY,2025,4,-0.021548719977339485,0.026688025634181187,-0.5647151290480112,1.821717569375738,-0.3574144837652496,1.8738686668501405
USDJPY,2026,4,-0.021712391834721217,0.04670993664969138,0.21898673410991754,2.7286330175292557,0.395654018690241,2.784896861703962
USDJPY,2008,8,0.035804505739057274,0.17671164586560395,2.0280633631180645,5.877293548702524,2.080018890787366,5.897233442657935
USDJPY,2009,8,0.036268473751512986,-0.06139406135149205,1.4007736341587063,-2.3207934060286677,1.5387551101384456,-2.2547740525743327
USDJPY,2010,8,0.0009479883613023379,-0.11588581773667228,0.17616544127022424,-1.2218161097492901,0.26128802391618483,-1.1459018140633095
USDJPY,2011,8,-0.03258733834326112,-0.05510387687779837,-1.9927897755082566,-2.75130454956097,-1.6968622498022519,-2.599346153514319
USDJPY,2012,8,0.03484391510444702,0.08527019360339087,2.1951654228790334,0.9333138582716439,2.3996549574623174,1.070177251341838
USDJPY,2013,8,-0.04360420510475852,0.05086423709102768,0.7008333099099942,5.515185171830538,0.9036662760163265,5.5931164408858365
USDJPY,2014,8,-0.029598303280661882,0.10826639239215337,0.6586016208999176,3.2525104907525493,0.8534337167155719,3.3580697873348697
USDJPY,2015,8,-0.08253126877734998,-0.21270237763915337,-3.0531264317312736,-3.714293305805641,-2.893382842815149,-3.632898690126937
USDJPY,2016,8,0.10000290710350804,0.22618937174495365,7.263468657007227,9.762236312064877,7.314263582854965,9.78461071091088
USDJPY,2017,8,-0.15656618209137316,-0.36310094414005467,-8.305661804818493,-7.698191141616732,-8.037783346656134,-7.5951848046093895
USDJPY,2018,8,0.018807850992097207,0.1337987216011345,1.5435450256001806,2.935645727696409,1.667469714955308,2.977163033300965
USDJPY,2019,8,-0.0047195220797638,-0.050629177452013334,0.3794433698688147,-0.47588775452266,0.4846675004428244,-0.41230712792489765
USDJPY,2020,8,-0.10993156244200052,-0.21805403816389807,-5.765000636450976,-4.592814264713654,-5.530248546957958,-4.487701709513984
USDJPY,2021,8,-0.08253336828759497,-0.041789493253229885,-1.1222339709819422,1.1145995849042956,-0.9340659384682013,1.1776743344731249
USDJPY,2022,8,0.07129794496748643,0.06639137299238816,8.746143849128105,5.870833746355662,8.864600844807589,5.901027283729646
USDJPY,2023,8,-0.006327047085789731,0.012226452526754252,2.328969001017039,2.265212155670404,2.4299037326507276,2.2989660286738713
USDJPY,2024,8,0.0013595471318700657,0.0825285545555912,2.7465650781220456,3.0741026679813004,2.82321570528886,3.089474553931006
USDJPY,2025,8,0.006986859289684678,-0.08661311391372269,-0.6687813169820835,-0.45744105779396954,-0.5853444193588537,-0.4157888834533768
USDJPY,2026,8,-0.1771784908555378,-0.4826693453801442,-6.4182356953140856,-8.484937994697475,-6.261257324202237,-8.428333757936322
USDJPY,2008,13,0.049313157735844174,0.17566330854320705,4.42253483879499,6.769128048165481,4.489441275042805,6.8043246238641
USDJPY,2009,13,-0.034707689635331766,-0.12057554287027504,-4.214925429205396,-4.988244433775429,-4.094929919716022,-4.956409949683759
USDJPY,2010,13,0.02509328773422124,-0.00790130575477311,-0.09272509832372779,1.3281049215427179,0.10436935382145744,1.4117345920652118
USDJPY,2011,13,-0.04856966410717209,0.025837616329344653,-2.2790308846942793,-0.3429805509872902,-2.1359044189646035,-0.29596712679724313
USDJPY,2012,13,0.012482359315394504,0.05648236908845295,1.701185053575074,1.7392622830406987,1.878262498026807,1.8577365061579774
USDJPY,2013,13,0.020766351947547588,-0.01884222879063983,6.645451204300588,4.085565941421518,6.754408410165819,4.132730531258882
USDJPY,2014,13,0.04682384103925152,0.09198662110077999,3.476204283641905,3.4508709535105333,3.5960946265945086,3.5261982401710905
USDJPY,2015,13,-0.056247791752554906,-0.10827319825607506,-3.152418691580011,-1.715946023861655,-3.063083904934043,-1.6722376597571285
USDJPY,2016,13,0.09190911471289481,0.19756383406754519,7.589155320450924,5.507588128282901,7.64538497018836,5.555697990593372
USDJPY,2017,13,-0.0003103667237898885,-0.12524059685498035,-0.07669591526799024,-3.7168331601539824,0.06009102962645148,-3.6485038947918724
USDJPY,2018,13,0.021792648196106768,-0.035817519970568944,0.7072715578449423,0.23315943121177884,0.7971827924988526,0.29571876565239735
USDJPY,2019,13,-0.10588350028792176,0.025087260300212723,-1.4036985515917189,0.9928713035880853,-1.3263853070140166,1.0423767460760245
USDJPY,2020,13,-0.06765217800313533,-0.08628037481305319,-2.7098685771677733,-2.4174746068061586,-2.590103184229544,-2.368833807232719
USDJPY,2021,13,-0.04539066546750276,-0.13161564239358983,1.8737379685674809,1.6047757991846494,1.9655986479862668,1.6400035203626002
USDJPY,2022,13,0.05306109270424309,0.18814354443093917,8.268028688362536,7.408149182874747,8.327326779483938,7.427382774066337
USDJPY,2023,13,-0.02307604452919144,0.07462409509505337,2.447707882838253,3.4169681961257106,2.504601970293409,3.439432110961239
USDJPY,2024,13,-0.022407488826486046,-0.008185201195476006,-0.4530297482385232,-0.19231012854203225,-0.42787158708442874,-0.1771545083393612
USDJPY,2025,13,0.03370027663192649,-0.054133196196076684,1.7468401647047953,0.4374704437821233,1.7984024563512824,0.4580779190110991
USDJPY,2026,13,-0.11121059844160076,-0.5401084814342131,-3.6991144394141955,-3.9988053834455166,-3.599923895719209,-3.960912515846454
USDJPY,2008,26,0.05927264184487483,0.01896716471485406,1.2781592193620173,1.3092033461197776,1.3066780007499479,1.3213556965019866
USDJPY,2009,26,-0.06859383650580064,-0.15787044347526527,-5.0657504822051145,-6.001422499654221,-4.9388797038793895,-5.96940560949688
USDJPY,2010,26,0.054497444509216376,-0.05488648071267633,3.1818852186109194,0.10207813453761856,3.2151523719465973,0.13515808682775102
USDJPY,2011,26,-0.1468864618961844,-0.21054158543462242,-2.139459244883312,-1.2969736131913758,-2.1019579405007325,-1.2782778121326375
USDJPY,2012,26,-0.0028318483046440124,-0.07751284898803396,1.8477212200376727,0.1412573521380636,1.8959361675155981,0.18965454606589377
USDJPY,2013,26,-0.0548557362065171,-0.15484193222775275,3.85017846951093,3.5273942727088192,3.9118314504849727,3.558475337053793
USDJPY,2014,26,0.01523868609130479,0.09058906659673005,3.723693744928042,4.419440330102063,3.7836023079860612,4.44955545158785
USDJPY,2015,26,-0.03424324122601014,0.010654118506296106,-1.210244081244188,0.584852859632112,-1.1144784068587505,0.6036065102834863
USDJPY,2016,26,0.0758864443833464,0.17778311957786547,5.367281700458101,4.793496288343744,5.3742593566075785,4.800433982989439
USDJPY,2017,26,-0.014532297747350516,-0.028257909495015377,-1.5629824096123832,-1.8738022685266553,-1.4944852148073284,-1.8600228181186453
USDJPY,2018,26,-0.011192510918467609,-0.0720576692122892,-0.09152901107921826,-0.41505377456949066,-0.07093975748948143,-0.4014005206312138
USDJPY,2019,26,-0.09816500935417759,-0.045479402682709766,-1.6001640287263073,-0.12478256771782936,-1.4959518778726113,-0.09700316728250134
USDJPY,2020,26,-0.021187827332385795,-0.1760680629335108,-2.851384273759545,-4.937960435357152,-2.773582086894511,-4.874993524960557
USDJPY,2021,26,-0.0877743738850397,-0.10451830425373311,1.100201499895603,1.815793026052685,1.1509729165386033,1.8230152398489918
USDJPY,2022,26,0.016117808876527827,0.19215378456610455,5.738740795261858,6.299368136455389,5.744573249838702,6.305157398069805
USDJPY,2023,26,-0.0378095010764471,-0.09473309334313419,-1.3001425169627572,-1.823553133324021,-1.2892056347358996,-1.8126795780983946
USDJPY,2024,26,-0.06171382838194112,-0.1425507410327622,-3.710279804534593,-4.369685415558911,-3.6795414879837725,-4.348719976380712
USDJPY,2025,26,-0.0303638842683464,0.05379273246519328,-1.2706449040787755,0.3680466241803083,-1.2247019163305093,0.3834334608544974
USDJPY,2026,26,,,3.00492625168981,2.9169808360374194,3.00492625168981,2.9169808360374194
USDJPY,2008,52,,,0.0,0.0,0.0,0.0
USDJPY,2009,52,0.053531470871439314,0.0004388033475030896,1.7221907432781942,-0.20948129369210527,1.7505716333539558,-0.1966999656578728
USDJPY,2010,52,-0.09165472334734026,-0.12821997415758174,0.937670857431062,2.5410743657156503,0.9797392032978773,2.549533421769585
USDJPY,2011,52,,,1.9086217163699757,1.9017606508869813,1.9086217163699757,1.9017606508869813
USDJPY,2012,52,0.028392805406014614,0.09607689228305227,1.5577086677360905,1.6810481896078626,1.6824486006013126,1.7481813915089255
USDJPY,2013,52,,,7.735976536707764,8.023784505890266,7.735976536707764,8.023784505890266
USDJPY,2014,52,0.03323481350467849,-0.028823067684915684,5.079535818377712,4.951572489013592,5.109627564792876,4.966697863727213
USDJPY,2015,52,-0.03382847462646131,-0.004665009327753789,0.06313597689552451,0.03205487145552413,0.0758708367880895,0.038334237302367256
USDJPY,2016,52,-0.05095948020486564,-0.03431317581537581,-1.020444705888417,-0.5572210534348163,-0.9748512620358899,-0.5441593809286368
USDJPY,2017,52,-0.03230275647613583,-0.12918808164672327,-2.623068792436073,-2.6542201984203304,-2.5131747855966666,-2.5990692972540685
USDJPY,2018,52,-0.07180066328075653,-0.07804925426732848,-1.9413659447857277,-0.7429773830578446,-1.7771122770306187,-0.7019481407166553
USDJPY,2019,52,-0.09137745886032847,0.002923526731023431,-2.1975930993431887,0.43449134990880356,-2.1275500698207837,0.4625386421863974
USDJPY,2020,52,-0.08538689964884137,-0.2841098268345628,-3.1946290672517033,-4.339250521212283,-2.9963690283198012,-4.2696712462823925
USDJPY,2021,52,-0.07907682349602085,-0.21472963934039715,0.7046341118853985,-0.17699759651779978,0.7399703758611327,-0.14176762907876972
USDJPY,2022,52,,,5.280207346122057,5.263090307474799,5.280207346122057,5.263090307474799
USDJPY,2023,52,-0.028475115719964243,,2.5727757597928966,2.958071921410381,2.5941625055668607,2.958071921410381
USDJPY,2024,52,-0.10135950287377529,-0.09085135251589958,-0.5060546633581744,0.3515186046665035,-0.4440706151454783,0.3619000768836797
USDJPY,2025,52,-0.08050746904428815,-0.10172896172245877,-5.566988968012126,-2.130855560057151,-5.440212153337984,-2.089423687425484
USDJPY,2026,52,0.03658231826008979,-0.13643730016387176,2.5269876925749557,0.13083216972949194,2.577018212266535,0.16862449534469118
USDCHF,2008,4,0.07568233939232767,0.16403253051992178,6.52513083179177,6.714479226077173,6.687172395807122,6.805118684351543
USDCHF,2009,4,-0.06284006339707449,-0.16076739049370006,-5.951880837877258,-5.1243993241288415,-5.705947999020417,-5.033592048650201
USDCHF,2010,4,0.062280429337847526,0.13028549319656854,4.618942576524382,3.5177234302452143,4.744225396627765,3.612935562915511
USDCHF,2011,4,-0.011868276511647121,0.07714542762891773,3.5683472666731304,6.443495558481437,3.7122633831753995,6.5382544302642644
USDCHF,2012,4,-0.025068845924772584,-0.0026896366232596644,-1.453063474146773,0.7264089843713146,-1.196939658522409,0.833643719896582
USDCHF,2013,4,-0.049778140822643584,-0.21617300763686761,-3.4512633763316125,-5.467816849670239,-3.285238826204843,-5.351498969507637
USDCHF,2014,4,-0.00716647378112525,0.12837775153091965,1.1514377930609228,2.4920539694595,1.3677488420209916,2.585551902310271
USDCHF,2015,4,0.0009750598038056721,-0.13720486024678627,-8.66679181670702,-10.61490398701482,-8.545439412102033,-10.526892783898429
USDCHF,2016,4,-0.02626799700684947,-0.22323983973055211,-1.2871862123930127,-6.035257961895128,-1.1065314269848576,-5.917539794853283
USDCHF,2017,4,-0.05969550069467441,-0.17213674388861852,-2.4521643246226037,-2.4084738145310514,-2.2031775225165946,-2.298714173460978
USDCHF,2018,4,0.08425703346162523,0.2770325721957454,3.162339874343127,4.3008125980337795,3.2865412623393357,4.371325835891401
USDCHF,2019,4,0.003281201247699344,-0.016062467640388225,0.43300852099304493,-0.7055226309185894,0.6490542594158992,-0.5969605541228135
USDCHF,2020,4,-0.02782008672829991,-0.34702948158998415,-1.401632996543341,-6.8965813820924176,-1.1239304855580476,-6.768798957373262
USDCHF,2021,4,0.06814311250484167,-0.010658774200423859,2.784952194638503,-0.3404423721437263,3.0212261590748746,-0.2054890369604839
USDCHF,2022,4,-0.08616771170756937,-0.0376549127256353,-4.952343348953755,-2.9639200713628924,-4.725575857387104,-2.8828915758943854
USDCHF,2023,4,0.023504869274241842,0.09003721315023606,0.6572052953253682,2.225796774643408,0.8258164035275745,2.3109603538277392
USDCHF,2024,4,-0.03541939889836626,0.035186577527449844,0.22645910520429238,1.2569316221304616,0.42550500156743826,1.3442688234497813
USDCHF,2025,4,0.013610549323398474,-0.047387047233735144,2.2450623805609267,2.5040028918490234,2.458558303538535,2.6165115395073024
USDCHF,2026,4,-0.05381679505506046,-0.1543033499620919,-1.8458041264922624,-5.073946366013335,-1.5879103268509964,-4.9424905577860665
USDCHF,2008,8,0.07093817333382273,0.03771126169113728,3.5221434111823253,0.06853329468993372,3.5692831722204352,0.10136321727163182
USDCHF,2009,8,0.004770112783367829,-0.1308508739730545,-0.6880306545661062,-3.6378316415667253,-0.5982089746321084,-3.5749056327533917
USDCHF,2010,8,0.005074555483327218,0.10250716994657993,0.6876843571724686,2.823679041770476,0.7692015495461426,2.860304270508601
USDCHF,2011,8,0.0652437304205545,0.14067146668198754,3.464880167022733,1.5628858512862054,3.5226348454791556,1.6043272037113152
USDCHF,2012,8,0.021122729426628597,-0.16813456149534148,-0.15554247209097066,-2.3041752446517734,-0.01523695367322495,-2.2126757624799485
USDCHF,2013,8,-0.05298195921001845,-0.0672409155814916,-3.1264696449590876,-1.7462019209513737,-2.8940251927754503,-1.6383519665817117
USDCHF,2014,8,0.03331112426290891,-0.043852900965351466,2.7898776833103347,0.4659126285905748,2.9178409031582073,0.5504749507556125
USDCHF,2015,8,-0.05205632851300376,-0.12115335490652102,-10.43163760838008,-9.20183070868879,-10.343136581965492,-9.14615364462014
USDCHF,2016,8,-0.06612458767859694,-0.17054038720678175,-4.428969784954139,-3.5331273948882513,-4.201060871525372,-3.399554945340914
USDCHF,2017,8,-0.12212909261749258,-0.24359938288234506,-4.894262737335411,-4.869147571829167,-4.621185146486415,-4.735874169512347
USDCHF,2018,8,-0.0015373345728441094,0.03730570970148351,0.05058612056660323,0.6762520402897099,0.18992007100761624,0.7540571522105607
USDCHF,2019,8,-0.05596561154440021,-0.18948498200268643,-2.33987591509452,-3.1675189274381066,-2.0928451745953636,-3.043450550235198
USDCHF,2020,8,-0.0666753216353928,-0.27076013039355024,-0.7812869668970737,-3.7344657876638188,-0.5867820370409167,-3.6390697441080215
USDCHF,2021,8,-0.1049248894178994,-0.2946672430371362,-3.9511441846477964,-4.294715912085758,-3.792042382923356,-4.202494884451243
USDCHF,2022,8,-0.037867248528977715,-0.08362420100070908,-3.2253120752437066,-2.9366036315441475,-2.970895704300664,-2.847118212160787
USDCHF,2023,8,0.0009665642023705665,-0.13937366833451512,-0.2543474226279631,-0.9720462265426263,-0.11851299273965792,-0.9044007214363188
USDCHF,2024,8,0.03524822915577392,0.12543372048065157,2.738231470108738,2.364408767469958,2.764342545654447,2.3906860677432906
USDCHF,2025,8,-0.04801211962781998,-0.16724840200141816,-0.13031845816750848,0.9673411411004268,0.011826514448291069,1.0717885420395719
USDCHF,2026,8,-0.04164431743954898,-0.041147559989891176,-1.2021292994349033,-1.479062234934348,-1.0649149352263072,-1.385582094645105
USDCHF,2008,13,0.01904793509014864,-0.04582255208162071,-0.20650176067218046,-2.391575875579191,-0.11565530020502524,-2.3440584731902048
USDCHF,2009,13,-0.014264471763048155,-0.054943457681869236,-2.8894106073444457,-2.2792393844499172,-2.8279030099515703,-2.2453628581371747
USDCHF,2010,13,0.055294436090889194,0.22440047236623925,4.5001490299898625,6.205103895849513,4.566655116488149,6.226895743460971
USDCHF,2011,13,0.10298066866375909,0.18397324220155997,5.802534159185286,3.2926214284446895,5.843331372587715,3.3173114578676683
USDCHF,2012,13,0.06948165319644167,-0.013344012817090594,1.293038047453787,0.480388837884771,1.3665146788880158,0.5054116643924489
USDCHF,2013,13,-0.11388476907084855,-0.22918563347332818,-5.952200785767828,-5.075645736635925,-5.7879541167333475,-4.993273989015946
USDCHF,2014,13,0.0717737785472053,0.17802482981859688,3.9916184032976862,3.476037341467751,4.05115077175123,3.5016019586240597
USDCHF,2015,13,-0.13240343354685888,-0.2686443956622857,-16.362401765541406,-13.653857517563633,-16.199781454538098,-13.573946915680322
USDCHF,2016,13,-0.10414121957043322,-0.10125835490402667,-4.936491037123832,-2.438108709470115,-4.748622127076329,-2.3596307974115485
USDCHF,2017,13,-0.04171594074445112,-0.06495983543529202,-1.3174654086204218,-0.8119804764935444,-1.2085670457693471,-0.7802440232014045
USDCHF,2018,13,-0.034030366046198024,-0.03197632260127158,-1.6212059285962928,0.09913841011074005,-1.5430672184343968,0.1459005411314367
USDCHF,2019,13,-0.07274221142836808,-0.112089707663561,-3.0912994590439222,-1.5524089532858558,-2.8988189964064817,-1.4981019461427323
USDCHF,2020,13,-0.11789334225127755,-0.33975112423451637,-2.3118986161193944,-3.3953211075055436,-2.1006466672711293,-3.2995891438374043
USDCHF,2021,13,-0.11142357862737025,-0.18007442630047213,-4.183638875244927,-3.156019615089358,-4.082708515783762,-3.0717781102553428
USDCHF,2022,13,0.04501391361624719,-0.07064477373753844,0.5319504266785171,-2.6965686485011466,0.6135187580842075,-2.615077923587343
USDCHF,2023,13,-0.05593728634037416,-0.010065451844081115,-0.0846606660746099,2.117283188657253,0.015729908174880444,2.134585760037756
USDCHF,2024,13,-0.006322492020174901,0.040156169100970564,0.562417865519391,0.39995629104444874,0.605914601958785,0.4436051584404281
USDCHF,2025,13,-0.04487390390435896,0.02543211854551384,0.5076045712236842,2.9399965034807547,0.6695565990688226,3.0064908777702564
USDCHF,2026,13,0.0052866062779050585,-0.10286889997472794,-0.6533772096189487,-3.211409509850872,-0.477375354969649,-3.11768118208637
USDCHF,2008,26,-0.014272747141770282,-0.05765878026963457,-3.6202334031118273,-3.3138352387088186,-3.5956191373883883,-3.3030648399628224
USDCHF,2009,26,0.09616706794520082,0.24529765626874664,6.145885898497478,6.284590499713499,6.2346626730852615,6.305524404786007
USDCHF,2010,26,-0.008794346339200601,0.02313265458741523,0.9906576944430486,1.4248111551253286,1.0337883322510912,1.4390810699259318
USDCHF,2011,26,0.014927910581930525,0.10832276646126489,-1.6599689800636235,0.7488706868641553,-1.5822753022551752,0.7744994889687471
USDCHF,2012,26,0.0062307927055097806,-0.06967886950248874,-0.7634045892732599,-1.2134309639644283,-0.7054767322777892,-1.1882433319667138
USDCHF,2013,26,-0.06769421752195046,-0.1344818311629832,-4.23432466167651,-3.7624489537691383,-4.119450261748018,-3.7132163081051632
USDCHF,2014,26,0.060094475276654846,0.2007808455048528,3.148883953657509,2.903053212491367,3.2085739283128625,2.9457523492354847
USDCHF,2015,26,-0.07096255777134663,-0.05454911271255764,-10.974724937766908,-7.479586235437118,-10.813694323330683,-7.399875621737383
USDCHF,2016,26,0.04188197077080986,0.018652854850741755,0.3375924946687215,-0.40580588349764074,0.4483170702949768,-0.34267694075922595
USDCHF,2017,26,-0.04804364573523059,-0.14945294355141464,-2.1008785782444,-3.075103505177074,-2.0390953018477727,-3.0439727066698654
USDCHF,2018,26,-0.16106082282268747,-0.42488524630477875,-6.044692745667283,-6.033028997378862,-5.896625736651951,-5.969835185431269
USDCHF,2019,26,-0.09237827383867991,-0.2904515969615502,-3.002436862771958,-5.027023781840417,-2.801621347965947,-4.91803332742291
USDCHF,2020,26,0.008605297188359892,-0.05770297860846152,3.0189144097075378,2.451528866744929,3.0657473179637,2.474824237922941
USDCHF,2021,26,-0.07685936455147452,-0.169564550399359,-2.6885135418776582,-1.3460973647366705,-2.5369737281907323,-1.270255424014062
USDCHF,2022,26,0.06869048254890191,0.012955005512625914,4.155466011343396,-0.5853218779380648,4.221519879783663,-0.5105685295718839
USDCHF,2023,26,-0.06535378585709331,-0.2374192346390423,0.6028047142723397,0.5214229382115262,0.6708662521672195,0.5557289799880345
USDCHF,2024,26,-0.10617619373242451,-0.3986086914367133,-7.43251465526335,-7.888248128419714,-7.268350070760467,-7.83585047063505
USDCHF,2025,26,-0.028535903001492138,-0.17312790062052383,-0.22885391912511394,-2.7133245038253824,-0.21011920176860371,-2.6953487107439753
USDCHF,2026,26,-0.182136085632756,-0.1560797945143416,-7.158043437005209,-5.610072286143175,-6.846270310073687,-5.516641431821044
USDCHF,2008,52,-0.09383644669975746,,-0.47379891973846455,0.0,-0.47018213409160603,0.0
USDCHF,2009,52,-0.0007788969945745722,0.07307981486470352,-1.7654147066248136,-0.5773731222886798,-1.737630076984533,-0.5597808301612444
USDCHF,2010,52,-0.0745551415083375,-0.060373338202344605,-0.6505003728780526,0.6616533895117088,-0.5930485481473722,0.6755696705014366
USDCHF,2011,52,-0.013323067423989449,,-0.9173946854944863,-0.8391366692161107,-0.9092132072159023,-0.8391366692161107
USDCHF,2012,52,0.019398498509639654,0.06724111481353891,0.18044331635983127,1.7766213144243368,0.23847026629906926,1.8431072882433126
USDCHF,2013,52,0.0009802551823767736,0.04181210050035454,1.8409127349337386,0.8235121862882878,1.9234317515293435,0.8734626828133406
USDCHF,2014,52,0.016431977378838836,0.14032928308912468,-0.1391617905793813,0.4013156905625249,-0.0978516417363842,0.40956216107314636
USDCHF,2015,52,-0.14778375432631305,-0.31599250190347977,-5.3083670440350454,-5.295862726149474,-5.250675922033246,-5.271205741686237
USDCHF,2016,52,-0.015537542236187222,-0.03140371465106639,0.5359487492058389,-0.8807773303264337,0.7161161557527637,-0.7788322694213902
USDCHF,2017,52,-0.026807828209394015,-0.13077132560748783,-1.3473311986517205,-2.787885009064994,-1.1507232327891497,-2.7013844485193106
USDCHF,2018,52,-0.1014642974829271,-0.3166791977470486,-4.037500151953623,-4.439593929809594,-3.921602808472967,-4.369769215253544
USDCHF,2019,52,0.019549572396304577,-0.06216740088903383,0.4854662266475296,-1.7897438271701798,0.6168681229043724,-1.735207096603985
USDCHF,2020,52,,,3.2914622744065944,3.480276777694838,3.2914622744065944,3.480276777694838
USDCHF,2021,52,-0.0422960274744181,-0.09092139684836732,-2.104690878342502,-1.6786880350354285,-2.0459993178900047,-1.6368366939833068
USDCHF,2022,52,-0.047619402559940203,-0.13021185892662854,-0.8350191210427415,-1.0913336931002422,-0.7686845700096696,-1.0581925675823016
USDCHF,2023,52,-0.05745883498700903,-0.05419467627971346,1.1800789565087555,2.743377098667138,1.2551805581654338,2.785053639963854
USDCHF,2024,52,-0.077542932685173,-0.3221401682431753,-4.663379293167443,-7.252955438757613,-4.535024788133859,-7.192422062870275
USDCHF,2025,52,-0.008455340150642601,-0.006477502756312957,2.638461728468018,3.349415934449358,2.6645000748056225,3.358132430417979
USDCHF,2026,52,-0.030011592666448584,-0.04,-1.8971451683303464,-2.0711179895094083,-1.8779972524996063,-2.0528161193785635
USDCAD,2008,4,-0.010806355849044562,-0.08739903223567425,-0.9946997002022279,0.6069951242332774,-0.7952478358365633,0.7268453448040251
USDCAD,2009,4,-0.006844649622773452,-0.008265581531669756,-1.0670066590826752,0.7359699172472742,-0.8674938208822827,0.8174419348520677
USDCAD,2010,4,-0.06115660837599938,-0.03950652877386555,-4.7990907154969795,-0.6016401767394146,-4.569138354578661,-0.498875506510442
USDCAD,2011,4,-0.08590355325760113,-0.08527019360339087,-5.23412713616621,-5.260014140463853,-4.947219469558297,-5.166728911103262
USDCAD,2012,4,-0.01571413291123253,0.2034569483641107,-1.539941412848206,3.547317549955394,-1.3110516825348033,3.616407993648408
USDCAD,2013,4,-0.10643490023381208,-0.26725380285732214,-4.0930456953528465,-5.057507054583564,-3.8828656814269804,-4.952532554418743
USDCAD,2014,4,0.008291229742998583,0.08458041235325206,0.5524959267292764,0.7899210981879745,0.7619492832312509,0.8603215959838365
USDCAD,2015,4,0.03916529666367814,0.06363611041696067,4.997032616717288,4.438020386147028,5.10573580673885,4.485796312865061
USDCAD,2016,4,-0.013222550660078826,-0.021317548400847718,-0.6944989794630109,-0.29954917208314047,-0.5773173406786393,-0.24122656961982553
USDCAD,2017,4,-0.015621791764091054,-0.07472647177570732,-0.5865356062120098,-1.976219512228442,-0.4495372306998391,-1.916912147278161
USDCAD,2018,4,0.076172748812408,0.1473336215185681,2.570822684195676,3.8628782551767125,2.6952033203090524,3.9107188913994078
USDCAD,2019,4,-0.01942683361799006,-0.1438934517057221,-0.5835509603029604,-2.979976673676381,-0.4162546632692982,-2.8815634990040278
USDCAD,2020,4,0.0118111922193175,0.08164682613265546,1.162685765927485,3.3462063648222005,1.2975673614158447,3.4128474848601975
USDCAD,2021,4,-0.0075409859233262055,-0.042635096801695437,-0.8079893111305473,-0.33505724743467913,-0.6247167528541498,-0.2555741613299426
USDCAD,2022,4,-0.055124648442492874,-0.12450635125097637,-2.492114549169413,-1.8044017721889725,-2.307421087872898,-1.7327975612008166
USDCAD,2023,4,-0.0557625547075833,-0.04003203845127178,-2.8111539377481827,-1.175133926728576,-2.588406818421698,-1.0898194755904393
USDCAD,2024,4,-0.08312736240484177,0.02139629192181994,-0.7420012499775083,1.582614350338965,-0.5451115768238843,1.6334513818513747
USDCAD,2025,4,-0.0646369328315477,0.023982241950953685,-2.309025169944733,-0.7095234189394971,-2.1286262016909587,-0.6270202858906484
USDCAD,2026,4,-0.04018057270317703,-0.20027758514399735,0.17930061723306326,-2.2953543133896033,0.28127486049574546,-2.219637529326158
USDCAD,2008,8,-0.017584974236792107,-0.15881715665752533,2.006291972024631,1.8642560658444902,2.113326373462298,1.927595398875271
USDCAD,2009,8,-0.02015194664850443,-0.029849638038021348,0.12795483398353077,1.379024868195373,0.24064670811122432,1.4390155163193645
USDCAD,2010,8,-0.09532746465392752,-0.04383820939835068,-4.823777584939525,-1.1003817319051197,-4.602111197020132,-1.0205220068103218
USDCAD,2011,8,-0.01963542434464957,0.03480201322084116,1.163352915651363,1.5500303514005664,1.2478633108376025,1.5888263322529181
USDCAD,2012,8,-0.0542603262927882,0.04330655695686134,-2.188982567553262,1.0959601867967805,-2.0508162169337147,1.1652139333605702
USDCAD,2013,8,-0.048652759809097945,-0.23095861175085103,-1.8518805026929546,-3.748757555594934,-1.643446004743488,-3.621185796400737
USDCAD,2014,8,0.10782236397579825,0.20112915060396408,4.926407668910976,3.818232170672509,4.968303146684146,3.83219960525964
USDCAD,2015,8,0.008798767581739898,0.1126617235681251,2.9240906461575547,4.361915425751427,3.0560886437435584,4.397701661171199
USDCAD,2016,8,-0.017049938702327017,0.029447857340711748,0.07967278612509421,0.07831052961887644,0.24389721284393756,0.1719192421768418
USDCAD,2017,8,0.056785461019499904,0.11742731279039723,1.7510394514503418,1.0221031693721996,1.803716028872723,1.0516303018065367
USDCAD,2018,8,-0.007903153331093551,-0.1336916195261081,-0.5886092368122157,0.47715052105154626,-0.47641427996219565,0.5423384800823082
USDCAD,2019,8,-0.05143052723999275,-0.23022870284556457,-2.993372232120024,-4.35630719894265,-2.80304280414611,-4.286913831621635
USDCAD,2020,8,-0.008536859493661066,0.08349367612567372,2.5491697422435724,3.397183617398107,2.65181424430738,3.436355100764121
USDCAD,2021,8,-0.020975407599562155,-0.05142653638627285,-1.8253925330846974,-0.07911713454950416,-1.7221003092432674,-0.04855181416353481
USDCAD,2022,8,-0.1388439586550338,-0.38430756913220915,-6.870697057099892,-5.479539777882655,-6.662696426451911,-5.396068068139816
USDCAD,2023,8,-0.06424591182450692,-0.12314558524297639,-1.9800060373235633,-2.376799229025627,-1.8432299465805981,-2.3367725548563354
USDCAD,2024,8,-0.05068760324361258,0.20069808240170178,-0.11545779476503114,2.495067295353041,0.001991434834966473,2.5344521127448214
USDCAD,2025,8,0.035256206203891576,0.007994080650317896,1.3964326132208182,0.1985836414666078,1.4448548982057883,0.2365669340122244
USDCAD,2026,8,-0.055641930091268006,-0.015384615384615385,-0.8414838186852688,-0.22522822309526183,-0.6715770569011474,-0.14977364458712195
USDCAD,2008,13,0.03528594172287337,0.04311874002772672,5.731263656244883,7.659806779280136,5.825772175851627,7.724717813944303
USDCAD,2009,13,0.009864029478009531,-0.10447373313307472,3.614478434838049,1.766466492818743,3.714431137502647,1.8259539880858318
USDCAD,2010,13,-0.10904558607832253,-0.007070678935217852,-6.202442298139415,-0.14595635143587307,-5.997155949966894,-0.08819065754955903
USDCAD,2011,13,-0.0485439051359297,-0.08273287946596168,-0.06034398530262111,-2.724444754238717,0.06613852137297267,-2.6459023303727744
USDCAD,2012,13,-0.025330556269055046,-0.22755162490549985,-0.7247913282717434,-3.8120068769740687,-0.610537105866954,-3.7583571818824018
USDCAD,2013,13,-0.12420529474204492,-0.16483037304560771,-1.2631524806102163,-1.316596524384295,-1.0818378745349866,-1.2714548080399353
USDCAD,2014,13,0.05810613208611722,0.0947379265409304,2.915661820345656,2.1690475232438358,2.9717827180028755,2.197036337110765
USDCAD,2015,13,-0.007139352071445348,-0.07907156407744176,3.3880960754052905,1.4140362908860455,3.4601073239120863,1.4492684907272824
USDCAD,2016,13,-0.017122185526493753,0.021827203187936017,-1.10092311563534,-0.2082955136673318,-1.053943381616172,-0.18471565513363236
USDCAD,2017,13,-0.0013511615628090125,0.1048958283071269,-0.15464323336843944,1.423975795775261,-0.04908504969615749,1.4588354180456196
USDCAD,2018,13,-0.038714890263401566,-0.1871057107854996,-1.162635949260166,-1.8809231343752144,-1.0788340490096542,-1.8451030618739221
USDCAD,2019,13,-0.07112620460300836,-0.36772770991462317,-2.6254111449434796,-5.856531228045936,-2.4807384117593885,-5.757789557655228
USDCAD,2020,13,0.020281055592004896,0.07051470667720866,1.9623074680417962,2.562210770109834,1.985333278022137,2.5848513808093654
USDCAD,2021,13,-0.05862975043671999,-0.15153566141394553,-2.469606062490314,-1.6772436934308412,-2.4147908614151565,-1.6466850842841885
USDCAD,2022,13,-0.017284903009031367,-0.19218555339901836,-0.26145130076412654,-0.9556276870457118,-0.1469182796617048,-0.8831156791713545
USDCAD,2023,13,-0.017087558606837198,-0.03212493528077645,-0.9903027437978096,-0.6472448250620914,-0.8533953452187897,-0.5616415559135175
USDCAD,2024,13,-0.04512800328063917,-0.211847975868463,0.5678604637253996,-1.4498394125423153,0.6070922710577416,-1.4102864836813085
USDCAD,2025,13,0.02745563131768603,0.029356828197599306,0.045399185711682,0.8712079443066704,0.13922306556523192,0.8932770531480156
USDCAD,2026,13,0.1284844077058896,0.21081851067789195,3.1028626523533878,2.1590595413668905,3.159412855748204,2.202101599802312
USDCAD,2008,26,0.09085164445821414,0.021213965226250273,6.793100497497124,6.631021131865877,6.8119260337095575,6.649965562546427
USDCAD,2009,26,0.03941555029819758,0.028708462588160726,6.013799624304694,4.921703456643244,6.0330653361188205,4.928062312303579
USDCAD,2010,26,-0.10978331577478083,-0.264585618259132,-7.623537385917429,-5.824162995738485,-7.476525903988997,-5.736545628523734
USDCAD,2011,26,-0.017696435391704714,-0.09198662110077999,0.21158856741803792,-2.3915213563693856,0.2660261370614866,-2.368399447598876
USDCAD,2012,26,-0.16639180894327876,-0.2954721768691721,-6.268662404522178,-3.8704460748384126,-6.078273344354909,-3.7709394802428573
USDCAD,2013,26,-0.028246843070428337,-0.17837234635546376,1.687550585794956,1.6878724817466144,1.7254791563676375,1.710920080595565
USDCAD,2014,26,-0.050101457359301105,-0.07222854369745269,0.25293492401778833,0.3368304191026033,0.2957816292838411,0.3653325573921157
USDCAD,2015,26,,,6.847436206138807,6.716154143250138,6.847436206138807,6.716154143250138
USDCAD,2016,26,-0.034395188737908935,-0.11475851022697911,-3.7127292581399747,-1.9358328705547712,-3.6659477141749615,-1.9005592894165995
USDCAD,2017,26,-0.024822818343702834,0.027066598098038342,-0.028074898482687925,0.6806924973388286,0.03596388470583677,0.7097314853277267
USDCAD,2018,26,0.053309657321266364,-0.018314485893956414,3.0961132672359177,3.4914861561173094,3.161751715053648,3.509435981387673
USDCAD,2019,26,0.00744124587114855,-0.08807048459279793,-0.35309244052118705,-2.1298947272432667,-0.2780854379044238,-2.089248998735561
USDCAD,2020,26,-0.039272301059997794,-0.03482879521096387,-0.3332644108809982,0.4177497882937951,-0.21785403161977773,0.4520380813028169
USDCAD,2021,26,0.0026186797440064425,-0.02387971043041708,-0.33563458208720187,-0.8805087681649122,-0.2930240360752752,-0.8499637345868276
USDCAD,2022,26,0.0119277349833531,0.0619367728911011,1.9586582142594542,2.7774088805814716,2.0072814720867087,2.826047249442918
USDCAD,2023,26,-0.023560641139785742,-0.029773257907842174,-1.2163348326849264,-1.017296389690622,-1.0967911270193382,-0.9831525098151302
USDCAD,2024,26,-0.09398016439900861,-0.18208279203193023,-0.82087906020626,-0.22178374411786286,-0.6575347204060515,-0.15400401663816757
USDCAD,2025,26,-0.03784765304563225,-0.16330175434394695,-2.749160570583138,-2.6872249730698865,-2.699215731205819,-2.6651488827228667
USDCAD,2026,26,0.028699463987041537,0.022222222222222223,-0.13199709498963405,-1.2361853449193947,-0.0872829553121456,-1.1930419512039425
USDCAD,2008,52,0.0716120130294908,,0.29270470465435844,0.0,0.2958486864444159,0.0
USDCAD,2009,52,-0.013787084224372873,-0.01884222879063983,-3.518393898889888,-2.9179746214361897,-3.4969223060329524,-2.907655066260733
USDCAD,2010,52,,,1.7846956825435236,1.7082492661345607,1.7846956825435236,1.7082492661345607
USDCAD,2011,52,-0.08415468041484973,-0.13420602458774822,-5.202806745026291,-3.5404010886853645,-5.1198101455471345,-3.5026433431867834
USDCAD,2012,52,-0.055768343731517865,-0.23828023948173402,-2.4954586444607774,-2.6869556510047183,-2.4259267712200723,-2.6481202453858455
USDCAD,2013,52,-0.08289651946237296,-0.08682431421244592,0.09114565007952714,1.478091308927607,0.18964961489636262,1.5005158822606075
USDCAD,2014,52,,,3.5116440511637848,3.257642961431986,3.5116440511637848,3.257642961431986
USDCAD,2015,52,,,6.847436206138807,6.716154143250138,6.847436206138807,6.716154143250138
USDCAD,2016,52,-0.05909861154921923,-0.3164061632030263,-4.024106048235183,-5.618911925951502,-3.947652254646404,-5.577866348859668
USDCAD,2017,52,-0.00800469297596719,-0.01951231356683212,-0.5263692572954205,-0.41032122464943455,-0.5032302923023784,-0.398593660851876
USDCAD,2018,52,-0.053320375587057545,-0.061287951652437195,-1.4131531018418995,-0.2810012061554764,-1.3843282144886655,-0.2751435689974381
USDCAD,2019,52,0.01443754135765996,0.08052361475264892,-1.0355174799475906,-0.6541978438050557,-0.9485253248520841,-0.6249927633214567
USDCAD,2020,52,-0.07187819377516785,-0.17119495802008405,-2.5443360606578045,-3.234835820688621,-2.4351272413696714,-3.1894502147679775
USDCAD,2021,52,0.006369052097288949,-0.2196043252184052,0.4236281310514211,-1.1277769910227364,0.43561961920608255,-1.1037617871756942
USDCAD,2022,52,-0.018957397620654556,-0.07742096611387637,0.5768168988196551,1.2167664081252205,0.6800322131343753,1.2471887962363606
USDCAD,2023,52,-0.018097885909872484,0.023226289834162913,-1.2292686276342883,-0.24988123137196652,-1.1557140876034284,-0.23289837046217163
USDCAD,2024,52,-0.09315371940967848,-0.13926630926072858,0.20121502945199154,0.31201935025428285,0.2520694783575458,0.3517806123169006
USDCAD,2025,52,0.03387601926628725,0.02198260025574647,-0.6864530775657686,-1.1730637936977248,-0.625408509467571,-1.122954864858357
USDCAD,2026,52,0.12242780300207569,0.20691741061306274,1.7408100986199633,1.239189170221107,1.7744998717260376,1.2499114124135051
EURJPY,2008,4,0.10334214791117437,0.08485499474042726,12.692031645339574,9.551247758695474,12.828370365610436,9.611107403038222
EURJPY,2009,4,-0.06090728776416207,-0.03730570970148351,-3.888791391449931,-3.590704114983086,-3.6574251358995604,-3.5140843041367322
EURJPY,2010,4,-0.003311858644017739,0.0,1.883022259914272,2.569500119495513,2.0879375877097592,2.6708522115725217
EURJPY,2011,4,0.029325928812756755,0.05086448086122938,1.9898612282097063,2.0390233457559366,2.1679001615445266,2.094295422290286
EURJPY,2012,4,0.05330294969500541,0.1048958283071269,4.7901750749627015,4.493066041098377,4.9343682830384425,4.561235873480161
EURJPY,2013,4,-0.06458689805669433,-0.11920791213585395,0.24733338711688785,0.9173849546549704,0.42602076208122336,1.0006187265576985
EURJPY,2014,4,-0.0013401505809402699,-0.05862325810233123,1.0468786636333967,-1.6532025203803906,1.227158649413973,-1.5871434241208926
EURJPY,2015,4,-0.02931306845728728,-0.034238991604016805,0.49196848828420564,0.38748296430725326,0.6463487629809599,0.4659203692310175
EURJPY,2016,4,-0.004283398457927455,-0.08390645410391885,-0.0883442657096002,-1.5731535076417837,0.06762337040922042,-1.443895018878453
EURJPY,2017,4,-0.02976634572571145,-0.07366681075928405,-1.7303618703769876,-0.7462730701503179,-1.5393237029398288,-0.6733613258756048
EURJPY,2018,4,-0.10063720209388086,0.002706659809803834,-3.324173351163835,0.37813348117691087,-3.142284418125987,0.4545377348324408
EURJPY,2019,4,-0.05424755940517869,-0.22100043227785218,-1.4355987717079544,-2.605069099665802,-1.2411728451991992,-2.5234075460717253
EURJPY,2020,4,-0.018447799200054495,-0.1824909417451646,-2.837890341350497,-4.0318202337679345,-2.622685031288632,-3.9192198068551956
EURJPY,2021,4,0.028844181222519298,0.10014641296274186,1.5328945589447422,1.4811880885449349,1.651995306947643,1.5531244224695082
EURJPY,2022,4,-0.05889451709869028,-0.16510624839803387,-1.8515232701357358,-4.526485305043187,-1.7116795823115032,-4.453575727064767
EURJPY,2023,4,-0.042403943426970535,0.07177115647040182,-0.44904050411064617,3.2415729189404847,-0.30703212006856295,3.2919849463162083
EURJPY,2024,4,-0.009361069689563968,-0.11694106924093724,-0.3707804039980052,-1.9317737433760902,-0.2632487990688687,-1.879871543740812
EURJPY,2025,4,-0.021597792883674242,0.0,1.193106318190943,3.0237878607733064,1.3492679884655225,3.0517384009435733
EURJPY,2008,8,0.12284817156360138,0.1969249109022688,11.920950757332612,12.104497822389266,11.985967368509327,12.122604106138304
EURJPY,2009,8,-0.08638816821753431,-0.17614096918559585,-11.038418495472225,-8.112354278517033,-10.768076665565575,-7.990062972390569
EURJPY,2010,8,-0.05839016596375377,-0.13881179263599366,-1.7690951162720359,-3.9830734180112435,-1.6118091652217066,-3.9316562696830917
EURJPY,2011,8,-0.05656995887538176,-0.13385389700323522,-6.3180039780990835,-3.4840824317431753,-6.19097364305932,-3.414391267253156
EURJPY,2012,8,0.1203429073644369,0.2051814033581593,7.638039317987035,7.913069061674254,7.7054742836433565,7.95057344781002
EURJPY,2013,8,-0.08337254479287198,-0.18170270503179917,0.0575080914819591,1.6293093199519242,0.22249425767368577,1.7006113626279764
EURJPY,2014,8,-0.027025840921653378,-0.09874569484647039,-1.8540089788305343,-1.881384116973005,-1.7661127881032468,-1.8372859612644148
EURJPY,2015,8,-0.057799242241753646,-0.0416435377907981,-0.9690862934804213,-0.9344140654494358,-0.8731885512640319,-0.8844005494576682
EURJPY,2016,8,0.0739753204650689,0.13754759092598534,3.996491796335405,3.8652637330129958,4.08199177710469,3.9247617581441756
EURJPY,2017,8,0.02083558231100778,0.02387971043041708,0.897760398905438,1.0130198085472661,1.0055325331990934,1.0614629534697864
EURJPY,2018,8,-0.08711928497288084,-0.3897590126117521,-3.6132166891883237,-6.791701790179938,-3.4538507054474663,-6.714697717924985
EURJPY,2019,8,0.07079459878565583,-0.07526178090063818,2.2713724634970625,-1.103234870250907,2.3397750629582714,-1.059377650525093
EURJPY,2020,8,0.027465526617274638,-0.055468081261905416,-0.09964694295026635,-0.9568362727341274,-0.024657402360935693,-0.9067377545988312
EURJPY,2021,8,-0.01862278720925083,0.09276561354872807,-0.6304461290811758,1.1676519807591679,-0.5531972198823358,1.1853972090022287
EURJPY,2022,8,-0.054346915795628684,-0.0816496580927726,0.9401658309655877,0.3562559401217608,1.0309316310260515,0.390467968770339
EURJPY,2023,8,-0.06619915784172864,-0.07641532829221408,-0.5417148052158065,0.18789115519797644,-0.4706295887100986,0.228466931644714
EURJPY,2024,8,0.018582118997910246,-0.09607689228305229,0.17529807090393762,-1.6952169928050425,0.22246428599888515,-1.6762483049981758
EURJPY,2025,8,0.0535806009771688,-0.1241405727436671,3.123908078142173,1.0834796859359868,3.2037257523500826,1.1168184418048601
EURJPY,2008,13,0.06068628960832475,0.0642195563957122,8.129746706752197,7.498471584389836,8.160530132372786,7.5102969809747195
EURJPY,2009,13,0.0781996224339783,0.06455127895823194,6.177711343113572,1.871444652558465,6.3019520255789185,1.9297515694989174
EURJPY,2010,13,-0.025541662327371723,-0.060662105716587755,3.13153257655611,2.2377845363106377,3.1917870836130016,2.2760388060235464
EURJPY,2011,13,0.02046650739070971,0.1282237748677539,2.1439634640276495,4.999516355575111,2.266196182758008,5.026666621346935
EURJPY,2012,13,0.03561326771581095,-0.0376549127256353,2.9652910821623077,1.3472117382487079,3.018545854094454,1.3851677930705024
EURJPY,2013,13,-0.05857632695130769,-0.11888908858518256,6.241538970285247,6.823482754108985,6.276873683023254,6.8471238453274506
EURJPY,2014,13,-0.005995782226722924,-0.018652854850741755,0.2906877009761737,0.40044603762637804,0.36744342440747163,0.4336211834756061
EURJPY,2015,13,-0.09781189544153658,-0.14235987951813822,-4.971894019995465,-5.047527005302325,-4.875498654423747,-4.985967413449416
EURJPY,2016,13,0.0903706179807381,0.28177136989961366,5.8781623568744825,6.961657787504363,5.924331965182682,6.995292702831238
EURJPY,2017,13,-0.014322909366099385,-0.11880561482848408,0.2107522341596801,-1.1725021027300917,0.2847490283585191,-1.135547641334372
EURJPY,2018,13,-0.013970966935628562,-0.15215485171725185,-0.0216072507274143,-0.8782505790405047,0.06652864611759311,-0.8246552789515529
EURJPY,2019,13,-0.018721678323059914,-0.006280742930213277,0.576679675690922,1.1350765141719505,0.6202174609086221,1.1665153568715927
EURJPY,2020,13,-0.0180827228349933,-0.14493393680902816,-2.460750145435949,-2.417039758130438,-2.3724348720210036,-2.3797129868045954
EURJPY,2021,13,0.006598743685801373,-0.09198662110077999,0.03648579473547019,-1.6207472550066453,0.09566712229631422,-1.603025867986637
EURJPY,2022,13,-0.06780988309743234,-0.3144854510165755,-3.660357472617749,-5.931013574120829,-3.530956144419187,-5.868314534749244
EURJPY,2023,13,-0.07951809989749195,-0.01790978282281281,-1.6780886593955089,1.816239926120767,-1.5854370931246884,1.8426785816762878
EURJPY,2024,13,-0.017018458876639976,0.10826639239215337,0.09764678962941525,2.039218942987775,0.14939323111144762,2.072445513765273
EURJPY,2025,13,0.02164534700441446,0.10086823334572258,2.03002312232613,4.173991374555788,2.115277383813816,4.202424687508921
EURJPY,2008,26,-0.0013818905917348623,-0.11083215051954513,4.366934338115194,3.041923405423005,4.393393587666615,3.0591378064430907
EURJPY,2009,26,-0.026596834606353047,0.005354155880129409,-1.3678457159658195,-0.16506587518449242,-1.2982783797061264,-0.13004220612890707
EURJPY,2010,26,0.008390317641371036,-0.15387460962256405,5.774610737954352,3.3802326672260996,5.832897983931339,3.4186914826554706
EURJPY,2011,26,-0.014912778420512463,-0.03197632260127158,-3.1571504973250786,-0.31473799757384835,-3.0885652374951857,-0.28706327034368545
EURJPY,2012,26,0.038933600451428546,-0.015283065658442814,-1.8343347559675514,-3.3884511809134445,-1.7828493376530459,-3.3368051473207267
EURJPY,2013,26,,,9.303759254230531,9.573497462322045,9.303759254230531,9.573497462322045
EURJPY,2014,26,-0.04793886428465957,-0.1129647381769059,-2.294092363453657,-2.1862258512680297,-2.2610392613665087,-2.1640813148158666
EURJPY,2015,26,-0.0802765831555789,-0.14714050019415328,-5.038793083976735,-3.1581865745802062,-5.010407581022138,-3.1413978262232494
EURJPY,2016,26,0.01818477790787602,0.08492077756084469,2.11632654518176,2.9029415043581044,2.1352986238009244,2.909261542227772
EURJPY,2017,26,-0.09409416368192548,,3.057471759208201,3.720740114366089,3.069956041074039,3.720740114366089
EURJPY,2018,26,-0.06903636133659806,-0.16076739049370006,-2.1437638345084795,-1.5576243380742079,-2.020189946062839,-1.4928273619746002
EURJPY,2019,26,-0.09522088357873305,,0.0761973729931299,1.0959418336705364,0.11396291959482444,1.0959418336705364
EURJPY,2020,26,-0.08327525554532304,-0.2387562833339091,-4.41339838001422,-4.375975314811792,-4.292773570070793,-4.307130940677934
EURJPY,2021,26,0.021906302906483283,-0.06908817223234605,0.98207817053907,-0.6133823518599939,1.0354533997269635,-0.5838802151047269
EURJPY,2022,26,-0.05612152229346907,-0.22398041003683236,-0.12781709770157837,-2.5260744991785895,-0.05847300197483798,-2.4909827976490795
EURJPY,2023,26,-0.10558043288880846,-0.1868257106338583,-0.025469887743767572,1.7922821150410597,0.06888805158746655,1.8295968382495866
EURJPY,2024,26,-0.01474889480316733,-0.08919914773408968,-0.7486752655314777,-3.219223968312308,-0.7015141270045399,-3.1763270603506273
EURJPY,2025,26,0.07098152556004833,0.1315587028960544,3.925285060390884,3.7115868814259607,3.9584528316311993,3.7356150805979302
EURJPY,2008,52,0.06502700033712383,,0.27235053157681965,0.0,0.275340109310923,0.0
EURJPY,2009,52,0.006169345866489058,-0.12229989761755714,-2.2933080895455533,-5.200292525020526,-2.276272454070368,-5.191713805679253
EURJPY,2010,52,-0.10096281279560569,-0.20597962445505805,-1.014160180622997,0.9093170764016003,-0.9955423282295013,0.9155418030388395
EURJPY,2011,52,-0.08392760331954768,-0.10363225834851907,-5.459785262369023,-1.9573404201552682,-5.377664653691977,-1.9296211459907804
EURJPY,2012,52,0.14255669895680886,0.17470471982872923,1.8110201175141298,-0.6844057363556602,1.8331852910743598,-0.6772089288594655
EURJPY,2013,52,,,9.303759254230531,9.573497462322045,9.303759254230531,9.573497462322045
EURJPY,2014,52,,,0.14973643943467863,0.6236087710147931,0.14973643943467863,0.6236087710147931
EURJPY,2015,52,-0.11753294820709703,-0.1443828332866953,-2.205381646532554,-1.332343185270167,-2.122535097305788,-1.2939580184907993
EURJPY,2016,52,,,1.9942521127351243,2.0200212624196925,1.9942521127351243,2.0200212624196925
EURJPY,2017,52,0.05845454093896961,0.16954745697009227,2.8472980721340493,3.0538512186588855,2.878358586724702,3.060058497065254
EURJPY,2018,52,-0.04544995721911028,-0.024093701460582338,-2.550898315815532,-1.6397905111027673,-2.4862115117186185,-1.6220546479646059
EURJPY,2019,52,,,1.0954944927045012,1.0959418336705364,1.0954944927045012,1.0959418336705364
EURJPY,2020,52,0.02461715522039356,-0.029492633510991444,0.3584244167550959,-0.6430954897294684,0.40228561306985694,-0.6245800579705444
EURJPY,2021,52,,,1.4764772341289019,1.4689971942137494,1.4764772341289019,1.4689971942137494
EURJPY,2022,52,-0.08205432235524729,-0.30195594717530716,0.4959712644926478,-0.8283556355508831,0.5197177071223184,-0.8163810790119364
EURJPY,2023,52,,,4.155556494908528,4.121142909816141,4.155556494908528,4.121142909816141
EURJPY,2024,52,0.007624926357830091,0.12094942141988947,1.7455667196074813,2.849757430460712,1.7838274309002622,2.869003875298951
EURJPY,2025,52,-0.011836630343861693,-0.21148915726511164,-1.986828629788431,-4.663660429077508,-1.9491782481933984,-4.64478272771357
GBPJPY,2008,4,0.08933919630823735,0.09781371371157907,16.98377974719961,13.951804548333183,17.062570077668273,13.975836640824546
GBPJPY,2009,4,-0.024810615429364385,-0.15259344258368815,-2.6149157115863706,-9.238853947532037,-2.4722776684597623,-9.175246177252186
GBPJPY,2010,4,-0.03226670244879265,-0.059116783945616695,-2.4323795238921906,2.2320123788399586,-2.245196259666508,2.2986852624874996
GBPJPY,2011,4,-0.022180979214015236,-0.06061426456557821,0.5682618294930644,-1.5445217341708823,0.6757729776951322,-1.5023644478486047
GBPJPY,2012,4,-0.018157625608998515,-0.005651581899003075,2.1068060198150698,2.712303404510423,2.2468274368674446,2.7857215349271125
GBPJPY,2013,4,-0.094730276978561,0.11109401577889037,-1.6101830826786514,6.55449115611133,-1.467608459729029,6.5953972738692626
GBPJPY,2014,4,-0.06710163783828159,-0.06689936080056726,-2.2701938866659312,-1.8779191647535645,-2.1420584154716726,-1.8152506364668568
GBPJPY,2015,4,0.10140960875211497,0.13207570659270082,6.1460734500605865,2.835099940311717,6.203779389659016,2.888087987558926
GBPJPY,2016,4,0.045973512796321024,0.05296199396711575,6.356373918908801,5.7578786182968065,6.450281299233216,5.825964397827989
GBPJPY,2017,4,-0.0012442990860298826,0.024359938288234507,0.9630046613787153,1.469949623236236,1.0796120836571697,1.5336926891217089
GBPJPY,2018,4,-0.029250118073155622,0.0,-1.9909407946954103,0.44955892967310146,-1.8665713808719717,0.5178217967181402
GBPJPY,2019,4,0.04003260436847028,0.01873954558045293,4.673768970838737,3.5406683570096575,4.799530246928924,3.6219124175981454
GBPJPY,2020,4,-0.14047787500785697,-0.33724185275611956,-6.81227092941951,-10.59667543645156,-6.624696165217304,-10.48715223235635
GBPJPY,2021,4,-0.004477616579669061,-0.0026896366232596644,0.09960864546277653,0.2976310381476554,0.20091048504735645,0.3483497652029221
GBPJPY,2022,4,-0.0970857339961088,-0.2562050460881394,-3.6375425881744534,-7.659648825387086,-3.4807829053525423,-7.578727535274738
GBPJPY,2023,4,0.006798020912667055,0.03902462713366424,3.2138084006067578,1.025709431370943,3.294875118624589,1.0791869654885153
GBPJPY,2024,4,0.01154167131667573,-0.07947194142390264,1.1582431519930199,-0.40443582075619905,1.233850195082496,-0.3683714555919186
GBPJPY,2025,4,-0.10174018663606928,-0.10909215783501075,-2.4888939062852518,-0.8225206852598898,-2.380026572187031,-0.7829179023412767
GBPJPY,2026,4,-0.19522517389478405,-0.33730961708462714,-7.1419343723937,-5.148020290410738,-7.032348545292855,-5.099151986831423
GBPJPY,2008,8,0.1375205319479619,0.17499128252137094,19.80805896422214,15.669459376200761,19.832078111442488,15.678766795881248
GBPJPY,2009,8,-0.036436661122015684,-0.0026896366232596644,-4.3345179314615905,1.4367940344176775,-4.200545589591744,1.4785472653643943
GBPJPY,2010,8,-0.03187141921130486,-0.25030203430671194,-2.558972712535405,-5.678587462785775,-2.4023633203975954,-5.591031178659815
GBPJPY,2011,8,-0.11838755229158089,-0.06548160956380805,-6.425400039918947,-1.0031128523791344,-6.246576810061517,-0.9429663087080576
GBPJPY,2012,8,0.04349857145469927,0.08337873532104959,4.506620397831721,4.56635815458,4.5860636705272455,4.60935142714725
GBPJPY,2013,8,-0.0799041653933526,-0.1308508739730545,-0.2843462084937492,1.5281792115142079,-0.19159186289881688,1.5699690439702882
GBPJPY,2014,8,-0.07558052309454517,-0.303579428831865,-2.007178573250766,-3.4665845461206173,-1.9042100263804649,-3.394690718900229
GBPJPY,2015,8,-0.048891000093100136,0.07196825871640293,-2.814978664858618,0.6545753231572002,-2.7273108603531067,0.6914905198712795
GBPJPY,2016,8,0.026964800236146096,0.016193756890782392,4.8496748499783,4.849316391091985,4.936914664164293,4.885814045834877
GBPJPY,2017,8,-0.08311406477603535,-0.12277801793214009,-5.819737008640197,-6.900347973393318,-5.723091722803831,-6.847178912880063
GBPJPY,2018,8,-0.021740531126726127,-0.16510624839803387,-1.1618492537753577,-4.402035898439175,-1.063263448564205,-4.344348518033819
GBPJPY,2019,8,0.017889089532133327,0.08793488715349684,3.847324360874769,3.625514097380758,3.9077177288526777,3.664124472351255
GBPJPY,2020,8,-0.028528788524860942,0.07610736731284697,-0.06100228822580388,0.642071866761118,0.05125479335354164,0.7087885965958831
GBPJPY,2021,8,0.00494905776435103,-0.06890031021158574,0.7909252242624099,0.15533520722091454,0.8515851283821309,0.18070701879718024
GBPJPY,2022,8,-0.027830559293362134,-0.1142864080343024,-0.5314211794861861,-2.0031308045297895,-0.4224068083292449,-1.9461140640242258
GBPJPY,2023,8,-0.04949715854366845,-0.014924819019010674,-0.1729907411568534,1.166399802892399,-0.11110630398128653,1.1932945963009898
GBPJPY,2024,8,-0.008877605498300701,-0.08899623402329825,0.24132215124940973,0.05797631254419288,0.3004720574683347,0.07403966537167321
GBPJPY,2025,8,-0.07253178520128872,-0.1538782017902253,-1.8002582668391562,-1.4989508131532374,-1.7012366182359648,-1.4471987710928822
GBPJPY,2026,8,-0.15824851193262046,-0.5222222222222223,-6.953368961783714,-6.640555267039463,-6.821821387916268,-6.556859780239553
GBPJPY,2008,13,0.016176896612432712,0.07151436486892937,11.465916411436217,13.356719917954107,11.497512462293558,13.366073691572506
GBPJPY,2009,13,0.000358806953366571,0.06395264520254317,1.993199704873605,3.296754481685674,2.0425201893720812,3.3073600838162043
GBPJPY,2010,13,-0.1010260269909366,-0.3097178756833989,-1.1322041104181202,0.5839759134043396,-1.012410106446972,0.6397709530169043
GBPJPY,2011,13,0.0,-0.014128954747507689,1.0558804721187944,0.6410007367743338,1.1271320502785909,0.682342135802724
GBPJPY,2012,13,0.03480776930086723,0.016239958858823005,3.6480229964831206,2.1449908635561887,3.704317381475777,2.1698833702480758
GBPJPY,2013,13,-0.034552011893580405,-0.20259006649570716,2.3545438394021936,4.095532844350263,2.3954250351763986,4.125797966714587
GBPJPY,2014,13,-0.03068055466382698,-0.14675987714106856,0.4644335658414891,-0.5089296749136406,0.5716850266495112,-0.4642155442069043
GBPJPY,2015,13,0.005036883737390698,0.05654648899145945,-0.06291663409044035,0.06361174183467992,0.008608771477448093,0.09248395675941891
GBPJPY,2016,13,0.08021596844860314,0.14285298997286003,9.493996490304058,9.739859237026478,9.521202681419114,9.75533572764498
GBPJPY,2017,13,-0.021923483462164828,-0.07016464154456234,-0.8905339887440046,-1.2641859572236056,-0.7831740309301919,-1.2324872518178274
GBPJPY,2018,13,-0.05010453453022895,-0.28961259964901026,-3.656972338088507,-6.553935886767931,-3.536954712635418,-6.485906745493657
GBPJPY,2019,13,-0.017350057382166228,-0.13717146778624287,-0.2886134611364135,-3.6697669364876777,-0.24048268048351054,-3.632162921633843
GBPJPY,2020,13,-0.052748984946502826,-0.04047704541513399,-3.124131272353259,-2.996375926763868,-3.0573327021425394,-2.9630948676070528
GBPJPY,2021,13,0.01721201924956894,-0.06113226263377126,1.839430155521439,0.0025140141130889785,1.9205775052665937,0.022601453496098732
GBPJPY,2022,13,-0.054257050493029604,-0.0408248290463863,-4.481274642507812,-0.7556728902458255,-4.400217978504804,-0.7270121140765224
GBPJPY,2023,13,-0.061405863925227754,0.09367659069225724,-0.7389801899145066,2.9596232596604333,-0.6434233112140689,2.9903294583175257
GBPJPY,2024,13,-0.028712928583913087,-0.032834601841823484,1.390470600033786,-2.2726859829433996,1.4104217049729186,-2.252447077781835
GBPJPY,2025,13,0.018351321208186038,0.0467764276963749,2.0786743881822147,2.8335595927874873,2.110751000983938,2.8495792852789275
GBPJPY,2026,13,-0.09521048749231079,-0.057735026918962574,-0.5333902958682307,0.16914052795727097,-0.46040739967480343,0.19703276882667517
GBPJPY,2008,26,0.07848813455427413,0.14369628051101785,14.443631731454285,14.338155932208359,14.459954208760115,14.347307051656012
GBPJPY,2009,26,-0.0873837320331737,-0.09874569484647039,-8.159820926756801,-6.059849912568045,-8.118293679850199,-6.028429245845003
GBPJPY,2010,26,-0.00725010839808413,-0.15662237050868127,5.111899211273004,2.5228759153622926,5.145673231502934,2.5448677136893
GBPJPY,2011,26,-0.1052492762672878,-0.25969185093078573,-6.616903936610164,-6.569191232001588,-6.558264026332654,-6.510769964663873
GBPJPY,2012,26,-0.037750541003714264,-0.18675952687646455,-4.075692491077057,-4.521591775341791,-4.032505751908972,-4.490821581026484
GBPJPY,2013,26,,,8.494801949401914,8.749150229632697,8.494801949401914,8.749150229632697
GBPJPY,2014,26,-0.06395311823031495,-0.2882306768491568,1.077907604571179,0.5780497060142138,1.1311911372643095,0.5957868942535979
GBPJPY,2015,26,0.01551342469868093,0.13717252749647169,-2.1420878426663283,-0.33381666097977125,-2.079100277993004,-0.3130195761555346
GBPJPY,2016,26,0.011259354427891784,0.028823067684915684,7.342742133372169,7.35244971530931,7.348080232560457,7.357787814497598
GBPJPY,2017,26,-0.09536811713961023,-0.08918617317773188,-1.4621868456311409,0.013168116297305375,-1.3750556645880823,0.0238288202422879
GBPJPY,2018,26,-0.03032305538252161,-0.149099863282195,-2.5976169110362743,-2.6012930395619405,-2.5301989301361867,-2.5753169985321405
GBPJPY,2019,26,0.0634915938744725,0.17117033537455953,3.1501462864435035,3.4343953132690177,3.209687383181911,3.4611853450086874
GBPJPY,2020,26,-0.06302602382564869,-0.09077446056360304,-4.924916561189994,-4.890544773676926,-4.902282309439413,-4.86826661593152
GBPJPY,2021,26,0.035528179797305194,-0.13186429843648617,3.362785899259482,1.1552240845326769,3.413410426965981,1.1704092432219182
GBPJPY,2022,26,-0.035619231056136826,-0.23782979514061833,-1.8701550220115393,-4.384083035320922,-1.8271065238663744,-4.345121848044172
GBPJPY,2023,26,-0.05035399765979751,0.09169839395065689,0.20620668751156254,4.217750005702391,0.2799846786096065,4.254545011741303
GBPJPY,2024,26,-0.09793343707381047,-0.21375759095832758,-4.718086093993412,-5.074264352430847,-4.662176694288202,-5.034085011447753
GBPJPY,2025,26,-0.011222804307135842,0.008612538776448218,0.7822437839300226,1.814968529216618,0.8417798442485938,1.8429211488146156
GBPJPY,2026,26,,,1.6917689320265492,1.531591735307147,1.6917689320265492,1.531591735307147
GBPJPY,2008,52,-0.0946595574527752,,-0.6040442899541282,0.0,-0.601120551861417,0.0
GBPJPY,2009,52,0.011635817703060434,-0.2439349780254433,-2.7445348848387634,-10.352404648112449,-2.718610600412055,-10.323511813453987
GBPJPY,2010,52,-0.059831534339451986,-0.2503419784581091,-2.587246236348801,-2.03118969247629,-2.5160166342982024,-2.0040922135740136
GBPJPY,2011,52,-0.007426255909251777,-0.013725270326150325,1.3945863308040478,1.4963701005238985,1.4293230494316809,1.5080082965590762
GBPJPY,2012,52,0.07574616194482182,0.13937366833451512,3.090831329905519,2.3644892696436126,3.131945758637584,2.3822528248782535
GBPJPY,2013,52,,,8.494801949401914,8.749150229632697,8.494801949401914,8.749150229632697
GBPJPY,2014,52,,,2.7637824379393416,3.071343412543602,2.7637824379393416,3.071343412543602
GBPJPY,2015,52,0.10725598763910502,0.20210945079076445,1.3882374226887833,1.1198269722781065,1.392385235472442,1.1239188877477257
GBPJPY,2016,52,,,7.200394432367208,7.216861995926771,7.200394432367208,7.216861995926771
GBPJPY,2017,52,0.02770455401064344,0.09607689228305227,3.5085670035962977,3.558625626729033,3.514003916647553,3.5640625397802883
GBPJPY,2018,52,-0.003573788670082904,0.005651581899003075,-1.6222051819049734,-1.3739186420353315,-1.5534938384448198,-1.3369610433818158
GBPJPY,2019,52,-0.04106062270916283,-0.28737766912824714,-1.0923050307355309,-5.630160632607526,-1.0661793709795302,-5.603868373287747
GBPJPY,2020,52,-0.03646604083331025,-0.06464026538761837,-1.8950064331199332,-4.406386516027295,-1.824025399380278,-4.36823306087045
GBPJPY,2021,52,-0.03667981007995394,-0.10756631824373661,3.176117516751347,2.6001123414539205,3.1815211637808,2.605475712525721
GBPJPY,2022,52,,,1.0460629189653117,1.0094096957178464,1.0460629189653117,1.0094096957178464
GBPJPY,2023,52,-0.08650849389554434,-0.21136916302271502,2.8718040989293776,3.043747446781481,2.909511510961147,3.05325862462553
GBPJPY,2024,52,,,3.6701485794337287,4.098529460928488,3.6701485794337287,4.098529460928488
GBPJPY,2025,52,-0.06684452887664721,-0.17561082210148907,-3.636055978942207,-3.3549027837358403,-3.6040285244995536,-3.3227731915544663
GBPJPY,2026,52,,,1.6917689320265492,1.531591735307147,1.6917689320265492,1.531591735307147
XAUUSD,2008,4,0.09533576173809903,-0.05349034692501434,13.593711904644469,-6.766288178260235,13.931168808958185,-6.506737554257285
XAUUSD,2009,4,-0.010629093922257884,0.15820308160151314,0.37013284814314473,11.041210169185689,0.8456976597170341,11.161318407655473
XAUUSD,2010,4,-0.026627177839482374,-0.1145449987505292,0.9866318215118476,-0.32079932953422324,1.4607850103502547,-0.14612303103581997
XAUUSD,2011,4,0.07570261950938251,0.08390645410391885,11.805573669667936,5.983658398864444,12.121548282119777,6.148925717320755
XAUUSD,2012,4,0.02234524035563605,0.13877773329774218,-0.15152238275392596,2.865322254902445,0.21603968548063757,3.0051968368842825
XAUUSD,2013,4,-0.09973239508841712,-0.25366007636881754,-2.030395905162934,-7.309977913088242,-1.5521301085063992,-7.147897020313583
XAUUSD,2014,4,-0.022223418055162276,0.024359938288234507,-3.5436667663307744,-0.46052035677497444,-3.0498262408441987,-0.27637075037410513
XAUUSD,2015,4,-0.041790643454830335,-0.28595074019078526,-0.8352106015668865,-8.947664165268602,-0.37444692386159323,-8.69532208398053
XAUUSD,2016,4,0.00541328947542862,-0.029356828197599306,2.2916143643656373,-0.40192953386259644,2.7707143366199594,-0.1611080597968126
XAUUSD,2017,4,-0.05232096843108435,-0.23022870284556457,-2.8442899773959796,-7.892113469619454,-2.4221420612115265,-7.7069379972316145
XAUUSD,2018,4,0.01039355048314625,0.06275320916531604,-0.6573663687121676,1.7256049190703122,-0.1830019072172887,1.9601192604869684
XAUUSD,2019,4,0.01474822019097476,0.18946618668626838,4.652179655377402,5.199895673889426,5.213899891020898,5.364921009555662
XAUUSD,2020,4,-0.023992198237741246,-0.19291759373953313,-3.0836259924554814,-9.334301232244526,-2.6890927390090056,-9.128969928856806
XAUUSD,2021,4,-0.032424799157787135,-0.042635096801695437,-0.7454808321445296,-3.190560052094266,-0.461514208321791,-3.061029073925163
XAUUSD,2022,4,0.05850655140823863,0.03202563076101742,4.301760530054723,0.12654147729623608,4.586296577411807,0.2799863439365208
XAUUSD,2023,4,0.012519274344239238,-0.05110309584193362,2.289330360971799,-1.8657178712355038,2.549988886366139,-1.746238494394676
XAUUSD,2024,4,-0.10125033798109571,-0.01148338503526429,-5.1917187420903685,2.284878128156633,-4.857331625863234,2.4159081631255552
XAUUSD,2025,4,-0.13453189730560303,-0.13278274598477632,1.3467352821627772,8.467323125903956,1.550153677709681,8.556611431882244
XAUUSD,2026,4,0.0796694156693577,0.22631157994440146,9.80469224487458,17.272813385809858,9.89082146276655,17.30050709341508
XAUUSD,2008,8,0.0015019607038343024,-0.0267734852543942,-10.630189686373512,-10.098702799221188,-10.291508669210117,-9.914101904363374
XAUUSD,2009,8,-0.009113412515280766,-0.056526686371919495,5.02401257783854,3.2626460088466995,5.420716802017342,3.3612827925331628
XAUUSD,2010,8,-0.01661989432106425,0.1494359189603747,4.290126622993739,10.28565273125956,4.652669047162262,10.44138530413508
XAUUSD,2011,8,0.01406248626710996,-0.09760877279974646,-0.014177924420227857,-4.79289404900419,0.22099020550603093,-4.654254867354338
XAUUSD,2012,8,-0.017678106135340838,0.09822241434571208,-4.368214998173137,0.41288963717669336,-4.170721912944772,0.5547564459309482
XAUUSD,2013,8,-0.046885968774970976,-0.07442084075352508,5.14329878853699,6.844704138428449,5.315850567966201,6.9138037325082555
XAUUSD,2014,8,0.05950567625982212,0.11186441633817208,2.2675739557544663,3.606261110900824,2.431474002395996,3.677434019089171
XAUUSD,2015,8,0.020632157079746156,-0.09596157259580894,4.379915433695915,-3.049810026001665,4.598716000030773,-2.8563987743884454
XAUUSD,2016,8,0.02531593557828719,0.1901083752284044,4.5442542750201715,8.682950848094956,4.905677181836369,8.75891718641341
XAUUSD,2017,8,-0.10784533725785717,-0.2507226397939826,-5.1699981561357,-7.775578419080976,-4.783267076552246,-7.537224811128741
XAUUSD,2018,8,0.01862200342739331,0.1414465358611603,2.7684656525207516,3.6353647328088603,3.0834097858791534,3.7764210334848896
XAUUSD,2019,8,0.0,-0.005510387687779838,2.1625545011175316,1.6111194656406853,2.489565849562524,1.6932292791795749
XAUUSD,2020,8,-0.0346857759881687,-0.07545774125721891,-2.9269331481261984,-4.399849377747855,-2.733721916860983,-4.283934772394415
XAUUSD,2021,8,-0.07647263806323662,-0.0672409155814916,-7.234013741493751,-1.4538226720080303,-6.858917051034055,-1.300306937550694
XAUUSD,2022,8,0.08782142440234197,0.061861642334972274,4.566326750245603,1.428156630416718,4.672455273487693,1.5060245535067556
XAUUSD,2023,8,-0.030384028309364746,-0.05954651581568435,-3.286181725908456,-2.393740987893383,-3.045968281568363,-2.2982015247263137
XAUUSD,2024,8,-0.0868872004131633,-0.012226452526754252,-0.22724427296286892,2.630888201837356,0.03812431531246305,2.741420580296562
XAUUSD,2025,8,0.03394812425592777,0.06271451481031307,17.62118903220347,18.65620823098943,17.737176807173512,18.70910122256405
XAUUSD,2026,8,0.12982861476587737,0.24102564102564103,13.688285729586655,8.329856997385093,13.739799467679534,8.35934224131239
XAUUSD,2008,13,0.05969884592533627,0.03499660886894126,4.928492055315025,-4.110157828818405,5.264661756824862,-3.968518398246278
XAUUSD,2009,13,-0.08293866405855034,-0.28527988955517947,0.27431423171876596,-1.096582501358757,0.6840041060547218,-0.8738213264386305
XAUUSD,2010,13,-0.07600656679969309,-0.028789295894321217,-0.23187495590689416,5.433667794990457,0.090974261086511,5.512609477669695
XAUUSD,2011,13,0.10777388264154647,0.171112681349379,12.59217074221741,9.659130989966782,12.767104698125063,9.740532309499219
XAUUSD,2012,13,0.01803805898803755,-0.007994080650317896,-1.434430328166455,-0.9798834908497857,-1.2718829678799204,-0.8709481253845837
XAUUSD,2013,13,-0.07347453343713942,-0.10400966905550486,4.19295963346861,3.734341768392142,4.465641193082083,3.839548113617179
XAUUSD,2014,13,-0.03474929375995637,-0.2259294763538118,-4.506988648358394,-7.730539953143719,-4.32863943805084,-7.587457092033882
XAUUSD,2015,13,-0.0918954469987744,-0.16525876084035654,-6.366187239201973,-5.2790943858486585,-5.941912973700109,-5.0871115767197885
XAUUSD,2016,13,0.022509165868651676,0.02479674459500927,5.363823357447662,1.7988624696833886,5.438953969441076,1.873245909034704
XAUUSD,2017,13,-0.10973549187145373,-0.2555053170346305,-4.174395606321734,-6.078504905389697,-3.8994140470118084,-5.9319701436382
XAUUSD,2018,13,0.07003819802760503,0.034641016151377546,4.483285882756592,2.4733558915885627,4.667950893593462,2.600558618734291
XAUUSD,2019,13,0.0005814122506017908,-0.06724548889714839,3.0173548158512817,1.9701204021520875,3.1551452548044643,2.021715208937804
XAUUSD,2020,13,0.019626526480461634,0.056821965366912565,8.091264886991677,9.138027067487972,8.159087733034227,9.177116087369853
XAUUSD,2021,13,-0.034943822078278744,0.01114989346676121,-3.5426048593988684,-1.3025450091693005,-3.4022118056448956,-1.226279805278708
XAUUSD,2022,13,0.02155824258274471,-0.005379273246519329,-1.8642047933469088,-1.380075537162035,-1.7097678841577355,-1.3292198753242286
XAUUSD,2023,13,0.048575066824385955,0.0028257909495015376,3.7166737003831725,0.8378756975728822,3.7644040479746574,0.885792724480093
XAUUSD,2024,13,-0.005934788125835444,,8.842435511319147,9.627896971712756,8.873795409697212,9.627896971712756
XAUUSD,2025,13,-0.1007130215079075,-0.12352743293535293,13.842132982726412,17.74848521005611,13.956688343774944,17.782738479295208
XAUUSD,2026,13,0.12443049290664611,0.27506962693707143,15.559251668012694,9.545054039843729,15.630840119855355,9.573893010082735
XAUUSD,2008,26,-0.09187047454630505,-0.27563386216868563,-10.688839432861837,-10.983795143563372,-10.66560726079508,-10.96010109533058
XAUUSD,2009,26,-0.001247866315435824,-0.040316473806629824,3.8686876410919617,4.480981315797225,3.994443539118652,4.554295747239649
XAUUSD,2010,26,,,10.352820949476484,9.885062469215075,10.352820949476484,9.885062469215075
XAUUSD,2011,26,,,4.623178741659581,4.580181247261136,4.623178741659581,4.580181247261136
XAUUSD,2012,26,-0.031786631661431385,-0.09340808971963416,0.049313355359583054,-1.1629314557357022,0.2980765075302752,-1.0225863955479826
XAUUSD,2013,26,-0.021693509896929197,0.020672455764868078,7.8281563147944855,9.12308129523028,7.8809749357929135,9.137416524079068
XAUUSD,2014,26,-0.03608144298076254,-0.14067146668198754,-4.0556901101986185,-4.937866235308189,-3.8401312882399528,-4.758410445924699
XAUUSD,2015,26,-0.029741900596929174,-0.06194357513667978,1.4672647043976716,2.4249872199281604,1.6973893511110536,2.539267559916309
XAUUSD,2016,26,0.06514319891749507,0.11983380099178971,7.795894528507253,2.507861055438078,7.871287744526393,2.5831392179433967
XAUUSD,2017,26,-0.0045857196933055825,-0.07804925426732848,0.40055031962440196,-1.510772477230952,0.564670590065641,-1.3827965823827821
XAUUSD,2018,26,-0.02191187481139832,-0.21554363148086816,-2.8823276794728305,-3.380507358240896,-2.705278956879157,-3.2921570962904076
XAUUSD,2019,26,,,6.738731580853197,6.534123878216174,6.738731580853197,6.552144910563026
XAUUSD,2020,26,-0.14394691538823867,-0.23791547571544325,4.402117700327252,2.9817707921846757,4.4325314207563595,3.0108016453044266
XAUUSD,2021,26,-0.03577442435466846,-0.14773608843458605,-2.721602830214934,-5.937037098687076,-2.491988488649557,-5.810174193234441
XAUUSD,2022,26,-0.0021046359027405786,-0.08068909869778992,-4.017959983076808,-3.8945129856801777,-3.8904519645144124,-3.8053200677867256
XAUUSD,2023,26,-0.02476817373678908,-0.05860635486066052,0.852485461846232,2.0134925916912674,0.9711741397725374,2.072893356176041
XAUUSD,2024,26,,,9.672853539996376,9.627896971712756,9.672853539996376,9.627896971712756
XAUUSD,2025,26,,,19.900934127386467,21.69136919303447,19.900934127386467,21.69136919303447
XAUUSD,2026,26,0.024231191079227048,0.16854019432007689,-3.7123793161362855,-0.28709262672142577,-3.6789758928800254,-0.2765551870005201
XAUUSD,2008,52,,,0.0,0.0,0.0,0.0
XAUUSD,2009,52,0.03958212999789115,0.13227062967551878,5.20368151882656,7.043811183931556,5.365195018002827,7.105891932349558
XAUUSD,2010,52,,,10.352820949476484,9.885062469215075,10.352820949476484,9.885062469215075
XAUUSD,2011,52,,,4.623178741659581,4.580181247261136,4.623178741659581,4.580181247261136
XAUUSD,2012,52,-0.10196552481245039,-0.23253854696410187,-7.098246006770044,-7.0258965010281536,-6.9886904047085965,-6.944597962796706
XAUUSD,2013,52,0.04445020061264574,0.08492077756084469,12.277739786359758,11.369716708877654,12.291489196206442,11.383630850000161
XAUUSD,2014,52,-0.0020279136924508828,-0.040316473806629824,-1.2229491370605479,-0.2524661128413484,-1.0955947014283764,-0.21725250024451354
XAUUSD,2015,52,-0.06126987808585864,-0.09617163101410253,0.7375308390054008,1.3546634203624581,0.8306654776208259,1.3907030146897104
XAUUSD,2016,52,-0.19485414397284534,-0.2553376674419889,-11.263223171983736,-8.530826685926893,-11.168473183709805,-8.51217794393373
XAUUSD,2017,52,0.0020496921314729724,-0.005337605126836237,-1.0866517631443655,1.1630180624924482,-0.6872314874822688,1.3817693442134593
XAUUSD,2018,52,-0.0740892510738425,-0.23290578078562926,-4.639883901713695,-3.6566608467110155,-4.509994107209839,-3.637922748916508
XAUUSD,2019,52,0.0032709573271292405,0.1353329904901917,2.802043280281478,4.980178195059896,2.9602991933279004,4.997857664510804
XAUUSD,2020,52,,,9.36341529283054,9.428951215483528,9.36341529283054,9.428951215483528
XAUUSD,2021,52,-0.034691559293281805,-0.05648236908845295,-3.060335718979136,-2.9392801667536967,-2.969694355510531,-2.900654477390041
XAUUSD,2022,52,-0.059657322408878416,-0.19644482869142416,-7.893767706848307,-7.5860157751132204,-7.6250046151409,-7.483121137984968
XAUUSD,2023,52,-0.05506347891053935,-0.16846277155793798,-0.43294797693455267,-2.746380680984253,-0.38468470772956104,-2.7098727899361412
XAUUSD,2024,52,,,9.672853539996376,9.627896971712756,9.672853539996376,9.627896971712756
XAUUSD,2025,52,,,19.900934127386467,21.69136919303447,19.900934127386467,21.69136919303447
XAUUSD,2026,52,,,-3.5651738724669695,-7.860437047982811,-3.5651738724669695,-7.860437047982811
XAGUSD,2008,4,-0.019850177127291736,0.014947250617330841,-16.87421826074624,2.6052106956820587,-13.28334279495168,3.743584988159081
XAGUSD,2009,4,-0.012265926468141059,0.0226063275960123,-4.394957200257654,6.167352377928895,-1.9841851652913394,7.302800727664196
XAGUSD,2010,4,0.011583727356939844,-0.08343401143557065,6.45678082916977,6.046088226668004,8.434903182634345,6.966818923053645
XAGUSD,2011,4,0.05591814193679734,0.1272130110607802,19.919458658922093,10.064087130014373,20.672628961235127,10.554830929007577
XAGUSD,2012,4,0.08700336355738485,0.20784609690826528,12.035226012211117,19.273759444899483,13.062073325790564,19.57068947377277
XAGUSD,2013,4,0.011736796638735354,0.0380058475033046,11.168819509163882,13.423472188240519,12.387230306553265,13.814542371667411
XAGUSD,2014,4,0.06613827108763948,0.13659932162637717,6.042892345011101,9.498510157485665,7.925561636672446,10.139278512189808
XAGUSD,2015,4,-0.035859080643972516,-0.2449404783979664,-11.746945094425394,-15.689308873005123,-9.733723288973891,-14.453484752523291
XAGUSD,2016,4,0.030920457297346233,-0.04803844614152614,2.5562119062757085,0.6854408165922575,4.811563838526982,2.1118775475456877
XAGUSD,2017,4,-0.09092840651892259,-0.25967656018627633,-9.278459538426898,-13.90802416016814,-7.012257296721779,-12.823985110748904
XAGUSD,2018,4,-0.03880691569670751,0.010826639239215336,-6.604425855850986,-1.4794402652599663,-3.5386188246131915,-0.23082369410237347
XAGUSD,2019,4,0.05570259853561115,-0.008006407690254356,7.895523549488518,0.7019654337346994,9.841770594082769,1.6407993989721161
XAGUSD,2020,4,0.0025366200779990745,-0.09744943764220168,9.52934517441079,0.8647575040925309,11.851561225717743,1.8727957446784933
XAGUSD,2021,4,-0.03227047405686985,-0.1678129082078377,-4.752789002972929,-10.41948543237987,-3.6463994832040614,-9.859675405421969
XAGUSD,2022,4,0.03301081452397847,0.05110309584193362,1.5081208980247172,0.16284121879790966,3.2216746970314403,1.3833909108109097
XAGUSD,2023,4,-0.08558029096199765,-0.07739527433912545,-14.783200107674126,-14.152518996284767,-13.007032741755463,-13.29970883486432
XAGUSD,2024,4,-0.04222539701396089,-0.06002480876682405,-6.005622444146704,1.2813634162423422,-4.4223376273834685,1.9498743178289162
XAGUSD,2025,4,-0.030478337912413386,-0.055058773428660134,15.418077014800375,19.798812006653222,16.488717829348463,20.282977204778533
XAGUSD,2026,4,-0.07050295636292678,-0.1645902399595647,-57.91712295128109,-33.3436396835496,-57.22320027678573,-33.154533747351145
XAGUSD,2008,8,0.036614022146774436,0.04411410959858973,11.172497663293408,11.786228066656918,12.334661017907857,12.591439245000366
XAGUSD,2009,8,0.01203239588185073,-0.05196242323870557,8.318942935569023,5.158648685317553,9.62003695192368,5.7001202988693755
XAGUSD,2010,8,0.0513912849566369,0.11335931528718671,12.181378219720385,14.41705904605938,13.80966952943736,15.518436879216983
XAGUSD,2011,8,-0.002313991540514671,0.06411188743387695,-0.6560657160050106,-8.859665062456553,0.3107703186660484,-8.34730194548319
XAGUSD,2012,8,0.030876836182625603,-0.05142653638627285,2.5468191680318832,-0.9615702777557643,3.1206329824974035,-0.6619813518639569
XAGUSD,2013,8,-0.0066255283478089755,-0.01465158871516513,12.021824930144108,7.2772837078235195,12.369571810588978,7.416160656927006
XAGUSD,2014,8,0.0032534994956754885,0.03066220703359333,0.8137134077770082,5.542575451307167,1.6867284724718752,6.006939301948307
XAGUSD,2015,8,-0.03215085374235882,-0.18414247714330903,-9.624536048397635,-8.42317679017149,-7.213549633040042,-7.109093690556109
XAGUSD,2016,8,-0.030939602205999915,-0.02401922307076307,3.3836107288191846,-2.156871104972586,4.383575665880534,-1.6110200730441393
XAGUSD,2017,8,-0.08714197510363994,-0.1305699839551923,-10.443280846772826,-10.06491361416648,-8.98671380782077,-9.152491365381918
XAGUSD,2018,8,-0.1723470676387563,-0.04181210050035454,-15.801676929713501,-2.6184866444437698,-10.801073432862584,-1.2719909683408694
XAGUSD,2019,8,0.021415303941502307,0.008006407690254356,3.966803187883422,4.874232000337613,4.836062178199024,5.468351038322501
XAGUSD,2020,8,0.035452956835981445,0.006528555712118385,11.906518424847539,5.361495564587337,12.950267277243865,5.887614212374469
XAGUSD,2021,8,-0.05156560785780963,-0.06405126152203484,-4.332363294606217,-4.615433285393763,-3.3882942967552445,-3.93443605363533
XAGUSD,2022,8,0.10138097771236905,0.13877773329774218,15.66672206163943,13.700013082580057,16.462041918386678,14.20677185451758
XAGUSD,2023,8,-0.07263359904324289,-0.16521100010656983,-13.58770929309127,-15.054131703217992,-12.652561160711599,-14.393260893695437
XAGUSD,2024,8,0.036814517257578616,0.04572382259541429,8.412829470827711,4.434935825437988,9.195107983426933,4.820554155460812
XAGUSD,2025,8,-0.06683205219783585,0.007325794357582565,19.344310878929953,25.787158916154603,20.359266809218905,26.132352732446186
XAGUSD,2026,8,0.1230718638579484,0.08717948717948718,23.996724610712572,11.218762676564468,24.441330790937197,11.338318711286762
XAGUSD,2008,13,-0.018071133932278438,-0.1713364990877992,-1.486610729139008,-7.8258859839607355,-0.0017109385124783976,-7.147037320727346
XAGUSD,2009,13,-0.12078819953906197,-0.3453444954141017,-1.5903951241226284,-5.6897079579898735,0.12688901627578134,-5.117128229780836
XAGUSD,2010,13,0.01780171593410736,0.1488694622446187,10.285914218183427,17.256352865701775,12.561895336117784,18.098386263936725
XAGUSD,2011,13,0.010445960496315961,0.1418768207215841,-9.008268344137738,-0.9432255748318032,-8.627818759169958,-0.8087528120876863
XAGUSD,2012,13,0.07372447795022312,-0.007994080650317896,5.691193791356177,2.3298478273422694,6.368402288431927,2.6145246465191665
XAGUSD,2013,13,-0.03936868494043671,-0.014924819019010674,1.3981830152369428,4.707808246470924,1.921317050347079,4.945547952729262
XAGUSD,2014,13,-0.06782445299598419,-0.18676071556825027,-7.340048150412811,-8.991417503022598,-6.247341564679611,-8.367656388448017
XAGUSD,2015,13,-0.06628071646553269,-0.33128136011154413,-14.258783337509477,-18.644099771859693,-12.529097626763132,-17.719822982709896
XAGUSD,2016,13,0.007643571347073409,0.11303163798006151,11.835630794371186,13.910067146983257,12.016938639400708,14.093210064687725
XAGUSD,2017,13,-0.13357605024847077,-0.30910445181229196,-17.13638700517756,-18.298573340347836,-14.767406084290315,-17.398612005684996
XAGUSD,2018,13,-0.03983591595232269,-0.11920791213585395,-4.385581026092936,-1.8455991439187047,-2.2453006309669674,-0.6356596538286208
XAGUSD,2019,13,-0.06282321124380383,-0.06495983543529202,-4.666837699538674,-0.902835945214217,-3.4983616738514445,-0.4043762976663587
XAGUSD,2020,13,-0.050565326369056314,-0.08487122425753901,-4.043801781144379,-7.520691564792023,-2.9107883516127964,-6.778445275227522
XAGUSD,2021,13,-0.0014685508300608214,-0.15721691945625194,-1.5836807721415322,-11.690746586061037,-0.5103007634828542,-11.08096119778991
XAGUSD,2022,13,0.0011091316946215712,-0.01928635690722943,-5.948959914809428,-5.186571212476641,-4.629315070571842,-4.459935521558377
XAGUSD,2023,13,-0.15744658775380088,-0.2810931837067939,-27.380983128228145,-25.26161653642244,-26.31958753282261,-24.724541777056196
XAGUSD,2024,13,-0.07201311694061294,-0.05196242323870557,-6.951222129844914,-0.007805643075901703,-6.025030388026948,0.4140245421202493
XAGUSD,2025,13,-0.058373563586141895,-0.02894143807081531,22.965145818871147,27.30297646040094,23.313155005667447,27.451240525140676
XAGUSD,2026,13,0.08695073054054764,0.08229511997978235,9.642781589761562,5.606403211749772,9.934007533933034,5.8045332205396
XAGUSD,2008,26,0.003541921703949726,-0.022269545994965396,5.249023039096063,5.157894914151034,5.38616056193968,5.301258464466973
XAGUSD,2009,26,-0.049291366399118956,-0.1537484427192147,2.0866328794706406,-2.3981857722255038,2.8873113721442007,-1.600622996439046
XAGUSD,2010,26,0.04355781289724976,-0.002173219900975962,23.36275459501981,16.812976832821363,24.404861335254118,17.49732231399795
XAGUSD,2011,26,0.0698544269382571,0.21790235767755584,16.001670150280166,8.214790691384044,16.134655930889945,8.264262089495228
XAGUSD,2012,26,-0.08714140803888039,-0.2755193843889919,-18.58062259911843,-17.46953666961982,-18.040535718964495,-17.23064191959025
XAGUSD,2013,26,0.0011747921275469509,-0.007742096611387637,10.596847923096327,10.89733588720198,10.807362580805489,10.950931481644117
XAGUSD,2014,26,0.02700878242767102,-0.010065451844081115,4.118902607554016,3.0584608604387378,4.891443070022016,3.3638466585929496
XAGUSD,2015,26,-0.01720962743418154,-0.16443600457651408,0.13846179677566256,-0.035137627378581324,0.8998631398482967,0.5330602834622811
XAGUSD,2016,26,-0.07901049125424169,-0.1811781331934601,-3.7339737730652116,-4.655757647739356,-2.1781008641627126,-4.093926557022475
XAGUSD,2017,26,-0.14891002138197706,-0.2631174057921088,-14.534045681606958,-16.3094644426319,-13.356405416393446,-15.585724301888565
XAGUSD,2018,26,-0.008049353235326958,-0.31099116822750245,-1.0268105331727375,-5.677600560852548,-0.5658723644387926,-5.121500707916614
XAGUSD,2019,26,-0.07131496485118938,-0.03721042037676254,-1.0690971989691818,-0.5692546940786757,-0.5735034682427017,-0.27544144669411846
XAGUSD,2020,26,0.01984764512987842,-0.08955162642594558,16.923367957343164,9.092733426137192,17.795532361069732,9.437417294897129
XAGUSD,2021,26,-0.01059999785625665,0.024206729609336976,-3.1124557348572304,2.9385082753026532,-1.8602637730435152,3.3511897031646813
XAGUSD,2022,26,0.03194640702849654,-0.032834601841823484,-2.1312259939697715,-2.223692507236653,-1.2292132987617017,-1.8844447850143702
XAGUSD,2023,26,-0.08401040228110489,-0.29343486064210206,-10.016200627623798,-19.010252083094684,-9.104199207891995,-18.616661668814835
XAGUSD,2024,26,-0.04007041688026811,-0.1257941804066302,-0.8921989540013426,1.4835027518481472,0.10026744086989245,1.898173392640167
XAGUSD,2025,26,0.03917095693368874,0.04961389383568338,34.53776893933141,31.28087669741264,34.87517029760346,31.63055183894829
XAGUSD,2026,26,0.1166959604222509,0.21169509870286277,15.413045642083134,-0.31677265708926106,15.460942766722951,-0.2710895142260807
XAGUSD,2008,52,-0.08148953206804126,,-1.2452494429421848,0.0,-1.175682434956588,0.0
XAGUSD,2009,52,-0.03602355772948884,0.04132790765834878,-7.510055005305551,-3.199276697302161,-7.407904298792958,-3.027535091852925
XAGUSD,2010,52,,,25.113726787722232,23.51810724515301,25.113726787722232,23.51810724515301
XAGUSD,2011,52,0.016801444478295704,0.18254609533779934,1.252260837053945,4.384758275217637,1.410587798231322,4.437688211860503
XAGUSD,2012,52,-0.0324724129526751,-0.07804925426732848,-8.589245458551227,-4.029997983386523,-8.064580342990185,-3.794160054591914
XAGUSD,2013,52,0.09602659512459637,0.22646696038148037,19.001836577721978,18.69662147468646,19.146284842110298,18.744927853060663
XAGUSD,2014,52,-0.03314337112458203,-0.015484193222775274,1.4462202536150248,3.914645668873542,1.9017030981448237,4.065869759586885
XAGUSD,2015,52,,,3.7896681121676847,4.575631153672144,3.7896681121676847,4.575631153672144
XAGUSD,2016,52,-0.05454565441958822,-0.15052356180127635,-7.245881484444505,-6.8306963173401,-6.5850363854064105,-6.555887205968274
XAGUSD,2017,52,0.07176718220877598,0.07262018882801094,6.170132887995482,3.2625996232077017,6.90350458848461,3.81002627671598
XAGUSD,2018,52,-0.07875008379403871,-0.18191761073083906,-4.349003689156261,-1.8606132609708417,-3.141090518490884,-1.2079978506577178
XAGUSD,2019,52,0.049117351319786416,0.15259344258368815,3.319412490371156,1.5299764121541022,3.416007049199657,1.6251252487217038
XAGUSD,2020,52,-0.038026996749883156,-0.05289439705775639,7.864887219250298,13.609265826444153,8.889122041875538,13.809912286519454
XAGUSD,2021,52,-0.061524615530518176,-0.1271605927275692,-8.595532931778004,-9.706943013483125,-7.628823998204644,-9.386246953916466
XAGUSD,2022,52,-0.004221040084881295,-0.01653796461189446,-5.384273906296684,-2.652398323949453,-4.690398126656057,-2.343579027778576
XAGUSD,2023,52,-0.06745936377662431,-0.12561485860426555,-11.663815096198563,-9.551373169278934,-11.149428743584815,-9.037712737594944
XAGUSD,2024,52,0.048126609958658716,0.06441223618391746,12.10009056914998,13.163991373039222,12.369967589693195,13.296552208259893
XAGUSD,2025,52,,,36.89595525242847,40.45347551551747,36.89595525242847,40.45347551551747
XAGUSD,2026,52,,,-1.3009894120086685,-15.236124571606949,-1.3009894120086685,-15.236124571606949
WTI,2012,4,0.0392964779174508,-0.005354155880129409,2.1601520612101726,-0.34613975099645333,2.8265704309858464,0.044116772927615275
WTI,2013,4,0.01645753810003104,-0.04303418597215463,2.0187720224414174,-1.9051424312558554,2.4905503239087885,-1.6192927627413547
WTI,2014,4,0.0571528812111796,0.10817048904786694,16.936828398485808,14.548419024584424,17.24505107711405,14.70992314668725
WTI,2015,4,0.014809288079130229,0.03160522301909244,-2.7462106869975367,7.158251201023923,-1.258043812126872,7.700553780262767
WTI,2016,4,0.0059429860073985505,-0.21517092986077313,-8.703431303494545,-11.966351709535484,-7.260936763145399,-11.510353518406781
WTI,2017,4,-0.10914345464792054,-0.1184733352872665,-16.06058988836497,-4.3092894632222984,-14.694967062961567,-3.8086177794376224
WTI,2018,4,0.07088912573060412,0.06928203230275509,13.711561987695946,6.92922519095791,14.170715369439204,7.283160868169379
WTI,2019,4,-0.08390625501714817,-0.05456800796984004,-10.28185492619173,-5.331009618024979,-9.49044003972762,-4.961828227104054
WTI,2020,4,0.1670108217156986,0.23064113237980485,45.9558793383364,41.81850220220238,46.655543361822005,42.172262532729334
WTI,2021,4,0.034319004067589615,0.17512162178778043,17.606166427984697,23.24224206661031,18.020144197983864,23.442485359830318
WTI,2022,4,0.01956840226891723,0.1065877420042386,8.467697204810705,11.807317274279068,9.049604229332365,12.051816184006174
WTI,2023,4,0.009681325152606661,-0.005379273246519329,-1.4975440514557612,-6.5498970936418965,-0.7622256384937578,-6.2215079534609155
WTI,2024,4,-0.004920052922341883,-0.22055020310729245,-3.0081372368022476,-20.66045111808956,-1.9877511600861364,-20.163740630980094
WTI,2025,4,0.02850309406245436,0.008477372848504612,2.9604693294122257,6.587632125065763,4.1810627677363,7.025069475554572
WTI,2026,4,0.09965149153859479,0.15050979587122776,43.80615187580645,39.106226028397344,44.461955417660285,39.32298353758756
WTI,2012,8,0.06215154466420341,0.06672006408545297,7.485343261825454,6.65440777645199,7.741247499926561,6.811756098056174
WTI,2013,8,0.012692741802638317,0.07799946207453026,2.057483555805071,3.288110859962089,2.347420772180537,3.4325397623545433
WTI,2014,8,0.13054986716112152,0.2782968406461842,20.568469718359427,18.974427720616124,20.928053497736556,19.18291736846718
WTI,2015,8,0.051079100664838874,0.016160066346904593,9.961938803876391,4.542544068734161,10.72635084087328,5.014313237235678
WTI,2016,8,0.034033681840929204,-0.08390645410391885,5.217189303780774,3.6636268540690975,6.3799837849081005,4.123928183913453
WTI,2017,8,0.010278715397207714,0.12277801793214009,-1.0063169906150449,7.995631926637769,-0.16830314260437615,8.177673841248225
WTI,2018,8,0.022932382299153113,0.16510624839803387,2.1808299942366585,14.233364915997555,2.7736900528728197,14.545863320171444
WTI,2019,8,-0.08671270048975092,-0.19371642829293215,-23.072268536213407,-12.288234193732002,-22.19660316707349,-11.753121508775944
WTI,2020,8,0.10454980851676239,0.1716995096605214,31.336865964320015,26.722015329613136,31.80631065713763,27.067567454045687
WTI,2021,8,-0.03981689909995,-0.17833513059242928,-2.047146469353933,-4.202881812067559,-1.5914692888180197,-3.956690286422744
WTI,2022,8,-0.08218428957835075,-0.09340808971963416,-22.254657810230906,-8.009741543947973,-21.659460227257505,-7.7690501482297725
WTI,2023,8,0.03966677719771424,0.12524059685498035,12.585035426976395,12.397953292266042,13.0689548045295,12.8138655710846
WTI,2024,8,-0.05670211129788768,-0.14188513082342932,-10.4835162615989,-12.643185002810222,-9.795484509458602,-12.32581406387617
WTI,2025,8,-0.01979013793331541,-0.08759951943454768,1.439444614246752,1.8964945820215768,1.7988436047119123,2.1787668317088618
WTI,2026,8,0.027164859293475535,0.18888888888888888,21.532757673567815,40.06536620200358,22.070834177526514,40.38805654357361
WTI,2012,13,-0.034010077504222545,-0.19622378544341001,-6.375614009222203,-7.9890029864809,-6.049741791575011,-7.857958526393739
WTI,2013,13,0.013711837781536527,-0.0440831015022387,-0.26406244373922116,-5.521917462515967,0.030160226455518524,-5.330030739037702
WTI,2014,13,0.1614559379007525,0.2828930717223206,24.48970469009832,22.072730306941803,24.72463055040573,22.16534486424919
WTI,2015,13,0.021675202958745168,-0.011104943410879493,3.5314271402887454,4.939322479248584,4.143428339254356,5.243011933639377
WTI,2016,13,-0.051202062033066306,-0.3406295173922568,-17.101305737179484,-24.324477964328096,-16.565653366276305,-23.894629815357597
WTI,2017,13,0.016272764803419333,0.06455127895823194,2.3303025569229807,-1.4931977378316599,2.6964793828874893,-1.2128492020389527
WTI,2018,13,0.083781519778659,0.24178206810797293,13.654653065528569,18.514099241569507,13.886823901792244,18.74536789505293
WTI,2019,13,-0.0658982895338916,-0.0854016820293798,-11.39356452792836,-10.144893891853892,-10.78780608433201,-9.937237444239884
WTI,2020,13,0.021050708004356055,-0.02818947173530948,-5.190309501814667,-1.8466757002258694,-4.222224334438308,-1.5160148184304245
WTI,2021,13,-0.1479629795047715,-0.29303177430330263,-5.287904474714884,-4.969518529026777,-4.754812642553391,-4.672522028542744
WTI,2022,13,0.014729673179653744,0.010658774200423859,3.4043096656364438,4.855555974844124,3.825562281732619,5.000362169431178
WTI,2023,13,-0.05953963759084899,-0.11020775375559674,-7.962947399577862,-16.971422724207194,-7.537324486768268,-16.666096697269992
WTI,2024,13,-0.025575770187571758,-0.008612538776448218,-4.385737979026948,-3.1934814854226397,-3.7521594726219103,-3.0683612418041424
WTI,2025,13,-0.10797516603488012,-0.26725380285732214,-16.702183314616097,-18.939603146242085,-15.923204416786291,-18.532798788596864
WTI,2026,13,0.11634513737818239,0.20691741061306274,42.82347872804892,44.37549951673505,43.111410300079996,44.64064146686413
WTI,2012,26,0.021248705736641973,-0.027386113469403475,3.1498882243578645,1.815857530252404,3.213003544355706,1.877640246182985
WTI,2013,26,-0.04865773736888526,0.0,0.6286320596652741,2.0514321483363127,0.9275263779800351,2.2461683722266574
WTI,2014,26,0.04053814091081267,0.07629635563654152,18.251550807058454,12.864521099223122,18.370781547032145,12.935006029367504
WTI,2015,26,-0.10077001108019165,-0.2871929392700608,-12.072682766604187,-6.551837663106021,-11.778642964928343,-6.465691417013914
WTI,2016,26,-0.019020345636168324,-0.21653278478430674,-15.169331064590189,-12.648489661039061,-14.623443207096225,-12.499671524610022
WTI,2017,26,0.01524513944293824,0.050174520600425446,4.0353719550001985,-2.5684657769826944,4.319300548658919,-2.2890975614879916
WTI,2018,26,0.1439163790925927,0.35292256169637914,18.262332535652185,20.622907100635906,18.297115225003346,20.657004209201098
WTI,2019,26,-0.04993229847692978,-0.08362420100070908,-22.3902979940758,-14.446441523302108,-21.516979453901367,-14.158126499019895
WTI,2020,26,0.053715438250960486,0.0781069873433722,11.356836372506953,10.033263703989082,11.53969023082837,10.21244691766162
WTI,2021,26,-0.08273927101186732,-0.2943920288775949,10.628138132360487,6.566663402982602,10.826560226422423,6.666524819564578
WTI,2022,26,0.02830773211018929,0.005456800796984004,4.623803196939565,5.940503771603324,4.800295853862958,6.048491354460527
WTI,2023,26,-0.05854767524060459,-0.14793001427928154,-7.411500636589851,-5.906471807612296,-7.1894013019341445,-5.8778492673618485
WTI,2024,26,-0.118822872795198,-0.043852900965351466,-15.483066193552306,-0.708487241304147,-14.743445266371578,-0.5016490077930326
WTI,2025,26,-0.020302961701997992,-0.26755851953319565,-2.1066097979808185,-11.701319005548367,-1.622245939728676,-11.48745016183819
WTI,2026,26,-0.07034338803227284,-0.17040257344605167,0.11984242922968313,-0.9675551439238438,0.4893104451961978,-0.7596599227653189
WTI,2012,52,-0.07222779514854864,-0.11716950070875508,-3.186277538458428,-1.5377478019293502,-3.145699734745376,-1.4973325260317059
WTI,2013,52,-0.027827709308835623,0.0,0.2714985485749484,-0.29838440733564675,0.3450331963373179,-0.27431259630899213
WTI,2014,52,0.16817513019048913,0.29356828197599305,22.352089591984278,18.74713432822577,22.523896857039183,18.865438125549254
WTI,2015,52,,,9.883681634570115,11.896439500684588,9.883681634570115,11.896439500684588
WTI,2016,52,0.008495528948842144,-0.10909215783501075,-8.308959881952662,-10.315802410261332,-7.5356171101423595,-9.954247122021785
WTI,2017,52,0.005504946286470135,0.03871048305693819,5.065627135755343,3.3886418239585114,5.5453482113459405,3.578267952992801
WTI,2018,52,0.06309465353712465,0.161245154965971,1.698334479678187,7.077976005504015,1.824248135913628,7.118859915641177
WTI,2019,52,0.01616292070887359,0.06580782119679492,-9.150858870534252,-8.014483059848112,-8.955951077258604,-7.90195772360179
WTI,2020,52,-0.09229912659417078,-0.2163861697817307,-18.92395289244275,-15.449354330949053,-18.793957623640306,-15.405480538300985
WTI,2021,52,-0.04405083394721822,0.12455047375590554,11.328790343499888,13.042135071759292,11.372199922865406,13.086414142075931
WTI,2022,52,-0.0412813033955777,-0.12489995996796796,3.9218714932167025,3.5953582005999585,4.0449795103155415,3.658656244457844
WTI,2023,52,-0.08490784478434298,-0.09509329651839316,-10.583272832024178,-10.034157048752617,-10.328439808354243,-9.895063263316134
WTI,2024,52,-0.01607719255794015,0.01873954558045293,-2.5799947851153338,-1.4046445736547677,-2.338294102869984,-1.223363961146421
WTI,2025,52,0.007722065279990304,-0.014864362196288646,7.627575195956302,3.9290936961472798,7.816746339036884,4.054994528639119
WTI,2026,52,-0.07441386498935795,-0.2640943472617848,-11.431553581096681,-54.27939136071787,-11.365420680419481,-54.23069419257993
UKOIL,2011,4,-0.12310265656133687,-0.21539167715670982,-5.470119243178263,-14.88718713957586,-5.031538057897167,-14.652308672315035
UKOIL,2012,4,0.012218755637115232,0.2766844650768642,0.46441979913443704,12.772277963899798,1.0128981235175276,12.92010389108007
UKOIL,2013,4,-0.07213219900065465,-0.1738699367801925,-8.173871900223299,-11.12301383898755,-7.553842229201748,-10.778302456238212
UKOIL,2014,4,0.14025400158307705,0.18373416056422864,24.281418548158527,17.47717886876324,24.51516702636779,17.583901302564094
UKOIL,2015,4,-0.0011052896391146702,0.04780212090423536,3.5539762109193638,9.614462104822008,4.629435563545961,10.139613699779536
UKOIL,2016,4,0.0030234808255505514,-0.22372883267634416,-6.2843729520573826,-16.15826075410427,-4.856438757883282,-15.476617922485262
UKOIL,2017,4,-0.11052349953557314,-0.07347056468703998,-14.393243998410343,0.3169557365761509,-12.91594024605648,0.8259003290912406
UKOIL,2018,4,0.06951007773864379,0.09743975315293803,15.627260836922888,10.912982673404516,16.038457141217584,11.136315899521787
UKOIL,2019,4,-0.1082922188654644,-0.12998638367707074,-11.379500208726041,-6.12875179100847,-10.710250372089611,-5.65493560584827
UKOIL,2020,4,0.1510819476921827,0.1383846794278829,33.17079948651345,10.65636245357163,34.225304663783426,11.15295716182995
UKOIL,2021,4,-0.0069760707128208865,0.198088391858309,8.432575471130333,20.06684941559495,9.028705898038952,20.25910135101349
UKOIL,2022,4,-0.03812594463204357,0.08273287946596168,-3.0313032876899126,12.031039869857178,-2.3976834296596516,12.256311027553469
UKOIL,2023,4,-0.0023269060231911488,-0.10976019554265287,1.7716911380915885,-10.119935806598507,2.8144741068656978,-9.80592468243773
UKOIL,2024,4,-0.04600656278117774,-0.2463060426921489,-10.149602792152665,-20.202847212734426,-9.177620246909523,-19.67847538097075
UKOIL,2025,4,-0.026995364513844208,0.03066220703359333,-2.934696893308479,5.959189401479682,-2.067438238439739,6.444281276333329
UKOIL,2026,4,0.09978309839278085,0.33734954246999327,40.740103173430974,52.4668440248051,41.12866084991364,52.671473184539735
UKOIL,2011,8,-0.011977862193136329,-0.009853708734226928,2.0885752063268948,0.07486818868356591,2.463062005824353,0.2654420317801951
UKOIL,2012,8,0.0633380394250463,0.1233466893041922,8.477832312440196,5.796443420200813,8.798918442146189,5.902081351730825
UKOIL,2013,8,-0.10465656168647341,-0.08942812816827284,-12.886854185739727,-8.210154414318774,-12.24905355892651,-7.963254081332537
UKOIL,2014,8,0.050894952212843236,0.06724111481353891,15.735975500136465,14.739860869279898,16.102024191900703,14.974497439792257
UKOIL,2015,8,-0.013335746896768474,-0.029626788302658417,-3.1769485735266465,-1.7288721406221172,-2.4123024370911046,-1.3947963343565728
UKOIL,2016,8,0.020426752496121726,-0.07163503994113789,0.3118924195699076,-0.3677982972711216,1.4442956962772235,0.17236962953820692
UKOIL,2017,8,0.010120949872183451,0.13262633068038787,2.351330862926755,8.230408490398393,3.051475465024608,8.402761001977812
UKOIL,2018,8,-0.025043133324387054,-0.03480201322084116,-1.1587800787035647,3.062808194843982,-0.5417519977065862,3.355361724523244
UKOIL,2019,8,-0.08821325054597419,-0.08362420100070908,-22.451093875106118,-9.403077989527539,-21.35455560885062,-9.146194410071386
UKOIL,2020,8,0.14332281649515982,0.17054435899834183,38.754471518942964,22.672485838067384,39.20369114990727,22.882490064682557
UKOIL,2021,8,-0.0068929748066706735,-0.07030210202883695,1.229013648952699,3.0140374624163475,1.6613415803606613,3.1775043438154547
UKOIL,2022,8,-0.0674484416949363,-0.10675210253672475,-15.711575565603479,-4.29466832893252,-15.238572496564133,-4.063946941283536
UKOIL,2023,8,0.029950776900767036,0.02135042050734495,12.725932295087038,3.761527639127854,13.356693518639265,4.150718333202024
UKOIL,2024,8,-0.05868519264970993,-0.09905188378239406,-7.332961858619602,-9.178670732550456,-6.705660234803214,-8.877662355342695
UKOIL,2025,8,-0.0358425497863588,-0.030307132282789105,-1.1493532055446738,2.736936652240192,-0.626008932584512,3.0117815788172044
UKOIL,2026,8,0.12008699055861644,0.31622776601683794,50.17034433197098,56.15221375220896,50.80239449395366,56.26587775174112
UKOIL,2011,13,-0.02832436227428622,0.02550465531518683,-5.657290588239703,-3.649228069634726,-5.401192804690654,-3.5711558194181237
UKOIL,2012,13,0.005664127709407474,-0.10810843442640036,-3.333516989650393,-6.986011757149264,-3.1531731989743372,-6.901538647281806
UKOIL,2013,13,-0.08181530919255618,-0.1494671386356041,-9.65335957555377,-11.896310955127582,-8.945745153303852,-11.739684834946843
UKOIL,2014,13,0.11025681920367607,0.149099863282195,19.85292627726696,17.57461131903674,20.302671869467304,17.723731090330695
UKOIL,2015,13,0.04024079430773854,0.09532915071149047,8.791326205460674,14.201465265139591,9.230396939197238,14.280268017999829
UKOIL,2016,13,-0.048226170662295474,-0.35196365140546826,-15.925697399575192,-26.376715414058324,-15.144884796948881,-26.03264319227769
UKOIL,2017,13,0.021058712399716177,0.12179969144117253,2.447092710356613,4.471811036545494,2.89097235547038,4.64860587487796
UKOIL,2018,13,-0.012393762236710982,0.008612538776448218,2.8167970799189357,1.3752698803465724,3.300155203850286,1.607166950016015
UKOIL,2019,13,-0.0486999768206985,0.0026896366232596644,-17.467056364762314,-8.699192492431317,-17.070095720449324,-8.589820631032213
UKOIL,2020,13,0.014085678824892724,0.03718636399211964,-2.2080345520186726,3.55765431600184,-1.4444456813442714,3.7614138386676808
UKOIL,2021,13,-0.17557259727591554,-0.37160905490721613,-5.622829330155547,-2.8940211492104857,-5.104967637511499,-2.73135314101935
UKOIL,2022,13,-0.008919443134019114,0.013323467750529824,-2.7729500141201617,7.166511905896486,-2.2288238634726327,7.304875333248737
UKOIL,2023,13,-0.05045493040294512,-0.1763324060089548,-5.15681570577621,-20.270814806098954,-4.758001061915372,-19.98468606830065
UKOIL,2024,13,-0.008248936067129108,0.02543211854551384,-0.8657926783045272,-1.0631379219070238,-0.43421564980247007,-0.9438843965156857
UKOIL,2025,13,-0.10150334106474392,-0.2204155075111935,-15.213535756879939,-15.48355402581337,-14.530038595849257,-15.093330399258774
UKOIL,2026,13,0.09631531768076927,0.29277002188455997,34.64906830992337,48.5382576999188,34.916243053842194,48.656698678270125
UKOIL,2011,26,0.016031541401245488,0.03769709975430364,-0.8019268698578211,-0.29056882358169406,-0.5907445343287739,-0.2579513246202827
UKOIL,2012,26,-0.04784684049653782,-0.33274933713060895,-8.350174524666443,-19.23474405264821,-7.957804361448266,-19.083918580653005
UKOIL,2013,26,-0.06305475445557814,-0.07427081830924354,-4.963021294720839,-5.224824935223868,-4.573184900302552,-5.04662974544562
UKOIL,2014,26,0.042551519642141704,0.04279258384363988,15.305934516060645,13.375717457835211,15.927608191603642,13.610529019413347
UKOIL,2015,26,-0.07244605652981775,-0.25340553465005367,-6.434603415899854,-0.7484884473991535,-6.351162311181087,-0.6692832812621472
UKOIL,2016,26,-0.03590357378512672,-0.2787859604097949,-15.813813544491449,-19.27362979883086,-15.47604201247713,-19.131202691624594
UKOIL,2017,26,-0.032683150814433015,0.07462409509505337,-2.8368713162784087,0.840751652805323,-2.4704860979084344,0.9298005807619533
UKOIL,2018,26,0.10914326834553989,0.28570597994572006,15.293785801417453,15.664455853305814,15.325763544907984,15.69627511987172
UKOIL,2019,26,-0.06596697907093636,-0.08185874846865607,-26.148175898375598,-16.724691380636706,-25.74038207548707,-16.618487847936567
UKOIL,2020,26,0.05429507160673569,0.11312046442833214,17.446734346360095,12.85593642833296,17.613349511694093,13.019821627883323
UKOIL,2021,26,-0.11217594552974726,-0.28306925853614895,6.8187046223643275,6.191047866583175,7.068389317856761,6.286364802959909
UKOIL,2022,26,0.05015595913443795,0.056515818990030754,11.346604949727507,11.62358351365761,11.420138697403017,11.67795764177021
UKOIL,2023,26,-0.08438999554206084,-0.22645723307483617,-11.46020981406496,-11.18052456307628,-11.031424820239758,-11.100971761857723
UKOIL,2024,26,-0.08589245998225283,-0.058075649502082695,-8.758179190253617,-0.5184051442665812,-8.230255660084842,-0.3814627000070112
UKOIL,2025,26,-0.1129659163890885,-0.18332713375422663,-10.331921018583808,-10.590562937516236,-9.931822589188236,-10.385982981890235
UKOIL,2026,26,-0.06334799891957445,-0.2416274785363585,-0.4422784505331586,-0.5337093774478893,-0.2337437286490084,-0.47000983544759545
UKOIL,2011,52,,-0.06843969756351186,0.0,-0.3591655261585857,0.0,-0.3478234569114723
UKOIL,2012,52,0.02275774873246306,-0.1786887097129381,-2.6518115841147996,-4.740261698558764,-2.3195682351223934,-4.571861381655757
UKOIL,2013,52,-0.09228719425036973,0.11896364095486855,-6.373913009223065,4.230185991157565,-6.03488795349811,4.409482797642753
UKOIL,2014,52,0.07679499404616243,0.11694106924093724,17.09943925434653,15.778633369061735,17.593456803573417,15.92982062171153
UKOIL,2015,52,,,12.505386822400386,14.786111096999973,12.505386822400386,14.786111096999973
UKOIL,2016,52,-0.02340719940555956,-0.050245943441706215,-14.731147073026108,-8.673305172496885,-14.118572445797897,-8.343833130949664
UKOIL,2017,52,0.014688913973132057,0.15359840936164934,7.0266434664945265,9.21125319167983,7.312543608456628,9.308509188372735
UKOIL,2018,52,0.043362356433814614,0.08063294761325965,-0.25241674164058275,0.654902761917196,-0.21309341740404428,0.6939235990442211
UKOIL,2019,52,0.03841076023710973,0.16104722950529785,0.39122678436222197,-1.3426373127979665,0.7770510700946055,-1.1019011313195117
UKOIL,2020,52,-0.06038029727880443,-0.1456313269642124,-5.016211641434417,-8.521126897909543,-4.97889824340587,-8.483780078224658
UKOIL,2021,52,-0.05944256214283999,0.0,7.914293059040116,5.968001322272882,7.953810685811676,6.006758708784795
UKOIL,2022,52,,,8.241875200998575,7.667218506119936,8.241875200998575,7.667218506119936
UKOIL,2023,52,-0.11452555569181014,-0.1924870958045813,-16.1979394617228,-12.661932873060206,-15.796467809568824,-12.580690283783499
UKOIL,2024,52,-0.010182795871399265,-0.07307981486470352,-0.406105977557459,-5.233802254374002,-0.06306096324361976,-5.063417096086738
UKOIL,2025,52,-0.006737057270491027,-0.04803844614152614,6.396903803460558,4.569407594598922,6.517808883065867,4.62782742820591
UKOIL,2026,52,-0.03934489526122031,-0.2222222222222222,-5.6996279323869965,-7.828118493399813,-5.510437081963666,-7.767341428233128
US500,2012,4,-0.06458984680746321,0.06643966729694568,-1.7665493493328097,3.85804138145188,-1.195116376037229,3.9881611949034252
US500,2013,4,-0.1060031914104799,-0.2650568985608027,0.9384130040268157,-0.7854884253624184,1.4491066103280128,-0.5473146025331423
US500,2014,4,-0.10239440557871,-0.1582442931720861,-2.377877564168786,-4.22452755053788,-1.9330613561891306,-4.025151190632275
US500,2015,4,-0.12167799070406511,-0.07610736731284697,-9.679298435101387,-2.7117767756562556,-8.839425803763776,-2.4017535921982422
US500,2016,4,-0.02292010927268411,-0.01364200199246001,0.41275199934458556,3.710623645852853,0.9474067014560619,3.9136957122518288
US500,2017,4,0.007466608593270114,0.046972108605711875,4.417858317148641,4.869129402700743,4.614868750959553,4.9648195987836345
US500,2018,4,-0.049523967461458804,-0.23419147673064308,-2.1736561927930764,-9.015849989894603,-1.7912706750356466,-8.859926191479666
US500,2019,4,0.00806026448321818,0.002984963803802135,6.368478229153911,2.194245998846892,6.502000078755382,2.2872194312133205
US500,2020,4,0.01924253399786993,-0.22767586171401483,6.065219783209222,-7.839753182341657,6.334397492281627,-7.695767245200545
US500,2021,4,-0.16430083740179616,-0.1650571091111824,-6.941180487075045,-1.3661320497985068,-6.66669066911707,-1.2393750564815287
US500,2022,4,-0.0026444749737442857,0.06821000996230005,4.0040107039773485,3.089151304581414,4.200743890480763,3.190285647775309
US500,2023,4,0.018870297074917834,-0.017225077552896435,4.318716151498917,2.5093025807089093,4.4930711554457,2.6089116899572926
US500,2024,4,-0.03007608797234377,-0.19779644765472926,2.494839253094546,-0.43866999524494826,2.5850779064134604,-0.38999253487447905
US500,2025,4,-0.005904133558244935,0.014924819019010674,4.08588478228141,5.622418697303312,4.185728801609498,5.665052325625537
US500,2026,4,0.026700020386487448,-0.030860669992418384,-1.084019308855086,-0.1603607220231885,-0.8703485333131864,-0.04436501567421131
US500,2012,8,-0.08530648888204499,0.0066195320729816225,-1.7062230949662305,0.6799197685979038,-1.433305857117368,0.8095062225667455
US500,2013,8,-0.08593361432476392,-0.2439349780254433,4.643265991417306,1.2306196940756635,4.954950588175215,1.423156052009241
US500,2014,8,-0.2208880466249685,-0.38541141400062096,-6.547401224510188,-6.830676286421863,-6.092343171365681,-6.584235629866559
US500,2015,8,-0.16396589820084023,-0.14351003792521191,-11.323694834886338,-4.787764446220046,-10.712888459379363,-4.551268959424431
US500,2016,8,0.030096864050136802,-0.04092600597738003,2.1307494387850254,2.4672135196813465,2.3708741625619427,2.5966833241425604
US500,2017,8,0.01394531627619038,-0.25476233268253407,5.3397587675389016,4.468557867292512,5.437240356721464,4.532799057552461
US500,2018,8,-0.004696509436012666,-0.04572382259541429,0.557370800618814,0.10942818109916133,0.7445934289864939,0.20835916549527042
US500,2019,8,-0.20725912260893445,-0.26379120306895765,-12.629890858956554,-2.11997695657856,-12.296187627554746,-1.9983179307905738
US500,2020,8,0.031033929117517987,-0.06658035993284021,9.677788324467421,1.7285407670402784,9.772329472047023,1.7978542224938303
US500,2021,8,-0.0926129899312899,-0.23777817717036512,3.9283584186368032,5.2742221516366214,4.01936866408738,5.309871523614149
US500,2022,8,-0.04100721055152655,-0.06689936080056726,-5.805170996447828,-5.301019038999093,-5.641962977924282,-5.236277910916389
US500,2023,8,-0.13043516685600715,-0.16672166602059071,-6.725357096652534,-3.4336441666568875,-6.499763473839992,-3.33128216516231
US500,2024,8,-0.11220515201207071,-0.27325610024493546,1.234559481833885,0.14230227245926172,1.3076446969635753,0.1856142058752739
US500,2025,8,-0.02873610205152382,-0.03581956564562562,2.0130468333800615,2.571768840373475,2.1374101398848167,2.6222286301721818
US500,2026,8,0.0014180759891273497,-0.0173421993904824,0.43263347628071,-1.9586908853567182,0.5008739501382093,-1.9158111420371642
US500,2012,13,-0.043756664120633344,-0.18420452894988662,-4.163201306867477,-6.125733655309124,-4.003644290489955,-5.966057596061659
US500,2013,13,-0.03493416314507223,0.0,5.717577035509507,6.604151775135199,5.939567002375325,6.67676707947597
US500,2014,13,-0.06713599473619597,-0.1433474624235727,1.2737527428120832,1.0973722036268572,1.4383118724231974,1.1778044301955932
US500,2015,13,-0.10273346441173356,-0.2833393179059379,-8.53319919880111,-8.834376086517294,-7.941199557702572,-8.61552314577649
US500,2016,13,-0.08019608340765723,-0.21244262315238938,-7.023745798426796,-4.927477585624444,-6.726423141273971,-4.815571654598962
US500,2017,13,,,6.998727539904811,6.900774303344489,6.998727539904811,6.900774303344489
US500,2018,13,0.005404423801456932,-0.008119979429411502,1.2499341901876702,0.5253895685513373,1.4630217438635813,0.6241759543314559
US500,2019,13,-0.12155584331000571,-0.29148762403408307,-1.6534888067211948,-3.5352385417611623,-1.4817808784446815,-3.4165458778684243
US500,2020,13,0.014339329489711663,-0.048825597284082825,5.872815357431038,2.9773476580317038,5.897789356975172,3.0023884397071736
US500,2021,13,-0.14537187084444528,-0.23058454147932547,5.567981803344487,6.466021828944205,5.638129453144629,6.482669670360762
US500,2022,13,-0.12643138405752552,-0.2830369059149179,-11.230633928028686,-10.05656452075951,-11.134640675096295,-9.979921697082373
US500,2023,13,-0.0484873994462837,0.03562626515972126,0.886398660280383,6.007220037321958,1.0177760585489903,6.044149345892889
US500,2024,13,-0.10721125348377948,,6.047744525423658,8.992786186968342,6.062333642402719,8.992786186968342
US500,2025,13,0.011501355614765332,0.02686467423421921,4.559814999363736,4.747222728201394,4.611805375352489,4.760100907181347
US500,2026,13,-0.008807500450139474,-0.08520128672302583,2.187185698059961,-2.7874504314237156,2.232669447900706,-2.7660590674499983
US500,2012,26,0.009654686962585445,-0.011547005383792516,2.79555341498544,1.4125367256223427,2.810658220585384,1.4272775089475687
US500,2013,26,,,10.362306045479984,10.692347026235815,10.362306045479984,10.692347026235815
US500,2014,26,,,4.7041003475104555,5.100593301455804,4.7041003475104555,5.100593301455804
US500,2015,26,-0.05490997318505061,-0.0790130575477311,-3.2583307914473196,0.5547116094450831,-3.0359658345729197,0.572755436312688
US500,2016,26,-0.038309856792916916,-0.1790011735110784,2.7392348876710675,1.7198986092418675,3.0424090863133726,1.8507815669681285
US500,2017,26,,,6.998727539904811,6.900774303344489,6.998727539904811,6.900774303344489
US500,2018,26,0.01967513574443676,-0.15484193222775275,-0.3618326911772668,-4.7043181438674635,-0.17887722066789064,-4.6053575830942854
US500,2019,26,-0.08358400841280085,-0.2835715613612028,-3.4312040402334696,-4.9022962271425765,-3.3370117133828274,-4.861637458073661
US500,2020,26,-0.0764437640360478,-0.16060247051811227,-7.851643898381229,-6.8460565345591515,-7.710053756984443,-6.775215379067542
US500,2021,26,,,9.614124212386754,9.530501320785994,9.614124212386754,9.530501320785994
US500,2022,26,-0.04765143453307118,0.0032387513781564786,-2.3304859555269384,-0.8023802161730392,-2.180421734271163,-0.7198118345900102
US500,2023,26,-0.009572734486725317,-0.13919009279406874,5.006837232795109,1.1418342984053544,5.140804219615832,1.2282420094637754
US500,2024,26,,,8.384555690940257,8.992786186968342,8.384555690940257,8.992786186968342
US500,2025,26,-0.072855380293822,-0.13143436466260822,-3.5406957746207195,-1.1372909378349423,-3.4736799409780446,-1.110915603195259
US500,2026,26,0.017005425596285897,-0.16854019432007689,3.6468639627557935,-0.6457175778955588,3.6702193435330686,-0.6235003912838571
US500,2012,52,,,0.0,0.0,0.0,0.0
US500,2013,52,0.02750444091088789,0.028823067684915684,9.134477653537559,8.776642555594567,9.14775807483927,8.789706493117594
US500,2014,52,,,4.7041003475104555,5.100593301455804,4.7041003475104555,5.100593301455804
US500,2015,52,-0.06683255818362639,-0.21457883867837926,-3.7856536996400383,-6.533222666577528,-3.5754713625943655,-6.439818082671149
US500,2016,52,-0.09913375882898406,-0.23558285872569398,-4.085670928337177,-8.697946439392851,-3.8435370599604415,-8.530484187698237
US500,2017,52,,,6.998727539904811,6.900774303344489,6.998727539904811,6.900774303344489
US500,2018,52,0.10403946219995559,0.08492077756084469,1.9444805938029488,1.9873567936017327,1.959078679383729,2.001958361921142
US500,2019,52,-0.17799850667465394,-0.32129700937258693,-3.53625553440303,-0.227221516478568,-3.415620338644066,-0.1587613441286518
US500,2020,52,-0.0592772358436885,-0.1541074074343077,-4.911766930444397,-3.517125404228212,-4.8044948720681235,-3.464300296436388
US500,2021,52,,,9.614124212386754,9.530501320785994,9.614124212386754,9.530501320785994
US500,2022,52,-0.056085589665535236,-0.05741692517632145,-5.596674890476348,-3.066865667605689,-5.569069580325685,-3.0575889727985395
US500,2023,52,-0.009293711184153645,-0.06890031021158574,1.7327875689358292,2.067719700511508,1.76064146097802,2.0769382253288744
US500,2024,52,,,8.384555690940257,8.992786186968342,8.384555690940257,8.992786186968342
US500,2025,52,-0.045849762599942424,-0.2401922307076307,0.10359709373542238,1.810564436402994,0.11820417244237065,1.8253213368117565
US500,2026,52,,,7.343479151787224,6.071851218615482,7.343479151787224,6.071851218615482
USTECH,2012,4,0.059223493110524855,0.19263329544205493,3.9983683649498674,8.359816946248273,4.9255238690141985,8.561989190934591
USTECH,2013,4,-0.14999006486737315,-0.3772784094155021,-2.97686838148067,-1.9208952767799596,-1.8292090229079998,-1.4355394861800348
USTECH,2014,4,-0.045064611253765936,-0.05574946733380605,-0.8500618084568728,-0.6489337345121294,-0.18013231583417416,-0.3513607009283974
USTECH,2015,4,-0.08059771812473901,-0.2178587053526473,-5.136358469877354,-7.052017934877768,-4.122630150635451,-6.561007708658732
USTECH,2016,4,-0.058007092949005114,-0.26525266136077574,-1.837218698107433,-3.707472292706716,-1.2026073456321675,-3.47989049275147
USTECH,2017,4,-0.07185102218567849,-0.2322628983416291,4.940649200568688,3.5389675031489727,5.224166862645023,3.6993491832390317
USTECH,2018,4,-0.06245506841244992,0.10826639239215337,-2.848461563335107,5.7457647426580145,-2.4063285558664274,5.8632127236747085
USTECH,2019,4,-0.01853602073030501,0.01193985521520854,5.097787017710511,4.913985682757987,5.267451379416871,5.020831716088565
USTECH,2020,4,0.031361156684728,-0.08000543846301296,17.5180584031256,5.78673859836758,17.625743889618885,5.853243709144745
USTECH,2021,4,-0.0688960311804814,-0.0847822751996795,-3.3765489318234208,1.5424664096959546,-3.197430146004457,1.636064183993933
USTECH,2022,4,-0.04413005163884193,0.12150901082856612,-1.4307604449167708,5.8650731554764235,-1.2295654046828097,5.948035721762391
USTECH,2023,4,-0.08004004621704036,-0.04279258384363988,1.505443757559206,4.843239174397163,1.666030155341576,4.902687625152581
USTECH,2024,4,-0.034281210536470125,-0.11743027151427969,0.506573364974536,-0.06656676591993052,0.6532791507995556,-0.016811034003245854
USTECH,2025,4,-0.02274811674408781,0.10745869693687685,2.3727265204115375,8.30231767136689,2.5292627326882404,8.343311586719244
USTECH,2026,4,-0.03914972640956275,0.02564102564102564,-11.483090079989758,-1.7125335999553888,-11.321712898706775,-1.6371267485742242
USTECH,2012,8,-0.020709509217539092,0.16833951532490843,-0.929640713497712,4.244563020982881,-0.28843040050593194,4.403241563043512
USTECH,2013,8,-0.13116964085679497,-0.36799003609699366,7.3124219693806385,2.3744804018650165,7.607562685413551,2.5763145296484944
USTECH,2014,8,-0.10368858631509136,-0.15433692827591045,-2.081124920359117,-1.1684162312886905,-1.8246810024071738,-1.046812209419344
USTECH,2015,8,-0.1276609533177444,-0.22085424007436275,-9.64231604409806,-10.686974763589891,-8.929113214882658,-10.404546540566809
USTECH,2016,8,-0.0482413728501256,-0.16370402390952013,-1.6779037618642092,0.1639904466495835,-0.9448257023052213,0.34307699681228415
USTECH,2017,8,-0.10335173651419599,-0.19215378456610455,7.443619526606054,7.721316000553357,7.6041847889707315,7.801250732467974
USTECH,2018,8,0.016886238400054675,0.12277801793214009,7.7576103583081135,5.819957336244731,7.943861844390292,5.940449497995252
USTECH,2019,8,-0.09780199565658844,-0.20172334444061674,-8.743641303540533,-1.6686747644636573,-8.417631236464256,-1.5278500340205516
USTECH,2020,8,0.024933231491102374,-0.02600955620343991,9.249533917364687,9.203884965749543,9.37502129848726,9.249158507886559
USTECH,2021,8,-0.144203650963803,-0.3074968854384294,-7.147193954524217,-2.7847950353937656,-6.932385876346102,-2.6852076372967173
USTECH,2022,8,-0.05495818276732481,-0.09253387791786617,-6.651310744725434,-0.5213618798151014,-6.418861955823169,-0.42173117829971424
USTECH,2023,8,-0.11061430552695004,-0.08357898650645977,0.24226222812945278,3.2812792637581003,0.40991041813355455,3.3574773713369384
USTECH,2024,8,-0.06779522123287153,-0.1778229825787664,0.9101859679294279,-0.7029935347116397,0.9711992309759853,-0.6777675972884375
USTECH,2025,8,-0.05140401795170627,-0.014924819019010674,0.3323934365604904,2.6508174174520653,0.42535153747636645,2.686545052503696
USTECH,2026,8,0.024130854453292012,0.3267686915507325,3.8154585278195414,17.509073977209052,3.945237735496679,17.535435759697517
USTECH,2012,13,-0.08324327071131891,-0.14937242562007166,-9.312975357582156,-6.157082806540129,-9.144870993980554,-5.996417463910836
USTECH,2013,13,0.07151403451571793,-0.03843075691322091,10.601507645840869,8.198871957530853,10.734182408517517,8.24085656429463
USTECH,2014,13,-0.13952332403840895,-0.1432287873106713,-0.5143240252231853,-0.5467127841416209,-0.06960941455348472,-0.29354209919491425
USTECH,2015,13,-0.07824544320824967,-0.3527808243455094,-5.094764257294952,-13.254188298055956,-4.834634086090911,-13.049502471508038
USTECH,2016,13,-0.15337532807352922,-0.272764190545102,-12.899428195592458,-9.538561827931101,-12.595381330781766,-9.337148155130443
USTECH,2017,13,,,10.8597628869782,8.432732962976335,10.8597628869782,8.47949049614433
USTECH,2018,13,-0.02486631657311961,0.0760116950066092,-0.512769578873027,5.378325318331557,-0.3212570941843795,5.429432286277317
USTECH,2019,13,-0.15795858211798677,-0.21051883958017112,-3.0387419011017287,-0.561810174770234,-2.8074823482680378,-0.4539620521426962
USTECH,2020,13,-0.05860318379342255,-0.14275480196341528,-0.6583748531101579,0.36413271841567485,-0.5790060962649459,0.39024348253535335
USTECH,2021,13,-0.10438863195120467,-0.11888908858518256,0.53196484961214,6.194622563118701,0.617319698685832,6.2270633638287185
USTECH,2022,13,-0.06843164142960988,-0.20512224201231183,-1.3171371054163203,-5.425440603269861,-1.2542842930199667,-5.380008309594747
USTECH,2023,13,-0.056336967429119186,-0.04029186896670411,8.722398653780823,8.76606748949516,8.813220405950881,8.791347380908498
USTECH,2024,13,-0.13966977481285642,-0.26429688384346217,-2.9634219835267563,0.1966672119732289,-2.8651177620541213,0.2334972970241884
USTECH,2025,13,-0.004477822376862815,0.058075649502082695,3.7059054486099225,4.807784639685759,3.7168883548670095,4.818728721286011
USTECH,2026,13,0.08954099646999719,0.16865480854231357,9.993348050697817,5.315318752316178,10.086628572380327,5.350146137508899
USTECH,2012,26,0.027449324313935722,0.029346647098981167,3.4596425183152584,2.058856409595239,3.766657225786824,2.2660361335696244
USTECH,2013,26,-0.12136099523783762,-0.02709733813985673,5.222812122690928,5.105989522547848,5.833831874017758,5.3574717767182
USTECH,2014,26,,,7.142155852382766,7.5468253816793975,7.142155852382766,7.5468253816793975
USTECH,2015,26,-0.01967613679100463,-0.11450176010113534,1.1461889551194457,-1.0587607859561614,1.3042876166190098,-0.9538787961958954
USTECH,2016,26,-0.025863777555283286,0.005510387687779838,-0.37465445104428435,-0.21946155739357504,-0.15943581853582336,-0.11447804709278152
USTECH,2017,26,,,10.8597628869782,10.727719055676324,10.8597628869782,10.727719055676324
USTECH,2018,26,0.017385578853567372,0.013438824602209942,3.0641301894214537,2.4798886054049047,3.1153649997255783,2.4975773034235695
USTECH,2019,26,-0.05141532313740449,-0.18339678790131378,-0.599021187403897,-1.5445543503812613,-0.5836965811341542,-1.529331440860461
USTECH,2020,26,-0.13504887620338724,-0.21707311000326002,-8.256577396091298,3.14044354033712,-8.135623761057413,3.1703929312160866
USTECH,2021,26,,,9.888727703360601,9.685791247277322,9.888727703360601,9.685791247277322
USTECH,2022,26,-0.1615866119832936,-0.17550294029241237,-5.331619511465807,1.9527069403847563,-5.256827615844309,1.9765329772696814
USTECH,2023,26,-0.0200682358788221,-0.1886912706099453,7.971356311772353,3.342641902270024,7.999659538826154,3.3709923793924537
USTECH,2024,26,,,9.181006084424993,10.091305867632133,9.181006084424993,10.091305867632133
USTECH,2025,26,-0.06050630099840538,-0.10988691536373847,-2.8464609824221814,0.27894153987585946,-2.767396236011445,0.3123212172698481
USTECH,2026,26,0.013975424859373685,-0.13643730016387176,9.54088456446836,5.485120282639282,9.578490132136494,5.503249704709333
USTECH,2012,52,,,0.0,0.0,0.0,0.0
USTECH,2013,52,0.019118830223303702,-0.03843075691322091,9.886923992050766,10.298645613319987,9.996124746690265,10.319637916701872
USTECH,2014,52,,,7.142155852382766,7.5468253816793975,7.142155852382766,7.5468253816793975
USTECH,2015,52,-0.05073347670833065,,-0.004522730494179787,3.300101232002857,0.05191239283354431,3.300101232002857
USTECH,2016,52,-0.08154203166065288,-0.25714697640463996,-9.302296755710598,-11.41776910474679,-8.50605341739444,-11.052673759336674
USTECH,2017,52,,,10.8597628869782,10.727719055676324,10.8597628869782,10.727719055676324
USTECH,2018,52,0.023117981223321257,-0.21136916302271502,0.5143075842986078,-2.8956701312423356,0.5325457901493946,-2.8765646936819627
USTECH,2019,52,-0.1319985106940798,-0.2956541412486187,-2.3107631043312056,2.9026907549826295,-2.1394939428449327,2.951681391285483
USTECH,2020,52,-0.11877753526927913,-0.3264853362798571,2.7845785759603046,2.5364888340497775,2.878483928111578,2.596381628522896
USTECH,2021,52,,,9.888727703360601,9.685791247277322,9.888727703360601,9.685791247277322
USTECH,2022,52,-0.04361090027882954,0.014924819019010674,0.4222519046762789,2.068601666665812,0.4472142271636398,2.076909759689448
USTECH,2023,52,-0.0024123732256339475,-0.08899623402329825,2.460872800562759,1.9729685485530222,2.487240442606847,1.9816773281646218
USTECH,2024,52,,,9.181006084424993,10.091305867632133,9.181006084424993,10.091305867632133
USTECH,2025,52,-0.09757755486576652,-0.2401922307076307,-1.9605898314897112,1.9442486706465063,-1.935416303724942,1.9570673275197663
USTECH,2026,52,,,15.070497754803586,13.088116118150591,15.070497754803586,13.088116118150591
BTCUSD,2017,4,0.013120167548355634,-0.03305660946699503,57.46109706865768,78.87472793050625,68.58552676491368,82.25454978636662
BTCUSD,2018,4,-0.04493940871379151,-0.14325280982014812,-1.8858290343628492,-9.666731722867969,3.256351313173742,-6.9303093079147535
BTCUSD,2019,4,0.047336708324702825,0.06455127895823194,2.0009295756873193,25.32779222506247,8.8172642704619,27.424791513167666
BTCUSD,2020,4,0.027327201694878723,0.0947379265409304,40.44981950689061,52.537682262339246,44.34460723153294,54.079235291698325
BTCUSD,2021,4,0.021597116864000704,0.13108504266201962,15.054106442734502,44.43586689198163,15.993149979813895,44.669294373215386
BTCUSD,2022,4,-0.0650744697036646,0.028708462588160726,-9.321099595076852,16.163134372963334,-7.158463982354382,16.978055706040273
BTCUSD,2023,4,0.03797928519661989,0.0027874733666903026,18.020965603824138,-2.7428026288979983,19.076615909662188,-2.120825338641639
BTCUSD,2024,4,-0.024875496806352447,0.12277801793214009,0.27211605714827486,22.63119872631414,1.0406054772621256,23.027240666293245
BTCUSD,2025,4,-0.02720847123129215,0.1708033640587596,-4.250643274946404,19.41604504845071,-3.723184634383983,19.616910241348524
BTCUSD,2026,4,0.04717362365076704,0.08717948717948718,10.038046585817998,13.848333381067542,10.702510214447543,14.116243581100376
BTCUSD,2017,8,-0.09177303581487165,-0.07346954262012564,54.97259119242102,89.11039045439172,63.538920411671725,91.06483039620908
BTCUSD,2018,8,-0.08978136253076055,-0.13189560153447882,-16.758173547475234,-0.2258208175957132,-12.74292716155138,2.031862897062393
BTCUSD,2019,8,0.1714309627217372,0.23558285872569398,45.61579472927155,37.38584621546855,49.28372263737955,39.98164654834329
BTCUSD,2020,8,-0.00262210984879297,-0.3221401682431753,19.935897059121547,-29.169169332241584,21.9242729445612,-27.959475057771627
BTCUSD,2021,8,0.06244465608265052,0.15414080078774917,36.24706009353434,52.20325298638619,36.438322601293684,52.297477736804225
BTCUSD,2022,8,-0.03780932248964053,-0.12229989761755714,0.27926470266251374,14.47099433091092,1.6527497680749461,15.2110840570381
BTCUSD,2023,8,0.06823275445168969,-0.06431758808251548,26.75479266250352,12.726444119387754,27.006826552289727,13.028188784571743
BTCUSD,2024,8,-0.05214067223308516,-0.2280350850198276,-1.2426941533292268,-7.275316627607496,-0.5515575098033108,-6.965578308352169
BTCUSD,2025,8,0.035034145814006656,0.026688025634181187,8.065197708431162,-0.6521618988286763,8.330333954668513,-0.5176801150912401
BTCUSD,2026,8,0.040669166204507536,-0.10240393057089615,5.598560795909968,-7.3133965453676595,6.026170831368117,-7.160096145115785
BTCUSD,2017,13,0.01473536995052682,0.019539378964458978,95.4253750181478,97.49809391171017,95.8063273991002,97.8259934039578
BTCUSD,2018,13,-0.04529469714828885,-0.1607939702062887,-20.166652395529514,-9.34684737519017,-15.518744661871652,-7.33610092926091
BTCUSD,2019,13,0.16931254662004802,0.2097916566142538,40.51141863064594,37.70121607620322,43.63371460314526,38.29755153692529
BTCUSD,2020,13,-0.08933624151156204,-0.36373696267093897,-23.06743999609419,-18.557961339688553,-21.044101059212878,-17.262237628457868
BTCUSD,2021,13,0.03520325467052147,-0.10110667499703534,25.250012318032752,5.129904716799786,25.364424786277592,5.263474500499241
BTCUSD,2022,13,-0.08144554413560237,-0.18332713375422663,-8.98560957066997,22.9370995978341,-8.062499369959033,23.28402277377662
BTCUSD,2023,13,-0.07039138848770721,-0.20894746626614943,3.681079906218783,-7.211873011579471,4.1281366431906665,-6.597603117117966
BTCUSD,2024,13,0.019076074907176742,-0.05966705783702613,17.96012564400822,16.567988593200653,18.265568572455603,16.80920308797066
BTCUSD,2025,13,0.03328717249756043,0.08875800856756892,3.22491990881065,11.42067259635839,3.343421090821585,11.46524947247698
BTCUSD,2026,13,-0.0004575735410331623,-0.3553345272593507,0.29696547598890255,-11.997177446126111,0.4126711925149022,-11.911683310550075
BTCUSD,2017,26,0.03363550079834712,0.1634781732286361,61.4467756467459,54.968002645921636,61.657377335771436,55.14678941677331
BTCUSD,2018,26,-0.005340197144074336,-0.08730881275174407,-1.5612118681671616,0.5562621649518357,0.08148878968973186,0.7647314376233901
BTCUSD,2019,26,0.015548332744459215,-0.112089707663561,-4.611512805253079,-18.813811753209684,-3.5945419872917057,-18.383823822450328
BTCUSD,2020,26,-0.00047063510106540486,-0.17282334873479877,14.706974106732048,19.187750600511222,16.107739908403587,19.34246158878181
BTCUSD,2021,26,-0.04426752567215324,-0.16336315042987362,-6.509868850839396,11.916449563052405,-6.100608961227655,12.125671667996173
BTCUSD,2022,26,-0.020793005473897713,0.08918617317773188,17.375834672140055,20.82603799806828,17.7984438778139,20.934876620223744
BTCUSD,2023,26,-0.09859649984287651,-0.4361695799101817,6.017021480266586,-36.74241397058869,6.845392351241666,-36.18755135284385
BTCUSD,2024,26,-0.012728998700960231,-0.07354991780818255,11.68726439160964,23.30700732339374,11.858394306214407,23.355565425864633
BTCUSD,2025,26,-0.016822281876406806,0.08268982305947231,-2.638321522661919,5.065296894213162,-2.493281251204283,5.081572312041792
BTCUSD,2026,26,-0.03955769689652195,,18.257675038077736,25.95080353946012,18.32470857078406,25.95080353946012
BTCUSD,2017,52,,,0.0,0.0,0.0,0.0
BTCUSD,2018,52,0.04747322697254456,0.18315041037379884,10.289172584546844,7.9231427455188825,10.950453696516696,8.259477662853149
BTCUSD,2019,52,-0.13438292761744894,-0.22100043227785218,-34.93734223234198,-30.66774300837866,-34.098169171950985,-30.476788704698304
BTCUSD,2020,52,0.011282202644388782,0.03096838644555055,0.5351639570746861,39.45812191185178,1.1625596742966289,40.0259374277189
BTCUSD,2021,52,0.01862143836051789,,27.85173925019939,37.942646698218084,27.91079850727408,37.942646698218084
BTCUSD,2022,52,0.022010425659452142,0.15678628702578265,27.63847301251481,26.93393799766039,27.804113139649786,26.970218617369657
BTCUSD,2023,52,-0.061093859070714684,0.04551032498109997,3.7313217937889607,-2.093250822237739,3.882652799691499,-2.0346751197320163
BTCUSD,2024,52,,,26.058186115734838,36.05018343122172,26.058186115734838,36.05018343122172
BTCUSD,2025,52,-0.015298169455983167,-0.01791843280294659,-0.46027479189482595,-2.6285180039745715,-0.41128314483376516,-2.6104342850360727
BTCUSD,2026,52,0.08168075586756243,,23.204374759070657,25.95080353946012,23.274899240851365,25.95080353946012
