sym,P,sigma,abs_mu,trend,year
EURUSD,16.116568518764424,57.83185309014938,16.422479299732455,1.8205671672713541,2008
EURUSD,9.453978285680254,59.07216781436864,8.11406876147571,0.8711655670185403,2008
EURUSD,-2.281504150072628,53.880487064991314,0.34508327964311025,0.05857293750685747,2008
EURUSD,-10.601523564318356,59.33557876182167,0.6766464212271381,0.09268648080658777,2008
EURUSD,-11.375007690046504,59.339975373499485,1.2675028322030788,0.1572228351240668,2008
EURUSD,10.566024504662304,58.81674806543989,10.535700102312852,1.180191562036862,2008
EURUSD,18.98637184666002,71.16430896886419,18.96207478806636,1.7510560915091495,2008
EURUSD,20.81803754281127,93.65799770712523,25.710551034655847,1.81101452504453,2008
EURUSD,26.38482493652877,134.45270379427595,31.277338428373344,1.552448900171357,2008
EURUSD,30.05157686308186,152.10732067753287,19.48501123642331,0.7815779047644658,2008
EURUSD,3.54832490721738,125.53989495534096,10.4467808137303,0.49947387443506963,2008
EURUSD,-9.005393288881603,94.65718106164461,26.536089089675897,1.8493720802289975,2008
EURUSD,5.7634242979946695,90.52187251846752,2.961381121391062,0.24069909029565623,2009
EURUSD,6.1891944064748365,103.27519689217958,7.938767615254911,0.46551394065623225,2009
EURUSD,2.626773698813587,104.17599781462107,10.698764947285108,0.6324771553169514,2009
EURUSD,7.20290351333153,85.93996448796153,15.274894761803052,1.1238517393114253,2009
EURUSD,-3.7615948606191294,82.17518532199908,7.180407242562071,0.5400852855120728,2009
EURUSD,-15.345903971859373,71.68794315744591,0.3251598013859214,0.00670411094020753,2009
EURUSD,1.355979514203833,57.70936686334719,9.63162890336026,1.0628787327794087,2009
EURUSD,6.218146568792804,48.22026644441928,9.764734287885142,1.2964964394224558,2009
EURUSD,6.186098969143207,47.75594793160742,6.186098969143207,0.8241216470875817,2009
EURUSD,-4.189160413138798,57.59271307672998,2.442816026438498,0.2566169709013369,2009
EURUSD,-0.5160266445406553,55.969197193575134,7.164911229293984,0.8476822816097284,2009
EURUSD,0.968934449529727,49.60415656706556,14.425974394177224,1.9018571943980587,2009
EURUSD,-0.7802394746976624,60.99869119094781,12.080510560242418,1.3035797239492086,2010
EURUSD,-1.794132167149192,64.11842380340002,6.480604715452425,0.6755365111649607,2010
EURUSD,-10.285561200571987,62.89188924269355,6.989987132809643,0.7404827984482465,2010
EURUSD,14.835617117041052,91.11618512650219,23.836428567821063,1.726344129508448,2010
EURUSD,13.592044548852371,91.4631274219118,20.29606325728102,1.468599221256037,2010
EURUSD,-2.347340044042913,72.1864501773009,13.953288803423652,1.2290857211868869,2010
EURUSD,2.965977258112555,75.29584296310762,10.18893249649047,0.8527296242554153,2010
EURUSD,8.484494995349863,75.60099134008999,9.13212309133665,0.7585533886564233,2010
EURUSD,16.022921965565647,80.51422862858135,22.168462442015212,1.7570500923075645,2010
EURUSD,15.013145136588756,83.5824085148189,1.4821133664014297,0.14137651413888966,2010
EURUSD,12.060360222555587,74.81662800028819,13.949037060056245,1.2328332727823292,2010
EURUSD,2.250596270920999,74.61933704166897,1.6813604937411455,0.12245315653307114,2010
EURUSD,1.5698818537102723,69.6125396467318,10.514784856152067,0.9563818214516335,2010
EURUSD,6.5201522144410875,58.428243092184786,13.092467654186141,1.432776262781772,2011
EURUSD,5.00047029367334,56.389473955972186,11.572785733418394,1.3114658629434603,2011
EURUSD,2.7136013782813935,68.46384824259307,0.9320147928381413,0.06648969184266615,2011
EURUSD,-13.62859049505458,79.01238699520559,2.412677993253599,0.223011376635919,2011
EURUSD,-20.47769293796434,77.67907062279193,1.4399485645075867,0.1447249216115219,2011
EURUSD,-19.58931063801452,85.70404951070154,4.285144107168245,0.2968653890085494,2011
EURUSD,-13.048914465095027,83.24382073583531,7.738328533992726,0.6290781248251602,2011
EURUSD,-1.9989342298346309,79.22275597173402,10.828245185115756,0.9113908727693127,2011
EURUSD,-12.053473932329753,94.55123439060449,0.8383967051078007,0.0874262574887391,2011
EURUSD,-6.341009867081813,81.93357734603285,6.550860770355741,0.5443145978261538,2011
EURUSD,14.906431417880713,62.01774232183435,14.906431417880711,1.5785620323020513,2011
EURUSD,7.423498658208468,64.92921661280873,2.24849968149487,0.24503656625677636,2011
EURUSD,-6.2827266766464795,57.35551804712406,6.933308240390909,0.7650057239633502,2012
EURUSD,-12.92789936600329,54.00810229125166,3.21077250245827,0.4024511172185619,2012
EURUSD,-17.9524906333367,48.14721576504039,0.943558861284864,0.142257605803663,2012
EURUSD,2.5496022327991232,46.41948004523151,9.867796592862563,1.393070219240565,2012
EURUSD,6.523245769762566,56.68539027425931,8.707568849866728,1.0138643676677361,2012
EURUSD,-0.17458722598573861,58.80729838264688,5.366302590537899,0.6101116211537632,2012
EURUSD,3.029197782361068,55.60511585039443,1.6487661930412285,0.2097273626221649,2012
EURUSD,6.133134706611517,53.8541052101892,11.931061189188954,1.4179790720404053,2012
EURUSD,-1.588674270399293,50.46262762093059,7.573045635023701,0.9563017805854853,2012
EURUSD,-8.765659121616713,40.695282546789926,1.5226233102554914,0.22959172137297595,2012
EURUSD,3.445239674118888,36.05070628315613,5.914396302985335,1.0514999018517917,2012
EURUSD,-1.51042203132568,46.62633437231146,7.897524611318212,1.0825588270293334,2012
EURUSD,-6.172999251374925,53.841794361086954,0.5327017653879625,0.08114487019342521,2012
EURUSD,5.311943642273834,56.5568596458581,9.108502335066294,1.0621357200402022,2013
EURUSD,0.29371949799156993,54.770521127400706,3.420970300476326,0.4222078453591592,2013
EURUSD,-4.721724508546582,45.763820209553344,0.17372998198970196,0.039097724539473314,2013
EURUSD,-6.6559436501746765,47.60752712037686,4.3538534565292935,0.5775038274786257,2013
EURUSD,-11.13349238064369,63.4582628660236,5.705666601224327,0.5626083107877018,2013
EURUSD,-0.06695089355936672,58.123623760670746,2.065936700799475,0.21209041131599052,2013
EURUSD,0.7017134075001016,35.84221285600854,3.9073041035178484,0.6950184780240587,2013
EURUSD,-5.793753557210453,37.34272217401212,3.4003648730017497,0.5782334825463015,2013
EURUSD,-4.966723088838252,43.64787079457122,1.6795798175683356,0.2355700361702653,2013
EURUSD,-2.3198998551548664,43.39190154081869,3.9076802045527934,0.5697800672721063,2013
EURUSD,-1.799646437360659,35.99797768809955,3.9753071792515096,0.7041345096967521,2013
EURUSD,-0.8566897328758609,36.57568027429549,1.7330920317400915,0.3186808974086635,2013
EURUSD,3.732510949250208,37.41020949605761,4.105453328987987,0.699251458606324,2014
EURUSD,-3.618086433213103,33.677688036156134,4.380004501823219,0.8320394604532088,2014
EURUSD,-5.078275143700899,28.124175618118688,2.491994270389771,0.583220098974561,2014
EURUSD,4.576770881967023,23.16031237041819,5.070994086429611,1.426666416168494,2014
EURUSD,2.010599957053107,20.54746463360958,2.390345428839895,0.7605145364834184,2014
EURUSD,0.2201440704144528,20.159057418807233,3.734757701902807,1.2072579685823457,2014
EURUSD,9.131430117102521,32.04491420328855,12.266298276804084,2.492467113313612,2014
EURUSD,15.812252092150853,42.860414854661,15.812252092150853,2.406446062046627,2014
EURUSD,3.3054342551619507,53.06555334917523,8.0588757071797,1.001391990436565,2014
EURUSD,-2.5148035269886337,55.37763593544962,2.276757254540605,0.2839882341994806,2014
EURUSD,0.008646921855166684,53.14785983905755,7.499208284708281,0.9316453304098263,2014
EURUSD,13.481884833723816,65.98695462012894,20.93432686706544,2.079189997431493,2014
EURUSD,10.108997969789263,73.75772433667534,18.135793182671577,1.618419292128746,2015
EURUSD,2.4138790656097506,89.98323936411637,10.440674278492063,0.7808243344350809,2015
EURUSD,-2.5012351667670343,88.25604962187596,4.545370557005456,0.3617583444601301,2015
EURUSD,-12.074141016102999,73.63433729292345,1.7617097148813263,0.131750822311485,2015
EURUSD,-9.05382488074329,80.62895465649326,5.361352103987762,0.4053769409944798,2015
EURUSD,-5.475261503375417,71.87323498488786,2.073558849608285,0.16426469104195213,2015
EURUSD,12.86513123805169,67.02430011240918,8.121303247265852,0.7638019881628063,2015
EURUSD,9.105963135669269,71.74057242032006,3.2486189998442994,0.27073950308821215,2015
EURUSD,2.869523750289327,58.8181610527064,4.700225713072566,0.5366831132213306,2015
EURUSD,7.061318235144427,61.18394576719363,8.412430962211019,0.9109366455054527,2015
EURUSD,-3.4166980129119393,76.2166136461138,10.063278304779484,0.8801778577680732,2015
EURUSD,-7.169024780601402,65.13028297232962,4.270998899579217,0.40449842607759307,2015
EURUSD,-1.177514572735192,55.5145947834624,5.723061535792882,0.6504143943392152,2015
EURUSD,-9.774923078585678,60.75105235626618,8.855004021511029,0.9250757700260951,2016
EURUSD,-11.667225507505995,49.967857914186105,3.5634701896859413,0.4463429349827187,2016
EURUSD,-7.812065692915749,39.4263639801613,0.07379158518014009,0.00034588227933379757,2016
EURUSD,-4.345517552105844,52.862673224564865,1.388216959357726,0.18687471743627687,2016
EURUSD,-2.7790447953881054,61.26925529888372,4.494543326827173,0.49493957885652046,2016
EURUSD,-7.264156278052487,52.99699511239026,1.3983173662884818,0.18786353778545128,2016
EURUSD,-0.7770064430091457,41.382326086906694,3.0038383919726392,0.457272207270361,2016
EURUSD,2.3109704948607983,36.493233009192096,0.11417457515010343,0.00873033688476245,2016
EURUSD,3.227438085486731,39.16496930834277,4.50639205610181,0.7582586557895664,2016
EURUSD,8.173478602198372,48.51462938531187,8.173478602198372,1.1076566605063332,2016
EURUSD,8.93066239541707,60.6920563440246,8.930662395417071,0.9732607015919639,2016
EURUSD,7.73169938350397,58.864551695051475,0.6686668572196739,0.05500399670710659,2016
EURUSD,-0.2411072950176298,44.83344146109979,0.4639997214088487,0.08123816741498131,2017
EURUSD,-6.628560071024275,45.188094780109274,2.2058806679551397,0.3306561572002451,2017
EURUSD,-9.726768011257473,46.15020018442382,6.963078304450743,0.9629227550126617,2017
EURUSD,-0.6597125538315257,47.55606884637428,11.754918979363358,1.585984027629057,2017
EURUSD,11.69673122782342,47.310999767987546,11.580164721290684,1.5704436779684603,2017
EURUSD,12.790429561303513,43.807213276193465,12.673863054770775,1.8599547511182049,2017
EURUSD,11.18617691854229,43.66151231415223,11.18617691854229,1.6456722361736138,2017
EURUSD,2.8877484844600665,46.6532745441978,1.330004003362848,0.19953787430220538,2017
EURUSD,-5.281444616519438,48.3518659647417,6.580585735092888,0.8976575139999364,2017
EURUSD,-10.52762121567294,43.514469070471236,3.6911542586563826,0.535845696849587,2017
EURUSD,-11.310837697471303,35.31691780326847,4.787719518647136,0.8672073271903286,2017
EURUSD,3.273007118731066,41.69606017098329,7.553979716931005,1.1605051402239954,2017
EURUSD,8.713978015480992,49.69167638787301,8.196557502642355,1.0528556523484371,2017
EURUSD,-3.9409409586282544,48.74761572904947,0.4118098449934757,0.039321942761701464,2018
EURUSD,-6.854555990957754,41.850311632743974,0.16692056335233463,0.012607796210497001,2018
EURUSD,6.305511870074796,38.06192489709605,10.470628242141263,1.7958134206365928,2018
EURUSD,13.71783481615054,51.65656028197752,13.756598021805626,1.7435030775527947,2018
EURUSD,-3.719852366557537,52.364098136586875,2.811599485345436,0.3646565470884755,2018
EURUSD,-6.474291142914196,41.826245226484744,4.399758375069473,0.6951136979604963,2018
EURUSD,-8.88299535720641,43.93194959770365,0.36004107160681975,0.06702339008168309,2018
EURUSD,-9.920974242487997,41.19135122401785,4.461066554812847,0.6886907819961642,2018
EURUSD,5.824906802085492,42.47999477812298,6.3843757270281065,0.9877602257847198,2018
EURUSD,2.176757326493681,42.98966556110147,4.271465660159378,0.6576725780979039,2018
EURUSD,-13.017453666050615,46.6724548604619,4.222598161123962,0.5714336619375758,2018
EURUSD,-15.90161064454257,44.39225468316987,0.9906435560302642,0.15868392000270012,2018
EURUSD,-5.455326391624167,33.337444356734494,5.152539089251613,1.0124651604035273,2019
EURUSD,-1.0428408987465285,32.62338634651811,1.1116986465198848,0.23119215015332303,2019
EURUSD,-1.1266049769930393,28.64183756120759,1.2618261288137114,0.2945954637918046,2019
EURUSD,0.7986941776248689,25.814152067924287,0.24377955148720726,0.053036436447547394,2019
EURUSD,-1.0404349266172195,31.372792127703594,0.5960007760002786,0.11319134579749092,2019
EURUSD,-3.415412375812655,37.96159151476305,0.6424014423168856,0.12166757440695707,2019
EURUSD,-1.0792888829480465,33.028988678565035,5.330562418290727,1.0566413278612874,2019
EURUSD,1.4994096646388348,29.94275211154182,5.988005039581316,1.3058961489708012,2019
EURUSD,-0.20691523908926435,28.897262349501794,3.9925589691924834,0.8860890176890365,2019
EURUSD,-4.465450683270222,21.860806725502957,1.204368550927336,0.3501045809500744,2019
EURUSD,-2.9377659238840628,27.20642465066675,0.998896966440822,0.22932510847218474,2019
EURUSD,-3.661841781627571,28.31537541032303,0.1904007307386369,0.034620123234766424,2019
EURUSD,-1.8245431555976213,25.749211168745035,6.754754800294179,1.7088069991495372,2019
EURUSD,-15.057483353487788,71.55276162825744,0.8012896931368165,0.04983412415219761,2020
EURUSD,-16.271777584926735,78.42776197140685,1.163933177701201,0.12109704990616259,2020
EURUSD,-5.4102937277479635,47.543026260426885,3.0545313455792087,0.4314828109548398,2020
EURUSD,1.747317903368182,44.50577189918593,10.707014982208,1.5442259243589216,2020
EURUSD,9.987651971038423,41.93137420437693,14.15255522327664,2.172582543090264,2020
EURUSD,7.382661606205986,44.14901385541278,11.547564858444206,1.6801656412049941,2020
EURUSD,3.680826098377765,43.81951812046873,5.668686421715205,0.8242827800839001,2020
EURUSD,-4.339539840670827,36.26422362702146,1.9743080481681745,0.3643368326655569,2020
EURUSD,-6.841683281494353,40.554898727476996,0.5844747871613667,0.08058404936083248,2020
EURUSD,1.0443782612774222,38.0966653442576,8.575877184029201,1.4462345989653038,2020
EURUSD,6.71754302718543,36.94025765599569,4.268791256570923,0.7370814698203403,2020
EURUSD,-0.04323538506148082,35.93373903815185,1.1915425505971107,0.2262839666885899,2020
EURUSD,-9.308565700280152,35.43630071777393,3.370042733311519,0.6276492420833321,2021
EURUSD,-9.199250671522186,37.097840650129456,2.870669415166793,0.5133035808668232,2021
EURUSD,1.3675576823054532,38.07275347893672,3.5407729000323593,0.5905627073321037,2021
EURUSD,2.51874864251214,37.14101091124474,2.518748642512141,0.42769398229567746,2021
EURUSD,5.415764291019377,35.43590735684454,4.194588984307103,0.7785273487173971,2021
EURUSD,5.286489845377092,32.143403941120454,7.695540756818077,1.5623693915913972,2021
EURUSD,-2.440972194115573,27.374286219229408,0.8461008528636611,0.20898655980515563,2021
EURUSD,-1.4335805998755493,26.246702941015336,3.244969362826118,0.8096778490103604,2021
EURUSD,-6.497723744366953,32.73480400738039,5.153994328371904,1.031012304346055,2021
EURUSD,-6.495713858912152,39.802682751261955,5.670687390740281,0.9361874987436988,2021
EURUSD,-0.33251170046871537,39.43980605792011,5.767162293017161,0.9604262632943886,2021
EURUSD,-1.2417572433744755,39.99127652151241,0.4112910395221938,0.053991239665752006,2021
EURUSD,-1.5893252246855776,45.81722424051924,4.522558342634486,0.6543431623548884,2022
EURUSD,-6.916145633267304,57.97380887420127,5.301950510224249,0.611166954069498,2022
EURUSD,0.6720517905123505,56.17433235825595,12.112943439728955,1.416066209730898,2022
EURUSD,0.30241145584713686,55.65001086627596,6.597429023202953,0.7861650835868229,2022
EURUSD,-13.00836646130466,60.508878311702695,1.2755185510286768,0.1557671100037474,2022
EURUSD,-2.162102782221057,60.42807947328026,12.15477170248928,1.323552641954821,2022
EURUSD,7.431675991652998,60.47886376991848,11.093794814617015,1.2086523866353802,2022
EURUSD,0.32322025441833296,63.59215047220962,13.5399430689454,1.4010146807416306,2022
EURUSD,-8.559448224329618,75.45193512585824,0.26131958820275164,0.0014370062422951074,2022
EURUSD,-0.33382730012760287,85.12643224736766,19.33290534410659,1.4436354897010948,2022
EURUSD,11.07534155537217,72.98401691944414,15.08173852817001,1.3152618604627455,2022
EURUSD,4.371169858764942,49.128811326242236,9.915229345259633,1.2917920226014368,2022
EURUSD,-1.5765570851897097,53.40051296603948,1.9538469209634006,0.22021555497884115,2022
EURUSD,-1.481436043334415,57.223466872593264,1.64968113462547,0.20497305050064427,2023
EURUSD,4.243786095146954,56.3082279741929,6.089196484197479,0.6827849250791984,2023
EURUSD,9.164294969089195,46.399648022663506,0.15367458135174233,0.006790698392453729,2023
EURUSD,5.702406291719855,39.94597895113701,0.22673901516667705,0.04941177863880645,2023
EURUSD,7.011022012173719,41.26438037814102,10.092497093024638,1.5712608543731166,2023
EURUSD,3.5901886530830143,41.70902332900231,0.652061098906259,0.11450169204692126,2023
EURUSD,0.8301659800875113,36.33266085654055,10.868392020944055,1.9511996874451962,2023
EURUSD,8.096371704018862,40.80507424633918,8.096371704018864,1.299346623982075,2023
EURUSD,-0.835821151625251,42.905487399724926,0.9750541142284326,0.1608644107785377,2023
EURUSD,-3.3602661617255207,44.92386708286989,5.236936034666731,0.7411381622438868,2023
EURUSD,-2.135949293107319,48.06153292767514,5.553118615489751,0.7334361829987459,2023
EURUSD,-1.5435782885503708,41.78893691831683,0.30852053594387385,0.03462626278513562,2023
EURUSD,1.501696991231893,30.059831912804746,0.46197082995487937,0.09007851563714916,2024
EURUSD,-4.76032856402444,31.206150272496373,1.3653321445959246,0.27365325771254567,2024
EURUSD,-2.3649040604964333,37.46968058247154,3.958442116312889,0.696663479935743,2024
EURUSD,4.857323280660699,34.31883579084919,1.0772517125921877,0.19254337886111994,2024
EURUSD,0.12216972466603439,32.90630367892773,0.5785859599736843,0.10353588163819197,2024
EURUSD,-5.434560859115164,30.646002002154095,2.048280974455868,0.442900728471164,2024
EURUSD,-1.9964086340740985,34.22925590356249,5.6109118205683295,1.0512377623755609,2024
EURUSD,-3.9034041624641356,38.92981094169431,7.6819347376510825,1.266059414273693,2024
EURUSD,-1.1437283655075379,32.28714716901786,4.86784095780079,0.9875336895090032,2024
EURUSD,8.569068030208646,47.25838712881553,12.495642217251826,1.729680596109144,2024
EURUSD,7.715700176215884,52.88168233879311,8.784612315761178,1.093860725234531,2024
EURUSD,0.07945579399969341,46.684249517431546,1.4768160463019515,0.21978807035717549,2024
EURUSD,-5.019521090672165,45.10314580168683,0.9997817042452426,0.12942240950080222,2024
EURUSD,5.1414275785862085,52.21973753070513,6.778838580573165,0.8245616546174093,2025
EURUSD,20.011936787870667,76.57854872903788,19.283254359815345,1.6063296831265697,2025
EURUSD,6.302637580822859,72.97210281969245,10.90483650974361,0.9450170848602767,2025
EURUSD,-4.643996818810558,54.193844446692665,4.097876847055833,0.47280559759880153,2025
EURUSD,4.52549166546867,47.376321754254725,8.665166402414311,1.169870906417233,2025
EURUSD,0.15969643315812848,47.006317798452564,2.628861130271133,0.347534232110067,2025
EURUSD,-2.24516210103973,51.75792072282079,2.7753098216827468,0.3310901332937486,2025
EURUSD,-2.615569273392746,42.25165374185228,1.256260432032958,0.17931255509451377,2025
EURUSD,-2.1900638384436895,32.28152931044711,4.171453575477345,0.8478458638658545,2025
EURUSD,5.108107321237344,24.69027659899601,1.1364163130841853,0.2904657577715997,2025
EURUSD,2.572146837353084,22.085318730900045,0.5315245190496658,0.14899055964967617,2025
EURUSD,-3.740326073926709,39.87376676744436,2.522400992463375,0.3973356916417814,2025
EURUSD,0.5338401807592505,44.81764913686957,2.3954927464885154,0.3606051019018153,2026
EURUSD,0.598310384985373,47.208306313679664,2.978602591693754,0.42387946709105206,2026
EURUSD,-1.6241926767046198,43.76744190371469,5.361797867254246,0.7799148155411159,2026
EURUSD,4.318893868791692,26.865129172157705,3.7848224281813074,0.9217033230386485,2026
GBPUSD,-13.290714136595378,57.56106321951537,2.2535609789651296,0.2354763414608628,2008
GBPUSD,-3.7789492287135227,57.0256068427071,0.47087089498679524,0.035454512399873135,2008
GBPUSD,-17.790328258750126,54.055028731029296,2.8777285648164055,0.3621842459286695,2008
GBPUSD,-17.10648271968952,52.30142217702244,1.671634050032075,0.2237211039406047,2008
GBPUSD,-5.444692333332778,44.88587182877665,1.9956493736200676,0.273899672744772,2008
GBPUSD,7.579534138976212,47.62272929862401,11.532120430130073,1.5853817367802603,2008
GBPUSD,14.042741271240299,70.74240921883566,20.40157468501843,1.8932761174848096,2008
GBPUSD,-8.061017902128107,95.24027330274572,20.803291611557814,1.4471961722836826,2008
GBPUSD,18.19996902921737,143.91574802784166,47.06427854290329,2.1702025843123325,2008
GBPUSD,38.04635095633998,159.96412960143638,22.92441127287178,0.9806942234446792,2008
GBPUSD,-11.195415719269661,128.5395946545964,3.834560198330548,0.2342266711590614,2008
GBPUSD,-28.892249566026514,134.197974945383,17.473199631509754,0.8874493837351894,2008
GBPUSD,-7.206352679732501,122.45159427911287,9.090927806547713,0.5204918574917893,2009
GBPUSD,11.194818286427008,92.55085446513729,9.41769647745854,0.6298195874055387,2009
GBPUSD,3.713951945339499,92.64058029720148,17.234013029552084,1.1753277176877852,2009
GBPUSD,19.535729368481025,94.75241085798628,26.060582085090527,1.7502233398137796,2009
GBPUSD,12.653040657957254,88.60295991365872,17.24569910867864,1.2323964185514364,2009
GBPUSD,-18.972593425321172,75.57998555271651,1.4421185883108025,0.14755050932908462,2009
GBPUSD,-18.620307357736465,68.40330184692252,4.659993638509706,0.4197994108567671,2009
GBPUSD,-15.198125480500384,67.60943591361887,7.297379026803697,0.721241443217409,2009
GBPUSD,-15.195986105079593,80.99425106761633,1.148691206777498,0.0662148628858101,2009
GBPUSD,-10.595918692154179,79.74421136282722,7.830301391997015,0.6109019832978099,2009
GBPUSD,4.2889131930124105,62.132149573926874,6.5112700308348055,0.6990801806652779,2009
GBPUSD,1.3729959963194136,53.1572473303505,6.988915544671816,0.8692064359570454,2009
GBPUSD,8.485839479812837,63.83663341611234,15.241040407677513,1.5687518640165603,2010
GBPUSD,18.742364387020686,74.47454873941506,10.30432765177344,0.9207871185928769,2010
GBPUSD,1.2836463270350784,65.60338078368046,2.8216877586204188,0.257930666944297,2010
GBPUSD,6.0930827922868245,67.97046055828461,12.34491234512107,1.1993463112817577,2010
GBPUSD,12.912405874520656,77.7456631554662,3.049454746847977,0.27886032494996266,2010
GBPUSD,10.324425874291856,68.89782610986255,17.580337674330643,1.6304776650928898,2010
GBPUSD,3.850414297956271,58.815206581898686,7.445258227604561,0.8015195526336524,2010
GBPUSD,-3.890285939663216,51.58754868000156,3.3361648677419984,0.4027480216442539,2010
GBPUSD,-1.379093255147055,57.17673740371483,3.0115764532766596,0.3232128414822783,2010
GBPUSD,-10.09976611065273,61.939176418727094,0.025118338022508034,0.02222259277463277,2010
GBPUSD,-1.907569817768391,58.5669286742654,4.467764311581178,0.5130226860560897,2010
GBPUSD,3.020568207482118,55.17911963190415,1.751269438378217,0.18821838204553243,2010
GBPUSD,2.2586157292966127,52.595040033776435,12.865096395968932,1.5676145356733062,2010
GBPUSD,-1.5209910282507597,51.39281675782411,6.0571977610943,0.7473583444495254,2011
GBPUSD,-13.828199238512303,49.71020372016698,1.3000236106893608,0.15376983682019452,2011
GBPUSD,-9.350427556553422,46.2753286246648,2.117666396750029,0.31123588317447115,2011
GBPUSD,-12.493923203275493,51.616871665190516,2.338968847822164,0.3100461349337034,2011
GBPUSD,-15.616360874006526,56.008777594644755,0.04010828821280185,0.022348392501198137,2011
GBPUSD,-6.012943779722566,59.979745681265534,3.325278913153685,0.3402784531932214,2011
GBPUSD,1.0553902245200837,55.85300956068871,5.213200225524807,0.622740932509689,2011
GBPUSD,2.378283655677706,53.29594503475683,9.397452190995134,1.1601644271118778,2011
GBPUSD,-0.9803363754980099,57.009078674881806,2.4771432349066753,0.26350226468766735,2011
GBPUSD,-4.584602365884828,54.184628176883024,0.8709904084847329,0.12134045906236061,2011
GBPUSD,-8.076151139624482,56.71178055305032,7.139943471716759,0.8341836055420355,2011
GBPUSD,-4.692275502772703,47.835713105389615,3.4774602401156587,0.4558912143379393,2011
GBPUSD,-2.301481537521252,42.40532173959162,4.275726468273566,0.6398920885051452,2012
GBPUSD,-17.52617476524659,47.2226995613255,0.8353881214270698,0.12959972129963837,2012
GBPUSD,-10.039867467807587,39.19895782612636,6.290423558154277,1.0272636967748374,2012
GBPUSD,9.383105546083623,36.86870104300788,6.528085225782023,1.1595687792559066,2012
GBPUSD,-1.5732684277398978,44.18318683607739,6.755514817864802,1.0051976551832933,2012
GBPUSD,-15.990073196854976,50.13149268750096,2.3852947701415097,0.292509467961012,2012
GBPUSD,-9.029531322521764,44.174883285854165,1.589966326066191,0.21929607109707747,2012
GBPUSD,6.42185185038135,28.70576545119511,9.39492591371356,2.11098827504214,2012
GBPUSD,2.56032170215727,30.843504302159015,3.667778555485718,0.7607686022743716,2012
GBPUSD,-3.406102740445713,31.3611371372649,2.109059802189133,0.4458076522257433,2012
GBPUSD,-1.1118150276882184,26.67309973434032,1.4462914039075652,0.34293671912599194,2012
GBPUSD,1.4013658007876073,34.87589827994323,3.5176157479808285,0.6648143222226476,2012
GBPUSD,11.639994243186862,49.62957973541774,14.536099660000643,1.9153016566358136,2012
GBPUSD,7.500596148976321,52.52805046239841,9.129768401264702,1.143585129436622,2013
GBPUSD,-4.480982270453857,44.864168764653364,1.1341565117953123,0.14962997874834127,2013
GBPUSD,0.43463313867582526,46.532779646778785,2.1575145691223767,0.3152403778319785,2013
GBPUSD,-7.224593867727977,51.795013830424764,4.556322452372718,0.5536065099506662,2013
GBPUSD,-15.687355573924558,62.95967949786749,3.860424064095163,0.3774125764697979,2013
GBPUSD,-1.476773316117842,61.380534964457006,2.2301708258851005,0.2160648782588956,2013
GBPUSD,7.905539420426769,38.92233780558149,9.79467927704766,1.617792802732449,2013
GBPUSD,4.600659206750854,42.495298240148124,4.600659206750853,0.6880403892394337,2013
GBPUSD,-6.908826526525337,52.35444485086759,2.3705211705427582,0.27687729442980563,2013
GBPUSD,-9.147313435574159,41.04822688338255,5.261822473651886,0.8175721470886136,2013
GBPUSD,-1.1316761889422775,30.376416858950883,4.973992727489889,1.051319507730666,2013
GBPUSD,-4.52337979290265,36.63597460463437,2.260438915183603,0.38821541312140334,2013
GBPUSD,-2.4385893065629176,37.25968280431107,3.369348697249115,0.5741644226376422,2014
GBPUSD,1.0842683582009003,29.884938515150616,4.767492219051806,1.0241884522024172,2014
GBPUSD,-0.40421679253230297,25.815411719613202,3.2790070683186023,0.8148820116093973,2014
GBPUSD,-0.1987827304306719,23.926605370498617,0.390990454083888,0.09833413796274014,2014
GBPUSD,3.838597472509705,25.632577104596635,4.114902874059521,1.032075410294413,2014
GBPUSD,4.868536290769334,24.383682720381827,0.7505822711811618,0.1917904443858397,2014
GBPUSD,7.862393583527555,27.484363488546727,11.992414511574149,2.8382148336596957,2014
GBPUSD,12.738424523347584,46.09864058020922,12.738424523347582,1.806616680366665,2014
GBPUSD,4.0554577197010335,50.73613235217506,4.558735877071616,0.5985409663658491,2014
GBPUSD,-0.5108284141900722,43.982403941206464,4.747141489168872,0.7135916463619041,2014
GBPUSD,-3.2099296872378695,42.247942074438534,6.0006609896434435,0.9341584961866126,2014
GBPUSD,4.2438433660000765,48.79239106661885,8.699742296893028,1.1715249895810869,2014
GBPUSD,11.138589389845116,50.793768105598254,2.0116721138941336,0.272793081637887,2015
GBPUSD,7.449914120945362,62.84223554670782,4.10238336808768,0.44303787324011706,2015
GBPUSD,10.964248719970588,65.2931060799338,1.3566658769124476,0.15533391574855376,2015
GBPUSD,7.428369227990741,58.09419816370716,8.710991643312068,0.9529425914603388,2015
GBPUSD,-0.43653103204885885,58.02733996809996,6.509297876501262,0.7083953023600837,2015
GBPUSD,-8.78655191017253,47.471653092432334,2.5270308111340922,0.3299637783518861,2015
GBPUSD,-10.79085548528981,37.621577229002725,0.2881999871150506,0.03775479046840473,2015
GBPUSD,-5.194643377808218,46.60799652818506,2.2609433203128813,0.3291763287197583,2015
GBPUSD,-5.247790880571464,52.19933737468767,5.0465052209936445,0.6432034578730753,2015
GBPUSD,-7.3754893191538615,45.76175652694174,0.9282949733723815,0.14594018309962006,2015
GBPUSD,-0.1810653145321424,50.176571063375164,8.193209440264512,1.0745371106948272,2015
GBPUSD,15.932883515001508,46.53552316533888,17.764842440551213,2.490943786714246,2015
GBPUSD,3.850851636446598,52.6457892529501,9.822349677627189,1.2263909300612328,2015
GBPUSD,-15.49510684378395,69.19848254030538,5.13785461160284,0.45917268117902227,2016
GBPUSD,-17.858149804154955,68.83526789339454,1.1411710457247854,0.12924733383986606,2016
GBPUSD,-12.301516393950077,53.18783974982266,0.3789412619154262,0.06300508330928332,2016
GBPUSD,-3.6607241862895177,54.16152565175979,1.2221606474161724,0.16339999819059467,2016
GBPUSD,11.463143351223291,137.69063299173854,21.919739698203884,1.0774342908295291,2016
GBPUSD,4.081519238052668,143.19024296874304,19.434209546756296,0.9267267745254201,2016
GBPUSD,-15.182666563147516,69.50706258867079,2.7974468170970166,0.23883596895432674,2016
GBPUSD,0.9557361886527345,75.50499354238266,11.161088625827189,0.9826069501469638,2016
GBPUSD,3.3542597692607847,74.06400034031711,15.998695857541776,1.4246942749986409,2016
GBPUSD,0.7903098294912936,55.81721052672857,5.523058991216967,0.623477867926796,2016
GBPUSD,-4.826255911636327,56.65055705401753,0.8609839893338109,0.08059907662320875,2016
GBPUSD,-10.393236379914494,76.55897991141028,2.5737707871424718,0.24198583538265672,2016
GBPUSD,3.46778065458604,72.69132665623462,3.2576698933906814,0.31334011717283433,2017
GBPUSD,0.8466686469946929,48.07434558293005,0.601973552581165,0.0963590584568317,2017
GBPUSD,4.7736784220977535,57.335513572892694,12.182712462300506,1.3581717272679574,2017
GBPUSD,5.7703908318358845,51.20124299658923,8.53655510855245,1.063958261422158,2017
GBPUSD,-6.3354761876837244,48.61075538381103,2.8015041843709465,0.35800436749369263,2017
GBPUSD,-2.032074991073264,51.177419537109856,5.800662728801875,0.7181162200458355,2017
GBPUSD,-0.07571874770011194,41.12516803154441,1.6814541735341688,0.2779999364961947,2017
GBPUSD,2.4309544019402707,52.74924255713906,3.738675867438955,0.44262090552089756,2017
GBPUSD,-2.067643290798298,58.91129901238328,3.958957984477186,0.41684937191179666,2017
GBPUSD,-10.427094984942425,51.37811606545973,0.9983463054448141,0.14223029839730272,2017
GBPUSD,-3.2924472449159543,45.99717534159392,4.485078675175949,0.6172035005122919,2017
GBPUSD,8.554583886778707,44.35860018253838,11.892371965714329,1.722444976672614,2017
GBPUSD,9.187819910971672,58.056531734878284,9.538978768359609,1.0459822822505136,2017
GBPUSD,1.5199485922793,57.56704917842322,1.8636110340012704,0.1915710696580942,2018
GBPUSD,1.105210780669994,46.43627866275712,1.6426955783683752,0.21454072146071743,2018
GBPUSD,10.791375189866796,44.05268378422249,11.676149711476167,1.732697473324843,2018
GBPUSD,14.420048261187969,38.77684623344006,14.42004826118797,2.4240695054391628,2018
GBPUSD,6.265465871198211,42.13948677941853,6.265465871198214,0.9772334939131386,2018
GBPUSD,4.626571871684708,42.68144932239489,8.38549521246536,1.2872998912917129,2018
GBPUSD,1.9101212633927145,46.64789019923984,0.09067217173557085,0.027329503027168793,2018
GBPUSD,0.6320011538255363,53.56203746271067,8.277721547055148,0.9842157198306569,2018
GBPUSD,2.154963039891028,64.70826297952377,0.7526421327875525,0.09582155890247943,2018
GBPUSD,3.67654191712362,68.19309072954056,9.554855308270271,0.9300548284114682,2018
GBPUSD,-9.490183609059418,62.14670202513678,4.640601724639177,0.503791262798441,2018
GBPUSD,-9.07408395325032,52.97721405841734,6.099289983885229,0.7291027482572487,2018
GBPUSD,-1.053278879629779,55.783082455640674,9.181052862410175,1.0485741255545722,2019
GBPUSD,-1.5965245705408564,62.994039373785256,2.211683256961755,0.20765551370778082,2019
GBPUSD,-2.0347871559921407,51.69130763426544,4.18057945972185,0.5405695735404091,2019
GBPUSD,0.6544914986602527,34.2991288162464,6.600558787200021,1.2584088540895237,2019
GBPUSD,6.556166693500689,30.938821398058355,9.028798491516108,1.9019113070003946,2019
GBPUSD,7.7867627607610075,42.119630582588975,10.222785924117423,1.5870935223895881,2019
GBPUSD,2.009367435758542,47.198795507152894,8.223897590193712,1.1446302816504323,2019
GBPUSD,-6.867367084433506,52.29823717204945,3.0149922328633787,0.357049856577062,2019
GBPUSD,4.525429761063803,63.17746370159483,16.35092713278145,1.656054745375978,2019
GBPUSD,2.136312277627521,54.31758905541717,11.655911213341572,1.3728162314298709,2019
GBPUSD,-1.5556485702063423,53.20350489500016,3.293384109753138,0.3843420162093877,2019
GBPUSD,3.1621435186764497,58.40419782423783,2.1838632785236327,0.22389972381928683,2019
GBPUSD,-6.736277379370752,51.6255576671629,3.6305524159530034,0.4721890604779344,2019
GBPUSD,4.1861179383035365,112.64887089802119,15.076174913018704,0.9039666911175575,2020
GBPUSD,4.845804015311968,117.60758815396635,9.492316011917579,0.5608037263270271,2020
GBPUSD,-7.197438361695815,63.59601641596965,0.3941532273126267,0.020092473347720744,2020
GBPUSD,-5.435148051649112,61.0038665512624,3.2183769662769146,0.32256305839458177,2020
GBPUSD,-12.872080486754053,55.81079007392434,10.1892243606384,1.164941902423414,2020
GBPUSD,0.9658704540118905,47.54817859157756,12.957791675580015,1.7499659618487609,2020
GBPUSD,5.39506035608313,61.7425898911163,3.673021999298193,0.3658973576374986,2020
GBPUSD,-5.708526540917449,62.355836321557675,4.738933201874246,0.5124250674367063,2020
GBPUSD,-3.669183114474416,61.998746828378586,6.40707611169604,0.6499551632440926,2020
GBPUSD,2.767007720280889,56.70689904800969,10.151635250623206,1.1417219645797736,2020
GBPUSD,5.809478889650084,48.09331291588545,5.809478889650085,0.767438295301481,2020
GBPUSD,7.246129707381488,42.63838540767791,7.246129707381487,1.0875011705264248,2020
GBPUSD,5.5324667874955535,36.405531086905654,5.700355443738745,1.0029421173300133,2021
GBPUSD,-0.46594097546442015,40.77063808590517,2.262374605374992,0.37257512894780803,2021
GBPUSD,-5.679264188427441,46.96347832079875,2.556360157764419,0.3378777690496506,2021
GBPUSD,-4.496513265821741,44.89763130838468,5.703433366523881,0.8088484189160507,2021
GBPUSD,4.8189414972935385,40.09318319958525,2.6472616825849,0.4406499863110301,2021
GBPUSD,4.13305055750517,41.15755757619718,4.528227923826842,0.7262086193859087,2021
GBPUSD,-7.337309390175462,38.99767854796092,1.979963388299554,0.3414117578321025,2021
GBPUSD,-12.355723355311046,43.5000102213604,3.6551593450225743,0.5584389226394955,2021
GBPUSD,-13.545718471482521,47.152233439005144,4.671467429938414,0.6571700687142417,2021
GBPUSD,-4.811237825121235,42.02701731525319,6.236131133536668,0.9752778115817166,2021
GBPUSD,5.632404503632472,36.35359334614679,0.7148617783552564,0.1159201985124771,2021
GBPUSD,-1.3008311621967728,33.98687924246394,5.422415696022638,1.0229419148202534,2021
GBPUSD,-8.781008925278059,36.63574692929775,3.117359522376546,0.5631582233023544,2022
GBPUSD,-1.6819912516820328,43.295214783107966,7.99069544781071,1.2103199602212373,2022
GBPUSD,14.70078761384464,51.63356232582864,15.53823778701605,1.9681731290382045,2022
GBPUSD,9.101288094653182,65.57410820297318,9.080457166694304,0.9186585290508219,2022
GBPUSD,-13.824178567313194,76.90544189616007,6.874530881471501,0.6038991065654633,2022
GBPUSD,-13.023123975992075,69.87744920562524,8.154060658661141,0.7786956768414657,2022
GBPUSD,-1.4785598700937934,57.44602623365388,7.6420023700044375,0.8806576426459446,2022
GBPUSD,19.387218753863262,78.57327788144842,28.887586909223266,2.4113372185294004,2022
GBPUSD,11.889775611297276,114.17521888421761,5.09945009865234,0.3257167419391977,2022
GBPUSD,4.454658158461591,120.63992469899733,28.082665499219527,1.4686035901415482,2022
GBPUSD,12.236857393571901,100.97366611797312,12.236857393571901,0.7530941478803983,2022
GBPUSD,-3.0683161272376713,67.16714726091932,6.420771811149908,0.5980675191226319,2022
GBPUSD,-8.788525071711607,60.71908253942533,0.20395195128448884,0.0025334125870194214,2022
GBPUSD,-4.689693559186548,66.44863349397893,3.071854418288706,0.3207120641879374,2023
GBPUSD,5.644146716256246,58.65613319923946,7.7585967725455705,0.8383361383482245,2023
GBPUSD,2.44658552207119,44.900348032427054,3.708042153371288,0.5208995070022897,2023
GBPUSD,-5.349898101241104,45.58704910147057,7.4555422478183075,1.0450934382306585,2023
GBPUSD,0.8954215205693631,42.934652117972234,12.439405238328675,1.862947919768538,2023
GBPUSD,-1.5855764286486842,42.32396412092763,2.099455550084014,0.3348985421125386,2023
GBPUSD,-2.3481274337360065,38.8524420744788,10.76673552871467,1.8092299921351702,2023
GBPUSD,9.82156894437692,41.541137664812474,9.821568944376917,1.5461778429542912,2023
GBPUSD,4.180624574101231,48.53633969559773,4.998056858205102,0.682863642335629,2023
GBPUSD,4.710880489691526,52.673480009394225,7.270607972595696,0.8776479910715955,2023
GBPUSD,9.424212266473068,51.179849787597036,9.424212266473068,1.1766684155788458,2023
GBPUSD,-0.2652246517387999,43.62191543069029,1.479284180046688,0.2059534481716334,2023
GBPUSD,-0.8418686377552766,30.97321568370907,1.965047552052761,0.40130945609691926,2024
GBPUSD,0.018670670955179772,31.470900530808553,0.23691135039918687,0.03881727405166893,2024
GBPUSD,-3.784822481720972,41.375226876408334,4.682464222603539,0.7467212065038533,2024
GBPUSD,3.959966439980859,38.644492759893296,2.6184518646946815,0.4268262923325771,2024
GBPUSD,2.0767084406062026,31.419456207898143,3.588389005909975,0.7300931273502776,2024
GBPUSD,-6.010282040284874,33.42135146930037,0.7726573611370007,0.1604182747161387,2024
GBPUSD,-3.511042056949506,40.16236181906847,7.0026180201587795,1.1168754574978212,2024
GBPUSD,3.872017927335245,43.04890438446809,11.947773403581582,1.783993780964401,2024
GBPUSD,1.343630630698606,40.977596204977175,1.9640135340930658,0.32362128373340954,2024
GBPUSD,2.845022266077754,46.58618045463617,12.688247547051493,1.781001363706316,2024
GBPUSD,-0.8983286696824183,49.74844846390601,8.89147883305865,1.17458811590784,2024
GBPUSD,-6.118771096217945,52.705184799834456,3.6710364065231254,0.4681577067880353,2024
GBPUSD,1.3800256767080612,51.0555586543969,1.8165328501198084,0.21443618916718174,2024
GBPUSD,6.649638496702488,40.169206424066964,8.870886465380758,1.4178906798794093,2025
GBPUSD,8.26071408426337,56.33513790082306,12.08918966935014,1.3720694110288583,2025
GBPUSD,0.5106892600553272,59.43383038936633,8.745885209072819,0.9344410045830501,2025
GBPUSD,-3.40629352763827,48.69468817174618,3.279365739549096,0.4209835855901141,2025
GBPUSD,-3.983317464788335,43.760618667097354,1.3270326395298766,0.18267226496842554,2025
GBPUSD,-0.3330338456922692,40.94674151671222,0.8369923137109481,0.11951739284271815,2025
GBPUSD,-0.6428763877999575,42.35362012549779,2.5481492227529055,0.37644432788917287,2025
GBPUSD,-6.268125556152789,42.44368963880891,0.6386607724617743,0.11097507376988743,2025
GBPUSD,1.123003717719232,37.79517463246392,8.132384526868792,1.40700946705524,2025
GBPUSD,5.899089439706247,34.797087132132475,1.0948628682032402,0.21492269124459318,2025
GBPUSD,1.838459576181773,33.29330939094191,4.676949644340115,0.8996790168596451,2025
GBPUSD,-3.217667773864646,43.482335487893984,4.394630581243331,0.6411130887929783,2025
GBPUSD,-5.059191640978592,43.40603320316352,1.2275974015045024,0.19701751552306745,2026
GBPUSD,-0.7408803702068331,49.18047454272878,2.841583717958005,0.3900377220726374,2026
GBPUSD,2.9027144970099568,49.80731190774222,4.582715264892671,0.5804283384348062,2026
GBPUSD,4.276768329637,36.94526716267263,1.4084351880210604,0.2587643030330857,2026
AUDUSD,6.607594260654729,84.5862058470431,8.099094490849229,0.5934717505050184,2008
AUDUSD,-14.414753898055535,84.67560725502403,2.1270942623315334,0.1896480124792339,2008
AUDUSD,-6.634421918086043,63.1361077284629,11.154332803442575,1.1244173937044983,2008
AUDUSD,-11.237677739631133,53.566690724727934,5.795117826873972,0.6840008600782344,2008
AUDUSD,-9.979678772505855,48.945030878980745,0.6847208905349405,0.10616820372654466,2008
AUDUSD,24.24834970169168,67.87752652521048,24.0108516973694,2.316842036636307,2008
AUDUSD,29.06644598170326,129.48818761227054,29.06644598170326,1.4980092906303017,2008
AUDUSD,55.22180503212236,293.1345685363902,55.22180503212235,1.316745487353985,2008
AUDUSD,49.437493761029266,345.0353474424161,60.75694509267681,1.2534768599676556,2008
AUDUSD,17.09017867609686,262.63556656406433,9.444954811893293,0.15004224048511583,2008
AUDUSD,7.043900792904313,168.61450771537324,13.924003814463267,0.48139552432781185,2008
AUDUSD,-3.999446408952166,144.69540700336282,12.887233803317947,0.6234607720117264,2008
AUDUSD,-6.915172533056237,142.9457384127901,2.4845048583363054,0.1578186698436737,2009
AUDUSD,9.405743653322416,128.15968288705494,26.666739425808313,1.3063595487309183,2009
AUDUSD,31.022884483862246,139.20268332784175,33.289767819521984,1.5033941838793843,2009
AUDUSD,25.179869383196632,135.45716739887757,27.446752718856363,1.2684715035506544,2009
AUDUSD,10.57577246004859,121.58092044162701,8.75730365944249,0.42797855937030366,2009
AUDUSD,-7.879198736468224,92.60211982431726,3.7364200771201563,0.23195492609112062,2009
AUDUSD,2.5637682788099045,80.06820134428219,22.093409014030545,1.7609840507403565,2009
AUDUSD,16.206153281933354,88.23137809488556,22.30170640295951,1.6083952495847669,2009
AUDUSD,15.81125709440782,87.74663180708325,15.81125709440782,1.1391328601044468,2009
AUDUSD,-6.31164141696211,90.00283821752308,3.185558188664305,0.20077370444027928,2009
AUDUSD,-11.556131629138187,88.3887368981644,0.9684920944300466,0.04294086864138174,2009
AUDUSD,-1.7376395968993503,77.98972298172491,12.048212590217261,1.0265140164367232,2009
AUDUSD,-4.68620860055609,77.60963923040475,2.813811712748553,0.2595263670224914,2010
AUDUSD,-1.3483738108459509,65.63470207532404,13.86202018822132,1.3471292591765445,2010
AUDUSD,-2.5888241053063448,57.75969635918052,0.9275231253183127,0.08577383943800874,2010
AUDUSD,12.189356563447372,112.82290473176103,20.130748394408588,1.1933726227211634,2010
AUDUSD,4.661949123441502,131.65714575709524,17.02649732888597,0.8806823866577895,2010
AUDUSD,-4.58352062158847,105.92428795910413,17.343496573376395,1.026721352387408,2010
AUDUSD,4.092634580254205,86.36244805517933,13.144451057423673,0.9585472037287638,2010
AUDUSD,3.83531707274021,73.56477626529933,16.14680543076159,1.398129572375291,2010
AUDUSD,10.33150007375189,80.63917412677621,21.370183413415514,1.6901502748938493,2010
AUDUSD,3.1454315790733056,82.80939170095837,2.8687063075398074,0.1982373154766603,2010
AUDUSD,4.170611049782646,72.02348574128119,7.557751238025246,0.65704634925924,2010
AUDUSD,-1.9416597057369667,70.5207907822756,5.147001489429772,0.4505854525951871,2010
AUDUSD,-13.760120056973452,65.63919436512806,0.7732265907580851,0.0971156023331814,2010
AUDUSD,-7.941317732618371,66.63619782121272,3.874959320630322,0.3557051104602245,2011
AUDUSD,15.095584256258906,66.25930879760232,17.34976357868287,1.6745584203374793,2011
AUDUSD,11.24605334978904,63.733851087728794,12.31363904686401,1.231189300198751,2011
AUDUSD,-1.0002482943623936,66.81887069864771,3.0201391943107403,0.31415112126630557,2011
AUDUSD,-10.275519538445534,67.42762435183624,1.980267705742809,0.169013270593285,2011
AUDUSD,-21.38989939701274,105.219983701822,0.5008031273357445,0.06432805941338195,2011
AUDUSD,-21.890235164812704,111.89080598424763,8.487864113848477,0.5274861412440117,2011
AUDUSD,-12.13684777240396,111.9846449026824,4.335850038587554,0.2865116755284649,2011
AUDUSD,-1.2813852028694364,128.49548992727432,2.193522207634902,0.1513284160691595,2011
AUDUSD,-4.383928411665284,115.4297560797317,7.577365383221656,0.462045425863691,2011
AUDUSD,-5.242425414972618,87.6716580199906,2.962162893173028,0.1912788555267424,2011
AUDUSD,7.542607782125699,55.5680883429125,18.084036945744728,2.0896757196072953,2011
AUDUSD,12.944472127330739,53.89610805603552,6.056820909544862,0.7110527171026831,2012
AUDUSD,8.72775763447239,57.766620369187606,10.248497381803048,1.168660335931813,2012
AUDUSD,5.154904842420972,61.4242478592498,10.775862508095539,1.1570105298399842,2012
AUDUSD,3.5047913702072875,63.86283609474378,9.125749035881851,0.9467193594806137,2012
AUDUSD,11.44837181677113,66.11653345131226,4.459844310775729,0.41617569245352376,2012
AUDUSD,13.697382897925815,65.72977368517353,15.4972322459926,1.5060647760706556,2012
AUDUSD,6.626283538154695,56.868923001755824,0.8097969631526161,0.11028303051362519,2012
AUDUSD,-13.1209236721097,50.54992802871146,7.0368277235120855,0.9184741663064716,2012
AUDUSD,-16.22385143744399,48.289460710104436,3.1802395857440304,0.41148103207912057,2012
AUDUSD,-0.7256282808483062,38.83478882334996,4.083347382318403,0.6690096761153717,2012
AUDUSD,2.435201361916497,34.67118270988706,0.065585079667696,0.0012873133927902695,2012
AUDUSD,-11.69747777502835,34.513098317884364,0.08120685294284632,0.026162330958205405,2012
AUDUSD,-7.762998135760405,43.054706464622456,3.105194040778623,0.48110369578225354,2012
AUDUSD,4.374288930070269,41.14257635754593,0.6918991799149095,0.09596693950061022,2013
AUDUSD,-5.02521237924605,42.28014802302265,1.4401880960095212,0.20732577255929935,2013
AUDUSD,9.928154060503182,56.42138679530338,18.881579559626278,2.1887984027388256,2013
AUDUSD,24.42700659149651,79.40321128694688,24.427006591496514,2.0213142228595125,2013
AUDUSD,8.61860472270096,88.97184103810844,8.61860472270096,0.656216006453388,2013
AUDUSD,-12.557620855538207,83.86145093575928,7.699353464041588,0.6217979001419291,2013
AUDUSD,0.8674340096869353,77.45676375473167,4.305749624853807,0.33567644142545233,2013
AUDUSD,18.75016625851198,52.574192106790576,18.242638573469083,2.230142886428877,2013
AUDUSD,0.715584772798265,44.237459072582205,1.8510049470058099,0.28518701239846095,2013
AUDUSD,6.479853387735023,57.13848326666882,19.17792043980309,2.195431533830524,2013
AUDUSD,7.093880704801954,59.70224032889549,11.890456693995013,1.3104420923759998,2013
AUDUSD,-11.828718858708838,59.394599236843455,1.8239340001663913,0.18025267660724514,2013
AUDUSD,-9.600203741102924,58.27191311377633,3.4560141162262976,0.3659299727521118,2014
AUDUSD,4.70510155926201,47.392318879203586,11.2428428779295,1.5216018044474908,2014
AUDUSD,1.5043510855227908,42.235381367388484,8.776160480775225,1.3326928734860608,2014
AUDUSD,-10.113132715925557,39.24420684267994,0.7077320857966694,0.1293099188681332,2014
AUDUSD,-4.564690011755612,42.479413396424036,0.5962308343972674,0.07750585065267046,2014
AUDUSD,1.6902820095221733,39.75188587597631,2.607776791892661,0.4377922281858028,2014
AUDUSD,-4.536594453348785,37.11088081349128,2.6809038753390038,0.47999706013414406,2014
AUDUSD,2.425664648405013,53.77367895577715,12.127196815790072,1.4795130620240755,2014
AUDUSD,9.438501598408648,68.95967546204845,18.362941460663077,1.7492312092988826,2014
AUDUSD,4.101296954278111,63.07229079579553,11.520918271920404,1.2045034393694665,2014
AUDUSD,11.718977940708646,50.36037299982621,13.864680015107417,1.8014344754854608,2014
AUDUSD,14.71105239766306,57.90901965762655,17.136297677865983,1.9378096238810503,2014
AUDUSD,2.4673906794341085,58.708143168500314,7.924063140610174,0.89369451984809,2015
AUDUSD,-7.289381628426831,75.15167895237548,5.712581355855406,0.5164898642663985,2015
AUDUSD,-16.68422565001084,85.21945411897758,2.750700573561664,0.18227836817361895,2015
AUDUSD,-9.77487896726683,74.55937777612222,1.4266137949561908,0.10045917766376428,2015
AUDUSD,-1.4883611141118382,71.38585199351806,6.650548030932331,0.6264966000960531,2015
AUDUSD,6.524024007253023,69.00401620315674,9.07326715763009,0.8743651934415706,2015
AUDUSD,2.586916970940408,69.5536332661784,17.520791751413316,1.656041781705395,2015
AUDUSD,-5.231605962192473,82.18122511052378,10.906658913776978,0.8866053944886436,2015
AUDUSD,8.554675842461805,81.61334407583128,3.5676887077435415,0.2574236697473042,2015
AUDUSD,-2.839743414244822,69.2950037034196,6.164784767955895,0.554424372308165,2015
AUDUSD,-15.613461249239187,68.33073040491983,0.6502107592336128,0.040014342554631196,2015
AUDUSD,0.7323484438356589,73.57680474533643,5.450970255439688,0.5036164731526928,2015
AUDUSD,3.295796929166934,79.46433715797922,2.4930286707901326,0.22855384100504283,2015
AUDUSD,8.702881051195948,82.65602620268986,18.42823381855469,1.4174698305308266,2016
AUDUSD,18.27616225244563,77.70520708583932,21.082606289614798,1.7319529016804305,2016
AUDUSD,0.13385218611908117,79.57495521538793,10.870780547071044,0.9111339460194073,2016
AUDUSD,-8.619455949121445,76.17840360741464,12.421557339241875,1.0815971470668055,2016
AUDUSD,-3.125831749615023,67.96742192059953,11.59849393483094,1.0838295050560414,2016
AUDUSD,3.742020009390293,65.89794522067199,9.193363135760098,0.8828639216431604,2016
AUDUSD,-2.755275620728528,60.66068017817266,3.2358169780234105,0.3649763268320329,2016
AUDUSD,-11.516850920303275,56.057348992689505,3.6637074093620337,0.44141424235451254,2016
AUDUSD,-5.4299646051895945,53.25987622072468,4.619239883545057,0.5450724145971187,2016
AUDUSD,1.5375954190574403,60.08281990213043,3.2261366260188673,0.36710890403338164,2016
AUDUSD,3.5219563965996628,60.485007326675145,7.847486131527472,0.8603421983038781,2016
AUDUSD,5.450817240075089,56.05154647502079,5.667160519135596,0.6373528059709251,2016
AUDUSD,2.5204117810659525,49.91860375482204,5.582013936924003,0.7087186079015863,2017
AUDUSD,-9.667213775678682,50.22326298392016,2.4275980347702015,0.3291384317257265,2017
AUDUSD,-8.529894852737508,52.362499100055174,3.2909865842213284,0.42393209921471914,2017
AUDUSD,-1.0273789220994485,46.30910774982364,1.5650544016549128,0.23373427387595874,2017
AUDUSD,1.9278011745534274,38.91850519299785,6.171757975307732,1.0151102910047882,2017
AUDUSD,14.589661042085739,47.960736561682715,14.589661042085737,1.954915633227445,2017
AUDUSD,-1.3395136426719365,53.26655251807309,10.218475959449298,1.2258473247484818,2017
AUDUSD,-14.30396467206081,46.377777953206134,3.6165968117138743,0.5201262892050031,2017
AUDUSD,1.7809390092736082,44.921857486344294,7.351511531539023,1.0752122142701273,2017
AUDUSD,6.881544022431952,41.560592185485625,6.881544022431954,1.0866182719513162,2017
AUDUSD,6.402236058995488,40.03412229550885,2.4704328425266606,0.38720439514204374,2017
AUDUSD,11.373350447502451,35.993704612754705,12.942806476859202,2.3175105069282544,2017
AUDUSD,0.5037078969749171,49.9507582784523,2.2081769606389714,0.2706326287105327,2017
AUDUSD,-2.7244912351515156,60.16222444182842,8.087223816097119,0.8905957176843248,2018
AUDUSD,3.336184290183658,53.736426239250804,7.138110403748444,0.8782143814397905,2018
AUDUSD,0.037948927233103766,50.15495575289795,5.759763154774873,0.7603407850441286,2018
AUDUSD,0.411273544534438,54.59440818521103,7.156895419829117,0.8671508933507874,2018
AUDUSD,-7.042560033823745,56.19169904174237,4.571302177580643,0.5451192551891881,2018
AUDUSD,-12.223438845187125,53.93117582262399,1.1395957056677581,0.15402665502951252,2018
AUDUSD,-2.3954885080249047,58.992581627223814,6.099305706720274,0.6889491091237262,2018
AUDUSD,-4.929569248354692,58.308084145824544,7.277996550383805,0.82769738318152,2018
AUDUSD,-9.535350604219087,53.68158804762777,1.687924740731666,0.18680702327336962,2018
AUDUSD,2.998651830486474,55.22909054725445,2.259133208424619,0.24763001938228804,2018
AUDUSD,2.0238566950981647,65.00916651481317,2.169229477874626,0.2368727100696281,2018
AUDUSD,-4.718295018068126,70.45219107230389,2.1018718680370667,0.21569587897244863,2018
AUDUSD,-7.64534698689843,56.27370576695439,3.618306829952921,0.434609716372767,2019
AUDUSD,-8.469304010173031,43.49414516437276,0.7317907272421282,0.0952665941342725,2019
AUDUSD,-1.1376013782710936,41.82381264723114,2.8930764967913376,0.4616057483967404,2019
AUDUSD,0.9970977455205438,39.5917773658888,5.396600723953093,0.8961493765807554,2019
AUDUSD,-10.078749899403865,41.29346924395258,2.4030697493221926,0.39026318861701587,2019
AUDUSD,-1.6920955993516056,41.74821509129609,6.9844239231932805,1.097812293269821,2019
AUDUSD,8.38020786267403,41.09017772380488,3.848282872703911,0.620054651904874,2019
AUDUSD,-4.421220235305209,38.52435986358441,0.43862183570450175,0.06160338901599636,2019
AUDUSD,-5.6649771554156505,38.093808540733946,2.7545577826041496,0.4565187569515171,2019
AUDUSD,-5.677880099059543,38.00096631415745,2.94204100803095,0.4896660779738373,2019
AUDUSD,-1.4896284116089742,37.4618936273609,4.51071673941597,0.7683234821527193,2019
AUDUSD,1.7523849159983356,42.06400281592123,4.971448979346548,0.7794590193546689,2019
AUDUSD,4.54966617774234,44.597377763783776,17.944295119622684,2.62412186051481,2020
AUDUSD,19.367163897612045,114.47570336513476,19.367163897612045,1.1339320101011219,2020
AUDUSD,12.14931213252341,131.9601404766525,0.7176359908922514,0.006652279413838752,2020
AUDUSD,4.3974968662426095,91.9748769094402,17.436683933533338,1.1985723340561762,2020
AUDUSD,14.142013083666324,91.90576675098683,14.142013083666322,0.9675380099541475,2020
AUDUSD,10.347760436340078,78.61864179850785,17.090851610425858,1.3828445298282679,2020
AUDUSD,2.922404222758162,52.322008183693534,9.66549539684394,1.1801035064031016,2020
AUDUSD,2.4270986196799136,56.98576836839447,2.4270986196799136,0.257955385853404,2020
AUDUSD,2.2955863327951085,63.105570492119234,1.9738659291610556,0.22271574350092915,2020
AUDUSD,2.39316860654013,64.70240477783169,3.3506227479696005,0.315130526330533,2020
AUDUSD,11.595462210170618,51.51250004817162,16.822368613556254,2.0984551589906966,2020
AUDUSD,14.29861974417444,48.96340388834876,14.29861974417444,1.8757643005103284,2020
AUDUSD,0.5979803141272234,55.0317292201767,4.431737519088002,0.5043793431731168,2020
AUDUSD,-6.549146636120706,69.442799823948,1.4339798637314995,0.11178303903193998,2021
AUDUSD,-3.2739378969620425,71.69912087648372,0.5135943122074909,0.06918810122368127,2021
AUDUSD,-3.1367242462211418,58.29897205164661,0.8105551939972084,0.0716031954412503,2021
AUDUSD,-9.174698953553118,53.80522388081249,1.3254375730719135,0.17670574395106214,2021
AUDUSD,1.196346510885321,52.63348255034552,9.002557379900507,1.1256586261750914,2021
AUDUSD,10.797847093474342,49.347293509042984,10.797847093474342,1.4344844327474442,2021
AUDUSD,-8.32658503905229,52.66282216244327,4.005551553534929,0.5097059882728496,2021
AUDUSD,-24.485694236991556,55.978175555792795,0.3864490096402863,0.027023690043672072,2021
AUDUSD,-9.857962435665293,49.4755871929405,0.902144777710461,0.10250089542688434,2021
AUDUSD,5.776043365169919,53.98399117961216,5.747861548876653,0.7073297022593064,2021
AUDUSD,0.7653698641823738,54.863694017214954,6.844591131057441,0.8261628428040514,2021
AUDUSD,3.308799807400657,57.380343200206845,3.0422317540705954,0.36181451184832514,2021
AUDUSD,7.4734687706235645,56.38566573921228,5.635120559544197,0.6296627857910981,2022
AUDUSD,9.312308205705154,57.97305913212464,16.83176699320195,1.8617195290949533,2022
AUDUSD,6.44138536061715,76.1781264585297,2.2546462004733154,0.21590244644024698,2022
AUDUSD,-1.6983589982372542,83.43362941987307,9.927938151689268,0.7979626050666542,2022
AUDUSD,-5.03578904817479,84.66659437000594,14.557626593389756,1.14196836045669,2022
AUDUSD,-7.721883758253763,76.68963779966062,7.745547414102203,0.6791077685581138,2022
AUDUSD,-4.356865622523125,79.11993503511124,1.8083137990253304,0.12303172331022255,2022
AUDUSD,10.490906948227426,88.9914892822233,17.95057295929196,1.3366977330865555,2022
AUDUSD,13.976741165892323,98.58976267878346,13.976741165892324,0.9506518391278287,2022
AUDUSD,10.303191290448396,111.33485201633353,9.38676845555198,0.5111720358838385,2022
AUDUSD,6.427316217119312,102.77628958322113,11.12103038847747,0.6685613497518132,2022
AUDUSD,-5.130595804028085,82.43857620153334,10.807714167156,0.8230919058860758,2022
AUDUSD,-6.549144840803726,80.52165516153983,2.695369220481324,0.19142622511208823,2022
AUDUSD,0.8382288108358034,77.64278218120964,12.510735934689718,1.0696034098599307,2023
AUDUSD,-9.088205022724921,71.35880644754891,4.067714219463657,0.3921243009871517,2023
AUDUSD,-19.18237877248244,65.20067211133679,0.9501810661123533,0.11505741402184361,2023
AUDUSD,-5.250945724993022,61.53713721640539,3.7433334702796373,0.3746941731618874,2023
AUDUSD,-15.449687623287259,67.54409939666623,4.574179218960433,0.41745225355275034,2023
AUDUSD,-19.31630791352125,67.75974563440373,13.621085219729537,1.3251092363353791,2023
AUDUSD,-3.9444634454453045,57.82317657435185,12.240102617739574,1.3910483838634358,2023
AUDUSD,3.4783207225832675,59.243037227586875,2.387832118627856,0.2800279178086159,2023
AUDUSD,12.556998298278968,70.38112189544215,2.8576876876217927,0.24087668818595448,2023
AUDUSD,14.772860251151545,67.95181331079878,12.236278623544099,1.1448956516827609,2023
AUDUSD,7.386058461437086,52.347800004966416,7.386058461437086,0.8975561870716953,2023
AUDUSD,7.5113388298647,43.91022172423329,5.086960074095825,0.7648784096777806,2023
AUDUSD,4.506885279548826,47.779809749244166,2.917744782005598,0.4109453394133045,2024
AUDUSD,-11.15415349937985,48.07589775303459,3.970480864816926,0.5199253873795819,2024
AUDUSD,-21.65738468204343,60.314741263786125,1.1501991237192597,0.14274027254590896,2024
AUDUSD,-8.975059723067206,59.05272028214904,1.653560495335546,0.16270972753511045,2024
AUDUSD,-1.5732196569998895,45.490247069609495,6.175221347988704,0.865086571316807,2024
AUDUSD,-4.348978000790032,41.42834827338787,5.491494827041916,0.8724241709886074,2024
AUDUSD,-8.151189345946557,51.20979036586244,1.085618918998335,0.1535697153499473,2024
AUDUSD,-2.585888394925714,59.96311217960071,13.298239681393726,1.4173706538668092,2024
AUDUSD,5.727829798029374,53.281699991276184,4.751563120114647,0.5949488558184777,2024
AUDUSD,2.0685768551547032,56.66432231026956,13.241179657355739,1.533344442212187,2024
AUDUSD,13.13056252451124,66.25731299233134,13.130562524511237,1.306212359396017,2024
AUDUSD,5.017957378307186,59.526183557827245,9.374871148965381,1.040048200448551,2024
AUDUSD,-6.913091246990286,48.13126074353332,3.572908741906982,0.4658089233643614,2024
AUDUSD,-16.520016922392237,52.726651485699975,2.0176658535967085,0.23129536287954608,2025
AUDUSD,-20.287432989213112,106.09990162486437,3.820220408306646,0.199418106498011,2025
AUDUSD,-1.7604910404872751,108.66532983003322,7.2575466425573145,0.39801928455767455,2025
AUDUSD,-7.287522489122945,59.89927173748029,3.8400087307709283,0.3964887977868989,2025
AUDUSD,-8.975262500296049,45.437799214258625,4.528476736378066,0.6313931157644416,2025
AUDUSD,-0.4131050761463276,43.587605666590235,2.4795326339451966,0.38250707415189394,2025
AUDUSD,-4.7601308958178015,45.00879106818205,0.33428789794966884,0.06237799375741711,2025
AUDUSD,-0.924930962502573,46.29190810995905,3.4392148008455514,0.4667393708029739,2025
AUDUSD,2.127992606668291,43.15891483425909,2.8571116139877333,0.44277130100316575,2025
AUDUSD,-3.984513324462921,37.537335800804414,3.129938633111575,0.5284257662666879,2025
AUDUSD,-0.6022590099689284,33.20511938678512,6.992964359162476,1.353877285781278,2025
AUDUSD,16.494842190003205,56.69488348029237,16.494842190003205,1.8660822482868273,2025
AUDUSD,9.777091645993945,69.59658376527679,12.910410566931349,1.1794433678024374,2026
AUDUSD,-10.656885039355515,70.91544002869888,2.260813921001721,0.18422479907192751,2026
AUDUSD,-3.3698475357080175,62.636569666481066,6.414532503711823,0.6437596766935652,2026
AUDUSD,4.144336536280316,49.49688622855419,2.6110001516117745,0.3575841538853762,2026
USDJPY,9.959542068177196,99.61823211173582,0.999374811328396,0.03356979167621,2008
USDJPY,-2.740711987406282,67.96746594025771,11.566774297422102,1.0808274692023612,2008
USDJPY,-1.647815028316931,65.65294731937753,6.7873901581578755,0.6490272237669226,2008
USDJPY,0.3074117413039276,62.761090889623404,7.333801482573328,0.7371730347619329,2008
USDJPY,1.4499839194389712,61.169791861927735,5.647599475352534,0.5788469552610508,2008
USDJPY,5.072379323640291,99.35795676425964,4.523510622289882,0.32676119448790936,2008
USDJPY,19.482293911883886,139.11308247375663,25.685183977465698,1.2425146037298092,2008
USDJPY,26.097549973143227,168.92391693395444,26.097549973143224,1.0558485477270732,2008
USDJPY,17.88792759521334,155.35198083840615,20.325600486439072,0.8976023287859424,2008
USDJPY,9.968827975511735,102.47494569884957,8.302386020692982,0.5577248885455641,2008
USDJPY,-6.11553928978342,77.77981509544136,8.165861948135225,0.6555883197904631,2008
USDJPY,4.198146294062299,93.95265533084306,15.160745449400292,1.0153241239279815,2009
USDJPY,12.77886595832891,104.13553972573723,18.383680967982468,1.1101352117196166,2009
USDJPY,4.64464140761262,90.49992505583417,2.6444948853402535,0.21801797375652365,2009
USDJPY,-8.558399687607274,89.71749130914026,4.07625058544882,0.3228851885787868,2009
USDJPY,-12.52404667891436,90.63691280723023,3.5065773402892253,0.27949285195626744,2009
USDJPY,-3.4466633781625715,81.0876802482633,3.2043181258020876,0.28180281999120876,2009
USDJPY,-0.4285737359186404,66.6799001276372,4.7541607470033425,0.48319928570967896,2009
USDJPY,6.6308992184654585,55.711310879911665,16.30834241645401,1.9163433585883596,2009
USDJPY,-3.2514832558624764,68.74504631045542,4.6200386981594335,0.4574361964038583,2009
USDJPY,-10.15061176425127,91.38292186237568,3.253999998509732,0.25972155354756343,2009
USDJPY,2.608635003753599,87.26567572805743,6.907804253464954,0.4852403969482844,2009
USDJPY,3.633589494838284,65.75768739422642,2.8504321814948064,0.26006246176413256,2009
USDJPY,-17.409038010626176,66.40708902231354,5.246184804465904,0.533159977301593,2010
USDJPY,-6.230884178733588,56.026455421224135,12.895208298547237,1.4730119558870987,2010
USDJPY,7.531069183562281,50.58871747690223,12.05462432927901,1.5274138259815195,2010
USDJPY,-17.135446170332273,76.5954063095785,5.332033875175715,0.47565578269007386,2010
USDJPY,-13.268514854364598,72.74069172174356,18.374197245598317,1.6617285322050026,2010
USDJPY,4.535253727185416,49.1347818679531,14.878831814080229,1.979517020870751,2010
USDJPY,8.497513907542427,62.281930898357906,8.497513907542428,0.9043019288055472,2010
USDJPY,-1.0679900602134307,72.9695582573712,6.782982915768928,0.6255351793808976,2010
USDJPY,0.6032873114634353,62.42319929141648,8.454260287445791,0.8976267013840995,2010
USDJPY,8.892084301218102,44.187688319228485,0.7144904982746083,0.11877203659276724,2010
USDJPY,0.8769145630897988,51.169715315208265,3.82950984027305,0.4687204642320884,2010
USDJPY,-0.43901471398627523,56.654362006152596,3.032154685594368,0.364818292931057,2010
USDJPY,-7.761211718922782,52.53708930173155,0.1530914200215645,0.035466748106474134,2010
USDJPY,-4.851320585121531,64.33979734571275,4.645072672523633,0.48844465952663824,2011
USDJPY,-2.8414938671783596,67.99622604241131,2.373508151362719,0.24785291939399706,2011
USDJPY,-7.403538281166406,53.23905937318478,2.5900269936981895,0.29842083316552404,2011
USDJPY,-2.906874324713935,47.354313544220766,4.778991990320064,0.6691732246395415,2011
USDJPY,-7.174337119099853,43.4454974979518,7.408573665841858,1.1193320244368101,2011
USDJPY,2.609304445325031,61.95765663528311,10.686948302860698,1.1379591363878423,2011
USDJPY,2.2713975199000798,61.769693057992626,7.320934490243836,0.7878144649687172,2011
USDJPY,-9.355981075265548,35.86464326082954,1.8740394526329225,0.3272596476135569,2011
USDJPY,-16.68642307411522,60.09851671615072,1.328447121049884,0.12453034146737431,2011
USDJPY,-8.321794742789452,59.08172757068065,2.5125749554825534,0.25718904644198565,2011
USDJPY,6.145376741934003,29.497335899050093,0.6379298733153831,0.14949877386070312,2011
USDJPY,2.8414840994950756,36.8866056295043,0.885154535645728,0.16719951175706368,2011
USDJPY,15.566715777879839,57.42987788544247,16.9172666390101,1.8893376392221966,2012
USDJPY,12.110361856411659,70.67503804363837,12.162857774854062,1.0923334775634115,2012
USDJPY,2.77767620311224,59.755902734202074,7.423204780036155,0.8242884416210411,2012
USDJPY,6.817537966862796,50.62554346542152,6.817537966862797,0.8890889704396568,2012
USDJPY,-7.009210040500828,50.262003037170324,0.0817560207893877,0.005381074938337417,2012
USDJPY,-13.47450495272902,38.83764526692732,2.4587826237825503,0.4226378806363517,2012
USDJPY,-8.328386968005068,30.87057527540609,4.548808777484891,0.9649358402288204,2012
USDJPY,-3.79489278706729,37.150214315513466,0.6468725830889785,0.12460318500992525,2012
USDJPY,2.368590588948321,37.34325761232392,4.6506002931806245,0.7950971810030414,2012
USDJPY,9.37721661618185,41.33112126206914,11.74772707143456,1.827937046502847,2012
USDJPY,17.505688588129466,46.74531685552336,17.505688588129466,2.4101295289012623,2012
USDJPY,23.166578808036416,68.67923573277697,23.166578808036416,2.1619365121698246,2012
USDJPY,16.92768672095623,81.43714781666854,16.92768672095623,1.3203414501479158,2012
USDJPY,6.872855948779199,70.93791564271547,10.251771836603423,0.913732887152331,2013
USDJPY,-4.246325725394955,94.14573367304547,18.429350051725695,1.238012860921447,2013
USDJPY,-11.689269660505953,100.17383345317245,17.498559894806228,1.0997198899653646,2013
USDJPY,-15.272989975679469,97.85058012414001,3.672053972897329,0.27430544513444177,2013
USDJPY,-20.654463096950124,98.33981687843416,3.7622629236203737,0.2792701210663594,2013
USDJPY,-12.644871322150431,79.15600343025379,0.7449432142108718,0.035909699989917034,2013
USDJPY,-15.920910465319556,75.09265966029231,0.001980000842965219,0.023553537630677353,2013
USDJPY,-19.396398905198904,62.860271211066156,0.024763676568652027,0.017324043317518318,2013
USDJPY,-7.218871238632795,45.584379719870256,1.2175032566557107,0.15866469894849966,2013
USDJPY,5.038867814462688,48.142199202433545,11.769489494348221,1.5682678155409517,2013
USDJPY,11.162656406289996,54.19399488591515,11.162656406289994,1.3170582233831674,2013
USDJPY,2.498287855964454,55.56110904902124,0.923419009438867,0.12529399011347514,2013
USDJPY,0.6641108339584803,47.669975703160084,7.42279946996364,1.0246316100087338,2014
USDJPY,4.815591693366701,43.87923053347968,0.5079044400729023,0.08890963244253369,2014
USDJPY,4.171954571350427,37.21044160578295,2.1755022469226764,0.3670764389787171,2014
USDJPY,-1.6365418527121658,23.44455777187267,0.22530896229722153,0.05486976276375657,2014
USDJPY,-3.6206481969387276,23.277054763726515,2.156175691598713,0.6077411435944764,2014
USDJPY,-0.4386893655354355,23.391570750832592,0.06169275586466659,0.009700075729093082,2014
USDJPY,8.900532330663978,32.57861508804716,11.136452391240397,2.2038342216134144,2014
USDJPY,13.851075389142828,48.68848007123111,13.851075389142828,1.8270432631620654,2014
USDJPY,3.0223188829079493,69.61759810207052,18.660700923774524,1.713692779634893,2014
USDJPY,9.129904003052596,63.87325418876291,24.768286043919172,2.489949619758648,2014
USDJPY,2.155496606031899,66.84578431606866,11.954354827850485,1.1371925371430107,2014
USDJPY,-9.852721782207354,76.26043728535751,4.142549030535607,0.37622329104971747,2014
USDJPY,-3.4650341186071136,61.26491046174,1.4332414084336893,0.17099957577387373,2015
USDJPY,-5.226242064328479,46.87721185680989,4.101430097415757,0.55209308552086,2015
USDJPY,-7.078705578995337,38.788508128063626,0.24119787351408634,0.05257330959263104,2015
USDJPY,1.6440897253134008,38.72914067209285,8.970073779120323,1.4881113280302618,2015
USDJPY,6.216577038157503,48.629239096135045,6.397070048092983,0.8368739508868203,2015
USDJPY,-2.5160247329265917,51.730763824560775,0.9456517207431658,0.13486575470904008,2015
USDJPY,4.842018934388716,62.217169907030026,4.940973741187071,0.5346186333442777,2015
USDJPY,6.6495945719712735,62.75837329719675,6.262887761421043,0.6669360651072037,2015
USDJPY,-1.5801837580613542,43.836645271259314,2.8685085134365416,0.4101381178401028,2015
USDJPY,2.8193010737243958,36.010728090029964,5.311932671041231,0.9443515088807303,2015
USDJPY,6.5522444858364475,41.13656411597774,0.7656742769054792,0.13365181850832855,2015
USDJPY,9.738541202023699,45.086936710018925,9.821156295864997,1.426683685661485,2015
USDJPY,5.262191645033676,67.61537198662346,17.03447606924932,1.6555316926708736,2015
USDJPY,3.929738480785683,78.35889019798141,11.662735704961115,0.9899632491092529,2016
USDJPY,10.422287692231931,61.36753561738256,6.996410523960236,0.7585618057166778,2016
USDJPY,3.062999651662802,81.82332836878487,3.888024468684579,0.3340418546506098,2016
USDJPY,-5.139197923538374,89.16675254896576,9.509328532931473,0.7198797710904007,2016
USDJPY,-4.451032841200907,88.9152592891161,11.430554543341298,0.8618388940635093,2016
USDJPY,-2.0616596546931043,95.90208335900164,7.634171233933897,0.5465612929824923,2016
USDJPY,-6.16161250253555,78.84636755657368,5.077057502033767,0.442516271984656,2016
USDJPY,-12.911705174631834,63.65479874956648,7.241040386650822,0.7167754875776584,2016
USDJPY,0.015521728955444505,57.04188454455844,9.979754974939642,1.1152586700006077,2016
USDJPY,25.293211535920687,69.905932312086,24.08246359685173,2.2079427399808647,2016
USDJPY,19.945138004647838,78.56346077953602,19.945138004647838,1.6189216498448762,2016
USDJPY,5.255688424818965,76.96133213885678,5.769406989276928,0.5103022936324408,2016
USDJPY,2.577508201924852,67.74084606321125,3.028811257670167,0.3112343434863474,2017
USDJPY,-0.935932621433514,50.74750211857303,3.0539562585949316,0.4061161336153217,2017
USDJPY,1.3691399841513945,50.34584591928353,3.4948386250282804,0.46588373907255576,2017
USDJPY,0.28396049305055404,54.98356597144688,0.9196295035527695,0.12580928345871661,2017
USDJPY,-3.4762608797461185,55.24365106976777,0.7398624510476131,0.06931736480895158,2017
USDJPY,-5.710354995042436,47.45069977535968,0.8956754754207457,0.1073423274974784,2017
USDJPY,-1.9057703928830267,49.96937723834495,5.927812995537996,0.784845413529205,2017
USDJPY,5.004522867237517,60.2038971796097,3.8337759616356255,0.39359668260286035,2017
USDJPY,4.913802205740082,50.88223089188165,6.278594063376676,0.7833793485206602,2017
USDJPY,-1.1772084704595143,38.955150952787214,1.7106391230217337,0.2969450201449041,2017
USDJPY,-7.994846003908787,37.0199024149653,0.49638164399845586,0.07517097278701533,2017
USDJPY,-1.4823448089190385,39.59727913943509,4.140059425719468,0.6902749190105941,2017
USDJPY,10.244881190364131,50.586307979208,13.610766098817173,1.7609562956254212,2017
USDJPY,7.428350558757101,52.4340472120634,8.991767191910151,1.1284955578976246,2018
USDJPY,-0.09809664801750492,46.53203191857389,4.381210537291141,0.595366838473464,2018
USDJPY,0.9379389791264416,41.11756170264251,9.664089543190926,1.5095063462470848,2018
USDJPY,-3.042151399291806,39.24619395242209,2.578893900501911,0.4133839805841998,2018
USDJPY,-2.17750886372774,40.47534394737986,3.4435364360659753,0.538475844823058,2018
USDJPY,4.124877884506559,38.64251784960624,0.07064543272285372,0.00036316900824603584,2018
USDJPY,-6.80043106936796,39.03104435052581,1.8667026054200058,0.2975778677566826,2018
USDJPY,-6.922392569424069,40.043729398782,5.798973557147604,0.9255806984530385,2018
USDJPY,-1.8500314002968383,34.429432211738934,2.7592106526224445,0.508415516968362,2018
USDJPY,-7.963860536597348,31.33142874981998,1.6220635741099834,0.32557309156138237,2018
USDJPY,1.9451496277880191,50.1836322422497,11.306581280935081,1.476951968472696,2018
USDJPY,8.964983070509133,50.61065492186339,5.9515772672538585,0.7784418076094325,2018
USDJPY,3.1850040932990513,28.213901170050207,6.496856722047208,1.4829352243567446,2019
USDJPY,-8.608855213647653,31.389277588520724,2.4769795108600796,0.5014109258137565,2019
USDJPY,-8.666577122641032,29.74611220246739,2.6953379141585785,0.5967276583932467,2019
USDJPY,4.876970687404328,30.227160721477453,7.0700601455415635,1.525954431149434,2019
USDJPY,1.7190643599935422,34.72885138179476,2.1316788657981043,0.4088417843000738,2019
USDJPY,-1.2148169068990418,42.02271962264477,4.9038126428768445,0.7697875902712715,2019
USDJPY,-0.1179261180806027,49.36232099315235,3.9828039749614135,0.538645571352273,2019
USDJPY,-1.2955845222053195,40.05885435542618,1.8222476640023761,0.28211343329769234,2019
USDJPY,-3.2257956938161447,30.390749491764225,3.645241605655724,0.7675824684672118,2019
USDJPY,-6.300982679101976,27.10614898388129,3.9513627926041073,0.9359636315025682,2019
USDJPY,-4.74703668784949,23.35255368183584,0.07039098394398138,0.012155966430522134,2019
USDJPY,-0.6618966805143984,29.135171868697583,0.5404059302450375,0.1110093837948615,2019
USDJPY,-2.326113476169179,46.25884092590141,1.4972010231883726,0.2244123687720762,2020
USDJPY,-11.965628572512466,105.22102025076276,1.2596099656168405,0.11071517036544513,2020
USDJPY,-11.617110593411624,101.33127150812886,2.246414606409159,0.17557154930419697,2020
USDJPY,-5.998263482849733,37.33592967412779,0.5077346130468624,0.09993202281110553,2020
USDJPY,-6.745885332833138,42.27500662986631,0.9843035023535516,0.13752637225491585,2020
USDJPY,-1.0603685748775136,40.7196472780287,3.6735098356062093,0.5976509945018558,2020
USDJPY,2.207737448386148,39.57077717834303,2.5169636170714007,0.4247835456510822,2020
USDJPY,-2.1118116734430394,44.65948545163762,2.3083378746861585,0.3491475682074584,2020
USDJPY,-5.606285075550774,35.732314005630535,2.913912985824716,0.5399013240346037,2020
USDJPY,-2.8999996055573147,38.59652618482302,2.768002687245562,0.47699362703452913,2020
USDJPY,-1.2827490470075413,38.44638746675185,3.13349210543059,0.5403814384553512,2020
USDJPY,-4.68598107429292,26.744061592145837,0.23892462250086316,0.049443898367333636,2020
USDJPY,-2.2456518167234143,29.362513873264362,5.8981518339639205,1.292151704661978,2020
USDJPY,7.649964836220137,31.761803340947182,11.318505770908756,2.2981227294421216,2021
USDJPY,7.197440255313395,31.31649227999755,6.480782349853,1.3308320660824846,2021
USDJPY,-2.6364709639179305,31.076223899255726,0.7193695607914967,0.14019389464938187,2021
USDJPY,-1.2444467463469282,32.87726570105721,2.95168057414892,0.5713581384440738,2021
USDJPY,1.5766783981824568,34.494356802004454,1.700307288508483,0.3085097873367789,2021
USDJPY,-1.5459287954398877,33.57408533991601,0.7440331978163834,0.1329894031913583,2021
USDJPY,-5.357715162096446,28.543415254262023,0.1854188447078916,0.05113653032013294,2021
USDJPY,-2.790894906654675,34.44881470791743,6.420364101285812,1.196575734172207,2021
USDJPY,1.5863892448246997,35.1654497671699,6.51939111643711,1.1899852629719394,2021
USDJPY,-8.108880191317436,43.69920529150935,0.7057956310888676,0.09081368886588506,2021
USDJPY,-6.547422081406722,42.90286423908544,6.234684812257286,0.927897491352768,2021
USDJPY,-5.4016217142030865,30.973437426320743,3.1104111412150193,0.6409223211807586,2021
USDJPY,-10.024701398432162,35.58182201408608,0.9658264169776485,0.1871699336301704,2022
USDJPY,13.946187663928052,51.53107661769644,17.10581490736213,2.1332296612635053,2022
USDJPY,27.232885351015945,66.29991528573909,27.274162209351708,2.641557693561261,2022
USDJPY,-0.34818335097409403,65.37292451935998,12.007910029543405,1.1690940008280777,2022
USDJPY,-4.527695225395681,66.70958843764242,10.998220178007838,1.0468268432960908,2022
USDJPY,16.404267383367387,73.23169092191259,2.929583978301781,0.2360764515276697,2022
USDJPY,2.014259187412038,75.37808771237981,6.439572569687682,0.5296292882727005,2022
USDJPY,1.7159560190027772,76.01386962166552,22.785774829230046,1.9164708293684147,2022
USDJPY,12.8065347323126,69.23347496760721,12.806534732312604,1.1761206648870437,2022
USDJPY,11.734531553506027,89.09677664893059,8.573046224594734,0.6523005986327367,2022
USDJPY,19.29826343879219,110.50885441565487,22.45167255250538,1.3535229253457577,2022
USDJPY,15.19293363850485,97.87252115483561,15.19293363850485,1.0380681292319611,2022
USDJPY,2.3792314530508185,74.51610470557515,4.1308049474794055,0.3355706760437838,2022
USDJPY,-1.9962680800925274,73.99871767221529,1.4601023636169543,0.10447110544502504,2023
USDJPY,-6.436809008108246,67.09556718968983,1.3078804994829492,0.14756043034851551,2023
USDJPY,1.6197227919225026,63.26818440844188,13.987363415079788,1.411815270656619,2023
USDJPY,12.756745175718502,60.06509452358864,12.756745175718496,1.3565691904769739,2023
USDJPY,3.409626687968383,52.10824797297642,1.7483032724725196,0.20091212705301476,2023
USDJPY,-1.007684202433096,62.6177438439132,7.445634536310451,0.7505269186772416,2023
USDJPY,3.6558768161001582,55.9407037957283,13.770518970339571,1.576589124539166,2023
USDJPY,6.317315386263371,38.982303479471724,6.31731538626337,1.037588009363094,2023
USDJPY,-2.8290805080534986,41.07774350129861,4.337452740893081,0.671196864025269,2023
USDJPY,3.5545812914213726,64.54550545513277,10.855837787163331,1.1110939322897948,2023
USDJPY,2.639310046876113,68.222002488527,8.442976023600657,0.8240490320850999,2023
USDJPY,0.19167723899332542,51.87512982016711,10.686343496047838,1.317976144028234,2023
USDJPY,6.372060064836926,44.10569197963332,2.762973555570171,0.39200863650356765,2024
USDJPY,-6.138654639132558,37.721150344084506,4.056494789067502,0.6848862444704483,2024
USDJPY,-0.001655609678787058,58.909689051768794,13.802580327788029,1.4987685032983735,2024
USDJPY,1.9186300526688609,63.54582481741141,6.243213902379337,0.6163803223386648,2024
USDJPY,3.805269023357592,39.591036057734904,8.129852873068069,1.3177025861244893,2024
USDJPY,15.561406925610523,68.6703801649519,15.373715532600242,1.473931616837143,2024
USDJPY,3.987658575143974,82.28417642394199,23.54984372801762,1.883189854143307,2024
USDJPY,-21.2960975821216,83.6476283900168,1.613762570574297,0.09855359316641658,2024
USDJPY,-8.670656318146289,74.53580764954016,10.874071516866321,0.9214065879213085,2024
USDJPY,15.26652850040771,67.85219620574861,5.286801901359106,0.48339290085902487,2024
USDJPY,-6.740563326735055,70.09940743874199,7.985735233156033,0.7158890704986997,2024
USDJPY,-16.164751285806304,52.74182075281264,9.243776232857774,1.1187019210249267,2024
USDJPY,7.53708287551126,53.14528816826692,12.50893913089928,1.5432042378511244,2024
USDJPY,12.174328159004487,58.038841691648955,7.153161806453534,0.8174078338463115,2025
USDJPY,3.0111632311669294,73.47934198528058,8.284432315640498,0.754344632010085,2025
USDJPY,-8.487385628887994,85.99703406373781,12.974437914138987,1.0056282402016066,2025
USDJPY,-15.032105289482812,78.07612312496866,2.458693114460136,0.1794449663708355,2025
USDJPY,-7.698712440339802,62.500378498364974,6.319672787660583,0.6353269600220223,2025
USDJPY,0.5152241514847666,60.704684213992145,5.785042866794139,0.5981511077548092,2025
USDJPY,-1.6381209267642907,59.066567802301186,2.6734637623807673,0.2745227500470603,2025
USDJPY,2.5548101906686576,61.4616004072624,4.061591670244642,0.4088094916376677,2025
USDJPY,13.04444086927884,58.60564891221126,12.16699534360924,1.3261758233719874,2025
USDJPY,4.531625876488623,41.532610942331246,7.345827677902276,1.132697316098166,2025
USDJPY,-5.031231716524123,42.854210410691884,4.724881316879103,0.7008483116852816,2025
USDJPY,-3.910071166535808,58.28941564932024,4.259242636431531,0.492141216982647,2025
USDJPY,3.2782213961381435,58.613449601732725,0.9820632066958099,0.08998340029222852,2026
USDJPY,1.408992924505415,44.742621488385936,9.546934130244702,1.3680226481081599,2026
USDJPY,-9.08036498280293,49.36316431205201,1.79697862072141,0.25165905270413086,2026
USDJPY,-6.871580298161733,38.660960928504444,2.0655812040739523,0.3338777861889829,2026
USDCHF,14.505039619989057,83.40199890262592,22.903422791286758,1.8082245715821872,2008
USDCHF,12.71733104408814,95.32899540359894,6.129151194394235,0.4469597560304986,2008
USDCHF,-2.899966673156411,78.82327722335724,7.934636499740265,0.6272423730539113,2008
USDCHF,-1.1050737655343417,78.71411624077098,1.8909977077561209,0.1307552316554158,2008
USDCHF,-3.664006960648866,78.68247052473131,3.5808295887980917,0.2700010446956756,2008
USDCHF,8.981820308076719,66.03722211439255,10.574991164207686,1.0164412196207082,2008
USDCHF,14.881531445660558,67.83756065138938,14.927385126564795,1.40356303713367,2008
USDCHF,-10.169289584947308,88.82445487374818,13.620609318722892,0.9649551892219472,2008
USDCHF,-3.364272394362566,93.62939504006157,20.425626509307634,1.382763005517939,2008
USDCHF,30.99280338027583,126.05017075713218,15.49324582894085,0.8374975503090738,2008
USDCHF,12.397938627623597,136.6185084270574,15.369060770318457,0.7731416022716042,2008
USDCHF,0.2084282858848904,98.13381034741126,18.92747809715952,1.2179290940465883,2008
USDCHF,4.427124690522679,85.48322997614649,13.28289336108515,0.9794239535618389,2009
USDCHF,-11.699626880818743,101.21217787969282,4.180386218273927,0.29989043745825783,2009
USDCHF,-18.564644355127328,99.88452642828707,14.666823411837923,0.9841814021689311,2009
USDCHF,-1.4399059288753484,85.56514991554002,14.368588620535832,1.1161803086426778,2009
USDCHF,-11.491184220003479,92.83306942853984,4.975112543121991,0.37667944952815424,2009
USDCHF,-24.649969177316798,89.1843827978029,4.100872528979309,0.2698161661939766,2009
USDCHF,-7.4956797732894405,65.44249125923665,8.866820453377716,0.8992104065023594,2009
USDCHF,-0.13010082138406143,48.85330946883087,12.149599520071078,1.6282166503762483,2009
USDCHF,6.773196989291674,49.54598214665678,6.773196989291675,0.9019401598181319,2009
USDCHF,-1.6272981104948403,60.75572745233636,3.2733049558622946,0.368416344937856,2009
USDCHF,-3.0986216263633986,57.0111755585395,3.2558659911770196,0.3520544241005998,2009
USDCHF,-1.2771094472901903,49.521490150675916,8.965195877125087,1.157090453832747,2009
USDCHF,-0.31127104998119814,57.81321125755037,8.900314157957894,0.978986353958054,2010
USDCHF,6.194901649879755,60.67957456410659,0.05555688301186891,0.013263533517348346,2010
USDCHF,-8.22186782697798,60.2682253781132,2.363910931335298,0.23513582895037938,2010
USDCHF,5.43129507754632,68.08334666745213,22.156418602727484,2.0853172254160373,2010
USDCHF,23.014656567454864,70.99754742257218,1.3477252004276803,0.10062343518808602,2010
USDCHF,11.796877005304944,62.928899553253494,21.171820236917952,2.2026848009369475,2010
USDCHF,0.5101367704918919,74.52616884810615,12.901856176950426,1.1462885165208334,2010
USDCHF,4.392336333383158,71.37991147515572,16.78405573984169,1.547773885818604,2010
USDCHF,11.90509175654077,63.31351197454519,11.90509175654077,1.2393788691829943,2010
USDCHF,-2.2247697114800826,68.33494287280686,3.374215339577317,0.29832787783182474,2010
USDCHF,-1.3286192473734342,73.01236005821399,5.180751982062466,0.48314610949213765,2010
USDCHF,-2.4430957582230652,73.85123822748493,6.927525228230311,0.6314943659815874,2010
USDCHF,-19.614394404404443,72.27356314953667,1.5795776171374456,0.16445264015154357,2010
USDCHF,-3.968562884454918,64.82043602663764,15.513605008166728,1.5728036448277616,2011
USDCHF,11.44012206919393,57.75285860183847,11.44012206919393,1.3028052656953781,2011
USDCHF,2.3215192424266076,62.18035513944325,6.191675883909178,0.6652157043023137,2011
USDCHF,1.2728327288281704,73.60950460714527,13.449317039289724,1.208247310956186,2011
USDCHF,3.846949583861876,74.57517372402046,18.404451344971303,1.6246227485464133,2011
USDCHF,11.750604369499369,135.60012281940564,18.00177846162982,0.9039940701491299,2011
USDCHF,23.780784020023614,207.88231836077304,20.47143334576755,0.5739627670135179,2011
USDCHF,20.00391994732734,177.11408995961494,33.41559787240092,1.1670870192478464,2011
USDCHF,-2.4110628783024817,103.42663753396639,7.3679181255792425,0.42875784203454015,2011
USDCHF,-2.387992326458376,87.22777787458618,7.390988677423346,0.5213496860382684,2011
USDCHF,11.096656311806239,66.52730024480948,11.096656311806239,1.0593869562008547,2011
USDCHF,12.24253878173489,69.54798748735327,2.5837794191703125,0.26279529096742216,2011
USDCHF,3.5412867372658705,57.81967222111492,7.769516779718499,0.8895058681897883,2012
USDCHF,-19.847969938122603,57.98739596668711,2.183469540391508,0.22567927286797607,2012
USDCHF,-24.364935865106343,52.57115174922924,0.40206447723911154,0.03294937847501596,2012
USDCHF,3.64776371143544,47.17601304904465,9.950709599934262,1.351398885134462,2012
USDCHF,6.47162816839453,57.036000406489876,9.021618980151905,1.0065600598990911,2012
USDCHF,-0.26436062690124745,59.05464791597443,5.7067289869048405,0.6073726032305315,2012
USDCHF,3.325887875185511,54.89519457700954,1.9350074444090826,0.21101548181862714,2012
USDCHF,4.720544217943605,47.29509333757008,10.212732750342042,1.4151845554645992,2012
USDCHF,-3.12277635355888,42.94174675928207,5.897874573741522,0.9039722093054807,2012
USDCHF,-8.72393578399133,39.90879803747147,2.25930787250623,0.3795482149634094,2012
USDCHF,3.915366655226154,33.85994201658016,5.8779593844233124,1.1360764064387652,2012
USDCHF,3.66709508087582,44.60775768235112,0.192217528926799,0.042029882446813854,2012
USDCHF,-10.129724037062445,49.365950870589586,4.340271926676631,0.5540531186276156,2012
USDCHF,-4.451367826974307,51.150002748355284,4.914315969964045,0.6063291370571188,2013
USDCHF,3.6774702769919205,54.149189298718596,4.285556584705398,0.495710814983158,2013
USDCHF,12.642915918804636,57.726161106567794,8.062127563374656,0.8865613209793709,2013
USDCHF,2.0464155650438958,72.84051930861129,4.705489723132054,0.4417962517764261,2013
USDCHF,-20.698473511615962,80.29341110044348,9.451278145748368,0.7887502079721149,2013
USDCHF,-7.870648730123698,67.64204477288077,0.24105633592706532,0.044620902627948746,2013
USDCHF,-1.903818060296068,50.378350256743836,3.6685284191049847,0.4879411949791057,2013
USDCHF,-7.028698675187935,50.39512796305944,2.5095290406009667,0.3387144041863372,2013
USDCHF,-7.685535721713348,49.01559701330116,1.9430063535467008,0.27246519261250224,2013
USDCHF,-2.4263456854536924,45.47133800319222,6.4713318592815465,0.937021411830079,2013
USDCHF,-1.496866090623182,45.78619558768813,4.799347314866959,0.6939467207110905,2013
USDCHF,-1.378570166407437,50.533537228109154,2.5303291654833417,0.3084681356249195,2013
USDCHF,7.7479111569621315,47.30069168848107,6.6252774508402625,0.9230579267954748,2014
USDCHF,-4.0042012842375,38.387447326079084,5.905427562713373,1.0094344509472222,2014
USDCHF,-7.891947780868683,32.02018613647965,3.3126016414195654,0.6602365613176919,2014
USDCHF,5.44635934578021,25.51999490110015,5.6518350279094465,1.4268015507003153,2014
USDCHF,2.196755060686223,22.907577240906456,1.7149143623957865,0.477873734200557,2014
USDCHF,0.42954994738635577,21.941826856278325,2.8707574855861626,0.8408491155533736,2014
USDCHF,7.628312680128799,33.52454701868171,10.551360916619043,2.0281080956811373,2014
USDCHF,15.156851053054275,47.41626144431267,15.156851053054279,2.0551225738783123,2014
USDCHF,2.5014815488484397,54.00700936021394,8.213582569314545,0.9681413100468377,2014
USDCHF,-8.070895766082137,53.58162377062086,1.3534816905709977,0.14674151493090337,2014
USDCHF,-3.2813452295093293,53.93073586274584,7.213477309199348,0.8495037641208626,2014
USDCHF,-52.67113713164074,267.4013680666461,8.583544798568873,0.30194568190182147,2014
USDCHF,-47.36292713682193,267.38919875342106,5.918775871887684,0.23731983133444823,2015
USDCHF,7.481659318393774,74.28847775933563,11.620764352777808,0.9896041289989667,2015
USDCHF,-4.3739473998446865,84.51922911705985,0.8708076086098926,0.03995319790747364,2015
USDCHF,-6.491975973660068,77.9164341059609,4.066576479321293,0.362982749255693,2015
USDCHF,-6.109685104106022,71.51666808300808,4.65757560210976,0.44484120776163605,2015
USDCHF,-0.13834376894779307,66.6815584445673,3.2957582436985007,0.2991794081178083,2015
USDCHF,13.177164791824968,68.06991392127719,0.667603379785886,0.08511512738467916,2015
USDCHF,-2.404347344110774,66.07576885424322,3.4457720208938163,0.3169911305791917,2015
USDCHF,-4.243749398166827,55.85249742142044,6.750189641601309,0.7653591250177196,2015
USDCHF,5.5962037112854075,49.302836794752466,9.272244289132583,1.2026884917266631,2015
USDCHF,-2.533364337080462,62.42500651868906,8.101039453293689,0.8208435226434512,2015
USDCHF,-6.184313619497983,63.16027207868433,2.219168939388032,0.2478350979445318,2015
USDCHF,1.4020232258374743,59.98811614127179,0.4159919260083538,0.025925839686349702,2015
USDCHF,6.842882701225103,61.3289908894608,8.549085822689296,0.9232564020675248,2016
USDCHF,3.351717351491268,48.85464417422952,6.028547097206571,0.8154325968132313,2016
USDCHF,-3.712223489187973,43.00862684705629,2.775789117117384,0.4046431431700738,2016
USDCHF,-3.983529171643374,49.8087647426922,0.788754912684777,0.11839734156026538,2016
USDCHF,1.07227769199535,48.04395933449373,1.6270079433191746,0.20423892770267668,2016
USDCHF,-4.600237276478102,46.185587202013195,2.8899671365132757,0.39085461029905305,2016
USDCHF,-5.111539166837485,49.308162159926695,2.11660435305585,0.29384546160362013,2016
USDCHF,-4.42298819199256,46.915943273013944,1.844871851349633,0.23997342132122126,2016
USDCHF,-8.110794273542087,45.005763393774444,1.1660875546968106,0.1536466356468543,2016
USDCHF,-4.733018845943159,44.51625452801829,6.012466705419471,0.8609453751690421,2016
USDCHF,-1.1825894824543057,47.4947924002304,7.3564810989737035,0.9884257028054206,2016
USDCHF,3.1685381289305132,46.557627420436724,3.4098133864381355,0.48945565139090585,2016
USDCHF,1.4377435634498734,40.06849538123736,0.5941951326000563,0.08342610435408632,2017
USDCHF,-4.241114213295431,38.882167260305366,2.36699896581776,0.38217000411276686,2017
USDCHF,-6.397168104751389,32.79820332192905,4.183546639353714,0.8372154732126221,2017
USDCHF,-1.7435172410505286,45.5970992281237,7.236086809126939,1.0432847822667686,2017
USDCHF,4.902391256591313,50.12679001475368,8.796633172141743,1.1536845045826079,2017
USDCHF,2.7941815216453665,44.66699131606515,0.8604842408778335,0.13899099817472998,2017
USDCHF,-7.86498772231237,49.73692686249589,0.35225964654627184,0.06161715112495691,2017
USDCHF,-10.929934911726345,52.70640462615548,1.2331050536672281,0.1349663207531719,2017
USDCHF,2.55163557676563,46.61976495603429,10.413425193723235,1.432148250228406,2017
USDCHF,7.395038424952966,40.069222918279685,1.7653886922178836,0.2728401635089097,2017
USDCHF,-6.581299829733651,38.61820781564753,2.059853696499969,0.3579383889867004,2017
USDCHF,-4.78448669123055,44.03771810552238,5.3216957892329315,0.797311281106998,2017
USDCHF,7.288328308255173,52.3842944944967,12.300968062277466,1.539360500582082,2017
USDCHF,7.930217839113893,51.6277648726506,2.429051115190423,0.3212998837909426,2018
USDCHF,10.496562898812599,40.16819463210346,9.03828535106978,1.444903040298065,2018
USDCHF,12.383067528765272,31.878954614558488,12.38306752876527,2.505776186943196,2018
USDCHF,3.0056924199331765,35.16718832528929,4.785005655344825,0.870496741255003,2018
USDCHF,-3.063593442355913,38.22696763705177,0.5389153286521924,0.07929234740612773,2018
USDCHF,-8.146714723077322,32.12965760264026,0.7964635586463871,0.15047679415262236,2018
USDCHF,-2.6153001927929034,31.86469137576471,7.587691077904199,1.5538887030287327,2018
USDCHF,4.813732734633002,42.50221926350494,2.3882308922422766,0.37762926762178856,2018
USDCHF,4.537615969542192,38.74519210074851,9.428025973905463,1.5640140778123635,2018
USDCHF,1.5953053751681845,30.62180013165199,1.4145794005016032,0.2896615870862004,2018
USDCHF,-4.493254216548406,45.02380947574057,5.174256521067547,0.7592240233600404,2018
USDCHF,-2.557955746512297,43.842424952406645,1.8217546298664242,0.25540457998810123,2018
USDCHF,1.4466654434021033,25.681786179530395,6.326652149633386,1.5879025389177277,2019
USDCHF,0.9966925971376133,26.5122806426204,0.027602434343214424,0.015135362547522613,2019
USDCHF,2.036424178263388,23.36000284941174,2.3884564588098174,0.6551537734951456,2019
USDCHF,4.604579681342154,30.01961142047355,1.948062660628778,0.43010920859205354,2019
USDCHF,1.0019341760932234,43.26955190974897,6.7378081634349485,1.023208806562106,2019
USDCHF,2.9325790483979595,47.44506584589571,4.9375434806334235,0.6896454773401164,2019
USDCHF,-2.200740542955337,42.870076533508914,1.0245161334305963,0.16847618871677214,2019
USDCHF,-2.8201240990918675,38.81045695314363,6.415450153934273,1.0586641296385169,2019
USDCHF,0.40297417546976066,33.79124376278742,0.04320053116328253,0.018975731338040668,2019
USDCHF,-3.239353603548463,24.853316598356592,0.7052769117448021,0.17603071155967664,2019
USDCHF,0.33356613219138526,28.39471454095268,4.297731350020212,0.9901156113599631,2019
USDCHF,1.940646543614842,29.214746144956973,6.397802080424957,1.4289470970365363,2019
USDCHF,1.2456583730696966,27.349063389657296,1.9463550556416847,0.45251323546279526,2019
USDCHF,-8.679602253888639,65.59730688155364,2.554496248384986,0.2731071036776873,2020
USDCHF,-11.629843229380024,73.30777819732502,0.688573201586498,0.08402427499437719,2020
USDCHF,-8.714173737605503,47.67608834688484,2.508322420464382,0.3258270542594186,2020
USDCHF,-0.007304707562098096,41.919926429408264,6.877464465696063,1.0768796715187505,2020
USDCHF,10.320525301554067,38.5321418440105,10.320525301554067,1.748917394493655,2020
USDCHF,9.54567196994319,42.46625644812685,9.545671969943191,1.470883592740577,2020
USDCHF,2.9990786147628152,43.26999637503089,4.689737409063253,0.7162455882597688,2020
USDCHF,-6.294282273324773,35.23405902829649,0.9881253971347601,0.1705897563125291,2020
USDCHF,-9.970071279360624,44.29057828499487,0.07732637716021237,0.0026759869707182384,2020
USDCHF,-1.363525762006126,42.39224673074427,6.595120447930632,1.0219642920784806,2020
USDCHF,3.4984389168195653,33.305843312778016,5.4764618151846385,1.0764613344966925,2020
USDCHF,-3.9448722783006205,33.91943731239959,1.276686678813125,0.23318979338066034,2020
USDCHF,4.919277808850162,42.952888420526875,9.163514671568453,1.3684031476370673,2021
USDCHF,12.589636237466877,46.31319199662684,8.733820504425939,1.2070071708345542,2021
USDCHF,9.225815935088328,39.345299637330804,4.862503056946365,0.8135622332611302,2021
USDCHF,6.123755168226121,36.35791290854099,6.629544460810014,1.193616878769545,2021
USDCHF,6.255051499811223,43.88214167416911,2.4661213571550027,0.35028829288342034,2021
USDCHF,5.8466907554661915,43.27182273881843,6.851915189237403,1.0121761255771586,2021
USDCHF,-2.231998800892876,37.80350045861947,1.8353735132581317,0.3026556208207449,2021
USDCHF,-2.7684533243882132,39.47317300445907,1.5061646058858869,0.2347770779614434,2021
USDCHF,3.4727878211399585,38.94912537396964,2.5408648472356017,0.43515025854488876,2021
USDCHF,-1.3363447022729311,44.255244648239064,0.674760215755722,0.11283360238052233,2021
USDCHF,-3.7424640501659834,42.016564154750775,1.2403573502571872,0.17800208072259202,2021
USDCHF,-2.5077998261345664,42.116157388544046,1.588759412040936,0.25781486751710564,2021
USDCHF,-8.01161034823802,45.044669038286,0.5248403838183024,0.06126350593319469,2022
USDCHF,-7.799768318451504,41.231324691179196,1.7199285666201822,0.25728188432612364,2022
USDCHF,5.128847782081577,39.037049550929815,15.106634123487497,2.493721117742076,2022
USDCHF,3.1304763230602632,51.36834644557205,8.770971614150413,1.0898247470925517,2022
USDCHF,-24.06857187489089,69.33049763987788,5.555438221745054,0.5415401260903179,2022
USDCHF,-34.184883610875396,63.07766951829764,1.1004090351717022,0.13318105695020055,2022
USDCHF,-16.49842681818886,48.701201966484334,2.9566457621519433,0.3779673226753674,2022
USDCHF,2.223787742996283,56.06704171294577,9.420799693372537,1.070682815629578,2022
USDCHF,-0.48920094727935154,66.1335959093065,7.312454204689157,0.695379942932829,2022
USDCHF,5.188825421619115,85.16113553579558,12.268013533242584,0.961300199082393,2022
USDCHF,12.720936121073107,76.53624252453166,15.451106076211733,1.3337653211736116,2022
USDCHF,-1.2622226531074208,52.610660996351776,5.229722400288882,0.6610257365906222,2022
USDCHF,-12.833626081027646,54.9975402405588,1.8631023953972838,0.23694055587575252,2022
USDCHF,-14.931246042023153,65.56622375119976,0.6593493470235285,0.04446882645234819,2023
USDCHF,0.3780597299147136,62.14862361635744,6.496836248445452,0.6973324262082095,2023
USDCHF,9.293989635137647,44.513589794228366,4.295107913493729,0.6395638088584669,2023
USDCHF,-0.758918487463352,45.33193523974589,1.0719688117885462,0.16763206566758226,2023
USDCHF,5.015494863516061,47.60222409417689,11.896927130971621,1.6357863205512968,2023
USDCHF,4.681167147322771,45.29486864080727,3.8280036879267163,0.5621723275630853,2023
USDCHF,-0.2017892864209608,36.05619242058527,9.050486135687919,1.6146274874029896,2023
USDCHF,7.863409984669748,37.499155779047655,7.863409984669748,1.3466077788470885,2023
USDCHF,0.6451844706060024,42.28998810145979,2.2655308086406385,0.33376241014035907,2023
USDCHF,-3.779873212172931,41.65426964037001,7.798638451848504,1.2270393215131703,2023
USDCHF,6.5060353230510914,44.22396557040817,13.26397568685057,1.9590907887634388,2023
USDCHF,7.983015161936937,47.20210510607494,1.0242344868822113,0.15557513203444737,2023
USDCHF,1.813668541430624,41.75862221542425,6.937318324802928,1.0630991152909335,2024
USDCHF,3.5253719635141127,41.55593368907086,7.358613353009262,1.1340878701815271,2024
USDCHF,4.126049621606974,44.104341218956236,7.959291011102122,1.155184836870855,2024
USDCHF,4.832645653691799,43.24894614983255,2.8963992312155566,0.4477628453369499,2024
USDCHF,-0.9051713292463865,38.308211228027034,1.490420708425554,0.26429211988367657,2024
USDCHF,-8.937495247807123,40.77436808504519,4.531364747068712,0.7333089102258238,2024
USDCHF,1.672519413399257,53.920928692301786,13.803102455491455,1.6772695102210877,2024
USDCHF,0.185678538495675,56.75527838400368,7.483708745727193,0.8728543389419223,2024
USDCHF,-2.7058223230408807,41.201724317537995,4.991008157338783,0.7718469050820628,2024
USDCHF,7.649249475070175,43.3793960468601,10.277510375771767,1.520973371986713,2024
USDCHF,-1.5694933052472255,49.58080870070858,8.684536994675783,1.119050690642448,2024
USDCHF,-4.160929259377841,40.414483926999985,6.093101040545168,0.9640101906351489,2024
USDCHF,-4.645947574077771,38.1493142172529,0.3608731823195348,0.07340571725150444,2024
USDCHF,-2.3299306562187416,41.262087908036364,5.837562001229857,0.9302227645303229,2025
USDCHF,18.2347555778788,92.43398864799344,18.234755577878797,1.3092902373453912,2025
USDCHF,10.72055267534273,97.97485191983392,14.624947642027294,0.9994568088650755,2025
USDCHF,-3.663386516191393,61.42606252949314,3.275479419458118,0.36507251050500217,2025
USDCHF,5.6810312984070706,52.02434741277847,8.715502267372019,1.1026850814212714,2025
USDCHF,5.52156142515728,46.69052975427457,2.775779783048126,0.40011974059986416,2025
USDCHF,3.130813396905354,52.16637125560441,2.790172675111063,0.36320348723616996,2025
USDCHF,0.3989355944656298,47.969411446626005,4.622429105895894,0.6398428783073811,2025
USDCHF,-3.634965848143184,40.028697921607055,1.7366211934731544,0.26848351615966226,2025
USDCHF,-0.7834604246215351,36.88393447077756,1.349824321719653,0.2254912084482662,2025
USDCHF,-0.41844737252288616,32.264633486984096,2.2126475459655865,0.4341751088145934,2025
USDCHF,-4.256304597921394,56.39279555090421,7.434081955013436,0.8725738059132634,2025
USDCHF,-11.231713819359353,61.83707210005966,4.536360969615373,0.4951545897664889,2026
USDCHF,-6.335298079484405,44.985748659071845,5.351813616771602,0.7565848783618536,2026
USDCHF,3.9768675298681573,44.23451888180997,2.0909068070157883,0.3203737966206887,2026
USDCHF,3.1558724536953986,39.77365022750612,3.3231750543866445,0.528800494608156,2026
USDCAD,-22.59361381580582,72.06136110144064,4.473254089548816,0.379467359246978,2008
USDCAD,-17.818838165921516,68.17580901007157,7.798269379797408,0.7195100175181717,2008
USDCAD,-6.424222996461886,60.5483583092669,5.833736159399162,0.6437924003724553,2008
USDCAD,-3.4882938774996344,51.18209102842693,0.08373247484549401,0.026794181870690218,2008
USDCAD,-3.3453653263920877,44.37085476776528,4.890546416706895,0.7001091302229958,2008
USDCAD,7.960493630008596,52.96642918896613,7.6074593186646675,0.9137125373847161,2008
USDCAD,4.3565072484841485,63.57134387023274,8.417995627021549,0.837675028650202,2008
USDCAD,20.08398924321304,105.50450783989734,31.994345241951514,1.928935103455833,2008
USDCAD,32.1659379314331,168.85080200114572,40.06190648894282,1.481261461932958,2008
USDCAD,4.485360286310394,176.41195167481757,1.6091446609042692,0.003302257537185238,2008
USDCAD,-5.213247323814929,126.29866536614324,4.787965254979027,0.20574361558301554,2008
USDCAD,-6.452304272487105,94.3633120747435,8.79627735163276,0.5741224142929022,2008
USDCAD,-7.375934602697514,90.00326735483895,4.033252561120066,0.2619560578743521,2009
USDCAD,-0.2670964813228067,90.37800870745373,3.6360178649947317,0.28935209369180537,2009
USDCAD,3.6215173285273274,94.11289508304618,18.397954784225437,1.297880049824941,2009
USDCAD,16.92869812079594,102.78299959770483,22.71044269504633,1.4660705779991527,2009
USDCAD,14.077346773716434,93.93703090853455,1.7501851924438854,0.1503847204382009,2009
USDCAD,2.411669838183298,76.7441876167521,2.463735172835422,0.23233796633355308,2009
USDCAD,1.6044995462750422,72.60228891755764,17.900105577329715,1.6223029601131447,2009
USDCAD,-2.3573219140111434,75.36091836285578,6.19585114972491,0.5568207215566018,2009
USDCAD,-16.5764695079821,87.90918756830499,2.4790642995880807,0.21050740568863732,2009
USDCAD,-18.00485591769446,90.09324145086977,0.046822279112790355,0.02508157638924611,2009
USDCAD,-4.8163664484199264,73.31193523268584,5.162740126663935,0.47971325643509705,2009
USDCAD,-3.4637881242622566,61.14178631527981,0.0921727330953161,0.00954635074525482,2009
USDCAD,1.6864166517431347,62.66786736724925,1.8754414631842806,0.2137890321075569,2010
USDCAD,7.620859369964429,51.90101908636353,10.878081585704951,1.375489818119609,2010
USDCAD,3.212382635645948,54.38850569305448,3.212382635645949,0.40003091824729725,2010
USDCAD,3.9561516248577315,89.86249133021259,8.067078105658464,0.5531834074384354,2010
USDCAD,-15.218551809335715,99.50997119081848,8.921393997750181,0.5493908867122309,2010
USDCAD,-28.75203310243942,82.56978429487089,0.8129477194424028,0.0898445434866374,2010
USDCAD,-6.407823744288926,67.57619465738068,1.067818246231848,0.0810732276319596,2010
USDCAD,-0.5412113804517211,67.39590001152052,2.931059224671845,0.3032209016898373,2010
USDCAD,-9.174138986466055,69.76125080598108,8.469409285636912,0.8092319990655872,2010
USDCAD,-11.395120310722335,60.163595960587365,0.3520304874577942,0.05692630280087426,2010
USDCAD,-7.493724961595733,54.88769025885598,1.5980694229851213,0.206077359625248,2010
USDCAD,-2.19031548833026,46.91826851186413,5.72772932489479,0.8062565928855333,2010
USDCAD,-5.357567392019369,35.53842850075466,6.136955750659831,1.130734028742464,2010
USDCAD,-9.154861982025599,45.819632845003255,4.266791682053556,0.6181241567647009,2011
USDCAD,0.28130091715240657,45.26680040049838,7.668083087834774,1.112564767922899,2011
USDCAD,-2.315175059744383,43.14958319573663,2.2017581631715113,0.34437932469542026,2011
USDCAD,-6.596298072867553,48.24658454318433,6.579897150287363,0.8683133677278313,2011
USDCAD,-8.900212108725256,55.414201143204764,3.889531088110145,0.47251564649218114,2011
USDCAD,-13.818173750099902,67.63666635771501,0.24462172360626,0.0020925503557229193,2011
USDCAD,-11.450563129214189,63.37990824853169,8.450924348163678,0.8438055120782123,2011
USDCAD,-1.5218102841068764,72.84711791361218,8.924906909031096,0.7706947162995665,2011
USDCAD,-0.8557552441475694,94.67935149565855,7.495395183276085,0.4830341357034367,2011
USDCAD,-10.569219957176212,85.52343559689889,0.15017661138877217,0.015609154254883757,2011
USDCAD,-3.46045244511147,62.27642408031265,1.6350851253955052,0.15045163492162514,2011
USDCAD,9.240511111706747,44.89731032693688,5.020284911159926,0.7390383922685231,2011
USDCAD,4.145634482610965,33.90417291717922,5.633218324995827,1.087817216646867,2012
USDCAD,-8.18028303013035,38.13791375140483,0.4079978688330861,0.08139889154540417,2012
USDCAD,-8.635624438640233,46.305060312672055,0.5065512336774193,0.08555816374661264,2012
USDCAD,3.6595498661798938,45.40919113580178,10.59567773007483,1.497048133818847,2012
USDCAD,-9.438469561332633,50.34137976848275,3.9999308344007822,0.49887928327427783,2012
USDCAD,-14.086655390180375,48.43043503341152,7.602018353029829,1.0330266092705374,2012
USDCAD,4.523497567767656,32.71065613176518,4.523497567767656,0.906773816863763,2012
USDCAD,5.013017365418768,32.37733516945726,5.013017365418768,1.0139377066046171,2012
USDCAD,7.125831750624919,38.74313001757299,1.9652590538866117,0.3164399986962809,2012
USDCAD,2.601356470443945,33.142379313569755,2.637307069187739,0.5051587807277358,2012
USDCAD,-3.267071260358326,23.101588731718035,1.6306617407360218,0.4647983268506425,2012
USDCAD,-5.046313976466728,28.20779856292591,1.9874168829196273,0.4476438207296674,2012
USDCAD,0.32125663177030334,32.360551104790225,6.509947384399415,1.2930689992663957,2012
USDCAD,4.534032294808078,31.568440763185826,4.534032294808077,0.9206137247406985,2013
USDCAD,-1.5746565185185781,31.595525318995648,1.40651076696905,0.2785030231507355,2013
USDCAD,-10.926802029363566,39.28677233438862,3.792204009957633,0.613055691153736,2013
USDCAD,-19.100982839239382,49.199073158798704,2.6549453126975147,0.3341374593826043,2013
USDCAD,-9.645030857234861,49.25805585527165,0.14086331928117723,0.03413368374023917,2013
USDCAD,-3.7042895314929916,41.95838970947775,0.7019330093928289,0.12172277566342093,2013
USDCAD,-4.8093552015142915,36.97714325682584,1.4957100296523564,0.27386674355280405,2013
USDCAD,-2.9465280082564638,34.2913642547549,0.34564508882189193,0.07617918605915869,2013
USDCAD,-4.3205376437510585,31.141122843418444,4.0083452506962605,0.8241573312403122,2013
USDCAD,0.32497186127548006,29.97174219682557,5.850338625900357,1.255173253812115,2013
USDCAD,5.422382941459212,36.44836176831227,9.260979632492093,1.6344045649674912,2013
USDCAD,5.692806558416827,39.717625871873075,9.531403249449708,1.541994164622364,2013
USDCAD,-5.467747722740022,39.107224730806806,5.1885489149210215,0.8472862343819733,2014
USDCAD,-7.52590773571124,41.886703350680804,1.6178400400267994,0.26355486087935664,2014
USDCAD,-1.3704875743814964,36.36513544462691,4.7825575881909375,0.8640192494111061,2014
USDCAD,-3.0148826266234314,26.07924913246983,0.559844767172143,0.14738274725308181,2014
USDCAD,3.9221239226419433,22.20598621974035,4.870199580336959,1.4287251512192576,2014
USDCAD,7.423739932480497,29.60768020790237,0.3176511380020841,0.060176822168219735,2014
USDCAD,1.099211800451271,32.83991032884054,4.813648064012897,0.9393391277365866,2014
USDCAD,1.1166803236369707,40.39390346103302,7.042408997158589,1.1167192669358577,2014
USDCAD,4.183677412021942,47.33869557299544,10.214650169791156,1.3827404461610928,2014
USDCAD,-0.9869125552481095,49.995653394923096,3.480992028868487,0.43533389517657956,2014
USDCAD,-0.958029574378421,42.79499234516665,5.395053508513885,0.8032501124876261,2014
USDCAD,21.286579176966367,52.17229434673034,24.18632438376668,2.9843887629787926,2014
USDCAD,14.968803078150907,71.0679679336424,17.853249041177314,1.604204393518971,2015
USDCAD,-7.6929035428149986,72.26142049887888,1.415432449500397,0.10403587365497732,2015
USDCAD,2.120829460175527,63.81370540045884,8.877621375275062,0.9222412431873157,2015
USDCAD,6.7788058787424506,52.79067723396744,3.995767404486224,0.5073568836761287,2015
USDCAD,-3.1523693481907635,45.478935209065185,5.830192007454461,0.8161920004689004,2015
USDCAD,2.9408021382738148,48.21659669823445,11.101386529327778,1.4761011506814623,2015
USDCAD,12.278019443167414,53.28217415440623,17.903810060087064,2.1589044635993986,2015
USDCAD,-0.6554935822463358,50.629998608607345,4.275099347724689,0.5310856263167347,2015
USDCAD,-9.00208121598653,50.279367821277475,2.605182866897149,0.35173852107780684,2015
USDCAD,0.42961279317121626,48.88757575634309,0.5036093544646694,0.05132063542712513,2015
USDCAD,15.92309294249544,42.36620013741417,14.530784084670529,2.207817506426829,2015
USDCAD,21.85602649308996,42.39901179931616,21.856026493089963,3.323743434989052,2015
USDCAD,-0.6793541133156308,69.7008921557287,4.506978313061878,0.44126073917523606,2015
USDCAD,1.2437296819910408,77.52426771512866,26.97032965801353,2.282332216151538,2016
USDCAD,15.304966628002436,68.82899332010766,15.304966628002434,1.46404057492751,2016
USDCAD,-0.7457004573808319,59.022300067051454,1.452411616267566,0.17813568199614077,2016
USDCAD,-6.329282896114641,54.0351715384579,1.014034840568818,0.10454253484255556,2016
USDCAD,-2.4551597411485853,53.19963359469823,1.5147774219806265,0.16769333491241376,2016
USDCAD,-1.9914429037349712,52.43207439429738,2.4314521943206793,0.2839549918293461,2016
USDCAD,-9.18894872659251,49.27663030204271,1.4451434983960207,0.1744835391962298,2016
USDCAD,-8.194342548536632,51.92462407934762,3.451229323739234,0.41425647574490493,2016
USDCAD,1.4154029406881865,46.64335014363871,4.606452484129519,0.6251343527664337,2016
USDCAD,3.037958056966895,42.52019270054803,1.1004442034389688,0.154268286791002,2016
USDCAD,-10.51657454879206,47.01613382671087,1.0984642993607954,0.16628896203377308,2016
USDCAD,-9.833397620733338,49.75815133196107,3.543563142726107,0.4773220075973546,2016
USDCAD,-1.1780381063939143,47.27241369806691,3.1635967045224813,0.41872922696564435,2017
USDCAD,-4.9346508719337,37.832768100669384,6.891912258280643,1.1682061517815612,2017
USDCAD,3.4001870136078156,35.63817347710076,5.8042561696688315,1.0438952829284471,2017
USDCAD,1.3270508815147704,36.15977312228896,2.086223310110779,0.36241543050616876,2017
USDCAD,5.424899427448299,40.952211397547465,13.625793079344122,2.170784055811879,2017
USDCAD,18.333487130525263,46.916294332546464,18.333487130525263,2.5497156710750026,2017
USDCAD,1.005031415447148,45.96973326978889,8.19600158677555,1.170522473697872,2017
USDCAD,-12.852159829467464,51.67659080051297,0.3266974162874623,0.05735168574887361,2017
USDCAD,2.0486735593395444,53.720684127788665,6.4308202217162025,0.7585628963540725,2017
USDCAD,4.902294835095489,39.530644916336406,4.251494506791134,0.6843815702532094,2017
USDCAD,-13.478280714154891,42.42209729955464,2.4038322391171465,0.3807420940577717,2017
USDCAD,-5.222858472008478,44.76434213979733,5.383112574540663,0.7937582951850426,2017
USDCAD,10.579288932373112,45.091206190444915,0.208228287772053,0.04416458228881754,2017
USDCAD,9.316595868450577,52.02799407392778,9.812353769934692,1.2052128832851763,2018
USDCAD,7.030045261869656,49.50223295825057,1.3615452604272997,0.16255965386358162,2018
USDCAD,-1.0682289861270597,43.47269185539046,2.756345985792504,0.424736135384105,2018
USDCAD,1.0522974544087156,44.180174913113845,9.4681449386189,1.374239059092607,2018
USDCAD,2.2474607686117225,41.581705931182405,7.295239733460615,1.1234363312529452,2018
USDCAD,-2.4284153318093624,40.498080947889,2.0450526664509785,0.3401212528600555,2018
USDCAD,-1.9829521643289045,43.20139752665985,2.389411224025779,0.3721584852147866,2018
USDCAD,-7.8695657186760215,43.15329125553813,2.9219127800815867,0.4525384040832592,2018
USDCAD,-2.761624953696293,37.30596365458149,3.547191009149781,0.6042985383698498,2018
USDCAD,5.319249836727503,37.658959713343876,6.502905618339502,1.106830380493687,2018
USDCAD,2.38907013105974,42.910541966262635,0.3490488802121703,0.03913583963786216,2018
USDCAD,1.5275635179802427,41.35361623139464,1.2289166518528316,0.2057169331231398,2018
USDCAD,5.925646049470604,40.87892211498606,2.883730386223994,0.44417251368976424,2019
USDCAD,3.776487725006026,35.45503032893463,1.0045622343876228,0.17240801566948502,2019
USDCAD,-1.1727904375591973,30.68166479995363,1.4355227479958703,0.2934936348188279,2019
USDCAD,-2.687152455776785,30.08400997998468,0.5277626327367576,0.10417348957751456,2019
USDCAD,2.780981461169236,32.70852383799274,7.053427926880795,1.408395919091934,2019
USDCAD,5.044229094843867,30.993642599453025,2.5066150884979947,0.5340132476444989,2019
USDCAD,2.305391214823277,27.029381112405666,4.749089576132626,1.129861578391839,2019
USDCAD,-7.9921973068125896,33.53126532900482,2.105717240227789,0.3963380512923232,2019
USDCAD,-12.071521701832808,31.62302148393225,3.011967621612266,0.6273649609927903,2019
USDCAD,-2.050609109773894,23.64116358222107,0.9679723499741866,0.27284372069169904,2019
USDCAD,2.1760623559226673,23.81064300064426,1.9147014250799002,0.5287276925158048,2019
USDCAD,1.8106059537818804,26.037849199060624,1.9318909199879322,0.4891328012425889,2019
USDCAD,2.6516510906521567,24.10121732525252,5.120915224504455,1.3690287234898233,2019
USDCAD,15.632725685099288,72.25664334534167,15.632725685099286,1.378254316983707,2020
USDCAD,6.642033852841708,85.74603502502308,13.365971492954149,0.9825335313201266,2020
USDCAD,-11.292588361061647,65.24033666619337,0.987633753269564,0.11871339512062681,2020
USDCAD,1.7992729639659175,61.510026353620425,9.315700253597678,1.0014586408607227,2020
USDCAD,0.9285996999169035,52.03281422393223,9.473821086154889,1.1970125356496313,2020
USDCAD,-2.0806297377920697,38.3723482571652,6.464591648445917,1.1043116811227771,2020
USDCAD,3.223930544110896,39.05756068142917,3.797818173257596,0.6426304368851179,2020
USDCAD,-5.5752158438887705,40.453786789522276,0.36334509482493527,0.04542966266275244,2020
USDCAD,-6.284480973654171,41.92740879195172,1.6644953397242421,0.2705636104574484,2020
USDCAD,4.74357881843198,38.064708152105744,8.05457201189326,1.3839481818269743,2020
USDCAD,0.36417207824068787,36.44117140274296,6.890093506204953,1.2373076525613198,2020
USDCAD,-8.380127913809428,41.46994533445401,2.0114813252964883,0.3274891314601557,2020
USDCAD,-1.9880241482459018,43.644651800044265,5.293957854781838,0.800097143506043,2021
USDCAD,-2.1460097443843695,40.45844915361114,2.1596493746615733,0.3587619382863874,2021
USDCAD,3.8092420658866124,39.1053961954508,5.198142517150132,0.8740730270341257,2021
USDCAD,6.336626769843842,38.49568317821149,6.8479507737734515,1.1654478594918813,2021
USDCAD,5.978567934785779,44.35167848284093,5.6203889819193895,0.807010323611061,2021
USDCAD,5.079257152863709,49.30753451386315,7.083782368832078,0.915145481219448,2021
USDCAD,-7.685932445268926,51.191903094446715,4.631603838413286,0.5700346307430216,2021
USDCAD,-14.886610987041971,49.71749777281994,0.6544643112010597,0.069584475208407,2021
USDCAD,-6.098976472223293,35.942918311929546,4.526547471597303,0.8277322918536616,2021
USDCAD,6.312878707340975,34.99280149822617,4.102048509625082,0.7485019296136671,2021
USDCAD,6.33641423668693,45.254162947721085,4.8960925892139695,0.6866892925986768,2021
USDCAD,-1.5578473479816697,44.889755123539985,1.3143086887196231,0.20395959972584968,2021
USDCAD,-10.306103461772183,39.996402676315434,0.5580018074904539,0.10308052279259601,2022
USDCAD,-8.08487340752422,40.444494592018486,3.2743396843234356,0.5375619229693115,2022
USDCAD,-2.2251856354013353,42.70958710389889,3.8167025149845495,0.5655383261971144,2022
USDCAD,-0.2451878245607959,47.40757039219849,2.528267432439951,0.33058911723416007,2022
USDCAD,-7.245516441489671,50.82610645318846,0.3645051849573845,0.03041341935924678,2022
USDCAD,-7.637809853012364,50.69178862166122,3.2999465089271283,0.40581836593516324,2022
USDCAD,0.38057080774477875,48.71227667245205,2.8355774068673725,0.36181410908309203,2022
USDCAD,12.161124256345428,50.69354662920823,16.404897482014466,2.079541555397335,2022
USDCAD,13.414058269473108,64.20854948002918,10.688460280575129,1.0579492486588709,2022
USDCAD,1.0002393621803474,69.80470081231623,6.329259577436368,0.6099808224844014,2022
USDCAD,-3.8222673386016828,61.0407364069688,0.5041368440973836,0.034132652280877654,2022
USDCAD,-11.058163638911292,52.665427338134506,0.8360659552659162,0.08619717624543279,2022
USDCAD,-15.269117793555225,46.42841211482184,3.1074584898049817,0.4485372379094147,2022
USDCAD,-3.3070362189706306,39.18424339897063,5.890698624020205,0.9616051243619512,2023
USDCAD,4.635404768975985,37.054885784305526,0.33937265949045614,0.047639464075627906,2023
USDCAD,-10.237580246697043,40.43102078419729,3.610869390429465,0.5917066369115754,2023
USDCAD,-8.794356412732945,41.368425810208535,4.794281093959222,0.7643586326667161,2023
USDCAD,-2.3756819797009636,36.146049901314974,5.221464899264657,0.9478629610204409,2023
USDCAD,-3.622829340228976,32.29151155307158,5.307609771157142,1.0547221152485315,2023
USDCAD,1.4328830301550242,26.059892999737805,6.286437414125453,1.5546287725957657,2023
USDCAD,-2.263836187253059,31.31845092803664,3.4567087404087573,0.7052841837705828,2023
USDCAD,-3.078530610714626,35.35653390169465,4.270730862472581,0.771469391946508,2023
USDCAD,-2.276887052574632,33.00992597506553,1.8085581826739392,0.36555250173491144,2023
USDCAD,0.7363329420342003,31.287981292172894,7.048382881604967,1.4703774470818247,2023
USDCAD,4.0172207878870445,33.040930271762505,1.9875480593491872,0.4003387916075022,2023
USDCAD,0.2824845996065829,31.54401168326264,1.1822132221251365,0.23290394782094434,2024
USDCAD,-2.3354492828879865,30.31403579626373,2.263196541011026,0.474200039616774,2024
USDCAD,-0.44424831509191,33.550289180275946,3.8742281870667883,0.7376241471129282,2024
USDCAD,-2.94293160633187,33.08628012306227,1.5956744336746773,0.30207786744972465,2024
USDCAD,-8.509480973699656,27.506179535796935,0.6118656739844448,0.15286159008437036,2024
USDCAD,-2.3221954817401076,22.624330623933304,3.550799963834957,1.0098009535623564,2024
USDCAD,1.420192477896739,23.36230517900549,2.4465596969155294,0.6861622238437256,2024
USDCAD,-7.873220258196461,27.64812809623656,6.136391233074427,1.447578331582072,2024
USDCAD,-2.7071686487717184,25.682738944666408,7.378024336027744,1.8529481161076253,2024
USDCAD,6.736685922416058,31.66574502495651,8.704311521414816,1.770658735993761,2024
USDCAD,8.388690123659247,39.44878791039026,8.388690123659245,1.365098280197565,2024
USDCAD,-1.6662063848835722,39.87287676768441,5.382149175486797,0.861946717298232,2024
USDCAD,-9.329505113016294,39.27765240615067,2.110503735739056,0.3607207210752836,2024
USDCAD,-10.92444069067225,38.28092192405323,1.074995924414084,0.1941167147841584,2025
USDCAD,-3.0991954151167556,47.54538452343087,6.702700034980635,0.9290010319696893,2025
USDCAD,2.675481166961256,43.974800295444446,6.923496564179247,1.0346406149438705,2025
USDCAD,-7.821525881970581,32.774219788679716,2.4625215735520003,0.4973648844102714,2025
USDCAD,-2.747283862089403,32.697620628091826,3.1002110193804953,0.6249147755490827,2025
USDCAD,3.675372532201011,28.420465835208663,2.4107863258096685,0.540676170907761,2025
USDCAD,0.824938588863438,27.191389802509455,1.6810395984007398,0.392017044554018,2025
USDCAD,0.6120763381948795,22.698318580564464,3.088046287322605,0.8743711404158157,2025
USDCAD,2.050320510632638,20.271085648983394,4.313287061827347,1.3722681119990534,2025
USDCAD,0.3418003836120065,28.11449824771013,4.6940630906376954,1.0912143661192246,2025
USDCAD,-0.4480026670913793,28.67943229404618,2.2510911287316433,0.5178371836344154,2025
USDCAD,-5.916931598158534,34.153263159622625,3.312183135734247,0.6394229229495624,2025
USDCAD,-6.590960841676874,34.89320928408989,4.3418436483601734,0.8176443172387187,2026
USDCAD,1.8017669388266604,25.38478975087874,4.557988872689138,1.155358095306632,2026
USDCAD,1.5412641491959642,26.663564562132766,0.8420324636200713,0.1962165871086233,2026
USDCAD,1.1208028969622255,23.298910335167733,2.028210857822185,0.5567269202388506,2026
EURJPY,0.6864154270254259,82.61313158117261,0.7993087550252551,0.08880404511696599,2008
EURJPY,0.024070741131187526,82.88088274426418,3.6721917563444677,0.2609352653418847,2008
EURJPY,-3.6367782652570346,53.91506224296313,8.748120301771438,1.0340757733581913,2008
EURJPY,-2.691709968492406,52.50696030442536,7.049814849829942,0.8532529917678913,2008
EURJPY,2.9298581770062646,49.8739692945141,8.829048236203139,1.1310233717764793,2008
EURJPY,-6.260161019245608,52.183626486151475,9.196662406981137,1.159200861159111,2008
EURJPY,5.178710174506928,112.02182193538881,19.677900295756395,1.1752046115201562,2008
EURJPY,38.882677077852385,174.73742781166885,38.882677077852385,1.500854653935412,2008
EURJPY,53.50594999936574,267.8267727062872,53.50594999936575,1.382622246338413,2008
EURJPY,41.56777992966757,260.06628395427623,15.795001305315918,0.4754745730516018,2008
EURJPY,17.622270207273928,144.8786870145465,6.591618632479633,0.34083867616698227,2008
EURJPY,-0.931991266793964,126.4588449429243,13.810135782763393,0.7484407867183597,2008
EURJPY,26.710537405891834,130.9990517125608,18.453966527789728,0.8708897884110165,2009
EURJPY,34.44219321464055,132.25426610534979,25.888403778886197,1.2254106959980975,2009
EURJPY,-5.82894495604736,132.7405408093473,3.932741909701752,0.14994799856548438,2009
EURJPY,-3.034000128936714,111.1489586843651,12.00851201571749,0.6645425043074201,2009
EURJPY,-3.3717665913322357,111.82740088723111,0.27999860321108777,0.01924754505380557,2009
EURJPY,-26.600243532516856,107.76135926144087,0.6438036916977292,0.07293394857313228,2009
EURJPY,-20.588315760211575,74.46968727143904,9.20765222440001,0.7774075360679166,2009
EURJPY,-15.539156474889902,61.6771834263317,11.920486969159837,1.2728785552080675,2009
EURJPY,-17.13059095466007,85.25034432735313,2.45409126296955,0.15950227977078435,2009
EURJPY,-11.914182403667542,105.61905898313911,8.14129126254337,0.4657223775127412,2009
EURJPY,-1.4946658378954694,91.96632551082375,2.5450473616656355,0.2087464041322436,2009
EURJPY,2.5028467384366144,75.74872471399226,14.515151012728959,1.2668739205572532,2009
EURJPY,10.82387090995562,85.79726725990054,22.087304585480567,1.6975443407147321,2010
EURJPY,10.153330961353243,83.3060227725774,2.1324437782977146,0.13942928313985725,2010
EURJPY,-11.443416700390026,81.81851541728462,6.830950326006854,0.5149595409113112,2010
EURJPY,13.1118653616618,130.22804840626998,30.010106475695927,1.5372655797400727,2010
EURJPY,25.28485781802196,127.7476275271703,33.569758758599505,1.7467068988419239,2010
EURJPY,-4.100996300502983,86.8121452279529,4.181342656075319,0.2845477578242861,2010
EURJPY,3.8518366111287543,88.91562880128744,1.4619679218282253,0.13476166247122554,2010
EURJPY,3.154271068485815,100.34921781243283,0.43171576692646596,0.0037886488091332287,2010
EURJPY,-10.426492718960988,90.47121985638829,12.100298756667547,0.8378274815870712,2010
EURJPY,-17.903044035722843,74.0027714165294,4.318254249748061,0.40168127908267,2010
EURJPY,-8.37101158841531,71.48435688682358,6.005450668467503,0.5672565553567798,2010
EURJPY,-0.6935092127897768,68.51033484810327,0.7071724287449357,0.04521849495019306,2010
EURJPY,0.16248984939938435,67.19874662429704,9.389139762041244,0.8837857859827831,2010
EURJPY,-6.1357160190267805,89.65786073069471,8.33665255543538,0.5738971228557778,2011
EURJPY,-3.7234365565368073,102.003287772338,10.748932017925352,0.6502359711208341,2011
EURJPY,17.102086769738783,94.91464098236264,2.599939147398401,0.1474408577609246,2011
EURJPY,10.056996089776506,87.20768881079985,8.705192540562795,0.6748454855366761,2011
EURJPY,1.0986624705228967,80.97989341686983,9.13269698890223,0.7569237594463922,2011
EURJPY,3.1224100818137646,85.36887320882127,7.126024176768045,0.5682813517869751,2011
EURJPY,5.298206474079201,75.45986316319699,14.424324190600975,1.263691270588352,2011
EURJPY,0.7762262868240271,82.67860257882488,9.902344003345801,0.8027812514748255,2011
EURJPY,-12.099118357826073,95.59496885678807,1.3876603514102683,0.06381174812416796,2011
EURJPY,-5.630562387817203,74.24588216022977,5.080895618598602,0.4671277489352617,2011
EURJPY,17.39575080091543,51.75182487383904,17.39575080091543,2.1967608485331795,2011
EURJPY,0.7387445394618177,64.55296431410069,4.81065843971689,0.5035118791405251,2011
EURJPY,-0.4988102989784706,77.53216833386563,20.57302095101069,1.6934243808567524,2012
EURJPY,13.29937864755643,83.4989937282288,13.299378647556434,1.005158621247639,2012
EURJPY,7.6478160801091315,74.33441947769361,5.239527150833782,0.48047239164894867,2012
EURJPY,21.1285524819013,68.02484952183279,21.172896295451526,2.040906564263543,2012
EURJPY,9.453720606063726,81.40258129315903,8.520039078986775,0.7043166903794713,2012
EURJPY,-1.9527676138698666,81.63332319978268,5.121586777507529,0.43246096270804657,2012
EURJPY,1.4145000354081416,67.85572520832412,5.532555069054368,0.5499767617547815,2012
EURJPY,2.944849883719837,61.30236457282652,10.606959804254396,1.1014965050267687,2012
EURJPY,-1.7445791689855017,62.86606385013868,11.371475636752622,1.1517922568577554,2012
EURJPY,-14.415919768443231,65.87945540757448,14.031639387884791,1.3585999046633457,2012
EURJPY,7.792041106613735,61.1699565571345,23.123545457203637,2.4277857718498272,2012
EURJPY,31.577994500009055,92.18356512561923,31.57799450000905,2.1876735446269446,2012
EURJPY,20.434726157347292,113.56464160221182,20.43472615734729,1.1293179518943275,2012
EURJPY,2.278790966285468,103.41454647563934,0.029014313886254778,0.03085244772437406,2013
EURJPY,-1.8588741336826737,121.9755521097109,12.598418221509423,0.6307556983062256,2013
EURJPY,2.293095429220814,106.20432716603196,22.634960709249246,1.3465376659811625,2013
EURJPY,-1.2144155678541853,79.80209085543251,1.8382751754123094,0.1746012114580611,2013
EURJPY,-0.18741910497511047,78.75131061358245,0.1785458511147483,0.039668568977605616,2013
EURJPY,-10.42201722927643,57.566498519943764,3.519165693784145,0.37790646378184095,2013
EURJPY,-22.862381991405478,61.66927320813686,0.5309430240483882,0.03630166496681225,2013
EURJPY,-12.67150045005638,55.79523484759398,6.758992227960339,0.7672069165763843,2013
EURJPY,-10.518531420427811,52.057467914044274,4.266399571120654,0.5145432578052486,2013
EURJPY,4.915442320414187,57.99865234544091,13.989551860194835,1.543777685110705,2013
EURJPY,10.848936624556611,55.43874487342161,10.848936624556613,1.2500526041351243,2013
EURJPY,-0.19299363689149374,55.23658055234297,3.203414559152174,0.39341379954992073,2013
EURJPY,4.70836424469924,57.15084010911274,3.5163784261098616,0.3806225960350619,2014
EURJPY,5.885175878130643,53.09888488262815,1.8039904703603682,0.20338587146826323,2014
EURJPY,-1.846601891868333,41.31938412459293,4.790327944901228,0.7646199469898154,2014
EURJPY,-2.969424431054377,26.133517852896993,2.506207683586786,0.6298583355971139,2014
EURJPY,1.7108700760746842,23.65279790109989,3.190026921558532,0.8816808964034218,2014
EURJPY,0.5457596375986659,25.528113825187223,4.520900258307187,1.156047833307121,2014
EURJPY,-5.454201788781891,31.726680257426988,2.7952307969785783,0.5810988766237897,2014
EURJPY,-6.3112165595057474,38.13530640242797,1.2597617023171352,0.20200363836156118,2014
EURJPY,4.207271134454883,55.70867832224571,9.595762671383607,1.0982427071243321,2014
EURJPY,14.293613549226578,64.83587610220896,17.42853842534946,1.7201570034285718,2014
EURJPY,9.272516590741134,57.74513019055546,4.686564823743982,0.5075791146723192,2014
EURJPY,18.031382550471385,75.68888300384066,22.693413258070997,1.9694474062833764,2014
EURJPY,11.492530254111951,87.36978629904867,18.29019892975123,1.3857364535460255,2015
EURJPY,-0.051645151692749046,79.70555542548149,7.037253868497786,0.5976364790858769,2015
EURJPY,-2.0173078665624344,69.02896690466272,6.099504777033418,0.5947092611684778,2015
EURJPY,-0.3774800477868488,58.269714918681174,8.918583343678423,0.9730941622500537,2015
EURJPY,14.58039525693925,65.59052475766381,14.616931984388414,1.4225141086281354,2015
EURJPY,3.2210246672042704,64.60175159418797,2.104546566034014,0.19072435595823908,2015
EURJPY,-5.615648927192537,53.93361898832514,1.2085141277031382,0.16225447878839758,2015
EURJPY,-4.323546955903545,54.88518981883564,4.052668794271257,0.49601120366759266,2015
EURJPY,-5.712315295802069,54.11437268597652,2.7850682025827247,0.35072460102784914,2015
EURJPY,-3.6073974260597175,45.67556808626377,2.976775988913718,0.43691092599510706,2015
EURJPY,-7.6913811963208385,55.40602036331151,7.613830539786513,0.9083632589685894,2015
EURJPY,-5.791351880452249,54.50438519671841,6.364507927366594,0.7741510480018122,2015
EURJPY,-8.266184287402739,51.84994432959665,8.207102256599798,1.0427048197562943,2015
EURJPY,-8.49757705385075,71.55449971449707,3.981148393419316,0.3833298657900462,2016
EURJPY,-2.1416810448925387,67.32567462810779,8.177514823135663,0.8088227480669854,2016
EURJPY,-5.324210752461175,70.92865724887895,4.675102504246457,0.44986179179672586,2016
EURJPY,7.024822378707424,71.32263972629639,7.166653516325828,0.6741364185713187,2016
EURJPY,14.911390862492377,105.5056870271231,15.37310461143135,0.9788713825945156,2016
EURJPY,0.6315847123734217,115.07225454875062,10.625037693108165,0.6355467269254255,2016
EURJPY,-7.468468678671839,64.15818585105313,0.077484947307384,0.028141745416765895,2016
EURJPY,-10.622151637065523,46.297643775644765,4.506762071523235,0.6160699828591453,2016
EURJPY,-13.23266222082122,47.762665457705765,0.8557334765966049,0.10098645697417365,2016
EURJPY,9.329131132019084,53.62372924963458,13.826590323132107,1.6529488130034884,2016
EURJPY,13.428869017310744,57.13722278167208,13.47003810410218,1.508756105267239,2016
EURJPY,1.5057542735092493,53.42609711521865,1.772860056422605,0.23200135543914938,2016
EURJPY,3.5793420274141914,54.62424498028199,3.40531440550071,0.42137706581532464,2017
EURJPY,2.588778721805172,49.665205038795435,5.8844114467296444,0.7837958224284127,2017
EURJPY,-2.768784724837348,59.42269505908385,4.714861596398356,0.49539838461259555,2017
EURJPY,0.8275752894761946,58.07990422094633,13.078369676263666,1.4401124448881848,2017
EURJPY,6.169541244865446,49.40867463703354,10.611969913500442,1.3756126030465725,2017
EURJPY,5.919539839807207,48.70048614392698,10.361968508442203,1.3628411570978471,2017
EURJPY,-11.594551161989356,49.58159728374621,5.687776923811859,0.7275466723780112,2017
EURJPY,-9.291848145449213,54.677955726051614,4.110798492838965,0.46984303331755395,2017
EURJPY,2.7324181462774084,48.83875520446295,2.6707659221088713,0.33891196157257253,2017
EURJPY,-7.787360231537621,43.84124751222362,0.8000459950538574,0.1043950101335763,2017
EURJPY,-8.396683291352037,43.94770709896985,3.1230461869696535,0.44658301439802167,2017
EURJPY,-4.987193664363998,44.635928870672664,4.56094382245605,0.6479547102263784,2017
EURJPY,-8.737866276562645,54.70403017740236,4.128469603623066,0.5065579332907918,2017
EURJPY,-2.862594929024766,56.33673976400054,10.980307806308733,1.2817226576548344,2018
EURJPY,-2.927289357508268,50.52569707656183,0.26674443643449036,0.018256383988572083,2018
EURJPY,-10.569331974143145,41.983046101859486,2.8585329996713043,0.42796995283601996,2018
EURJPY,3.2408447927797233,60.49389817414577,8.291098846177784,0.9078078624584687,2018
EURJPY,6.794933730708415,63.78503793008707,1.0871839438551867,0.09022531887824876,2018
EURJPY,0.5275381765519359,45.727819400800804,2.389194073979026,0.35311384467749457,2018
EURJPY,-11.71678220739347,53.6849214583905,1.91255188292835,0.2478888336286496,2018
EURJPY,-13.63119366323232,49.834764684943146,6.2632528255856545,0.7985050734932311,2018
EURJPY,-1.936925349616911,47.968888690208225,2.667839522212284,0.3756642974421316,2018
EURJPY,-1.3526442898660176,47.11721375397846,1.1925710657810045,0.17897102394065692,2018
EURJPY,3.462881533105111,67.49288787286085,7.460293558220991,0.7382519738530647,2018
EURJPY,3.1313025307658724,66.40745400716474,8.45406309567,0.8466763397974871,2018
EURJPY,-0.9518389748071984,36.11263716558532,1.4486502634915497,0.24853166515198913,2019
EURJPY,-3.50149128308911,38.01895927639538,1.8373168741961772,0.301092141562607,2019
EURJPY,-8.060308768735055,36.714544793983535,4.040707372508395,0.7250559393826702,2019
EURJPY,-1.747351159980131,33.95594963603431,5.444499940764426,1.0501583767163913,2019
EURJPY,-0.8682699237879761,32.12239313491733,2.803118663371647,0.5757776660360328,2019
EURJPY,3.323169431274756,33.57059020578901,6.994558018434379,1.3614064554869432,2019
EURJPY,11.122298583354572,37.630125123208146,11.12229858335457,1.928518633797137,2019
EURJPY,-3.982974872481063,42.1664795864189,2.4635041023475193,0.39200813837838827,2019
EURJPY,-12.319375701913874,40.87385906578104,8.829716121700788,1.3864747969859768,2019
EURJPY,-5.303612248813342,31.744688918345922,6.3128609788360945,1.2783508156598076,2019
EURJPY,0.653011027235512,33.284137794934225,2.9727948738369907,0.5682432342506415,2019
EURJPY,-0.5623567938963631,42.381045669400315,0.49757330318465187,0.08948125809830587,2019
EURJPY,-7.499311389788356,42.53553219898324,3.4707131263889925,0.5423290193660002,2019
EURJPY,-19.922773481898396,71.26096441527501,0.7707043641058411,0.04764990831850462,2020
EURJPY,-10.122374584482943,70.8918439707186,7.499661384291188,0.7082044168768237,2020
EURJPY,-0.3226835267052864,50.12782774208773,6.193637700045995,0.8168368961268129,2020
EURJPY,0.13623639021787456,63.85372646657414,8.396167898022851,0.8316691623534762,2020
EURJPY,5.587099206200073,54.86898133273413,13.077828475546385,1.5263608376204993,2020
EURJPY,2.3415502772985035,34.91266424101438,9.832279546644815,1.8132230339654922,2020
EURJPY,3.1657027711035317,41.23952915036579,0.1996051162028194,0.044402164328053766,2020
EURJPY,-0.3491926398842485,44.88475629722596,2.435652657991246,0.365899251976468,2020
EURJPY,-5.087482776183159,44.62533139305571,0.3092380097870151,0.058983370073677516,2020
EURJPY,-2.3559219700516962,42.39097496894946,4.075711329666596,0.6096094686565171,2020
EURJPY,3.4489860486411525,34.490575325334724,3.539274392009374,0.6540209554685567,2020
EURJPY,-2.9600386161379273,30.81227321532896,3.107821014011086,0.6438281528831075,2020
EURJPY,-0.7172465581147586,31.52563661120281,8.192561131187535,1.6735019521816548,2021
EURJPY,2.0085128222149664,33.14426482435506,4.934533515272341,0.9541274469137628,2021
EURJPY,2.994496340392403,31.252770133194343,4.573991428507958,0.9383789047898392,2021
EURJPY,5.5311074775520845,25.782311636028716,4.184581872610266,1.0434877682757782,2021
EURJPY,2.353071356866024,33.94847581422436,2.438874986661621,0.4763923633942959,2021
EURJPY,3.697849518424602,35.71106756483653,5.674618596704426,1.0414254715245126,2021
EURJPY,2.129419846236473,26.32983667555868,1.0838479112778339,0.2751250219979291,2021
EURJPY,-3.9465855968679002,30.57307728442962,0.9575791467340635,0.21265978924754167,2021
EURJPY,-2.8710663714024003,41.57675926521901,1.7056225845933968,0.25269556635707874,2021
EURJPY,5.688904282321493,42.68719087834253,1.8370365327284124,0.2924385682759691,2021
EURJPY,4.502386931353418,41.7218614435016,0.06569274786781873,0.0234116723502027,2021
EURJPY,-4.68485580091896,39.96226702311085,2.3141382091298617,0.36260420515685204,2021
EURJPY,-13.125680810433195,51.468084692040584,5.914166753590921,0.7611786060987422,2022
EURJPY,-8.803890729561378,77.61205298865967,11.260842420905574,0.9152924793301197,2022
EURJPY,-4.296244300816737,79.90598308881165,16.4746708806468,1.3098866453967914,2022
EURJPY,-4.683612145412706,79.13402552773415,5.283431394991846,0.407509170427981,2022
EURJPY,7.359197974407286,83.50507803002088,10.494741781244095,0.787595493528319,2022
EURJPY,5.057352118002102,78.48215149714622,1.7891832206749583,0.1726272705662023,2022
EURJPY,-7.691546196653265,68.21284017870495,9.111397589702412,0.8877073710616511,2022
EURJPY,-1.7843588829497425,69.99404590534999,3.6770275117341065,0.31828101323697006,2022
EURJPY,10.218149177920221,72.91304017098015,17.32866954410973,1.515919882204407,2022
EURJPY,-1.2605172618552158,67.05008690050005,10.432841523925127,0.9866950697376243,2022
EURJPY,-4.265256401409703,84.37666118200397,11.388605166967444,0.9022057418624205,2022
EURJPY,3.579228724952401,87.31653673719477,7.146792397869481,0.5585274547718664,2022
EURJPY,-0.21545327137897563,64.17706128091258,5.5533242682769846,0.5403272305688787,2022
EURJPY,-7.813528526913439,70.62468445317307,3.749489938469881,0.32158659884667185,2023
EURJPY,-8.965126507379498,71.39007736196682,6.846042734087362,0.5986191502732182,2023
EURJPY,2.1710100794785228,61.29184678318427,11.173069883835394,1.161392027134899,2023
EURJPY,15.654573232320342,56.334815765975286,12.233573381436944,1.388722424029158,2023
EURJPY,13.707394863494548,46.8358928150864,10.286395012611152,1.4078376557389816,2023
EURJPY,-5.63304165274733,63.64153808928894,5.610519707228726,0.5510658174536882,2023
EURJPY,-9.248505205109762,65.75256223125942,3.6146076303636026,0.33540837609863305,2023
EURJPY,-8.040707565153062,46.68605092616457,1.3524323357075185,0.20253861208234814,2023
EURJPY,-4.046358826272924,44.168038763872644,5.67864945190077,0.8190341264203461,2023
EURJPY,2.0038109910549893,52.976416229937755,0.7499839913854041,0.10854732259355193,2023
EURJPY,-2.382527545896412,61.82360330701354,5.755219088257179,0.6230443436802914,2023
EURJPY,-0.34088761101658144,56.0386970773204,3.696500353288501,0.4097409225909363,2023
EURJPY,2.1546237266414128,39.84680119513374,6.087449208721825,0.9771975260212452,2024
EURJPY,-3.323713286779469,38.138797857348884,7.0078732169463285,1.1783586339198089,2024
EURJPY,-0.5840457431241771,55.84823310707511,6.176652398533753,0.6988585253158478,2024
EURJPY,6.213082038494367,53.060268612207096,6.575019158506911,0.7859933804736743,2024
EURJPY,6.306528234903704,33.29558798325611,11.667226251115164,2.259086238184716,2024
EURJPY,11.71983577070673,59.32508198782197,11.163938530507028,1.2391530633042198,2024
EURJPY,8.43807102582594,66.71936841346864,18.052112670028457,1.776292842379061,2024
EURJPY,-13.650500062447923,70.2230427339315,1.0817376714569593,0.12212528455990948,2024
EURJPY,-9.849657722916943,69.65622101956423,6.56560488864263,0.5885886274827701,2024
EURJPY,5.658978444371783,56.949364354730605,0.14840183273761337,0.0348968158103688,2024
EURJPY,-1.0107939364741467,62.19241126527217,1.7532256205430943,0.20236035859334336,2024
EURJPY,-19.830069713634604,64.02922315299391,5.849186279581859,0.5716622179415592,2024
EURJPY,-6.012637113451306,63.385573861701175,11.141835051580596,1.15988252660798,2024
EURJPY,5.823434406507492,69.4632303052926,2.560888711902848,0.26087859669349606,2025
EURJPY,-6.668355679599704,57.54536361704822,8.23648531687519,0.9090832423250357,2025
EURJPY,-4.084835535230162,47.02699010812614,0.8865324796843088,0.1073256767690951,2025
EURJPY,7.7067786524920265,44.7669592772799,8.803332407365527,1.2597462918213085,2025
EURJPY,15.151375648334144,35.64220265736293,14.423009007012539,2.6093730067177656,2025
EURJPY,-1.8789298479375471,41.17778695819129,5.283394958702119,0.8182929369910796,2025
EURJPY,-5.2661294535713425,35.675985873262796,1.863481685157518,0.327196302232878,2025
EURJPY,3.545608953347851,40.466588304348285,5.10808428757408,0.8051118513948561,2025
EURJPY,3.4870611622128784,43.82677019808517,8.008952946862884,1.1700151269846648,2025
EURJPY,5.864042305272232,33.41128341951994,8.790745087785202,1.693809333458567,2025
EURJPY,7.601495170254527,34.40793684217644,7.601495170254525,1.4203449629548521,2025
EURJPY,-1.4914153091514268,47.46059847088999,0.17631440422118844,0.03909792504660069,2025
EURJPY,-9.001441669863615,44.93485926290862,2.327182458560916,0.34992086040760245,2026
GBPJPY,7.477245347191169,113.95771225693595,14.59091956773393,0.8665034842445791,2008
GBPJPY,9.768694494612072,123.01919633600208,3.4617748426223915,0.22133745834551594,2008
GBPJPY,-6.401126039134348,79.8945152978358,6.350826921259688,0.48977025994125517,2008
GBPJPY,-3.640956402408127,69.98527191461353,6.1519904611388005,0.5473536503952369,2008
GBPJPY,4.575981859069751,56.5250380153767,12.229660890264846,1.3834219216367556,2008
GBPJPY,2.009433990521665,55.98217900263491,10.169421230507833,1.1956374099254343,2008
GBPJPY,9.98640616149442,115.93050791400701,21.03857819534929,1.2141567023270838,2008
GBPJPY,33.72588010481306,188.0123419122662,33.72588010481305,1.2244877409568014,2008
GBPJPY,69.0217146609037,283.2880897517882,69.02171466090368,1.6742423639252808,2008
GBPJPY,59.262730662290586,275.8146702356807,57.68824811244163,1.4468847526261106,2008
GBPJPY,-1.0038522836782846,166.1230163444117,20.535725825264034,0.8551932105628074,2008
GBPJPY,-50.60066536719288,168.60197591591384,4.506821761054647,0.22699114237153806,2008
GBPJPY,-18.326595985379317,168.42409404700075,12.58222660746227,0.43029964381683267,2009
GBPJPY,30.767475545515502,135.93255098207388,27.52109568367588,1.2675738782706678,2009
GBPJPY,8.238614723120488,141.560231000972,10.698717836001979,0.4448098773991029,2009
GBPJPY,8.547554012749266,124.10889983213781,22.758336907271257,1.1477869003077716,2009
GBPJPY,19.145449331886393,117.38464156007174,10.305651130365026,0.5316077674545566,2009
GBPJPY,-6.109881846628609,116.4766217491807,2.363507430254285,0.16842553508105224,2009
GBPJPY,-22.494325792094713,96.75273195353982,4.345821299876538,0.26048383289410576,2009
GBPJPY,4.29456337391625,82.75734785579792,28.92665062555036,2.2949336695702263,2009
GBPJPY,9.40848263399061,110.23004665350093,2.5518058448002554,0.18484145578633043,2009
GBPJPY,-9.37479907561775,127.8285695393132,13.63039096643957,0.6501338901345577,2009
GBPJPY,7.93723023200529,112.94867647814534,1.6938026339531818,0.13320704009705514,2009
GBPJPY,-5.03345112925358,91.20443011796331,6.9422409521111135,0.5224331578401655,2009
GBPJPY,4.3765328331334725,93.95738564317791,25.19673741091881,1.7700906787099402,2010
GBPJPY,21.97232004279927,97.43467162734721,1.6267223500164905,0.13914756232556746,2010
GBPJPY,3.7101509332170033,84.56752768890875,16.647591656500992,1.2479412590301502,2010
GBPJPY,9.948697164324455,117.95003021802088,18.513945314741488,1.0559136261180406,2010
GBPJPY,1.9884952829067604,121.00367817105642,16.298225628224476,0.9122636267574522,2010
GBPJPY,-24.60249806965702,87.15163830714376,7.793026411642912,0.5516934140735313,2010
GBPJPY,-16.88958528153539,83.37085339475489,4.174493352531463,0.35095737818295847,2010
GBPJPY,-6.9600789875866536,93.890255973923,5.164731424458555,0.3860535978485734,2010
GBPJPY,-6.270193147762278,85.90924410773825,6.878684669069988,0.5460015690911373,2010
GBPJPY,-7.251801264702185,65.73256832679829,2.8048323678653553,0.29732462252604464,2010
GBPJPY,-3.7541796994918477,64.7855381284868,3.521983038437802,0.3318516140187287,2010
GBPJPY,-0.37139811421588576,56.206046166556185,0.8225901547749481,0.07709751999936486,2010
GBPJPY,1.5028117316745693,61.39404895644792,11.775956228369694,1.2229276887214993,2010
GBPJPY,3.484151770117292,91.31621401598757,1.3541664594435554,0.0671059152895303,2011
GBPJPY,-8.207599618496214,98.9837158741181,0.5284517530134993,0.0032296360516471056,2011
GBPJPY,-0.2806668145923965,78.89666811096865,0.4713172918086568,0.06359207338857711,2011
GBPJPY,2.0154341470895334,64.17868185919527,8.632931453736818,0.8924108090713356,2011
GBPJPY,1.1574041774750272,56.819329401270124,7.899382260571393,0.9193753218163118,2011
GBPJPY,8.033396427631216,66.46617028084579,8.033396427631214,0.8046890425876927,2011
GBPJPY,11.66003984232751,61.194616612523326,11.66003984232751,1.2549693676980218,2011
GBPJPY,8.47426692359591,62.19297450350809,8.474266923595906,0.9031290518980128,2011
GBPJPY,0.7300291859313812,80.2049469115391,4.849924010475195,0.36655986311971195,2011
GBPJPY,-5.832208980076142,68.76217880396345,0.7897433000398066,0.052844718897132076,2011
GBPJPY,-3.651103053990418,48.61600730564507,9.619184040136698,1.298328940806102,2011
GBPJPY,-2.663727455276736,50.01824930890002,0.9100645773349592,0.1020779089688677,2011
GBPJPY,6.143949964856305,73.19578207524758,17.957741418006968,1.5654694242467297,2012
GBPJPY,15.69399292051838,82.77156680959142,15.693992920518381,1.201708640948309,2012
GBPJPY,-3.431669212200253,68.92252436226248,1.9819281034163159,0.16453978493052343,2012
GBPJPY,6.570275417373561,67.95981271049733,17.792401349942217,1.7198533046075553,2012
GBPJPY,6.714747624194685,73.29610949987324,6.5638270204574205,0.6038025983627233,2012
GBPJPY,-13.463217206883872,67.01746256030253,2.5679543908392546,0.22716271431420978,2012
GBPJPY,-10.190950693310816,53.90961980841501,2.314952277382326,0.29534851901894177,2012
GBPJPY,-0.21198176199541696,41.85513288176723,8.130544494490186,1.2452161788979605,2012
GBPJPY,-1.5484379524063558,49.61856246701513,7.45938800899285,0.9582566820270246,2012
GBPJPY,-7.5430172624611505,57.30742538179573,10.315595088838128,1.1478815919318637,2012
GBPJPY,9.750973281033279,51.69188042565007,18.60175967093335,2.3136961433024434,2012
GBPJPY,20.066637079044373,74.96954470178743,20.066637079044373,1.7093649194220373,2012
GBPJPY,7.932011696778879,85.41126797907522,6.220048356245974,0.4449116981164691,2012
GBPJPY,-12.056330753286757,67.35756467760353,0.2856324379119619,0.04879221148763238,2013
GBPJPY,-16.130264853887304,103.39917298549895,16.963488309736295,1.0300353216470082,2013
GBPJPY,0.9886543926862917,102.07253693083734,20.599745900402194,1.2747170582159535,2013
GBPJPY,1.7316670322443404,75.28472461427171,1.6984039047908341,0.17008976693212485,2013
GBPJPY,-1.913576422787477,74.39267095763522,2.121292482106082,0.20843309798022783,2013
GBPJPY,-16.24110675918351,61.96738023503812,3.6937008957003767,0.36662390814197676,2013
GBPJPY,-15.7623093521311,68.89716237518758,6.5203790288041015,0.591367459908336,2013
GBPJPY,-4.169197832100914,59.119457382831506,7.961711290934968,0.8537610411588056,2013
GBPJPY,-4.456379632753664,43.62923694257148,4.88212235046827,0.7112244880323876,2013
GBPJPY,12.512948093182061,57.8226835302139,15.290776557136002,1.6942564288123088,2013
GBPJPY,11.964480984379252,73.00023701395588,11.964480984379252,1.0385397400391898,2013
GBPJPY,7.861120973315841,81.76442438500246,1.0294088884956383,0.05570166059171227,2013
GBPJPY,4.623460585236184,68.0190400836732,2.8611095919232428,0.2509876849282859,2014
GBPJPY,-5.93071792856261,46.21922874546505,2.169627825225604,0.2895673997374588,2014
GBPJPY,-2.863645689604242,40.47981679477167,1.0340966966803935,0.15273550174083889,2014
GBPJPY,-2.0957560647441684,31.500454477436392,2.9717000876109774,0.601325099241304,2014
GBPJPY,1.6272444046124697,32.740031772050145,3.2717781403564965,0.6371672052536161,2014
GBPJPY,4.3299593178801965,31.163079506508325,0.03971077523820135,0.018118273063688725,2014
GBPJPY,-2.388169673683054,31.170504204342677,2.510016469365751,0.5317968751614918,2014
GBPJPY,-3.781907355569274,47.69821104301405,4.301461028263416,0.5692729116058113,2014
GBPJPY,-9.115079856241707,71.90709962420908,13.209327027956915,1.1671773814984088,2014
GBPJPY,-0.8032882053952273,70.94817812090214,15.129408899798964,1.3587007183144715,2014
GBPJPY,1.2675784807402424,59.984668462021475,6.567660423555653,0.6903834615259078,2014
GBPJPY,5.542908732243461,71.49376246118123,10.413341849561954,0.9671108194436857,2014
GBPJPY,10.262070310014801,68.7199428312695,2.361960138115637,0.24453848229016856,2015
GBPJPY,0.11155931831971978,55.45716055384654,0.6417608372298667,0.09252702440921565,2015
GBPJPY,3.867807653987925,50.66189000581651,2.9670715339496265,0.39564784951184456,2015
GBPJPY,13.35775230834154,47.721612622728166,15.908495352443964,2.14365335583024,2015
GBPJPY,15.825583718757828,47.44324254398119,15.825583718757825,2.1451301482348946,2015
GBPJPY,-4.378749689393003,62.297077909782075,2.7239496810004313,0.2636193178362375,2015
GBPJPY,-7.9978893787467324,71.7543669228087,8.778402293597402,0.8160031579184504,2015
GBPJPY,5.914299287272149,75.70961252368114,9.319823363645954,0.8221976861068133,2015
GBPJPY,5.36836182495371,64.87172178883672,3.0321268510965664,0.3235151083218249,2015
GBPJPY,5.613399645945829,35.958267075021126,4.563821335569551,0.8109530016015126,2015
GBPJPY,6.488075789718646,43.942003045437026,5.703906148650583,0.85541844001239,2015
GBPJPY,21.215400306389817,56.893035804273325,28.272216672979987,3.24322065111956,2015
GBPJPY,23.486736878578284,79.07446579329931,23.486736878578284,1.9523072349714323,2015
GBPJPY,7.5775093550668675,92.82074626672949,7.577509355066868,0.5586798239818617,2016
GBPJPY,5.864064098688338,88.48412227809821,12.820826509647814,0.9677197025424713,2016
GBPJPY,-6.925785442204209,97.83122999586433,4.957061283735821,0.35946892808931075,2016
GBPJPY,-8.54418165511003,105.26461785240149,6.71876865398311,0.4470947002694225,2016
GBPJPY,21.85034564186513,195.05357146118274,32.18721163597772,1.1346562680393322,2016
GBPJPY,8.687528579533025,203.087520826713,28.11834201079124,0.9644779828058125,2016
GBPJPY,-17.55457519461268,99.6289647628238,0.07046416239561307,0.036009834663038705,2016
GBPJPY,-6.475769103806466,75.00306221014911,6.8080474206425965,0.6123152922806981,2016
GBPJPY,-0.808071462072192,69.83667906551689,10.801069518560451,1.0251119394011068,2016
GBPJPY,23.724464941226742,78.13275836985764,27.667191317972975,2.267123155808726,2016
GBPJPY,19.120969895217197,82.18037129648653,23.48283800105071,1.823810469841243,2016
GBPJPY,3.6061147932946707,78.83703075836212,4.892225635141303,0.42726156429429574,2016
GBPJPY,11.545988963085051,79.28005852216904,6.200176401474819,0.5321248582896053,2017
GBPJPY,5.673620903472831,53.87746661278007,4.349096244881429,0.5403175025670134,2017
GBPJPY,9.627753224490359,56.10841465363955,9.864736960978945,1.1211986924482644,2017
GBPJPY,0.8873199679358971,62.06150811496648,9.868457966838124,1.0104332607798516,2017
GBPJPY,-2.3208150054520007,71.63988883701981,2.1197022236913416,0.16902492769726635,2017
GBPJPY,1.4569188043195267,64.09178292617119,3.545232267561305,0.3381187180506766,2017
GBPJPY,-2.9921106258021952,50.03270676862748,7.325624640481916,0.9651183773998244,2017
GBPJPY,14.607687569932265,72.33927538408209,9.26448862575477,0.8068158798293635,2017
GBPJPY,8.826443546051744,68.17714232770672,13.273982257712808,1.2395291972568052,2017
GBPJPY,-16.1127100592989,55.306225099693194,3.902987522039293,0.47495974376261674,2017
GBPJPY,-16.73697709615354,58.95537953304152,2.853009263448146,0.294949206770856,2017
GBPJPY,-9.357726376659238,58.522435228664456,8.986750847565162,0.9762919049164618,2017
GBPJPY,-10.279904627174027,65.8467033813984,2.766074066725529,0.2931899317230516,2017
GBPJPY,-11.053777748247077,67.46667305510016,9.51533349589079,0.9359393363240891,2018
GBPJPY,-5.972665879755759,61.12157106709271,1.8032136455759757,0.17183016406837165,2018
GBPJPY,-3.9025106961855576,53.43553452071537,1.6839327726056847,0.18733149091170592,2018
GBPJPY,5.427613341923406,54.41306664096996,8.946539598135876,1.0833014578251285,2018
GBPJPY,-3.5175881557137645,51.911051726606296,2.3838846124971247,0.3140925700621514,2018
GBPJPY,-7.867048457690102,43.891247868292055,6.389662872587301,0.9576584883897721,2018
GBPJPY,1.4954771955079313,58.82008995861098,1.5908137364519686,0.19384418507333573,2018
GBPJPY,0.554775369070489,62.80397025341819,10.096312909822675,1.0215025080491256,2018
GBPJPY,-8.61024805557314,67.63488833103476,2.9187416124167234,0.2582608311373497,2018
GBPJPY,0.29449643061840597,68.60417417097662,6.499742020652034,0.6359080772738602,2018
GBPJPY,18.166634635451732,82.64054109552704,16.289187524558255,1.3049763840256792,2018
GBPJPY,2.502256425942711,79.34493151472714,1.302078729451539,0.13180679812023247,2018
GBPJPY,-3.9408784872359153,56.338935392596255,15.787347204745023,1.7968818734568381,2019
GBPJPY,-1.206498858137606,66.26468567790127,5.153511028646585,0.48298914202706617,2019
GBPJPY,-3.974771345536528,54.57886647728216,6.969773264741632,0.8451597080543953,2019
GBPJPY,8.044864337126503,41.076519493002365,12.290130096895703,1.9532692120695287,2019
GBPJPY,8.357801411773746,37.24914884946691,12.319499745920307,2.1565366499940954,2019
GBPJPY,12.582257087565582,44.839943433760915,16.543955421712145,2.4073554996139355,2019
GBPJPY,14.070391502895207,55.685048183825295,14.070391502895204,1.6563741677853188,2019
GBPJPY,-0.504940271770106,63.04846477566294,6.5658303723838065,0.6548096713089507,2019
GBPJPY,4.333580996343666,77.13946133870311,21.245111757369365,1.7588214757483098,2019
GBPJPY,8.253276559819549,66.43022096979539,16.86144823769175,1.6227735467725486,2019
GBPJPY,5.195220138894806,63.31703361664383,5.274553919443547,0.519878581487119,2019
GBPJPY,-4.944218175630444,71.14815517703867,1.4766222765441728,0.112141014507111,2019
GBPJPY,-19.89545978376578,55.98505268358037,0.34444735778672,0.05759663546558159,2019
GBPJPY,-0.7097485935928692,104.53410707128248,15.167938077067669,0.9743998266376097,2020
GBPJPY,4.870209253268563,103.610746415649,15.988488549340012,1.0338917778198504,2020
GBPJPY,-4.950759475171763,63.78048046137236,2.774049985685661,0.3020912906833019,2020
GBPJPY,-4.927402176422477,79.37678627709059,1.002961159587899,0.056816983249052856,2020
GBPJPY,-11.783458289625228,64.75272241179194,9.105395643090795,0.8904835296406788,2020
GBPJPY,0.8307411784468095,36.587605864564246,11.236277609967896,1.9776222800186103,2020
GBPJPY,5.8607528122569015,56.61858175152152,2.2443545663895845,0.27491424769095035,2020
GBPJPY,-4.804589186124105,61.14278681270677,5.2442700531304824,0.575429018523806,2020
GBPJPY,-18.775683335795907,60.80055042579,5.523746445282493,0.5694360473712021,2020
GBPJPY,-12.816829356412487,60.51344134000934,5.646160564757308,0.585429214425149,2020
GBPJPY,-2.7077553028074015,46.19421843143141,5.1330325222048465,0.7053419343547821,2020
GBPJPY,5.547953138384008,38.383211026181606,11.559754311664753,1.9385387842219677,2020
GBPJPY,17.219164880609732,34.39145673117275,17.219164880609732,3.2311578421353233,2021
GBPJPY,4.693935832881578,46.0845542046846,5.59238440694123,0.7716395069669796,2021
GBPJPY,-9.08581169954092,48.7035264119611,3.6278799116493783,0.4672561348432985,2021
GBPJPY,-4.379341909304635,39.62820931399367,7.43590112782601,1.2031180483047503,2021
GBPJPY,0.6710631892069376,45.921694714088424,0.8680734217151691,0.13702192132342716,2021
GBPJPY,-0.4512643846346777,48.735726506836,2.5466358424278006,0.354114598208491,2021
GBPJPY,-4.230383148307332,38.600171781464475,2.217845700271789,0.3846342906164889,2021
GBPJPY,-14.198976267160193,42.461533406671734,1.385360017419703,0.22488514992057687,2021
GBPJPY,-8.124001901477081,54.876244328476105,2.1521557473675696,0.23676132003517325,2021
GBPJPY,7.259032124666525,58.75767850316511,2.3364185002410007,0.2763698331047546,2021
GBPJPY,6.863422878256883,52.04346249156764,6.528603307805971,0.7962427321129278,2021
GBPJPY,-6.1777981786990415,39.266774911790115,7.3483711217222,1.1999720830893363,2021
GBPJPY,-15.150790254708014,38.99822603852289,4.533139808110304,0.7658231709911553,2022
GBPJPY,-6.656156224701117,65.36207966674334,8.450819347933448,0.8169708168114566,2022
GBPJPY,1.3952203704247041,80.2934167525227,13.02157732011398,1.0249948278675147,2022
GBPJPY,-3.9702907146140904,86.03228186316264,2.86366245735951,0.188403759809946,2022
GBPJPY,-2.461302628632709,82.51885010982527,4.812017336628156,0.3516523563817914,2022
GBPJPY,1.0168774504062392,71.89176503566817,2.1437464297339806,0.17044165286709598,2022
GBPJPY,-4.931308453772601,61.94988770788513,5.720101510434619,0.618202297826571,2022
GBPJPY,-11.855478936785222,74.85318834771041,11.77562582526384,1.0439880444942244,2022
GBPJPY,-10.61317429498273,107.11690932451182,11.933630633513271,0.6878065007011139,2022
GBPJPY,-8.261650115552708,98.08405717428975,19.07492577401045,1.2283753429246758,2022
GBPJPY,5.6982228382068065,82.37603978069502,14.506909444600053,1.1684787050116265,2022
GBPJPY,9.040613954237395,82.68889987976277,10.729830852483621,0.8678480993045744,2022
GBPJPY,-2.5687243414618046,69.75135569895808,3.8252816375205,0.33328432001253977,2022
GBPJPY,-7.789447558644442,67.30723452473555,2.2009861124876515,0.19059659832912276,2023
GBPJPY,-8.261660640251241,60.7323682790566,8.44443942815322,0.8815112667626944,2023
GBPJPY,5.5426691522889815,65.92849070345602,14.774542008865295,1.4305321521945347,2023
GBPJPY,19.948193024029035,65.48345753693985,19.94819302402904,1.9516984357559346,2023
GBPJPY,13.469091816782392,49.316213738300384,12.630248330297182,1.6431876445427611,2023
GBPJPY,0.8943715942524599,63.52203657722585,4.175410318563113,0.4058226328131368,2023
GBPJPY,-1.902587510534999,64.75340474374447,3.695923204122132,0.3493620736147957,2023
GBPJPY,-0.6891093455154541,45.715074800334705,3.0949691436546862,0.4532854738010775,2023
GBPJPY,7.228263635581577,47.88453665615401,1.6813994415509903,0.2124276833397473,2023
GBPJPY,6.651916485802777,53.81563532384568,1.2675498301526056,0.13560065391837559,2023
GBPJPY,0.889675279665,64.40972173690403,1.9199328795041626,0.213584661232617,2023
GBPJPY,3.9353581686962578,58.55071290596474,4.847740773147181,0.5179675898271551,2023
GBPJPY,7.579636205351965,37.61995324802786,7.579636205351963,1.293375652747647,2024
GBPJPY,-0.5492985477513529,37.748984832071066,5.85663926795998,0.9932595477686479,2024
GBPJPY,-5.042863406708162,58.27425811978776,5.44915997841265,0.5874195186010567,2024
GBPJPY,4.068552856717224,57.036841099752266,8.154638426126706,0.9081370216142375,2024
GBPJPY,14.681625534491705,32.37185828243538,14.681625534491705,2.9268255069173055,2024
GBPJPY,16.80615341789841,61.10703512374008,9.8936212046727,1.069267405384127,2024
GBPJPY,7.681843837948439,78.89913141778963,16.59076818464846,1.3889436700606115,2024
GBPJPY,-16.81500230781653,82.88257756019287,3.259942269163311,0.22858422062502975,2024
GBPJPY,-4.544697417877136,76.7068185294278,9.486877184245854,0.7768455098655004,2024
GBPJPY,11.560031168113701,67.7085447694695,0.27079377742489363,0.047347661083139835,2024
GBPJPY,-6.5319072994555185,62.3221389716652,1.9422643718384043,0.22175099912320362,2024
GBPJPY,-14.567297658624248,60.44666295199958,3.6545393725583617,0.37262969879175367,2024
GBPJPY,-4.438909160791648,65.94066333371984,10.241637157937587,1.0279827875597145,2024
GBPJPY,2.3604327470782596,63.18215074962005,0.5095312802399261,0.07224310703402242,2025
GBPJPY,-8.367210480707026,63.371007639880176,1.2059141943203466,0.10328687751188419,2025
GBPJPY,-10.465362460122472,62.7422460936261,1.120484526910614,0.13557085049866704,2025
GBPJPY,0.00661145342580178,51.83059290985888,8.126273738925567,0.9993239650460872,2025
GBPJPY,7.158131914918782,46.26556209162868,7.155700439496759,0.9873818781565782,2025
GBPJPY,-5.533489602040287,46.91710902032715,3.4747655146788725,0.4650162469895069,2025
GBPJPY,-10.988608148454654,38.6098869416755,1.6951534728525184,0.27223445361517673,2025
GBPJPY,-11.220747903211334,46.47729604989872,3.229168888390273,0.43558021800666996,2025
GBPJPY,-4.545150297023864,53.952897377106304,4.030777571400706,0.4670520277412039,2025
GBPJPY,8.751463217373235,40.45542346561826,6.552980798784213,1.0365818923195889,2025
GBPJPY,11.768221130016192,35.447492059515774,11.768221130016192,2.1391092347468885,2025
GBPJPY,5.817097092569614,49.77877886626873,1.6955179693286948,0.20496370607943026,2025
GBPJPY,-8.072837821597213,50.331690797795176,1.1314486555933738,0.16165127774292762,2026
GBPJPY,-13.683166905092342,39.1834382903788,6.364422878226509,1.0399129261962523,2026
GBPJPY,-10.387159469766427,38.03340671493455,1.5211876685099543,0.2471271042886374,2026
GBPJPY,-5.307062360354354,34.968162954388376,0.1508308710109128,0.016875520614908962,2026
XAUUSD,-22.094853232568273,131.35566396499564,15.091667407349583,0.7025423567656137,2008
XAUUSD,22.96385523737461,156.66355284056368,26.71903286352793,1.1567551116951589,2008
XAUUSD,11.046355979778909,250.59299114820146,9.975328459190909,0.3351930408003221,2008
XAUUSD,17.82546486893522,311.7937754450449,25.988552391635096,0.6391229160700878,2008
XAUUSD,43.58877085826192,294.5174761483533,19.318456444179297,0.5194683692218425,2008
XAUUSD,29.83442620607028,229.41876699920667,39.40241982613208,1.0391440083767984,2008
XAUUSD,-5.6101151362385835,184.5997763123559,17.500225187299183,0.5551309542073251,2008
XAUUSD,13.754782389110156,175.1228042154671,37.03243055875013,1.3130196314026519,2008
XAUUSD,-2.4367859610206946,170.83516692539618,27.52720706587801,0.9892684269230734,2009
XAUUSD,-20.150725621461156,132.647925997943,28.3761818956439,1.430454525969209,2009
XAUUSD,10.709468150238317,107.44355015416363,8.106191529078972,0.5231999091232091,2009
XAUUSD,-1.302833054155265,108.49012416152745,17.903648721506684,1.034248561201122,2009
XAUUSD,2.1794541622516173,101.96202474372437,5.65871476058918,0.3272722606451174,2009
XAUUSD,0.9789276257984921,83.98312225280759,6.321276554320164,0.4611005962416826,2009
XAUUSD,-7.787106920477684,84.35840664694805,16.464017320912486,1.2372382453240138,2009
XAUUSD,1.162413705151905,86.5130499305861,23.550449616357966,1.734929354024585,2009
XAUUSD,23.348170123420346,88.33095951461324,23.348170123420346,1.6832519849529963,2009
XAUUSD,17.770428049568356,116.27902752009825,17.770428049568352,0.9526093954769315,2009
XAUUSD,-4.665632860155535,130.85173207587886,5.254502043842543,0.21851220971091814,2009
XAUUSD,-23.260525773509215,129.58967116103528,13.773451078195134,0.7306588615259172,2009
XAUUSD,-15.614088463486604,118.89730997464463,0.22957978474405372,0.050365977094690595,2010
XAUUSD,-10.999232707753308,92.79851681955245,15.239398410581126,1.0342147766512295,2010
XAUUSD,0.9044770173363936,84.7919589584864,11.32553924824428,0.8383183269766666,2010
XAUUSD,15.120055881778544,96.31427018771737,15.120055881778544,0.9862053377167156,2010
XAUUSD,2.7683534634814375,110.55223543447015,7.669436207428448,0.41435188761400316,2010
XAUUSD,1.713208074117859,101.35647263276879,4.206943265184966,0.3013028908309122,2010
XAUUSD,7.266528434411257,74.9329099503925,7.431436532290123,0.6187595915604186,2010
XAUUSD,13.185822301240435,48.39856006667224,24.171964482369127,3.2175954971217715,2010
XAUUSD,17.857482550406495,83.38509163483992,17.857482550406495,1.360268114338919,2010
XAUUSD,10.409353574065548,108.36953863278431,10.214481529976954,0.576232702772007,2010
XAUUSD,-2.3478518809656443,96.53324592259995,7.677105051460396,0.48470319705310627,2010
XAUUSD,4.4986924914510915,81.63633857049243,5.068129770561179,0.4283094042439802,2010
XAUUSD,14.21786816787925,86.13775211975471,5.478044603436318,0.38473380020435205,2010
XAUUSD,6.72935288040044,89.09475344603686,17.776180554484416,1.26368651892696,2011
XAUUSD,8.232205347421045,78.55992015267954,15.502920251380933,1.2530704810347473,2011
XAUUSD,-0.8664043339171007,87.03291071969377,13.617376770265729,0.9857250205438233,2011
XAUUSD,-6.888896872918953,82.15641283997209,6.266891681012662,0.4681174199063401,2011
XAUUSD,-6.104442717622935,66.8494456067061,13.130237753582199,1.2509342917719133,2011
XAUUSD,27.172340728980263,120.20282104436974,40.464298846476716,2.139479729806702,2011
XAUUSD,24.829992950497076,197.12360679489444,31.74856640448502,0.9796994723759482,2011
XAUUSD,-1.1258298849442159,215.62651815053812,18.342210144912215,0.6205951883824257,2011
XAUUSD,27.714945081055156,168.94910221894162,2.9949016086524187,0.16867995344650502,2011
XAUUSD,36.07127652751757,146.2352035942932,13.428782031852355,0.6419559681734914,2011
XAUUSD,7.343477062094114,130.47278395046374,17.358249403895037,0.9045605293543778,2011
XAUUSD,3.3778629185910427,92.91467310154556,21.601302036220197,1.4758077749956868,2011
XAUUSD,8.486315145875087,112.65558161237159,8.13100803552894,0.4315184896517092,2012
XAUUSD,3.6342009144659913,114.47586623019113,8.380037144040728,0.5113633028499148,2012
XAUUSD,5.088200282029582,84.27538714024755,15.720718125705694,1.2366832166232684,2012
XAUUSD,-9.28427233382867,106.16832240287648,9.093095502289321,0.5886742982384546,2012
XAUUSD,-32.36422893997616,121.23959791452185,0.18775274424194982,0.0481045973819771,2012
XAUUSD,-18.338780740531714,90.71111061620229,3.3674860731220626,0.2119245520647209,2012
XAUUSD,17.288534458254453,66.65560174500169,16.159489367288078,1.5489176717224964,2012
XAUUSD,23.92309795259131,69.11375377318019,23.923097952591306,2.218952050515516,2012
XAUUSD,13.474429276782013,70.13282245953155,3.4625677631626237,0.2978432097461746,2012
XAUUSD,-2.88804304515241,70.9098238060742,8.654452241795973,0.8138210532170633,2012
XAUUSD,-4.248814822589007,70.37347244778081,5.509488759228405,0.5298529332376888,2012
XAUUSD,-5.52995563645928,62.15139710887927,6.920870352792821,0.7416254302481217,2012
XAUUSD,0.8455305280376693,74.16547106968797,11.033331715087145,0.9882269733887417,2013
XAUUSD,-0.06422361086503175,66.58670040432318,9.626553507157,0.9585585321666544,2013
XAUUSD,-13.305600396362571,183.4118453218297,17.482337964205524,0.6786386539681212,2013
XAUUSD,-8.11951075372424,198.02468360533354,32.58692466000381,1.1330552074668585,2013
XAUUSD,23.80724873714301,148.13836011465182,42.11181297294637,1.8938354364685106,2013
XAUUSD,8.57253389753749,164.4752745848153,6.604062391484732,0.31286267973806164,2013
XAUUSD,-5.462264359053113,124.59307485358532,31.421268607691957,1.5926786527946788,2013
XAUUSD,-2.332808898800907,137.84739568815837,0.5990347959733411,0.07153104890750712,2013
XAUUSD,-15.962437783893009,144.11787011489648,9.014853032117529,0.4509851232092982,2013
XAUUSD,-12.781558890824705,107.82935542880132,14.20468335892182,0.8885151050200577,2013
XAUUSD,0.33802599991714455,97.55848549913092,27.32426824966367,1.8487031492738188,2013
XAUUSD,-2.4383729520277795,94.61589417915528,2.026000085663882,0.10872447860901548,2013
XAUUSD,-0.6641603060391879,82.14973274688856,24.825571864188262,1.930166693782142,2013
XAUUSD,13.898317770086427,93.2167381774941,13.898317770086427,0.9361448281164098,2014
XAUUSD,1.3342067502164687,85.17515879323328,4.291804549004717,0.35362106232010415,2014
XAUUSD,-13.271377422735512,68.7432742062463,6.094543769239193,0.5965324882553151,2014
XAUUSD,-9.552619893030602,60.7081833085512,4.2955243274306865,0.4779426244339388,2014
XAUUSD,-7.524962881385405,76.48612599773699,1.331348983098343,0.08861105539357365,2014
XAUUSD,-8.001236155449114,78.27897042561156,8.047929318222582,0.6413774237579586,2014
XAUUSD,16.861619144894128,64.50252188494754,12.957398818036085,1.3231180771886057,2014
XAUUSD,12.592294420780203,68.78698142832305,14.265709212047977,1.366844971816348,2014
XAUUSD,-0.5013874809548323,100.8988069652074,12.960578813072797,0.864938591467808,2014
XAUUSD,-3.754960390172635,124.45557428895683,0.3654749992750469,0.058177164882040396,2014
XAUUSD,-21.385800324237426,111.77273081389819,9.93828591627975,0.5408081730475823,2014
XAUUSD,-17.48146201860224,110.85061236543402,1.3855099969260567,0.04592246552404713,2014
XAUUSD,7.31167967526029,104.83923818148317,7.7849030217456,0.5146999835686723,2015
XAUUSD,-0.2610117190240612,79.7921522547198,6.0276997069977485,0.5150674871003924,2015
XAUUSD,-16.20351554774399,82.52484719852066,3.909934337415039,0.2809607166040218,2015
XAUUSD,-14.004771477139156,78.19279455903974,5.618399883306347,0.4905261558633079,2015
XAUUSD,-5.644023359513556,60.36630558445382,2.8079615792780688,0.3205855520575388,2015
XAUUSD,17.88158483036772,69.90160795298476,17.88158483036772,1.6816840200924468,2015
XAUUSD,14.091703151856139,87.53605389014774,7.1605753906780905,0.5581754563863821,2015
XAUUSD,-10.304077902646668,82.56145211839844,6.381043944278889,0.474662165614316,2015
XAUUSD,-11.338754340018472,80.52398558716122,2.1558510245673848,0.14811987823170197,2015
XAUUSD,8.428575027410446,78.08576727571524,10.51164727311141,0.8975454334049985,2015
XAUUSD,6.717294817594267,83.39309190589023,16.947362822842155,1.3445770553104213,2015
XAUUSD,-0.42051052865884014,90.92744280026221,12.125398683761638,0.834982569179498,2015
XAUUSD,30.957550486410284,111.15616932459915,37.673956090553396,2.1574776603569275,2015
XAUUSD,26.993024230564288,122.80563834994139,22.88880052113106,1.1678892418975906,2016
XAUUSD,-12.383115123978977,98.70484882146928,5.25952961622812,0.31407042525875645,2016
XAUUSD,-19.212479241056503,91.78948093264502,2.427585697073385,0.20044566716901902,2016
XAUUSD,-7.201209230791457,112.21445883120064,11.474023829132076,0.6271256620831254,2016
XAUUSD,-4.1544604463146175,107.13992393799346,20.676815865350147,1.2159181295427393,2016
XAUUSD,1.7530473823035526,78.76634186610615,0.5468882432709715,0.020059488961778713,2016
XAUUSD,0.9280202331055187,67.87880298133109,3.464854110135481,0.3093050623763768,2016
XAUUSD,1.98919574251187,74.04704351779046,10.753238319784607,0.9653099167230491,2016
XAUUSD,-9.117926428915382,85.44053187828875,22.203566931007938,1.7134567300411427,2016
XAUUSD,2.9548490077033387,81.92628811379119,26.25535599708491,2.105822215322101,2016
XAUUSD,11.156537945452019,75.68082968865002,2.286423939187506,0.2198098162455641,2016
XAUUSD,1.2673781224876133,64.66656865445677,21.62847616498682,2.1448237989588037,2016
XAUUSD,3.9710996879315963,63.98934781393236,5.194277596400157,0.5057289985992872,2017
XAUUSD,-0.3505220506499855,59.98096823499256,9.73235910157585,1.0321448804955344,2017
XAUUSD,-11.224750091495908,62.83397315568839,6.271422990828153,0.6267900706342622,2017
XAUUSD,-17.688407676766538,66.26032277424088,6.397788838370495,0.6469297764905281,2017
XAUUSD,0.674462069544033,60.220806403254066,5.9031967560205105,0.6545515620039157,2017
XAUUSD,-1.0234817915116883,57.021024799634766,4.91475431422771,0.540410321864671,2017
XAUUSD,4.132187963121115,67.74454310666003,19.302231894254312,1.8234241097133523,2017
XAUUSD,8.352213745587548,73.26559223023787,2.715569403587864,0.21703985590333974,2017
XAUUSD,-5.384765633148605,60.38108994453418,7.988391352710176,0.8768796800761223,2017
XAUUSD,-7.223688538278062,58.80146432623305,8.075168778131795,0.9089969821432237,2017
XAUUSD,-5.012416352144307,56.82014866428331,6.008307904643282,0.6671028532573743,2017
XAUUSD,-0.490189277540545,56.90329754731089,14.415033841538886,1.6225675764354466,2017
XAUUSD,-13.771992550150948,68.35344242606403,1.4011381046716682,0.11122859004235704,2018
XAUUSD,-16.128938287916306,69.37536890678379,1.6033919499883065,0.1278785633346912,2018
XAUUSD,-0.9608488180944141,61.79221725832915,1.384431516424565,0.16473754988214045,2018
XAUUSD,3.3495271741892982,50.92956284122701,6.406069431535089,0.8315945502868561,2018
XAUUSD,4.745812279458815,50.57025444792415,10.767820840895485,1.3967610810622517,2018
XAUUSD,10.672189812209869,50.840191963463084,16.69419837364654,2.1460007476873364,2018
XAUUSD,10.6805549041604,63.81538398768761,10.6805549041604,1.1054741918454436,2018
XAUUSD,5.238358407496613,63.95519746087442,3.6486938762960346,0.3900655692953955,2018
XAUUSD,-10.223382855235432,62.08146667589438,4.465483913782912,0.4465162384580534,2018
XAUUSD,-20.13785202388613,63.593534001143844,6.518878591222487,0.6441207223680723,2018
XAUUSD,1.2455335141385409,54.2046208380794,10.10190756294361,1.19009943380625,2018
XAUUSD,12.579733233826015,53.43611660956309,15.619755301827004,1.8760796584827555,2018
XAUUSD,9.787630582101606,50.98006336004348,9.787630582101606,1.2275437001929812,2018
XAUUSD,-3.541159878946512,56.20225829926182,2.595148206673519,0.2813979269342642,2019
XAUUSD,3.5071043287457826,57.138090735793384,8.771981483048364,1.0135291310006596,2019
XAUUSD,0.08149552914399527,50.88109830652557,5.68361393995676,0.7402570661250528,2019
XAUUSD,12.651949229524359,69.25119462096792,26.11727051456789,2.419251324496714,2019
XAUUSD,25.21167510187192,104.20626996217936,23.9026908689123,1.4521004715032848,2019
XAUUSD,9.66541965370649,109.71087930430882,13.174511899719018,0.7432694093646462,2019
XAUUSD,7.743718571392647,93.25341796430294,13.922305788394787,0.9374915613305836,2019
XAUUSD,1.630517896268109,85.13644354118058,1.7050664557586939,0.15676369835398463,2019
XAUUSD,-6.775570650313814,74.09384998395304,4.199774015124793,0.39092787899729065,2019
XAUUSD,-13.64892280997218,57.734665768808966,2.0919161623571334,0.25315396263049267,2019
XAUUSD,8.454334007787983,70.6852180995919,13.554485786887318,1.2195313949366617,2019
XAUUSD,12.371048414123699,73.28587783326871,16.143853649597038,1.4032596932680308,2019
XAUUSD,4.975677454608308,129.99595709231386,3.317873773674112,0.2069434606387544,2020
XAUUSD,-16.185163819482412,187.77824144016998,23.07289844456622,0.7361953476199725,2020
XAUUSD,-28.22866579065132,153.5207021951301,28.907154016507537,1.1705154787139298,2020
XAUUSD,-11.320057370809128,86.35716681569494,0.589297443161972,0.01684422617967664,2020
XAUUSD,0.21035453333587062,69.3531871265063,11.056453367898225,1.010646747549866,2020
XAUUSD,34.01711566002478,89.25058364874096,38.765260759970516,2.781563272939596,2020
XAUUSD,17.696367997145632,158.7361362779362,18.130564225506593,0.688735018158992,2020
XAUUSD,-14.317741070259558,147.8047495965748,16.085865192754316,0.7535881987057661,2020
XAUUSD,-10.566088663571687,94.44236481699622,2.3961730752614363,0.1344619075498144,2020
XAUUSD,-12.873043520256564,108.0135910140843,5.644606391150619,0.3732403745270257,2020
XAUUSD,-6.091117956979652,109.73887821340897,2.1228306191752497,0.1603965845326624,2020
XAUUSD,-7.737733751504227,102.39382452371729,5.044024049163824,0.3519428698114013,2020
XAUUSD,5.975401989062128,100.4979869466769,29.01255574889453,1.9057917943449965,2021
XAUUSD,10.523409415740437,93.10651762894513,6.65451832411491,0.4928742697826877,2021
XAUUSD,3.433398554199967,78.62365707746154,12.032705956254377,0.9664423687326774,2021
XAUUSD,17.12406261152385,75.1233860053961,17.12406261152385,1.452296426944482,2021
XAUUSD,20.997522334207634,86.52930914246622,0.6069703654173105,0.017971496361341658,2021
XAUUSD,2.628862537539885,73.67330523294906,7.291117284357026,0.6650500502095448,2021
XAUUSD,-15.28172498259765,74.39674757981291,3.903579388944066,0.3164054729730062,2021
XAUUSD,-12.994472058907377,85.28281293459078,10.890343126102545,0.8551412433742869,2021
XAUUSD,-18.16357132045514,76.76104197480323,1.683045681013359,0.1664695072688458,2021
XAUUSD,-14.755292363838949,76.12908099678742,8.933855963680772,0.7361058217474022,2021
XAUUSD,-7.869372560217773,66.48724053886585,1.133120350461885,0.08938449011904588,2021
XAUUSD,-4.378734194270486,61.173150965744014,4.025739320174698,0.4070415405982957,2021
XAUUSD,10.688070044665713,72.74123316767465,13.091235000358772,1.1426014535367532,2021
XAUUSD,15.29334497869907,106.7866496143562,17.69650993439213,1.0392761798424084,2022
XAUUSD,-5.102803340579276,108.69057083387591,0.584600586495253,0.00040956830072961067,2022
XAUUSD,-5.441738672244507,88.92766684139887,12.572946653297107,0.9451105470705791,2022
XAUUSD,4.16773748010448,95.86464622497151,10.012724551330185,0.7076906170362248,2022
XAUUSD,10.723595868346703,84.83605427303925,16.568582939572412,1.2937650207135365,2022
XAUUSD,4.004208918372053,77.7175850159063,11.654964820222542,0.9971190656892117,2022
XAUUSD,1.0951286538724547,77.91765131326771,8.1687281561285,0.7044141417644995,2022
XAUUSD,0.8727515100356504,93.30904642475588,14.874661211749254,1.0634312522895988,2022
XAUUSD,-3.0123135144838447,116.24915223100625,13.688582138490753,0.726155028551273,2022
XAUUSD,10.74428167389861,107.07732466277511,23.657578292640174,1.3966195964010986,2022
XAUUSD,20.819093110090893,84.18461869725537,20.819093110090897,1.5744905969705727,2022
XAUUSD,10.886148806860138,86.45819331612381,8.494208259588994,0.6090235225053363,2022
XAUUSD,-0.3662726785042868,93.12253895283749,0.8281646789835906,0.028142053922218437,2023
XAUUSD,15.36333582331964,108.83419510213106,18.94971372807866,1.0931722246941133,2023
XAUUSD,10.003089139980347,104.32794577088677,11.818779215137203,0.7009609755438883,2023
XAUUSD,2.054378910504631,80.01497400469309,6.88796486596498,0.5833967328978228,2023
XAUUSD,0.6613823482391513,66.15645003380803,6.57698302040689,0.6654672200029007,2023
XAUUSD,-4.468464770559355,52.829201112357524,3.7505999522447198,0.4768988387110374,2023
XAUUSD,-9.64989570525208,47.1363633370108,4.7345035277714835,0.6660097836697998,2023
XAUUSD,-0.580662269145272,55.479988267020325,6.142874360973479,0.7353303377462206,2023
XAUUSD,-6.104783157478754,83.59827417052588,6.533067210198354,0.4801000690672075,2023
XAUUSD,-9.30923454400647,88.35605782290827,20.563902703558284,1.4790722848452778,2023
XAUUSD,4.95705014548217,81.85246349034817,9.26541995964232,0.7074616012117696,2023
XAUUSD,-10.420165730510467,69.70308923530766,1.670944438588887,0.133380183349501,2023
XAUUSD,-13.244343623355286,63.36352171218937,8.258465390870136,0.8243163795590148,2024
XAUUSD,18.95789314455351,78.56451222572008,28.722082857926676,2.341192661741587,2024
XAUUSD,20.974809805291482,101.61027777504842,20.97480980529148,1.304310002510238,2024
XAUUSD,-31.127039515400288,105.78746635811487,3.5903229705564454,0.18641265069697027,2024
XAUUSD,-47.542068997169245,107.6339720405096,3.4477348829683345,0.1733040736871462,2024
XAUUSD,-14.038675129838627,107.87672627974611,8.887287960540375,0.49940058292230294,2024
XAUUSD,12.326163856122594,97.33917626886314,17.794642782829712,1.153046988835911,2024
XAUUSD,26.200775011331398,83.33762062156377,25.015732241840368,1.9167306070061403,2024
XAUUSD,21.877183089925353,67.6733685709342,21.87718308992535,2.0714833873618823,2024
XAUUSD,-3.152880974858461,115.98563321331993,4.937134195474089,0.3129854528640021,2024
XAUUSD,-23.366727159162558,122.06750350474618,10.829156738690813,0.6142609029710052,2024
XAUUSD,-18.961724014193337,74.93571274799187,13.140148565083386,1.1119259563326296,2024
XAUUSD,10.376869318531684,71.82172248299618,28.15691825672103,2.514510850199109,2024
XAUUSD,17.24211045768512,82.04350999453365,22.416048074351192,1.742824392816084,2025
XAUUSD,25.883211321434032,143.58477018767582,31.057148938100102,1.3545697180048897,2025
XAUUSD,3.8281820684252956,167.6852654018339,23.7160729045023,0.8628032009491313,2025
XAUUSD,-31.38955029344878,131.00956493037,3.1271546016452865,0.11337371034164742,2025
XAUUSD,-25.446179128117187,93.65759179684761,2.5553718935751792,0.14732629634586394,2025
XAUUSD,-27.093366735459252,78.43912753575071,2.389562241179033,0.22222707562657484,2025
XAUUSD,6.4745579478551205,81.64784219763618,23.655502716702465,1.8497149134792052,2025
XAUUSD,50.34988173736222,79.58853468922351,56.19975897460465,4.538583366322284,2025
XAUUSD,1.37830959713302,168.0342155731892,31.18683849324825,1.1473702534879344,2025
XAUUSD,-22.01502433794664,164.43138764084145,6.34147473704938,0.19726240117250052,2025
XAUUSD,24.57555762222111,117.23357354979662,23.123527801101897,1.239596317378709,2025
XAUUSD,41.68367347890741,270.8523966417229,41.68367347890741,0.9081212646622594,2025
XAUUSD,18.21574714597528,286.64924411436505,30.32748717945632,0.5924826437958721,2026
XAUUSD,-17.130519643759342,207.56204172962103,12.220425059333612,0.4476759341496499,2026
XAUUSD,-38.60612734868778,178.50339880064226,16.08669919396394,0.6410835012434478,2026
XAUUSD,-4.999835886693088,123.49679764205145,27.127215758830584,1.4648126326114563,2026
XAGUSD,-20.678155251530182,268.37418512747195,28.200762542191875,0.5940202638295504,2008
XAGUSD,-47.36050395876107,283.7838924643742,26.426984243821632,0.6956580867341794,2008
XAGUSD,-7.166352531511098,201.386720019636,1.1461452081197256,0.10082876091965445,2008
XAGUSD,-39.80222230684781,205.74780798494982,0.331881606281921,0.07585654915757936,2008
XAGUSD,-29.16905975554865,203.82018204304353,10.109886007082142,0.3863782496505261,2008
XAGUSD,40.74528000343069,276.12605648612924,41.18734142354802,1.0582408302834472,2008
XAGUSD,61.79167455790429,375.55589226204194,71.31641990052441,1.3533965433979556,2008
XAGUSD,-57.00789828075761,564.2947869391893,64.27731139149832,0.9261147492685219,2008
XAGUSD,-81.77227756364832,522.8456573313379,50.73922696942805,0.8052261256237654,2008
XAGUSD,-14.30179048112996,354.92437430042315,37.896320987537045,0.5787535200462862,2008
XAGUSD,-44.32505624483903,349.4214908237058,31.30346131519899,0.4693545842615958,2008
XAGUSD,-2.1593903121570084,248.11500907094077,49.90496680637901,1.2220769631953163,2008
XAGUSD,4.491762540597086,229.64557720321966,52.74144754921136,1.4123474653555508,2009
XAGUSD,-46.09234698366049,222.23794207436035,14.909006938873986,0.5059294262785414,2009
XAGUSD,-9.237458805587018,227.17615399466686,17.496937552365896,0.426798349683032,2009
XAGUSD,32.92613686141763,228.5416757293416,48.489109798134265,1.2995202647796256,2009
XAGUSD,21.140620700433015,214.22142370871208,20.321803169478805,0.6837699887589961,2009
XAGUSD,-32.9374952584378,194.05481651332175,15.720987891258844,0.5873613717831684,2009
XAGUSD,7.983339036953845,188.38525322967254,66.6622702740446,2.2264701853420807,2009
XAGUSD,38.27880829143474,206.84549336277826,52.56227229412996,1.5773269004546608,2009
XAGUSD,-37.788308291848786,207.17542759243904,12.9416452239394,0.3389811173774114,2009
XAGUSD,-25.537902572875662,190.63621905591543,13.158723549291322,0.3868205745261018,2009
XAGUSD,-8.035179088724888,178.87241257223988,3.1729788768587133,0.058467818332150354,2009
XAGUSD,-19.449577246015377,179.35109716130376,24.031755604714135,0.9264891792430624,2009
XAGUSD,1.3370024457063046,213.46455766733916,2.1487843922093774,0.13321957052673822,2010
XAGUSD,9.742108560792396,198.18924058745287,19.796521438085062,0.5838084433097465,2010
XAGUSD,19.02086329806239,142.13658949405988,19.02086329806239,0.8214125091951202,2010
XAGUSD,-42.31053470451029,189.27864042002574,9.920215576464809,0.2793771564677193,2010
XAGUSD,-78.95132684454026,198.35062090640932,1.1359921766841365,0.02569590468643343,2010
XAGUSD,-40.387531346165716,158.68187969890798,12.328766753867669,0.5541448356732864,2010
XAGUSD,-12.875990410123283,150.77376026631293,6.082169401099793,0.21368160948620635,2010
XAGUSD,29.438985367786916,110.55115004836557,48.19494932696125,2.783909055485399,2010
XAGUSD,55.109677631238505,168.57760991651108,55.10967763123852,2.0597818347550234,2010
XAGUSD,61.95572858963966,240.30763908318812,61.95572858963964,1.5904507406383752,2010
XAGUSD,54.02418813892789,223.0247964092371,54.02418813892788,1.495738516041877,2010
XAGUSD,5.260245828348552,182.22202560677883,3.0598557070576637,0.05091200950621244,2010
XAGUSD,2.146962026935171,179.4038096580328,27.43577933542928,0.9331598079679415,2010
XAGUSD,39.00010180138787,207.37516878792766,66.48930923117287,2.0058984445088557,2011
XAGUSD,73.32272078207451,195.6206705674085,73.32272078207451,2.3588844314713313,2011
XAGUSD,41.62043399105816,359.6199147504812,1.4353286375207959,0.09204968022065015,2011
XAGUSD,-17.107330670096125,369.11804722509794,43.70840917445965,0.8901041428382895,2011
XAGUSD,8.63172774389918,220.0731378575941,27.942692157942343,0.7527087682355735,2011
XAGUSD,14.596006571010854,234.22504036155559,28.95320987970663,0.7259441851917107,2011
XAGUSD,-11.921834720149437,252.8930008007824,13.684730118190586,0.269994219033644,2011
XAGUSD,24.66082992338303,390.5412845399825,38.77777206529072,0.7736017864611194,2011
XAGUSD,59.85134043800481,385.14761474416764,38.53258767408612,0.7765941195975465,2011
XAGUSD,4.9737292909736945,240.0163062397309,0.6138606701970386,0.09245193011340776,2011
XAGUSD,0.21069622305099162,245.807915357066,33.69206029450207,0.9684691762335285,2011
XAGUSD,46.36697979418659,224.59048089706926,16.29049045824417,0.39845462548778626,2011
XAGUSD,12.310715151592703,193.42278717447405,35.633942522047626,1.130829449514072,2012
XAGUSD,-12.424345419769523,193.7563938738739,15.811121039356228,0.5911320500402231,2012
XAGUSD,7.3392320226545875,147.46882629136374,21.83900129931656,1.0078999476897892,2012
XAGUSD,24.666102163656163,139.9014046924338,25.643217559982816,1.2337679204164862,2012
XAGUSD,-24.41129905503421,180.0876323510411,15.26687180762183,0.606577094962221,2012
XAGUSD,-28.452308853413104,156.37546697588397,6.13778219930554,0.3037480083278273,2012
XAGUSD,31.984527546456814,109.88391425188206,17.91357447571029,1.020939768474855,2012
XAGUSD,50.159578968899616,135.74775630327866,54.55191163382386,2.555158700701293,2012
XAGUSD,43.75763493321654,146.97205663539287,11.812058567397928,0.4745141348373291,2012
XAGUSD,21.415217848450204,135.14454062576755,1.7762365393583117,0.12830460537200244,2012
XAGUSD,16.14727948059222,144.34340890273342,12.60931379147089,0.6126859059755984,2012
XAGUSD,-1.828008281112996,133.9647766303827,16.114341715157607,0.8229156506830275,2012
XAGUSD,1.6078547713341458,129.4315037246355,9.863271327656435,0.5351906056365239,2012
XAGUSD,7.417503432309437,109.32960622268182,21.23992367711597,1.2951595452270002,2013
XAGUSD,44.83783682226616,240.76884796731926,47.91439999717114,1.3739494236494858,2013
XAGUSD,50.53192761855059,270.263840182217,55.46349205408757,1.4234112839823319,2013
XAGUSD,26.992975013212984,217.6782751287014,31.924539448749954,1.0218731408479675,2013
XAGUSD,19.33968370530643,246.138493200952,19.339683705306435,0.5883337772791118,2013
XAGUSD,3.610216910077657,217.56310512471202,34.829497581333975,0.9677083415228759,2013
XAGUSD,-10.850233205784123,218.692775256965,29.57301806781001,0.8065388971405922,2013
XAGUSD,-9.134501932498054,225.6904410748314,10.166528322466037,0.3637255263110069,2013
XAGUSD,-0.4678416853644898,160.82242833836537,22.447949024212644,0.9572300592170581,2013
XAGUSD,-3.69693683644454,155.42915650235503,19.63475324755424,0.869071186436553,2013
XAGUSD,3.89184548764909,164.4625776022174,5.6011164108349645,0.2730448657016523,2013
XAGUSD,-23.65058458689835,127.20020946360671,6.493458766642276,0.2904988078168476,2013
XAGUSD,-8.663007434978509,140.3835411600212,13.747246748735847,0.5900112701741146,2014
XAGUSD,25.181864878457986,129.82391102733828,5.096981858643294,0.2953458454495436,2014
XAGUSD,16.89243227638594,94.13593929353107,17.33964346739878,1.2245756049727627,2014
XAGUSD,-9.868084004037005,95.31783078091462,4.743054041597139,0.35270019365725386,2014
XAGUSD,10.050081030810144,90.38061322071246,19.616190093356742,1.376968084907522,2014
XAGUSD,24.707932281844652,115.5457712485271,6.410301464139789,0.32304383302633627,2014
XAGUSD,14.675574567073083,96.09035271463449,27.834749990889676,1.9105034574566258,2014
XAGUSD,32.71004093359191,110.2945252087399,32.71004093359191,1.9603585010044309,2014
XAGUSD,45.23490141766364,138.3705550201162,49.79723814918765,2.3826120033746134,2014
XAGUSD,6.729804069554105,185.37686794315482,14.171272781494421,0.5542978748831804,2014
XAGUSD,-40.630267248367076,216.6169332587057,14.084937091042779,0.35282406401542665,2014
XAGUSD,-18.764292682855032,205.29458443498166,16.410270135094542,0.45237644964632134,2014
XAGUSD,7.914705743838285,176.53816996355457,2.696212723999812,0.04267492345041351,2015
XAGUSD,-3.7580195103857883,146.49628391106344,6.2531319294765035,0.32320079602199064,2015
XAGUSD,-27.099637972959975,149.3572733542568,4.434419885803599,0.14546712331974918,2015
XAGUSD,-13.08615562415485,149.93561672943244,1.3773008235801982,0.012279332385010434,2015
XAGUSD,6.180257154897011,116.8348620322505,12.629627007976287,0.737992594195445,2015
XAGUSD,12.270273275371862,105.1819171616284,30.366112136479945,1.9075332142498749,2015
XAGUSD,-30.21727103415467,161.94458576004277,14.455091044199577,0.6304626763856709,2015
XAGUSD,-66.44122478374467,172.52359692707017,0.9476437545799654,0.09033700927942721,2015
XAGUSD,-28.844491694057222,149.1254299758083,21.32673713383485,0.8790433131374097,2015
XAGUSD,6.971062144507433,122.15102846756302,6.052852558395219,0.3594496706458392,2015
XAGUSD,12.142107790894986,118.87153751761835,22.655824063956803,1.2741769100400169,2015
XAGUSD,-36.77031007669462,143.36897438503348,5.993509697487164,0.22548325620445503,2015
XAGUSD,-25.15474012853022,136.67644147450358,14.322906117419324,0.6354748021150536,2015
XAGUSD,16.583794256377388,148.7491797522929,12.33706249898082,0.49006239000009294,2016
XAGUSD,3.6035263012063554,156.61647034405226,27.3406867910796,1.0805348535976815,2016
XAGUSD,6.9546500927418,145.12820999724426,16.66042220374314,0.6977889022250903,2016
XAGUSD,-6.873746172470892,136.24617129321402,4.675037943651095,0.1795028786499835,2016
XAGUSD,18.897575806004554,169.16599649016297,49.38265625216209,1.8346487226422037,2016
XAGUSD,35.239188238790355,172.7566160081869,28.165952369127574,1.0010833360934748,2016
XAGUSD,-4.25630201517918,140.73434335605228,6.466205365225141,0.34238544336209875,2016
XAGUSD,12.242622789056647,157.4837140553903,19.937523369284925,0.8716893238246209,2016
XAGUSD,-0.6754154876282379,174.7422500527647,27.604211146305932,1.0819603167263752,2016
XAGUSD,-10.068813852753426,167.73469652032927,21.98330052487379,0.9047296004912286,2016
XAGUSD,-3.9223310832197713,126.36446114698728,1.719533087131686,0.1286442926384627,2016
XAGUSD,2.2757063595015885,96.55365435300769,26.507674046990743,1.7465380705526523,2016
XAGUSD,17.369684846985756,107.90046778056576,2.0659486319314833,0.08990870717158374,2017
XAGUSD,-8.753060709843199,102.18727081092324,9.361969704955994,0.5610650493110079,2017
XAGUSD,-7.790627665993687,96.44806882047045,6.167434560051611,0.4450468397938453,2017
XAGUSD,-13.89515113358967,101.47016224770404,20.527121027321257,1.3445418372919826,2017
XAGUSD,-15.039545401298163,103.20148720463396,8.293470918323077,0.5536912802045367,2017
XAGUSD,-8.114216964147749,108.35446322946956,0.0389731601104147,0.03198057761218773,2017
XAGUSD,5.7689081816323835,110.42697856055734,32.33962745309526,1.860148082788935,2017
XAGUSD,2.4183424026093525,103.35393100325146,0.8072067306765953,0.08326233342050499,2017
XAGUSD,-26.72259508081825,105.86550615678817,12.137406993001074,0.7769663599119933,2017
XAGUSD,-24.686768593125993,103.56546406570607,9.48209958668482,0.6263943907088532,2017
XAGUSD,-15.249252433379562,90.2033174442288,0.6865614217450788,0.07789618501749627,2017
XAGUSD,-8.72497504598882,91.548939287332,15.918639761056038,1.0971898674648888,2017
XAGUSD,-14.09519784088208,108.70673999305872,8.071054968378814,0.5159114639343714,2018
XAGUSD,-30.872289473715586,113.14092271899354,10.590259185511073,0.6429076024955713,2018
XAGUSD,-37.24724032493446,106.87902636177996,0.8342321493359255,0.08434608088295573,2018
XAGUSD,-25.51793316704828,90.52374340705173,0.7337420069931866,0.02387705879742177,2018
XAGUSD,-12.236579574308745,88.03576094021068,4.238765332086389,0.34026366175229195,2018
XAGUSD,7.019334425015904,96.41490154379183,13.512355797351523,0.9397116778811536,2018
XAGUSD,19.893981827358658,108.01509380131637,19.893981827358655,1.2293362814040891,2018
XAGUSD,17.27285811330042,104.93913089403591,17.27285811330042,1.1012283807061856,2018
XAGUSD,1.4296030637032349,90.45177190762664,1.482166041141872,0.13474572616015207,2018
XAGUSD,-15.422570715725854,107.50032369342128,1.3848557102308368,0.11729693650958466,2018
XAGUSD,-11.84050796874936,102.41887310864678,2.584695836632889,0.1312584159266549,2018
XAGUSD,8.310212482353151,85.04519603535765,17.50177921897599,1.3057410091710573,2018
XAGUSD,16.963687975927066,83.77945014563022,20.7018675568013,1.5734117820855764,2018
XAGUSD,6.729674469237026,94.35097158896389,2.4315007097803183,0.1371049598895666,2019
XAGUSD,1.815159631747387,84.89059902648772,16.067939951352948,1.254711070470424,2019
XAGUSD,6.522749433918304,75.61650434934202,15.686743320180957,1.3695154719197644,2019
XAGUSD,-7.913166857100494,84.97488418158052,2.2189842242280386,0.14228950536775423,2019
XAGUSD,4.595841814382815,104.66457791235126,29.538350597048336,1.7933491005778608,2019
XAGUSD,26.99643430415071,124.76150898792072,29.444045494157837,1.4881357276563025,2019
XAGUSD,22.4565395318814,177.61734890313565,22.456539531881408,0.7625107935811919,2019
XAGUSD,23.15597533124668,195.4004799661594,6.935478150975748,0.1681641887220235,2019
XAGUSD,5.447900627010555,144.22952008738076,10.811069665616676,0.5318628318354686,2019
XAGUSD,-5.2967294744416575,104.42004033488217,6.95957227206958,0.4653799581294863,2019
XAGUSD,8.803041366659102,101.84096125386596,15.84474891501272,0.9752791821778546,2019
XAGUSD,-13.992359160386385,115.46846925983978,12.77571974295944,0.679941051849193,2019
XAGUSD,-22.444569023709516,162.00711511931792,13.826330753023155,0.6057786114490872,2020
XAGUSD,23.70594718059138,363.87662549642897,34.11241725822528,0.7253217427761439,2020
XAGUSD,5.879375106957149,352.2945610346869,16.612434347456155,0.4185386121302907,2020
XAGUSD,9.695429397993026,160.06017430622808,41.242930669906734,1.6163018576770642,2020
XAGUSD,22.081291067800127,152.87682971857197,41.54808107278918,1.7097691702411726,2020
XAGUSD,91.30137980087429,333.28839552567445,105.06346011931875,1.9330929023607002,2020
XAGUSD,99.91864370431804,482.6376919887836,99.91864370431804,1.184562235240244,2020
XAGUSD,2.5859500186112476,431.8776365584746,20.67755595089144,0.4510647431469864,2020
XAGUSD,-34.44249978492607,287.7670720157909,18.483714756048062,0.5099472834814263,2020
XAGUSD,-30.118525694602493,225.6482992286081,3.8140277283423734,0.03829334542373641,2020
XAGUSD,-15.715725996117504,201.8009857118912,23.883443358544977,0.7025747807329383,2020
XAGUSD,-51.017399752990436,225.03582278699565,45.51411831658329,1.236844698722356,2020
XAGUSD,-49.67935472942568,248.96507798423207,6.07307638557761,0.07893596773859127,2021
XAGUSD,2.0959437606168345,191.4483293633573,35.130933627430515,1.2526476854453563,2021
XAGUSD,-5.047677642623265,145.40446975018003,6.417461232907862,0.33215052040318027,2021
XAGUSD,-5.8022092016959865,136.36051893927882,34.16470457159463,1.5783597838016763,2021
XAGUSD,35.92408736465859,145.97373889902042,0.16463664037825676,0.038866392105469494,2021
XAGUSD,9.639579612739592,122.74024650597447,26.54532655125235,1.442819862336507,2021
XAGUSD,7.292743617930747,135.34414952687416,20.459580316050584,1.0237930153591503,2021
XAGUSD,-13.965740783964598,152.5958930993218,25.245178826208452,1.1221118717195782,2021
XAGUSD,-29.296340265701637,156.3092504236613,10.81188754266089,0.39844117257587847,2021
XAGUSD,0.9145988500604242,143.97704266540975,13.93090577599602,0.581036494209799,2021
XAGUSD,11.349142392272856,116.83362881124485,17.23010465334872,0.9936598490002554,2021
XAGUSD,14.501193630822094,116.89024321295234,6.752818382685958,0.3372686412431447,2021
XAGUSD,-3.6977737815976273,129.15036680780997,13.313402910222893,0.6266502543992108,2021
XAGUSD,-1.6718443822169964,157.79413410013183,5.9498921138528305,0.19434882136464432,2022
XAGUSD,-2.4543179736967975,154.465838239184,7.406071243764209,0.2617552700228798,2022
XAGUSD,18.375934400289392,150.70927802646727,29.727286920261097,1.3282253544904004,2022
XAGUSD,11.64234214452043,163.88864356386216,30.014105548706155,1.24073843766404,2022
XAGUSD,15.923042771890028,151.28383054418785,33.908131002555265,1.5033746165460078,2022
XAGUSD,7.431359286915329,176.81916116104497,18.95632048315631,0.751344721088604,2022
XAGUSD,-33.43569054331596,201.37245829313747,4.4518552833641305,0.0800542464521431,2022
XAGUSD,2.194757631754785,245.069070806272,16.782185817655233,0.5202863932571734,2022
XAGUSD,-18.08207367068703,259.88774563218186,37.87335780700964,0.8626082229204748,2022
XAGUSD,-8.844924851606212,214.91877870310554,64.6212802243557,1.8757653770036427,2022
XAGUSD,20.846597391992436,189.68466225816286,17.5584906556098,0.539858138764464,2022
XAGUSD,-34.8227124736145,171.42902011966513,16.878594138966715,0.693046001718651,2022
XAGUSD,-21.149696241449526,154.56519314707037,30.100181304496648,1.3136478034280483,2023
XAGUSD,33.83630298581613,174.698113288363,33.20796666379067,1.1753964240089187,2023
XAGUSD,22.07096950344242,154.24414319831644,51.62534331549451,2.115966467759386,2023
XAGUSD,12.873011973289776,142.96587534971752,6.5963357251250905,0.34455486117674244,2023
XAGUSD,-7.340085912925888,154.4582576496022,21.57208103135096,0.9553751127170501,2023
XAGUSD,-38.06564394313813,156.49421607975424,10.329738789553243,0.4775360180707626,2023
XAGUSD,-49.55070820037853,155.28981113474387,6.226720427313541,0.21105492678422336,2023
XAGUSD,-17.390770400640104,151.55290539200473,21.20592747021826,0.9562251771042277,2023
XAGUSD,-12.718196859036079,159.1143880101046,7.480791719336942,0.35559328817938196,2023
XAGUSD,-14.077966187463641,138.08283514644893,46.50793733665945,2.1345913709921267,2023
XAGUSD,-20.933821947973133,156.53558145191317,12.503191209262317,0.4680144221292709,2023
XAGUSD,-30.811965907768414,143.5726295311893,21.75812780547536,1.0287264471242759,2023
XAGUSD,-18.802475283947874,130.63493322585114,13.180923102662184,0.6957938953547692,2024
XAGUSD,-6.8202465470743725,165.91192788828468,19.234373968226897,0.6983786691553815,2024
XAGUSD,32.27875378996342,197.72737096104777,46.58311232978541,1.4611307220555017,2024
XAGUSD,30.627194408291693,227.95971223600358,62.243187134731045,1.6929150585757524,2024
XAGUSD,-21.93138360073375,260.36843692319184,17.32940110881183,0.34859657825191653,2024
XAGUSD,-59.30791413032559,224.95287876196022,31.0482500034342,0.9679753303753711,2024
XAGUSD,-38.43116803073691,187.6682159323378,10.743121531894909,0.3113561410093131,2024
XAGUSD,-3.5748328919747006,190.41623131167063,24.984584526871945,0.7891653511526101,2024
XAGUSD,38.15719053062877,196.58102767006295,38.157190530628775,1.1942848866101206,2024
XAGUSD,8.999057147684036,205.27985402420683,3.8913025745138503,0.058348066590743534,2024
XAGUSD,-29.19918239714582,180.71466261936362,41.045417233871156,1.532832377445064,2024
XAGUSD,-24.049145949459245,149.41366992161608,3.45159789227474,0.1973324734811211,2024
XAGUSD,-0.6515660209992662,111.27783822025528,26.684462299740385,1.5169799290861228,2024
XAGUSD,-3.773663619926742,118.12189842799948,27.572947196318992,1.473540514790532,2025
XAGUSD,-41.951770783501374,206.2366020419808,5.341249348540522,0.10148320098194372,2025
XAGUSD,-15.635136253740436,208.63747803820786,10.076237108727177,0.38021317044420927,2025
XAGUSD,21.964235441615646,154.89175160858656,25.33911924414724,1.0106295638121188,2025
XAGUSD,29.513757240308216,145.09799810781757,38.86555591405066,1.687534864092516,2025
XAGUSD,10.597268989113186,123.25118056831188,14.8121814967701,0.7393577480331467,2025
XAGUSD,2.6322857175256464,119.27616436681326,23.09350421516373,1.2155852940997545,2025
XAGUSD,47.96117065843803,125.3683807313796,59.79688134884713,3.0426955336345363,2025
XAGUSD,24.014989949699725,243.39379785389193,49.61114663212429,1.2401289895523735,2025
XAGUSD,17.050095084462026,285.13865518412473,54.077680428959866,1.135556182435529,2025
XAGUSD,100.24112424989951,328.6042267880137,111.6725529119728,2.0876216696750953,2025
XAGUSD,51.48888538442924,708.6616545780823,51.488885384429246,0.21370381663616164,2025
XAGUSD,-122.94359555312992,760.2856631981144,47.21362771814207,0.1332667836035791,2026
XAGUSD,-137.905719963814,473.97551055033244,42.03090810904369,0.4271675438824924,2026
XAGUSD,-98.53888253069042,314.71425479133416,14.558691007099654,0.39945366534039983,2026
XAGUSD,-100.97966976186613,316.5317306033213,3.769772712679135,0.17794856020479513,2026
WTI,-57.0611593314227,152.43334644701324,4.866347102834343,0.2554560921291195,2011
WTI,-13.734997873432647,113.88426980365692,13.584808574134106,0.7365686266304512,2012
WTI,4.859709676659061,122.32897900739596,10.885628050164046,0.5376981737969362,2012
WTI,-16.200398569858322,129.11512046421603,19.19960739422902,1.0058417738369163,2012
WTI,15.132185082098024,136.34740745257506,44.17940111757602,2.1483376511717887,2012
WTI,15.300118971431061,226.92801084043438,25.249006391242396,0.7926928983988581,2012
WTI,-24.098889592512073,233.32103267349927,14.482071823917687,0.3292651548127471,2012
WTI,12.22629472657178,146.60391419463883,19.129809007938288,0.798506637675632,2012
WTI,26.227554900685895,137.35075500691852,9.615978494074696,0.41019097640651564,2012
WTI,28.22763696942472,152.32731557205568,23.449489707907706,1.0473001286628747,2012
WTI,10.343135045870579,161.67195745471025,12.06442588495565,0.5352905933033041,2012
WTI,-1.3749499102046978,132.54500485626411,16.0136856399913,0.740320423549488,2012
WTI,18.9267430489598,84.29861651277831,23.657389259260803,1.7900481895645568,2012
WTI,22.946240067270992,86.19482517935147,6.673230113296332,0.47424482860429806,2012
WTI,10.400760308620468,93.80853793490655,2.6903491313690076,0.21567353246354282,2013
WTI,-14.39257680371182,137.68652785305233,0.7760155940590112,0.007327139175224069,2013
WTI,-22.587234844604843,155.4495691981058,1.2326161078178113,0.0020959172878780453,2013
WTI,-27.040139296715022,130.71692725940807,6.153909910207589,0.2637004173616651,2013
WTI,4.995155728814858,128.44316808722073,26.356045867100462,1.2874501390555821,2013
WTI,18.554455990288147,123.46260848245927,26.94190598011224,1.3734705948181782,2013
WTI,-8.145308214955119,136.28061631060768,4.7495383582816615,0.2689265873001642,2013
WTI,11.385553160523502,131.4676585910626,21.066007372600474,1.0811506221595824,2013
WTI,18.15476952246569,94.36251398586246,18.154769522465685,1.277962303720867,2013
WTI,4.554389182885892,96.1376492425373,5.3729713645382455,0.331811810102672,2013
WTI,-4.751515475386985,107.7373154357642,3.329728543463161,0.23441977351132945,2013
WTI,-5.570812497814583,101.46889945161793,8.308035403296874,0.49821283156094565,2013
WTI,-6.867611720134745,99.18026895207889,13.909572057008793,0.8768953212993145,2014
WTI,-9.474562973669302,91.99996664279871,4.698238781431813,0.30170827021581564,2014
WTI,-14.582131699465654,72.70434117304919,7.203940000586143,0.6189212945715067,2014
WTI,-3.7700132166714218,69.89399648285101,6.404392074866291,0.5715818115029238,2014
WTI,-9.734879010897636,90.00132414678872,0.11586984230617578,0.03666388530213715,2014
WTI,2.4181561854740456,108.34808797085466,31.209018538397277,1.904075920839227,2014
WTI,10.039505913602795,119.0358821018398,23.34832607313248,1.310563184316361,2014
WTI,14.432029440374958,143.98182013271006,27.896063305895744,1.303296366641156,2014
WTI,46.044991358530574,158.50344331510345,46.200205064521654,1.9440528829379105,2014
WTI,93.62180838932048,210.55213159034963,93.62180838932046,2.963150024426455,2014
WTI,98.05290510203243,303.7054572627554,98.0529051020324,2.199647343532383,2014
WTI,30.54244005571967,347.7048220208858,5.320697862204011,0.2088061046874368,2014
WTI,19.58173287142122,290.83707021994735,28.406336006344706,0.7256855915263543,2015
WTI,-36.24278172875365,269.55153528278504,19.827930278297316,0.39126484388878574,2015
WTI,-38.03362035883527,236.1466079743695,82.99222116977735,2.1945318534812697,2015
WTI,-20.283345216193307,189.0402148771466,14.086629132277523,0.4232491538235704,2015
WTI,-14.659317589523024,195.41769247745353,25.519617028435157,0.9095359390569276,2015
WTI,66.68068920452183,181.3786700764411,73.33580080560496,2.6882361501577856,2015
WTI,-21.810151063491585,310.2936462095975,32.231105021531604,0.7719752224690261,2015
WTI,-63.20748746568465,328.63344210762597,36.28401532990674,0.6112430461273434,2015
WTI,-14.571216237450379,237.92986978541816,4.926214996645319,0.2087525276499742,2015
WTI,13.743803272128966,222.52057633771327,60.35901845546994,1.8339977312632765,2015
WTI,66.77935255019132,238.28539238673903,66.77935255019133,1.8987994286842529,2015
WTI,47.724896163915986,375.59045740694273,47.72489616391598,0.9441672344410906,2015
WTI,-50.77072469318318,473.8515652787939,35.40668622793286,0.33612202229297866,2016
WTI,-91.9981945354755,396.7103663758606,59.56532163222563,0.847810044334407,2016
WTI,-9.84685514840096,274.03759663759314,51.66232280477359,1.1332508603965963,2016
WTI,42.29628743102666,205.0378341122788,68.93202980258182,2.107666297134,2016
WTI,-21.12090003291963,214.17322560887126,13.026324568058968,0.3262274875694567,2016
WTI,-18.773837174587747,243.01177866042818,41.664753429509226,1.1906729231610282,2016
WTI,-7.646442926416435,231.7964674000911,14.016694728027119,0.46544505180734586,2016
WTI,-34.02888160542767,222.2665684620982,39.37217512739309,1.0759871621276635,2016
WTI,-2.900094294170251,202.48938374591555,19.833073384361125,0.5702931344883171,2016
WTI,1.6995078510361399,209.08136707098194,12.077721842016155,0.4401856213241088,2016
WTI,8.641464760881332,243.02285308368,36.2081523937406,0.8888969663920696,2016
WTI,-43.879377779668395,205.01466121156514,37.97828670855237,1.1350019200768275,2016
WTI,-41.34816230953483,137.75160057551156,0.8029740288921308,0.00602631303757351,2016
WTI,-10.635647435901872,140.57558660013763,13.419502157460736,0.664131705325085,2017
WTI,-30.177337204302926,136.38527727949787,20.955626867930647,1.0404874989962307,2017
WTI,-32.64765941833693,164.91236413036953,3.3056540591409034,0.07714184020363488,2017
WTI,-26.977053952500103,180.164302107993,25.900970331922956,0.9908141796443342,2017
WTI,-1.674161010855832,180.0529961455758,4.741704736676461,0.2278248930165078,2017
WTI,-16.781546899427536,180.17555237543002,21.8666830887095,0.7289369689834534,2017
WTI,-30.22672055448226,151.07553234414752,10.575409661409685,0.4056348862400194,2017
WTI,0.7202679348479586,137.1147872793732,21.04090005963402,0.9501385963725049,2017
WTI,23.87288598607784,134.46789231361265,29.4695378705419,1.3758655885965214,2017
WTI,10.827818779704488,122.89104426487957,27.40695321517473,1.404584491535074,2017
WTI,11.861613613801884,103.15662784221423,26.60359109595799,1.6365852745105542,2017
WTI,11.187461205539794,142.778910787918,15.438430896447384,0.6550151811560497,2017
WTI,-17.227779060104094,159.5459011107552,4.224824910338609,0.2221466154911365,2018
WTI,2.528409302691885,160.4297734698761,27.17077758712037,1.045771605153462,2018
WTI,22.26800840721242,141.94374707953193,34.398897301633085,1.5233428960922313,2018
WTI,-0.6155924309814752,138.50831466987674,14.721708335103086,0.7336907303033979,2018
WTI,-32.22005841021095,197.19673349037012,10.102146743069026,0.39477380166246623,2018
WTI,-17.522008866360377,182.31679420000418,10.22074237346843,0.3055178024707515,2018
WTI,3.1472178845201015,135.30233213584427,8.187083657871003,0.3491775588061674,2018
WTI,2.5274957687739934,142.95973553465276,16.04863787355962,0.6818708778685,2018
WTI,36.06596970077825,156.31438757746037,36.65961615124941,1.5727066300972359,2018
WTI,68.39092319024125,236.82526048032926,76.2578895869826,2.1715922293242365,2018
WTI,37.972540248670924,312.7180275019171,37.97254024867094,0.8884156816601065,2018
WTI,5.733126301476906,266.3268195808853,17.138625077353616,0.3327739344379975,2018
WTI,15.047475655086714,171.57367717770276,30.47482800310911,1.0953056718666923,2019
WTI,38.91557718289183,131.62143689095728,38.91557718289183,1.8707990610564718,2019
WTI,22.188733041766397,131.16746423678907,21.464860426886016,1.0179403456924878,2019
WTI,35.31106170751788,179.51729459126014,46.83807032528383,1.752985734170128,2019
WTI,-4.033313598665452,223.2463768986291,16.704742508042596,0.5565631254959518,2019
WTI,-79.92905284642174,212.15277851272327,18.23234356655421,0.48933500554416204,2019
WTI,-46.923644782688754,197.9427747764019,7.179343605524498,0.29813505336970236,2019
WTI,-8.14801185335734,280.24679692818995,1.315269810424307,0.1158708342679835,2019
WTI,-30.17831964484166,268.18717494936317,4.285935124508182,0.02207254361239876,2019
WTI,-19.603648222175238,161.40782668615378,18.364599776974064,0.6859489485069783,2019
WTI,3.1278084575336824,152.78696550010682,29.167560244559233,1.1871259960216078,2019
WTI,8.50943959326676,192.29879817023382,20.067666978559224,0.7393041072901291,2019
WTI,31.480007384388706,208.01993798995358,46.99921384536964,1.534865956285643,2019
WTI,168.0146564373153,557.6583707542039,168.01465643731532,2.161693443150348,2020
WTI,199.38258380174912,1001.6056513353525,199.38258380174912,1.6491994181068277,2020
WTI,6.650009414426586,1157.8147662166887,149.8786497239823,0.4468327796694273,2020
WTI,6.48305760973718,806.6040276064859,236.30991551906732,1.6182247733159076,2020
WTI,43.80990861898391,293.77425173681064,53.48944576290054,1.0835871628405649,2020
WTI,-3.1575912144512213,171.16260061507057,17.647201706470707,0.6131773570436739,2020
WTI,-6.596409095927287,193.58390550614862,2.7693993996195996,0.15457281374543658,2020
WTI,15.94760270811889,248.75098803078973,8.341654435713547,0.29639886985743547,2020
WTI,13.33182910851013,271.3969177092932,7.15097726303531,0.08549612509582513,2020
WTI,29.183287021817506,233.92110989264424,39.99344623947751,1.0325605154860713,2020
WTI,57.15498476332099,183.22821251803535,57.154984763320996,1.9584785413344032,2020
WTI,55.49995481050527,172.39690023546538,55.49995481050528,2.026656425619469,2020
WTI,52.01966618082536,198.8154215141312,52.01966618082537,1.6293487843924306,2021
WTI,-21.441378295479424,286.05519498085397,16.09934277662838,0.2736123567450939,2021
WTI,-28.290399407270552,249.697493886795,9.47678068368091,0.1658421822344362,2021
WTI,33.693779191823204,152.81298157014257,33.92023821066686,1.3879161149342558,2021
WTI,23.350254020624533,155.27547783212663,23.350254020624533,0.9243035416752203,2021
WTI,4.905233975478441,201.77951016872962,10.017748555777702,0.38636525038575203,2021
WTI,-7.382926065469491,223.54620634309163,7.958636488251283,0.3015504028173637,2021
WTI,24.057111120799295,177.39686366006586,38.60944034793405,1.3523468461156425,2021
WTI,47.18072992373326,143.60495217667156,47.385787042393666,2.08815448480285,2021
WTI,27.127953990910083,279.9061956124968,20.36456988927354,0.5640279374911521,2021
WTI,12.911687281513856,287.2535006451718,12.406511554465602,0.3742320383998488,2021
WTI,34.12094180216687,162.06290703257616,56.29526684637102,2.194217615212177,2021
WTI,114.00229633877808,259.73009827708756,114.00229633877808,2.749838296490267,2022
WTI,65.48173187242311,442.5576810444853,23.285276045326523,0.20000648194433723,2022
WTI,-30.63558941775534,404.6775993629935,21.80150455736448,0.4799258038774822,2022
WTI,2.7215861415098845,301.82522469589617,53.75212682899734,1.05563937566672,2022
WTI,15.097654242157343,318.49514738147593,16.089008220124242,0.4302670263267142,2022
WTI,17.711922370017724,282.83712580744873,59.53595208988913,1.4605772041246328,2022
WTI,7.859566833825783,270.78515262093583,31.52986024686933,0.8430437994981502,2022
WTI,-11.183408312839276,266.2781188900664,28.11898840294554,0.7704443850433147,2022
WTI,-34.05737752004999,264.44096518156897,0.4952004610822437,0.0717406246716125,2022
WTI,-63.36245739584921,256.69689267222935,0.2758182512659278,0.07399714886157815,2022
WTI,-25.26675736009364,239.43810055318968,19.13987050405059,0.5946001685785854,2022
WTI,-23.15841378284104,212.38256699683922,9.35774923017874,0.21793453931485984,2022
WTI,-59.556218269688955,207.39599814876243,4.51820054457076,0.20709035350835286,2022
WTI,-29.148736790144106,227.91024679782856,22.579531418573623,0.7151461695193336,2023
WTI,-37.659416843658356,234.35488935156914,3.725493553604869,0.1769996692184389,2023
WTI,-30.638007945724667,237.77957787825272,1.0442939302372052,0.10397083237765582,2023
WTI,29.27398259161985,248.28825537886544,13.154076656452677,0.4230850294138787,2023
WTI,32.237709537221725,203.47955757219353,24.247284357524133,0.7066844526829965,2023
WTI,20.02128526001051,148.62137126934775,33.51750651619491,1.412195997929081,2023
WTI,11.949164326960485,132.1473553456757,30.2246994757401,1.438362400843684,2023
WTI,-17.863264933471193,196.48215593320538,28.877978237242175,0.8891447244194977,2023
WTI,9.53494792524456,241.13663520713652,35.0185516575159,1.0194810217495556,2023
WTI,46.16069751173302,209.3080501177486,46.16069751173301,1.499457634173991,2023
WTI,-0.24643924165059264,190.81266951860258,11.527918510294686,0.45237904647686655,2023
WTI,-25.385821766538704,179.4009361735928,12.659664755594799,0.400276051290732,2023
WTI,-7.647927290198807,142.33477275711599,29.580072196850935,1.2999146125517145,2024
WTI,21.458355524668992,112.29041749900054,28.661576639712948,1.6164466991968165,2024
WTI,18.02265991314836,125.4256673386718,7.214308043005512,0.4128157110257792,2024
WTI,-5.153606454277178,152.94994818574688,20.534033608424444,0.9196391941152234,2024
WTI,-4.601388216031847,138.3366269944522,14.535499505914082,0.6367417342789601,2024
WTI,3.0085804581267177,156.31514614685062,2.900680625108726,0.169568432807741,2024
WTI,6.615324079823897,198.3435051156631,42.88691211119601,1.467229653846833,2024
WTI,11.323422773441,229.6156607400735,7.105831047348399,0.2733804971603331,2024
WTI,-36.49724950612559,235.68805652219513,12.804494079711711,0.2769755720318843,2024
WTI,-28.284836473884088,201.35619335875447,16.218903747101585,0.586776793844616,2024
WTI,27.11096388077352,148.26604949446045,8.700164714045581,0.33310891125048614,2024
WTI,20.207119590582177,149.60282809596842,14.582531342022703,0.5841487019307642,2024
WTI,18.88424197820611,165.16888570378345,19.313740068504927,0.8109237888768228,2025
WTI,-0.6141476913926812,150.0091162721412,9.224603116982234,0.446368165434105,2025
WTI,-27.479578591434223,271.1270210273717,32.29226910958536,0.8588969322766044,2025
WTI,1.5005045805576012,295.4240468235961,18.30045672441417,0.495067063800477,2025
WTI,24.889404191064948,277.23941922191045,30.922434451535196,0.6323683328568612,2025
WTI,45.234877514296045,262.92326061033936,29.58930235367609,0.6432225184846999,2025
WTI,26.917237137458205,159.36157171514358,3.2098720622478334,0.18084865489483867,2025
WTI,-26.895957987657283,139.91878623764728,17.404822934922024,0.8513394339867358,2025
WTI,-21.75604775139063,183.17070527399596,9.406379809238853,0.3912979881274754,2025
WTI,2.2115766909126355,185.8543104131548,25.686524299620256,0.9562572896851017,2025
WTI,-14.022006346382929,149.09376676795827,10.455189971102136,0.5022050955619347,2025
WTI,-13.000581982011031,155.25763971455112,7.35277111892696,0.2576973715241168,2025
WTI,31.97491674288967,209.58435190669408,32.48635362768355,0.9365055274840226,2025
WTI,89.4121064155043,402.3619854928356,104.86817342671384,1.5570787244956186,2026
WTI,102.3786177646529,547.5966395476671,94.87489215986957,0.9456968402719029,2026
WTI,0.4086331356358917,478.4684630330708,32.42643998880507,0.2857569193615234,2026
WTI,-17.532729639170554,344.4257620493981,39.907434744392084,0.861822156815549,2026
UKOIL,51.98124233520299,178.82928479855735,52.05713732689249,1.826202267759922,2011
UKOIL,34.51041331606256,199.01107507419522,34.5600268268138,1.0613305648998135,2011
UKOIL,12.00208260773492,165.81226507134005,20.150323975256963,0.7343325416074381,2011
UKOIL,13.683181255457184,220.13189853382875,1.3930558221818599,0.029889589524870634,2011
UKOIL,-24.053600120764226,242.58415017360846,31.724169279875476,0.9273060984456568,2011
UKOIL,-47.3021449965085,180.39624637270757,7.083673205226515,0.19695628392701756,2011
UKOIL,-25.844614568739374,183.7148431579264,4.972118681950899,0.11662950730439013,2011
UKOIL,-12.194184496107948,189.6823195262078,26.825655026286046,0.9787092892651218,2011
UKOIL,-39.962378938243866,173.46845959181965,4.5743874702085305,0.22599854246105341,2011
UKOIL,-23.552368407255912,173.65546552770653,0.8653012099466668,0.022918683441856328,2011
UKOIL,-17.711899050544037,154.77747788182356,9.630706116838674,0.35428106244433805,2011
UKOIL,-13.251886192105108,117.48011061377177,34.74542854488991,1.8768465620122676,2011
UKOIL,21.825121774521588,110.5140106190684,27.728939783232885,1.5889997574182517,2012
UKOIL,-7.18101923316723,125.10137518210273,2.358373527291904,0.16179037347638003,2012
UKOIL,6.229290959721574,101.67890799684547,36.64816539032928,2.372581735097503,2012
UKOIL,48.91671765901136,126.40922467971613,48.91671765901136,2.5545456411433767,2012
UKOIL,1.1616198928817965,214.10117234157562,2.0469356996212165,0.005401558927363258,2012
UKOIL,-5.636847586785853,199.75526752688995,45.38180148205009,1.4064838369329844,2012
UKOIL,10.49225886236159,143.52634250558185,8.489792110087354,0.33723215663269374,2012
UKOIL,-10.179467356360707,159.5908592904185,10.733192485861,0.4871795181927666,2012
UKOIL,-12.331666216377076,159.7201745753951,0.02998125895051086,0.05190946092914933,2012
UKOIL,-20.677696315962844,121.12893391878254,6.209437774301898,0.29370552629113206,2012
UKOIL,-24.70867532586607,149.4842319987802,0.5878687376450634,0.021796994967080253,2012
UKOIL,-21.63790379481649,157.15583100929138,11.305424665205301,0.5162868321201916,2013
UKOIL,-2.1032321452938683,139.77142764747376,14.103119641597468,0.6987077194395577,2013
UKOIL,-6.394117741548841,151.3190930313484,10.655638270961267,0.5046159214771271,2013
UKOIL,-2.608202714599141,116.66619660435042,13.7889893194129,0.7284377527360323,2013
UKOIL,2.55967830606721,86.0809518541884,20.322384066999764,1.5013880918718128,2013
UKOIL,-22.647627866356753,125.13542749232127,2.2433339015875435,0.07678240666079302,2013
UKOIL,-15.822973182176012,126.87434510716409,0.6842696358338742,0.004983138559912752,2013
UKOIL,0.9388430490627894,103.1999854738286,3.8847854520991323,0.27673565040119247,2013
UKOIL,-7.318126894940602,112.55933563581418,0.20662733232548086,0.047648720096617296,2013
UKOIL,5.032608608263402,100.07829607903585,1.3441650725736274,0.11883503210181878,2013
UKOIL,21.476699235527867,83.82300773694331,2.7298536343630033,0.18446049618420018,2013
UKOIL,10.885507413026348,86.7104699965803,0.7203084435393139,0.08125540509967823,2014
UKOIL,-3.6265697184904453,91.36375989453684,1.4928374248781733,0.13485234690266773,2014
UKOIL,-6.867483687796074,78.93300426396843,8.22740817142054,0.6502606884240255,2014
UKOIL,-11.096376568135668,72.26911618188754,7.95029443677978,0.6899429641466183,2014
UKOIL,-10.146593956472474,74.85406724278378,6.287047234972579,0.5681044284862761,2014
UKOIL,9.968168675086012,87.8785594481494,24.38651115968434,1.8285073461531995,2014
UKOIL,21.404803222075966,97.55983648464256,21.404803222075966,1.4543502209455021,2014
UKOIL,34.528756144974274,106.42616487312169,34.528756144974274,2.1402580527346986,2014
UKOIL,41.21156657184743,143.13475540585912,41.21156657184742,1.915259329210035,2014
UKOIL,72.8676254003047,202.14295429050748,72.86762540030469,2.4094817154947314,2014
UKOIL,126.04629760773572,232.41995642060982,126.04629760773574,3.6122816951606476,2014
UKOIL,43.87898096198781,286.4241279826045,24.875945730063517,0.6540454970858273,2014
UKOIL,-34.20895791878929,305.6025686566604,53.52868166587451,1.037559393512672,2015
UKOIL,-17.1646286840183,308.70589298104267,8.86523951836299,0.08963195006743498,2015
UKOIL,16.811544587036174,257.9287353157919,29.96059775218715,0.6710282681034494,2015
UKOIL,19.42650933940427,218.08782486353772,30.16879273994432,0.8273309997698586,2015
UKOIL,11.342142223243162,204.6775746776678,27.455964846228692,0.935737015745376,2015
UKOIL,52.80406164782324,171.63660348120348,63.12496633011781,2.4466247025843106,2015
UKOIL,-20.46491274145047,302.3383226371937,30.751625874965107,0.7558839178084273,2015
UKOIL,-87.03788218643088,327.2879996864096,3.394825882886236,0.03618154928985667,2015
UKOIL,-61.24780330482165,245.20399547868814,7.499061844530784,0.12090964005145058,2015
UKOIL,10.533497879551703,212.46849563094392,31.855721652713513,1.0403700417595843,2015
UKOIL,68.68620734024091,206.35581241442495,68.68620734024093,2.230880875029542,2015
UKOIL,57.95022200956505,370.25391033613465,57.950222009565046,1.1346956467696374,2015
UKOIL,-31.343902512625487,451.0066467877547,8.005454752943743,0.02650764490449269,2016
UKOIL,-47.72889455059458,351.02798045103077,47.200528118417246,0.7600907873923707,2016
UKOIL,-0.44532436227479993,244.96752965714273,54.16566203736418,1.3526774841559153,2016
UKOIL,7.222506873127709,214.89940170386976,61.83349327276668,1.7919039896433417,2016
UKOIL,-25.986936008850243,219.86155004269514,25.189373845236922,0.6722695970155239,2016
UKOIL,-12.1889606633728,242.2884063790386,32.7104613955298,0.9534372885271893,2016
UKOIL,9.592079064716572,229.6044093129344,1.2562652064814137,0.108234733091454,2016
UKOIL,-24.93944696024511,207.14743989498913,24.910256087466177,0.7129621359466415,2016
UKOIL,-3.8312373675950098,191.7050183360584,4.24518640944227,0.0829676494282192,2016
UKOIL,-1.6890501865601824,191.99265111500443,11.521134575704494,0.3288030952340171,2016
UKOIL,2.6834463842343013,260.52517040864086,24.059680118282465,0.5180023019039042,2016
UKOIL,-28.484145849700596,244.64800730028458,31.651637397152385,0.7621241733868208,2016
UKOIL,-42.89437542705236,137.46398348283904,6.402062008876349,0.25812720717032644,2016
UKOIL,-11.28178211362904,124.60256568741507,20.50362968620352,1.1074455552455333,2017
UKOIL,-26.670118631391066,136.5531355804436,19.20563312005429,0.9560509660747809,2017
UKOIL,-36.943513791262156,143.75262024476964,17.83377644360191,0.7576428295105355,2017
UKOIL,-29.52032745681574,166.57726351411236,32.42476611887432,1.3169989326377016,2017
UKOIL,-32.39735206032589,172.30013608619612,20.883173201830026,0.8413189836709082,2017
UKOIL,5.23230631305257,174.27469115785559,41.33899077932844,1.4794067207826225,2017
UKOIL,13.680274762072372,167.27835410532626,29.305815443178957,1.0812716119267178,2017
UKOIL,7.9474174861232685,141.58714093585513,23.572958167229853,1.0333561717137418,2017
UKOIL,17.52554717516935,141.79684510324765,27.1267784284229,1.1936545437538848,2017
UKOIL,-5.88641214874317,136.7212882374477,21.627022224364005,0.9809560946099014,2017
UKOIL,9.895510843620238,117.5446395833917,27.807713963473855,1.4940560233014544,2017
UKOIL,22.538193900286647,125.85745637226782,4.520470848176084,0.19292633373022797,2017
UKOIL,-5.871419803587559,135.4334688467018,14.332395242793172,0.7293017322198156,2018
UKOIL,16.45321107921158,149.2619001948438,26.009958692116523,1.0809174222678541,2018
UKOIL,44.442487151684325,143.17990459845151,44.44248715168432,1.9622885599007829,2018
UKOIL,9.838258536852146,132.7191926005318,16.91077385364152,0.7831908638927962,2018
UKOIL,-23.525813925660675,186.35580264295885,9.567118132547906,0.392446047102199,2018
UKOIL,-26.738936050070443,186.46641040465568,9.498455356834414,0.39008965705943843,2018
UKOIL,-27.096076837304736,125.75174682891294,10.073665446121717,0.4788769617432093,2018
UKOIL,9.845744271189764,119.4366550519086,36.661186337703576,1.9482901968785655,2018
UKOIL,33.608476122174245,157.81760395195633,15.930834983219002,0.7050007388093638,2018
UKOIL,51.53895761507593,222.7934075972319,78.66768508631384,2.3696725199407354,2018
UKOIL,44.17406799553317,304.25778452373555,44.17406799553317,1.0399058896550606,2018
UKOIL,-12.406084257344135,264.2280607945629,12.427062992774978,0.221669962079263,2018
UKOIL,-3.0994766404741334,157.8200422214815,29.41447500471481,1.156495045321104,2019
UKOIL,28.691588599461944,114.46247311936004,28.69158859946195,1.5860010198513677,2019
UKOIL,13.925852617979634,118.32465403639104,13.925852617979633,0.7246684353241388,2019
UKOIL,31.18099682217605,190.73775766861252,33.90399192271663,1.2159729902257685,2019
UKOIL,12.753743293210169,223.3210523363757,21.162666121463086,0.6868861851667273,2019
UKOIL,-45.14538637802056,194.4784757163336,4.615682870841708,0.09185405136534043,2019
UKOIL,-23.368365303339473,178.11344019404163,16.31561134849228,0.650829314477141,2019
UKOIL,-8.296289151291624,289.02099856506635,4.270470473278908,0.18400108538294305,2019
UKOIL,-52.59133458103575,275.92890917568286,11.931652927505024,0.19614673889329243,2019
UKOIL,-31.996536724033756,148.400868230082,16.960896142698637,0.6932694626041032,2019
UKOIL,5.369409691983856,149.24647802724053,23.386251534939124,0.9671597053099588,2019
UKOIL,2.6378038787102303,154.02774500578755,12.096956718991077,0.5583355245431538,2019
UKOIL,44.47230846155896,204.5898412827125,61.5521878746177,2.021179261445587,2019
UKOIL,187.23608621630424,613.3117934045395,187.23608621630424,2.2138739733128534,2020
UKOIL,99.86161385279244,855.9466486056922,174.95209322022814,1.6298399036349842,2020
UKOIL,-107.73712407522656,763.9542651412501,104.69913396513856,0.640131887530842,2020
UKOIL,-8.061370524359578,478.3063681058368,177.9893160519377,2.2479013591461854,2020
UKOIL,59.80617501252933,240.00153955971967,59.80617501252934,1.5341913562156366,2020
UKOIL,20.399178917292726,123.66542707757884,20.39917891729272,1.0289388955040533,2020
UKOIL,19.95458293279842,173.56784427510573,7.575172568097836,0.3383059180874982,2020
UKOIL,13.505060620546217,232.86164718609433,15.485613964144923,0.5051258419584566,2020
UKOIL,-3.205100983297085,252.35149245739072,17.111443323572637,0.36000128778504414,2020
UKOIL,34.579726260156136,214.03945617888127,56.357189650820736,1.6348433195308032,2020
UKOIL,56.90545545954543,179.8000803687696,56.90545545954543,1.989227128822459,2020
UKOIL,48.14700753970989,175.12175878153172,48.14700753970989,1.7227751790408687,2020
UKOIL,23.967350378471377,224.81415695789045,37.47909952753486,1.0070897822066511,2021
UKOIL,-32.969768027483326,278.6291818707447,13.711833693575214,0.2303473586566408,2021
UKOIL,-23.15792771824069,223.52117006865265,10.011924853754381,0.2194752003808721,2021
UKOIL,10.51893725502589,141.5578612198175,24.229654606787005,1.0632323153897254,2021
UKOIL,9.51377217818958,137.66181431058016,23.2244895299507,1.0484778676567426,2021
UKOIL,4.351115777371301,190.90112686607281,9.549765867011125,0.38517752709058395,2021
UKOIL,-10.908254857062294,212.8998708656589,4.6686701185502795,0.07497138941362148,2021
UKOIL,14.622712521332476,172.18436860544816,44.100519141327474,1.602477177518517,2021
UKOIL,11.191514836388064,149.4357639572032,27.5320752173449,1.144923731126528,2021
UKOIL,0.7003683830579781,263.21258568464384,20.408071521589882,0.5895580328449773,2021
UKOIL,32.43110823362592,267.764025509583,0.8891253526868836,0.10913977567947107,2021
UKOIL,42.36957410102341,149.45738916956665,46.498340800315304,1.96486959571683,2021
UKOIL,83.7610740654715,352.17457233038016,83.7610740654715,1.422223149868242,2022
UKOIL,76.67594426523677,470.2984103990803,36.53233320983696,0.3529063143082275,2022
UKOIL,-1.018025722749658,384.3200383579522,8.174014809563811,0.25947391628268923,2022
UKOIL,-14.724899277256766,258.7187863514155,44.72250853604896,1.0358664862854472,2022
UKOIL,-18.828091869911333,274.8104649577543,7.914274033226113,0.2756312736836652,2022
UKOIL,-12.268191834800426,300.23939336528696,56.67588522397309,1.3245691283314178,2022
UKOIL,-16.07681746139269,277.08749788424853,12.58765142929219,0.3833214511758988,2022
UKOIL,-37.48426685179967,275.41609735586417,8.490185981615419,0.28771481052555214,2022
UKOIL,-38.29105288044973,251.35447553124683,6.587723698602595,0.0901140119252182,2022
UKOIL,-68.86177040615473,226.15314362276854,2.692220263169065,0.14865760368963296,2022
UKOIL,-37.6633058563095,228.18957450722624,20.539552215389843,0.6563430507456086,2022
UKOIL,35.730472919410154,226.98038770167398,0.9573289763227983,0.09950684849341253,2022
UKOIL,34.39734673133956,210.29373190140345,2.3248395982789205,0.13850064739663953,2023
UKOIL,6.332881570716797,202.6587387787894,18.21705601811248,0.6475458198824393,2023
UKOIL,-32.81500963049187,217.243509672325,12.161931126992815,0.43168795996605197,2023
UKOIL,-38.98079235852953,228.99965246355714,12.122779865832221,0.41591189807702356,2023
UKOIL,-6.754105979059693,223.8269554677625,14.911517425091123,0.5035309390282349,2023
UKOIL,14.104147546652431,171.432534853086,30.539450235065456,1.0985140910818187,2023
UKOIL,16.23143879448156,128.01917789326967,33.476064337377764,1.651450713948313,2023
UKOIL,12.097773503255624,112.88234942404331,27.427071405055464,1.5368606300065442,2023
UKOIL,-11.825897584136394,182.18594084272797,11.063834727356566,0.3358196358363478,2023
UKOIL,-22.7167351555519,225.94391080456325,29.198189280881486,0.9104483627879923,2023
UKOIL,13.359554551753279,198.49738832732027,22.653809631839923,0.803764973549551,2023
UKOIL,-2.496007018147568,169.39106946582845,4.453609438577834,0.22421548456753046,2023
UKOIL,-13.611260653934423,149.83666882433232,12.039637934662066,0.47312214105719086,2023
UKOIL,-14.125179176685563,125.25331071625376,17.627579767750085,0.8717516693773047,2024
UKOIL,-4.081795691129807,110.42452167714045,11.881616698611955,0.6619712536754558,2024
UKOIL,18.09156464153669,112.27321058136233,7.928962315854156,0.493571008825834,2024
UKOIL,-1.1566982054049444,140.56531474160928,4.296865938654309,0.24275929144366587,2024
UKOIL,-21.60358562133568,133.12750693252397,7.31788926511027,0.3139935477875599,2024
UKOIL,6.800716915218554,149.67141238796128,15.145660955572845,0.7035682483409768,2024
UKOIL,-11.713546654953834,196.61560049092262,33.7938352520834,1.1783166870850263,2024
UKOIL,-28.97351525240054,224.4008095253826,12.686661094531797,0.4379864968557313,2024
UKOIL,-25.677286089841946,218.00556229789402,1.1123602745396106,0.10234637810124916,2024
UKOIL,-24.634981279133875,171.2581138070897,2.925619447613016,0.16517586630131606,2024
UKOIL,16.950013422995305,128.03373262692432,27.275417979777025,1.3385070632530942,2024
UKOIL,11.721945412121606,128.01909645310852,5.8333251564797655,0.254800663428807,2024
UKOIL,7.998686844825049,138.32428862758817,31.592596481256447,1.526588130544134,2025
UKOIL,-30.679890530847917,225.32252317506956,32.449246684217265,1.0065746342427444,2025
UKOIL,-34.58219510207688,249.25487709915487,9.337253193193213,0.3220252644444774,2025
UKOIL,21.763688272184307,189.01138688140762,20.197642258425805,0.6325220589289422,2025
UKOIL,8.934337319315055,254.1699972885746,11.255336995082436,0.20579067807455023,2025
UKOIL,7.496246239146352,247.20132523785813,10.285456937889254,0.349001534898306,2025
UKOIL,-16.839005488699847,139.1531088840431,8.33024765664899,0.4322203641464834,2025
UKOIL,-30.177642532127173,130.26466909057345,0.5784347868730331,0.07011563245640291,2025
UKOIL,3.516543319316076,162.78690201928893,8.50494187945324,0.3904263608046033,2025
UKOIL,4.473108941040691,163.52553671462198,7.56536539501164,0.3519380175694721,2025
UKOIL,-3.662122638590032,148.36226493621172,10.420473950433774,0.5025103544782551,2025
UKOIL,13.714499184732826,185.0231029140593,21.221768186231287,0.6840672130106599,2025
UKOIL,63.0980229743899,216.0113774914164,80.65540088661676,2.34289868484456,2026
UKOIL,119.5331717588983,396.8658737340179,119.53317175889832,1.8170113235590186,2026
UKOIL,-11.761804975572781,466.9379010119798,76.10796452357097,0.9056359526311997,2026
UKOIL,-78.11904741708021,383.6011792847773,19.732730321461563,0.4570882792681759,2026
US500,2.101309455607459,65.29311285085588,5.828761545841226,0.5577595815692526,2012
US500,-6.355222439627314,80.89883113518934,0.062877703381547,0.03060578542361817,2012
US500,-5.016212326996489,98.82741187800478,10.822913068115072,0.7414050434800602,2012
US500,2.1548862462209026,106.86703978149603,1.2304010604840832,0.04081123713196761,2012
US500,-7.097453278232476,100.80265381404023,13.318341968915744,0.8239156122740404,2012
US500,-2.1985852872028535,73.0786189415938,7.213819294336172,0.6165182160730271,2012
US500,9.185069063622414,57.141762376505525,9.356238689640746,1.042676487339019,2012
US500,7.405390473505148,71.38358657955318,0.9338147090863833,0.06223635816881442,2012
US500,-2.6811025722828696,82.06705060631869,4.627776440258501,0.39160153385604396,2012
US500,-10.599275760697042,82.50271569030207,2.686855667536083,0.18489806521338828,2012
US500,5.3406778718370145,67.12370967648056,14.268852367548533,1.3556022606975013,2012
US500,5.113128132504336,70.80969686142919,14.781893732714165,1.329586800151932,2013
US500,1.1370478286172905,64.77626292746461,10.795931866814696,1.0590220720767054,2013
US500,-0.7388923277527705,70.91289282876777,10.515854864485247,0.938063895990001,2013
US500,1.599368856122309,71.08011635827607,12.697052646451226,1.134402873281704,2013
US500,1.1633235556334232,83.42314546492582,3.4475659974091464,0.2413260825460302,2013
US500,-3.6600129212353245,80.74627207523709,5.0911395545317975,0.38289898273575396,2013
US500,6.039336202678209,60.279955609009896,4.0360549190697546,0.41471571815119057,2013
US500,-7.556134886128355,66.67273614785147,1.0504524264746236,0.08098524485370957,2013
US500,-9.567356042445393,66.5280574129217,18.49546404479398,1.7791098662822171,2013
US500,4.145095489748506,65.31391425589678,15.13113694678505,1.4796757179113937,2013
US500,1.9132868281527178,57.61064729774155,10.08686466201278,1.1159557086861864,2013
US500,0.11070451586021098,65.34185960756206,1.525803115063023,0.1720631758990095,2013
US500,-1.528431433915164,76.88511362430545,1.9756247521161905,0.14207915020558592,2013
US500,-2.731280249394578,74.1513045790931,10.582861401420072,0.9009572852492683,2014
US500,-12.794948047045455,72.86622792345422,4.209253668872592,0.3511830895538604,2014
US500,-17.5424382792116,68.9535441166157,4.0478034689398585,0.3584778395273125,2014
US500,5.6286166262544475,44.6199766624172,10.214656658487854,1.4687456621519666,2014
US500,4.221462176395083,42.05015443544697,9.939410840762758,1.517801094319457,2014
US500,-6.978462243459221,57.38026964496571,3.466809991138274,0.37328051661623474,2014
US500,-0.5313822275388522,51.90701284219581,4.3157508302701,0.522239453614603,2014
US500,12.962703278963287,80.24591064479051,11.882336849393873,0.9856969750374,2014
US500,5.4231896893131974,92.05156359817848,3.650880601884708,0.22784138641926496,2014
US500,-0.40763588398842404,66.30124061901151,10.983521757910069,1.0520771166067173,2014
US500,-14.013179494063834,91.13568471379727,2.335500229650165,0.19483491108416967,2014
US500,-25.116955203156337,103.54297082628877,13.394169009842402,0.8051568093202146,2014
US500,-14.565711444422325,82.9774189723721,6.793506996912143,0.5041592299707971,2015
US500,-8.287112069065884,72.79406481875988,2.8754719790888155,0.23294880559009243,2015
US500,-16.299972220026127,73.39040987128467,5.520362242835908,0.4641577220802098,2015
US500,-23.070970928119714,62.135194385756016,1.4318511154120555,0.1690023950835566,2015
US500,-20.40176459105183,70.60640916299315,2.1776558631486114,0.2223052509434438,2015
US500,-11.01120645495133,74.67077310338695,0.7743374492687392,0.09088437884626806,2015
US500,17.59385456792737,146.5282034709578,17.600922774944284,0.8257474195561166,2015
US500,14.532771193998428,160.55874232571733,7.008848146148328,0.3340324294114929,2015
US500,1.3482189840324001,91.41254694652253,19.019202323345024,1.3182223290483774,2015
US500,-8.712557440621728,84.62038050643258,7.7751742331041065,0.5685843520008526,2015
US500,-5.6406157349128,109.01775066657643,17.755725051175805,1.091081401887182,2015
US500,13.224524465135119,130.4262217360259,22.954205753467864,1.183341208765739,2015
US500,8.303748298853,125.8589129608016,7.775769861196589,0.36046630394151363,2016
US500,8.618542591896174,87.82755503974926,23.017305423020648,1.6688731628408249,2016
US500,1.9093425661025223,63.39525788272272,6.014388881195321,0.5946295543714161,2016
US500,-6.650284827813188,61.9123202460227,3.848061880171066,0.3831545514055556,2016
US500,-21.662583832997825,94.62062899994268,6.884954516609606,0.44127398818933244,2016
US500,-20.345168122751666,90.4200492152826,7.000455253791301,0.4727677920898769,2016
US500,-0.7677969306483545,41.87992953645348,7.030156224906172,1.0743008655779556,2016
US500,-5.807545790653956,65.43135941781007,0.4585333030601052,0.06620822840251907,2016
US500,-8.160614011913754,68.43838343489696,4.4049700103906035,0.4389690387016303,2016
US500,1.6258329547176211,56.716389815457845,5.690660795680047,0.6322266225161003,2016
US500,10.25818134731685,57.161215490641304,13.309809938622438,1.4900630235267747,2016
US500,7.115035509783631,42.05777310101014,9.81889714853378,1.4989975489897138,2016
US500,9.814128975776649,33.09774814099888,12.517990614526793,2.439127023358997,2016
US500,3.5760534008112606,43.249529446683546,6.650126206396342,0.9824982151702502,2017
US500,-0.7101015272325981,48.32748165167946,2.1078764664616316,0.2673838667647611,2017
US500,6.0437638747353235,46.10026227124518,5.787669062844473,0.798777400630314,2017
US500,5.026310143832797,41.20352459712245,5.026310143832798,0.7772859970297237,2017
US500,1.1069013981201958,40.90547509900149,5.971720921869885,0.9328968962878872,2017
US500,-5.408915835120307,52.97415872553559,0.5831905187155976,0.05454153643376009,2017
US500,-2.8821562651371653,47.187545856892356,2.5236462512481923,0.33159588611603547,2017
US500,8.253945384524247,27.542949724878373,12.532461070823393,2.9383111686338523,2017
US500,7.692685718352038,30.206620443569268,7.6926857183520365,1.6402720003279723,2017
US500,9.673775712736415,39.83397959098773,9.673775712736417,1.560543602666283,2017
US500,20.305531207688908,41.21296960932661,20.305531207688905,3.176829552595359,2017
US500,-10.725681827011192,116.93416237531703,4.850734481436068,0.23126829317138192,2017
US500,-22.917985191995072,129.13074331720756,7.287290604723963,0.4071744372489694,2018
US500,-12.218994028312384,120.5686991011985,2.407097653679968,0.16761410822805708,2018
US500,-14.763209597546913,113.76197508588342,0.3264084117863909,0.017485308642518085,2018
US500,0.8113586306254145,63.202493404590705,6.143358544150153,0.6097535792465973,2018
US500,-7.953583418227031,57.7830601307637,8.750296243866515,0.9626962949918948,2018
US500,-11.588417676475418,53.306653039808715,5.115461985618128,0.6048824455847664,2018
US500,7.672531741793924,42.69052333742063,7.672531741793927,1.150809687000496,2018
US500,13.640929550090558,74.4473447691014,4.285862940794043,0.3971189989687694,2018
US500,-5.120642412681472,110.19424541705784,14.251956337305451,0.8739637387143826,2018
US500,-5.1963084473484935,125.3783789436457,10.487857791944833,0.5822545109636182,2018
US500,11.252556364752257,157.76328063555684,12.394318100979092,0.5591814985943339,2018
US500,14.745940655185125,141.4724562264422,6.361114604226023,0.24691906220628493,2018
US500,14.313717782983137,66.02196708694954,15.488738286898425,1.498400137226469,2019
US500,16.804028047042493,62.947984691056455,16.80402804704249,1.7087348903207482,2019
US500,12.10525513348867,66.33427509271363,11.46139083828974,1.0981416528888346,2019
US500,1.0265904380288184,84.15634230700846,3.794956352434447,0.3190088168217313,2019
US500,6.011058733442584,82.26072308771492,9.012807986438036,0.6836508505194299,2019
US500,18.76275757843674,97.56483727212562,4.670074871923957,0.3418814361527481,2019
US500,3.5369479903641134,132.46085719097306,5.939707768896365,0.33310265657022053,2019
US500,-11.821958887278324,112.88008183027014,9.313649552081673,0.4987931319195042,2019
US500,-4.903370097080928,77.31778793301208,11.043174080254099,0.9006711365559975,2019
US500,4.598915769360956,55.76034849337128,20.54545994669598,2.3678701341636263,2019
US500,14.293935293365914,42.09916693637708,14.293935293365914,2.1855529220578673,2019
US500,10.047566124086538,64.56131536581499,10.047566124086536,0.9876818679736882,2019
US500,9.582926178513002,100.75173425989497,8.507020170388962,0.5795665645123002,2019
US500,37.30111396923559,375.33688626186256,44.277951182834855,0.8861320316784491,2020
US500,30.957658318109658,418.6936031933399,9.59145076420637,0.2814849624461583,2020
US500,-4.980606489432388,226.87641351195026,32.369082736468556,0.8523380702566365,2020
US500,0.7918535924700472,163.60104278174407,15.201533097518542,0.5498771217447456,2020
US500,0.6933965311661858,138.6033190213161,19.88977776071773,0.8850336187268549,2020
US500,6.95537580470987,82.42808856111459,26.151757034261415,2.027443682295505,2020
US500,-6.6325113427610365,120.63247805233166,4.515273741270275,0.20394859933907133,2020
US500,-15.791511702819646,139.95837111664608,4.833331168859518,0.17913734225370395,2020
US500,-4.576086726770696,120.41777135606131,19.62124181755192,1.0169134729601037,2020
US500,3.6376602405032523,96.81215191123813,18.357930997178013,1.1972118661009745,2020
US500,16.055383347658733,65.03380258000583,16.055383347658726,1.5781492462744238,2020
US500,-2.8543414771109648,96.24151649028278,13.701144356141418,0.8913446943637611,2020
US500,-27.044168213522205,123.1976088087875,7.527674097263805,0.35669968522729323,2021
US500,-5.775543316096513,101.79855728217088,14.931185361917548,0.9176590537009404,2021
US500,0.5679354254874995,73.60861377155217,14.936055487225737,1.2907747019595868,2021
US500,-26.09966142153842,71.52586618540457,4.023228726167116,0.3418250910078407,2021
US500,-6.760281546693833,64.18817109221965,11.684860739753896,1.1587969051662215,2021
US500,11.772554011956917,63.37507606350106,11.772554011956919,1.1831308733524895,2021
US500,4.838188068670028,55.41409050220148,4.838188068670028,0.5481882881283561,2021
US500,3.0537806160042655,74.92031655978803,5.191921598101324,0.472962731521037,2021
US500,7.2050466440840015,76.05878420373759,11.51263022322813,0.9563406241751649,2021
US500,-13.935294618443287,82.14077854005335,18.280200324135524,1.4150037502101271,2021
US500,-30.002595770574523,96.46593261978956,0.39576163799047237,0.0039190797015082775,2021
US500,-17.228543961744656,96.65942406522123,10.03764951241926,0.703917577679644,2021
US500,11.609618112402075,128.63770025104623,26.403418408103537,1.3728514509956296,2022
US500,9.21175985146924,142.95165680992287,0.5431518066279215,0.0698640824678238,2022
US500,5.745804575362738,147.8222877923122,2.4217985013439782,0.15311047599293584,2022
US500,3.8413530222073096,166.03462327895522,17.707623061190983,0.7448021257782459,2022
US500,-17.65357988316173,174.89406117038106,15.788407077160253,0.6413734369119543,2022
US500,2.8333868193784415,149.577457916173,2.5785859778100955,0.06411705565875021,2022
US500,10.72674774828848,116.15940531996478,9.61006925492164,0.49914172102690524,2022
US500,22.77213929371788,137.87630497200072,32.76761397985717,1.5868718810794324,2022
US500,19.782939690030076,174.4347755409207,3.999604436312489,0.20384210182825785,2022
US500,0.11422680155651847,175.96648032463122,23.80659092749088,0.8207769382751694,2022
US500,2.8988927335029433,150.15396669519959,4.560707295342414,0.24385290285725492,2022
US500,-8.440092852027847,114.3395399686342,6.28106887455449,0.3198372279890457,2022
US500,-8.986117667634577,90.29307293380415,11.568790737136245,0.8013778435362844,2022
US500,-8.136767904097628,99.89757909092162,3.2672624033368356,0.2436225953032201,2023
US500,-0.8981902734429923,89.49848421313196,7.541097839412745,0.5175689015989324,2023
US500,-0.3942139197665362,71.9514369295699,9.023164272635006,0.789685620274579,2023
US500,6.939796861447182,72.6723042329182,16.67660366271592,1.4630662629004043,2023
US500,22.241762704688124,56.40817363135738,22.241762704688124,2.534781625947689,2023
US500,9.396902280215071,57.229239975151415,0.7730146894906793,0.06942647979925393,2023
US500,-3.4268978303000686,69.54059722497198,4.505956425288853,0.442038720016556,2023
US500,-3.129037861579681,80.68466565187596,3.892113516549146,0.33824753322265355,2023
US500,7.878156047345665,93.96842460188279,3.8352801543823603,0.23476450134758395,2023
US500,17.25898519261525,78.69245392249772,21.52401395035702,1.745923658947477,2023
US500,13.72562057686575,51.829962638833464,13.725620576865754,1.6987020486663467,2023
US500,11.863635100788045,63.07873268561849,11.863635100788045,1.1982433501306888,2023
US500,19.295083657713924,66.46831337923534,19.295083657713924,1.8585402742132178,2024
US500,3.812004656833953,69.27584215232426,8.369187157970446,0.7607152693712617,2024
US500,-7.882497344743415,76.65831043926732,2.4836417901437304,0.1856603373534427,2024
US500,5.742305244481689,69.6238531586349,11.551261878232342,1.0525855397220532,2024
US500,18.109078277753262,50.92796423783066,18.109078277753262,2.286304759384486,2024
US500,-3.0453868508052087,97.13315942845243,1.5045764510170554,0.13106007176625478,2024
US500,-30.405285393445382,112.70830616429114,8.986331098049567,0.5525825423839179,2024
US500,-3.847378435734187,79.37412328451283,16.030765459873475,1.2827256969272451,2024
US500,17.998074785832788,63.56196024804599,16.376752852991252,1.648320227465503,2024
US500,17.441194694872387,67.78983257869425,15.819872762030858,1.4898437487907792,2024
US500,-1.2397769392745357,79.46586613340722,3.663152560530709,0.2734789168473289,2024
US500,-13.41116770521028,83.37898175944906,1.4141466319451892,0.13642143290694705,2024
US500,5.234062781290856,77.76491278369642,0.07624208211056588,0.030982077641239263,2025
US500,14.19863728728827,98.14844078255007,15.689171764154276,1.0680446789755986,2025
US500,8.077103534409844,256.07722427286495,8.07710353440984,0.2835529646127078,2025
US500,12.700974760994287,253.6916824659086,14.072773456419547,0.28109740076971024,2025
US500,25.00084797423577,83.28982835956673,25.043441123899438,1.9200638408666206,2025
US500,18.303887325177506,46.308356783244726,18.303887325177506,2.544665301947138,2025
US500,10.021527540988197,62.477794664469116,10.021527540988199,1.019275492130275,2025
US500,8.629816097412185,64.00781271198674,8.629816097412187,0.8531755241135441,2025
US500,1.450561937247657,67.38179126492145,12.056206310796778,1.1374391709320835,2025
US500,-20.21438678612551,93.98281357328715,4.043120943236962,0.2488823988988873,2025
US500,-23.35363365832892,81.94510385601448,4.303856248407863,0.3143301557810804,2025
US500,-12.13979450901043,55.03954084536752,6.612239967792746,0.7609167119820204,2025
US500,-10.435843440946527,74.66193715222899,1.0765886543080363,0.11703156979052508,2025
US500,-5.269188531383274,87.2491005780342,12.564067325516156,0.9614533601758734,2026
US500,-1.1677902860613718,106.422176679185,8.379806131809584,0.476603452765083,2026
US500,8.9602622184459,93.83534468688279,30.41558429120847,2.0680462210998916,2026
US500,8.184907555346857,86.86086248880295,13.557749883320907,0.9833435635735569,2026
USTECH,13.971725990319394,82.51426392243525,14.11192936372472,1.0815412635396846,2012
USTECH,9.657002540414746,98.23695903410974,9.224886144458214,0.639901118449414,2012
USTECH,14.654009752582143,120.32730125588,14.918659015560412,0.8421370970202242,2012
USTECH,-0.9056582708410905,130.375796596496,0.4175346868899389,0.02044820399532772,2012
USTECH,-15.12738344146488,114.01405242351136,18.90370548994449,1.0375758430967201,2012
USTECH,-3.3162490188829747,86.99619387191687,18.700866871525765,1.364485517550599,2012
USTECH,10.529482345910198,77.76156937281766,0.5436332144352166,0.06985809047411909,2012
USTECH,18.861348936190254,94.24009785914575,19.9956720249273,1.406449633273598,2012
USTECH,2.527136575642236,99.52701919762495,5.294934450263146,0.37644022148255646,2012
USTECH,-25.205920240134507,97.72807235353717,14.992052004829379,0.9628416040112786,2012
USTECH,-23.07946273253547,92.49944155124976,10.727601151063219,0.7221728746178239,2012
USTECH,-17.802494823505363,72.4977876383839,6.227470620337963,0.5335636985394705,2013
USTECH,-18.446432995842525,86.4705706955835,0.2631066534701851,0.007663785357103873,2013
USTECH,2.0368876328302594,82.74270646784812,17.38815460053032,1.3345814571324257,2013
USTECH,1.8589164747516034,84.37398364263092,8.821174616703313,0.6505121122038792,2013
USTECH,-10.359028845940417,82.07680648189086,4.86030717071743,0.35763753760400224,2013
USTECH,1.7653197143095123,52.31189620374359,17.12316433774476,2.1030126560611055,2013
USTECH,1.9725600204838083,70.41296818461228,13.5770622445057,1.2265205798900034,2013
USTECH,0.7694393916664104,91.46161600533397,21.19562531528047,1.471425473211761,2013
USTECH,3.777742651163181,83.10057128548372,12.599426350755351,0.9557490874900547,2013
USTECH,12.119395824845848,61.96999038768876,12.11939582484585,1.247093438030284,2013
USTECH,16.189601875163042,64.52285660957553,16.189601875163042,1.6044335213764453,2013
USTECH,4.257651194728699,98.26656212683581,8.967167227610108,0.5601251599260133,2013
USTECH,-12.525678408787197,100.05407891858432,0.6154622262007279,0.07146722571319002,2014
USTECH,-8.793411998789892,105.06233065065727,3.598569623319915,0.2554534129806276,2014
USTECH,-6.132656117173274,104.4079177777698,2.287420738033854,0.10875199338181853,2014
USTECH,2.6820426958118544,59.97885222818867,13.107977325254065,1.3964483013253568,2014
USTECH,17.86910947493368,53.74546036138612,17.86910947493368,2.135822213308278,2014
USTECH,6.206928864281689,65.38208302425393,14.281179390724349,1.3938575347151394,2014
USTECH,0.4917296883263053,55.55317557624734,8.565980214768963,0.9812404956577034,2014
USTECH,9.773650131925157,88.68860632335615,16.191123007251214,1.212344646128087,2014
USTECH,0.003660991871979848,107.07278052617323,9.306868963918317,0.5291592139328186,2014
USTECH,-8.280810608979632,74.08190653124626,24.606344863739395,2.1266674860935995,2014
USTECH,2.7637730172243096,94.63590773724356,8.306483319093598,0.5989885583288833,2014
USTECH,7.366627952207841,115.14706119794879,12.532786333786913,0.668613034889337,2014
USTECH,-0.008855181830795578,89.14777930532489,16.566039036923403,1.1751607878500014,2015
USTECH,-2.528172413769759,71.14299398677896,3.0048132533697487,0.2510793147368989,2015
USTECH,-15.32494687695538,87.24928308816777,7.477236106893447,0.5275378177650295,2015
USTECH,-20.59609500694269,82.64022082740418,1.5110503232106702,0.09236801161434305,2015
USTECH,-19.99822332526428,82.78332219124752,0.45999794372094827,0.009800745776742972,2015
USTECH,-14.807371873908794,91.08817913916283,3.691172620741278,0.23371454691263838,2015
USTECH,13.970937074844333,170.56236740651357,11.65790744675406,0.49728695098321585,2015
USTECH,2.0214152634396605,179.8313232840627,7.312402489144084,0.3206377718224863,2015
USTECH,0.8577776729297997,104.50198359838433,24.657472746267178,1.4943338694869919,2015
USTECH,3.0748323105019173,99.5118209374446,18.55708032235395,1.1761617494994332,2015
USTECH,-4.73994980676949,123.91914343894321,20.541930387473524,1.1148930227473886,2015
USTECH,19.05007919417401,161.02911596574478,35.315844761250524,1.4753243401443425,2015
USTECH,-13.096257687169011,157.4359214819444,1.1922920740663268,0.0008974812161900379,2016
USTECH,-15.197991301656092,101.11370523605454,29.517956027022457,1.8574391292933654,2016
USTECH,16.13667788122995,79.98893196715466,0.546597754795819,0.019027807352940625,2016
USTECH,-4.739373039681327,79.87899652208813,1.5372685228687022,0.14996748383066608,2016
USTECH,-15.083911466032854,110.06853198337795,8.144368688104738,0.4442891215498981,2016
USTECH,-1.8378907574051766,104.14018339816928,11.447222520582976,0.6787495445132277,2016
USTECH,8.026458400974565,49.519744212028016,16.87547616807188,2.191066643527854,2016
USTECH,-1.972776539028725,71.2846815862234,6.202694692743482,0.5411465167112447,2016
USTECH,-8.029399510230478,78.84055901704325,2.1683581674257026,0.15324113872468173,2016
USTECH,-14.452324417819764,76.17238589711931,1.2058103388064487,0.07855800619460963,2016
USTECH,-13.86209341029834,81.42698094810488,5.958847953203429,0.448415444213913,2016
USTECH,8.727133393344182,60.80541500290396,14.912226446103713,1.5689472481373017,2016
USTECH,19.753972008803338,39.78253575794382,19.753972008803338,3.2022745027470862,2016
USTECH,7.462928258620563,43.17946485110448,10.849215237960362,1.6137873406434475,2017
USTECH,4.295728639673834,48.56054706387174,9.975013860062413,1.3152284083368146,2017
USTECH,14.104084793370987,58.55521980554504,16.39708303441977,1.7946858230331029,2017
USTECH,8.884233988323487,76.73665207719685,8.884233988323487,0.7255538360627062,2017
USTECH,5.469119315729069,86.11197995239165,6.128646990107686,0.43378306148116136,2017
USTECH,-12.018200583163114,87.8881994378093,3.405904777643074,0.22320256046053946,2017
USTECH,-20.96246077570624,72.59465910403556,0.4628028307206751,0.0182727707118742,2017
USTECH,-0.44537174190971285,50.42384988064809,10.322951724790236,1.310159627259252,2017
USTECH,10.662341798478476,62.930187892769354,14.769979345179086,1.500242526133498,2017
USTECH,9.882498999675033,73.45550442307642,14.230123461476621,1.2315073409850124,2017
USTECH,14.92159386163664,65.12135432613198,19.269218323438228,1.8952382474505596,2017
USTECH,-9.498433820007216,133.54536918859606,11.628577796622567,0.5213650903501611,2017
USTECH,-27.23659870347167,146.2480600356792,2.8677677459867006,0.08042664944818001,2018
USTECH,-15.767607072023916,153.40711335653853,0.9890219233777922,0.006846673703826078,2018
USTECH,-4.9944719735910175,157.41843840169395,0.5434846183606445,0.027496684908267344,2018
USTECH,17.624852643082185,92.47345866181908,15.383535072460734,1.048102675877434,2018
USTECH,7.675827736125419,87.2323146243936,18.643808785803397,1.3562501052229803,2018
USTECH,-5.599916817726906,93.4689770756895,5.368064231951067,0.34251054157352534,2018
USTECH,-4.403986247207839,72.61702145263824,5.107097250669121,0.43268360500514536,2018
USTECH,-3.6536341965080728,113.94530492210839,6.0361256566996,0.3801480046205438,2018
USTECH,-2.407953914130338,164.74062950865127,23.154988095094993,0.9646985611704929,2018
USTECH,-12.97837368636913,179.32180707926727,14.00738036017252,0.5636929825706678,2018
USTECH,-11.187656505685839,200.20654469012234,6.813132254127052,0.28372645872205793,2018
USTECH,9.482172583497743,178.33478487576392,7.791653916702091,0.22719427314146023,2018
USTECH,14.237739683194324,90.52861539532772,15.997149313932676,1.115807970134605,2019
USTECH,23.95477004177989,75.47950703756901,23.95477004177989,2.0305376114305735,2019
USTECH,19.769525331446637,85.82473242785865,19.769525331446637,1.4642581618569006,2019
USTECH,-9.891815548946587,114.5216137734957,9.88798792307439,0.5962700160136128,2019
USTECH,-11.58454603400042,117.37050875103421,7.0315283234878825,0.3508334016617851,2019
USTECH,17.30914290758501,124.86138876002755,0.35100474388639036,0.0586215232715856,2019
USTECH,4.761274607899727,156.38459027353034,5.570840548216009,0.2810774294026259,2019
USTECH,-15.08267339989713,133.5247727377891,10.857605827074632,0.4845515893212232,2019
USTECH,-5.329007313146009,100.64915908698126,14.974248423730561,0.9316919285772692,2019
USTECH,6.082043389579377,73.19282908388486,26.385299126455948,2.3101170933618365,2019
USTECH,17.99776854828379,52.52370825559907,17.99776854828379,2.202120670671306,2019
USTECH,18.647804532511,83.3433323578674,18.647804532511003,1.422401267420628,2019
USTECH,8.531397097715201,123.70975982647794,3.780309686841462,0.15871680218283762,2019
USTECH,18.307314196993985,373.4912635536477,26.74894438666126,0.5842430840497761,2020
USTECH,26.169156269420093,413.49509716527064,8.657209852981405,0.0043027510436641605,2020
USTECH,21.389380600082077,228.442478969231,44.1826053564249,1.1796111893198797,2020
USTECH,30.30079911897444,151.20640703655707,30.30079911897444,1.2489781233231465,2020
USTECH,29.583213802712798,143.60062760111072,29.58321380271279,1.287773712202976,2020
USTECH,35.93949045267357,133.79442272695317,35.93949045267357,1.6956626193536917,2020
USTECH,11.840432337297427,183.76039452143735,11.269269777657007,0.3382327730740598,2020
USTECH,-5.582516538508278,201.47348853589799,5.056271516376184,0.09803196419207509,2020
USTECH,-1.61777434215864,169.19326554083372,19.145674098173988,0.6793386604765472,2020
USTECH,11.389600159686697,130.23583418565855,20.94309798549444,1.0000858211397285,2020
USTECH,22.84142593511454,86.35622990027441,22.84142593511454,1.684931029716615,2020
USTECH,18.02737687964165,122.13110416253372,18.027376879641658,0.9169451936657385,2020
USTECH,-17.196890706104885,184.93895502249825,3.067568455081086,0.1664237271907669,2021
USTECH,-13.193532038340198,172.40932071643476,6.946454227888769,0.20626435826494152,2021
USTECH,11.015039567539585,115.5760713073406,10.406025588771419,0.5466128126513238,2021
USTECH,-12.640626739594955,110.58964738776156,0.7990838295405891,0.011813616636145352,2021
USTECH,6.9252876057113895,85.57170370881937,26.984676168820275,2.0140742558369125,2021
USTECH,17.2591023737315,71.43362130615081,17.2591023737315,1.5419513879691862,2021
USTECH,-4.460859137735362,66.59602498925524,8.754126229854027,0.8305006164099956,2021
USTECH,-8.032432768824728,88.79281020985445,5.678468886083498,0.4427674903725427,2021
USTECH,2.891991159615821,95.39950248420892,11.52480715949327,0.7522454192495927,2021
USTECH,-5.188818932879981,105.84141139421139,26.367977093538006,1.5791281781043178,2021
USTECH,-28.542373234855777,135.5742365372759,8.001656362055309,0.42556122203266783,2021
USTECH,-4.942047486494254,150.69493865779168,25.832472307137817,1.1602300788772655,2021
USTECH,37.099031742252656,182.8865855854607,37.09903174225265,1.3753589888843913,2022
USTECH,2.2800943726542604,206.5899490506457,0.9118941540804075,0.09394675434212374,2022
USTECH,-7.872606189610069,209.70086521597455,8.975983072489267,0.34406477209826286,2022
USTECH,-1.4775168973338484,223.3401126243305,29.972438929571723,0.9425188468341151,2022
USTECH,-26.88885378503747,227.58750024932957,14.87074506897295,0.49656210658583094,2022
USTECH,-7.999549396571889,189.34008939018543,13.045196095461346,0.3859712627635883,2022
USTECH,0.26420020313659787,154.81871670014175,11.802511512487595,0.4448109191530962,2022
USTECH,20.094221379983487,170.95768139639466,41.599588871026775,1.6351951774035576,2022
USTECH,15.4079611358549,209.11303632152917,15.123357294040181,0.5355076255468799,2022
USTECH,-31.671892960322534,223.7569232740442,12.170397694532436,0.28254114504721256,2022
USTECH,-15.963578979468057,201.2448532225207,13.690720233464969,0.5038329236160807,2022
USTECH,0.7407528905505675,153.9217789448363,11.314442727437402,0.42771488284653825,2022
USTECH,-5.026052279749767,134.92986834221708,27.689249768151825,1.285701746187929,2022
USTECH,-12.552090010722065,135.76801259341198,14.76273872992751,0.6614326670625327,2023
USTECH,-9.461823453615718,106.14708020395423,17.853005287033856,1.0556683685156454,2023
USTECH,14.907457887348636,91.50556264524764,20.166680976268374,1.398090941715211,2023
USTECH,32.36703306921198,99.06295971137243,37.62625615813171,2.4258248458185356,2023
USTECH,27.122685855967585,97.75620027867463,27.122685855967582,1.7649039507191722,2023
USTECH,5.453323981238556,90.07991306624906,1.9176287876343245,0.16646428975179617,2023
USTECH,-13.89730978215674,106.01902505344012,3.0562665673862712,0.2204445576599838,2023
USTECH,-17.344874857894283,114.08220177186004,1.0348220364143306,0.022610463426056934,2023
USTECH,-21.348173359167447,121.7645554675868,10.319420420902837,0.5104400348959074,2023
USTECH,-5.509307876833819,105.13183271575274,25.990584992571204,1.5669119237813327,2023
USTECH,14.499075408195468,74.68062657645359,14.499075408195468,1.2337355478903214,2023
USTECH,14.436023333715886,88.44027558010642,14.436023333715884,1.0291923741059417,2023
USTECH,18.506599869832836,96.86605718270755,18.50659986983284,1.2065063607711237,2024
USTECH,-8.324944555834222,95.52478518212885,5.816820114867018,0.3643492820618017,2024
USTECH,-23.54508940537055,108.61176410337634,1.4983667087889847,0.05501503906322408,2024
USTECH,5.034780368751815,101.34165367346331,15.936471812210113,0.9862892493118727,2024
USTECH,30.592526661780003,74.67650883624823,30.59252666178001,2.627422323244973,2024
USTECH,20.365659703306157,148.61550947154285,8.051986014919558,0.3982559455135678,2024
USTECH,-28.13285382171844,168.18259966800204,25.98399029983952,1.0558483754682402,2024
USTECH,-40.48387245193265,119.90753262443104,16.795720480147107,0.8690513597495695,2024
USTECH,-3.911472596398615,89.45401172746992,22.801611095576487,1.6218110286769742,2024
USTECH,19.669869941049694,93.00941879184765,19.66986994104969,1.3398622027978722,2024
USTECH,10.580072816628077,107.90895611689213,9.199676968194913,0.5180064258140012,2024
USTECH,-24.30860623278165,115.67701789139191,0.6398699925930758,0.000926274069686325,2024
USTECH,-9.502939780474092,110.13357875161502,5.123860801091411,0.336584714460603,2025
USTECH,22.31410889777622,138.47104968873464,22.15324620656151,1.082339750086242,2025
USTECH,11.360958471468184,307.49720195259596,4.740980634606278,0.19422255826099838,2025
USTECH,19.484611543454,298.20622488527994,25.900234447292053,0.4712188171256544,2025
USTECH,34.01041217618028,102.44433292561592,34.01041217618028,2.115843008758977,2025
USTECH,21.604619270605205,57.268034482541864,21.604619270605205,2.424233172473257,2025
USTECH,2.9306979008140686,84.2330745759559,8.411768638874474,0.6203017373386658,2025
USTECH,-2.8342865304136544,87.50987576446741,10.8794782256888,0.7776165060083499,2025
USTECH,10.828719564915545,90.40347584630844,19.061413582957595,1.3363979291871926,2025
USTECH,-14.295589871809815,138.29064185034383,5.8067299475839365,0.22805730813839017,2025
USTECH,-36.232094009835656,124.30392932928524,2.874453655042088,0.11036566723318637,2025
USTECH,-23.29205267300958,75.40183701403889,5.197225177950848,0.4227340391276764,2025
USTECH,-13.809005048908372,106.00428050053321,6.672642245631069,0.441610277545386,2025
USTECH,-11.53043078725121,119.99725069147165,13.557784187779758,0.7707268959462238,2026
USTECH,-6.304695989630755,134.3591904670676,17.594953644003642,0.8057927601887312,2026
USTECH,23.911460495948916,128.94076348373582,47.48977632791272,2.340973432667061,2026
USTECH,-0.14321119061870036,151.46091085815632,32.60557508572554,1.3449967092283943,2026
BTCUSD,-34.43043383059998,574.6320639725002,28.519458607931472,0.13813984735999807,2017
BTCUSD,-72.94322153186388,645.6229360228798,116.42394683595876,0.9690582688904716,2017
BTCUSD,32.53637838533521,563.8609665441431,161.1263534805272,1.6698033796119682,2017
BTCUSD,-16.83114431733602,533.6488575569367,23.15537980359005,0.11092608290215483,2017
BTCUSD,46.64094596263034,536.9137112432732,101.92622438942917,1.0559902534854904,2017
BTCUSD,156.47185110029946,480.75489229095854,171.77060540617222,2.147275835878298,2017
BTCUSD,291.73182045133564,628.5035223507325,291.73182045133564,2.7791231151308478,2017
BTCUSD,130.8421315469415,717.8172653367916,137.8855438272635,1.0205891415746604,2017
BTCUSD,61.83923987515139,633.5632927430437,220.02792179841597,2.4852147740494552,2017
BTCUSD,90.74921806077698,654.9384314235981,25.73529559101308,0.46767537955858635,2018
BTCUSD,-60.752784488674784,536.017218210857,41.818954043940515,0.33750850305074426,2018
BTCUSD,-16.163929719799366,481.17597435629926,48.20333152966975,0.8041596815642934,2018
BTCUSD,-6.58562720988392,468.467562818787,31.229292749729748,0.2842716876021483,2018
BTCUSD,23.977927924066694,343.5703511110826,20.047825982888167,0.4876719496288802,2018
BTCUSD,54.804366180819216,379.07358735735653,55.937438114457464,1.0822897852437587,2018
BTCUSD,51.5116365739014,422.7258936151772,26.59598679903415,0.2725065506555648,2018
BTCUSD,-55.211621888708684,350.07664496461405,4.924197609801286,0.018509989531788573,2018
BTCUSD,-123.99799424621283,292.29486115155623,50.89095973552703,1.226301677404394,2018
BTCUSD,-58.76922481917243,229.73588067946798,8.479345292975106,0.16472827078072655,2018
BTCUSD,-30.234778770533712,158.73077675607294,5.533075907666818,0.27653242117658294,2018
BTCUSD,92.45907018212829,364.0036718731619,128.39616321716758,2.4251004898726767,2018
BTCUSD,72.55270563174552,544.295420734849,105.47288035037427,1.4386307641838143,2018
BTCUSD,-105.80859042207302,513.0310548489022,0.15433194297468206,0.15885476088116957,2018
BTCUSD,-65.67062358206786,335.850198431053,11.028671731541015,0.3198581006589182,2018
BTCUSD,-5.077767031354928,217.39273752079856,19.58701517491509,0.5157916990465015,2019
BTCUSD,-8.191831842281857,181.94582524821115,31.96543209355212,1.079876539097231,2019
BTCUSD,73.93855013733726,327.5922890142056,93.16445714590611,1.7399285263793327,2019
BTCUSD,144.7192734554175,461.1740402725647,144.71927345541752,1.8816240275231035,2019
BTCUSD,80.39248887269196,487.0228612542632,97.68964839484786,1.1449721834168216,2019
BTCUSD,87.47976297887438,580.5087583240862,122.65230920979818,1.179326789029803,2019
BTCUSD,35.60472994337919,634.0211491620308,66.24108540150918,0.46969239680491326,2019
BTCUSD,-119.25270545376175,508.6989832601668,2.0701767726660503,0.19191471354160486,2019
BTCUSD,-96.53270746981605,327.78877499078015,19.713318889741448,0.2861918317988448,2019
BTCUSD,-60.184422262042226,297.77882653613796,47.416710944668495,1.1316294400888334,2019
BTCUSD,-49.4299329746104,427.42260237234905,12.58244267309699,0.32315487101597534,2019
BTCUSD,-24.565001358679474,409.6406926138808,9.840544167986419,0.2804163301192319,2019
BTCUSD,-34.31415996745575,311.26472823652074,55.54115464384324,1.2573831607945356,2019
BTCUSD,39.33194594655462,319.0521393967892,37.35963318075646,0.6596255010644545,2019
BTCUSD,89.78302947100504,286.0495173649481,87.85792316032376,1.8939903691457711,2019
BTCUSD,17.677721957502396,290.88147780916177,10.797941042187967,0.14863647829423837,2020
BTCUSD,28.56234254888625,806.1433285614514,73.87452386239087,0.903319200682592,2020
BTCUSD,61.61138868148191,819.3659103607984,6.606170485908598,0.3620482835468591,2020
BTCUSD,83.10103236753362,436.70258634690003,110.44055869610582,1.4939506774251765,2020
BTCUSD,-12.231836707007195,446.6015202216908,64.56312410159609,0.7934035624762683,2020
BTCUSD,-103.09099128371929,277.40042276269804,9.348625472308974,0.30653214092182424,2020
BTCUSD,7.866907290672014,227.01997088895308,45.52973872869013,1.2281955163745626,2020
BTCUSD,38.053774678876934,272.54184599543186,58.769201114088,1.3094525520528884,2020
BTCUSD,-3.5566224502733763,287.9585543423285,16.86697245918718,0.4738695071498615,2020
BTCUSD,-0.9853050263521571,255.74011572380348,16.811255051725468,0.5101242216839488,2020
BTCUSD,24.00006599129913,196.5773664097426,57.44428520748291,1.8274034975122417,2020
BTCUSD,63.65743504449652,256.9151695713273,99.61725427713982,2.422209682978069,2020
BTCUSD,100.61428204533719,347.07215456095406,100.61428204533718,1.7615933103802772,2020
BTCUSD,109.9495823410276,372.3002466700252,125.83206804484502,2.0615780235617853,2020
BTCUSD,140.8928263091471,439.1697954585406,156.77531201296446,2.161100815108531,2020
BTCUSD,31.857247483868615,500.60771931013073,106.22580954933842,1.2106540506514778,2020
BTCUSD,-4.433937123108189,545.7276707772489,69.93462494236161,0.6596701375817745,2021
BTCUSD,57.99122053193878,496.27294111586275,104.62080153818474,1.209714692327601,2021
BTCUSD,16.493185516431954,338.08713781790846,72.91122809267797,1.2876453840906994,2021
BTCUSD,-15.380515067899724,348.3686460397247,2.706670327584172,0.05793764526910743,2021
BTCUSD,1.5029983123057005,516.0842423229179,116.41275128504088,1.6383963362819642,2021
BTCUSD,30.958231671668077,592.9180507610428,71.05055236115776,0.9693355909690521,2021
BTCUSD,5.136068152853725,506.78367343049007,16.534254104205196,0.05207044904963137,2021
BTCUSD,-38.744393978057026,384.0221897024509,15.783600148236273,0.39031304758719704,2021
BTCUSD,37.85148244731696,332.7340102221562,73.8890139074024,1.3310645774817376,2021
BTCUSD,95.72592134017793,322.3290881446748,95.9951555317895,1.8212571540089653,2021
BTCUSD,-36.32558341958755,366.81408067144673,13.52268287038642,0.35767104019776835,2021
BTCUSD,-28.54921133151477,414.66808048169867,49.49172211755102,0.6403579466056888,2021
BTCUSD,44.618515157810016,332.61312805822257,96.81290812727839,1.7750104795717527,2021
BTCUSD,11.400148635906925,327.06462156943945,11.575612334319192,0.3343108628974095,2021
BTCUSD,45.610234249594,350.41540340439036,66.1763953869156,1.3416140777312233,2021
BTCUSD,30.097280722331046,293.2928407116434,70.29243365701485,1.6540130874496075,2021
BTCUSD,5.526655817026107,271.5090818508006,45.72180875170991,1.1827004117918605,2021
BTCUSD,-29.515517764101325,337.68457721613026,14.994502452563392,0.3953914119219333,2022
BTCUSD,-156.7608427905533,432.35463845202634,7.966709046494049,0.013547515770185896,2022
BTCUSD,-74.57816558507875,378.7845998496465,52.11255171560953,0.7732023389530059,2022
BTCUSD,-6.5389268500283295,245.86692781105577,13.61649009645149,0.28082537864888063,2022
BTCUSD,12.764740429083878,345.75697519829555,87.50567684058603,1.7611753416808449,2022
BTCUSD,27.29997545082288,394.33140200155754,58.545864521505045,1.0931569294701373,2022
BTCUSD,40.49770284123166,450.03259617695664,84.00633217853155,1.3630962634774626,2022
BTCUSD,41.58688391059307,422.3796511434064,77.0554441872813,1.3265405153659022,2022
BTCUSD,6.20061454392923,297.9333670987289,27.444876148391128,0.5037222399848065,2022
BTCUSD,52.99414541151143,317.9965014083635,9.629718288220456,0.2977640954380563,2022
BTCUSD,-19.266857574722653,345.73469504764137,36.205920344649854,0.7915447195620132,2022
BTCUSD,-67.77290086200924,306.8137327306423,3.221284365213834,0.02896653017194733,2022
BTCUSD,-36.787450480590515,185.8693952030373,16.098159565461476,0.5027007963303202,2022
BTCUSD,-10.038797369493105,359.0306758548841,36.033948833722434,0.769727651619381,2022
BTCUSD,10.709682178428974,361.1135722703951,38.11750975335577,0.8041215127990088,2022
BTCUSD,-4.178342528339548,166.50168518165034,6.44448798544446,0.19823775444283726,2022
BTCUSD,57.63914245603285,219.1659974584764,70.30391902864646,2.0041311897012934,2022
BTCUSD,60.4452633077393,233.79446745886125,67.52258561835563,1.7930081859109448,2023
BTCUSD,-56.36011527814645,252.49165611423717,0.09249182901918013,0.07628774992957012,2023
BTCUSD,-47.308568399688816,358.3015426068365,66.08486563585055,1.081694875673138,2023
BTCUSD,12.527984695507458,313.3614355231001,76.8690650742674,1.4877676369423614,2023
BTCUSD,8.455555632921268,215.51300781969124,6.284094540263711,0.1206892500651037,2023
BTCUSD,-1.7606726226251064,210.9855066441196,16.103223259837716,0.5621347860043217,2023
BTCUSD,-0.5474023877062377,200.92246558194842,16.498958574603478,0.5961441913857249,2023
BTCUSD,-5.133388798527328,222.05519880023485,19.4526854963912,0.4977969066446044,2023
BTCUSD,7.094427612593715,180.6063024517712,26.75025944863188,0.902443727900823,2023
BTCUSD,32.09258186310488,162.51945231195674,32.356936013651186,1.34520393489033,2023
BTCUSD,17.53772120524527,187.72453941993015,28.031863078182916,1.0293355061966434,2023
BTCUSD,-0.3964019905588037,173.8319543338331,17.304941892431216,0.5901015715894383,2023
BTCUSD,22.17907367105034,155.56763837268733,36.82025554161269,1.4825680273499544,2023
BTCUSD,69.30568545916921,207.48861109167817,69.30568545916923,2.0945979782679522,2023
BTCUSD,71.69702450270074,250.8226397630964,71.69702450270076,1.7691161978096321,2023
BTCUSD,38.58710512285974,257.3177883536457,38.58710512285974,0.8891773599153516,2023
BTCUSD,11.480831467658684,283.1701310447525,14.065350167974017,0.23189507913397478,2023
BTCUSD,-35.65084661779508,256.7257648649503,0.8907492391296052,0.05923846951735623,2023
BTCUSD,13.699824993034941,184.89819678416848,53.06350416602622,1.7969790128325933,2024
BTCUSD,112.62891755079633,310.9227305834679,118.03551956717828,2.349858575902196,2024
BTCUSD,34.34438961133479,399.6424023372338,77.84488416849454,1.1328463218349596,2024
BTCUSD,-71.28532549680767,326.691245749135,13.75641430884647,0.37655255099412754,2024
BTCUSD,-64.25992690413466,286.91976829096615,6.836940194532769,0.24481862710463692,2024
BTCUSD,-16.55320117268403,265.3301665413262,26.841368906116383,0.5725492980738681,2024
BTCUSD,26.06439474589733,201.79873670447859,11.129950395513967,0.4206657096158481,2024
BTCUSD,47.324476405470016,233.29385658077362,2.4386084042952807,0.1414768032169308,2024
BTCUSD,12.261615797695011,334.86249184552975,10.318920060923011,0.3041932307892944,2024
BTCUSD,-69.65911660272316,324.6230783024328,36.229335116909304,0.8258615152411263,2024
BTCUSD,-63.89570250971927,240.04500016668155,21.79020462552134,0.5120440912934574,2024
BTCUSD,-34.83900330540919,209.38909756081384,24.28397645383506,0.6846417858142203,2024
BTCUSD,-20.802986584164792,196.51713500762284,20.562522972671122,0.6156351437675224,2024
BTCUSD,85.65207828429315,282.57789642133287,110.13893754104757,2.4266187615601487,2024
BTCUSD,104.2737199800968,300.1894477905449,104.2737199800968,2.147970695951909,2024
BTCUSD,-23.430107593913682,237.21181122972175,3.51287061535231,0.02070303553376344,2024
BTCUSD,-40.67734537510784,241.5949976327423,1.353302691272968,0.1129524056512842,2024
BTCUSD,-7.891127326039369,221.47939595309978,3.0740338813390045,0.15994426069920795,2025
BTCUSD,30.697559733894554,299.11548511023847,52.59417178936526,1.2378717529841574,2025
BTCUSD,-1.3627771160012334,326.98636290907547,31.466156169850194,0.7283509028230662,2025
BTCUSD,-88.07507088268466,280.05187279349633,16.661482632904285,0.29764400347585745,2025
BTCUSD,0.37935479522881516,267.786036881204,59.4915268712754,1.3525318584889805,2025
BTCUSD,50.442402799185004,197.3885131190323,53.43087827732066,1.6886586297967376,2025
BTCUSD,4.615323602137579,164.71368243747327,5.968759205308705,0.2869664274271035,2025
BTCUSD,16.72142197234975,170.31366830105762,29.912418372117674,1.083323010652653,2025
BTCUSD,9.708046093235778,145.6934434513584,30.35414329648672,1.302725969744345,2025
BTCUSD,-29.940004160251203,154.17839859093314,10.414954898140763,0.48681209860241287,2025
BTCUSD,-27.794382223806014,166.3283554540519,3.6278704646976916,0.0885456239891303,2025
BTCUSD,1.5728391435973377,152.43639497923579,21.345647924902934,0.858206207121696,2025
BTCUSD,-41.20945985091713,208.22340385111278,0.5611236426665622,0.04923040705600387,2025
BTCUSD,0.9797284393851982,231.62328864210983,61.70093542084095,1.8065155489451679,2025
BTCUSD,53.3726832161023,241.70645706312249,53.37268321610229,1.5121378182308851,2025
BTCUSD,-10.266598633412405,207.46220817375072,14.350490056094921,0.5143304337199451,2025
BTCUSD,-17.636444075177213,147.25356504762658,9.426952349519455,0.3684520505149808,2025
BTCUSD,35.88094538122882,362.58181019690693,46.58188040968105,0.9519075920591533,2025
BTCUSD,45.76796467734918,378.03453706873574,76.67822691681287,1.4416364488074345,2026
BTCUSD,-2.234149459504444,251.96820951305372,5.43855131146023,0.21876071821014773,2026
BTCUSD,-71.34371609738653,244.70696129340482,20.324448384952134,0.46106931111417276,2026
BTCUSD,-57.76977921318475,201.39517248787573,37.11188339656766,1.12897162020752,2026
BTCUSD,3.4672714204753277,166.05126528559015,21.39308949188118,0.7820090861782233,2026
BTCUSD,38.769381766967,203.22222476462122,40.39942222662503,1.3562414694871354,2026
