day,t0,p0,p1,p2,sig,fwd_pips,fwd_log,gross
2021-01-04,2021-01-04 07:00:00,102.989,102.963,103.128,-1.0,16.500000000000625,0.0016012347482845842,-16.500000000000625
2021-01-05,2021-01-05 07:00:00,102.92,102.911,102.789,-1.0,-12.199999999999989,-0.001186193624745391,12.199999999999989
2021-01-06,2021-01-06 07:00:00,102.722,102.7,103.383,-1.0,68.29999999999927,0.00662842156497393,-68.29999999999927
2021-01-07,2021-01-07 07:00:00,103.208,103.296,103.938,1.0,64.19999999999959,0.006195914317429794,64.19999999999959
2021-01-08,2021-01-08 07:00:00,103.913,103.882,103.799,-1.0,-8.29999999999984,-0.0007993028194100427,8.29999999999984
2021-01-12,2021-01-12 07:00:00,104.164,104.131,104.208,-1.0,7.699999999999818,0.0007391799279634487,-7.699999999999818
2021-01-13,2021-01-13 07:00:00,103.681,103.621,103.922,-1.0,30.100000000000193,0.0029006057640001827,-30.100000000000193
2021-01-14,2021-01-14 07:00:00,104.049,104.064,103.841,1.0,-22.299999999999898,-0.0021452113755727528,-22.299999999999898
2021-01-15,2021-01-15 07:00:00,103.771,103.673,103.862,-1.0,18.899999999999295,0.001821380029868994,-18.899999999999295
2021-01-18,2021-01-18 07:00:00,103.72,103.741,103.694,1.0,-4.699999999999704,-0.0004531540078026821,-4.699999999999704
2021-01-20,2021-01-20 07:00:00,103.754,103.749,103.551,-1.0,-19.79999999999933,-0.0019102755447275796,19.79999999999933
2021-01-25,2021-01-25 07:00:00,103.695,103.715,103.772,1.0,5.700000000000216,0.0005494320264297238,5.700000000000216
2021-01-26,2021-01-26 07:00:00,103.72,103.75,103.646,1.0,-10.39999999999992,-0.001002912387097384,-10.39999999999992
2021-01-27,2021-01-27 07:00:00,103.672,103.683,104.098,1.0,41.499999999999204,0.003994595769959786,41.499999999999204
2021-01-29,2021-01-29 07:00:00,104.49,104.534,104.691,1.0,15.699999999999648,0.0015007769575145964,15.699999999999648
2021-02-01,2021-02-01 07:00:00,104.667,104.727,104.957,1.0,22.999999999998977,0.002193778182814964,22.999999999998977
2021-02-02,2021-02-02 07:00:00,104.994,105.007,105.104,1.0,9.69999999999942,0.0009233215480505213,9.69999999999942
2021-02-04,2021-02-04 07:00:00,105.197,105.239,105.417,1.0,17.799999999999727,0.0016899593874700378,17.799999999999727
2021-02-09,2021-02-09 07:00:00,104.845,104.788,104.576,-1.0,-21.20000000000033,-0.002025181716602405,21.20000000000033
2021-02-10,2021-02-10 07:00:00,104.567,104.535,104.662,-1.0,12.700000000000955,0.001214166700306073,-12.700000000000955
2021-02-11,2021-02-11 07:00:00,104.552,104.563,104.728,1.0,16.499999999999204,0.0015767523131383202,16.499999999999204
2021-02-12,2021-02-12 07:00:00,104.793,104.855,104.961,1.0,10.599999999999454,0.0010104092063349143,10.599999999999454
2021-02-15,2021-02-15 07:00:00,105.111,105.126,105.355,1.0,22.89999999999992,0.0021759692357654066,22.89999999999992
2021-02-16,2021-02-16 07:00:00,105.489,105.54,105.692,1.0,15.199999999998681,0.0014391761308471156,15.199999999998681
2021-02-19,2021-02-19 07:00:00,105.657,105.651,105.625,-1.0,-2.599999999999625,-0.00024612355526658635,2.599999999999625
2021-02-22,2021-02-22 07:00:00,105.665,105.742,105.072,1.0,-67.00000000000017,-0.006356335497952682,-67.00000000000017
2021-02-23,2021-02-23 07:00:00,105.086,105.168,105.116,1.0,-5.200000000000671,-0.0004945692592868335,-5.200000000000671
2021-02-24,2021-02-24 07:00:00,105.476,105.497,105.943,1.0,44.599999999999795,0.00421869713838475,44.599999999999795
2021-02-25,2021-02-25 07:00:00,105.909,105.974,106.251,1.0,27.700000000000102,0.0026104385185420544,27.700000000000102
2021-02-26,2021-02-26 07:00:00,106.156,106.058,106.55,-1.0,49.19999999999902,0.004628244264055063,-49.19999999999902
2021-03-02,2021-03-02 07:00:00,106.828,106.866,106.724,1.0,-14.19999999999959,-0.001329650460423967,-14.19999999999959
2021-03-04,2021-03-04 07:00:00,107.124,107.153,107.596,1.0,44.299999999999784,0.004125752654393987,44.299999999999784
2021-03-05,2021-03-05 07:00:00,108.284,108.239,108.26,-1.0,2.1000000000000796,0.00019399627772752735,-2.1000000000000796
2021-03-08,2021-03-08 07:00:00,108.419,108.451,108.843,1.0,39.20000000000101,0.00360801886152453,39.20000000000101
2021-03-09,2021-03-09 07:00:00,109.138,109.026,108.778,-1.0,-24.799999999999045,-0.00227727780185111,24.799999999999045
2021-03-10,2021-03-10 07:00:00,108.791,108.819,108.627,1.0,-19.200000000000728,-0.0017659561444922198,-19.200000000000728
2021-03-11,2021-03-11 07:00:00,108.771,108.644,108.496,-1.0,-14.800000000001035,-0.001363176042354391,14.800000000001035
2021-03-12,2021-03-12 07:00:00,108.86,108.985,108.983,1.0,-0.19999999999953388,-1.8351317625046664e-05,-0.19999999999953388
2021-03-15,2021-03-15 07:00:00,109.249,109.246,109.13,-1.0,-11.599999999999966,-0.0010623879081075943,11.599999999999966
2021-03-16,2021-03-16 07:00:00,109.165,109.229,109.008,1.0,-22.100000000000364,-0.002025321788183021,-22.100000000000364
2021-03-17,2021-03-17 07:00:00,109.107,109.161,109.217,1.0,5.5999999999997385,0.0005128721870106432,5.5999999999997385
2021-03-18,2021-03-18 07:00:00,108.856,109.1,108.966,1.0,-13.400000000000034,-0.0012289858746086719,-13.400000000000034
2021-03-19,2021-03-19 07:00:00,108.785,108.822,108.849,1.0,2.7000000000001023,0.000248080820490311,2.7000000000001023
2021-03-22,2021-03-22 07:00:00,108.762,108.691,108.668,-1.0,-2.2999999999996135,-0.00021163144922304775,2.2999999999996135
2021-03-23,2021-03-23 07:00:00,108.695,108.73,108.606,1.0,-12.400000000000944,-0.001141090417187286,-12.400000000000944
2021-03-24,2021-03-24 07:00:00,108.532,108.625,108.817,1.0,19.199999999999307,0.0017659886305263254,19.199999999999307
2021-03-26,2021-03-26 07:00:00,109.262,109.249,109.558,-1.0,30.90000000000117,0.002824408774994046,-30.90000000000117
2021-03-29,2021-03-29 06:00:00,109.483,109.535,109.766,1.0,23.100000000000875,0.0021066943190828627,23.100000000000875
2021-03-30,2021-03-30 06:00:00,109.983,110.044,110.319,1.0,27.50000000000057,0.0024958830906987553,27.50000000000057
2021-03-31,2021-03-31 06:00:00,110.844,110.733,110.517,-1.0,-21.60000000000082,-0.0019525429932080842,21.60000000000082
2021-04-01,2021-04-01 06:00:00,110.75,110.793,110.606,1.0,-18.700000000001182,-0.001689258257431279,-18.700000000001182
2021-04-02,2021-04-02 06:00:00,110.536,110.433,110.669,-1.0,23.599999999999,0.0021347621425866817,-23.599999999999
2021-04-05,2021-04-05 06:00:00,110.673,110.664,110.127,-1.0,-53.700000000000614,-0.004864338300606093,53.700000000000614
2021-04-06,2021-04-06 06:00:00,110.166,110.228,109.751,1.0,-47.699999999998965,-0.004336784398563339,-47.699999999998965
2021-04-07,2021-04-07 06:00:00,109.765,109.778,109.62,1.0,-15.800000000000125,-0.0014403050831271731,-15.800000000000125
2021-04-08,2021-04-08 06:00:00,109.681,109.653,109.239,-1.0,-41.40000000000015,-0.0037826918631290764,41.40000000000015
2021-04-09,2021-04-09 06:00:00,109.386,109.468,109.595,1.0,12.699999999999534,0.0011594839313645508,12.699999999999534
2021-04-12,2021-04-12 06:00:00,109.539,109.606,109.395,1.0,-21.099999999999852,-0.0019269324367296938,-21.099999999999852
2021-04-13,2021-04-13 06:00:00,109.686,109.598,109.196,-1.0,-40.2000000000001,-0.0036746935689543126,40.2000000000001
2021-04-15,2021-04-15 06:00:00,108.911,108.913,108.724,1.0,-18.899999999999295,-0.0017368374634047124,-18.899999999999295
2021-04-16,2021-04-16 06:00:00,108.809,108.883,108.807,1.0,-7.599999999999341,-0.0006982406457599569,-7.599999999999341
2021-04-19,2021-04-19 06:00:00,108.517,108.548,108.03,1.0,-51.80000000000007,-0.004783505136587308,-51.80000000000007
2021-04-20,2021-04-20 06:00:00,108.194,108.289,108.126,1.0,-16.29999999999967,-0.0015063653704450483,-16.29999999999967
2021-04-21,2021-04-21 06:00:00,108.0,108.037,108.161,1.0,12.399999999999523,0.001147096768674229,12.399999999999523
2021-04-23,2021-04-23 06:00:00,107.889,107.952,108.084,1.0,13.2000000000005,0.0012220187045365754,13.2000000000005
2021-04-26,2021-04-26 06:00:00,107.796,107.786,108.079,-1.0,29.299999999999216,0.002714661292342896,-29.299999999999216
2021-04-27,2021-04-27 06:00:00,108.215,108.216,108.463,1.0,24.69999999999999,0.0022798712103000943,24.69999999999999
2021-04-28,2021-04-28 06:00:00,108.868,108.968,108.894,1.0,-7.399999999999807,-0.0006793291427219646,-7.399999999999807
2021-04-29,2021-04-29 06:00:00,108.619,108.726,108.957,1.0,23.099999999999454,0.0021223530244378177,23.099999999999454
2021-04-30,2021-04-30 06:00:00,108.834,108.808,109.286,-1.0,47.79999999999944,0.004383438016437591,-47.79999999999944
2021-05-03,2021-05-03 06:00:00,109.63,109.556,108.932,-1.0,-62.39999999999952,-0.0057119997125699715,62.39999999999952
2021-05-04,2021-05-04 06:00:00,109.3,109.331,109.196,1.0,-13.500000000000512,-0.0012355454216087245,-13.500000000000512
2021-05-05,2021-05-05 06:00:00,109.37,109.436,109.211,1.0,-22.500000000000853,-0.002058112660331718,-22.500000000000853
2021-05-06,2021-05-06 06:00:00,109.335,109.35,109.078,1.0,-27.199999999999136,-0.002490524480330278,-27.199999999999136
2021-05-07,2021-05-07 06:00:00,109.111,109.168,108.565,1.0,-60.300000000000864,-0.005538908127332683,-60.300000000000864
2021-05-10,2021-05-10 06:00:00,108.823,108.856,108.726,1.0,-12.999999999999545,-0.0011949519304815623,-12.999999999999545
2021-05-11,2021-05-11 06:00:00,108.858,108.895,108.497,1.0,-39.79999999999961,-0.0036615923739049794,-39.79999999999961
2021-05-12,2021-05-12 06:00:00,108.852,108.816,109.372,-1.0,55.59999999999974,0.005096533296896831,-55.59999999999974
2021-05-13,2021-05-13 06:00:00,109.708,109.617,109.576,-1.0,-4.100000000001103,-0.00037409954221330575,4.100000000001103
2021-05-14,2021-05-14 06:00:00,109.501,109.432,109.422,-1.0,-1.0000000000005116,-9.13851243931084e-05,1.0000000000005116
2021-05-17,2021-05-17 06:00:00,109.335,109.237,109.187,-1.0,-4.999999999999716,-0.00045782515541653454,4.999999999999716
2021-05-18,2021-05-18 06:00:00,109.144,109.08,108.887,-1.0,-19.299999999999784,-0.001770910738224941,19.299999999999784
2021-05-19,2021-05-19 06:00:00,108.944,108.96,108.599,1.0,-36.099999999999,-0.003318643046892724,-36.099999999999
2021-05-20,2021-05-20 06:00:00,109.143,109.114,108.855,-1.0,-25.900000000000034,-0.002376485847949557,25.900000000000034
2021-05-21,2021-05-21 06:00:00,108.743,108.747,108.958,1.0,21.099999999999852,0.0019384034915849104,21.099999999999852
2021-05-24,2021-05-24 06:00:00,108.792,108.755,108.737,-1.0,-1.8000000000000682,-0.00016552332997169178,1.8000000000000682
2021-05-25,2021-05-25 06:00:00,108.747,108.732,108.924,-1.0,19.200000000000728,0.0017642523045667256,-19.200000000000728
2021-05-26,2021-05-26 06:00:00,108.797,108.846,109.043,1.0,19.700000000000273,0.0018082606618905533,19.700000000000273
2021-05-27,2021-05-27 06:00:00,109.073,109.129,109.717,1.0,58.799999999999386,0.005373654669780325,58.799999999999386
2021-05-28,2021-05-28 06:00:00,109.902,109.869,109.974,-1.0,10.500000000000398,0.0009552272120013821,-10.500000000000398
2021-05-31,2021-05-31 06:00:00,109.74,109.733,109.393,-1.0,-34.00000000000034,-0.003103239897161724,34.00000000000034
2021-06-01,2021-06-01 06:00:00,109.469,109.424,109.392,-1.0,-3.2000000000010687,-0.00029248318430214485,3.2000000000010687
2021-06-03,2021-06-03 06:00:00,109.766,109.803,110.168,1.0,36.50000000000091,0.0033186223182731546,36.50000000000091
2021-06-04,2021-06-04 06:00:00,110.274,110.257,109.513,-1.0,-74.39999999999998,-0.006770740704003856,74.39999999999998
2021-06-07,2021-06-07 06:00:00,109.523,109.489,109.277,-1.0,-21.20000000000033,-0.0019381445596037908,21.20000000000033
2021-06-08,2021-06-08 06:00:00,109.475,109.449,109.435,-1.0,-1.3999999999995794,-0.00012792163903336152,1.3999999999995794
2021-06-09,2021-06-09 06:00:00,109.469,109.471,109.595,1.0,12.399999999999523,0.0011320790377623486,12.399999999999523
2021-06-10,2021-06-10 06:00:00,109.55,109.492,109.606,-1.0,11.399999999999011,0.0010406303141758612,-11.399999999999011
2021-06-11,2021-06-11 06:00:00,109.414,109.404,109.763,-1.0,35.90000000000089,0.0032760435748030742,-35.90000000000089
2021-06-14,2021-06-14 06:00:00,109.746,109.695,109.984,-1.0,28.900000000000148,0.0026311132763992802,-28.900000000000148
2021-06-15,2021-06-15 06:00:00,110.035,110.067,110.078,1.0,1.100000000000989,9.993413440371973e-05,1.100000000000989
2021-06-16,2021-06-16 06:00:00,110.073,110.126,109.947,1.0,-17.900000000000205,-0.0016267333064337818,-17.900000000000205
2021-06-17,2021-06-17 06:00:00,110.642,110.712,110.235,1.0,-47.70000000000039,-0.004317784274684844,-47.70000000000039
2021-06-28,2021-06-28 06:00:00,110.653,110.679,110.629,1.0,-4.999999999999716,-0.0004518589553991118,-4.999999999999716
2021-06-29,2021-06-29 06:00:00,110.553,110.61,110.493,1.0,-11.700000000000443,-0.0010583303792405768,-11.700000000000443
2021-06-30,2021-06-30 06:00:00,110.499,110.494,110.974,-1.0,48.0000000000004,0.004334718799928227,-48.0000000000004
2021-07-01,2021-07-01 06:00:00,111.119,111.162,111.534,1.0,37.19999999999999,0.003340880357131395,37.19999999999999
2021-07-02,2021-07-02 06:00:00,111.607,111.589,111.31,-1.0,-27.899999999999636,-0.0025033772758546176,27.899999999999636
2021-07-05,2021-07-05 06:00:00,111.139,111.086,110.941,-1.0,-14.499999999999602,-0.0013061476362282321,14.499999999999602
2021-07-06,2021-07-06 06:00:00,110.817,110.814,110.567,-1.0,-24.69999999999999,-0.0022314480690919826,24.69999999999999
2021-07-07,2021-07-07 06:00:00,110.595,110.68,110.659,1.0,-2.1000000000000796,-0.00018975417854976518,-2.1000000000000796
2021-07-08,2021-07-08 06:00:00,110.278,110.261,109.571,-1.0,-68.99999999999977,-0.006277541631167613,68.99999999999977
2021-07-09,2021-07-09 06:00:00,110.009,110.075,110.141,1.0,6.60000000000025,0.000599411504850859,6.60000000000025
2021-07-12,2021-07-12 06:00:00,110.171,110.16,110.283,-1.0,12.300000000000466,0.0011159348472344242,-12.300000000000466
2021-07-13,2021-07-13 06:00:00,110.372,110.361,110.316,-1.0,-4.5000000000001705,-0.000407835892492132,4.5000000000001705
2021-07-14,2021-07-14 06:00:00,110.503,110.475,110.085,-1.0,-39.00000000000006,-0.0035364563516678267,39.00000000000006
2021-07-15,2021-07-15 06:00:00,109.838,109.802,110.03,-1.0,22.799999999999443,0.002074312036033143,-22.799999999999443
2021-07-16,2021-07-16 06:00:00,109.987,109.988,110.104,1.0,11.599999999999966,0.0010541047447521748,11.599999999999966
2021-07-19,2021-07-19 06:00:00,109.944,109.967,109.355,1.0,-61.19999999999948,-0.005580849968898457,-61.19999999999948
2021-07-20,2021-07-20 06:00:00,109.491,109.517,109.924,1.0,40.70000000000107,0.00370942956593121,40.70000000000107
2021-07-21,2021-07-21 06:00:00,109.904,109.821,110.314,-1.0,49.2999999999995,0.004479077150103204,-49.2999999999995
2021-07-22,2021-07-22 06:00:00,110.167,110.128,110.14,-1.0,1.2000000000000455,0.00010895817832700286,-1.2000000000000455
2021-07-23,2021-07-23 06:00:00,110.269,110.27,110.565,1.0,29.50000000000017,0.0026716795387747056,29.50000000000017
2021-07-26,2021-07-26 06:00:00,110.317,110.312,110.288,-1.0,-2.400000000000091,-0.00021758839614404392,2.400000000000091
2021-08-02,2021-08-02 06:00:00,109.674,109.629,109.268,-1.0,-36.10000000000042,-0.003298357924334168,36.10000000000042
2021-08-03,2021-08-03 06:00:00,109.172,109.114,108.95,-1.0,-16.400000000000148,-0.0015041458555306653,16.400000000000148
2021-08-04,2021-08-04 06:00:00,109.053,109.112,109.563,1.0,45.10000000000076,0.0041248486517141926,45.10000000000076
2021-08-05,2021-08-05 06:00:00,109.66,109.663,109.7,1.0,3.700000000000614,0.0003373403933287886,3.700000000000614
2021-08-06,2021-08-06 06:00:00,109.815,109.844,110.321,1.0,47.70000000000039,0.004333120580865717,47.70000000000039
2021-08-11,2021-08-11 06:00:00,110.685,110.741,110.464,1.0,-27.700000000000102,-0.0025044654938782985,-27.700000000000102
2021-08-16,2021-08-16 06:00:00,109.421,109.359,109.137,-1.0,-22.19999999999942,-0.00203207451296625,22.19999999999942
2021-08-17,2021-08-17 06:00:00,109.341,109.324,109.593,-1.0,26.900000000000546,0.0024575536425862536,-26.900000000000546
2021-08-18,2021-08-18 06:00:00,109.604,109.599,109.884,-1.0,28.49999999999966,0.0025970135288961088,-28.49999999999966
2021-08-19,2021-08-19 06:00:00,110.134,109.979,109.72,-1.0,-25.900000000000034,-0.002357772406644555,25.900000000000034
2021-08-20,2021-08-20 06:00:00,109.693,109.7,109.802,1.0,10.200000000000387,0.0009293765646034911,10.200000000000387
2021-08-25,2021-08-25 06:00:00,109.709,109.696,110.093,-1.0,39.70000000000056,0.0036125596072307795,-39.70000000000056
2021-08-30,2021-08-30 06:00:00,109.751,109.766,109.891,1.0,12.5,0.001138138219982222,12.5
2021-08-31,2021-08-31 06:00:00,109.809,109.822,109.856,1.0,3.3999999999991815,0.0003095439713714223,3.3999999999991815
2021-09-01,2021-09-01 06:00:00,110.22,110.208,110.015,-1.0,-19.299999999999784,-0.0017527692331065139,19.299999999999784
2021-09-03,2021-09-03 06:00:00,110.005,110.028,109.658,1.0,-37.000000000000455,-0.003368447236951022,-37.000000000000455
2021-09-06,2021-09-06 06:00:00,109.781,109.788,109.847,1.0,5.89999999999975,0.0005372550041584231,5.89999999999975
2021-09-07,2021-09-07 06:00:00,109.827,109.894,110.215,1.0,32.099999999999795,0.0029167387755338315,32.099999999999795
2021-09-08,2021-09-08 06:00:00,110.399,110.421,110.312,1.0,-10.900000000000887,-0.000987618605825231,-10.900000000000887
2021-09-09,2021-09-09 06:00:00,110.123,110.094,109.824,-1.0,-26.999999999999602,-0.0024554619054291443,26.999999999999602
2021-09-10,2021-09-10 06:00:00,109.906,109.905,109.835,-1.0,-7.000000000000739,-0.0006371166138878687,7.000000000000739
2021-09-13,2021-09-13 06:00:00,110.034,110.092,109.926,1.0,-16.59999999999968,-0.0015089677344423188,-16.59999999999968
2021-09-17,2021-09-17 06:00:00,109.88,109.868,109.969,-1.0,10.099999999999909,0.0009188626764946,-10.099999999999909
2021-09-20,2021-09-20 06:00:00,109.905,109.845,109.516,-1.0,-32.89999999999935,-0.0029996238774265814,32.89999999999935
2021-09-21,2021-09-21 06:00:00,109.516,109.569,109.211,1.0,-35.80000000000041,-0.0032726969515606396,-35.80000000000041
2021-09-22,2021-09-22 06:00:00,109.518,109.53,109.615,1.0,8.499999999999375,0.0007757421274733661,8.499999999999375
2021-09-23,2021-09-23 06:00:00,109.837,109.877,110.124,1.0,24.69999999999999,0.0022454452823547537,24.69999999999999
2021-09-24,2021-09-24 06:00:00,110.475,110.514,110.717,1.0,20.300000000000296,0.0018351863615298071,20.300000000000296
2021-09-27,2021-09-27 06:00:00,110.629,110.698,110.983,1.0,28.50000000000108,0.0025712637259907253,28.50000000000108
2021-09-28,2021-09-28 06:00:00,111.214,111.309,111.45,1.0,14.100000000000534,0.0012659422858844372,14.100000000000534
2021-09-29,2021-09-29 06:00:00,111.488,111.412,111.912,-1.0,50.0,0.004477806554133982,-50.0
2021-09-30,2021-09-30 06:00:00,111.852,111.911,111.577,1.0,-33.40000000000032,-0.0029889770248291187,-33.40000000000032
2021-10-01,2021-10-01 06:00:00,111.188,111.138,110.956,-1.0,-18.200000000000216,-0.001638946038522882,18.200000000000216
2021-10-04,2021-10-04 06:00:00,111.062,111.011,110.883,-1.0,-12.800000000000011,-0.0011537041488069385,12.800000000000011
2021-10-05,2021-10-05 06:00:00,111.187,111.181,111.543,-1.0,36.2000000000009,0.0032506628721229182,-36.2000000000009
2021-10-06,2021-10-06 06:00:00,111.768,111.757,111.248,-1.0,-50.900000000000034,-0.00456492799625357,50.900000000000034
2021-10-07,2021-10-07 06:00:00,111.479,111.457,111.519,-1.0,6.200000000001182,0.0005561136767890791,-6.200000000001182
2021-10-08,2021-10-08 06:00:00,111.917,111.893,112.034,-1.0,14.100000000000534,0.001259339147443089,-14.100000000000534
2021-10-12,2021-10-12 06:00:00,113.31,113.135,113.614,-1.0,47.89999999999992,0.004224942227024246,-47.89999999999992
2021-10-14,2021-10-14 06:00:00,113.532,113.525,113.695,-1.0,16.99999999999875,0.0014963474317395463,-16.99999999999875
2021-10-18,2021-10-18 06:00:00,114.323,114.275,114.24,-1.0,-3.50000000000108,-0.00030632562653394265,3.50000000000108
2021-10-19,2021-10-19 06:00:00,114.11,114.059,114.26,-1.0,20.10000000000076,0.0017606949218048808,-20.10000000000076
2021-10-20,2021-10-20 06:00:00,114.562,114.505,114.298,-1.0,-20.699999999999363,-0.0018094173282373256,20.699999999999363
2021-10-21,2021-10-21 06:00:00,114.02,114.016,113.873,-1.0,-14.300000000000068,-0.001254997114989865,14.300000000000068
2021-10-22,2021-10-22 06:00:00,114.008,113.967,113.585,-1.0,-38.2000000000005,-0.0033574774895068276,38.2000000000005
2021-10-25,2021-10-25 06:00:00,113.597,113.605,113.616,1.0,1.099999999999568,9.682203677119784e-05,1.099999999999568
2021-10-26,2021-10-26 06:00:00,113.977,113.909,114.25,-1.0,34.0999999999994,0.002989145761531691,-34.0999999999994
2021-10-27,2021-10-27 06:00:00,114.093,114.021,113.726,-1.0,-29.50000000000017,-0.002590595397377467,29.50000000000017
2021-10-28,2021-10-28 06:00:00,113.576,113.536,113.394,-1.0,-14.19999999999959,-0.0012514874061041023,14.19999999999959
2021-10-29,2021-10-29 06:00:00,113.667,113.542,114.03,-1.0,48.799999999999955,0.004288759144361159,-48.799999999999955
2021-11-01,2021-11-01 07:00:00,114.352,114.348,114.2,-1.0,-14.799999999999613,-0.0012951329321416506,14.799999999999613
2021-11-02,2021-11-02 07:00:00,113.665,113.667,113.796,1.0,12.900000000000489,0.0011342505271638651,12.900000000000489
2021-11-08,2021-11-08 07:00:00,113.591,113.565,113.19,-1.0,-37.5,-0.0033075375790509046,37.5
2021-11-09,2021-11-09 07:00:00,112.897,112.83,112.917,-1.0,8.70000000000033,0.0007707744006092918,-8.70000000000033
2021-11-12,2021-11-12 07:00:00,114.219,114.205,113.941,-1.0,-26.39999999999958,-0.00231430853780049,26.39999999999958
2021-11-15,2021-11-15 07:00:00,113.946,113.969,113.964,1.0,-0.49999999999954525,-4.3872541499438194e-05,-0.49999999999954525
2021-11-16,2021-11-16 07:00:00,114.192,114.241,114.577,1.0,33.59999999999985,0.0029368340034420367,33.59999999999985
2021-11-17,2021-11-17 07:00:00,114.865,114.88,114.525,1.0,-35.49999999999898,-0.003094965527108085,-35.49999999999898
2021-11-18,2021-11-18 07:00:00,114.173,114.086,114.28,-1.0,19.40000000000026,0.0016990274092310944,-19.40000000000026
2021-11-19,2021-11-19 07:00:00,114.303,114.321,113.867,1.0,-45.39999999999935,-0.003979180316652439,-45.39999999999935
2021-11-22,2021-11-22 07:00:00,114.187,114.247,114.736,1.0,48.90000000000043,0.004271065916347061,48.90000000000043
2021-11-23,2021-11-23 07:00:00,115.072,114.665,114.972,-1.0,30.699999999998795,0.0026737867408012906,-30.699999999998795
2021-11-24,2021-11-24 07:00:00,114.926,114.91,115.44,-1.0,53.000000000000114,0.004601701196073143,-53.000000000000114
2021-11-26,2021-11-26 07:00:00,114.576,114.407,113.178,-1.0,-122.89999999999992,-0.010800465293284888,122.89999999999992
2021-11-30,2021-11-30 07:00:00,113.193,113.138,113.523,-1.0,38.49999999999909,0.003397147019214458,-38.49999999999909
2021-12-07,2021-12-07 07:00:00,113.704,113.699,113.659,-1.0,-3.999999999999204,-0.0003518679827645774,3.999999999999204
2021-12-08,2021-12-08 07:00:00,113.495,113.355,113.88,-1.0,52.49999999999915,0.0046207752690437965,-52.49999999999915
2021-12-09,2021-12-09 07:00:00,113.66,113.491,113.439,-1.0,-5.200000000000671,-0.0004582911110046552,5.200000000000671
2021-12-10,2021-12-10 07:00:00,113.548,113.592,113.424,1.0,-16.799999999999216,-0.0014800721593947264,-16.799999999999216
2021-12-13,2021-12-13 07:00:00,113.551,113.524,113.571,-1.0,4.699999999999704,0.0004139236942340499,-4.699999999999704
2021-12-14,2021-12-14 07:00:00,113.63,113.646,113.723,1.0,7.699999999999818,0.0006773131160681717,7.699999999999818
2021-12-15,2021-12-15 07:00:00,113.674,113.687,113.84,1.0,15.30000000000058,0.001344895533817904,15.30000000000058
2021-12-16,2021-12-16 07:00:00,114.162,114.118,113.746,-1.0,-37.19999999999999,-0.003265108402282549,37.19999999999999
2021-12-17,2021-12-17 07:00:00,113.546,113.608,113.633,1.0,2.4999999999991473,0.00022003071717566488,2.4999999999991473
2021-12-20,2021-12-20 07:00:00,113.428,113.377,113.406,-1.0,2.9000000000010573,0.00025575109384813843,-2.9000000000010573
2021-12-21,2021-12-21 07:00:00,113.74,113.766,114.081,1.0,31.499999999999773,0.002765015125845995,31.499999999999773
2021-12-22,2021-12-22 07:00:00,114.158,114.141,114.311,-1.0,17.00000000000017,0.0014882778997667065,-17.00000000000017
2021-12-24,2021-12-24 07:00:00,114.385,114.386,114.384,1.0,-0.19999999999953388,-1.748481007169656e-05,-0.19999999999953388
2021-12-27,2021-12-27 07:00:00,114.469,114.477,114.885,1.0,40.800000000000125,0.00355769857557374,40.800000000000125
2021-12-28,2021-12-28 07:00:00,114.908,114.864,114.766,-1.0,-9.799999999999898,-0.0008535470622284284,9.799999999999898
2021-12-29,2021-12-29 07:00:00,114.92,114.9,114.936,-1.0,3.6000000000001364,0.00031326685370786013,-3.6000000000001364
2021-12-30,2021-12-30 07:00:00,115.183,115.193,115.15,1.0,-4.299999999999216,-0.00037335626000784965,-4.299999999999216
2021-12-31,2021-12-31 07:00:00,115.115,115.123,115.145,1.0,2.199999999999136,0.00019108169669200686,2.199999999999136
2022-01-03,2022-01-03 07:00:00,115.334,115.327,115.293,-1.0,-3.3999999999991815,-0.0002948573432167531,3.3999999999991815
2022-01-04,2022-01-04 07:00:00,115.8,115.707,116.139,-1.0,43.200000000000216,0.0037266159429611514,-43.200000000000216
2022-01-05,2022-01-05 07:00:00,115.983,115.962,115.783,-1.0,-17.900000000000205,-0.0015448017052995552,17.900000000000205
2022-01-06,2022-01-06 07:00:00,115.883,115.942,115.746,1.0,-19.599999999999795,-0.0016919309308750551,-19.599999999999795
2022-01-07,2022-01-07 07:00:00,115.937,115.924,115.636,-1.0,-28.80000000000109,-0.0024874775306707535,28.80000000000109
2022-01-10,2022-01-10 07:00:00,115.775,115.769,115.113,-1.0,-65.60000000000059,-0.005682571748983216,65.60000000000059
2022-01-11,2022-01-11 07:00:00,115.221,115.226,115.464,1.0,23.799999999999955,0.002063375824186633,23.799999999999955
2022-01-12,2022-01-12 07:00:00,115.335,115.377,114.847,1.0,-53.000000000000114,-0.00460421968414866,-53.000000000000114
2022-01-13,2022-01-13 07:00:00,114.621,114.532,114.119,-1.0,-41.29999999999967,-0.0036124963297065518,41.29999999999967
2022-01-14,2022-01-14 07:00:00,113.782,113.769,113.791,-1.0,2.199999999999136,0.0001933555991257803,-2.199999999999136
2022-01-17,2022-01-17 07:00:00,114.508,114.488,114.61,-1.0,12.199999999999989,0.0010650465000331625,-12.199999999999989
2022-01-18,2022-01-18 07:00:00,114.87,114.93,114.547,1.0,-38.30000000000098,-0.0033380282610393015,-38.30000000000098
2022-01-19,2022-01-19 07:00:00,114.258,114.346,114.347,1.0,0.0999999999990564,8.745348567612033e-06,0.0999999999990564
2022-01-20,2022-01-20 07:00:00,114.443,114.429,113.983,-1.0,-44.599999999999795,-0.0039052288568176535,44.599999999999795
2022-01-21,2022-01-21 07:00:00,113.833,113.845,113.667,1.0,-17.799999999999727,-0.0015647529477012053,-17.799999999999727
2022-01-24,2022-01-24 07:00:00,113.793,113.719,113.936,-1.0,21.700000000001296,0.0019063940235966284,-21.700000000001296
2022-01-25,2022-01-25 07:00:00,113.865,113.788,113.949,-1.0,16.100000000000136,0.0014139118968097646,-16.100000000000136
2022-01-26,2022-01-26 07:00:00,113.967,113.931,114.32,-1.0,38.89999999999958,0.0034085316307012935,-38.89999999999958
2022-01-27,2022-01-27 07:00:00,114.666,114.727,115.439,1.0,71.19999999999891,0.006186858798551399,71.19999999999891
2022-01-28,2022-01-28 07:00:00,115.478,115.638,115.187,1.0,-45.10000000000076,-0.003907727273127697,-45.10000000000076
2022-02-01,2022-02-01 07:00:00,115.042,115.012,114.795,-1.0,-21.699999999999875,-0.001888541815487218,21.699999999999875
2022-02-02,2022-02-02 07:00:00,114.704,114.625,114.377,-1.0,-24.800000000000466,-0.002165920795030049,24.800000000000466
2022-02-03,2022-02-03 07:00:00,114.543,114.59,114.889,1.0,29.89999999999924,0.002605904411318816,29.89999999999924
2022-02-04,2022-02-04 07:00:00,114.989,114.99,115.27,1.0,28.000000000000114,0.0024320345523477587,28.000000000000114
2022-02-07,2022-02-07 07:00:00,115.343,115.228,115.056,-1.0,-17.199999999999704,-0.0014938079239920096,17.199999999999704
2022-02-08,2022-02-08 07:00:00,115.484,115.528,115.592,1.0,6.399999999999295,0.0005538248670459725,6.399999999999295
2022-02-09,2022-02-09 07:00:00,115.516,115.478,115.456,-1.0,-2.199999999999136,-0.000190530628374731,2.199999999999136
2022-02-10,2022-02-10 07:00:00,115.669,115.661,115.952,-1.0,29.09999999999968,0.002512813642758494,-29.09999999999968
2022-02-11,2022-02-11 07:00:00,116.045,116.051,115.879,1.0,-17.199999999999704,-0.001483206411692479,-17.199999999999704
2022-02-14,2022-02-14 07:00:00,115.348,115.394,115.584,1.0,18.999999999999773,0.0016451786997436115,18.999999999999773
2022-02-15,2022-02-15 07:00:00,115.295,115.306,115.745,1.0,43.900000000000716,0.0038000314066758997,43.900000000000716
2022-02-16,2022-02-16 07:00:00,115.639,115.666,115.433,1.0,-23.299999999998988,-0.002016452506931848,-23.299999999998988
2022-02-17,2022-02-17 07:00:00,115.288,115.275,114.964,-1.0,-31.100000000000705,-0.0027015422161178596,31.100000000000705
2022-02-18,2022-02-18 07:00:00,115.17,115.109,115.15,-1.0,4.100000000001103,0.00035612072000064,-4.100000000001103
2022-02-22,2022-02-22 07:00:00,114.68,114.641,115.052,-1.0,41.100000000000136,0.0035786936357773214,-41.100000000000136
2022-02-23,2022-02-23 07:00:00,115.058,115.074,115.034,1.0,-3.999999999999204,-0.0003476628400828079,-3.999999999999204
2022-02-24,2022-02-24 07:00:00,114.427,114.494,115.603,1.0,110.89999999999947,0.00963948758408473,110.89999999999947
2022-02-25,2022-02-25 07:00:00,115.234,115.308,115.572,1.0,26.39999999999958,0.0022869032835965046,26.39999999999958
2022-02-28,2022-02-28 07:00:00,115.539,115.501,115.162,-1.0,-33.899999999999864,-0.0029393551984892674,33.899999999999864
2022-03-01,2022-03-01 07:00:00,115.054,115.046,114.803,-1.0,-24.30000000000092,-0.002114432436375148,24.30000000000092
2022-03-02,2022-03-02 07:00:00,115.147,115.111,115.565,-1.0,45.39999999999935,0.003936261996874542,-45.39999999999935
2022-03-03,2022-03-03 07:00:00,115.698,115.717,115.638,1.0,-7.899999999999352,-0.0006829331812189026,-7.899999999999352
2022-03-04,2022-03-04 07:00:00,115.491,115.505,114.823,1.0,-68.20000000000022,-0.005922006817696494,-68.20000000000022
2022-03-07,2022-03-07 07:00:00,114.971,115.079,115.385,1.0,30.60000000000116,0.0026555139181799517,30.60000000000116
2022-03-08,2022-03-08 07:00:00,115.477,115.406,115.586,-1.0,17.99999999999926,0.001558495847766497,-17.99999999999926
2022-03-09,2022-03-09 07:00:00,115.773,115.816,115.812,1.0,-0.40000000000048885,-3.453813874317989e-05,-0.40000000000048885
2022-03-11,2022-03-11 07:00:00,116.717,116.781,116.993,1.0,21.19999999999891,0.001813718019247488,21.19999999999891
2022-03-14,2022-03-14 07:00:00,117.816,117.777,117.999,-1.0,22.19999999999942,0.001883143878980512,-22.19999999999942
2022-03-15,2022-03-15 07:00:00,118.341,117.984,118.196,-1.0,21.20000000000033,0.0017952414000995888,-21.20000000000033
2022-03-16,2022-03-16 07:00:00,118.243,118.325,118.496,1.0,17.099999999999227,0.0014441289388903709,17.099999999999227
2022-03-17,2022-03-17 07:00:00,118.807,118.823,118.437,1.0,-38.59999999999957,-0.003253817251613821,-38.59999999999957
2022-03-18,2022-03-18 07:00:00,118.855,118.982,119.186,1.0,20.400000000000773,0.0017130769027640254,20.400000000000773
2022-04-04,2022-04-04 06:00:00,122.665,122.738,122.738,1.0,0.0,0.0,0.0
2022-04-05,2022-04-05 06:00:00,122.502,122.555,123.303,1.0,74.79999999999905,0.00608483195911015,74.79999999999905
2022-04-07,2022-04-07 06:00:00,123.653,123.69,123.917,1.0,22.700000000000387,0.0018335512614436444,22.700000000000387
2022-04-08,2022-04-08 06:00:00,123.952,124.087,124.399,1.0,31.19999999999976,0.0025112091945657293,31.19999999999976
2022-04-11,2022-04-11 06:00:00,124.998,125.311,125.525,1.0,21.399999999999864,0.0017062945663356907,21.399999999999864
2022-04-12,2022-04-12 06:00:00,125.5,125.676,125.171,1.0,-50.499999999999545,-0.004026364136213068,-50.499999999999545
2022-04-13,2022-04-13 06:00:00,125.598,126.14,125.723,1.0,-41.70000000000016,-0.003311327039142239,-41.70000000000016
2022-04-14,2022-04-14 06:00:00,125.416,125.409,125.89,-1.0,48.099999999999454,0.003828113819786465,-48.099999999999454
2022-04-15,2022-04-15 06:00:00,126.419,126.56,126.469,1.0,-9.100000000000819,-0.0007192851722403722,-9.100000000000819
2022-04-18,2022-04-18 06:00:00,126.648,126.638,126.653,-1.0,1.5000000000000568,0.00011844084485862005,-1.5000000000000568
2022-04-19,2022-04-19 06:00:00,128.165,128.192,128.83,1.0,63.80000000000052,0.004964565760080375,63.80000000000052
2022-04-20,2022-04-20 06:00:00,128.698,128.695,127.679,-1.0,-101.59999999999911,-0.00792596221792132,101.59999999999911
2022-04-21,2022-04-21 06:00:00,128.199,128.114,128.518,-1.0,40.399999999999636,0.003148479797804601,-40.399999999999636
2022-04-22,2022-04-22 06:00:00,127.909,127.998,128.378,1.0,37.999999999998124,0.0029643982141521687,37.999999999998124
2022-04-25,2022-04-25 06:00:00,128.485,128.384,127.86,-1.0,-52.39999999999867,-0.004089857560834762,52.39999999999867
2022-04-26,2022-04-26 06:00:00,127.969,127.828,127.179,-1.0,-64.90000000000009,-0.00509006734115442,64.90000000000009
2022-04-27,2022-04-27 06:00:00,127.712,127.979,128.316,1.0,33.70000000000033,0.0026297836026268778,33.70000000000033
2022-04-28,2022-04-28 06:00:00,130.024,130.103,131.02,1.0,91.70000000000016,0.0070235388658874695,91.70000000000016
2022-04-29,2022-04-29 06:00:00,130.38,130.241,129.65,-1.0,-59.10000000000082,-0.004548068372758268,59.10000000000082
2022-05-03,2022-05-03 06:00:00,130.147,130.162,129.927,1.0,-23.500000000001364,-0.0018070742242057118,-23.500000000001364
2022-05-04,2022-05-04 06:00:00,130.139,130.153,129.998,1.0,-15.500000000000114,-0.0011916157796126438,-15.500000000000114
2022-05-05,2022-05-05 06:00:00,129.349,129.417,130.241,1.0,82.40000000000123,0.006346831340049119,82.40000000000123
2022-05-06,2022-05-06 06:00:00,130.686,130.541,130.408,-1.0,-13.300000000000978,-0.0010193563609483922,13.300000000000978
2022-05-12,2022-05-12 06:00:00,129.61,129.319,128.118,-1.0,-120.09999999999934,-0.009330505817548289,120.09999999999934
2022-05-13,2022-05-13 06:00:00,128.895,128.762,129.35,-1.0,58.799999999999386,0.004556169547909483,-58.799999999999386
2022-05-16,2022-05-16 06:00:00,128.989,128.942,129.071,-1.0,12.899999999999068,0.0009999496982624877,-12.899999999999068
2022-05-17,2022-05-17 06:00:00,129.337,129.238,129.292,-1.0,5.400000000000205,0.0004177464958442661,-5.400000000000205
2022-05-18,2022-05-18 06:00:00,129.141,129.173,128.481,1.0,-69.20000000000073,-0.005371557700575104,-69.20000000000073
2022-05-19,2022-05-19 06:00:00,128.606,128.549,127.369,-1.0,-118.00000000000068,-0.00922176917884473,118.00000000000068
2022-05-20,2022-05-20 06:00:00,127.746,127.856,127.996,1.0,14.000000000000057,0.0010943827992188069,14.000000000000057
2022-05-23,2022-05-23 06:00:00,127.787,127.777,127.661,-1.0,-11.599999999999966,-0.0009082439415756786,11.599999999999966
2022-05-24,2022-05-24 06:00:00,127.608,127.691,126.51,1.0,-118.09999999999974,-0.0092919264461795,-118.09999999999974
2022-05-25,2022-05-25 06:00:00,127.008,126.942,127.364,-1.0,42.200000000001125,0.003318839408822809,-42.200000000001125
2022-05-26,2022-05-26 06:00:00,127.333,127.267,127.324,-1.0,5.700000000000216,0.00044777703023591745,-5.700000000000216
2022-05-27,2022-05-27 06:00:00,126.859,126.899,127.115,1.0,21.599999999999397,0.0017006940724722988,21.599999999999397
2022-05-30,2022-05-30 06:00:00,127.033,127.109,127.625,1.0,51.600000000000534,0.004051290410835012,51.600000000000534
2022-05-31,2022-05-31 06:00:00,127.892,127.845,128.644,-1.0,79.90000000000066,0.006230306832224051,-79.90000000000066
2022-06-01,2022-06-01 06:00:00,129.226,129.245,129.945,1.0,69.99999999999886,0.00540145608948355,69.99999999999886
2022-06-02,2022-06-02 06:00:00,130.028,129.921,129.842,-1.0,-7.899999999997931,-0.0006082467667495105,7.899999999997931
2022-06-03,2022-06-03 06:00:00,129.832,129.887,130.706,1.0,81.89999999999884,0.006285684546738674,81.89999999999884
2022-06-06,2022-06-06 06:00:00,130.621,130.656,131.327,1.0,67.09999999999923,0.005122480979621843,67.09999999999923
2022-06-07,2022-06-07 06:00:00,132.891,132.924,132.479,1.0,-44.49999999999932,-0.003353394023513818,-44.49999999999932
2022-06-09,2022-06-09 06:00:00,133.824,133.861,134.302,1.0,44.10000000000025,0.0032890473149185576,44.10000000000025
2022-06-10,2022-06-10 06:00:00,133.721,133.917,134.235,1.0,31.800000000001205,0.0023717902463737096,31.800000000001205
2022-06-13,2022-06-13 06:00:00,134.916,134.655,133.883,-1.0,-77.19999999999914,-0.005749667658013217,77.19999999999914
2022-06-14,2022-06-14 06:00:00,134.658,134.499,134.612,-1.0,11.299999999999955,0.0008398022127767678,-11.299999999999955
2022-06-16,2022-06-16 06:00:00,134.273,134.222,132.562,-1.0,-165.99999999999966,-0.01244468501599532,165.99999999999966
2022-06-24,2022-06-24 06:00:00,134.635,134.831,135.229,1.0,39.800000000002456,0.0029474952835886322,39.800000000002456
2022-06-27,2022-06-27 06:00:00,134.894,135.069,135.17,1.0,10.099999999999909,0.0007474865189902674,10.099999999999909
2022-06-28,2022-06-28 06:00:00,135.406,135.464,136.255,1.0,79.09999999999968,0.005822207754692838,79.09999999999968
2022-06-30,2022-06-30 06:00:00,136.359,136.2,135.853,-1.0,-34.699999999998,-0.002550974906906958,34.699999999998
2022-07-11,2022-07-11 06:00:00,137.039,136.996,137.447,-1.0,45.09999999999934,0.003286659932882945,-45.09999999999934
2022-07-12,2022-07-12 06:00:00,137.437,137.302,136.644,-1.0,-65.7999999999987,-0.00480387569375338,65.7999999999987
2022-07-14,2022-07-14 06:00:00,138.421,138.589,139.243,1.0,65.39999999999964,0.004707889717166155,65.39999999999964
2022-07-15,2022-07-15 06:00:00,138.961,138.887,138.562,-1.0,-32.49999999999886,-0.0023427739775547206,32.49999999999886
2022-07-18,2022-07-18 06:00:00,138.287,138.256,138.032,-1.0,-22.399999999998954,-0.001621496764820413,22.399999999998954
2022-07-20,2022-07-20 06:00:00,138.081,138.218,138.092,1.0,-12.599999999997635,-0.0009120191721882113,-12.599999999997635
2022-07-21,2022-07-21 06:00:00,138.23,138.34,137.841,1.0,-49.89999999999952,-0.0036135761909201277,-49.89999999999952
2022-07-22,2022-07-22 06:00:00,137.895,137.843,136.077,-1.0,-176.5999999999991,-0.01289445435810059,176.5999999999991
2022-07-26,2022-07-26 06:00:00,136.684,136.701,136.584,1.0,-11.699999999999022,-0.0008562490231686133,-11.699999999999022
2022-07-29,2022-07-29 06:00:00,133.029,132.543,133.66,-1.0,111.69999999999902,0.008392141002679538,-111.69999999999902
2022-08-01,2022-08-01 06:00:00,132.55,132.512,131.807,-1.0,-70.50000000000125,-0.005334475931177362,70.50000000000125
2022-08-02,2022-08-02 06:00:00,130.647,130.911,131.721,1.0,81.00000000000023,0.006168346342196711,81.00000000000023
2022-08-03,2022-08-03 06:00:00,133.219,133.167,134.381,-1.0,121.39999999999986,0.009075069383886454,-121.39999999999986
2022-08-04,2022-08-04 06:00:00,134.063,134.273,133.12,1.0,-115.29999999999916,-0.008624063802259257,-115.29999999999916
2022-08-05,2022-08-05 06:00:00,133.28,133.334,135.304,1.0,196.9999999999999,0.014666840244368524,196.9999999999999
2022-08-08,2022-08-08 06:00:00,135.206,135.459,134.733,1.0,-72.59999999999991,-0.005373969230855461,-72.59999999999991
2022-08-09,2022-08-09 06:00:00,135.009,135.096,134.95,1.0,-14.6000000000015,-0.0010812973658216188,-14.6000000000015
2022-08-10,2022-08-10 06:00:00,134.988,135.076,132.093,1.0,-298.3000000000004,-0.022331363031910245,-298.3000000000004
2022-08-12,2022-08-12 06:00:00,133.184,133.343,133.717,1.0,37.400000000002365,0.002800870549678867,37.400000000002365
2022-08-15,2022-08-15 06:00:00,133.187,133.251,132.989,1.0,-26.200000000000045,-0.0019681496737821717,-26.200000000000045
2022-08-16,2022-08-16 06:00:00,133.297,133.327,134.374,1.0,104.6999999999997,0.00782219968205971,104.6999999999997
2022-08-17,2022-08-17 06:00:00,134.162,134.492,135.46,1.0,96.80000000000177,0.007171676067746067,96.80000000000177
2022-08-18,2022-08-18 06:00:00,135.208,135.223,135.201,1.0,-2.200000000001978,-0.00016270745236037098,-2.200000000001978
2022-08-19,2022-08-19 06:00:00,136.199,136.283,137.121,1.0,83.80000000000223,0.006130141652937238,83.80000000000223
2022-08-23,2022-08-23 06:00:00,137.286,137.297,136.256,1.0,-104.09999999999968,-0.007610993300613719,-104.09999999999968
2022-08-24,2022-08-24 06:00:00,136.642,136.7,136.764,1.0,6.400000000002137,0.00046806893169486604,6.400000000002137
2022-08-25,2022-08-25 06:00:00,136.691,136.653,136.704,-1.0,5.100000000001614,0.00037313842770998604,-5.100000000001614
2022-08-26,2022-08-26 06:00:00,136.864,136.918,137.298,1.0,37.999999999999545,0.0027715395399632845,37.999999999999545
2022-08-29,2022-08-29 06:00:00,138.817,138.751,138.731,-1.0,-2.000000000001023,-0.0001441534948908019,2.000000000001023
2022-08-30,2022-08-30 06:00:00,138.474,138.512,138.887,1.0,37.5,0.002703688394228565,37.5
2022-08-31,2022-08-31 06:00:00,138.415,138.478,138.62,1.0,14.19999999999959,0.0010249082449541366,14.19999999999959
2022-09-02,2022-09-02 06:00:00,140.332,140.317,140.032,-1.0,-28.49999999999966,-0.002033180772382364,28.49999999999966
2022-09-05,2022-09-05 06:00:00,140.348,140.388,140.554,1.0,16.59999999999968,0.0011817387170187357,16.59999999999968
2022-09-06,2022-09-06 06:00:00,141.042,141.138,142.7,1.0,156.19999999999834,0.01100638933784095,156.19999999999834
2022-09-07,2022-09-07 06:00:00,144.138,143.977,144.495,-1.0,51.80000000000007,0.0035913402808708853,-51.80000000000007
2022-09-14,2022-09-14 06:00:00,143.839,143.688,142.631,-1.0,-105.6999999999988,-0.007383406632682701,105.6999999999988
2022-09-15,2022-09-15 06:00:00,143.589,143.564,143.465,-1.0,-9.899999999998954,-0.0006898257940892636,9.899999999998954
2022-09-16,2022-09-16 06:00:00,143.54,143.578,142.958,1.0,-62.000000000000455,-0.004327560708614285,-62.000000000000455
2022-09-21,2022-09-21 06:00:00,143.952,143.643,144.067,-1.0,42.40000000000066,0.0029474144586531205,-42.40000000000066
2022-09-22,2022-09-22 06:00:00,144.926,145.197,142.033,1.0,-316.40000000000157,-0.02203201605215629,-316.40000000000157
2022-09-23,2022-09-23 06:00:00,142.138,142.123,143.274,-1.0,115.10000000000105,0.008066000976655326,-115.10000000000105
2022-09-26,2022-09-26 06:00:00,143.83,143.877,144.352,1.0,47.49999999999943,0.0032959933248653626,47.49999999999943
2022-09-27,2022-09-27 06:00:00,144.393,144.312,144.699,-1.0,38.700000000000045,0.002678100358146302,-38.700000000000045
2022-09-28,2022-09-28 06:00:00,144.615,144.7,144.585,1.0,-11.499999999998067,-0.0007950637333968638,-11.499999999998067
2022-10-04,2022-10-04 06:00:00,144.827,144.797,144.46,-1.0,-33.69999999999891,-0.002330108882245414,33.69999999999891
2022-10-05,2022-10-05 06:00:00,144.146,144.093,144.764,-1.0,67.10000000000207,0.004645905807576635,-67.10000000000207
2022-10-06,2022-10-06 06:00:00,144.52,144.552,144.881,1.0,32.90000000000077,0.002273411405750491,32.90000000000077
2022-10-07,2022-10-07 06:00:00,144.981,145.016,145.135,1.0,11.899999999999977,0.0008202625989380427,11.899999999999977
2022-10-10,2022-10-10 06:00:00,145.405,145.357,145.715,-1.0,35.80000000000041,0.002459873711802179,-35.80000000000041
2022-10-11,2022-10-11 06:00:00,145.785,145.706,145.728,-1.0,2.200000000001978,0.0001509775801164155,-2.200000000001978
2022-10-12,2022-10-12 06:00:00,146.207,146.098,146.84,-1.0,74.19999999999902,0.005065929219614116,-74.19999999999902
2022-10-13,2022-10-13 06:00:00,146.893,146.833,147.367,-1.0,53.39999999999918,0.003630187535231109,-53.39999999999918
2022-10-14,2022-10-14 06:00:00,147.46,147.426,148.365,-1.0,93.90000000000214,0.006349098886295341,-93.90000000000214
2022-10-17,2022-10-17 06:00:00,148.71,148.697,148.706,-1.0,0.899999999998613,6.05239355536376e-05,-0.899999999998613
2022-10-18,2022-10-18 06:00:00,148.889,148.903,149.074,1.0,17.10000000000207,0.0011477397166334627,17.10000000000207
2022-10-19,2022-10-19 06:00:00,149.296,149.36,149.717,1.0,35.69999999999993,0.002387346198856941,35.69999999999993
2022-10-20,2022-10-20 06:00:00,149.941,149.938,149.581,-1.0,-35.69999999999993,-0.0023838231902331307,35.69999999999993
2022-10-21,2022-10-21 06:00:00,150.354,150.41,150.084,1.0,-32.59999999999934,-0.002169761312352013,-32.59999999999934
2022-10-24,2022-10-24 06:00:00,148.966,148.937,148.751,-1.0,-18.600000000000705,-0.001249630648225266,18.600000000000705
2022-10-28,2022-10-28 06:00:00,146.422,146.454,147.503,1.0,104.89999999999782,0.007137128579208573,104.89999999999782
2022-10-31,2022-10-31 07:00:00,147.814,147.946,148.643,1.0,69.70000000000027,0.0047001155344496195,69.70000000000027
2022-11-01,2022-11-01 07:00:00,147.796,147.766,148.11,-1.0,34.40000000000225,0.002325299483575325,-34.40000000000225
2022-11-02,2022-11-02 07:00:00,147.425,147.32,147.117,-1.0,-20.300000000000296,-0.0013789030058376504,20.300000000000296
2022-11-03,2022-11-03 07:00:00,147.563,147.823,148.178,1.0,35.49999999999898,0.0023986416951777313,35.49999999999898
2022-11-04,2022-11-04 07:00:00,147.964,147.995,147.221,1.0,-77.40000000000009,-0.005243630246796487,-77.40000000000009
2022-11-07,2022-11-07 07:00:00,147.252,147.443,146.454,1.0,-98.90000000000043,-0.006730274437585085,-98.90000000000043
2022-11-15,2022-11-15 07:00:00,140.265,139.7,139.227,-1.0,-47.29999999999848,-0.003391571654234178,47.29999999999848
2022-11-16,2022-11-16 07:00:00,139.673,139.759,139.351,1.0,-40.799999999998704,-0.002923580599827688,-40.799999999998704
2022-11-17,2022-11-17 07:00:00,139.481,139.573,140.584,1.0,101.09999999999957,0.007217413012469383,101.09999999999957
2022-11-18,2022-11-18 07:00:00,139.844,139.825,139.872,-1.0,4.700000000002547,0.000336077973252615,-4.700000000002547
2022-11-21,2022-11-21 07:00:00,140.817,140.823,141.94,1.0,111.69999999999902,0.007900650440697139,111.69999999999902
2022-11-22,2022-11-22 07:00:00,141.956,141.979,141.351,1.0,-62.80000000000143,-0.004433000588909623,-62.80000000000143
2022-11-23,2022-11-23 07:00:00,141.311,141.285,139.732,-1.0,-155.29999999999973,-0.011052824634425279,155.29999999999973
2022-11-24,2022-11-24 07:00:00,138.842,138.64,138.359,-1.0,-28.09999999999775,-0.002028888886906488,28.09999999999775
2022-12-12,2022-12-12 07:00:00,136.868,136.794,137.401,-1.0,60.69999999999993,0.00442751320467797,-60.69999999999993
2022-12-13,2022-12-13 07:00:00,137.623,137.437,135.191,-1.0,-224.60000000000093,-0.016477036945306132,224.60000000000093
2022-12-14,2022-12-14 07:00:00,135.374,135.457,134.853,1.0,-60.3999999999985,-0.00446895050299845,-60.3999999999985
2022-12-16,2022-12-16 07:00:00,137.264,137.35,136.629,1.0,-72.10000000000036,-0.005263189254485472,-72.10000000000036
2022-12-19,2022-12-19 07:00:00,136.065,135.922,136.975,-1.0,105.29999999999973,0.007717235631097155,-105.29999999999973
2022-12-20,2022-12-20 07:00:00,133.352,132.883,131.373,-1.0,-151.00000000000193,-0.011428436326515336,151.00000000000193
2022-12-21,2022-12-21 07:00:00,132.181,131.968,131.975,-1.0,0.7000000000005002,5.3041755239967274e-05,-0.7000000000005002
2022-12-22,2022-12-22 07:00:00,131.87,131.92,132.263,1.0,34.30000000000177,0.002596686332815754,34.30000000000177
2022-12-23,2022-12-23 07:00:00,132.673,132.55,132.84,-1.0,28.999999999999204,0.0021854637735111053,-28.999999999999204
2022-12-26,2022-12-26 07:00:00,132.629,132.633,132.899,1.0,26.599999999999113,0.0020035256690684846,26.599999999999113
2022-12-27,2022-12-27 07:00:00,132.79,132.851,133.338,1.0,48.69999999999948,0.0036590583634807466,48.69999999999948
2022-12-28,2022-12-28 07:00:00,134.04,133.847,134.228,-1.0,38.10000000000002,0.0028424900235531673,-38.10000000000002
2022-12-29,2022-12-29 07:00:00,133.722,133.812,133.223,1.0,-58.899999999999864,-0.004411413898473646,-58.899999999999864
2022-12-30,2022-12-30 07:00:00,132.451,132.534,131.931,1.0,-60.29999999999802,-0.004560157638630928,-60.29999999999802
2023-01-02,2023-01-02 07:00:00,130.939,130.929,130.774,-1.0,-15.500000000000114,-0.0011845490355410482,15.500000000000114
2023-01-03,2023-01-03 07:00:00,129.84,129.888,130.739,1.0,85.09999999999991,0.006530428730295928,85.09999999999991
2023-01-04,2023-01-04 07:00:00,130.729,130.434,132.012,-1.0,157.8000000000003,0.012025475842202097,-157.8000000000003
2023-01-05,2023-01-05 07:00:00,132.435,132.36,133.869,-1.0,150.8999999999986,0.01133622678297716,-150.8999999999986
2023-01-06,2023-01-06 07:00:00,134.022,134.175,132.432,1.0,-174.30000000000234,-0.013075611919852743,-174.30000000000234
2023-01-09,2023-01-09 07:00:00,131.803,131.963,131.945,1.0,-1.8000000000000682,-0.00013641117380236342,-1.8000000000000682
2023-01-10,2023-01-10 07:00:00,131.917,132.178,132.174,1.0,-0.39999999999906777,-3.0262680065136345e-05,-0.39999999999906777
2023-01-11,2023-01-11 07:00:00,132.313,132.19,132.594,-1.0,40.399999999999636,0.003051546267914635,-40.399999999999636
2023-01-12,2023-01-12 07:00:00,131.724,131.756,129.834,1.0,-192.1999999999997,-0.01469501576378475,-192.1999999999997
2023-01-13,2023-01-13 07:00:00,128.546,128.714,127.505,1.0,-120.90000000000032,-0.00943730927889373,-120.90000000000032
2023-01-16,2023-01-16 07:00:00,127.972,128.086,128.529,1.0,44.29999999999836,0.0034526464943586232,44.29999999999836
2023-01-17,2023-01-17 07:00:00,128.918,128.877,128.141,-1.0,-73.60000000000184,-0.005727240985544438,73.60000000000184
2023-01-18,2023-01-18 07:00:00,130.726,130.337,128.364,-1.0,-197.29999999999848,-0.015253425801864048,197.29999999999848
2023-01-19,2023-01-19 07:00:00,127.952,128.156,128.455,1.0,29.90000000000066,0.002330376603604849,29.90000000000066
2023-01-20,2023-01-20 07:00:00,129.168,128.88,129.923,-1.0,104.30000000000064,0.008060228411057798,-104.30000000000064
2023-01-23,2023-01-23 07:00:00,130.086,130.238,130.607,1.0,36.89999999999998,0.0028292683098874905,36.89999999999998
2023-01-24,2023-01-24 07:00:00,130.045,129.943,130.091,-1.0,14.799999999999613,0.0011383128051022727,-14.799999999999613
2023-01-25,2023-01-25 07:00:00,130.395,130.345,129.587,-1.0,-75.80000000000098,-0.005832311132656564,75.80000000000098
2023-01-26,2023-01-26 07:00:00,129.338,129.638,130.442,1.0,80.4000000000002,0.006182732706495443,80.4000000000002
2023-01-27,2023-01-27 07:00:00,130.184,130.048,129.98,-1.0,-6.800000000001205,-0.0005230206097045952,6.800000000001205
2023-01-30,2023-01-30 07:00:00,129.589,129.475,130.313,-1.0,83.79999999999939,0.006451436606260001,-83.79999999999939
2023-01-31,2023-01-31 07:00:00,130.251,130.193,130.036,-1.0,-15.700000000001069,-0.0012066296919156325,15.700000000001069
2023-02-01,2023-02-01 07:00:00,130.273,130.366,129.251,1.0,-111.50000000000091,-0.008589628996126187,-111.50000000000091
2023-02-02,2023-02-02 07:00:00,128.661,128.615,128.416,-1.0,-19.900000000001228,-0.0015484516635107105,19.900000000001228
2023-02-03,2023-02-03 07:00:00,128.559,128.575,131.066,1.0,249.1000000000014,0.019188621460996105,249.1000000000014
2023-02-09,2023-02-09 07:00:00,131.268,131.224,130.907,-1.0,-31.699999999997885,-0.00241863918828818,31.699999999997885
2023-02-10,2023-02-10 07:00:00,131.574,130.892,131.325,-1.0,43.29999999999927,0.0033026111470233384,-43.29999999999927
2023-02-13,2023-02-13 07:00:00,132.221,132.047,132.799,-1.0,75.20000000000095,0.005678787075603329,-75.20000000000095
2023-02-16,2023-02-16 07:00:00,133.937,133.816,134.197,-1.0,38.10000000000002,0.0028431475835181204,-38.10000000000002
2023-02-17,2023-02-17 07:00:00,134.757,134.78,134.339,1.0,-44.10000000000025,-0.003277363506372928,-44.10000000000025
2023-02-20,2023-02-20 07:00:00,134.141,134.083,134.036,-1.0,-4.699999999999704,-0.0003505905995577045,4.699999999999704
2023-02-21,2023-02-21 07:00:00,134.502,134.631,134.733,1.0,10.200000000000387,0.0007573395470463302,10.200000000000387
2023-02-22,2023-02-22 07:00:00,134.783,134.702,134.599,-1.0,-10.300000000000864,-0.0007649433535147631,10.300000000000864
2023-02-23,2023-02-23 07:00:00,134.834,134.864,134.849,1.0,-1.500000000001478,-0.00011122934389872631,-1.500000000001478
2023-02-24,2023-02-24 07:00:00,134.683,134.651,136.392,-1.0,174.09999999999854,0.012846846771183954,-174.09999999999854
2023-02-27,2023-02-27 07:00:00,136.366,136.169,136.074,-1.0,-9.499999999999886,-0.0006979059432638414,9.499999999999886
2023-02-28,2023-02-28 07:00:00,136.334,136.43,136.205,1.0,-22.49999999999943,-0.0016505588136625947,-22.49999999999943
2023-03-06,2023-03-06 07:00:00,135.66,135.623,135.951,-1.0,32.800000000000296,0.0024155490546712215,-32.800000000000296
2023-03-14,2023-03-14 07:00:00,133.608,133.54,134.328,-1.0,78.80000000000109,0.005883511827445484,-78.80000000000109
2023-03-23,2023-03-23 07:00:00,130.811,130.585,130.997,-1.0,41.200000000000614,0.0031500664471318363,-41.200000000000614
2023-03-24,2023-03-24 07:00:00,130.432,130.406,130.634,-1.0,22.799999999998022,0.001746859163184254,-22.799999999998022
2023-03-27,2023-03-27 06:00:00,130.903,131.277,131.498,1.0,22.100000000000364,0.0016820477755190215,22.100000000000364
2023-03-28,2023-03-28 06:00:00,130.697,130.96,130.985,1.0,2.5000000000005684,0.00019087976541582388,2.5000000000005684
2023-03-30,2023-03-30 06:00:00,132.457,132.516,132.698,1.0,18.200000000001637,0.0013724767815376261,18.200000000001637
2023-04-04,2023-04-04 06:00:00,132.882,132.677,131.828,-1.0,-84.89999999999895,-0.006419560429171385,84.89999999999895
2023-04-06,2023-04-06 06:00:00,131.243,131.43,131.756,1.0,32.59999999999934,0.0024773366875681865,32.59999999999934
2023-04-10,2023-04-10 06:00:00,132.6,132.625,133.836,1.0,121.10000000000127,0.009089572866253101,121.10000000000127
2023-04-11,2023-04-11 06:00:00,133.253,133.362,133.499,1.0,13.700000000000045,0.0010267518448605136,13.700000000000045
2023-04-12,2023-04-12 06:00:00,133.799,133.73,133.303,-1.0,-42.69999999999925,-0.0031981093268833127,42.69999999999925
2023-04-13,2023-04-13 06:00:00,133.294,133.253,132.419,-1.0,-83.39999999999748,-0.006278439124970861,83.39999999999748
2023-04-14,2023-04-14 06:00:00,132.461,132.465,133.459,1.0,99.39999999999998,0.007475854976751094,99.39999999999998
2023-04-17,2023-04-17 06:00:00,133.942,133.944,134.551,1.0,60.69999999999993,0.0045215071723992755,60.69999999999993
2023-04-18,2023-04-18 06:00:00,134.362,134.329,133.973,-1.0,-35.599999999999454,-0.0026537275825051785,35.599999999999454
2023-04-24,2023-04-24 06:00:00,134.376,134.264,134.432,-1.0,16.799999999997794,0.0012504839810932526,-16.799999999997794
2023-04-25,2023-04-25 06:00:00,134.191,134.12,133.868,-1.0,-25.200000000000955,-0.001880681778857647,25.200000000000955
2023-04-26,2023-04-26 06:00:00,133.634,133.697,133.327,1.0,-37.000000000000455,-0.0027712882497540293,-37.000000000000455
2023-04-27,2023-04-27 06:00:00,133.667,133.775,134.121,1.0,34.600000000000364,0.0025830933824073595,34.600000000000364
2023-04-28,2023-04-28 06:00:00,134.976,135.222,136.173,1.0,95.09999999999934,0.007008263913639096,95.09999999999934
2023-05-01,2023-05-01 06:00:00,136.91,136.941,137.275,1.0,33.40000000000032,0.0024360370304481933,33.40000000000032
2023-05-02,2023-05-02 06:00:00,137.626,137.563,136.426,-1.0,-113.70000000000005,-0.008299650911320967,113.70000000000005
2023-05-03,2023-05-03 06:00:00,135.949,136.047,135.13,1.0,-91.70000000000016,-0.006763136219491712,-91.70000000000016
2023-05-04,2023-05-04 06:00:00,134.448,134.301,133.891,-1.0,-40.99999999999966,-0.003057513418768768,40.99999999999966
2023-05-05,2023-05-05 06:00:00,133.996,134.166,134.856,1.0,68.99999999999977,0.005129703243942946,68.99999999999977
2023-05-08,2023-05-08 06:00:00,134.731,134.706,134.863,-1.0,15.700000000001069,0.0011648224962931065,-15.700000000001069
2023-05-09,2023-05-09 06:00:00,134.882,134.79,135.048,-1.0,25.800000000000978,0.0019122590489093082,-25.800000000000978
2023-05-10,2023-05-10 06:00:00,135.336,135.444,134.423,1.0,-102.09999999999866,-0.007566726361290413,-102.09999999999866
2023-05-11,2023-05-11 06:00:00,134.288,134.193,134.414,-1.0,22.09999999999752,0.0016455271073940085,-22.09999999999752
2023-05-12,2023-05-12 06:00:00,134.697,134.743,135.311,1.0,56.800000000001205,0.004206572297206885,56.800000000001205
2023-05-15,2023-05-15 06:00:00,136.187,136.074,136.138,-1.0,6.399999999999295,0.0004702217476029228,-6.399999999999295
2023-05-16,2023-05-16 06:00:00,135.898,135.977,136.476,1.0,49.89999999999952,0.0036630212033163406,49.89999999999952
2023-05-17,2023-05-17 06:00:00,136.789,136.756,137.412,-1.0,65.60000000000059,0.004785396194064353,-65.60000000000059
2023-05-18,2023-05-18 06:00:00,137.511,137.415,138.618,-1.0,120.3000000000003,0.00871640431799611,-120.3000000000003
2023-05-19,2023-05-19 06:00:00,138.284,138.067,138.51,-1.0,44.29999999999836,0.0032034506039352578,-44.29999999999836
2023-05-22,2023-05-22 06:00:00,137.983,137.875,138.597,-1.0,72.20000000000084,0.00522296392623454,-72.20000000000084
2023-05-23,2023-05-23 06:00:00,138.583,138.509,138.534,-1.0,2.5000000000005684,0.00018047739930536721,-2.5000000000005684
2023-05-24,2023-05-24 06:00:00,138.289,138.471,138.989,1.0,51.80000000000007,0.0037338758871344854,51.80000000000007
2023-05-29,2023-05-29 06:00:00,140.334,140.261,140.279,-1.0,1.8000000000000682,0.0001283239468503051,-1.8000000000000682
2023-05-30,2023-05-30 06:00:00,140.673,140.896,139.781,1.0,-111.49999999999807,-0.007945117450651734,-111.49999999999807
2023-05-31,2023-05-31 06:00:00,139.404,139.54,139.721,1.0,18.10000000000116,0.001296278573414115,18.10000000000116
2023-06-02,2023-06-02 06:00:00,138.885,138.912,139.652,1.0,73.99999999999807,0.005312974689531619,73.99999999999807
2023-06-06,2023-06-06 06:00:00,139.489,139.414,139.75,-1.0,33.60000000000127,0.0024071883355128577,-33.60000000000127
2023-06-07,2023-06-07 06:00:00,139.171,139.283,139.724,1.0,44.10000000000025,0.0031612136416123236,44.10000000000025
2023-06-08,2023-06-08 06:00:00,139.829,139.951,138.98,1.0,-97.10000000000036,-0.006962323458827576,-97.10000000000036
2023-06-12,2023-06-12 06:00:00,139.52,139.463,139.618,-1.0,15.500000000000114,0.0011107887383035142,-15.500000000000114
2023-06-13,2023-06-13 06:00:00,139.477,139.557,139.812,1.0,25.500000000002387,0.0018255430689727012,25.500000000002387
2023-06-14,2023-06-14 06:00:00,140.114,140.11,139.406,-1.0,-70.40000000000077,-0.005037289376093336,70.40000000000077
2023-06-15,2023-06-15 06:00:00,141.213,141.295,140.451,1.0,-84.39999999999941,-0.005991229863791465,-84.39999999999941
2023-06-16,2023-06-16 06:00:00,140.713,140.71,141.495,-1.0,78.49999999999966,0.005563345969761864,-78.49999999999966
2023-06-19,2023-06-19 06:00:00,141.652,141.631,141.827,-1.0,19.599999999999795,0.0013829211469567173,-19.599999999999795
2023-06-20,2023-06-20 06:00:00,142.043,142.117,141.329,1.0,-78.79999999999825,-0.005560156291541477,-78.79999999999825
2023-06-21,2023-06-21 06:00:00,141.726,141.991,142.058,1.0,6.699999999997885,0.00047174960124854687,6.699999999997885
2023-06-22,2023-06-22 06:00:00,141.795,141.849,142.787,1.0,93.80000000000166,0.0065908978172290284,93.80000000000166
2023-06-23,2023-06-23 06:00:00,143.392,143.225,143.741,-1.0,51.600000000001955,0.0035962487271601644,-51.600000000001955
2023-07-05,2023-07-05 06:00:00,144.649,144.709,144.457,1.0,-25.200000000000955,-0.0017429439408155369,-25.200000000000955
2023-07-06,2023-07-06 06:00:00,143.716,143.736,144.279,1.0,54.30000000000064,0.0037706414134850187,54.30000000000064
2023-07-07,2023-07-07 06:00:00,143.571,143.481,142.218,-1.0,-126.30000000000052,-0.008841530615522867,126.30000000000052
2023-07-12,2023-07-12 06:00:00,139.491,139.362,138.432,-1.0,-93.00000000000068,-0.006695633990941392,93.00000000000068
2023-07-14,2023-07-14 06:00:00,137.844,137.95,138.503,1.0,55.29999999999973,0.004000685379329167,55.29999999999973
2023-07-17,2023-07-17 06:00:00,138.593,138.562,139.104,-1.0,54.20000000000016,0.003903975916289843,-54.20000000000016
2023-07-18,2023-07-18 06:00:00,138.447,138.497,138.616,1.0,11.899999999999977,0.0008588554655671421,11.899999999999977
2023-07-19,2023-07-19 06:00:00,139.358,139.396,139.611,1.0,21.50000000000034,0.0015411802754506446,21.50000000000034
2023-07-20,2023-07-20 06:00:00,139.34,139.578,140.31,1.0,73.19999999999993,0.0052306756199425476,73.19999999999993
2023-07-21,2023-07-21 06:00:00,140.209,140.157,141.748,-1.0,159.09999999999798,0.01128761031145985,-159.09999999999798
2023-07-24,2023-07-24 06:00:00,141.562,141.547,141.155,-1.0,-39.19999999999959,-0.0027732400282610863,39.19999999999959
2023-07-25,2023-07-25 06:00:00,141.405,141.448,141.142,1.0,-30.60000000000116,-0.002165682576167755,-30.60000000000116
2023-07-26,2023-07-26 06:00:00,140.953,140.679,140.369,-1.0,-31.000000000000227,-0.002206029758045905,31.000000000000227
2023-07-27,2023-07-27 06:00:00,140.185,140.113,141.251,-1.0,113.80000000000052,0.008089209745683196,-113.80000000000052
2023-07-28,2023-07-28 06:00:00,139.14,139.344,140.322,1.0,97.80000000000086,0.006994085707604063,97.80000000000086
2023-07-31,2023-07-31 06:00:00,141.783,141.667,142.058,-1.0,39.09999999999911,0.002756191717488876,-39.09999999999911
2023-08-01,2023-08-01 06:00:00,142.778,142.628,143.266,-1.0,63.80000000000052,0.004463200060776866,-63.80000000000052
2023-08-02,2023-08-02 06:00:00,142.889,142.811,143.36,-1.0,54.90000000000066,0.0038368714755320993,-54.90000000000066
2023-08-03,2023-08-03 06:00:00,143.524,143.564,142.293,1.0,-127.09999999999866,-0.00889261676806342,-127.09999999999866
2023-08-04,2023-08-04 06:00:00,142.464,142.407,141.79,-1.0,-61.700000000001864,-0.00434206532359909,61.700000000001864
2023-08-09,2023-08-09 06:00:00,143.063,143.169,143.711,1.0,54.20000000000016,0.003778587875607537,54.20000000000016
2023-08-10,2023-08-10 06:00:00,143.991,143.987,144.378,-1.0,39.09999999999911,0.0027118425580132106,-39.09999999999911
2023-08-14,2023-08-14 06:00:00,144.834,144.761,145.441,-1.0,68.00000000000068,0.004686399435787056,-68.00000000000068
2023-08-16,2023-08-16 06:00:00,145.419,145.389,145.803,-1.0,41.39999999999873,0.002843486627014544,-41.39999999999873
2023-08-21,2023-08-21 06:00:00,145.398,145.42,146.291,1.0,87.10000000000093,0.005971681481954811,87.10000000000093
2023-08-22,2023-08-22 06:00:00,146.079,145.909,145.866,-1.0,-4.2999999999977945,-0.0002947476672866932,4.2999999999977945
2023-08-23,2023-08-23 06:00:00,145.672,145.549,144.756,-1.0,-79.30000000000064,-0.005463233305543242,79.30000000000064
2023-08-24,2023-08-24 06:00:00,145.18,145.119,145.592,-1.0,47.30000000000132,0.0032540937039740258,-47.30000000000132
2023-08-25,2023-08-25 06:00:00,146.09,146.049,146.556,-1.0,50.7000000000005,0.0034654261368581634,-50.7000000000005
2023-08-28,2023-08-28 06:00:00,146.388,146.358,146.661,-1.0,30.299999999999727,0.0020681260122920784,-30.299999999999727
2023-08-29,2023-08-29 06:00:00,146.402,146.414,146.33,1.0,-8.399999999997476,-0.0005738802660710478,-8.399999999997476
2023-08-30,2023-08-30 06:00:00,146.244,146.235,145.839,-1.0,-39.6000000000015,-0.002711643231847333,39.6000000000015
2023-08-31,2023-08-31 06:00:00,145.914,145.986,145.599,1.0,-38.700000000000045,-0.002654459092466408,-38.700000000000045
2023-09-01,2023-09-01 06:00:00,145.514,145.615,146.009,1.0,39.3999999999977,0.00270211120984142,39.3999999999977
2023-09-04,2023-09-04 06:00:00,146.184,146.157,146.449,-1.0,29.20000000000016,0.001995858573854507,-29.20000000000016
2023-09-05,2023-09-05 06:00:00,146.848,146.969,147.695,1.0,72.59999999999991,0.004927656375045199,72.59999999999991
2023-09-06,2023-09-06 06:00:00,147.036,147.098,147.601,1.0,50.29999999999859,0.003413655889275125,50.29999999999859
2023-09-07,2023-09-07 06:00:00,147.576,147.485,147.108,-1.0,-37.700000000000955,-0.0025594647924843503,37.700000000000955
2023-09-08,2023-09-08 06:00:00,147.139,147.159,147.639,1.0,48.00000000000182,0.003256470018004421,48.00000000000182
2023-09-12,2023-09-12 06:00:00,146.818,146.882,147.207,1.0,32.49999999999886,0.0022102161747195744,32.49999999999886
2023-09-14,2023-09-14 06:00:00,147.113,147.122,147.087,1.0,-3.500000000002501,-0.00023792610127583877,-3.500000000002501
2023-09-15,2023-09-15 06:00:00,147.401,147.506,147.861,1.0,35.49999999999898,0.0024037903417689485,35.49999999999898
2023-10-10,2023-10-10 06:00:00,148.76,148.77,148.843,1.0,7.299999999997908,0.000490569978219867,7.299999999997908
2023-10-13,2023-10-13 06:00:00,149.711,149.728,149.662,1.0,-6.60000000000025,-0.0004408964966708704,-6.60000000000025
2023-10-16,2023-10-16 06:00:00,149.443,149.492,149.638,1.0,14.6000000000015,0.0009761642870564224,14.6000000000015
2023-10-17,2023-10-17 06:00:00,149.606,149.619,149.698,1.0,7.900000000000773,0.0005278684594221892,7.900000000000773
2023-10-19,2023-10-19 06:00:00,149.779,149.79,149.92,1.0,12.999999999999545,0.0008675053094844402,12.999999999999545
2023-10-20,2023-10-20 06:00:00,149.851,149.916,149.896,1.0,-2.000000000001023,-0.00013341694148115822,-2.000000000001023
2023-10-23,2023-10-23 06:00:00,149.931,149.921,149.863,-1.0,-5.799999999999272,-0.000386945272087064,5.799999999999272
2023-10-24,2023-10-24 06:00:00,149.685,149.617,149.87,-1.0,25.300000000001432,0.001689556209014032,-25.300000000001432
2023-10-25,2023-10-25 06:00:00,149.855,149.838,149.925,-1.0,8.70000000000175,0.0005804585785621851,-8.70000000000175
2023-10-26,2023-10-26 06:00:00,150.49,150.627,150.342,1.0,-28.49999999999966,-0.001893883324770016,-28.49999999999966
2023-10-27,2023-10-27 06:00:00,150.099,150.207,149.618,1.0,-58.899999999999864,-0.003928963613355783,-58.899999999999864
2023-10-31,2023-10-31 07:00:00,150.201,150.226,151.456,1.0,122.99999999999898,0.008154326844357195,122.99999999999898
2023-11-02,2023-11-02 07:00:00,150.391,150.404,150.483,1.0,7.900000000000773,0.0005251140914384401,7.900000000000773
2023-11-03,2023-11-03 07:00:00,150.301,150.263,149.365,-1.0,-89.79999999999961,-0.0059941172969035965,89.79999999999961
2023-11-15,2023-11-15 07:00:00,150.637,150.721,150.902,1.0,18.099999999998317,0.0012001738708670153,18.099999999998317
2023-11-17,2023-11-17 07:00:00,150.647,150.576,149.556,-1.0,-101.99999999999818,-0.006797035484191748,101.99999999999818
2023-11-21,2023-11-21 07:00:00,147.674,147.372,147.791,-1.0,41.89999999999827,0.0028391111450117193,-41.89999999999827
2023-11-27,2023-11-27 07:00:00,149.002,148.837,148.917,-1.0,8.00000000000125,0.0005373563540710199,-8.00000000000125
2023-11-28,2023-11-28 07:00:00,148.356,148.429,147.872,1.0,-55.699999999998795,-0.003759694743612417,-55.699999999998795
2023-11-29,2023-11-29 07:00:00,147.17,147.196,147.391,1.0,19.499999999999318,0.0013238875339442596,19.499999999999318
2023-11-30,2023-11-30 07:00:00,146.959,147.096,147.832,1.0,73.599999999999,0.004991059023584081,73.599999999999
2023-12-01,2023-12-01 07:00:00,148.194,148.176,147.591,-1.0,-58.499999999997954,-0.003955821730385127,58.499999999997954
2023-12-04,2023-12-04 07:00:00,146.753,146.733,147.103,-1.0,37.000000000000455,0.0025184129620430666,-37.000000000000455
2023-12-06,2023-12-06 07:00:00,147.178,147.055,147.219,-1.0,16.399999999998727,0.0011146075900606927,-16.399999999998727
2023-12-07,2023-12-07 07:00:00,146.292,145.86,144.03,-1.0,-183.00000000000125,-0.012625646345128446,183.00000000000125
2023-12-11,2023-12-11 07:00:00,145.455,145.388,146.419,-1.0,103.10000000000059,0.007066343782649255,-103.10000000000059
2023-12-18,2023-12-18 07:00:00,142.281,142.276,143.114,-1.0,83.79999999999939,0.005872682353540027,-83.79999999999939
2023-12-19,2023-12-19 07:00:00,143.637,143.804,143.804,1.0,0.0,0.0,0.0
2023-12-20,2023-12-20 07:00:00,143.694,143.426,143.68,-1.0,25.40000000000191,0.0017693818050946743,-25.40000000000191
2023-12-21,2023-12-21 07:00:00,143.095,143.187,142.164,1.0,-102.30000000000246,-0.007170147522071658,-102.30000000000246
2023-12-22,2023-12-22 07:00:00,142.34,142.285,142.366,-1.0,8.100000000001728,0.0005691179878962177,-8.100000000001728
2023-12-26,2023-12-26 07:00:00,142.285,142.371,142.595,1.0,22.399999999998954,0.001572117699203777,22.399999999998954
2023-12-27,2023-12-27 07:00:00,142.663,142.792,142.205,1.0,-58.69999999999891,-0.004119347432203246,-58.69999999999891
2023-12-28,2023-12-28 07:00:00,141.123,140.784,140.881,-1.0,9.700000000000841,0.0006887614991899845,-9.700000000000841
2023-12-29,2023-12-29 07:00:00,141.241,141.233,140.995,-1.0,-23.799999999999955,-0.0016865800446231774,23.799999999999955
2024-01-10,2024-01-10 07:00:00,145.065,144.972,145.613,-1.0,64.09999999999911,0.0044117971657120945,-64.09999999999911
2024-01-12,2024-01-12 07:00:00,145.127,145.22,144.708,1.0,-51.200000000000045,-0.003531915042644886,-51.200000000000045
2024-01-15,2024-01-15 07:00:00,145.263,145.449,145.791,1.0,34.199999999998454,0.002348579571494338,34.199999999998454
2024-01-17,2024-01-17 07:00:00,147.704,147.89,148.447,1.0,55.70000000000164,0.0037592380023701573,55.70000000000164
2024-01-18,2024-01-18 07:00:00,147.744,147.823,148.175,1.0,35.20000000000039,0.0023783955697794248,35.20000000000039
2024-01-19,2024-01-19 07:00:00,148.585,148.274,148.1,-1.0,-17.40000000000066,-0.0011741922030377844,17.40000000000066
2024-01-22,2024-01-22 07:00:00,148.082,147.989,147.845,-1.0,-14.400000000000546,-0.0009735190098020141,14.400000000000546
2024-01-23,2024-01-23 07:00:00,147.125,147.44,148.48,1.0,103.9999999999992,0.007028955676322635,103.9999999999992
2024-01-24,2024-01-24 07:00:00,147.864,147.892,146.942,1.0,-94.99999999999886,-0.006444326554858048,-94.99999999999886
2024-01-25,2024-01-25 07:00:00,147.723,147.621,147.579,-1.0,-4.200000000000159,-0.0002845528474485228,4.200000000000159
2024-01-26,2024-01-26 07:00:00,147.759,147.802,148.077,1.0,27.50000000000057,0.0018588685184555724,27.50000000000057
2024-01-31,2024-01-31 07:00:00,147.884,147.715,146.178,-1.0,-153.7000000000006,-0.010459684394873263,153.7000000000006
2024-02-02,2024-02-02 07:00:00,146.481,146.579,148.277,1.0,169.7999999999979,0.011517613823029224,169.7999999999979
2024-02-09,2024-02-09 07:00:00,149.331,149.265,149.322,-1.0,5.700000000001637,0.00038179827448902844,-5.700000000001637
2024-02-12,2024-02-12 07:00:00,149.203,149.13,149.459,-1.0,32.90000000000077,0.002203698951691261,-32.90000000000077
2024-02-14,2024-02-14 07:00:00,150.485,150.436,150.617,-1.0,18.099999999998317,0.001202446225804933,-18.099999999998317
2024-02-15,2024-02-15 07:00:00,150.091,150.074,150.05,-1.0,-2.400000000000091,-0.000159933894331419,2.400000000000091
2024-02-16,2024-02-16 07:00:00,150.189,150.208,150.24,1.0,3.2000000000010687,0.0002130152313944584,3.2000000000010687
2024-02-20,2024-02-20 07:00:00,150.386,150.353,149.784,-1.0,-56.90000000000168,-0.0037916063775880584,56.90000000000168
2024-02-21,2024-02-21 07:00:00,150.059,150.069,150.248,1.0,17.900000000000205,0.0011920738499463356,17.900000000000205
2024-02-22,2024-02-22 07:00:00,150.23,150.149,150.504,-1.0,35.49999999999898,0.002361527508328054,-35.49999999999898
2024-02-23,2024-02-23 07:00:00,150.579,150.545,150.528,-1.0,-1.6999999999995907,-0.00011292942255241416,1.6999999999995907
2024-02-26,2024-02-26 07:00:00,150.416,150.396,150.749,-1.0,35.300000000000864,0.0023443866687369043,-35.300000000000864
2024-02-27,2024-02-27 07:00:00,150.488,150.39,150.436,-1.0,4.600000000002069,0.00030582463190389255,-4.600000000002069
2024-02-29,2024-02-29 07:00:00,149.75,149.723,149.641,-1.0,-8.200000000002206,-0.0005478280758595553,8.200000000002206
2024-03-04,2024-03-04 07:00:00,150.357,150.389,150.485,1.0,9.600000000000364,0.0006381409045501032,9.600000000000364
2024-03-05,2024-03-05 07:00:00,150.481,150.465,149.983,-1.0,-48.19999999999993,-0.0032085446633432603,48.19999999999993
2024-03-06,2024-03-06 07:00:00,149.844,149.575,149.365,-1.0,-20.999999999997954,-0.001404964437971896,20.999999999997954
2024-03-07,2024-03-07 07:00:00,148.194,148.242,148.139,1.0,-10.299999999998022,-0.0006950513301902761,-10.299999999998022
2024-03-08,2024-03-08 07:00:00,147.852,147.955,147.031,1.0,-92.40000000000066,-0.00626472457675707,-92.40000000000066
2024-03-11,2024-03-11 07:00:00,146.917,146.92,146.857,1.0,-6.299999999998818,-0.00042889675478846915,-6.299999999998818
2024-03-12,2024-03-12 07:00:00,147.394,147.372,147.693,-1.0,32.099999999999795,0.0021757926330568276,-32.099999999999795
2024-03-13,2024-03-13 07:00:00,147.742,147.664,147.737,-1.0,7.30000000000075,0.0004942434283298193,-7.30000000000075
2024-03-14,2024-03-14 07:00:00,147.887,147.938,148.189,1.0,25.100000000000477,0.0016952190115026825,25.100000000000477
2024-03-15,2024-03-15 07:00:00,148.214,148.404,149.136,1.0,73.19999999999993,0.004920356770881042,73.19999999999993
2024-03-18,2024-03-18 07:00:00,149.219,149.239,149.134,1.0,-10.500000000001819,-0.0007038170634367564,-10.500000000001819
2024-03-19,2024-03-19 07:00:00,150.365,150.099,150.731,-1.0,63.2000000000005,0.0042017147877439955,-63.2000000000005
2024-03-20,2024-03-20 07:00:00,151.472,151.431,151.661,-1.0,22.999999999998977,0.0015176912894317974,-22.999999999998977
2024-03-21,2024-03-21 07:00:00,150.997,150.879,151.593,-1.0,71.39999999999986,0.0047211069202181995,-71.39999999999986
2024-03-22,2024-03-22 07:00:00,151.307,151.451,151.348,1.0,-10.299999999998022,-0.0006803193139517723,-10.299999999998022
2024-03-25,2024-03-25 07:00:00,151.319,151.274,151.419,-1.0,14.500000000001023,0.0009580664970197713,-14.500000000001023
2024-03-26,2024-03-26 07:00:00,151.311,151.278,151.581,-1.0,30.299999999999727,0.002000931793964385,-30.299999999999727
2024-03-27,2024-03-27 07:00:00,151.692,151.668,151.343,-1.0,-32.500000000001705,-0.0021451374677953594,32.500000000001705
2024-03-28,2024-03-28 07:00:00,151.34,151.409,151.34,1.0,-6.89999999999884,-0.00045582314851373994,-6.89999999999884
2024-03-29,2024-03-29 07:00:00,151.409,151.366,151.225,-1.0,-14.100000000001955,-0.0009319511168889862,14.100000000001955
2024-04-01,2024-04-01 06:00:00,151.383,151.313,151.697,-1.0,38.400000000001455,0.002534571173028195,-38.400000000001455
2024-04-03,2024-04-03 06:00:00,151.593,151.646,151.785,1.0,13.900000000001,0.000916188588002392,13.900000000001
2024-04-04,2024-04-04 06:00:00,151.64,151.664,151.664,1.0,0.0,0.0,0.0
2024-04-05,2024-04-05 06:00:00,151.184,151.227,151.521,1.0,29.399999999998272,0.0019422099727719876,29.399999999998272
2024-04-09,2024-04-09 06:00:00,151.892,151.875,151.651,-1.0,-22.399999999998954,-0.001475985850740658,22.399999999998954
2024-04-10,2024-04-10 06:00:00,151.809,151.796,152.771,-1.0,97.49999999999943,0.006402553990776461,-97.49999999999943
2024-04-11,2024-04-11 06:00:00,152.969,153.074,153.272,1.0,19.799999999997908,0.0012926561963977326,19.799999999997908
2024-04-15,2024-04-15 06:00:00,153.829,153.828,154.33,-1.0,50.200000000000955,0.0032580717947423045,-50.200000000000955
2024-04-24,2024-04-24 06:00:00,154.872,154.917,155.002,1.0,8.500000000000796,0.0005485304362190349,8.500000000000796
2024-04-25,2024-04-25 06:00:00,155.661,155.629,155.566,-1.0,-6.299999999998818,-0.0004048908296127027,6.299999999998818
2024-04-26,2024-04-26 06:00:00,156.104,155.971,157.265,-1.0,129.39999999999827,0.008262188005844644,-129.39999999999827
2024-05-17,2024-05-17 06:00:00,155.799,155.717,155.403,-1.0,-31.400000000002137,-0.002018514442102691,31.400000000002137
2024-05-20,2024-05-20 06:00:00,155.703,155.736,156.066,1.0,33.00000000000125,0.002116728713830406,33.00000000000125
2024-05-21,2024-05-21 06:00:00,156.375,156.29,155.945,-1.0,-34.499999999999886,-0.002209874872464378,34.499999999999886
2024-05-22,2024-05-22 06:00:00,156.296,156.432,156.521,1.0,8.899999999999864,0.0005687755183642024,8.899999999999864
2024-05-23,2024-05-23 06:00:00,156.721,156.627,156.993,-1.0,36.599999999998545,0.002334035878805815,-36.599999999998545
2024-05-24,2024-05-24 06:00:00,157.08,157.069,156.987,-1.0,-8.199999999999363,-0.0005221998743114933,8.199999999999363
2024-05-27,2024-05-27 06:00:00,156.761,156.802,156.722,1.0,-7.999999999998408,-0.0005103277690780029,-7.999999999998408
2024-05-28,2024-05-28 06:00:00,156.837,156.849,156.865,1.0,1.6000000000019554,0.000102003735975325,1.6000000000019554
2024-05-29,2024-05-29 06:00:00,157.223,157.1,157.497,-1.0,39.70000000000198,0.0025238652036566694,-39.70000000000198
2024-05-30,2024-05-30 06:00:00,156.96,156.84,156.591,-1.0,-24.899999999999523,-0.0015888667833323321,24.899999999999523
2024-05-31,2024-05-31 06:00:00,156.801,156.921,157.159,1.0,23.799999999999955,0.0015155377327704346,23.799999999999955
2024-06-03,2024-06-03 06:00:00,157.411,157.268,156.195,-1.0,-107.30000000000075,-0.006846129788272166,107.30000000000075
2024-06-04,2024-06-04 06:00:00,156.194,155.952,154.88,-1.0,-107.20000000000027,-0.006897644066587302,107.20000000000027
2024-06-05,2024-06-05 06:00:00,155.643,155.759,156.314,1.0,55.50000000000068,0.0035568638435340572,55.50000000000068
2024-06-06,2024-06-06 06:00:00,155.908,156.132,156.029,1.0,-10.300000000000864,-0.0006599159006919448,-10.300000000000864
2024-06-07,2024-06-07 06:00:00,155.51,155.171,156.87,-1.0,169.90000000000123,0.010889702248829418,-169.90000000000123
2024-06-10,2024-06-10 06:00:00,157.065,157.1,156.903,1.0,-19.700000000000273,-0.0012547652464912661,-19.700000000000273
2024-06-11,2024-06-11 06:00:00,157.28,157.279,157.318,-1.0,3.900000000001569,0.00024793624986760597,-3.900000000001569
2024-06-12,2024-06-12 06:00:00,157.245,157.201,155.777,-1.0,-142.40000000000066,-0.009099743919509112,142.40000000000066
2024-06-13,2024-06-13 06:00:00,157.08,157.227,156.941,1.0,-28.600000000000136,-0.0018206824310862096,-28.600000000000136
2024-06-14,2024-06-14 06:00:00,158.15,158.16,157.38,1.0,-78.00000000000011,-0.004943915755524216,-78.00000000000011
2024-06-17,2024-06-17 06:00:00,157.451,157.339,157.855,-1.0,51.59999999999911,0.003274176925766412,-51.59999999999911
2024-06-18,2024-06-18 06:00:00,157.837,157.89,157.969,1.0,7.900000000000773,0.0005002232112893504,7.900000000000773
2024-06-19,2024-06-19 06:00:00,157.785,157.828,157.898,1.0,6.999999999999318,0.00044342246851365074,6.999999999999318
2024-06-21,2024-06-21 06:00:00,158.95,158.991,159.575,1.0,58.399999999997476,0.0036664342975283,58.399999999997476
2024-06-25,2024-06-25 06:00:00,159.455,159.482,159.689,1.0,20.699999999999363,0.0012971105083046837,20.699999999999363
2024-06-27,2024-06-27 06:00:00,160.402,160.327,160.592,-1.0,26.500000000001478,0.001651507453480791,-26.500000000001478
2024-06-28,2024-06-28 06:00:00,160.941,160.897,160.83,-1.0,-6.699999999997885,-0.00041650219576561,6.699999999997885
2024-07-03,2024-07-03 06:00:00,161.867,161.922,161.331,1.0,-59.10000000000082,-0.003656582667457147,-59.10000000000082
2024-07-04,2024-07-04 06:00:00,161.48,161.37,161.06,-1.0,-31.000000000000227,-0.0019228985858620914,31.000000000000227
2024-07-05,2024-07-05 06:00:00,160.677,160.639,160.962,-1.0,32.29999999999791,0.002008700897108263,-32.29999999999791
2024-07-08,2024-07-08 06:00:00,160.696,160.743,160.615,1.0,-12.79999999999859,-0.0007966193887755703,-12.79999999999859
2024-07-09,2024-07-09 06:00:00,160.903,160.817,161.361,-1.0,54.39999999999827,0.003377018399721309,-54.39999999999827
2024-07-10,2024-07-10 06:00:00,161.499,161.403,161.66,-1.0,25.7000000000005,0.0015910212819978807,-25.7000000000005
2024-07-11,2024-07-11 06:00:00,161.695,161.694,158.554,-1.0,-313.99999999999864,-0.019610430842614327,313.99999999999864
2024-07-12,2024-07-12 06:00:00,159.036,159.139,157.716,1.0,-142.30000000000018,-0.008982086866482183,-142.30000000000018
2024-07-15,2024-07-15 06:00:00,157.952,158.202,157.86,1.0,-34.199999999998454,-0.0021641331984164174,-34.199999999998454
2024-07-16,2024-07-16 06:00:00,158.726,158.565,158.588,-1.0,2.2999999999996135,0.00014504040661956477,-2.2999999999996135
2024-07-17,2024-07-17 06:00:00,157.891,157.95,156.498,1.0,-145.19999999999982,-0.009235296902261152,-145.19999999999982
2024-07-18,2024-07-18 06:00:00,156.03,156.232,156.756,1.0,52.40000000000009,0.0033483743119453167,52.40000000000009
2024-07-19,2024-07-19 06:00:00,157.768,157.772,157.338,1.0,-43.39999999999975,-0.0027545953757432805,-43.39999999999975
2024-07-25,2024-07-25 06:00:00,152.738,152.83,153.639,1.0,80.89999999999975,0.005279502195090077,80.89999999999975
2024-07-26,2024-07-26 06:00:00,153.642,153.663,153.5,1.0,-16.30000000000109,-0.0010613258452382064,-16.30000000000109
2024-07-30,2024-07-30 06:00:00,154.662,154.904,154.599,1.0,-30.500000000000682,-0.001970902373999188,-30.500000000000682
2024-07-31,2024-07-31 06:00:00,152.869,152.757,150.434,-1.0,-232.30000000000075,-0.01532397371866429,232.30000000000075
2024-08-01,2024-08-01 06:00:00,149.76,150.025,150.046,1.0,2.0999999999986585,0.0001399668747347282,2.0999999999986585
2024-08-02,2024-08-02 06:00:00,148.939,149.052,146.671,1.0,-238.10000000000002,-0.01610325508777274,-238.10000000000002
2024-08-05,2024-08-05 06:00:00,142.649,142.565,142.655,-1.0,9.000000000000341,0.0006310918097404347,-9.000000000000341
2024-08-06,2024-08-06 06:00:00,145.862,145.871,144.501,1.0,-137.00000000000045,-0.009436241550066688,-137.00000000000045
2024-08-07,2024-08-07 06:00:00,146.973,146.941,147.271,-1.0,32.99999999999841,0.002243281296402146,-32.99999999999841
2024-08-09,2024-08-09 06:00:00,147.014,147.096,146.538,1.0,-55.79999999999927,-0.0038006543635348464,-55.79999999999927
2024-08-12,2024-08-12 06:00:00,147.198,147.26,147.873,1.0,61.299999999999955,0.004154065329915381,61.299999999999955
2024-08-14,2024-08-14 06:00:00,147.086,147.148,146.76,1.0,-38.80000000000052,-0.002640283526809607,-38.80000000000052
2024-08-15,2024-08-15 06:00:00,147.14,147.224,149.035,1.0,181.1000000000007,0.012225941206897127,181.1000000000007
2024-08-19,2024-08-19 06:00:00,145.423,145.472,146.364,1.0,89.19999999999959,0.0061130414190235325,89.19999999999959
2024-08-20,2024-08-20 06:00:00,147.288,147.103,145.596,-1.0,-150.7000000000005,-0.010297358831293827,150.7000000000005
2024-08-21,2024-08-21 06:00:00,145.666,145.848,145.647,1.0,-20.100000000002183,-0.0013790976301961259,-20.100000000002183
2024-08-30,2024-08-30 06:00:00,144.867,145.043,145.591,1.0,54.80000000000018,0.003771070483317533,54.80000000000018
2024-09-04,2024-09-04 06:00:00,145.165,145.276,144.118,1.0,-115.80000000000155,-0.008002972975144934,-115.80000000000155
2024-09-05,2024-09-05 06:00:00,143.4,143.076,143.916,-1.0,84.00000000000034,0.00585383842558913,-84.00000000000034
2024-09-09,2024-09-09 06:00:00,142.912,142.945,142.737,1.0,-20.79999999999984,-0.0014561648038999037,-20.79999999999984
2024-09-10,2024-09-10 06:00:00,143.154,143.251,142.717,1.0,-53.39999999999918,-0.003734687941875481,-53.39999999999918
2024-09-11,2024-09-11 06:00:00,141.287,141.369,141.424,1.0,5.500000000000682,0.00038897710122573384,5.500000000000682
2024-09-12,2024-09-12 06:00:00,142.831,142.636,142.484,-1.0,-15.199999999998681,-0.0010662178338925064,15.199999999998681
2024-09-13,2024-09-13 06:00:00,140.86,140.942,140.639,1.0,-30.299999999999727,-0.002152134674924767,-30.299999999999727
2024-09-16,2024-09-16 06:00:00,140.19,140.152,140.448,-1.0,29.60000000000207,0.0021097655723027573,-29.60000000000207
2024-09-17,2024-09-17 06:00:00,140.699,140.553,141.699,-1.0,114.6000000000015,0.008120447666784351,-114.6000000000015
2024-09-19,2024-09-19 06:00:00,142.568,142.718,142.913,1.0,19.50000000000216,0.0013653982256483475,19.50000000000216
2024-09-20,2024-09-20 06:00:00,142.282,141.927,144.42,-1.0,249.2999999999995,0.017412880115562687,-249.2999999999995
2024-10-01,2024-10-01 06:00:00,144.263,144.428,143.603,1.0,-82.49999999999886,-0.00572856571779238,-82.49999999999886
2024-10-02,2024-10-02 06:00:00,143.706,143.878,146.192,1.0,231.40000000000214,0.015955107998070258,231.40000000000214
2024-10-03,2024-10-03 06:00:00,146.557,146.644,146.774,1.0,12.999999999999545,0.0008861079313893087,12.999999999999545
2024-10-08,2024-10-08 06:00:00,147.976,147.887,148.311,-1.0,42.40000000000066,0.0028629517391027645,-42.40000000000066
2024-10-15,2024-10-15 06:00:00,149.637,149.415,149.229,-1.0,-18.599999999997863,-0.0012456304097835861,18.599999999997863
2024-10-16,2024-10-16 06:00:00,149.359,149.251,149.627,-1.0,37.60000000000048,0.002516078121242227,-37.60000000000048
2024-10-17,2024-10-17 06:00:00,149.51,149.618,150.02,1.0,40.20000000000152,0.002683239383471976,40.20000000000152
2024-10-18,2024-10-18 06:00:00,149.885,149.889,149.599,1.0,-29.000000000002046,-0.0019366391350492112,-29.000000000002046
2024-10-24,2024-10-24 06:00:00,152.382,152.215,151.926,-1.0,-28.90000000000157,-0.001900434909996671,28.90000000000157
2024-10-30,2024-10-30 07:00:00,153.275,153.33,153.155,1.0,-17.500000000001137,-0.001141980971456588,-17.500000000001137
2024-10-31,2024-10-31 07:00:00,152.177,152.257,152.356,1.0,9.899999999998954,0.0006500051113094699,9.899999999998954
2024-11-01,2024-11-01 07:00:00,152.398,152.312,152.942,-1.0,62.999999999999545,0.004127715898869461,-62.999999999999545
2024-11-04,2024-11-04 07:00:00,152.145,152.225,151.99,1.0,-23.499999999998522,-0.0015449602862678696,-23.499999999998522
2024-11-05,2024-11-05 07:00:00,152.349,152.261,152.042,-1.0,-21.89999999999941,-0.0014393551020483583,21.89999999999941
2024-11-06,2024-11-06 07:00:00,154.047,153.747,154.349,-1.0,60.199999999997544,0.0039078778440519,-60.199999999997544
2024-11-07,2024-11-07 07:00:00,153.932,153.783,152.961,-1.0,-82.19999999999743,-0.005359530863730951,82.19999999999743
2024-11-08,2024-11-08 07:00:00,152.763,152.82,152.42,1.0,-40.00000000000057,-0.0026208899814493245,-40.00000000000057
2024-11-11,2024-11-11 07:00:00,153.396,153.353,153.857,-1.0,50.39999999999907,0.003281146135663205,-50.39999999999907
2024-11-15,2024-11-15 07:00:00,156.097,155.851,154.947,-1.0,-90.39999999999964,-0.005817299656703243,90.39999999999964
2024-11-18,2024-11-18 07:00:00,154.582,154.694,154.992,1.0,29.800000000000182,0.001924530601823525,29.800000000000182
2024-11-21,2024-11-21 07:00:00,154.76,154.675,154.319,-1.0,-35.6000000000023,-0.002304252882046774,35.6000000000023
2024-11-22,2024-11-22 07:00:00,154.899,154.797,154.897,-1.0,9.999999999999432,0.000645798778636185,-9.999999999999432
2024-11-29,2024-11-29 07:00:00,150.0,149.595,150.179,-1.0,58.40000000000032,0.0038962734513727573,-58.40000000000032
2024-12-02,2024-12-02 07:00:00,150.306,150.15,149.871,-1.0,-27.899999999999636,-0.001859870345239003,27.899999999999636
2024-12-03,2024-12-03 07:00:00,150.11,149.946,149.15,-1.0,-79.59999999999923,-0.005322718319941999,79.59999999999923
2024-12-10,2024-12-10 07:00:00,151.222,151.319,152.125,1.0,80.60000000000116,0.005312360076462234,80.60000000000116
2024-12-11,2024-12-11 07:00:00,151.761,151.489,152.457,-1.0,96.79999999999893,0.006369574021459686,-96.79999999999893
2024-12-12,2024-12-12 07:00:00,152.479,152.39,152.285,-1.0,-10.499999999998977,-0.0006892590738125381,10.499999999998977
2024-12-13,2024-12-13 07:00:00,152.708,152.849,153.661,1.0,81.20000000000118,0.005298371339191397,81.20000000000118
2024-12-16,2024-12-16 07:00:00,153.65,153.628,154.234,-1.0,60.6000000000023,0.003936833923525501,-60.6000000000023
2024-12-17,2024-12-17 07:00:00,154.139,154.101,153.509,-1.0,-59.200000000001296,-0.00384903436738984,59.200000000001296
2024-12-18,2024-12-18 07:00:00,153.469,153.403,154.021,-1.0,61.7999999999995,0.004020511296919419,-61.7999999999995
2024-12-19,2024-12-19 07:00:00,156.101,156.483,157.712,1.0,122.8999999999985,0.007823207041210879,122.8999999999985
2024-12-20,2024-12-20 07:00:00,156.981,156.904,156.503,-1.0,-40.100000000001046,-0.002558974233657768,40.100000000001046
2024-12-26,2024-12-26 07:00:00,157.372,157.416,158.068,1.0,65.20000000000152,0.004133337527459093,65.20000000000152
2024-12-27,2024-12-27 07:00:00,157.752,157.808,157.571,1.0,-23.699999999999477,-0.0015029538720884052,-23.699999999999477
2024-12-30,2024-12-30 07:00:00,157.867,157.82,157.176,-1.0,-64.40000000000055,-0.004088946509026777,64.40000000000055
2024-12-31,2024-12-31 07:00:00,156.356,156.146,157.159,-1.0,101.30000000000052,0.00646656472130126,-101.30000000000052
2025-01-02,2025-01-02 07:00:00,156.66,156.717,157.149,1.0,43.199999999998795,0.002752768842744645,43.199999999998795
2025-01-06,2025-01-06 07:00:00,157.649,157.562,157.532,-1.0,-3.0000000000001137,-0.00019041936749442933,3.0000000000001137
2025-01-13,2025-01-13 07:00:00,157.528,157.447,157.517,-1.0,6.999999999999318,0.00044449525121924353,-6.999999999999318
2025-01-14,2025-01-14 07:00:00,157.48,157.352,157.962,-1.0,60.99999999999852,0.003869163823976118,-60.99999999999852
2025-01-15,2025-01-15 07:00:00,157.342,157.169,156.289,-1.0,-88.00000000000239,-0.005614802059003976,88.00000000000239
2025-01-16,2025-01-16 07:00:00,156.097,156.114,155.425,1.0,-68.8999999999993,-0.004423209443082085,-68.8999999999993
2025-01-17,2025-01-17 07:00:00,155.638,155.739,156.105,1.0,36.599999999998545,0.0023473285877137528,36.599999999998545
2025-01-20,2025-01-20 07:00:00,156.195,156.196,155.687,1.0,-50.89999999999861,-0.0032640474274475044,-50.89999999999861
2025-01-21,2025-01-21 07:00:00,155.514,155.598,155.326,1.0,-27.200000000001978,-0.0017496241485820683,-27.200000000001978
2025-01-22,2025-01-22 07:00:00,155.883,155.948,156.398,1.0,44.99999999999886,0.002881421957362541,44.99999999999886
2025-01-23,2025-01-23 07:00:00,156.605,156.576,156.163,-1.0,-41.29999999999825,-0.00264118156088699,41.29999999999825
2025-01-24,2025-01-24 07:00:00,155.36,155.378,155.726,1.0,34.80000000000132,0.0022371949261095958,34.80000000000132
2025-01-28,2025-01-28 07:00:00,155.771,155.775,155.714,1.0,-6.100000000000705,-0.0003916671264783412,-6.100000000000705
2025-01-29,2025-01-29 07:00:00,155.226,155.282,155.007,1.0,-27.50000000000057,-0.0017725415467641885,-27.50000000000057
2025-01-30,2025-01-30 07:00:00,154.432,154.451,154.132,1.0,-31.89999999999884,-0.0020675157972646703,-31.89999999999884
2025-01-31,2025-01-31 07:00:00,154.689,154.668,154.82,-1.0,15.199999999998681,0.0009822675659245654,-15.199999999998681
2025-02-03,2025-02-03 07:00:00,155.384,155.534,154.723,1.0,-81.09999999999786,-0.005227935854084746,-81.09999999999786
2025-02-04,2025-02-04 07:00:00,155.22,155.278,154.673,1.0,-60.49999999999898,-0.0039038478233733433,-60.49999999999898
2025-02-05,2025-02-05 07:00:00,153.187,153.098,152.136,-1.0,-96.20000000000175,-0.006303381571053966,96.20000000000175
2025-02-06,2025-02-06 07:00:00,152.56,152.626,151.687,1.0,-93.8999999999993,-0.006171297185083929,-93.8999999999993
2025-02-07,2025-02-07 07:00:00,151.834,151.76,151.385,-1.0,-37.5,-0.0024740648289177116,37.5
2025-02-10,2025-02-10 07:00:00,151.892,152.07,151.607,1.0,-46.299999999999386,-0.0030492948676090034,-46.299999999999386
2025-02-11,2025-02-11 07:00:00,151.916,151.892,152.491,-1.0,59.900000000001796,0.003935835925456611,-59.900000000001796
2025-02-12,2025-02-12 07:00:00,153.587,153.481,154.439,-1.0,95.79999999999984,0.006222415504165389,-95.79999999999984
2025-02-13,2025-02-13 07:00:00,154.049,154.156,153.133,1.0,-102.29999999999961,-0.006658251869265102,-102.29999999999961
2025-02-14,2025-02-14 07:00:00,152.501,152.681,152.138,1.0,-54.30000000000064,-0.003562773805926087,-54.30000000000064
2025-02-17,2025-02-17 07:00:00,151.705,151.649,151.364,-1.0,-28.49999999999966,-0.0018811079659352503,28.49999999999966
2025-03-05,2025-03-05 07:00:00,149.689,149.714,148.913,1.0,-80.09999999999877,-0.005364564630576122,-80.09999999999877
2025-03-06,2025-03-06 07:00:00,148.78,148.533,148.238,-1.0,-29.49999999999875,-0.001988065526370554,29.49999999999875
2025-03-07,2025-03-07 07:00:00,147.491,147.69,147.517,1.0,-17.300000000000182,-0.0011720590623155805,-17.300000000000182
2025-03-11,2025-03-11 07:00:00,147.233,147.115,147.494,-1.0,37.89999999999907,0.002572903129750075,-37.89999999999907
2025-03-12,2025-03-12 07:00:00,148.358,148.343,148.317,-1.0,-2.5999999999982037,-0.0001752848383101621,2.5999999999982037
2025-03-13,2025-03-13 07:00:00,147.792,147.898,147.704,1.0,-19.39999999999884,-0.0013125758814406916,-19.39999999999884
2025-03-14,2025-03-14 07:00:00,148.703,148.915,148.517,1.0,-39.79999999999961,-0.0026762435618824204,-39.79999999999961
2025-03-17,2025-03-17 07:00:00,148.966,148.941,148.555,-1.0,-38.59999999999957,-0.002594994330076116,38.59999999999957
2025-03-18,2025-03-18 07:00:00,149.736,149.778,149.491,1.0,-28.69999999999777,-0.0019180074647455454,-28.69999999999777
2025-03-19,2025-03-19 07:00:00,149.664,149.421,150.031,-1.0,61.000000000001364,0.004074114340543164,-61.000000000001364
2025-03-21,2025-03-21 07:00:00,149.571,149.286,148.979,-1.0,-30.699999999998795,-0.002058572802139231,30.699999999998795
2025-03-27,2025-03-27 07:00:00,150.39,150.424,150.967,1.0,54.30000000000064,0.0036032966313820055,54.30000000000064
2025-04-07,2025-04-07 06:00:00,145.738,145.595,147.566,-1.0,197.10000000000036,0.013446738814091246,-197.10000000000036
2025-04-08,2025-04-08 06:00:00,147.6,147.498,147.337,-1.0,-16.100000000000136,-0.0010921363881689374,16.100000000000136
2025-04-09,2025-04-09 06:00:00,145.103,145.39,144.722,1.0,-66.7999999999978,-0.004605126161847566,-66.7999999999978
2025-04-14,2025-04-14 06:00:00,142.765,142.535,143.282,-1.0,74.70000000000141,0.0052271327517313376,-74.70000000000141
2025-04-15,2025-04-15 06:00:00,143.066,143.001,142.723,-1.0,-27.79999999999916,-0.0019459344522987489,27.79999999999916
2025-04-16,2025-04-16 06:00:00,142.141,142.364,142.505,1.0,14.099999999999113,0.0009899287849117178,14.099999999999113
2025-04-18,2025-04-18 06:00:00,142.352,142.323,142.289,-1.0,-3.4000000000020236,-0.00023892176128735587,3.4000000000020236
2025-04-21,2025-04-21 06:00:00,140.645,140.815,140.901,1.0,8.600000000001273,0.0006105439710310842,8.600000000001273
2025-04-22,2025-04-22 06:00:00,139.92,140.128,140.717,1.0,58.900000000002706,0.004194490651852612,58.900000000002706
2025-04-23,2025-04-23 06:00:00,142.075,141.808,142.631,-1.0,82.30000000000075,0.0057868456624358055,-82.30000000000075
2025-04-24,2025-04-24 06:00:00,142.783,142.84,142.472,1.0,-36.7999999999995,-0.0025796335525431254,-36.7999999999995
2025-04-25,2025-04-25 06:00:00,143.626,143.669,143.985,1.0,31.60000000000025,0.0021970848805564405,31.60000000000025
2025-04-28,2025-04-28 06:00:00,143.49,143.679,142.849,1.0,-83.00000000000125,-0.005793516316494069,-83.00000000000125
2025-04-29,2025-04-29 06:00:00,142.447,142.393,142.367,-1.0,-2.600000000001046,-0.00018260991763071244,2.600000000001046
2025-04-30,2025-04-30 06:00:00,142.498,142.558,142.634,1.0,7.599999999999341,0.0005329742895947253,7.599999999999341
2025-05-01,2025-05-01 06:00:00,144.049,144.192,145.35,1.0,115.7999999999987,0.007998882195105526,115.7999999999987
2025-05-02,2025-05-02 06:00:00,145.25,145.116,144.006,-1.0,-111.00000000000136,-0.007678457216502985,111.00000000000136
2025-05-05,2025-05-05 06:00:00,144.177,144.344,143.772,1.0,-57.20000000000027,-0.00397062816023502,-57.20000000000027
2025-05-06,2025-05-06 06:00:00,143.792,143.868,142.854,1.0,-101.39999999999816,-0.007073082828696506,-101.39999999999816
2025-05-07,2025-05-07 06:00:00,143.056,142.944,143.304,-1.0,36.000000000001364,0.00251530274309296,-36.000000000001364
2025-05-08,2025-05-08 06:00:00,143.924,144.24,145.011,1.0,77.09999999999866,0.00533102271709673,77.09999999999866
2025-05-09,2025-05-09 06:00:00,145.428,145.444,145.001,1.0,-44.29999999999836,-0.003050493852732534,-44.29999999999836
2025-05-12,2025-05-12 06:00:00,146.011,146.033,148.196,1.0,216.3000000000011,0.014703098379175683,216.3000000000011
2025-05-13,2025-05-13 06:00:00,147.816,147.939,147.839,1.0,-9.999999999999432,-0.0006761828385491061,-9.999999999999432
2025-05-14,2025-05-14 06:00:00,147.069,147.021,146.309,-1.0,-71.19999999999891,-0.0048546101545858915,71.19999999999891
2025-05-15,2025-05-15 06:00:00,145.98,145.806,145.858,-1.0,5.19999999999925,0.0003565746924608535,-5.19999999999925
2025-05-16,2025-05-16 06:00:00,145.224,145.232,145.952,1.0,71.99999999999989,0.004945336745018574,71.99999999999989
2025-05-19,2025-05-19 06:00:00,145.166,145.099,144.893,-1.0,-20.599999999998886,-0.0014207290866672794,20.599999999998886
2025-05-20,2025-05-20 06:00:00,144.38,144.476,144.56,1.0,8.400000000000318,0.00058124249134988,8.400000000000318
2025-05-21,2025-05-21 06:00:00,143.571,143.555,143.67,-1.0,11.499999999998067,0.0008007659928283428,-11.499999999998067
2025-05-22,2025-05-22 06:00:00,143.365,143.213,143.758,-1.0,54.50000000000159,0.0037982977738454824,-54.50000000000159
2025-05-23,2025-05-23 06:00:00,143.427,143.484,142.66,1.0,-82.40000000000123,-0.005759353875551259,-82.40000000000123
2025-05-26,2025-05-26 06:00:00,142.515,142.774,142.782,1.0,0.8000000000009777,5.6031041211642354e-05,0.8000000000009777
2025-05-27,2025-05-27 06:00:00,143.26,143.158,144.391,-1.0,123.30000000000041,0.008575982229069851,-123.30000000000041
2025-05-29,2025-05-29 06:00:00,145.937,145.669,144.402,-1.0,-126.70000000000243,-0.008735847827502913,126.70000000000243
2025-05-30,2025-05-30 06:00:00,143.826,143.919,144.264,1.0,34.499999999999886,0.002394313091446162,34.499999999999886
2025-06-02,2025-06-02 06:00:00,143.352,143.216,142.668,-1.0,-54.80000000000018,-0.0038337274641752064,54.80000000000018
2025-06-04,2025-06-04 06:00:00,144.21,143.969,143.132,-1.0,-83.69999999999891,-0.0058307172131601736,83.69999999999891
2025-06-09,2025-06-09 06:00:00,144.412,144.284,144.614,-1.0,33.00000000000125,0.0022845443272465453,-33.00000000000125
2025-06-10,2025-06-10 06:00:00,144.554,144.522,144.8,-1.0,27.800000000002,0.0019217348529045272,-27.800000000002
2025-06-13,2025-06-13 06:00:00,143.537,143.607,144.121,1.0,51.400000000001,0.0035728225738893156,51.400000000001
2025-06-16,2025-06-16 06:00:00,144.066,144.169,144.053,1.0,-11.600000000001387,-0.0008049351282223519,-11.600000000001387
2025-06-17,2025-06-17 06:00:00,144.662,144.723,145.185,1.0,46.19999999999891,0.003187220712070058,46.19999999999891
2025-06-23,2025-06-23 06:00:00,147.11,147.371,146.563,1.0,-80.80000000000211,-0.005497846695093194,-80.80000000000211
2025-06-24,2025-06-24 06:00:00,145.305,145.111,144.739,-1.0,-37.19999999999857,-0.0025668463291334785,37.19999999999857
2025-06-26,2025-06-26 06:00:00,144.645,144.598,144.407,-1.0,-19.10000000000025,-0.0013217766322928732,19.10000000000025
2025-06-27,2025-06-27 06:00:00,144.425,144.339,144.88,-1.0,54.09999999999968,0.0037411140414924625,-54.09999999999968
2025-06-30,2025-06-30 06:00:00,143.909,143.903,144.445,-1.0,54.20000000000016,0.0037593507728690984,-54.20000000000016
2025-07-01,2025-07-01 06:00:00,143.579,143.63,143.439,1.0,-19.10000000000025,-0.0013306907272066534,-19.10000000000025
2025-07-02,2025-07-02 06:00:00,143.752,143.709,144.025,-1.0,31.60000000000025,0.0021964740145072373,-31.60000000000025
2025-07-03,2025-07-03 06:00:00,143.857,143.89,145.095,1.0,120.50000000000125,0.008339581527293846,120.50000000000125
2025-07-04,2025-07-04 06:00:00,144.333,144.274,144.521,-1.0,24.699999999998568,0.0017105563477683068,-24.699999999998568
2025-07-14,2025-07-14 06:00:00,147.365,147.358,147.462,-1.0,10.3999999999985,0.0007055152588958488,-10.3999999999985
2025-07-22,2025-07-22 06:00:00,147.771,147.836,146.452,1.0,-138.40000000000146,-0.009405821531729816,-138.40000000000146
2025-07-23,2025-07-23 06:00:00,147.16,146.84,146.416,-1.0,-42.40000000000066,-0.002891673455611173,42.40000000000066
2025-07-24,2025-07-24 06:00:00,146.012,146.22,146.781,1.0,56.100000000000705,0.0038293431458302674,56.100000000000705
2025-07-29,2025-07-29 06:00:00,148.237,148.245,148.472,1.0,22.700000000000387,0.0015300777797465192,22.700000000000387
2025-08-01,2025-08-01 06:00:00,150.476,150.536,148.088,1.0,-244.80000000000075,-0.016395566584959453,-244.80000000000075
2025-08-04,2025-08-04 06:00:00,147.779,147.795,147.228,1.0,-56.699999999997885,-0.0038437728455013257,-56.699999999997885
2025-08-05,2025-08-05 06:00:00,147.173,147.086,147.448,-1.0,36.19999999999948,0.0024581215226621273,-36.19999999999948
2025-08-07,2025-08-07 06:00:00,147.277,147.104,147.49,-1.0,38.59999999999957,0.0026205572475934374,-38.59999999999957
2025-08-08,2025-08-08 06:00:00,147.41,147.349,147.815,-1.0,46.60000000000082,0.003157569264393635,-46.60000000000082
2025-08-18,2025-08-18 06:00:00,147.386,147.451,147.941,1.0,49.00000000000091,0.003317628435695426,49.00000000000091
2025-08-19,2025-08-19 06:00:00,147.643,147.618,147.729,-1.0,11.100000000001842,0.0007516582543663305,-11.100000000001842
2025-08-20,2025-08-20 06:00:00,147.466,147.233,146.995,-1.0,-23.799999999999955,-0.0016177933569129807,23.799999999999955
2025-08-21,2025-08-21 06:00:00,147.422,147.512,148.155,1.0,64.30000000000007,0.004349494625336826,64.30000000000007
2025-08-22,2025-08-22 06:00:00,148.671,148.514,146.852,-1.0,-166.2000000000006,-0.011253953001970044,166.2000000000006
2025-08-25,2025-08-25 06:00:00,147.298,147.17,147.489,-1.0,31.900000000001683,0.0021652155517182543,-31.900000000001683
2025-08-26,2025-08-26 06:00:00,147.711,147.762,147.5,1.0,-26.200000000000045,-0.0017746954824193024,-26.200000000000045
2025-08-27,2025-08-27 06:00:00,147.815,147.754,147.863,-1.0,10.900000000000887,0.000737440708346817,-10.900000000000887
2025-08-28,2025-08-28 06:00:00,147.126,147.172,146.976,1.0,-19.599999999999795,-0.001332662666466117,-19.599999999999795
2025-08-29,2025-08-29 06:00:00,147.012,147.024,146.825,1.0,-19.900000000001228,-0.0013544373499459795,-19.900000000001228
2025-09-01,2025-09-01 06:00:00,146.914,146.866,147.291,-1.0,42.499999999998295,0.002889615380390448,-42.499999999998295
2025-09-02,2025-09-02 06:00:00,147.914,147.987,148.084,1.0,9.700000000000841,0.0006552482578204287,9.700000000000841
2025-09-03,2025-09-03 06:00:00,148.602,148.566,148.17,-1.0,-39.6000000000015,-0.0026690407303776734,39.6000000000015
2025-09-04,2025-09-04 06:00:00,148.228,148.179,148.739,-1.0,56.00000000000023,0.0037720896948248974,-56.00000000000023
2025-09-05,2025-09-05 06:00:00,148.173,148.211,147.078,1.0,-113.30000000000098,-0.007673875830377579,-113.30000000000098
2025-09-08,2025-09-08 06:00:00,148.132,148.035,147.748,-1.0,-28.700000000000614,-0.0019406124765088215,28.700000000000614
2025-09-09,2025-09-09 06:00:00,146.853,147.008,147.096,1.0,8.799999999999386,0.0005984277849071171,8.799999999999386
2025-09-10,2025-09-10 06:00:00,147.426,147.446,147.402,1.0,-4.400000000001114,-0.0002984588691571536,-4.400000000001114
2025-09-11,2025-09-11 06:00:00,147.581,147.709,147.186,1.0,-52.29999999999961,-0.0035470289312456945,-52.29999999999961
2025-09-12,2025-09-12 06:00:00,147.346,147.467,147.668,1.0,20.09999999999934,0.0013620887463432938,20.09999999999934
2025-09-15,2025-09-15 06:00:00,147.51,147.591,147.417,1.0,-17.40000000000066,-0.0011796291637997175,-17.40000000000066
2025-09-17,2025-09-17 06:00:00,146.512,146.491,146.341,-1.0,-15.000000000000568,-0.0010244782887079238,15.000000000000568
2025-09-19,2025-09-19 06:00:00,147.51,147.691,147.887,1.0,19.599999999999795,0.001326215271284256,19.599999999999795
2025-09-22,2025-09-22 06:00:00,148.256,148.066,147.877,-1.0,-18.899999999999295,-0.0012772731620275541,18.899999999999295
2025-09-23,2025-09-23 06:00:00,147.801,147.762,147.762,-1.0,0.0,0.0,-0.0
2025-09-24,2025-09-24 06:00:00,147.875,148.04,148.711,1.0,67.10000000000207,0.0045223176573717305,67.10000000000207
2025-09-29,2025-09-29 06:00:00,148.78,148.812,148.649,1.0,-16.30000000000109,-0.0010959420987276323,-16.30000000000109
2025-09-30,2025-09-30 06:00:00,148.287,148.193,147.687,-1.0,-50.60000000000002,-0.0034203088636419986,50.60000000000002
2025-10-01,2025-10-01 06:00:00,147.526,147.34,146.861,-1.0,-47.90000000000134,-0.0032562800483391637,47.90000000000134
2025-10-02,2025-10-02 06:00:00,147.16,147.163,147.328,1.0,16.499999999999204,0.0011205776561307636,16.499999999999204
2025-10-03,2025-10-03 06:00:00,147.782,147.587,147.446,-1.0,-14.099999999999113,-0.0009558253533321399,14.099999999999113
2025-10-08,2025-10-08 06:00:00,152.404,152.466,152.515,1.0,4.899999999997817,0.00032133149554628104,4.899999999997817
2025-10-13,2025-10-13 06:00:00,151.874,151.827,152.373,-1.0,54.59999999999923,0.0035897474446147867,-54.59999999999923
2025-10-14,2025-10-14 06:00:00,151.713,151.763,151.831,1.0,6.799999999998363,0.000447966699850145,6.799999999998363
2025-10-15,2025-10-15 06:00:00,151.202,151.033,151.401,-1.0,36.80000000000234,0.0024335900171214347,-36.80000000000234
2025-10-16,2025-10-16 06:00:00,151.055,151.072,150.774,1.0,-29.800000000000182,-0.001974517448090619,-29.800000000000182
2025-10-17,2025-10-17 06:00:00,149.747,149.794,150.425,1.0,63.10000000000002,0.004203604229994676,63.10000000000002
2025-10-20,2025-10-20 06:00:00,150.648,150.66,150.594,1.0,-6.60000000000025,-0.00043816846286497883,-6.60000000000025
2025-10-21,2025-10-21 06:00:00,151.514,151.57,151.869,1.0,29.90000000000066,0.00197074269801852,29.90000000000066
2025-10-22,2025-10-22 06:00:00,151.86,151.804,151.885,-1.0,8.099999999998886,0.0005334404731206158,-8.099999999998886
2025-10-23,2025-10-23 06:00:00,152.375,152.433,152.615,1.0,18.200000000001637,0.0011932549736118321,18.200000000001637
2025-10-24,2025-10-24 06:00:00,152.958,152.962,152.766,1.0,-19.599999999999795,-0.001282185647712974,-19.599999999999795
2025-10-27,2025-10-27 07:00:00,152.98,153.009,153.095,1.0,8.600000000001273,0.0005619005453229516,8.600000000001273
2025-10-28,2025-10-28 07:00:00,152.025,152.149,152.143,1.0,-0.6000000000000227,-3.9435805087058426e-05,-0.6000000000000227
2025-10-29,2025-10-29 07:00:00,152.148,152.031,151.911,-1.0,-12.000000000000455,-0.0007896243772500362,12.000000000000455
2025-10-30,2025-10-30 07:00:00,153.336,153.358,154.172,1.0,81.3999999999993,0.005293804838458048,81.3999999999993
2025-10-31,2025-10-31 07:00:00,154.225,154.257,154.04,1.0,-21.700000000001296,-0.0014077336843109855,-21.700000000001296
2025-11-03,2025-11-03 07:00:00,154.188,154.214,154.099,1.0,-11.50000000000091,-0.0007459951758973689,-11.50000000000091
2025-11-04,2025-11-04 07:00:00,153.624,153.409,153.382,-1.0,-2.6999999999986812,-0.00017601559413216126,2.6999999999986812
2025-11-05,2025-11-05 07:00:00,153.666,153.554,154.305,-1.0,75.10000000000048,0.004878866557038818,-75.10000000000048
2025-11-06,2025-11-06 07:00:00,153.983,153.88,153.044,-1.0,-83.59999999999843,-0.005447616136002992,83.59999999999843
2025-11-07,2025-11-07 07:00:00,153.506,153.434,153.138,-1.0,-29.599999999999227,-0.001931031483495493,29.599999999999227
2025-11-10,2025-11-10 07:00:00,154.029,154.057,154.029,1.0,-2.7999999999991587,-0.00018176742907557707,-2.7999999999991587
2025-11-11,2025-11-11 07:00:00,154.198,154.206,153.97,1.0,-23.599999999999,-0.0015315926362440891,-23.599999999999
2025-11-12,2025-11-12 07:00:00,154.61,154.551,154.739,-1.0,18.80000000000166,0.0012156876921576854,-18.80000000000166
2025-11-13,2025-11-13 07:00:00,154.894,154.808,154.2,-1.0,-60.80000000000041,-0.003935178277617101,60.80000000000041
2025-11-14,2025-11-14 07:00:00,154.6,154.562,154.428,-1.0,-13.400000000001455,-0.0008673420395514326,13.400000000001455
2025-11-17,2025-11-17 07:00:00,154.678,154.728,155.196,1.0,46.79999999999893,0.003020097544678788,46.79999999999893
2025-11-18,2025-11-18 07:00:00,155.181,154.981,155.274,-1.0,29.300000000000637,0.0018887694773991363,-29.300000000000637
2025-11-19,2025-11-19 07:00:00,155.449,155.455,156.506,1.0,105.09999999999877,0.0067380472327788505,105.09999999999877
2025-11-20,2025-11-20 07:00:00,157.736,157.618,157.679,-1.0,6.100000000000705,0.0003869367660402068,-6.100000000000705
2025-11-21,2025-11-21 07:00:00,157.169,157.069,156.533,-1.0,-53.600000000000136,-0.0034183488749100557,53.600000000000136
2025-11-24,2025-11-24 07:00:00,156.723,156.763,156.797,1.0,3.3999999999991815,0.0002168643968187134,3.3999999999991815
2025-11-25,2025-11-25 07:00:00,156.684,156.588,156.146,-1.0,-44.20000000000073,-0.002826685261620533,44.20000000000073
2025-11-26,2025-11-26 07:00:00,156.204,156.398,156.417,1.0,1.9000000000005457,0.00012147755077838494,1.9000000000005457
2025-11-27,2025-11-27 07:00:00,156.136,156.245,156.307,1.0,6.19999999999834,0.00039673398866885986,6.19999999999834
2025-11-28,2025-11-28 07:00:00,156.381,156.373,156.034,-1.0,-33.899999999999864,-0.002170246716985573,33.899999999999864
2025-12-01,2025-12-01 07:00:00,155.563,155.405,155.097,-1.0,-30.799999999999272,-0.001983884812457412,30.799999999999272
2025-12-02,2025-12-02 07:00:00,155.76,155.799,155.872,1.0,7.30000000000075,0.00046844269332033713,7.30000000000075
2025-12-03,2025-12-03 07:00:00,155.608,155.643,155.217,1.0,-42.59999999999877,-0.002740785348211788,-42.59999999999877
2025-12-04,2025-12-04 07:00:00,155.293,155.295,154.634,1.0,-66.10000000000014,-0.004265499531909861,-66.10000000000014
2025-12-05,2025-12-05 07:00:00,154.564,154.416,155.254,-1.0,83.79999999999939,0.00541222621222867,-83.79999999999939
2025-12-08,2025-12-08 07:00:00,155.228,155.301,155.858,1.0,55.70000000000164,0.0035801670203978,55.70000000000164
2025-12-09,2025-12-09 07:00:00,156.006,156.108,156.866,1.0,75.80000000000098,0.004843862314946774,75.80000000000098
2025-12-10,2025-12-10 07:00:00,156.671,156.685,156.477,1.0,-20.79999999999984,-0.0013283861425496283,-20.79999999999984
2025-12-11,2025-12-11 07:00:00,155.964,155.921,155.169,-1.0,-75.19999999999811,-0.0048346231942128694,75.19999999999811
2025-12-12,2025-12-12 07:00:00,155.655,155.665,155.883,1.0,21.800000000001774,0.001399463553477571,21.800000000001774
2025-12-17,2025-12-17 07:00:00,155.368,155.493,155.404,1.0,-8.899999999999864,-0.0005725369008460462,-8.899999999999864
2025-12-18,2025-12-18 07:00:00,155.909,155.9,155.523,-1.0,-37.700000000000955,-0.0024211454141971856,37.700000000000955
2025-12-19,2025-12-19 07:00:00,156.01,156.244,157.472,1.0,122.80000000000086,0.007828776804355666,122.80000000000086
2025-12-29,2025-12-29 07:00:00,156.185,156.172,155.935,-1.0,-23.699999999999477,-0.0015187102215136737,23.699999999999477
2025-12-30,2025-12-30 07:00:00,156.036,156.06,156.328,1.0,26.800000000000068,0.0017158153690271561,26.800000000000068
2025-12-31,2025-12-31 07:00:00,156.61,156.616,156.742,1.0,12.599999999997635,0.0008041920537570356,12.599999999997635
2026-01-02,2026-01-02 07:00:00,156.953,156.894,156.588,-1.0,-30.60000000000116,-0.0019522658218922731,30.60000000000116
2026-01-09,2026-01-09 07:00:00,157.398,157.479,157.869,1.0,38.999999999998636,0.002473459155187185,38.999999999998636
2026-01-12,2026-01-12 07:00:00,158.013,157.857,157.97,-1.0,11.299999999999955,0.0007155816622510546,-11.299999999999955
2026-01-13,2026-01-13 07:00:00,158.762,158.832,158.926,1.0,9.399999999999409,0.0005916452315409129,9.399999999999409
2026-01-14,2026-01-14 07:00:00,159.144,159.152,158.123,1.0,-102.89999999999964,-0.006486509229606773,-102.89999999999964
2026-01-15,2026-01-15 07:00:00,158.613,158.571,158.538,-1.0,-3.299999999998704,-0.00020813032817805908,3.299999999998704
2026-01-16,2026-01-16 07:00:00,158.384,158.196,158.063,-1.0,-13.300000000000978,-0.0008410828329981793,13.300000000000978
2026-01-21,2026-01-21 07:00:00,158.143,158.02,158.216,-1.0,19.599999999999795,0.001239580725136635,-19.599999999999795
2026-01-27,2026-01-27 07:00:00,154.53,154.582,153.241,1.0,-134.09999999999798,-0.008712854356951058,-134.09999999999798
2026-01-28,2026-01-28 07:00:00,152.65,152.496,153.464,-1.0,96.79999999999893,0.006327645638766489,-96.79999999999893
2026-01-30,2026-01-30 07:00:00,153.904,153.887,154.221,-1.0,33.40000000000032,0.0021680717854230523,-33.40000000000032
2026-02-02,2026-02-02 07:00:00,154.591,154.748,155.667,1.0,91.90000000000111,0.005921122916011594,91.90000000000111
2026-02-03,2026-02-03 07:00:00,155.418,155.448,155.711,1.0,26.300000000000523,0.0016904544790918045,26.300000000000523
2026-02-04,2026-02-04 07:00:00,156.353,156.446,156.652,1.0,20.599999999998886,0.0013158821182176733,20.599999999998886
2026-02-05,2026-02-05 07:00:00,157.011,157.087,156.832,1.0,-25.499999999999545,-0.0016246232696157362,-25.499999999999545
2026-02-06,2026-02-06 07:00:00,156.783,156.776,156.837,-1.0,6.099999999997863,0.0003890144909124061,-6.099999999997863
2026-02-09,2026-02-09 07:00:00,156.524,156.449,155.851,-1.0,-59.80000000000132,-0.0038296556571794857,59.80000000000132
2026-02-10,2026-02-10 07:00:00,155.409,155.462,154.21,1.0,-125.19999999999811,-0.008086018895425304,-125.19999999999811
2026-02-11,2026-02-11 07:00:00,153.146,153.205,153.617,1.0,41.19999999999777,0.002685597823017234,41.19999999999777
2026-02-12,2026-02-12 07:00:00,153.309,152.994,152.647,-1.0,-34.70000000000084,-0.002270638749961872,34.70000000000084
2026-02-13,2026-02-13 07:00:00,153.398,153.426,153.13,1.0,-29.599999999999227,-0.0019311322693973485,-29.599999999999227
2026-02-16,2026-02-16 07:00:00,153.134,153.287,153.464,1.0,17.69999999999925,0.0011540305957851973,17.69999999999925
2026-02-17,2026-02-17 07:00:00,152.953,152.954,153.796,1.0,84.19999999999845,0.0054898263386827855,84.19999999999845
2026-02-18,2026-02-18 07:00:00,153.422,153.599,154.283,1.0,68.39999999999975,0.004443268039895716,68.39999999999975
2026-02-19,2026-02-19 07:00:00,155.072,155.145,154.998,1.0,-14.700000000001978,-0.000947949887683985,-14.700000000001978
2026-02-20,2026-02-20 07:00:00,155.16,155.069,154.851,-1.0,-21.79999999999893,-0.0014068148938703481,21.79999999999893
2026-02-23,2026-02-23 07:00:00,154.465,154.587,154.426,1.0,-16.100000000000136,-0.0010420274523602496,-16.100000000000136
2026-02-24,2026-02-24 07:00:00,154.972,155.933,155.911,1.0,-2.199999999999136,-0.00014109618935422043,-2.199999999999136
2026-02-25,2026-02-25 07:00:00,155.709,155.789,156.371,1.0,58.200000000002206,0.0037288613170398895,58.200000000002206
2026-03-02,2026-03-02 07:00:00,156.886,156.942,157.731,1.0,78.89999999999873,0.005014740085454958,78.89999999999873
2026-03-11,2026-03-11 07:00:00,157.998,158.122,158.831,1.0,70.89999999999748,0.004473856897242544,70.89999999999748
2026-03-12,2026-03-12 07:00:00,158.905,158.911,159.209,1.0,29.800000000000182,0.0018735074007654206,29.800000000000182
2026-03-13,2026-03-13 07:00:00,159.43,159.505,159.54,1.0,3.499999999999659,0.0002194047870388165,3.499999999999659
2026-03-16,2026-03-16 07:00:00,159.291,159.332,159.291,1.0,-4.099999999999682,-0.0002573574426597918,-4.099999999999682
2026-03-17,2026-03-17 07:00:00,159.351,159.233,159.029,-1.0,-20.400000000000773,-0.0012819628352633966,20.400000000000773
2026-03-18,2026-03-18 07:00:00,158.747,158.83,159.483,1.0,65.29999999999916,0.004102885625355938,65.29999999999916
2026-03-19,2026-03-19 07:00:00,159.679,159.401,158.191,-1.0,-121.0000000000008,-0.007619876159544563,121.0000000000008
2026-03-20,2026-03-20 07:00:00,158.416,158.364,159.256,-1.0,89.19999999999959,0.005616789528939536,-89.19999999999959
2026-03-23,2026-03-23 07:00:00,159.473,159.533,158.701,1.0,-83.19999999999936,-0.005228868666745102,-83.19999999999936
2026-03-24,2026-03-24 07:00:00,158.601,158.548,158.899,-1.0,35.09999999999991,0.002211393669117443,-35.09999999999991
2026-03-25,2026-03-25 07:00:00,159.004,159.006,159.204,1.0,19.80000000000075,0.0012444613654711348,19.80000000000075
2026-03-26,2026-03-26 07:00:00,159.31,159.401,159.653,1.0,25.199999999998113,0.0015796702276259698,25.199999999998113
2026-03-27,2026-03-27 07:00:00,159.749,159.959,160.165,1.0,20.599999999998886,0.0012870014646474616,20.599999999998886
2026-03-30,2026-03-30 06:00:00,159.728,159.751,159.533,1.0,-21.800000000001774,-0.001365555642476053,-21.800000000001774
2026-03-31,2026-03-31 06:00:00,159.611,159.526,159.098,-1.0,-42.79999999999973,-0.002686553790214619,42.79999999999973
2026-04-01,2026-04-01 06:00:00,158.673,158.435,158.485,-1.0,5.000000000001137,0.00031553704666713783,-5.000000000001137
2026-04-02,2026-04-02 06:00:00,159.438,159.345,159.362,-1.0,1.6999999999995907,0.00010668105825169492,-1.6999999999995907
2026-04-03,2026-04-03 06:00:00,159.65,159.689,159.594,1.0,-9.499999999999886,-0.000595083376211635,-9.499999999999886
2026-04-06,2026-04-06 06:00:00,159.57,159.557,159.708,-1.0,15.100000000001046,0.0009459227366557843,-15.100000000001046
2026-04-08,2026-04-08 06:00:00,158.284,158.089,158.279,-1.0,18.999999999999773,0.0012011330023458636,-18.999999999999773
2026-04-09,2026-04-09 06:00:00,158.844,158.885,159.186,1.0,30.100000000001614,0.0018926597511408371,30.100000000001614
2026-04-10,2026-04-10 06:00:00,159.254,159.342,159.124,1.0,-21.800000000001774,-0.0013690631593351243,-21.800000000001774
2026-04-13,2026-04-13 06:00:00,159.679,159.673,159.569,-1.0,-10.400000000001342,-0.0006515433663433566,10.400000000001342
2026-04-14,2026-04-14 06:00:00,159.131,159.226,158.745,1.0,-48.099999999999454,-0.0030254354446984247,-48.099999999999454
2026-04-15,2026-04-15 06:00:00,158.962,158.943,158.986,-1.0,4.2999999999977945,0.0002705006480198887,-4.2999999999977945
2026-04-20,2026-04-20 06:00:00,158.947,158.967,158.718,1.0,-24.900000000002365,-0.0015675908588056859,-24.900000000002365
2026-04-21,2026-04-21 06:00:00,158.904,158.882,159.374,-1.0,49.19999999999902,0.003091853048751227,-49.19999999999902
2026-04-22,2026-04-22 06:00:00,159.229,159.182,159.394,-1.0,21.20000000000175,0.0013309228020564664,-21.20000000000175
2026-04-23,2026-04-23 06:00:00,159.534,159.602,159.394,1.0,-20.79999999999984,-0.0013040917721728069,-20.79999999999984
2026-04-24,2026-04-24 06:00:00,159.767,159.775,159.511,1.0,-26.400000000001,-0.0016536901722168879,-26.400000000001
2026-04-28,2026-04-28 06:00:00,159.202,159.203,159.718,1.0,51.499999999998636,0.0032296427494342334,51.499999999998636
2026-05-01,2026-05-01 06:00:00,157.277,157.251,156.636,-1.0,-61.50000000000091,-0.003918612666153629,61.50000000000091
2026-05-04,2026-05-04 06:00:00,156.782,156.796,157.091,1.0,29.50000000000159,0.0018796578823317505,29.50000000000159
2026-05-05,2026-05-05 06:00:00,157.276,157.252,157.677,-1.0,42.499999999998295,0.0026990226876571553,-42.499999999998295
2026-05-06,2026-05-06 06:00:00,156.316,156.35,156.279,1.0,-7.099999999999795,-0.00045421250888859766,-7.099999999999795
2026-05-07,2026-05-07 06:00:00,156.37,156.384,156.253,1.0,-13.100000000000023,-0.0008380326555511226,-13.100000000000023
2026-05-11,2026-05-11 06:00:00,157.133,157.044,156.998,-1.0,-4.600000000002069,-0.0002929544476790451,4.600000000002069
2026-05-12,2026-05-12 06:00:00,157.315,157.462,157.624,1.0,16.200000000000614,0.0010282907794994206,16.200000000000614
2026-05-13,2026-05-13 06:00:00,157.684,157.737,157.862,1.0,12.5,0.0007921445032233558,12.5
2026-05-14,2026-05-14 06:00:00,157.908,157.869,158.156,-1.0,28.700000000000614,0.0018163124999660157,-28.700000000000614
2026-05-15,2026-05-15 06:00:00,158.613,158.587,158.59,-1.0,0.30000000000143245,1.8916882372293236e-05,-0.30000000000143245
2026-05-19,2026-05-19 06:00:00,159.007,159.033,159.067,1.0,3.4000000000020236,0.0002137692557654447,3.4000000000020236
2026-05-20,2026-05-20 06:00:00,158.972,158.889,158.87,-1.0,-1.9000000000005457,-0.0001195874862562281,1.9000000000005457
2026-05-21,2026-05-21 06:00:00,159.01,159.036,159.164,1.0,12.79999999999859,0.0008045254990830715,12.79999999999859
2026-05-22,2026-05-22 06:00:00,159.13,159.074,159.101,-1.0,2.6999999999986812,0.00016971792293413306,-2.6999999999986812
2026-05-25,2026-05-25 06:00:00,158.924,158.914,158.917,-1.0,0.30000000000143245,1.887795715387071e-05,-0.30000000000143245
2026-05-26,2026-05-26 06:00:00,159.026,159.064,159.32,1.0,25.600000000000023,0.001608121357663466,25.600000000000023
2026-05-27,2026-05-27 06:00:00,159.348,159.347,159.507,-1.0,15.999999999999659,0.001003594205682432,-15.999999999999659
2026-05-28,2026-05-28 06:00:00,159.554,159.519,159.224,-1.0,-29.50000000000159,-0.0018510215705406041,29.50000000000159
2026-05-29,2026-05-29 06:00:00,159.308,159.305,159.188,-1.0,-11.700000000001864,-0.0007347100580738207,11.700000000001864
2026-06-01,2026-06-01 06:00:00,159.459,159.489,159.721,1.0,23.199999999999932,0.0014535888026678742,23.199999999999932
2026-06-02,2026-06-02 06:00:00,159.738,159.702,159.863,-1.0,16.100000000000136,0.0010076198183273924,-16.100000000000136
2026-06-03,2026-06-03 06:00:00,159.927,159.936,159.945,1.0,0.899999999998613,5.627092576517899e-05,0.899999999998613
2026-06-04,2026-06-04 06:00:00,159.885,159.868,159.985,-1.0,11.700000000001864,0.0007315861049819879,-11.700000000001864
2026-06-05,2026-06-05 06:00:00,159.963,159.948,160.269,-1.0,32.099999999999795,0.002004891105244058,-32.099999999999795
2026-06-08,2026-06-08 06:00:00,160.259,160.323,160.072,1.0,-25.100000000000477,-0.0015668162820806416,-25.100000000000477
2026-06-09,2026-06-09 06:00:00,160.152,160.112,160.251,-1.0,13.900000000001,0.0008677656828189228,-13.900000000001
2026-06-10,2026-06-10 06:00:00,160.342,160.366,160.483,1.0,11.699999999999022,0.0007293150683718192,11.699999999999022
2026-06-11,2026-06-11 06:00:00,160.546,160.578,160.505,1.0,-7.30000000000075,-0.0004547110949991794,-7.30000000000075
2026-06-12,2026-06-12 06:00:00,160.342,160.26,160.24,-1.0,-1.999999999998181,-0.00012480499236157346,1.999999999998181
2026-06-15,2026-06-15 06:00:00,160.049,160.119,160.136,1.0,1.6999999999995907,0.00010616539954706579,1.6999999999995907
2026-06-16,2026-06-16 06:00:00,160.294,160.237,160.4,-1.0,16.30000000000109,0.0010167261672328724,-16.30000000000109
2026-06-18,2026-06-18 06:00:00,160.642,160.634,160.856,-1.0,22.20000000000084,0.0013810696151422388,-22.20000000000084
2026-06-19,2026-06-19 06:00:00,161.337,161.347,161.162,1.0,-18.500000000000227,-0.001147254931126361,-18.500000000000227
2026-06-22,2026-06-22 06:00:00,161.698,161.644,161.328,-1.0,-31.60000000000025,-0.0019568266031409166,31.60000000000025
2026-06-25,2026-06-25 06:00:00,161.819,161.833,161.675,1.0,-15.799999999998704,-0.0009767919962573278,-15.799999999998704
2026-06-26,2026-06-26 06:00:00,161.543,161.673,161.726,1.0,5.299999999999727,0.00032776848706697707,5.299999999999727
2026-06-30,2026-06-30 06:00:00,162.289,162.243,162.515,-1.0,27.199999999999136,0.0016750938458869507,-27.199999999999136
2026-07-02,2026-07-02 06:00:00,162.331,162.253,161.042,-1.0,-121.09999999999843,-0.007491644868721415,121.09999999999843
2026-07-03,2026-07-03 06:00:00,161.162,160.986,161.29,-1.0,30.400000000000205,0.0018865822473049278,-30.400000000000205
2026-07-06,2026-07-06 06:00:00,162.078,162.178,162.356,1.0,17.799999999999727,0.0010969575936523002,17.799999999999727
2026-07-07,2026-07-07 06:00:00,161.866,162.031,161.912,1.0,-11.899999999999977,-0.0007346971865594626,-11.899999999999977
2026-07-08,2026-07-08 06:00:00,162.297,162.203,162.61,-1.0,40.70000000000107,0.0025060586430213153,-40.70000000000107
2026-07-09,2026-07-09 06:00:00,162.373,162.248,162.367,-1.0,11.899999999999977,0.0007331762569854996,-11.899999999999977
2026-07-14,2026-07-14 06:00:00,162.288,162.365,161.968,1.0,-39.70000000000198,-0.0024481024026245263,-39.70000000000198
