sym,strat,year,hit,pnl_held,pnl_cal,frac_held
EURUSD,SMA200,2008,0.5,-6.316519153991868,-1.49474880743319,0.2366412213740458
EURUSD,SMA200,2009,0.524904214559387,2.771638733611243,2.771638733611243,1.0
EURUSD,SMA200,2010,0.4904214559386973,2.5170524704756474,2.5170524704756474,1.0
EURUSD,SMA200,2011,0.5192307692307693,1.0198186097062625,1.0198186097062625,1.0
EURUSD,SMA200,2012,0.5440613026819924,1.149394004100973,1.149394004100973,1.0
EURUSD,SMA200,2013,0.5172413793103449,-1.4606549818637087,-1.4606549818637087,1.0
EURUSD,SMA200,2014,0.524904214559387,3.7480867598187735,3.7480867598187735,1.0
EURUSD,SMA200,2015,0.5095785440613027,0.8196989534364812,0.8196989534364812,1.0
EURUSD,SMA200,2016,0.4846153846153846,-1.0056033693672803,-1.0056033693672803,1.0
EURUSD,SMA200,2017,0.5538461538461539,2.581831588901403,2.581831588901403,1.0
EURUSD,SMA200,2018,0.4904214559386973,1.6665218065972016,1.6665218065972016,1.0
EURUSD,SMA200,2019,0.49808429118773945,0.028011459128839785,0.028011459128839785,1.0
EURUSD,SMA200,2020,0.5114503816793893,1.7138962777371622,1.7138962777371622,1.0
EURUSD,SMA200,2021,0.5307692307692308,0.3355722317123462,0.3355722317123462,1.0
EURUSD,SMA200,2022,0.5,3.6026330122044867,3.6026330122044867,1.0
EURUSD,SMA200,2023,0.49615384615384617,-0.3688478237488469,-0.3688478237488469,1.0
EURUSD,SMA200,2024,0.42748091603053434,-3.927997064167653,-3.927997064167653,1.0
EURUSD,SMA200,2025,0.5134099616858238,1.6972240004184105,1.6972240004184105,1.0
EURUSD,SMA200,2026,0.4496124031007752,-0.39188745050731244,-0.39188745050731244,1.0
EURUSD,TSMOM20,2008,0.5684647302904564,10.19724789307248,9.379911229887282,0.9198473282442748
EURUSD,TSMOM20,2009,0.5057471264367817,0.9844755052253646,0.9844755052253646,1.0
EURUSD,TSMOM20,2010,0.5325670498084292,5.499555996757694,5.499555996757694,1.0
EURUSD,TSMOM20,2011,0.47307692307692306,-4.771436654637698,-4.771436654637698,1.0
EURUSD,TSMOM20,2012,0.49808429118773945,-1.6123819870568947,-1.6123819870568947,1.0
EURUSD,TSMOM20,2013,0.4942528735632184,-3.233943788519139,-3.233943788519139,1.0
EURUSD,TSMOM20,2014,0.5134099616858238,1.8827333970707025,1.8827333970707025,1.0
EURUSD,TSMOM20,2015,0.5287356321839081,1.72832506972748,1.72832506972748,1.0
EURUSD,TSMOM20,2016,0.46923076923076923,-1.3671002486412656,-1.3671002486412656,1.0
EURUSD,TSMOM20,2017,0.5038461538461538,-0.4263516420198125,-0.4263516420198125,1.0
EURUSD,TSMOM20,2018,0.47126436781609193,-1.4362648289953241,-1.4362648289953241,1.0
EURUSD,TSMOM20,2019,0.4789272030651341,-2.266865638162675,-2.266865638162675,1.0
EURUSD,TSMOM20,2020,0.5019157088122606,-1.9324203724978042,-1.9284260366313302,0.9961832061068703
EURUSD,TSMOM20,2021,0.47307692307692306,-1.5852302258257878,-1.5852302258257878,1.0
EURUSD,TSMOM20,2022,0.4576923076923077,-0.5597370783403475,-0.5597370783403475,1.0
EURUSD,TSMOM20,2023,0.49615384615384617,2.0551696538405797,2.0551696538405797,1.0
EURUSD,TSMOM20,2024,0.4732824427480916,0.5020175565159639,0.5020175565159639,1.0
EURUSD,TSMOM20,2025,0.4904214559386973,1.813488861924079,1.813488861924079,1.0
EURUSD,TSMOM20,2026,0.4728682170542636,-0.14830976777415614,-0.14830976777415614,1.0
EURUSD,DONCH55_20,2008,0.5737704918032787,2.5680324794553613,1.1880228177105099,0.46564885496183206
EURUSD,DONCH55_20,2009,0.5521472392638037,0.6698173077098941,0.4128040835657891,0.6245210727969349
EURUSD,DONCH55_20,2010,0.5384615384615384,6.74260682954778,4.692849855992082,0.6973180076628352
EURUSD,DONCH55_20,2011,0.48031496062992124,-3.7878685609951113,-1.858539742673732,0.48846153846153845
EURUSD,DONCH55_20,2012,0.5329949238578681,-0.699218895337656,-0.5367508799685498,0.7547892720306514
EURUSD,DONCH55_20,2013,0.4728682170542636,-8.63436860354147,-4.2849904623885,0.4942528735632184
EURUSD,DONCH55_20,2014,0.5352112676056338,7.107209925187377,3.8639594784641447,0.5440613026819924
EURUSD,DONCH55_20,2015,0.5276381909547738,-0.33487190149237056,-0.2692589715449661,0.7624521072796935
EURUSD,DONCH55_20,2016,0.4620253164556962,2.5638000349583003,1.5511394593550731,0.6076923076923076
EURUSD,DONCH55_20,2017,0.524390243902439,2.4773443848324876,1.5525486868422855,0.6307692307692307
EURUSD,DONCH55_20,2018,0.48295454545454547,1.2594360406918959,0.839534144743697,0.6743295019157088
EURUSD,DONCH55_20,2019,0.44516129032258067,-5.360935187659399,-3.200707583213955,0.5938697318007663
EURUSD,DONCH55_20,2020,0.47959183673469385,-3.1836753650360134,-2.395264102393309,0.7480916030534351
EURUSD,DONCH55_20,2021,0.4968944099378882,-2.812708499567699,-1.7578328249456903,0.6192307692307693
EURUSD,DONCH55_20,2022,0.4594594594594595,-0.16482404887025154,-0.1352023105021059,0.7115384615384616
EURUSD,DONCH55_20,2023,0.4794520547945205,-2.185857710388571,-1.2417462043457599,0.5615384615384615
EURUSD,DONCH55_20,2024,0.4327485380116959,-0.9818974297318845,-0.6549196303247526,0.6526717557251909
EURUSD,DONCH55_20,2025,0.4676258992805755,-0.4060021603978861,-0.23322436239342684,0.5325670498084292
EURUSD,DONCH55_20,2026,0.43137254901960786,-6.094303981337549,-2.4226381654283524,0.3953488372093023
EURUSD,MAJ2of3,2008,0.5851063829787234,10.12052568308533,3.6146761840093693,0.35877862595419846
EURUSD,MAJ2of3,2009,0.5193370165745856,2.103759268122127,1.423369910649467,0.6934865900383141
EURUSD,MAJ2of3,2010,0.5185185185185185,6.762720675851202,4.16511545963063,0.6206896551724138
EURUSD,MAJ2of3,2011,0.48333333333333334,-3.7493212341715965,-2.6507766309438536,0.6923076923076923
EURUSD,MAJ2of3,2012,0.5507246376811594,1.493539822411525,0.7656888130573423,0.5287356321839081
EURUSD,MAJ2of3,2013,0.5,-4.52454316241585,-3.207391636431312,0.6973180076628352
EURUSD,MAJ2of3,2014,0.5263157894736842,3.9265144574079867,2.8154100784447387,0.7279693486590039
EURUSD,MAJ2of3,2015,0.5416666666666666,3.115070956789311,1.6773610655667637,0.5517241379310345
EURUSD,MAJ2of3,2016,0.46842105263157896,-0.3527511485222793,-0.31303209527738696,0.7307692307692307
EURUSD,MAJ2of3,2017,0.5620915032679739,3.5038307021794886,2.0312622736586183,0.5884615384615385
EURUSD,MAJ2of3,2018,0.4745762711864407,0.26118738922471335,0.11512848880093832,0.6781609195402298
EURUSD,MAJ2of3,2019,0.46621621621621623,-1.9601221452678006,-1.1662933042400478,0.5670498084291188
EURUSD,MAJ2of3,2020,0.5154639175257731,0.43954433445621255,0.26503618543763935,0.7404580152671756
EURUSD,MAJ2of3,2021,0.4972067039106145,-1.254917726974798,-0.9094970848841367,0.6884615384615385
EURUSD,MAJ2of3,2022,0.46994535519125685,2.2282454189556558,1.5214479669320689,0.7038461538461539
EURUSD,MAJ2of3,2023,0.5,1.8749092209590847,1.1505207371892752,0.6307692307692307
EURUSD,MAJ2of3,2024,0.4375,-1.5184207980764488,-1.2651389120678567,0.7938931297709924
EURUSD,MAJ2of3,2025,0.4968152866242038,2.6282168026794244,1.5360656649927404,0.6015325670498084
EURUSD,MAJ2of3,2026,0.4528301886792453,-0.28836122414248555,-0.2700986091407338,0.8217054263565892
EURUSD,ALL3,2008,0.6,8.809576838313552,1.336069251709581,0.15267175572519084
EURUSD,ALL3,2009,0.5294117647058824,1.9149902576660554,0.8462743420741933,0.4559386973180077
EURUSD,ALL3,2010,0.5362318840579711,7.445300048327949,3.912979851657098,0.5287356321839081
EURUSD,ALL3,2011,0.49056603773584906,-0.9203352259831298,-0.3919999583963406,0.4076923076923077
EURUSD,ALL3,2012,0.543859649122807,0.8653354945253984,0.3599157396432295,0.4367816091954023
EURUSD,ALL3,2013,0.46875,-10.396104165489335,-3.855803557534992,0.367816091954023
EURUSD,ALL3,2014,0.5190839694656488,5.905402236959783,2.943352004454066,0.5019157088122606
EURUSD,ALL3,2015,0.5409836065573771,2.1035887243035027,0.9420087200782978,0.4674329501915709
EURUSD,ALL3,2016,0.4596774193548387,1.157994041655098,0.5213360888024784,0.47692307692307695
EURUSD,ALL3,2017,0.584070796460177,7.169688948959793,3.105747411287615,0.4346153846153846
EURUSD,ALL3,2018,0.46825396825396826,-0.7195782991108509,-0.39028615542697737,0.4827586206896552
EURUSD,ALL3,2019,0.46511627906976744,-4.599707020078714,-1.5533323927976934,0.32950191570881227
EURUSD,ALL3,2020,0.4868421052631579,-1.7462173166529864,-1.0639619130524038,0.5801526717557252
EURUSD,ALL3,2021,0.49193548387096775,-1.9012517876276218,-0.9328926470595794,0.47692307692307695
EURUSD,ALL3,2022,0.44755244755244755,-1.3373878779820725,-0.7752030504181752,0.55
EURUSD,ALL3,2023,0.4745762711864407,-2.3247614649281596,-1.0800217651527384,0.45384615384615384
EURUSD,ALL3,2024,0.42424242424242425,-2.375274644185649,-1.2457960322153436,0.5038167938931297
EURUSD,ALL3,2025,0.4716981132075472,0.7538323876767301,0.28555124659866776,0.4061302681992337
EURUSD,ALL3,2026,0.4222222222222222,-5.27284250215295,-1.8525768861227987,0.3488372093023256
GBPUSD,SMA200,2008,0.5967741935483871,26.986540284651532,6.386127853619828,0.2366412213740458
GBPUSD,SMA200,2009,0.4521072796934866,-2.3631492230076203,-2.3631492230076203,1.0
GBPUSD,SMA200,2010,0.4559386973180077,-3.5368537487686273,-3.5368537487686273,1.0
GBPUSD,SMA200,2011,0.4807692307692308,0.48288037906845305,0.48288037906845305,1.0
GBPUSD,SMA200,2012,0.4904214559386973,-1.7742930203650387,-1.7742930203650387,1.0
GBPUSD,SMA200,2013,0.5134099616858238,1.1862637679452965,1.1862637679452965,1.0
GBPUSD,SMA200,2014,0.4942528735632184,2.6441204556043716,2.6441204556043716,1.0
GBPUSD,SMA200,2015,0.4559386973180077,-5.417491306086845,-5.417491306086845,1.0
GBPUSD,SMA200,2016,0.5307692307692308,5.284677933043328,5.284677933043328,1.0
GBPUSD,SMA200,2017,0.5346153846153846,0.3680240688289608,0.3680240688289608,1.0
GBPUSD,SMA200,2018,0.5210727969348659,1.7902148842796872,1.7902148842796872,1.0
GBPUSD,SMA200,2019,0.4904214559386973,-0.4434036600563536,-0.4434036600563536,1.0
GBPUSD,SMA200,2020,0.4961832061068702,-1.1005627240865106,-1.1005627240865106,1.0
GBPUSD,SMA200,2021,0.4846153846153846,-0.19836170434698072,-0.19836170434698072,1.0
GBPUSD,SMA200,2022,0.5307692307692308,2.2213418111287604,2.2213418111287604,1.0
GBPUSD,SMA200,2023,0.5,-1.159370510367208,-1.159370510367208,1.0
GBPUSD,SMA200,2024,0.5038167938931297,-1.31116383278247,-1.31116383278247,1.0
GBPUSD,SMA200,2025,0.5057471264367817,-0.7026470019420609,-0.7026470019420609,1.0
GBPUSD,SMA200,2026,0.4263565891472868,-3.786940685588361,-3.786940685588361,1.0
GBPUSD,TSMOM20,2008,0.49377593360995853,-1.037304610804522,-0.954161874824007,0.9198473282442748
GBPUSD,TSMOM20,2009,0.48659003831417624,-4.939335103365235,-4.939335103365235,1.0
GBPUSD,TSMOM20,2010,0.5076923076923077,3.3767909472987427,3.3614566925510143,0.9961685823754789
GBPUSD,TSMOM20,2011,0.4346153846153846,-5.549892782967985,-5.549892782967985,1.0
GBPUSD,TSMOM20,2012,0.4482758620689655,-3.1689122072501226,-3.1689122072501226,1.0
GBPUSD,TSMOM20,2013,0.5095785440613027,-0.6582456393921168,-0.6582456393921168,1.0
GBPUSD,TSMOM20,2014,0.49808429118773945,1.0335998835387163,1.0335998835387163,1.0
GBPUSD,TSMOM20,2015,0.524904214559387,1.2914546368438087,1.2914546368438087,1.0
GBPUSD,TSMOM20,2016,0.4461538461538462,-3.6162431268722703,-3.6162431268722703,1.0
GBPUSD,TSMOM20,2017,0.46923076923076923,-1.010368492116907,-1.010368492116907,1.0
GBPUSD,TSMOM20,2018,0.5478927203065134,5.20921448052212,5.20921448052212,1.0
GBPUSD,TSMOM20,2019,0.4942528735632184,0.13394902232696548,0.13394902232696548,1.0
GBPUSD,TSMOM20,2020,0.5038167938931297,-1.4549640355444564,-1.4549640355444564,1.0
GBPUSD,TSMOM20,2021,0.5038461538461538,-1.9813014065133319,-1.9813014065133319,1.0
GBPUSD,TSMOM20,2022,0.5230769230769231,1.8699053816219333,1.8699053816219333,1.0
GBPUSD,TSMOM20,2023,0.5153846153846153,1.8096145614087575,1.8096145614087575,1.0
GBPUSD,TSMOM20,2024,0.4847328244274809,-0.9051346043344984,-0.9051346043344984,1.0
GBPUSD,TSMOM20,2025,0.5134099616858238,1.1096358111163633,1.1096358111163633,1.0
GBPUSD,TSMOM20,2026,0.4883720930232558,-1.2105696921389397,-1.2105696921389397,1.0
GBPUSD,DONCH55_20,2008,0.5925925925925926,15.444949770417136,6.362224332739703,0.4122137404580153
GBPUSD,DONCH55_20,2009,0.4375,-3.135853301776663,-2.126619413959463,0.6743295019157088
GBPUSD,DONCH55_20,2010,0.48344370860927155,0.2024605870171929,0.10962766099740373,0.578544061302682
GBPUSD,DONCH55_20,2011,0.4383561643835616,-5.527564869666587,-3.1159194566312376,0.5615384615384615
GBPUSD,DONCH55_20,2012,0.5027624309392266,-2.6452890008067604,-1.8441666624204938,0.6934865900383141
GBPUSD,DONCH55_20,2013,0.4911242603550296,-3.0224357677042253,-1.9693825818323862,0.6475095785440613
GBPUSD,DONCH55_20,2014,0.47692307692307695,1.3183350938145255,0.9757425531870128,0.7471264367816092
GBPUSD,DONCH55_20,2015,0.5454545454545454,1.191563514645471,0.8462081130872412,0.7164750957854407
GBPUSD,DONCH55_20,2016,0.5,-1.4434719667073115,-0.7414367392722686,0.5076923076923077
GBPUSD,DONCH55_20,2017,0.4264705882352941,-5.487908346617012,-1.4442362508010056,0.26153846153846155
GBPUSD,DONCH55_20,2018,0.5316455696202531,0.30265014228029896,0.1747563551204945,0.6053639846743295
GBPUSD,DONCH55_20,2019,0.48258706467661694,1.363410907624018,1.037933505426406,0.7701149425287356
GBPUSD,DONCH55_20,2020,0.47692307692307695,-3.0485335723149554,-1.5275960324476534,0.4961832061068702
GBPUSD,DONCH55_20,2021,0.46564885496183206,-3.94481354872129,-2.001542499538824,0.5038461538461538
GBPUSD,DONCH55_20,2022,0.550561797752809,4.353269697396654,2.9738726997416074,0.6846153846153846
GBPUSD,DONCH55_20,2023,0.4817073170731707,-3.259791660376927,-2.0717957059632752,0.6307692307692307
GBPUSD,DONCH55_20,2024,0.44171779141104295,-4.490520937599664,-2.8117599961097293,0.6221374045801527
GBPUSD,DONCH55_20,2025,0.49222797927461137,-2.2538211539615225,-1.6812328584471334,0.7394636015325671
GBPUSD,DONCH55_20,2026,0.4375,-4.203856423486462,-2.097151575789889,0.49612403100775193
GBPUSD,MAJ2of3,2008,0.6,18.181554326300393,6.581936833268266,0.36259541984732824
GBPUSD,MAJ2of3,2009,0.44525547445255476,-5.961838465694059,-3.178022846506616,0.524904214559387
GBPUSD,MAJ2of3,2010,0.46794871794871795,-0.23430405542586713,-0.17936484600059882,0.5977011494252874
GBPUSD,MAJ2of3,2011,0.4294117647058823,-4.732718891048419,-3.1398518932428,0.6538461538461539
GBPUSD,MAJ2of3,2012,0.46153846153846156,-2.6978465816563344,-1.658582383073035,0.5977011494252874
GBPUSD,MAJ2of3,2013,0.5144508670520231,0.19591303478183367,0.0955502274479132,0.6628352490421456
GBPUSD,MAJ2of3,2014,0.49489795918367346,2.4860108198200557,1.838860169571544,0.7509578544061303
GBPUSD,MAJ2of3,2015,0.5099337748344371,-1.3835405868542774,-0.8454682321598669,0.578544061302682
GBPUSD,MAJ2of3,2016,0.4768211920529801,-2.588327778548976,-1.5419813595117,0.5807692307692308
GBPUSD,MAJ2of3,2017,0.5032258064516129,-0.46843341107975495,-0.32117221164397375,0.5961538461538461
GBPUSD,MAJ2of3,2018,0.5459183673469388,4.698233903496564,3.499714682400904,0.7509578544061303
GBPUSD,MAJ2of3,2019,0.4878048780487805,-0.300195206541392,-0.23647797237879875,0.6283524904214559
GBPUSD,MAJ2of3,2020,0.49056603773584906,-2.7495469093825453,-1.7163235509614314,0.6068702290076335
GBPUSD,MAJ2of3,2021,0.4853801169590643,-1.9236275414730413,-1.309779880875153,0.6576923076923077
GBPUSD,MAJ2of3,2022,0.5443786982248521,3.5742134079559107,2.2895205327282087,0.65
GBPUSD,MAJ2of3,2023,0.5060975609756098,-0.35584005872159813,-0.271347483478772,0.6307692307692307
GBPUSD,MAJ2of3,2024,0.4876543209876543,-1.9870826166782025,-1.2767565597686135,0.6183206106870229
GBPUSD,MAJ2of3,2025,0.5032258064516129,0.27766868286056295,0.1270695801517287,0.5938697318007663
GBPUSD,MAJ2of3,2026,0.4329896907216495,-3.927958892104263,-2.999737622107672,0.751937984496124
GBPUSD,ALL3,2008,0.56,25.94466932410018,4.948732307255987,0.19083969465648856
GBPUSD,ALL3,2009,0.41346153846153844,-7.100161882515865,-2.86134397646509,0.39846743295019155
GBPUSD,ALL3,2010,0.49504950495049505,3.2794740570714302,1.2540291675026014,0.38697318007662834
GBPUSD,ALL3,2011,0.3548387096774194,-10.050990279187996,-3.628573385423869,0.3576923076923077
GBPUSD,ALL3,2012,0.4380165289256198,-6.457203410556641,-3.0202638295369675,0.46360153256704983
GBPUSD,ALL3,2013,0.5078125,-0.6135437375288217,-0.3278888411339175,0.4904214559386973
GBPUSD,ALL3,2014,0.47058823529411764,0.3308648155144845,0.18747663682338903,0.6513409961685823
GBPUSD,ALL3,2015,0.5076923076923077,-1.597867410778959,-0.8310587719609417,0.49808429118773945
GBPUSD,ALL3,2016,0.4954128440366973,1.0125779439128406,0.4047493231830524,0.41923076923076924
GBPUSD,ALL3,2017,0.4393939393939394,-4.01274591967109,-1.0275249537918407,0.25384615384615383
GBPUSD,ALL3,2018,0.5294117647058824,2.020292194806726,1.0357429070050261,0.5210727969348659
GBPUSD,ALL3,2019,0.49324324324324326,1.4884132464112803,0.81103173625736,0.5670498084291188
GBPUSD,ALL3,2020,0.5268817204301075,-0.2401626359434678,-0.10596641946476414,0.3549618320610687
GBPUSD,ALL3,2021,0.5,-0.34324552438590683,-0.16988073448668983,0.4461538461538462
GBPUSD,ALL3,2022,0.5571428571428572,1.8540043487860118,0.9731216239720306,0.5384615384615384
GBPUSD,ALL3,2023,0.4838709677419355,-0.8150879189313635,-0.4167470958351878,0.47692307692307695
GBPUSD,ALL3,2024,0.4393939393939394,-5.363500155753168,-2.7442784531827082,0.5038167938931297
GBPUSD,ALL3,2025,0.4961832061068702,-0.11400807221530025,-0.08065089705949308,0.5019157088122606
GBPUSD,ALL3,2026,0.4375,-6.852130444892679,-2.5669712010994825,0.37209302325581395
AUDUSD,SMA200,2008,0.47540983606557374,-3.5117906492015827,-0.8207633318057339,0.23371647509578544
AUDUSD,SMA200,2009,0.5461538461538461,6.6849750569813695,6.6849750569813695,1.0
AUDUSD,SMA200,2010,0.5095785440613027,-0.1807612241804013,-0.1807612241804013,1.0
AUDUSD,SMA200,2011,0.49230769230769234,-3.4453098158673474,-3.4453098158673474,1.0
AUDUSD,SMA200,2012,0.4521072796934866,-6.297613296854449,-6.297613296854449,1.0
AUDUSD,SMA200,2013,0.5210727969348659,2.6601312970311777,2.6601312970311777,1.0
AUDUSD,SMA200,2014,0.5593869731800766,3.229089575323193,3.229089575323193,1.0
AUDUSD,SMA200,2015,0.5325670498084292,4.080765161599985,4.080765161599985,1.0
AUDUSD,SMA200,2016,0.5384615384615384,1.0757014399193203,1.0757014399193203,1.0
AUDUSD,SMA200,2017,0.4423076923076923,-3.464230936376418,-3.464230936376418,1.0
AUDUSD,SMA200,2018,0.5019157088122606,2.5642117755180625,2.5642117755180625,1.0
AUDUSD,SMA200,2019,0.5325670498084292,0.38307692388627734,0.38307692388627734,1.0
AUDUSD,SMA200,2020,0.5305343511450382,5.330075091216386,5.330075091216386,1.0
AUDUSD,SMA200,2021,0.5076923076923077,-0.6103971704545776,-0.6103971704545776,1.0
AUDUSD,SMA200,2022,0.4807692307692308,-1.6024036337166343,-1.6024036337166343,1.0
AUDUSD,SMA200,2023,0.4807692307692308,-4.828707632661205,-4.828707632661205,1.0
AUDUSD,SMA200,2024,0.4580152671755725,-5.015135607479459,-5.015135607479459,1.0
AUDUSD,SMA200,2025,0.4904214559386973,-3.529910627469395,-3.529910627469395,1.0
AUDUSD,SMA200,2026,0.4883720930232558,2.9059189021412486,2.9059189021412486,1.0
AUDUSD,TSMOM20,2008,0.5333333333333333,15.751716389594739,14.484336909972177,0.9195402298850575
AUDUSD,TSMOM20,2009,0.5346153846153846,5.468436023599145,5.468436023599145,1.0
AUDUSD,TSMOM20,2010,0.5555555555555556,2.1847341491098193,2.1847341491098193,1.0
AUDUSD,TSMOM20,2011,0.46153846153846156,-6.412603936755144,-6.412603936755144,1.0
AUDUSD,TSMOM20,2012,0.49808429118773945,2.721415123268912,2.721415123268912,1.0
AUDUSD,TSMOM20,2013,0.5230769230769231,4.044258237252323,4.024710600256054,0.9961685823754789
AUDUSD,TSMOM20,2014,0.5019157088122606,-0.45314687335635984,-0.45314687335635984,1.0
AUDUSD,TSMOM20,2015,0.5057471264367817,-2.9766126187964956,-2.9766126187964956,1.0
AUDUSD,TSMOM20,2016,0.5153846153846153,2.4189575896552795,2.4189575896552795,1.0
AUDUSD,TSMOM20,2017,0.5,-0.28184452437601915,-0.28184452437601915,1.0
AUDUSD,TSMOM20,2018,0.4674329501915709,-0.9699177436620207,-0.9699177436620207,1.0
AUDUSD,TSMOM20,2019,0.5057471264367817,-3.9072447531778334,-3.9072447531778334,1.0
AUDUSD,TSMOM20,2020,0.5763358778625954,8.045556219011422,8.045556219011422,1.0
AUDUSD,TSMOM20,2021,0.47692307692307695,-3.5329967337686594,-3.5329967337686594,1.0
AUDUSD,TSMOM20,2022,0.5269230769230769,3.1021309428595845,3.1021309428595845,1.0
AUDUSD,TSMOM20,2023,0.47692307692307695,-2.3422736377137396,-2.3422736377137396,1.0
AUDUSD,TSMOM20,2024,0.46564885496183206,-1.7098980376704662,-1.7098980376704662,1.0
AUDUSD,TSMOM20,2025,0.42528735632183906,-6.175083135723293,-6.175083135723293,1.0
AUDUSD,TSMOM20,2026,0.5813953488372093,3.894390752976606,3.894390752976606,1.0
AUDUSD,DONCH55_20,2008,0.5393939393939394,17.562923198321375,11.0932157926553,0.632183908045977
AUDUSD,DONCH55_20,2009,0.576530612244898,6.171669490547587,4.642209664232853,0.7538461538461538
AUDUSD,DONCH55_20,2010,0.4740740740740741,-5.886195494824718,-3.065692174102998,0.5172413793103449
AUDUSD,DONCH55_20,2011,0.4224137931034483,-11.616891106854066,-5.197891693041347,0.4461538461538462
AUDUSD,DONCH55_20,2012,0.45217391304347826,-0.9557306589887263,-0.4396161152446855,0.44061302681992337
AUDUSD,DONCH55_20,2013,0.5227272727272727,4.669450688714778,3.1368540062986563,0.6743295019157088
AUDUSD,DONCH55_20,2014,0.5764192139737991,4.174600534566726,3.65442800434249,0.8773946360153256
AUDUSD,DONCH55_20,2015,0.5202312138728323,1.4466936686036462,0.9438760096360597,0.6628352490421456
AUDUSD,DONCH55_20,2016,0.48360655737704916,-3.5626407092365446,-1.6924491475356047,0.46923076923076923
AUDUSD,DONCH55_20,2017,0.4642857142857143,-1.4091890193340375,-0.9357881151219396,0.6461538461538462
AUDUSD,DONCH55_20,2018,0.4845360824742268,-0.0696756420491434,-0.0723760409324677,0.7432950191570882
AUDUSD,DONCH55_20,2019,0.4652777777777778,-5.499119057434696,-3.050422224312659,0.5517241379310345
AUDUSD,DONCH55_20,2020,0.5666666666666667,7.011861880141611,4.800367099393738,0.6870229007633588
AUDUSD,DONCH55_20,2021,0.48299319727891155,-3.686427545287277,-2.1050652684334232,0.5653846153846154
AUDUSD,DONCH55_20,2022,0.49714285714285716,-1.8651875877390631,-1.2772395780441812,0.6730769230769231
AUDUSD,DONCH55_20,2023,0.4603174603174603,-4.607703778267574,-3.3782573921734036,0.7269230769230769
AUDUSD,DONCH55_20,2024,0.4262295081967213,-6.200267297336907,-4.3594370237013225,0.6984732824427481
AUDUSD,DONCH55_20,2025,0.45,-7.326977789045827,-3.9481190843491976,0.5363984674329502
AUDUSD,DONCH55_20,2026,0.5172413793103449,0.4885226490796338,0.30720822987040863,0.6744186046511628
AUDUSD,MAJ2of3,2008,0.5314685314685315,20.429225733249897,11.157596773674227,0.5478927203065134
AUDUSD,MAJ2of3,2009,0.559322033898305,7.691699936947813,5.181884193216279,0.6807692307692308
AUDUSD,MAJ2of3,2010,0.5321637426900585,-0.047890867910844084,-0.10245135674676756,0.6551724137931034
AUDUSD,MAJ2of3,2011,0.4634146341463415,-6.4440324911425835,-4.1507124565800035,0.6307692307692307
AUDUSD,MAJ2of3,2012,0.4624277456647399,-2.569308203882961,-1.7806854964510155,0.6628352490421456
AUDUSD,MAJ2of3,2013,0.5297297297297298,4.607969016858403,3.2005720205625177,0.7088122605363985
AUDUSD,MAJ2of3,2014,0.5575757575757576,3.1528379501850408,1.913996514554364,0.632183908045977
AUDUSD,MAJ2of3,2015,0.5294117647058824,0.4112896797675797,0.1714373250146855,0.6513409961685823
AUDUSD,MAJ2of3,2016,0.5368421052631579,2.4822357963623554,1.7473295147872996,0.7307692307692307
AUDUSD,MAJ2of3,2017,0.4603174603174603,-2.4519205076522805,-1.8730377303762185,0.7269230769230769
AUDUSD,MAJ2of3,2018,0.47191011235955055,0.4275673159311902,0.21471880616025377,0.6819923371647509
AUDUSD,MAJ2of3,2019,0.5158730158730159,-3.254220048252252,-1.6530838588101666,0.4827586206896552
AUDUSD,MAJ2of3,2020,0.5767195767195767,9.50679286979604,6.819089414051292,0.7213740458015268
AUDUSD,MAJ2of3,2021,0.484472049689441,-3.548331787156687,-2.2988270385946032,0.6192307692307693
AUDUSD,MAJ2of3,2022,0.5192307692307693,2.8643249981526084,1.6582863802122298,0.6
AUDUSD,MAJ2of3,2023,0.4748603351955307,-3.077295837639505,-2.2459413451494377,0.6884615384615385
AUDUSD,MAJ2of3,2024,0.4427860696517413,-4.935370198226164,-3.9135374338423907,0.767175572519084
AUDUSD,MAJ2of3,2025,0.425531914893617,-7.94569476615153,-4.424020125199943,0.5402298850574713
AUDUSD,MAJ2of3,2026,0.5569620253164557,5.6771474760977805,3.4001548275589273,0.6124031007751938
AUDUSD,ALL3,2008,0.4878048780487805,12.666927026442412,1.9665932393899284,0.15708812260536398
AUDUSD,ALL3,2009,0.5886524822695035,12.857395932720998,6.9360975633263235,0.5423076923076923
AUDUSD,ALL3,2010,0.4948453608247423,-1.9419995626202748,-0.7587639363601814,0.3716475095785441
AUDUSD,ALL3,2011,0.46835443037974683,-8.400966233641617,-2.5786864912023097,0.3038461538461538
AUDUSD,ALL3,2012,0.46601941747572817,0.782592181528715,0.275576937980459,0.3946360153256705
AUDUSD,ALL3,2013,0.5371900826446281,5.91467079442019,2.6984524358032695,0.46360153256704983
AUDUSD,ALL3,2014,0.5632911392405063,4.568265956960644,2.6945795625048863,0.6053639846743295
AUDUSD,ALL3,2015,0.5476190476190477,1.6367020626079465,0.7198115508371292,0.4827586206896552
AUDUSD,ALL3,2016,0.4716981132075472,-4.142054534350425,-1.7296599436799136,0.4076923076923077
AUDUSD,ALL3,2017,0.45185185185185184,-4.229109918099103,-2.2509819888344085,0.5192307692307693
AUDUSD,ALL3,2018,0.48299319727891155,-2.064209796883241,-1.2296867959456952,0.5632183908045977
AUDUSD,ALL3,2019,0.5,-9.793469842186617,-2.3759926980618635,0.23754789272030652
AUDUSD,ALL3,2020,0.5644171779141104,8.147677220947992,5.035469322551569,0.6221374045801527
AUDUSD,ALL3,2021,0.49074074074074076,-3.532484605608892,-1.5130852985744916,0.4153846153846154
AUDUSD,ALL3,2022,0.48333333333333334,-4.669343103215842,-2.2153900509328004,0.46153846153846156
AUDUSD,ALL3,2023,0.45038167938931295,-6.926854333940404,-3.5826298592786254,0.5038461538461538
AUDUSD,ALL3,2024,0.4178082191780822,-6.250881880848666,-3.5640646667156113,0.5572519083969466
AUDUSD,ALL3,2025,0.42,-12.442167510312524,-4.844646321646362,0.3831417624521073
AUDUSD,ALL3,2026,0.5409836065573771,3.3693119480203064,1.5166926431985708,0.4728682170542636
USDJPY,SMA200,2008,0.5897435897435898,17.39146970055189,2.8379385703829447,0.16317991631799164
USDJPY,SMA200,2009,0.4329501915708812,-9.56744008934911,-9.56744008934911,1.0
USDJPY,SMA200,2010,0.5287356321839081,2.591806045826111,2.591806045826111,1.0
USDJPY,SMA200,2011,0.55,1.028944752714973,1.028944752714973,1.0
USDJPY,SMA200,2012,0.5019157088122606,-0.2180027708932709,-0.2180027708932709,1.0
USDJPY,SMA200,2013,0.5287356321839081,7.735976536707764,7.735976536707764,1.0
USDJPY,SMA200,2014,0.5172413793103449,3.372278236097659,3.372278236097659,1.0
USDJPY,SMA200,2015,0.47509578544061304,-2.471318061915508,-2.471318061915508,1.0
USDJPY,SMA200,2016,0.5038461538461538,7.818015208989716,7.818015208989716,1.0
USDJPY,SMA200,2017,0.45384615384615384,-4.70480397615327,-4.70480397615327,1.0
USDJPY,SMA200,2018,0.5057471264367817,-0.8044000458046443,-0.8044000458046443,1.0
USDJPY,SMA200,2019,0.421455938697318,-2.6121117527328623,-2.6121117527328623,1.0
USDJPY,SMA200,2020,0.49236641221374045,-2.012658149278635,-2.012658149278635,1.0
USDJPY,SMA200,2021,0.5153846153846153,1.6797688931050525,1.6797688931050525,1.0
USDJPY,SMA200,2022,0.5538461538461539,4.403994206649806,4.403994206649806,1.0
USDJPY,SMA200,2023,0.5153846153846153,-1.293265957513042,-1.293265957513042,1.0
USDJPY,SMA200,2024,0.5229007633587787,-1.279738229891328,-1.279738229891328,1.0
USDJPY,SMA200,2025,0.5134099616858238,-1.5039203503790903,-1.5039203503790903,1.0
USDJPY,SMA200,2026,0.6744186046511628,3.00492625168981,3.00492625168981,1.0
USDJPY,TSMOM20,2008,0.518348623853211,8.38875916059324,7.651671535603875,0.9121338912133892
USDJPY,TSMOM20,2009,0.5019157088122606,0.13960625413292152,0.13960625413292152,1.0
USDJPY,TSMOM20,2010,0.49808429118773945,-1.5709738936504416,-1.5709738936504416,1.0
USDJPY,TSMOM20,2011,0.45384615384615384,-5.165612968874307,-5.165612968874307,1.0
USDJPY,TSMOM20,2012,0.5363984674329502,4.049732659461771,4.049732659461771,1.0
USDJPY,TSMOM20,2013,0.47509578544061304,-4.1428159700835065,-4.1428159700835065,1.0
USDJPY,TSMOM20,2014,0.5095785440613027,2.127207993489762,2.127207993489762,1.0
USDJPY,TSMOM20,2015,0.4942528735632184,1.232479907410721,1.232479907410721,1.0
USDJPY,TSMOM20,2016,0.49615384615384617,3.6764243892650885,3.6764243892650885,1.0
USDJPY,TSMOM20,2017,0.5153846153846153,-1.2208678686959407,-1.2208678686959407,1.0
USDJPY,TSMOM20,2018,0.48659003831417624,0.3213271202203437,0.3213271202203437,1.0
USDJPY,TSMOM20,2019,0.4367816091954023,-1.4208819525387741,-1.4208819525387741,1.0
USDJPY,TSMOM20,2020,0.46946564885496184,-4.091882920559002,-4.091882920559002,1.0
USDJPY,TSMOM20,2021,0.5,-1.3590769951560009,-1.3590769951560009,1.0
USDJPY,TSMOM20,2022,0.5461538461538461,8.305667084392935,8.305667084392935,1.0
USDJPY,TSMOM20,2023,0.5769230769230769,2.835747258426936,2.835747258426936,1.0
USDJPY,TSMOM20,2024,0.5267175572519084,-1.6948001952102918,-1.6948001952102918,1.0
USDJPY,TSMOM20,2025,0.47509578544061304,-0.5647151290480112,-0.5647151290480112,1.0
USDJPY,TSMOM20,2026,0.5581395348837209,0.21898673410991754,0.21898673410991754,1.0
USDJPY,DONCH55_20,2008,0.5315315315315315,6.307878807968162,2.921678623571832,0.46443514644351463
USDJPY,DONCH55_20,2009,0.4506172839506173,-9.151503537734408,-5.70064976131058,0.6206896551724138
USDJPY,DONCH55_20,2010,0.5220588235294118,0.43187819317250675,0.21192018120805134,0.5210727969348659
USDJPY,DONCH55_20,2011,0.46357615894039733,-5.9971032902148265,-3.4922699279892098,0.5807692307692308
USDJPY,DONCH55_20,2012,0.5228758169934641,3.624913860963131,2.1056012951046097,0.5862068965517241
USDJPY,DONCH55_20,2013,0.5390070921985816,11.28301372175095,6.0914858962000595,0.5402298850574713
USDJPY,DONCH55_20,2014,0.5517241379310345,5.809819594939201,2.5747835235808982,0.4444444444444444
USDJPY,DONCH55_20,2015,0.48044692737430167,-0.563959090487467,-0.3931003514592098,0.685823754789272
USDJPY,DONCH55_20,2016,0.49700598802395207,6.075419499928104,3.892054815399816,0.6423076923076924
USDJPY,DONCH55_20,2017,0.3880597014925373,-12.53275166678095,-3.2433219829956523,0.25769230769230766
USDJPY,DONCH55_20,2018,0.4702702702702703,-1.1170764415276435,-0.8023388894366044,0.7088122605363985
USDJPY,DONCH55_20,2019,0.425531914893617,-1.0365755259031106,-0.5705553645270939,0.5402298850574713
USDJPY,DONCH55_20,2020,0.5023255813953489,-1.1050134272112297,-0.917359739142116,0.8206106870229007
USDJPY,DONCH55_20,2021,0.512987012987013,1.0694604732039232,0.6192984231904376,0.5923076923076923
USDJPY,DONCH55_20,2022,0.5566037735849056,8.20920006141977,6.685045268029944,0.8153846153846154
USDJPY,DONCH55_20,2023,0.5605095541401274,1.653475020768906,0.9901798847388318,0.6038461538461538
USDJPY,DONCH55_20,2024,0.5380710659898477,-0.9883779840614334,-0.7559481607714749,0.7519083969465649
USDJPY,DONCH55_20,2025,0.5073891625615764,1.448176025420215,1.1212648691648364,0.7777777777777778
USDJPY,DONCH55_20,2026,0.5833333333333334,-5.894159472960307,-3.8528904907832313,0.6511627906976745
USDJPY,MAJ2of3,2008,0.5480769230769231,9.515380904979224,4.124578012988879,0.4351464435146444
USDJPY,MAJ2of3,2009,0.4444444444444444,-8.990557512095545,-5.343950759108312,0.5862068965517241
USDJPY,MAJ2of3,2010,0.5176470588235295,0.29972372299083044,0.1438265446949369,0.6513409961685823
USDJPY,MAJ2of3,2011,0.49044585987261147,-4.5039563036837444,-2.7816559347716607,0.6038461538461538
USDJPY,MAJ2of3,2012,0.5310734463276836,3.446499954764429,2.2693415219261466,0.6781609195402298
USDJPY,MAJ2of3,2013,0.5025906735751295,2.4832884362401693,1.79658028331213,0.7394636015325671
USDJPY,MAJ2of3,2014,0.52046783625731,4.304396327526161,2.7497431147937115,0.6551724137931034
USDJPY,MAJ2of3,2015,0.47674418604651164,-0.8341416273772462,-0.6194190772523938,0.6590038314176245
USDJPY,MAJ2of3,2016,0.5,8.053534492475796,5.649428619433371,0.7076923076923077
USDJPY,MAJ2of3,2017,0.4695121951219512,-4.782392047993619,-3.0818590659272593,0.6307692307692307
USDJPY,MAJ2of3,2018,0.49390243902439024,-0.285026077238633,-0.24153646279215027,0.6283524904214559
USDJPY,MAJ2of3,2019,0.39215686274509803,-2.3359909665795353,-1.4429200146453698,0.5862068965517241
USDJPY,MAJ2of3,2020,0.4842105263157895,-2.8892200810890514,-2.177265372534966,0.7251908396946565
USDJPY,MAJ2of3,2021,0.5131578947368421,0.3827938365680634,0.160345948974526,0.5846153846153846
USDJPY,MAJ2of3,2022,0.5684210526315789,8.741940845701466,6.354830645521371,0.7307692307692307
USDJPY,MAJ2of3,2023,0.5705882352941176,1.2264754793965225,0.7712406504569476,0.6538461538461539
USDJPY,MAJ2of3,2024,0.5294117647058824,-2.842215077933091,-2.243389705804069,0.7786259541984732
USDJPY,MAJ2of3,2025,0.48951048951048953,-1.5064239394447072,-0.8692204429121346,0.5478927203065134
USDJPY,MAJ2of3,2026,0.68,0.2846864100575096,0.12625250918694808,0.5813953488372093
USDJPY,ALL3,2008,0.5945945945945946,16.976177298525837,2.623749738936333,0.15481171548117154
USDJPY,ALL3,2009,0.4157303370786517,-14.423047437404824,-4.967582801287907,0.34099616858237547
USDJPY,ALL3,2010,0.5486725663716814,1.3318401607407644,0.5546760804933945,0.4329501915708812
USDJPY,ALL3,2011,0.49382716049382713,-8.427483324157183,-2.654629661943698,0.31153846153846154
USDJPY,ALL3,2012,0.5625,7.719736883491066,3.278728484971347,0.42911877394636017
USDJPY,ALL3,2013,0.5220588235294118,6.700276003125018,3.471173044453451,0.5210727969348659
USDJPY,ALL3,2014,0.5377358490566038,4.399986014968813,1.7616117829096376,0.4061302681992337
USDJPY,ALL3,2015,0.4636363636363636,-2.1488633669524155,-0.9503711710094325,0.421455938697318
USDJPY,ALL3,2016,0.49645390070921985,8.670438820094592,4.670913146066334,0.5423076923076923
USDJPY,ALL3,2017,0.3333333333333333,-20.730987123331612,-2.651946499993963,0.12692307692307692
USDJPY,ALL3,2018,0.4583333333333333,-1.0617389324325344,-0.522960454064183,0.45977011494252873
USDJPY,ALL3,2019,0.4019607843137255,-0.49775526220911537,-0.22988344299684985,0.39080459770114945
USDJPY,ALL3,2020,0.47770700636942676,-3.4225371115283343,-2.115185318321667,0.5992366412213741
USDJPY,ALL3,2021,0.5047619047619047,0.8327267772335745,0.29727388221103496,0.40384615384615385
USDJPY,ALL3,2022,0.5611111111111111,7.57609261520635,5.217249260753292,0.6923076923076923
USDJPY,ALL3,2023,0.5633802816901409,0.9007223789398763,0.4755158831001533,0.5461538461538461
USDJPY,ALL3,2024,0.5340909090909091,-3.6744330187793337,-2.4961818363867017,0.6717557251908397
USDJPY,ALL3,2025,0.5084745762711864,-0.9047741569816247,-0.43447849117816484,0.4521072796934866
USDJPY,ALL3,2026,0.62,-4.959014903387911,-1.9564875307225165,0.3875968992248062
USDCHF,SMA200,2008,0.46774193548387094,-18.489145857267225,-4.375294057826595,0.2366412213740458
USDCHF,SMA200,2009,0.5440613026819924,2.7662100704876957,2.7662100704876957,1.0
USDCHF,SMA200,2010,0.49808429118773945,3.71522787953266,3.71522787953266,1.0
USDCHF,SMA200,2011,0.5384615384615384,2.3560341908736007,2.3560341908736007,1.0
USDCHF,SMA200,2012,0.5517241379310345,0.3838491630392949,0.3838491630392949,1.0
USDCHF,SMA200,2013,0.4904214559386973,-6.701735696371811,-6.701735696371811,1.0
USDCHF,SMA200,2014,0.5172413793103449,3.421342579893024,3.421342579893024,1.0
USDCHF,SMA200,2015,0.524904214559387,-8.847804105049214,-8.847804105049214,1.0
USDCHF,SMA200,2016,0.5,-2.6055699751202437,-2.6055699751202437,1.0
USDCHF,SMA200,2017,0.48846153846153845,-2.909340897243084,-2.909340897243084,1.0
USDCHF,SMA200,2018,0.5172413793103449,-0.6931840863676194,-0.6931840863676194,1.0
USDCHF,SMA200,2019,0.5057471264367817,-1.7419157923680002,-1.7419157923680002,1.0
USDCHF,SMA200,2020,0.49236641221374045,2.639604978995105,2.639604978995105,1.0
USDCHF,SMA200,2021,0.48846153846153845,-3.905774099440429,-3.905774099440429,1.0
USDCHF,SMA200,2022,0.5076923076923077,-1.9276064015403647,-1.9276064015403647,1.0
USDCHF,SMA200,2023,0.4807692307692308,0.9093158081586454,0.9093158081586454,1.0
USDCHF,SMA200,2024,0.4580152671755725,-3.634249828413179,-3.634249828413179,1.0
USDCHF,SMA200,2025,0.5210727969348659,1.6589495935207834,1.6589495935207834,1.0
USDCHF,SMA200,2026,0.4728682170542636,-1.395398895026862,-1.395398895026862,1.0
USDCHF,TSMOM20,2008,0.5228215767634855,7.093710696802671,6.52513083179177,0.9198473282442748
USDCHF,TSMOM20,2009,0.45977011494252873,-5.951880837877258,-5.951880837877258,1.0
USDCHF,TSMOM20,2010,0.524904214559387,4.618942576524382,4.618942576524382,1.0
USDCHF,TSMOM20,2011,0.5,3.5683472666731304,3.5683472666731304,1.0
USDCHF,TSMOM20,2012,0.49808429118773945,-1.453063474146773,-1.453063474146773,1.0
USDCHF,TSMOM20,2013,0.4942528735632184,-3.4512633763316125,-3.4512633763316125,1.0
USDCHF,TSMOM20,2014,0.5076923076923077,1.1602207007001544,1.1514377930609228,0.9961685823754789
USDCHF,TSMOM20,2015,0.5325670498084292,-8.66679181670702,-8.66679181670702,1.0
USDCHF,TSMOM20,2016,0.5,-1.2871862123930127,-1.2871862123930127,1.0
USDCHF,TSMOM20,2017,0.47104247104247104,-2.4576617116668245,-2.4521643246226037,0.9961538461538462
USDCHF,TSMOM20,2018,0.5593869731800766,3.162339874343127,3.162339874343127,1.0
USDCHF,TSMOM20,2019,0.4942528735632184,0.43300852099304493,0.43300852099304493,1.0
USDCHF,TSMOM20,2020,0.49236641221374045,-1.401632996543341,-1.401632996543341,1.0
USDCHF,TSMOM20,2021,0.5423076923076923,2.784952194638503,2.784952194638503,1.0
USDCHF,TSMOM20,2022,0.45,-4.952343348953755,-4.952343348953755,1.0
USDCHF,TSMOM20,2023,0.4846153846153846,0.6572052953253682,0.6572052953253682,1.0
USDCHF,TSMOM20,2024,0.4732824427480916,0.22645910520429238,0.22645910520429238,1.0
USDCHF,TSMOM20,2025,0.524904214559387,2.2450623805609267,2.2450623805609267,1.0
USDCHF,TSMOM20,2026,0.4573643410852713,-1.8458041264922624,-1.8458041264922624,1.0
USDCHF,DONCH55_20,2008,0.5294117647058824,1.096609042463674,0.4164768805725047,0.3893129770992366
USDCHF,DONCH55_20,2009,0.5257142857142857,-0.024577791864744864,-0.02359261353321003,0.6704980842911877
USDCHF,DONCH55_20,2010,0.5133333333333333,3.0874272235179685,1.7596713480380934,0.5747126436781609
USDCHF,DONCH55_20,2011,0.518918918918919,6.210111550301654,4.405649311228478,0.7115384615384616
USDCHF,DONCH55_20,2012,0.5490196078431373,-1.1594343828604263,-0.6959578845182316,0.5862068965517241
USDCHF,DONCH55_20,2013,0.503448275862069,-4.945033737489506,-2.763575412209294,0.5555555555555556
USDCHF,DONCH55_20,2014,0.5,3.7268502837387074,2.3003798230966925,0.6206896551724138
USDCHF,DONCH55_20,2015,0.4788732394366197,-20.082869861570234,-10.938351913691447,0.5440613026819924
USDCHF,DONCH55_20,2016,0.4628099173553719,-3.858215513880384,-1.8074355294667577,0.4653846153846154
USDCHF,DONCH55_20,2017,0.4601226993865031,-1.88640279073312,-1.1981463017841218,0.6269230769230769
USDCHF,DONCH55_20,2018,0.5546218487394958,2.904441056601274,1.3085509136213451,0.4559386973180077
USDCHF,DONCH55_20,2019,0.4632352941176471,-3.3176795777703956,-1.7441358229451815,0.5210727969348659
USDCHF,DONCH55_20,2020,0.5119617224880383,-1.7051947831682155,-1.3722982300926854,0.7977099236641222
USDCHF,DONCH55_20,2021,0.5,-4.86548685706294,-2.4954234984448536,0.5076923076923077
USDCHF,DONCH55_20,2022,0.5037037037037037,-0.3250649707693099,-0.18066431460553972,0.5192307692307693
USDCHF,DONCH55_20,2023,0.47297297297297297,0.9124187612006119,0.5023489996685667,0.5692307692307692
USDCHF,DONCH55_20,2024,0.49107142857142855,1.561208004845837,1.3216934761561732,0.8549618320610687
USDCHF,DONCH55_20,2025,0.5193798449612403,-0.1554334571431466,-0.09514329721939903,0.4942528735632184
USDCHF,DONCH55_20,2026,0.4857142857142857,0.3057552737174646,0.07304389303561715,0.2713178294573643
USDCHF,MAJ2of3,2008,0.5108695652173914,-1.195350587834008,-0.4370318130801409,0.3511450381679389
USDCHF,MAJ2of3,2009,0.5,-3.0496675577913286,-2.1899122747143114,0.6973180076628352
USDCHF,MAJ2of3,2010,0.5144508670520231,5.9382057319987425,3.8995070431585077,0.6628352490421456
USDCHF,MAJ2of3,2011,0.5235849056603774,3.685142040518277,2.962190728773365,0.8153846153846154
USDCHF,MAJ2of3,2012,0.55,-0.0779258027253789,-0.1094788891812332,0.6130268199233716
USDCHF,MAJ2of3,2013,0.48947368421052634,-7.581816610582577,-5.60566658372319,0.7279693486590039
USDCHF,MAJ2of3,2014,0.5108695652173914,3.035429852880853,2.0729119706625503,0.7049808429118773
USDCHF,MAJ2of3,2015,0.5389221556886228,-14.072948388402535,-9.048665440914013,0.6398467432950191
USDCHF,MAJ2of3,2016,0.4887640449438202,-3.109417995983766,-2.203378289421845,0.6846153846153846
USDCHF,MAJ2of3,2017,0.45528455284552843,-4.358857375574484,-2.1322625725902813,0.47307692307692306
USDCHF,MAJ2of3,2018,0.5625,2.0775157362451186,1.234577893987754,0.6130268199233716
USDCHF,MAJ2of3,2019,0.4942528735632184,-1.0681596046181874,-0.7892536435383711,0.6666666666666666
USDCHF,MAJ2of3,2020,0.5033557046979866,0.67740759180574,0.3277135557545694,0.5687022900763359
USDCHF,MAJ2of3,2021,0.5212121212121212,-1.0809102341945014,-0.7703017886084423,0.6346153846153846
USDCHF,MAJ2of3,2022,0.4594594594594595,-5.257380949699289,-3.8226231377994133,0.7115384615384616
USDCHF,MAJ2of3,2023,0.47023809523809523,0.836120299828462,0.4811178167877534,0.6461538461538462
USDCHF,MAJ2of3,2024,0.46808510638297873,-0.1138302895869594,-0.12638827720390697,0.5381679389312977
USDCHF,MAJ2of3,2025,0.5384615384615384,3.380476117378396,1.952005987040855,0.5977011494252874
USDCHF,MAJ2of3,2026,0.4457831325301205,-2.3654312917307876,-1.6206015107595624,0.6434108527131783
USDCHF,ALL3,2008,0.5094339622641509,0.45528411006866254,0.08203735189719463,0.20229007633587787
USDCHF,ALL3,2009,0.5116279069767442,-2.867219282151264,-1.4637691821062613,0.4942528735632184
USDCHF,ALL3,2010,0.5259259259259259,5.349490304377773,2.74886634245575,0.5172413793103449
USDCHF,ALL3,2011,0.5149700598802395,3.6706313214847044,2.3314678129542403,0.6423076923076924
USDCHF,ALL3,2012,0.5566037735849056,1.5120803456352456,0.5817091701637962,0.4061302681992337
USDCHF,ALL3,2013,0.48623853211009177,-7.58393656148583,-3.208455219991929,0.41762452107279696
USDCHF,ALL3,2014,0.47794117647058826,2.3362822939745946,1.1719622752877203,0.5210727969348659
USDCHF,ALL3,2015,0.5137614678899083,-23.194723049963187,-9.710904230727046,0.41762452107279696
USDCHF,ALL3,2016,0.4868421052631579,-3.5985703410758285,-1.071665850037298,0.2923076923076923
USDCHF,ALL3,2017,0.46511627906976744,-0.49808051050386126,-0.20369819421969418,0.33076923076923076
USDCHF,ALL3,2018,0.5631067961165048,3.6500634742176956,1.4168800430108401,0.3946360153256705
USDCHF,ALL3,2019,0.48,-1.987188598483816,-0.7844998895067545,0.3831417624521073
USDCHF,ALL3,2020,0.5038759689922481,-0.6131842638098511,-0.3471669397314346,0.49236641221374045
USDCHF,ALL3,2021,0.5555555555555556,-2.164794772855129,-0.8707290045884651,0.38076923076923075
USDCHF,ALL3,2022,0.5398230088495575,0.8756313629762736,0.3566096940283492,0.4346153846153846
USDCHF,ALL3,2023,0.4830508474576271,1.4805899838608831,0.6297397104052523,0.45384615384615384
USDCHF,ALL3,2024,0.4642857142857143,-0.4539793114030573,-0.30771282974080294,0.5343511450381679
USDCHF,ALL3,2025,0.5108695652173914,0.7454767269807586,0.22284790893791856,0.3524904214559387
USDCHF,ALL3,2026,0.46875,-1.7177803028659078,-0.4460463733987284,0.24806201550387597
USDCAD,SMA200,2008,0.5806451612903226,18.41490518288901,4.357725653966102,0.2366412213740458
USDCAD,SMA200,2009,0.5287356321839081,3.2541290704689128,3.2541290704689128,1.0
USDCAD,SMA200,2010,0.5057471264367817,-8.625709197943278,-8.625709197943278,1.0
USDCAD,SMA200,2011,0.49615384615384617,-0.4032881477353324,-0.4032881477353324,1.0
USDCAD,SMA200,2012,0.4674329501915709,-3.293172056848916,-3.293172056848916,1.0
USDCAD,SMA200,2013,0.4942528735632184,1.674050226255687,1.674050226255687,1.0
USDCAD,SMA200,2014,0.5325670498084292,1.6904484712328256,1.6904484712328256,1.0
USDCAD,SMA200,2015,0.5402298850574713,6.847436206138807,6.847436206138807,1.0
USDCAD,SMA200,2016,0.49230769230769234,-4.027548459240009,-4.027548459240009,1.0
USDCAD,SMA200,2017,0.48846153846153845,-1.0685797095791485,-1.0685797095791485,1.0
USDCAD,SMA200,2018,0.5402298850574713,0.7957056511335389,0.7957056511335389,1.0
USDCAD,SMA200,2019,0.46360153256704983,-4.82554477620972,-4.82554477620972,1.0
USDCAD,SMA200,2020,0.5114503816793893,0.7946483751290612,0.7946483751290612,1.0
USDCAD,SMA200,2021,0.5076923076923077,-0.7015518113562114,-0.7015518113562114,1.0
USDCAD,SMA200,2022,0.5192307692307693,0.6910240651983759,0.6910240651983759,1.0
USDCAD,SMA200,2023,0.48846153846153845,-1.9664955906665795,-1.9664955906665795,1.0
USDCAD,SMA200,2024,0.4732824427480916,-1.8896632876987447,-1.8896632876987447,1.0
USDCAD,SMA200,2025,0.5057471264367817,-1.919611207665654,-1.919611207665654,1.0
USDCAD,SMA200,2026,0.4496124031007752,-0.8553329876583488,-0.8553329876583488,1.0
USDCAD,TSMOM20,2008,0.5186721991701245,-1.0813747778132112,-0.9946997002022279,0.9198473282442748
USDCAD,TSMOM20,2009,0.5038461538461538,-1.0680573008363508,-1.0670066590826752,0.9961685823754789
USDCAD,TSMOM20,2010,0.49808429118773945,-4.7990907154969795,-4.7990907154969795,1.0
USDCAD,TSMOM20,2011,0.4576923076923077,-5.23412713616621,-5.23412713616621,1.0
USDCAD,TSMOM20,2012,0.4827586206896552,-1.539941412848206,-1.539941412848206,1.0
USDCAD,TSMOM20,2013,0.47509578544061304,-4.0930456953528465,-4.0930456953528465,1.0
USDCAD,TSMOM20,2014,0.5057471264367817,0.5524959267292764,0.5524959267292764,1.0
USDCAD,TSMOM20,2015,0.5402298850574713,4.997032616717288,4.997032616717288,1.0
USDCAD,TSMOM20,2016,0.48846153846153845,-0.6944989794630109,-0.6944989794630109,1.0
USDCAD,TSMOM20,2017,0.5076923076923077,-0.5865356062120098,-0.5865356062120098,1.0
USDCAD,TSMOM20,2018,0.5517241379310345,2.570822684195676,2.570822684195676,1.0
USDCAD,TSMOM20,2019,0.49808429118773945,-0.5835509603029604,-0.5835509603029604,1.0
USDCAD,TSMOM20,2020,0.5267175572519084,1.162685765927485,1.162685765927485,1.0
USDCAD,TSMOM20,2021,0.5,-0.8079893111305473,-0.8079893111305473,1.0
USDCAD,TSMOM20,2022,0.49230769230769234,-2.492114549169413,-2.492114549169413,1.0
USDCAD,TSMOM20,2023,0.4807692307692308,-2.8111539377481827,-2.8111539377481827,1.0
USDCAD,TSMOM20,2024,0.4732824427480916,-0.7420012499775083,-0.7420012499775083,1.0
USDCAD,TSMOM20,2025,0.49808429118773945,-2.309025169944733,-2.309025169944733,1.0
USDCAD,TSMOM20,2026,0.5116279069767442,0.17930061723306326,0.17930061723306326,1.0
USDCAD,DONCH55_20,2008,0.5862068965517241,12.880053783766572,4.270101429130261,0.3320610687022901
USDCAD,DONCH55_20,2009,0.5257142857142857,-0.8585371438569814,-0.5821090861473117,0.6704980842911877
USDCAD,DONCH55_20,2010,0.5535714285714286,-1.068157065343202,-0.46571543706452434,0.42911877394636017
USDCAD,DONCH55_20,2011,0.5,-0.13459617386407713,-0.09556420369348757,0.6230769230769231
USDCAD,DONCH55_20,2012,0.4810810810810811,-1.5780379035368954,-1.133865271791877,0.7088122605363985
USDCAD,DONCH55_20,2013,0.45185185185185184,-3.3713172772322517,-1.7549633318247744,0.5172413793103449
USDCAD,DONCH55_20,2014,0.5271966527196653,3.4076222319939133,3.1098544017056637,0.9157088122605364
USDCAD,DONCH55_20,2015,0.5480769230769231,3.7980979286925733,3.017875982836627,0.7969348659003831
USDCAD,DONCH55_20,2016,0.4928571428571429,0.05752415111637106,0.019336100466899955,0.5384615384615384
USDCAD,DONCH55_20,2017,0.5079365079365079,-1.6309713919335096,-0.8023980723805767,0.4846153846153846
USDCAD,DONCH55_20,2018,0.4840764331210191,-1.9547629580325587,-1.1877381678565646,0.6015325670498084
USDCAD,DONCH55_20,2019,0.43089430894308944,-5.865002317403615,-2.7783686362570026,0.47126436781609193
USDCAD,DONCH55_20,2020,0.5108695652173914,2.93167848158435,2.050356149060861,0.7022900763358778
USDCAD,DONCH55_20,2021,0.5142857142857142,0.2626738774571544,0.20283786754117006,0.8076923076923077
USDCAD,DONCH55_20,2022,0.5147058823529411,-5.501983545524148,-1.4509348341674142,0.26153846153846155
USDCAD,DONCH55_20,2023,0.4594594594594595,-3.6780430900443792,-1.5816250817589539,0.4269230769230769
USDCAD,DONCH55_20,2024,0.45185185185185184,-0.3903678758658459,-0.21236647098051806,0.5152671755725191
USDCAD,DONCH55_20,2025,0.5265700483091788,0.15870041859182368,0.11762085810882221,0.7931034482758621
USDCAD,DONCH55_20,2026,0.40540540540540543,-3.5815353716233154,-2.0714317723673483,0.5736434108527132
USDCAD,MAJ2of3,2008,0.5875,14.052859059763964,4.274480203361093,0.3053435114503817
USDCAD,MAJ2of3,2009,0.5279503105590062,1.9365629683987897,1.1429821639568039,0.6168582375478927
USDCAD,MAJ2of3,2010,0.5051020408163265,-8.257765504026601,-6.264281160751426,0.7509578544061303
USDCAD,MAJ2of3,2011,0.4696132596685083,-3.4021943571813167,-2.4499144932627392,0.6961538461538461
USDCAD,MAJ2of3,2012,0.46540880503144655,-3.8135305574660356,-2.4110030166830145,0.6091954022988506
USDCAD,MAJ2of3,2013,0.4764705882352941,-1.7737614714105108,-1.208083477134884,0.6513409961685823
USDCAD,MAJ2of3,2014,0.5260115606936416,2.851650318736169,1.8377173722376632,0.6628352490421456
USDCAD,MAJ2of3,2015,0.5489130434782609,7.2139396495965,5.058481211842877,0.7049808429118773
USDCAD,MAJ2of3,2016,0.4714285714285714,-4.8027110716668595,-2.6269065812802674,0.5384615384615384
USDCAD,MAJ2of3,2017,0.5035460992907801,-0.645957832448403,-0.3886996784469661,0.5423076923076923
USDCAD,MAJ2of3,2018,0.58125,3.485091882562743,2.106560920054091,0.6130268199233716
USDCAD,MAJ2of3,2019,0.4591194968553459,-5.22240684399774,-3.242065728109722,0.6091954022988506
USDCAD,MAJ2of3,2020,0.5397727272727273,2.5224661867416827,1.663589395379409,0.6717557251908397
USDCAD,MAJ2of3,2021,0.5111111111111111,-0.4892311926341863,-0.38451383402369255,0.6923076923076923
USDCAD,MAJ2of3,2022,0.5086705202312138,-1.2633136396761342,-0.9005452419855188,0.6653846153846154
USDCAD,MAJ2of3,2023,0.4785276073619632,-3.7056229315936915,-2.3888247642073805,0.6269230769230769
USDCAD,MAJ2of3,2024,0.4635416666666667,-1.6638903292717995,-1.2784274073974289,0.732824427480916
USDCAD,MAJ2of3,2025,0.5106382978723404,-3.4590344511852504,-1.9151022158868707,0.5402298850574713
USDCAD,MAJ2of3,2026,0.45652173913043476,-0.8913649368954013,-0.6920664506152387,0.7131782945736435
USDCAD,ALL3,2008,0.5957446808510638,20.08757629881379,3.5942687876786032,0.17938931297709923
USDCAD,ALL3,2009,0.5213675213675214,-4.254911618147418,-1.9496040697591612,0.4482758620689655
USDCAD,ALL3,2010,0.5274725274725275,-3.888921322022388,-1.3858255364867993,0.3486590038314176
USDCAD,ALL3,2011,0.4740740740740741,-4.881058908769092,-2.59295166399198,0.5192307692307693
USDCAD,ALL3,2012,0.4435483870967742,-4.338234765206132,-2.1260416036871908,0.47509578544061304
USDCAD,ALL3,2013,0.47368421052631576,-0.7431236891802032,-0.28554035741931383,0.36398467432950193
USDCAD,ALL3,2014,0.5304878048780488,2.639728493532327,1.6097386385902555,0.6283524904214559
USDCAD,ALL3,2015,0.5633802816901409,7.680295477963871,4.154466873085685,0.5440613026819924
USDCAD,ALL3,2016,0.5154639175257731,-2.158992143850365,-0.8285980454357239,0.3730769230769231
USDCAD,ALL3,2017,0.5352112676056338,1.7849371903872668,0.4784697778876742,0.27307692307692305
USDCAD,ALL3,2018,0.5510204081632653,2.1500587681370136,0.7953654985632684,0.37547892720306514
USDCAD,ALL3,2019,0.4189189189189189,-6.557751984361383,-1.8823788555724723,0.2835249042145594
USDCAD,ALL3,2020,0.532258064516129,2.5040766034528734,1.1599966159425594,0.4732824427480916
USDCAD,ALL3,2021,0.48026315789473684,-3.0431345257088793,-1.8279587283050813,0.5846153846153846
USDCAD,ALL3,2022,0.52,-3.8508876269025007,-0.7612285464381772,0.19230769230769232
USDCAD,ALL3,2023,0.45555555555555555,-4.2730966141925855,-1.5134515671120932,0.34615384615384615
USDCAD,ALL3,2024,0.46551724137931033,-0.8605794616507328,-0.40915329940232426,0.44274809160305345
USDCAD,ALL3,2025,0.5121951219512195,-2.4305899577152266,-1.1865137148480023,0.47126436781609193
USDCAD,ALL3,2026,0.46153846153846156,-1.5131808167804972,-0.6382128715691744,0.40310077519379844
EURJPY,SMA200,2008,0.532258064516129,10.22767525391424,2.4202895639033697,0.2366412213740458
EURJPY,SMA200,2009,0.46360153256704983,-3.3549853833053565,-3.3549853833053565,1.0
EURJPY,SMA200,2010,0.524904214559387,5.780087708139591,5.780087708139591,1.0
EURJPY,SMA200,2011,0.5192307692307693,-0.5598284003740673,-0.5598284003740673,1.0
EURJPY,SMA200,2012,0.4942528735632184,-5.049114477205998,-5.049114477205998,1.0
EURJPY,SMA200,2013,0.5325670498084292,9.303759254230531,9.303759254230531,1.0
EURJPY,SMA200,2014,0.45977011494252873,-1.635112420118347,-1.635112420118347,1.0
EURJPY,SMA200,2015,0.47126436781609193,-2.3095362314850894,-2.3095362314850894,1.0
EURJPY,SMA200,2016,0.5076923076923077,4.871696969906208,4.871696969906208,1.0
EURJPY,SMA200,2017,0.5307692307692308,2.701421626829094,2.701421626829094,1.0
EURJPY,SMA200,2018,0.46360153256704983,-2.2748955165232023,-2.2748955165232023,1.0
EURJPY,SMA200,2019,0.5134099616858238,0.6927398502095776,0.6927398502095776,1.0
EURJPY,SMA200,2020,0.4732824427480916,-3.4561427504313826,-3.4561427504313826,1.0
EURJPY,SMA200,2021,0.5115384615384615,-0.1907615858812289,-0.1907615858812289,1.0
EURJPY,SMA200,2022,0.5230769230769231,0.6760319601581232,0.6760319601581232,1.0
EURJPY,SMA200,2023,0.5038461538461538,-0.09270208229069489,-0.09270208229069489,1.0
EURJPY,SMA200,2024,0.5152671755725191,0.24336670977624214,0.24336670977624214,1.0
EURJPY,SMA200,2025,0.5440613026819924,3.063836978131422,3.063836978131422,1.0
EURJPY,TSMOM20,2008,0.5541666666666667,13.858056675187951,12.692031645339574,0.916030534351145
EURJPY,TSMOM20,2009,0.4789272030651341,-3.888791391449931,-3.888791391449931,1.0
EURJPY,TSMOM20,2010,0.5057471264367817,1.883022259914272,1.883022259914272,1.0
EURJPY,TSMOM20,2011,0.5038461538461538,1.9898612282097063,1.9898612282097063,1.0
EURJPY,TSMOM20,2012,0.524904214559387,4.7901750749627015,4.7901750749627015,1.0
EURJPY,TSMOM20,2013,0.4827586206896552,0.24733338711688785,0.24733338711688785,1.0
EURJPY,TSMOM20,2014,0.4674329501915709,1.0468786636333967,1.0468786636333967,1.0
EURJPY,TSMOM20,2015,0.4827586206896552,0.49196848828420564,0.49196848828420564,1.0
EURJPY,TSMOM20,2016,0.5038461538461538,-0.0883442657096002,-0.0883442657096002,1.0
EURJPY,TSMOM20,2017,0.5,-1.7303618703769876,-1.7303618703769876,1.0
EURJPY,TSMOM20,2018,0.4521072796934866,-3.324173351163835,-3.324173351163835,1.0
EURJPY,TSMOM20,2019,0.4904214559386973,-1.4355987717079544,-1.4355987717079544,1.0
EURJPY,TSMOM20,2020,0.49236641221374045,-2.837890341350497,-2.837890341350497,1.0
EURJPY,TSMOM20,2021,0.5269230769230769,1.5328945589447422,1.5328945589447422,1.0
EURJPY,TSMOM20,2022,0.49230769230769234,-1.8515232701357358,-1.8515232701357358,1.0
EURJPY,TSMOM20,2023,0.5,-0.44904050411064617,-0.44904050411064617,1.0
EURJPY,TSMOM20,2024,0.5458015267175572,-0.3707804039980052,-0.3707804039980052,1.0
EURJPY,TSMOM20,2025,0.5210727969348659,1.193106318190943,1.193106318190943,1.0
EURJPY,DONCH55_20,2008,0.5617283950617284,13.191299444165915,8.151144489176279,0.6183206106870229
EURJPY,DONCH55_20,2009,0.36486486486486486,-18.561121938114375,-5.268660042009833,0.2835249042145594
EURJPY,DONCH55_20,2010,0.4764705882352941,-6.094576006703484,-3.98586417681156,0.6513409961685823
EURJPY,DONCH55_20,2011,0.47540983606557374,-1.8617655302205534,-0.8874648590920536,0.46923076923076923
EURJPY,DONCH55_20,2012,0.5515463917525774,6.475094716581358,4.79785304672546,0.7432950191570882
EURJPY,DONCH55_20,2013,0.5096774193548387,6.783043815176575,4.019186727104933,0.5938697318007663
EURJPY,DONCH55_20,2014,0.46206896551724136,-1.8189367023062997,-1.0188300677568691,0.5555555555555556
EURJPY,DONCH55_20,2015,0.4657534246575342,-0.6021374742997839,-0.5165183814350763,0.8390804597701149
EURJPY,DONCH55_20,2016,0.5375,6.876835244712261,4.225557407042158,0.6153846153846154
EURJPY,DONCH55_20,2017,0.5271739130434783,-0.5342986359598999,-0.39061803304018644,0.7076923076923077
EURJPY,DONCH55_20,2018,0.4444444444444444,-6.201178302739738,-2.79152863804829,0.4482758620689655
EURJPY,DONCH55_20,2019,0.5,-0.46773939834762557,-0.2460121393163819,0.5057471264367817
EURJPY,DONCH55_20,2020,0.5167464114832536,-0.5634064134817394,-0.45893203420988277,0.7977099236641222
EURJPY,DONCH55_20,2021,0.5163398692810458,0.6331457863386966,0.3606921171327611,0.5884615384615385
EURJPY,DONCH55_20,2022,0.4444444444444444,-9.657528589992886,-5.363127071070972,0.5538461538461539
EURJPY,DONCH55_20,2023,0.4943820224719101,0.3347127591366765,0.2190677269947068,0.6846153846153846
EURJPY,DONCH55_20,2024,0.5497382198952879,0.2919545839230438,0.20821350095730548,0.7290076335877863
EURJPY,DONCH55_20,2025,0.5632183908045977,6.599711804004902,4.399807869336601,0.6666666666666666
EURJPY,MAJ2of3,2008,0.5652173913043478,18.694374875809718,9.816437047199143,0.5267175572519084
EURJPY,MAJ2of3,2009,0.4460431654676259,-7.379562562162669,-3.99393531974914,0.5325670498084292
EURJPY,MAJ2of3,2010,0.5289855072463768,8.259184859204423,4.330694900129115,0.5287356321839081
EURJPY,MAJ2of3,2011,0.515625,1.037627823883809,0.7150164139178191,0.7384615384615385
EURJPY,MAJ2of3,2012,0.5176470588235295,0.6761001588400641,0.38423544218038314,0.6513409961685823
EURJPY,MAJ2of3,2013,0.5104166666666666,6.552712616493149,4.775546320673708,0.735632183908046
EURJPY,MAJ2of3,2014,0.4304635761589404,-0.9168535155938644,-0.5822585418842628,0.578544061302682
EURJPY,MAJ2of3,2015,0.46853146853146854,-0.014769162817126518,-0.04530735516192343,0.5478927203065134
EURJPY,MAJ2of3,2016,0.5084745762711864,3.570542710485138,2.3916763520983038,0.6807692307692308
EURJPY,MAJ2of3,2017,0.5214723926380368,0.1876389250204905,0.0665480257354777,0.6269230769230769
EURJPY,MAJ2of3,2018,0.42857142857142855,-4.594840078332419,-3.02191494626453,0.6436781609195402
EURJPY,MAJ2of3,2019,0.4968944099378882,-0.7586960443180787,-0.5212992212401588,0.6168582375478927
EURJPY,MAJ2of3,2020,0.4880952380952381,-2.7402084145871037,-1.8173355611660529,0.6412213740458015
EURJPY,MAJ2of3,2021,0.5248618784530387,0.8592355309458605,0.5565553259543279,0.6961538461538461
EURJPY,MAJ2of3,2022,0.5094339622641509,-1.4822179198228482,-0.9516421690272114,0.6115384615384616
EURJPY,MAJ2of3,2023,0.5028248587570622,0.37646745413016625,0.21545227547416454,0.6807692307692308
EURJPY,MAJ2of3,2024,0.5376884422110553,-0.7667338034451457,-0.6150010323974803,0.7595419847328244
EURJPY,MAJ2of3,2025,0.541871921182266,2.7959170363156027,2.1284716481611823,0.7777777777777778
EURJPY,ALL3,2008,0.6170212765957447,26.940161318204083,4.823376275578987,0.17938931297709923
EURJPY,ALL3,2009,0.3684210526315789,-10.531113600080138,-1.5423608791429162,0.14559386973180077
EURJPY,ALL3,2010,0.4946236559139785,-2.5527670136000467,-0.9429317243772162,0.3563218390804598
EURJPY,ALL3,2011,0.46846846846846846,-0.4812616178759294,-0.2333115834515682,0.4269230769230769
EURJPY,ALL3,2012,0.5345911949685535,3.7809772340035006,2.2655596477728754,0.6091954022988506
EURJPY,ALL3,2013,0.5,5.965813793842332,3.3651265815327944,0.5670498084291188
EURJPY,ALL3,2014,0.4421052631578947,-0.9498137947881485,-0.3756875294151502,0.36398467432950193
EURJPY,ALL3,2015,0.45323741007194246,-3.059818360453625,-1.66677387554585,0.5325670498084292
EURJPY,ALL3,2016,0.536,5.491437386794602,2.6240803895960707,0.4807692307692308
EURJPY,ALL3,2017,0.53125,0.20037444768141843,0.06285786956107055,0.49230769230769234
EURJPY,ALL3,2018,0.4157303370786517,-9.314922312107981,-3.2112316048757585,0.34099616858237547
EURJPY,ALL3,2019,0.5151515151515151,0.8919813586774341,0.31626353126510215,0.3793103448275862
EURJPY,ALL3,2020,0.5,-3.5086691092753632,-2.062777086242776,0.5725190839694656
EURJPY,ALL3,2021,0.5333333333333333,2.0895303965185397,0.9437096630725341,0.46153846153846156
EURJPY,ALL3,2022,0.4673913043478261,-9.07301227700844,-3.2303867712114793,0.35384615384615387
EURJPY,ALL3,2023,0.5147058823529411,1.7292415597738389,0.8791198825722649,0.5230769230769231
EURJPY,ALL3,2024,0.5510204081632653,-1.173257755507762,-0.6861847292503899,0.5610687022900763
EURJPY,ALL3,2025,0.5657894736842105,6.084430335311369,3.5209348351480854,0.5823754789272031
GBPJPY,SMA200,2008,0.5967741935483871,43.400311060367436,10.27030261733886,0.2366412213740458
GBPJPY,SMA200,2009,0.48659003831417624,-9.042010562894978,-9.042010562894978,1.0
GBPJPY,SMA200,2010,0.5402298850574713,5.477413775914038,5.477413775914038,1.0
GBPJPY,SMA200,2011,0.47692307692307695,-2.8138333003616824,-2.8138333003616824,1.0
GBPJPY,SMA200,2012,0.5057471264367817,-1.3508752738816105,-1.3508752738816105,1.0
GBPJPY,SMA200,2013,0.5440613026819924,8.494801949401914,8.494801949401914,1.0
GBPJPY,SMA200,2014,0.49808429118773945,0.752180158183196,0.752180158183196,1.0
GBPJPY,SMA200,2015,0.4789272030651341,-3.113567840902123,-3.113567840902123,1.0
GBPJPY,SMA200,2016,0.5076923076923077,7.153875428235243,7.153875428235243,1.0
GBPJPY,SMA200,2017,0.5038461538461538,-2.2018289431943225,-2.2018289431943225,1.0
GBPJPY,SMA200,2018,0.4827586206896552,-7.211258029303997,-7.211258029303997,1.0
GBPJPY,SMA200,2019,0.4789272030651341,-0.6730249876771768,-0.6730249876771768,1.0
GBPJPY,SMA200,2020,0.4732824427480916,-7.458330359092657,-7.458330359092657,1.0
GBPJPY,SMA200,2021,0.5153846153846153,1.504828410628534,1.504828410628534,1.0
GBPJPY,SMA200,2022,0.48846153846153845,-1.7539040216770345,-1.7539040216770345,1.0
GBPJPY,SMA200,2023,0.5076923076923077,1.1568719996804544,1.1568719996804544,1.0
GBPJPY,SMA200,2024,0.5419847328244275,-3.1077033955635054,-3.1077033955635054,1.0
GBPJPY,SMA200,2025,0.5172413793103449,1.136139841411804,1.136139841411804,1.0
GBPJPY,SMA200,2026,0.5658914728682171,1.6917689320265492,1.6917689320265492,1.0
GBPJPY,TSMOM20,2008,0.5352697095435685,18.463694165005386,16.98377974719961,0.9198473282442748
GBPJPY,TSMOM20,2009,0.5210727969348659,-2.6149157115863706,-2.6149157115863706,1.0
GBPJPY,TSMOM20,2010,0.5363984674329502,-2.4323795238921906,-2.4323795238921906,1.0
GBPJPY,TSMOM20,2011,0.48846153846153845,0.5682618294930644,0.5682618294930644,1.0
GBPJPY,TSMOM20,2012,0.5057471264367817,2.1068060198150698,2.1068060198150698,1.0
GBPJPY,TSMOM20,2013,0.46360153256704983,-1.6101830826786514,-1.6101830826786514,1.0
GBPJPY,TSMOM20,2014,0.46360153256704983,-2.2701938866659312,-2.2701938866659312,1.0
GBPJPY,TSMOM20,2015,0.5517241379310345,6.1460734500605865,6.1460734500605865,1.0
GBPJPY,TSMOM20,2016,0.5346153846153846,6.356373918908801,6.356373918908801,1.0
GBPJPY,TSMOM20,2017,0.5115384615384615,0.9630046613787153,0.9630046613787153,1.0
GBPJPY,TSMOM20,2018,0.4904214559386973,-1.9909407946954103,-1.9909407946954103,1.0
GBPJPY,TSMOM20,2019,0.4942528735632184,4.673768970838737,4.673768970838737,1.0
GBPJPY,TSMOM20,2020,0.4618320610687023,-6.81227092941951,-6.81227092941951,1.0
GBPJPY,TSMOM20,2021,0.48846153846153845,0.09960864546277653,0.09960864546277653,1.0
GBPJPY,TSMOM20,2022,0.4346153846153846,-3.6375425881744534,-3.6375425881744534,1.0
GBPJPY,TSMOM20,2023,0.5153846153846153,3.2138084006067578,3.2138084006067578,1.0
GBPJPY,TSMOM20,2024,0.5534351145038168,1.1582431519930199,1.1582431519930199,1.0
GBPJPY,TSMOM20,2025,0.48659003831417624,-2.4888939062852518,-2.4888939062852518,1.0
GBPJPY,TSMOM20,2026,0.4263565891472868,-7.1419343723937,-7.1419343723937,1.0
GBPJPY,DONCH55_20,2008,0.5657894736842105,26.11216587293941,15.147200003016431,0.5801526717557252
GBPJPY,DONCH55_20,2009,0.503448275862069,-7.415782984119794,-4.1301675081267915,0.5555555555555556
GBPJPY,DONCH55_20,2010,0.4852941176470588,-13.448776617343055,-7.019031987087603,0.5210727969348659
GBPJPY,DONCH55_20,2011,0.48026315789473684,-5.964736519393944,-3.498991249387834,0.5846153846153846
GBPJPY,DONCH55_20,2012,0.5336538461538461,4.061143780066054,3.230399302255888,0.7969348659003831
GBPJPY,DONCH55_20,2013,0.5358851674641149,5.355674976709408,4.283327570346069,0.8007662835249042
GBPJPY,DONCH55_20,2014,0.5094339622641509,-4.29539133410664,-1.751222256287987,0.4061302681992337
GBPJPY,DONCH55_20,2015,0.532608695652174,-4.584788507017719,-1.6223504139601772,0.3524904214559387
GBPJPY,DONCH55_20,2016,0.527027027027027,12.459926263489955,10.633055279488739,0.8538461538461538
GBPJPY,DONCH55_20,2017,0.49557522123893805,-4.916711193400305,-2.1449999037960814,0.4346153846153846
GBPJPY,DONCH55_20,2018,0.5,-5.923835113948777,-3.0516148181000635,0.5134099616858238
GBPJPY,DONCH55_20,2019,0.49528301886792453,4.16703904617922,3.379143012075541,0.8122605363984674
GBPJPY,DONCH55_20,2020,0.5352112676056338,-0.8858197315751165,-0.485702911424948,0.5419847328244275
GBPJPY,DONCH55_20,2021,0.5153061224489796,1.5773834989867663,1.1840522583887185,0.7538461538461538
GBPJPY,DONCH55_20,2022,0.4482758620689655,-11.109678738938271,-6.205257366790055,0.5576923076923077
GBPJPY,DONCH55_20,2023,0.4899328859060403,-0.140781031832438,-0.0894566817907376,0.573076923076923
GBPJPY,DONCH55_20,2024,0.5950920245398773,2.2317484660145825,1.3825903243279112,0.6221374045801527
GBPJPY,DONCH55_20,2025,0.4888888888888889,-1.7115420876532839,-0.8911299868926787,0.5172413793103449
GBPJPY,DONCH55_20,2026,0.5128205128205128,-2.6538336003701923,-1.6119970200350189,0.6046511627906976
GBPJPY,MAJ2of3,2008,0.5694444444444444,28.147769696936127,15.462452803749699,0.549618320610687
GBPJPY,MAJ2of3,2009,0.5078125,-10.84421133379782,-5.347225468006851,0.4904214559386973
GBPJPY,MAJ2of3,2010,0.5694444444444444,0.6064912136553519,0.2893345790658606,0.5517241379310345
GBPJPY,MAJ2of3,2011,0.47619047619047616,-2.6930696468010265,-2.0019690789104545,0.7269230769230769
GBPJPY,MAJ2of3,2012,0.5166666666666667,2.33489168380917,1.5675338888352015,0.6896551724137931
GBPJPY,MAJ2of3,2013,0.5053763440860215,4.88058480554994,3.4423094333616326,0.7126436781609196
GBPJPY,MAJ2of3,2014,0.4695121951219512,-1.1517309632715456,-0.7590068642413673,0.6283524904214559
GBPJPY,MAJ2of3,2015,0.5222222222222223,2.2374845946429693,1.516252804579231,0.6896551724137931
GBPJPY,MAJ2of3,2016,0.5297297297297298,9.530447794392291,6.755124673572025,0.7115384615384616
GBPJPY,MAJ2of3,2017,0.5107913669064749,-2.6836650266802815,-1.4801487653146816,0.5346153846153846
GBPJPY,MAJ2of3,2018,0.480225988700565,-6.674630603675678,-4.583442666276532,0.6781609195402298
GBPJPY,MAJ2of3,2019,0.4915254237288136,3.6662837473641408,2.45342333942096,0.6781609195402298
GBPJPY,MAJ2of3,2020,0.4634146341463415,-9.974098553195294,-6.301269098218134,0.6259541984732825
GBPJPY,MAJ2of3,2021,0.5165562913907285,2.688385565186913,1.5435893218247403,0.5807692307692308
GBPJPY,MAJ2of3,2022,0.4266666666666667,-5.868382692069253,-3.431070050444878,0.5769230769230769
GBPJPY,MAJ2of3,2023,0.5174418604651163,3.3481188026652733,2.1853402001436053,0.6615384615384615
GBPJPY,MAJ2of3,2024,0.5486725663716814,-1.4888853128355821,-1.3120426630826314,0.8625954198473282
GBPJPY,MAJ2of3,2025,0.5023474178403756,-0.7857334302821476,-0.6763770324367232,0.8160919540229885
GBPJPY,MAJ2of3,2026,0.49382716049382713,-4.293288219897346,-2.725082720183575,0.627906976744186
GBPJPY,ALL3,2008,0.6065573770491803,44.66500173413102,10.39650160034202,0.23282442748091603
GBPJPY,ALL3,2009,0.5,-22.02851546177739,-6.607046497597521,0.2988505747126437
GBPJPY,ALL3,2010,0.47619047619047616,-17.741842828116777,-5.741472835221486,0.3218390804597701
GBPJPY,ALL3,2011,0.48872180451127817,-0.47493742877590883,-0.2608486574243098,0.5115384615384615
GBPJPY,ALL3,2012,0.5189873417721519,2.1026900783466367,1.242133318024291,0.6053639846743295
GBPJPY,ALL3,2013,0.5246913580246914,7.449433949453851,4.603528788932361,0.6206896551724138
GBPJPY,ALL3,2014,0.4942528735632184,-2.723196138055832,-0.9251898505799524,0.3333333333333333
GBPJPY,ALL3,2015,0.5333333333333333,0.3672964361730111,0.0932356567781695,0.28735632183908044
GBPJPY,ALL3,2016,0.5260115606936416,8.718583324330742,5.7750557241360445,0.6653846153846154
GBPJPY,ALL3,2017,0.4875,-8.764273083945046,-2.715151096092002,0.3076923076923077
GBPJPY,ALL3,2018,0.4807692307692308,-8.006724563846886,-3.2162432787945243,0.39846743295019155
GBPJPY,ALL3,2019,0.49707602339181284,5.738188468229185,3.735051304106509,0.6551724137931034
GBPJPY,ALL3,2020,0.49295774647887325,-9.070998403732005,-2.485439261562595,0.27099236641221375
GBPJPY,ALL3,2021,0.5128205128205128,3.422204495954157,1.5247415190946279,0.45
GBPJPY,ALL3,2022,0.4175824175824176,-16.990352722368538,-5.977443977420226,0.35
GBPJPY,ALL3,2023,0.5,4.001391420517096,1.8619543457694072,0.46923076923076923
GBPJPY,ALL3,2024,0.5918367346938775,1.5267547206308956,0.8388039746126547,0.5610687022900763
GBPJPY,ALL3,2025,0.5,-0.5566798334305749,-0.27393540246238146,0.4674329501915709
GBPJPY,ALL3,2026,0.4918032786885246,-3.837943467051405,-1.8294383813021717,0.4728682170542636
XAUUSD,SMA200,2008,,,0.0,0.0
XAUUSD,SMA200,2009,0.559322033898305,8.711379242540007,7.876955943446138,0.9042145593869731
XAUUSD,SMA200,2010,0.5747126436781609,10.352820949476484,10.352820949476484,1.0
XAUUSD,SMA200,2011,0.5692307692307692,5.0486623802430985,5.0486623802430985,1.0
XAUUSD,SMA200,2012,0.44061302681992337,-2.690615789247433,-2.690615789247433,1.0
XAUUSD,SMA200,2013,0.5135135135135135,9.446968919018776,9.446968919018776,1.0
XAUUSD,SMA200,2014,0.4807692307692308,-7.938669352679034,-7.938669352679034,1.0
XAUUSD,SMA200,2015,0.5057915057915058,-0.47828742398586643,-0.47828742398586643,1.0
XAUUSD,SMA200,2016,0.4942084942084942,3.4861154078589607,3.4861154078589607,1.0
XAUUSD,SMA200,2017,0.4517374517374517,-6.22526465936583,-6.22526465936583,1.0
XAUUSD,SMA200,2018,0.5230769230769231,1.2003600009655397,1.2003600009655397,1.0
XAUUSD,SMA200,2019,0.5538461538461539,6.738731580853197,6.738731580853197,1.0
XAUUSD,SMA200,2020,0.5807692307692308,4.683383832399387,4.683383832399387,1.0
XAUUSD,SMA200,2021,0.44573643410852715,-9.071366748046177,-9.071366748046177,1.0
XAUUSD,SMA200,2022,0.47876447876447875,-6.835791507481885,-6.835791507481885,1.0
XAUUSD,SMA200,2023,0.5019305019305019,1.8218773858969226,1.8218773858969226,1.0
XAUUSD,SMA200,2024,0.5670498084291188,9.672853539996376,9.672853539996376,1.0
XAUUSD,SMA200,2025,0.5692307692307692,19.900934127386467,19.900934127386467,1.0
XAUUSD,SMA200,2026,0.5234375,7.939967509709279,7.939967509709279,1.0
XAUUSD,TSMOM20,2008,0.5324675324675324,15.447399891641439,13.593711904644469,0.88
XAUUSD,TSMOM20,2009,0.5287356321839081,0.37013284814314473,0.37013284814314473,1.0
XAUUSD,TSMOM20,2010,0.5593869731800766,0.9866318215118476,0.9866318215118476,1.0
XAUUSD,TSMOM20,2011,0.55,11.805573669667936,11.805573669667936,1.0
XAUUSD,TSMOM20,2012,0.5057471264367817,-0.15152238275392596,-0.15152238275392596,1.0
XAUUSD,TSMOM20,2013,0.4517374517374517,-2.030395905162934,-2.030395905162934,1.0
XAUUSD,TSMOM20,2014,0.5076923076923077,-3.5436667663307744,-3.5436667663307744,1.0
XAUUSD,TSMOM20,2015,0.49034749034749037,-0.8352106015668865,-0.8352106015668865,1.0
XAUUSD,TSMOM20,2016,0.4942084942084942,2.2916143643656373,2.2916143643656373,1.0
XAUUSD,TSMOM20,2017,0.4671814671814672,-2.8442899773959796,-2.8442899773959796,1.0
XAUUSD,TSMOM20,2018,0.5115384615384615,-0.6573663687121676,-0.6573663687121676,1.0
XAUUSD,TSMOM20,2019,0.5230769230769231,4.652179655377402,4.652179655377402,1.0
XAUUSD,TSMOM20,2020,0.5,-3.0836259924554814,-3.0836259924554814,1.0
XAUUSD,TSMOM20,2021,0.4689922480620155,-0.7454808321445296,-0.7454808321445296,1.0
XAUUSD,TSMOM20,2022,0.4942084942084942,4.301760530054723,4.301760530054723,1.0
XAUUSD,TSMOM20,2023,0.5057915057915058,2.289330360971799,2.289330360971799,1.0
XAUUSD,TSMOM20,2024,0.4559386973180077,-5.1917187420903685,-5.1917187420903685,1.0
XAUUSD,TSMOM20,2025,0.49230769230769234,1.3467352821627772,1.3467352821627772,1.0
XAUUSD,TSMOM20,2026,0.53125,9.80469224487458,9.80469224487458,1.0
XAUUSD,DONCH55_20,2008,0.46,-26.826040134111157,-7.7057820088723865,0.2857142857142857
XAUUSD,DONCH55_20,2009,0.5384615384615384,2.994553255235913,1.6046218132213317,0.5478927203065134
XAUUSD,DONCH55_20,2010,0.5491329479768786,2.78041640921851,1.8137273713633155,0.6628352490421456
XAUUSD,DONCH55_20,2011,0.5568181818181818,0.20908690613941097,0.1099872193335382,0.676923076923077
XAUUSD,DONCH55_20,2012,0.445859872611465,-4.500787672872566,-2.7347632477974813,0.6015325670498084
XAUUSD,DONCH55_20,2013,0.4778761061946903,7.975936198043794,6.942032577125728,0.8725868725868726
XAUUSD,DONCH55_20,2014,0.5,-10.866328920970789,-5.320452457424985,0.4846153846153846
XAUUSD,DONCH55_20,2015,0.46,-6.284229831255869,-3.67905139281344,0.5791505791505791
XAUUSD,DONCH55_20,2016,0.49444444444444446,4.135793083279203,2.8365590589505953,0.694980694980695
XAUUSD,DONCH55_20,2017,0.36666666666666664,-19.17456254960561,-6.71883108594701,0.3474903474903475
XAUUSD,DONCH55_20,2018,0.5098039215686274,3.992003602741344,3.113984279561005,0.7846153846153846
XAUUSD,DONCH55_20,2019,0.5195530726256983,4.0189377284470496,2.7335657428304723,0.6884615384615385
XAUUSD,DONCH55_20,2020,0.5459770114942529,0.7616892654677222,0.48300573101903216,0.6692307692307692
XAUUSD,DONCH55_20,2021,0.4583333333333333,-12.813603374443609,-4.793775408474542,0.37209302325581395
XAUUSD,DONCH55_20,2022,0.5240641711229946,1.9005861684592118,1.3528672696572157,0.722007722007722
XAUUSD,DONCH55_20,2023,0.5125,-2.0850344332845987,-1.3120701335921543,0.6177606177606177
XAUUSD,DONCH55_20,2024,0.5393939393939394,7.49961020667196,4.726020308802286,0.632183908045977
XAUUSD,DONCH55_20,2025,0.5843373493975904,22.69711670715684,14.487614227394545,0.6384615384615384
XAUUSD,DONCH55_20,2026,0.5942028985507246,20.26470509013225,10.919096629669426,0.5390625
XAUUSD,MAJ2of3,2008,0.4791666666666667,-10.185488485806856,-2.836779797968538,0.2742857142857143
XAUUSD,MAJ2of3,2009,0.5696969696969697,9.117794448341739,5.667068838863231,0.632183908045977
XAUUSD,MAJ2of3,2010,0.5875706214689266,6.559214175602486,4.34391064738994,0.6781609195402298
XAUUSD,MAJ2of3,2011,0.5833333333333334,12.208641423066975,7.806333828302456,0.6461538461538462
XAUUSD,MAJ2of3,2012,0.4583333333333333,-2.011989370451952,-1.4210690860006796,0.6436781609195402
XAUUSD,MAJ2of3,2013,0.461038961038961,6.329281789148206,3.6529701818700633,0.5945945945945946
XAUUSD,MAJ2of3,2014,0.49079754601226994,-8.924964237045431,-5.741168059504905,0.6269230769230769
XAUUSD,MAJ2of3,2015,0.4945054945054945,-1.363164824663661,-1.1067113499947951,0.7027027027027027
XAUUSD,MAJ2of3,2016,0.4883720930232558,4.10275940996892,2.567513403893732,0.6640926640926641
XAUUSD,MAJ2of3,2017,0.41911764705882354,-8.91185495275856,-4.808436354279017,0.525096525096525
XAUUSD,MAJ2of3,2018,0.5263157894736842,0.6068565207413632,0.27149681612668664,0.6576923076923077
XAUUSD,MAJ2of3,2019,0.5555555555555556,9.980765068091882,5.39518489466286,0.5538461538461539
XAUUSD,MAJ2of3,2020,0.5644171779141104,1.4559350882077569,0.7998789199719524,0.6269230769230769
XAUUSD,MAJ2of3,2021,0.4425287356321839,-7.375264037739917,-5.0895243980163,0.6744186046511628
XAUUSD,MAJ2of3,2022,0.48520710059171596,-0.47187382644638265,-0.4239362674390907,0.6525096525096525
XAUUSD,MAJ2of3,2023,0.5060240963855421,3.203095793501998,1.96950203308056,0.640926640926641
XAUUSD,MAJ2of3,2024,0.5170454545454546,3.450566829823032,2.2405673989530057,0.6743295019157088
XAUUSD,MAJ2of3,2025,0.5388349514563107,13.470650663793597,10.623834704774621,0.7923076923076923
XAUUSD,MAJ2of3,2026,0.5454545454545454,14.789000234234017,8.872329877291929,0.6015625
XAUUSD,ALL3,2008,,,0.0,0.0
XAUUSD,ALL3,2009,0.5714285714285714,6.223612939801827,2.6225381874965485,0.42911877394636017
XAUUSD,ALL3,2010,0.6076923076923076,10.90393573904316,5.378537136356691,0.49808429118773945
XAUUSD,ALL3,2011,0.582089552238806,6.902678920946616,3.4886028478777877,0.5153846153846153
XAUUSD,ALL3,2012,0.43243243243243246,-10.091995958028882,-4.397587108948159,0.42528735632183906
XAUUSD,ALL3,2013,0.4520547945205479,5.738702068126334,3.12455746533578,0.5637065637065637
XAUUSD,ALL3,2014,0.5096153846153846,-12.237045632532016,-4.967986354193602,0.4
XAUUSD,ALL3,2015,0.4642857142857143,-6.118059021156751,-2.735629988304092,0.43243243243243246
XAUUSD,ALL3,2016,0.4755244755244755,2.6938035784565066,1.3567354311447968,0.5521235521235521
XAUUSD,ALL3,2017,0.3392857142857143,-18.285382414881475,-4.000095790188,0.21621621621621623
XAUUSD,ALL3,2018,0.535483870967742,0.9382962207861972,0.45998964631995193,0.5961538461538461
XAUUSD,ALL3,2019,0.5675675675675675,14.056375360840406,5.953032401822651,0.4269230769230769
XAUUSD,ALL3,2020,0.5648854961832062,4.481081106113532,2.1785578513475428,0.5038461538461538
XAUUSD,ALL3,2021,0.42424242424242425,-13.68107792097403,-3.538612564520154,0.2558139534883721
XAUUSD,ALL3,2022,0.4728682170542636,-3.9010462736374114,-2.0461524597158465,0.4980694980694981
XAUUSD,ALL3,2023,0.5275590551181102,0.9262586209390782,0.4069967042028561,0.49034749034749037
XAUUSD,ALL3,2024,0.52,3.4375744466173574,1.924977725430399,0.5747126436781609
XAUUSD,ALL3,2025,0.5723684210526315,20.17184428120052,11.7793866484526,0.5846153846153846
XAUUSD,ALL3,2026,0.5846153846153846,17.765680412659595,9.007563846924148,0.5078125
XAGUSD,SMA200,2008,0.46774193548387094,-15.24618641458896,-3.6078761744447156,0.2366412213740458
XAGUSD,SMA200,2009,0.5057471264367817,-9.033614807354418,-9.033614807354418,1.0
XAGUSD,SMA200,2010,0.5593869731800766,12.575907760973616,12.575907760973616,1.0
XAGUSD,SMA200,2011,0.55,17.458491795511897,17.458491795511897,1.0
XAGUSD,SMA200,2012,0.49808429118773945,-8.66560791708337,-8.66560791708337,1.0
XAGUSD,SMA200,2013,0.5096525096525096,10.057965845575554,10.057965845575554,1.0
XAGUSD,SMA200,2014,0.5076923076923077,0.9159012353283725,0.9159012353283725,1.0
XAGUSD,SMA200,2015,0.4942084942084942,-1.5302395583672084,-1.5302395583672084,1.0
XAGUSD,SMA200,2016,0.5135135135135135,1.9261047625551229,1.9261047625551229,1.0
XAGUSD,SMA200,2017,0.4517374517374517,-18.492356846165926,-18.492356846165926,1.0
XAGUSD,SMA200,2018,0.49615384615384617,-5.003623060828591,-5.003623060828591,1.0
XAGUSD,SMA200,2019,0.5192307692307693,-1.270695758161774,-1.270695758161774,1.0
XAGUSD,SMA200,2020,0.5423076923076923,13.307305643768748,13.307305643768748,1.0
XAGUSD,SMA200,2021,0.49612403100775193,-1.0789796079777345,-1.0789796079777345,1.0
XAGUSD,SMA200,2022,0.5019305019305019,-3.28479456031676,-3.28479456031676,1.0
XAGUSD,SMA200,2023,0.4671814671814672,-17.712615797106153,-17.712615797106153,1.0
XAGUSD,SMA200,2024,0.5134099616858238,5.784172310738058,5.784172310738058,1.0
XAGUSD,SMA200,2025,0.5576923076923077,27.84991611139075,27.84991611139075,1.0
XAGUSD,SMA200,2026,0.546875,16.764355788684576,16.764355788684576,1.0
XAGUSD,TSMOM20,2008,0.47717842323651455,-18.344585827035324,-16.87421826074624,0.9198473282442748
XAGUSD,TSMOM20,2009,0.5057471264367817,-4.394957200257654,-4.394957200257654,1.0
XAGUSD,TSMOM20,2010,0.5402298850574713,6.45678082916977,6.45678082916977,1.0
XAGUSD,TSMOM20,2011,0.5346153846153846,19.919458658922093,19.919458658922093,1.0
XAGUSD,TSMOM20,2012,0.5325670498084292,12.035226012211117,12.035226012211117,1.0
XAGUSD,TSMOM20,2013,0.5057915057915058,11.168819509163882,11.168819509163882,1.0
XAGUSD,TSMOM20,2014,0.5444015444015444,6.10326531363476,6.042892345011101,0.9961538461538462
XAGUSD,TSMOM20,2015,0.4826254826254826,-11.746945094425394,-11.746945094425394,1.0
XAGUSD,TSMOM20,2016,0.5096525096525096,2.5562119062757085,2.5562119062757085,1.0
XAGUSD,TSMOM20,2017,0.47876447876447875,-9.278459538426898,-9.278459538426898,1.0
XAGUSD,TSMOM20,2018,0.4846153846153846,-6.604425855850986,-6.604425855850986,1.0
XAGUSD,TSMOM20,2019,0.5076923076923077,7.895523549488518,7.895523549488518,1.0
XAGUSD,TSMOM20,2020,0.5076923076923077,9.52934517441079,9.52934517441079,1.0
XAGUSD,TSMOM20,2021,0.4844961240310077,-4.752789002972929,-4.752789002972929,1.0
XAGUSD,TSMOM20,2022,0.4980694980694981,1.5081208980247172,1.5081208980247172,1.0
XAGUSD,TSMOM20,2023,0.4517374517374517,-14.783200107674126,-14.783200107674126,1.0
XAGUSD,TSMOM20,2024,0.4827586206896552,-6.005622444146704,-6.005622444146704,1.0
XAGUSD,TSMOM20,2025,0.5192307692307693,15.418077014800375,15.418077014800375,1.0
XAGUSD,TSMOM20,2026,0.4609375,-57.91712295128109,-57.91712295128109,1.0
XAGUSD,DONCH55_20,2008,0.48623853211009177,7.155575163821625,2.86213579677176,0.41603053435114506
XAGUSD,DONCH55_20,2009,0.5476190476190477,4.006170945750954,2.4584012612723884,0.6436781609195402
XAGUSD,DONCH55_20,2010,0.5641025641025641,14.93201604805653,13.342643477643884,0.896551724137931
XAGUSD,DONCH55_20,2011,0.5193798449612403,-9.673224183833529,-4.891290143811435,0.49615384615384617
XAGUSD,DONCH55_20,2012,0.47770700636942676,-12.309973537700973,-7.528647941651991,0.6015325670498084
XAGUSD,DONCH55_20,2013,0.5054945054945055,11.954370292272825,8.301737821455148,0.7027027027027027
XAGUSD,DONCH55_20,2014,0.5298013245033113,-1.2222742973205953,-0.8682451329168762,0.5807692307692308
XAGUSD,DONCH55_20,2015,0.4064516129032258,-33.23557517766927,-20.132672476425515,0.5984555984555985
XAGUSD,DONCH55_20,2016,0.4972677595628415,6.773879657869242,4.604326636963355,0.7065637065637066
XAGUSD,DONCH55_20,2017,0.4307692307692308,-27.568543248991247,-14.152499877995593,0.5019305019305019
XAGUSD,DONCH55_20,2018,0.5,5.102953393872689,1.392988286741231,0.2923076923076923
XAGUSD,DONCH55_20,2019,0.49206349206349204,0.06048085089752363,-0.09606607312814242,0.7269230769230769
XAGUSD,DONCH55_20,2020,0.5298507462686567,27.62255480492331,14.112339071025973,0.5153846153846153
XAGUSD,DONCH55_20,2021,0.47619047619047616,-11.82117707604969,-6.863199211970199,0.5697674418604651
XAGUSD,DONCH55_20,2022,0.478494623655914,0.5503955905578966,0.2874639027178624,0.7181467181467182
XAGUSD,DONCH55_20,2023,0.4357142857142857,-28.345020247779164,-15.485956313455247,0.5405405405405406
XAGUSD,DONCH55_20,2024,0.477124183006536,-4.149440711813668,-2.5435905499087736,0.5862068965517241
XAGUSD,DONCH55_20,2025,0.5296803652968036,18.25606005948769,15.352134025924235,0.8423076923076923
XAGUSD,DONCH55_20,2026,0.65,23.933885924852586,7.4560577220258715,0.3125
XAGUSD,MAJ2of3,2008,0.47126436781609193,-14.111871988505532,-5.351725456402297,0.3320610687022901
XAGUSD,MAJ2of3,2009,0.5277777777777778,-5.395197798641288,-3.785065115611549,0.5517241379310345
XAGUSD,MAJ2of3,2010,0.5634517766497462,14.442885365591902,10.330484313083979,0.7547892720306514
XAGUSD,MAJ2of3,2011,0.5625,27.90187431851971,18.688975227216996,0.676923076923077
XAGUSD,MAJ2of3,2012,0.5308641975308642,3.672110799279192,1.9513196995836617,0.6206896551724138
XAGUSD,MAJ2of3,2013,0.5027322404371585,13.086135319478704,8.900745081066486,0.7065637065637066
XAGUSD,MAJ2of3,2014,0.5297029702970297,4.099754505859049,2.623294169324206,0.7769230769230769
XAGUSD,MAJ2of3,2015,0.45588235294117646,-19.563533249078507,-10.915316060615039,0.525096525096525
XAGUSD,MAJ2of3,2016,0.5151515151515151,3.8181071506956825,1.8122233523652937,0.637065637065637
XAGUSD,MAJ2of3,2017,0.4519774011299435,-18.6889672118115,-13.803095842963593,0.6833976833976834
XAGUSD,MAJ2of3,2018,0.4858757062146893,-7.1955458516102,-5.804024458339789,0.6807692307692308
XAGUSD,MAJ2of3,2019,0.5238095238095238,6.354833597188255,3.3162102986318227,0.6461538461538462
XAGUSD,MAJ2of3,2020,0.5393939393939394,19.054709335695673,11.41832540908977,0.6346153846153846
XAGUSD,MAJ2of3,2021,0.4657534246575342,-9.929695129256624,-5.989877593188523,0.5658914728682171
XAGUSD,MAJ2of3,2022,0.5033112582781457,4.793568091855832,2.306124848042319,0.583011583011583
XAGUSD,MAJ2of3,2023,0.42857142857142855,-28.354286737234005,-17.525531438345105,0.5945945945945946
XAGUSD,MAJ2of3,2024,0.46405228758169936,-5.91424556166713,-3.945275692000272,0.5862068965517241
XAGUSD,MAJ2of3,2025,0.5492227979274611,26.702380181124518,19.56060713858903,0.7423076923076923
XAGUSD,MAJ2of3,2026,0.5064935064935064,-33.852828642002855,-20.576383581298266,0.6015625
XAGUSD,ALL3,2008,0.45714285714285713,-70.37940505384745,-9.849981965697179,0.13358778625954199
XAGUSD,ALL3,2009,0.49,-16.0614363180127,-6.775572580427138,0.3831417624521073
XAGUSD,ALL3,2010,0.5647058823529412,12.835711996675283,7.789574820414214,0.6513409961685823
XAGUSD,ALL3,2011,0.5272727272727272,-1.782007094461289,-0.9103330329513692,0.4230769230769231
XAGUSD,ALL3,2012,0.5327102803738317,-0.6751782661877329,-0.47877628867429806,0.4099616858237548
XAGUSD,ALL3,2013,0.5142857142857142,18.431844125787503,9.752152419502503,0.5405405405405406
XAGUSD,ALL3,2014,0.5486725663716814,3.425274531304939,1.0565692395408122,0.4346153846153846
XAGUSD,ALL3,2015,0.34285714285714286,-51.72230727250445,-14.480674885882616,0.2702702702702703
XAGUSD,ALL3,2016,0.49242424242424243,2.513496998703913,0.7401943276857347,0.5096525096525096
XAGUSD,ALL3,2017,0.4166666666666667,-31.070354072885433,-11.918600751736827,0.37065637065637064
XAGUSD,ALL3,2018,0.4714285714285714,0.8168720808594133,0.07593691606950258,0.2692307692307692
XAGUSD,ALL3,2019,0.5319148936170213,9.451041417786582,4.728440880655143,0.5423076923076923
XAGUSD,ALL3,2020,0.5210084033613446,27.43880384934378,12.187986092704762,0.4576923076923077
XAGUSD,ALL3,2021,0.4854368932038835,-11.86812121977221,-4.982572464161672,0.3992248062015504
XAGUSD,ALL3,2022,0.49206349206349204,-4.10583030299974,-2.3528997291207108,0.4864864864864865
XAGUSD,ALL3,2023,0.40229885057471265,-42.239366709817354,-14.655796333485489,0.3359073359073359
XAGUSD,ALL3,2024,0.53125,9.55910349389623,3.3582528825152864,0.367816091954023
XAGUSD,ALL3,2025,0.5384615384615384,30.65138008063521,18.177761918831326,0.6
XAGUSD,ALL3,2026,0.631578947368421,19.327413480063818,5.6921940829061715,0.296875
WTI,SMA200,2012,0.4639175257731959,-5.629401130906876,-2.108308531652383,0.3745173745173745
WTI,SMA200,2013,0.48828125,-5.017678247914461,-5.017678247914461,1.0
WTI,SMA200,2014,0.5215686274509804,17.92164626522017,17.92164626522017,1.0
WTI,SMA200,2015,0.5542635658914729,9.883681634570115,9.883681634570115,1.0
WTI,SMA200,2016,0.5116279069767442,-4.4363220542738375,-4.4363220542738375,1.0
WTI,SMA200,2017,0.46124031007751937,-9.133560950033747,-9.133560950033747,1.0
WTI,SMA200,2018,0.5538461538461539,17.034314889370364,17.034314889370364,1.0
WTI,SMA200,2019,0.40384615384615385,-45.272496760867774,-45.272496760867774,1.0
WTI,SMA200,2020,0.49615384615384617,-11.753778288131361,-11.753778288131361,1.0
WTI,SMA200,2021,0.5503875968992248,7.864702757666579,7.864702757666579,1.0
WTI,SMA200,2022,0.5328185328185329,12.234801802284085,12.234801802284085,1.0
WTI,SMA200,2023,0.4980694980694981,0.4574992244508379,0.4574992244508379,1.0
WTI,SMA200,2024,0.4482758620689655,-16.06811692299804,-16.06811692299804,1.0
WTI,SMA200,2025,0.4807692307692308,-2.473168987370116,-2.473168987370116,1.0
WTI,SMA200,2026,0.5,2.7178451762483284,2.7178451762483284,1.0
WTI,TSMOM20,2012,0.5405405405405406,2.1601520612101726,2.1601520612101726,1.0
WTI,TSMOM20,2013,0.5078125,2.0187720224414174,2.0187720224414174,1.0
WTI,TSMOM20,2014,0.5372549019607843,16.936828398485808,16.936828398485808,1.0
WTI,TSMOM20,2015,0.49224806201550386,-2.7462106869975367,-2.7462106869975367,1.0
WTI,TSMOM20,2016,0.5232558139534884,-8.703431303494545,-8.703431303494545,1.0
WTI,TSMOM20,2017,0.46124031007751937,-16.06058988836497,-16.06058988836497,1.0
WTI,TSMOM20,2018,0.5423076923076923,13.711561987695946,13.711561987695946,1.0
WTI,TSMOM20,2019,0.4846153846153846,-10.28185492619173,-10.28185492619173,1.0
WTI,TSMOM20,2020,0.6076923076923076,45.9558793383364,45.9558793383364,1.0
WTI,TSMOM20,2021,0.5465116279069767,17.606166427984697,17.606166427984697,1.0
WTI,TSMOM20,2022,0.4864864864864865,8.467697204810705,8.467697204810705,1.0
WTI,TSMOM20,2023,0.5135135135135135,-1.4975440514557612,-1.4975440514557612,1.0
WTI,TSMOM20,2024,0.4827586206896552,-3.0081372368022476,-3.0081372368022476,1.0
WTI,TSMOM20,2025,0.5,2.9604693294122257,2.9604693294122257,1.0
WTI,TSMOM20,2026,0.5546875,43.80615187580645,43.80615187580645,1.0
WTI,DONCH55_20,2012,0.5578231292517006,2.466017984412474,1.349852007437104,0.5675675675675675
WTI,DONCH55_20,2013,0.5316455696202531,0.9661368045748315,0.548186027730051,0.6171875
WTI,DONCH55_20,2014,0.5547945205479452,34.90012209961107,19.958352383649125,0.5725490196078431
WTI,DONCH55_20,2015,0.4879518072289157,-2.362354580321716,-1.6093557160433063,0.6434108527131783
WTI,DONCH55_20,2016,0.5,5.19602954193477,3.1150639545998313,0.6201550387596899
WTI,DONCH55_20,2017,0.4606741573033708,-8.888637936381508,-6.201502525584571,0.689922480620155
WTI,DONCH55_20,2018,0.5533333333333333,11.165074565636196,6.371048779336995,0.5769230769230769
WTI,DONCH55_20,2019,0.4661016949152542,-25.01077376373107,-11.432323164554994,0.45384615384615384
WTI,DONCH55_20,2020,0.5654008438818565,14.640835736647581,13.25647880055218,0.9115384615384615
WTI,DONCH55_20,2021,0.5214723926380368,-2.2390958700498818,-1.4989704695553177,0.6317829457364341
WTI,DONCH55_20,2022,0.5052631578947369,7.162697817840712,5.230905098446764,0.7335907335907336
WTI,DONCH55_20,2023,0.5245901639344263,-1.6662723117077745,-1.2072493263516404,0.7065637065637066
WTI,DONCH55_20,2024,0.43617021276595747,-24.580421412845844,-8.911961470430114,0.36015325670498083
WTI,DONCH55_20,2025,0.44502617801047123,-11.050898773617762,-8.186443449577155,0.7346153846153847
WTI,DONCH55_20,2026,0.5733333333333334,54.03172620220911,31.59210258578947,0.5859375
WTI,MAJ2of3,2012,0.576,9.576217574068508,4.482877983668417,0.4826254826254826
WTI,MAJ2of3,2013,0.49710982658959535,-1.9162923384291723,-1.4742834355527332,0.67578125
WTI,MAJ2of3,2014,0.5333333333333333,20.69249737339798,16.911257603437075,0.8235294117647058
WTI,MAJ2of3,2015,0.5539568345323741,9.807315814706946,4.99099920200977,0.5387596899224806
WTI,MAJ2of3,2016,0.5364238410596026,-3.005887192414667,-2.157101972523972,0.5852713178294574
WTI,MAJ2of3,2017,0.44041450777202074,-18.420808007867965,-14.311152177126322,0.748062015503876
WTI,MAJ2of3,2018,0.5675675675675675,21.803282179328573,15.372938438533154,0.7115384615384616
WTI,MAJ2of3,2019,0.3972602739726027,-47.220761452979545,-26.844273571745465,0.5615384615384615
WTI,MAJ2of3,2020,0.5957446808510638,29.15684086815621,15.572964465945587,0.5423076923076923
WTI,MAJ2of3,2021,0.5698324022346368,17.450865902174833,11.955659248045587,0.6937984496124031
WTI,MAJ2of3,2022,0.5168539325842697,18.071624684528455,12.270462482983358,0.6872586872586872
WTI,MAJ2of3,2023,0.5089820359281437,-3.594130737978437,-2.5593567944493225,0.6447876447876448
WTI,MAJ2of3,2024,0.450261780104712,-13.10012558547895,-9.981598642911546,0.7318007662835249
WTI,MAJ2of3,2025,0.4647058823529412,-3.829411597548854,-2.8331401969898313,0.6538461538461539
WTI,MAJ2of3,2026,0.5454545454545454,39.12413488831835,23.261998526027387,0.6015625
WTI,ALL3,2012,0.41935483870967744,-19.399517025818263,-2.398255843273459,0.11969111969111969
WTI,ALL3,2013,0.5245901639344263,-1.6357220929598237,-0.8965727561647696,0.4765625
WTI,ALL3,2014,0.5531914893617021,35.16415353506205,19.396343911254878,0.5529411764705883
WTI,ALL3,2015,0.5233644859813084,-5.590335204762892,-2.411214047804775,0.41472868217054265
WTI,ALL3,2016,0.5357142857142857,1.16981748262476,0.2570783156534149,0.43410852713178294
WTI,ALL3,2017,0.42028985507246375,-15.95630041888386,-8.852005905643894,0.5348837209302325
WTI,ALL3,2018,0.5681818181818182,16.068524672459468,8.071382146211597,0.5076923076923077
WTI,ALL3,2019,0.42424242424242425,-39.2238785980105,-10.060187611492996,0.25384615384615383
WTI,ALL3,2020,0.5808823529411765,19.619642187602857,10.023567447114669,0.5230769230769231
WTI,ALL3,2021,0.5625,19.929526445550657,9.789211993946065,0.49612403100775193
WTI,ALL3,2022,0.5138888888888888,9.533245528781158,5.203246211224952,0.555984555984556
WTI,ALL3,2023,0.504,-5.574456690519414,-2.8658471155474476,0.4826254826254826
WTI,ALL3,2024,0.4266666666666667,-22.023462938115586,-6.47979524851269,0.28735632183908044
WTI,ALL3,2025,0.453781512605042,-13.425834083605926,-6.402139071596704,0.4576923076923077
WTI,ALL3,2026,0.5833333333333334,66.06285227651709,30.790711123451835,0.46875
UKOIL,SMA200,2011,0.4,-15.788888267153954,-3.9637376402896956,0.2510460251046025
UKOIL,SMA200,2012,0.4936708860759494,-8.946494294591366,-8.946494294591366,1.0
UKOIL,SMA200,2013,0.4488888888888889,-24.11479113540744,-24.11479113540744,1.0
UKOIL,SMA200,2014,0.5542635658914729,16.7098200542003,16.7098200542003,1.0
UKOIL,SMA200,2015,0.5658914728682171,12.505386822400386,12.505386822400386,1.0
UKOIL,SMA200,2016,0.5116279069767442,-5.075185556643847,-5.075185556643847,1.0
UKOIL,SMA200,2017,0.47470817120622566,-10.83056781057349,-10.83056781057349,1.0
UKOIL,SMA200,2018,0.5542635658914729,15.293785801417453,15.293785801417453,1.0
UKOIL,SMA200,2019,0.4496124031007752,-22.244550823944934,-22.244550823944934,1.0
UKOIL,SMA200,2020,0.5019305019305019,-0.2282247916002715,-0.2282247916002715,1.0
UKOIL,SMA200,2021,0.5714285714285714,12.787318380676826,12.787318380676826,1.0
UKOIL,SMA200,2022,0.5271317829457365,12.917645046789307,12.917645046789307,1.0
UKOIL,SMA200,2023,0.5019455252918288,-1.434319072907371,-1.434319072907371,1.0
UKOIL,SMA200,2024,0.47876447876447875,-8.955225039877877,-8.955225039877877,1.0
UKOIL,SMA200,2025,0.4806201550387597,-2.3382142665020935,-2.3382142665020935,1.0
UKOIL,SMA200,2026,0.5354330708661418,16.479092610423773,16.479092610423773,1.0
UKOIL,TSMOM20,2011,0.4560669456066946,-5.470119243178263,-5.470119243178263,1.0
UKOIL,TSMOM20,2012,0.5189873417721519,0.46441979913443704,0.46441979913443704,1.0
UKOIL,TSMOM20,2013,0.4888888888888889,-8.173871900223299,-8.173871900223299,1.0
UKOIL,TSMOM20,2014,0.5775193798449613,24.281418548158527,24.281418548158527,1.0
UKOIL,TSMOM20,2015,0.49612403100775193,3.5539762109193638,3.5539762109193638,1.0
UKOIL,TSMOM20,2016,0.5193798449612403,-6.2843729520573826,-6.2843729520573826,1.0
UKOIL,TSMOM20,2017,0.4765625,-14.428388823715823,-14.393243998410343,0.9961089494163424
UKOIL,TSMOM20,2018,0.5310077519379846,15.627260836922888,15.627260836922888,1.0
UKOIL,TSMOM20,2019,0.46303501945525294,-11.404656211855817,-11.379500208726041,0.9961240310077519
UKOIL,TSMOM20,2020,0.5714285714285714,33.17079948651345,33.17079948651345,1.0
UKOIL,TSMOM20,2021,0.5405405405405406,8.432575471130333,8.432575471130333,1.0
UKOIL,TSMOM20,2022,0.5038759689922481,-3.0313032876899126,-3.0313032876899126,1.0
UKOIL,TSMOM20,2023,0.5058365758754864,1.7716911380915885,1.7716911380915885,1.0
UKOIL,TSMOM20,2024,0.47876447876447875,-10.149602792152665,-10.149602792152665,1.0
UKOIL,TSMOM20,2025,0.4844961240310077,-2.934696893308479,-2.934696893308479,1.0
UKOIL,TSMOM20,2026,0.5905511811023622,40.740103173430974,40.740103173430974,1.0
UKOIL,DONCH55_20,2011,0.5384615384615384,6.6944200220259535,1.4451654411121124,0.2175732217573222
UKOIL,DONCH55_20,2012,0.5436241610738255,4.434516533176144,2.753593355609197,0.6286919831223629
UKOIL,DONCH55_20,2013,0.4931506849315068,-10.812027054959447,-7.077151232171263,0.6488888888888888
UKOIL,DONCH55_20,2014,0.6291390728476821,33.18752832624619,19.391487867542963,0.5852713178294574
UKOIL,DONCH55_20,2015,0.5446428571428571,19.65322425777699,8.47107155744992,0.43410852713178294
UKOIL,DONCH55_20,2016,0.5123456790123457,-3.1387219104585675,-2.0736026704271784,0.627906976744186
UKOIL,DONCH55_20,2017,0.4946236559139785,-5.516472455405411,-4.058349677107678,0.7237354085603113
UKOIL,DONCH55_20,2018,0.51875,11.162539096683668,6.858563002676729,0.6201550387596899
UKOIL,DONCH55_20,2019,0.4772727272727273,-15.686277344760088,-10.77522391257187,0.6821705426356589
UKOIL,DONCH55_20,2020,0.5576036866359447,20.619049772408157,17.16794961319087,0.8378378378378378
UKOIL,DONCH55_20,2021,0.5679012345679012,-2.1829848010223896,-1.446841690602026,0.6254826254826255
UKOIL,DONCH55_20,2022,0.5059523809523809,-1.2461590472125457,-0.8449773415965702,0.6511627906976745
UKOIL,DONCH55_20,2023,0.5267175572519084,-3.56602780708268,-1.8579169573396492,0.5097276264591439
UKOIL,DONCH55_20,2024,0.44047619047619047,-27.611131500881296,-9.011421347792039,0.32432432432432434
UKOIL,DONCH55_20,2025,0.4666666666666667,-10.547905563440867,-8.038410270350901,0.7558139534883721
UKOIL,DONCH55_20,2026,0.5825242718446602,44.226750367643,35.80670997324727,0.8110236220472441
UKOIL,MAJ2of3,2011,0.45555555555555555,-1.4382183964784334,-0.6319592104545723,0.37656903765690375
UKOIL,MAJ2of3,2012,0.5099337748344371,-6.317761951116265,-4.241037247728464,0.6371308016877637
UKOIL,MAJ2of3,2013,0.4513888888888889,-24.140294696773125,-15.68461912426715,0.64
UKOIL,MAJ2of3,2014,0.5739130434782609,23.158807975839945,20.51700631763501,0.8914728682170543
UKOIL,MAJ2of3,2015,0.5470588235294118,12.591672514703763,8.029681516659872,0.6589147286821705
UKOIL,MAJ2of3,2016,0.5384615384615384,-1.5190041698724193,-1.234698966007909,0.5542635658914729
UKOIL,MAJ2of3,2017,0.45977011494252873,-18.515379921137473,-13.110720172020134,0.6770428015564203
UKOIL,MAJ2of3,2018,0.5674157303370787,23.618323591721946,16.20060241796262,0.689922480620155
UKOIL,MAJ2of3,2019,0.4117647058823529,-33.73244564189984,-15.795137661154993,0.46124031007751937
UKOIL,MAJ2of3,2020,0.5637583892617449,25.952100940646044,14.612770773152139,0.5752895752895753
UKOIL,MAJ2of3,2021,0.5737704918032787,11.95916313086221,8.26865792223597,0.7065637065637066
UKOIL,MAJ2of3,2022,0.5232558139534884,7.676964041580724,4.943170879549696,0.6666666666666666
UKOIL,MAJ2of3,2023,0.5064102564102564,0.8008154090014469,0.16868603259210851,0.6070038910505836
UKOIL,MAJ2of3,2024,0.46938775510204084,-12.762460339808264,-9.921448830880536,0.7567567567567568
UKOIL,MAJ2of3,2025,0.46357615894039733,-7.913122006208876,-4.870585087054134,0.5852713178294574
UKOIL,MAJ2of3,2026,0.5975609756097561,44.51007412268774,28.609597891927375,0.6456692913385826
UKOIL,ALL3,2011,,,0.0,0.0
UKOIL,ALL3,2012,0.5166666666666667,-3.6301307505628975,-1.9530408416292961,0.5063291139240507
UKOIL,ALL3,2013,0.4897959183673469,-17.694256745995013,-7.8309803765353125,0.43555555555555553
UKOIL,ALL3,2014,0.6418918918918919,36.94168969145109,21.159627860362306,0.5736434108527132
UKOIL,ALL3,2015,0.6024096385542169,30.817863941731947,9.871117315731194,0.32170542635658916
UKOIL,ALL3,2016,0.5294117647058824,-4.3959597460109805,-1.9635077291406293,0.3953488372093023
UKOIL,ALL3,2017,0.47244094488188976,-12.231072540523627,-6.393315468597193,0.49416342412451364
UKOIL,ALL3,2018,0.5619834710743802,25.660567360855307,11.98729290535097,0.4689922480620155
UKOIL,ALL3,2019,0.4329896907216495,-36.22066572412081,-13.800050072610412,0.375968992248062
UKOIL,ALL3,2020,0.559322033898305,20.63756435680045,9.112409852234443,0.4555984555984556
UKOIL,ALL3,2021,0.5952380952380952,16.749908438607054,8.036528356267162,0.4864864864864865
UKOIL,ALL3,2022,0.5220588235294118,-1.283319463015008,-0.7921022725440566,0.5271317829457365
UKOIL,ALL3,2023,0.52,-1.2211241500187773,-0.6020677782471391,0.38910505836575876
UKOIL,ALL3,2024,0.4696969696969697,-18.665942234103284,-4.84249579123143,0.2548262548262548
UKOIL,ALL3,2025,0.4424778761061947,-13.457391893157743,-6.048943193928166,0.437984496124031
UKOIL,ALL3,2026,0.6,43.04991402325885,26.98886595334716,0.6299212598425197
US500,SMA200,2012,0.4807692307692308,-7.607905031512183,-1.5952058937041673,0.20967741935483872
US500,SMA200,2013,0.60546875,10.362306045479984,10.362306045479984,1.0
US500,SMA200,2014,0.5581395348837209,2.8828927188932867,2.8828927188932867,1.0
US500,SMA200,2015,0.4362934362934363,-7.5280536855808196,-7.5280536855808196,1.0
US500,SMA200,2016,0.5077519379844961,1.4552876081335284,1.4552876081335284,1.0
US500,SMA200,2017,0.5603112840466926,6.998727539904811,6.998727539904811,1.0
US500,SMA200,2018,0.528957528957529,-3.6619675549946074,-3.6619675549946074,1.0
US500,SMA200,2019,0.5269230769230769,-2.0129643039178733,-2.0129643039178733,1.0
US500,SMA200,2020,0.5423076923076923,-2.757884092315614,-2.757884092315614,1.0
US500,SMA200,2021,0.5791505791505791,9.614124212386754,9.614124212386754,1.0
US500,SMA200,2022,0.46332046332046334,-5.726037017409768,-5.726037017409768,1.0
US500,SMA200,2023,0.5115384615384615,1.9203924664204925,1.9203924664204925,1.0
US500,SMA200,2024,0.5708812260536399,8.384555690940257,8.384555690940257,1.0
US500,SMA200,2025,0.5384615384615384,1.1377250113679618,1.1377250113679618,1.0
US500,SMA200,2026,0.515625,1.949391313629064,1.949391313629064,1.0
US500,TSMOM20,2012,0.45454545454545453,-1.8965551456040548,-1.7665493493328097,0.9314516129032258
US500,TSMOM20,2013,0.55859375,0.9384130040268157,0.9384130040268157,1.0
US500,TSMOM20,2014,0.5155038759689923,-2.377877564168786,-2.377877564168786,1.0
US500,TSMOM20,2015,0.44015444015444016,-9.679298435101387,-9.679298435101387,1.0
US500,TSMOM20,2016,0.5077519379844961,0.41275199934458556,0.41275199934458556,1.0
US500,TSMOM20,2017,0.5369649805447471,4.417858317148641,4.417858317148641,1.0
US500,TSMOM20,2018,0.4980694980694981,-2.1736561927930764,-2.1736561927930764,1.0
US500,TSMOM20,2019,0.5598455598455598,6.399490029100169,6.368478229153911,0.9961538461538462
US500,TSMOM20,2020,0.5576923076923077,6.065219783209222,6.065219783209222,1.0
US500,TSMOM20,2021,0.5212355212355212,-6.941180487075045,-6.941180487075045,1.0
US500,TSMOM20,2022,0.4942084942084942,4.0040107039773485,4.0040107039773485,1.0
US500,TSMOM20,2023,0.5192307692307693,4.318716151498917,4.318716151498917,1.0
US500,TSMOM20,2024,0.5478927203065134,2.494839253094546,2.494839253094546,1.0
US500,TSMOM20,2025,0.5346153846153846,4.08588478228141,4.08588478228141,1.0
US500,TSMOM20,2026,0.515625,-1.084019308855086,-1.084019308855086,1.0
US500,DONCH55_20,2012,0.44660194174757284,0.13050721623413153,0.010955822841951327,0.4153225806451613
US500,DONCH55_20,2013,0.5642458100558659,1.7863321299520434,1.1891964876635315,0.69921875
US500,DONCH55_20,2014,0.48333333333333334,-9.98898785751292,-7.02960204247618,0.6976744186046512
US500,DONCH55_20,2015,0.4411764705882353,-4.504088301423669,-2.9942286261623887,0.6563706563706564
US500,DONCH55_20,2016,0.4918032786885246,-5.44870371852032,-3.902283476988925,0.7093023255813954
US500,DONCH55_20,2017,0.5585106382978723,6.6358560150979935,4.8379615373887885,0.7315175097276264
US500,DONCH55_20,2018,0.5574712643678161,5.326147022714603,3.5708834816875616,0.6718146718146718
US500,DONCH55_20,2019,0.5384615384615384,-4.939535824025344,-2.49710707812811,0.5
US500,DONCH55_20,2020,0.5950920245398773,9.802751310951145,6.126787523793706,0.6269230769230769
US500,DONCH55_20,2021,0.5567567567567567,2.2926538661261087,1.6190489715241876,0.7142857142857143
US500,DONCH55_20,2022,0.4900662251655629,-11.314224935434222,-6.624563593654598,0.583011583011583
US500,DONCH55_20,2023,0.5228758169934641,1.3972078182046708,0.8085980853021996,0.5884615384615385
US500,DONCH55_20,2024,0.5505050505050505,5.9864938193639485,4.534171968444022,0.7586206896551724
US500,DONCH55_20,2025,0.5215311004784688,3.0038004734592625,2.4050350221475214,0.8038461538461539
US500,DONCH55_20,2026,0.5432098765432098,1.4958394656960752,0.9351106687234556,0.6328125
US500,MAJ2of3,2012,0.45263157894736844,-0.6873354699861748,-0.3362101277368746,0.38306451612903225
US500,MAJ2of3,2013,0.6019417475728155,7.172792403544408,5.6503595247534,0.8046875
US500,MAJ2of3,2014,0.5485714285714286,-0.5717477559974006,-0.509403282415111,0.6782945736434108
US500,MAJ2of3,2015,0.39849624060150374,-11.741225578286663,-6.244493422085583,0.5135135135135135
US500,MAJ2of3,2016,0.5056179775280899,0.8664586211090897,0.449278613327442,0.689922480620155
US500,MAJ2of3,2017,0.5603864734299517,7.148408712379604,5.708292928526726,0.8054474708171206
US500,MAJ2of3,2018,0.5257731958762887,-1.1263354658435663,-0.9643409578513182,0.749034749034749
US500,MAJ2of3,2019,0.5649717514124294,2.683128901606466,1.7657058908382088,0.6807692307692308
US500,MAJ2of3,2020,0.5685279187817259,3.071540585776498,2.2408698161973026,0.7576923076923077
US500,MAJ2of3,2021,0.5631067961165048,1.7672050340405931,1.3364718626558538,0.7953667953667953
US500,MAJ2of3,2022,0.46540880503144655,-0.8290177179124528,-0.5817954822142931,0.6138996138996139
US500,MAJ2of3,2023,0.521505376344086,3.6415252213320097,2.5443480061076618,0.7153846153846154
US500,MAJ2of3,2024,0.5707762557077626,6.511905662763804,5.439697472017401,0.8390804597701149
US500,MAJ2of3,2025,0.543778801843318,3.165419296704861,2.6118048968246863,0.8346153846153846
US500,MAJ2of3,2026,0.524390243902439,0.7812005322476729,0.4326860023869896,0.640625
US500,ALL3,2012,0.375,-10.093481273299854,-0.3401235840338438,0.03225806451612903
US500,ALL3,2013,0.56,0.7849669512516769,0.4390409473946787,0.68359375
US500,ALL3,2014,0.5140845070422535,-4.257047047056776,-2.4340584676816737,0.5503875968992248
US500,ALL3,2015,0.3595505617977528,-11.120157750093242,-3.953187016294221,0.3436293436293436
US500,ALL3,2016,0.5,-1.8747494188814187,-1.1635259987249078,0.5658914728682171
US500,ALL3,2017,0.5480225988700564,6.186872514526719,4.219508991036662,0.688715953307393
US500,ALL3,2018,0.5298013245033113,2.4854942898734405,1.3721167761874495,0.583011583011583
US500,ALL3,2019,0.5739130434782609,1.7705128710576588,0.7489901979460161,0.4423076923076923
US500,ALL3,2020,0.5855263157894737,3.5945312173605415,2.045641844938658,0.5846153846153846
US500,ALL3,2021,0.5568181818181818,1.2983460298421563,0.8399812510469578,0.6795366795366795
US500,ALL3,2022,0.46,-17.883740478791953,-6.959703712988266,0.3861003861003861
US500,ALL3,2023,0.5178571428571429,4.632331816789162,1.9819012737920436,0.4307692307692308
US500,ALL3,2024,0.5555555555555556,5.934219758873916,4.276407194181779,0.7241379310344828
US500,ALL3,2025,0.5372340425531915,3.4467657854227998,2.4707451869456536,0.7230769230769231
US500,ALL3,2026,0.5538461538461539,1.4484743404334786,0.7021561888899839,0.5078125
USTECH,SMA200,2012,0.40476190476190477,-33.07735304737718,-5.837179949537152,0.17647058823529413
USTECH,SMA200,2013,0.5465587044534413,9.78071737874703,9.78071737874703,1.0
USTECH,SMA200,2014,0.5836575875486382,5.89427140514077,5.89427140514077,1.0
USTECH,SMA200,2015,0.49224806201550386,1.493867589979292,1.493867589979292,1.0
USTECH,SMA200,2016,0.5038759689922481,-4.473301385497371,-4.473301385497371,1.0
USTECH,SMA200,2017,0.603112840466926,10.8597628869782,10.8597628869782,1.0
USTECH,SMA200,2018,0.5212355212355212,1.8514093482790908,1.8514093482790908,1.0
USTECH,SMA200,2019,0.5461538461538461,-0.2462689600550955,-0.2462689600550955,1.0
USTECH,SMA200,2020,0.5961538461538461,13.92246125188819,13.92246125188819,1.0
USTECH,SMA200,2021,0.5521235521235521,9.888727703360601,9.888727703360601,1.0
USTECH,SMA200,2022,0.5019305019305019,4.6077350622308915,4.6077350622308915,1.0
USTECH,SMA200,2023,0.5423076923076923,9.354450364442947,9.354450364442947,1.0
USTECH,SMA200,2024,0.5747126436781609,5.8770285226295025,5.8770285226295025,1.0
USTECH,SMA200,2025,0.5538461538461539,4.144083701781661,4.144083701781661,1.0
USTECH,SMA200,2026,0.53125,9.608814231318323,9.608814231318323,1.0
USTECH,TSMOM20,2012,0.5339366515837104,4.305935162253704,3.9983683649498674,0.9285714285714286
USTECH,TSMOM20,2013,0.48582995951417,-2.97686838148067,-2.97686838148067,1.0
USTECH,TSMOM20,2014,0.5486381322957199,-0.8500618084568728,-0.8500618084568728,1.0
USTECH,TSMOM20,2015,0.4844961240310077,-5.136358469877354,-5.136358469877354,1.0
USTECH,TSMOM20,2016,0.5038759689922481,-1.837218698107433,-1.837218698107433,1.0
USTECH,TSMOM20,2017,0.5758754863813229,4.940649200568688,4.940649200568688,1.0
USTECH,TSMOM20,2018,0.47876447876447875,-2.848461563335107,-2.848461563335107,1.0
USTECH,TSMOM20,2019,0.5461538461538461,5.097787017710511,5.097787017710511,1.0
USTECH,TSMOM20,2020,0.5884615384615385,17.5180584031256,17.5180584031256,1.0
USTECH,TSMOM20,2021,0.528957528957529,-3.3765489318234208,-3.3765489318234208,1.0
USTECH,TSMOM20,2022,0.44787644787644787,-1.4307604449167708,-1.4307604449167708,1.0
USTECH,TSMOM20,2023,0.4846153846153846,1.505443757559206,1.505443757559206,1.0
USTECH,TSMOM20,2024,0.5363984674329502,0.506573364974536,0.506573364974536,1.0
USTECH,TSMOM20,2025,0.5346153846153846,2.3727265204115375,2.3727265204115375,1.0
USTECH,TSMOM20,2026,0.4765625,-11.483090079989758,-11.483090079989758,1.0
USTECH,DONCH55_20,2012,0.5333333333333333,-0.5978292733052586,-0.33433789012365783,0.4411764705882353
USTECH,DONCH55_20,2013,0.526829268292683,6.5292240159713115,5.356279437741498,0.8299595141700404
USTECH,DONCH55_20,2014,0.5614035087719298,-1.918642308460167,-1.3524069464957988,0.6653696498054474
USTECH,DONCH55_20,2015,0.47115384615384615,-4.851032475048559,-3.950556675882209,0.8062015503875969
USTECH,DONCH55_20,2016,0.44654088050314467,-12.267928323067757,-7.624741816843094,0.6162790697674418
USTECH,DONCH55_20,2017,0.5894308943089431,8.914689945494054,8.522652639459057,0.9571984435797666
USTECH,DONCH55_20,2018,0.5161290322580645,0.535995695928355,0.367105196334676,0.7181467181467182
USTECH,DONCH55_20,2019,0.541095890410959,-2.207567558970335,-1.2712177438576064,0.5615384615384615
USTECH,DONCH55_20,2020,0.594059405940594,8.333133731995446,6.455640951150408,0.7769230769230769
USTECH,DONCH55_20,2021,0.5141242937853108,-4.683230333808569,-3.2213275845155196,0.6833976833976834
USTECH,DONCH55_20,2022,0.48322147651006714,-2.005466558452766,-1.1719544696647164,0.5752895752895753
USTECH,DONCH55_20,2023,0.5384615384615384,9.230399686815238,6.453731721984886,0.7
USTECH,DONCH55_20,2024,0.5190476190476191,-2.431083940503073,-1.9683320056652585,0.8045977011494253
USTECH,DONCH55_20,2025,0.5406698564593302,3.607985622906906,2.8922033360611765,0.8038461538461539
USTECH,DONCH55_20,2026,0.5333333333333333,3.7217495016794326,2.1712151986346484,0.5859375
USTECH,MAJ2of3,2012,0.5333333333333333,-3.2059707488039453,-1.3997985591208402,0.37815126050420167
USTECH,MAJ2of3,2013,0.5194174757281553,4.411548110435542,3.401924498633183,0.8340080971659919
USTECH,MAJ2of3,2014,0.5932203389830508,3.474318234265417,2.209363167903007,0.688715953307393
USTECH,MAJ2of3,2015,0.48125,-1.8377465537556374,-1.4130115297692247,0.6201550387596899
USTECH,MAJ2of3,2016,0.5026455026455027,-5.677207354219256,-4.390353321386617,0.7325581395348837
USTECH,MAJ2of3,2017,0.6026785714285714,9.145806101270008,7.900206043773443,0.8715953307392996
USTECH,MAJ2of3,2018,0.5053763440860215,0.8192711980231593,0.4655969622253059,0.7181467181467182
USTECH,MAJ2of3,2019,0.5657142857142857,2.951432764082483,1.9228317909620982,0.6730769230769231
USTECH,MAJ2of3,2020,0.6026785714285714,17.51689687690558,15.05772479181723,0.8615384615384616
USTECH,MAJ2of3,2021,0.550561797752809,3.070868737624972,2.0698435219451747,0.6872586872586872
USTECH,MAJ2of3,2022,0.4601226993865031,2.6184155455216724,1.5884873086570641,0.6293436293436293
USTECH,MAJ2of3,2023,0.518918918918919,7.124974214338017,5.030514359242722,0.7115384615384616
USTECH,MAJ2of3,2024,0.5588235294117647,2.5139444572455796,1.931052614603855,0.7816091954022989
USTECH,MAJ2of3,2025,0.5545023696682464,4.0684445499153865,3.2584051110966,0.8115384615384615
USTECH,MAJ2of3,2026,0.5063291139240507,-1.6291844202870334,-1.0457637142231642,0.6171875
USTECH,ALL3,2012,0.4444444444444444,-21.078004241490248,-1.6648432829967097,0.07563025210084033
USTECH,ALL3,2013,0.510989010989011,3.251452822502327,2.183213134262854,0.7368421052631579
USTECH,ALL3,2014,0.6,1.4401390416868125,0.6917155894768254,0.5642023346303502
USTECH,ALL3,2015,0.45390070921985815,-11.652752619075066,-6.614724452563234,0.5465116279069767
USTECH,ALL3,2016,0.48484848484848486,-4.940750204754263,-2.6701810470550598,0.5116279069767442
USTECH,ALL3,2017,0.593607305936073,8.295922406169815,6.998052114850129,0.8521400778210116
USTECH,ALL3,2018,0.48026315789473684,-4.300426270555593,-2.6292966446236914,0.5868725868725869
USTECH,ALL3,2019,0.5703125,1.116110069543578,0.5016196493816831,0.49230769230769234
USTECH,ALL3,2020,0.6022099447513812,9.597120287185065,6.652180328284759,0.6961538461538461
USTECH,ALL3,2021,0.5277777777777778,-1.0446966844547578,-0.6098072398245333,0.555984555984556
USTECH,ALL3,2022,0.45871559633027525,-12.128833223905733,-5.1513782656284315,0.42084942084942084
USTECH,ALL3,2023,0.5424836601307189,12.597412767875477,7.390825712115313,0.5884615384615385
USTECH,ALL3,2024,0.5606936416184971,4.085880352429489,2.6865347597110425,0.6628352490421456
USTECH,ALL3,2025,0.5513513513513514,3.6369549726827883,2.5537929097657432,0.7115384615384616
USTECH,ALL3,2026,0.532258064516129,-2.589731473322929,-1.2759263378600607,0.484375
BTCUSD,SMA200,2017,,,0.0,0.0
BTCUSD,SMA200,2018,0.483974358974359,-16.63837038787076,-16.63837038787076,1.0
BTCUSD,SMA200,2019,0.5111821086261981,11.438543692934214,11.438543692934214,1.0
BTCUSD,SMA200,2020,0.5508982035928144,16.192811610541753,16.192811610541753,1.0
BTCUSD,SMA200,2021,0.46301369863013697,-22.48154695492585,-22.48154695492585,1.0
BTCUSD,SMA200,2022,0.5342465753424658,23.179531177473752,23.179531177473752,1.0
BTCUSD,SMA200,2023,0.4904109589041096,12.95204871891041,12.95204871891041,1.0
BTCUSD,SMA200,2024,0.5273224043715847,14.026786198991655,14.026786198991655,1.0
BTCUSD,SMA200,2025,0.4876712328767123,-7.962348248406473,-7.962348248406473,1.0
BTCUSD,SMA200,2026,0.5414364640883977,19.473328503934376,19.473328503934376,1.0
BTCUSD,TSMOM20,2017,0.5921787709497207,64.20234309347227,57.46109706865768,0.895
BTCUSD,TSMOM20,2018,0.46474358974358976,-1.8858290343628492,-1.8858290343628492,1.0
BTCUSD,TSMOM20,2019,0.549520766773163,2.0009295756873193,2.0009295756873193,1.0
BTCUSD,TSMOM20,2020,0.5329341317365269,40.44981950689061,40.44981950689061,1.0
BTCUSD,TSMOM20,2021,0.4684931506849315,15.054106442734502,15.054106442734502,1.0
BTCUSD,TSMOM20,2022,0.4712328767123288,-9.321099595076852,-9.321099595076852,1.0
BTCUSD,TSMOM20,2023,0.5123287671232877,18.020965603824138,18.020965603824138,1.0
BTCUSD,TSMOM20,2024,0.5,0.27211605714827486,0.27211605714827486,1.0
BTCUSD,TSMOM20,2025,0.4821917808219178,-4.250643274946404,-4.250643274946404,1.0
BTCUSD,TSMOM20,2026,0.5359116022099447,10.038046585817998,10.038046585817998,1.0
BTCUSD,DONCH55_20,2017,0.5980392156862745,124.34880290044637,63.11012141324216,0.51
BTCUSD,DONCH55_20,2018,0.49693251533742333,-17.035293886043654,-9.135151301470364,0.5224358974358975
BTCUSD,DONCH55_20,2019,0.6198830409356725,46.19566143770065,24.93463355096185,0.5463258785942492
BTCUSD,DONCH55_20,2020,0.5495495495495496,18.530660220772397,12.106929527559373,0.6646706586826348
BTCUSD,DONCH55_20,2021,0.4967105263157895,29.185085032574833,24.258371209150813,0.8328767123287671
BTCUSD,DONCH55_20,2022,0.48214285714285715,-2.1855889493941283,-1.111204405135599,0.4602739726027397
BTCUSD,DONCH55_20,2023,0.4863013698630137,2.370208814039197,1.7876966728089208,0.8
BTCUSD,DONCH55_20,2024,0.5172413793103449,12.439236185635059,6.86881843901528,0.5546448087431693
BTCUSD,DONCH55_20,2025,0.4823529411764706,-1.0056563815560233,-0.7296468410417755,0.6986301369863014
BTCUSD,DONCH55_20,2026,0.5225225225225225,2.485169071587701,1.4693641262362718,0.6132596685082873
BTCUSD,MAJ2of3,2017,0.6122448979591837,153.68126953085024,74.8311022188835,0.49
BTCUSD,MAJ2of3,2018,0.4550561797752809,-10.876191782423984,-7.9653064819470885,0.5705128205128205
BTCUSD,MAJ2of3,2019,0.5510204081632653,9.332082855296676,4.024208958310374,0.6261980830670927
BTCUSD,MAJ2of3,2020,0.5608695652173913,42.819766400142626,28.321315558716186,0.688622754491018
BTCUSD,MAJ2of3,2021,0.45643153526970953,-1.475746706500666,-1.279196069591254,0.6602739726027397
BTCUSD,MAJ2of3,2022,0.5044642857142857,12.16261975442911,6.929215791198453,0.6136986301369863
BTCUSD,MAJ2of3,2023,0.5022421524663677,25.88554345741212,15.486507161367278,0.6109589041095891
BTCUSD,MAJ2of3,2024,0.5219123505976095,9.45554690396088,6.295237546822746,0.6857923497267759
BTCUSD,MAJ2of3,2025,0.481651376146789,-6.92454143927097,-4.294969489062783,0.5972602739726027
BTCUSD,MAJ2of3,2026,0.5531914893617021,22.799591154773854,11.701941387307317,0.5193370165745856
BTCUSD,ALL3,2017,,,0.0,0.0
BTCUSD,ALL3,2018,0.4827586206896552,-19.146468462776784,-6.348820050152613,0.27884615384615385
BTCUSD,ALL3,2019,0.6134453781512605,48.27392265844403,17.42644296694607,0.3801916932907348
BTCUSD,ALL3,2020,0.5513513513513514,18.815159657887897,9.572253984375216,0.5538922155688623
BTCUSD,ALL3,2021,0.45739910313901344,8.162737084633585,4.703187615102188,0.6109589041095891
BTCUSD,ALL3,2022,0.49166666666666664,22.171054520713323,7.066744259340182,0.3287671232876712
BTCUSD,ALL3,2023,0.4975609756097561,13.515814363777325,7.314017186104062,0.5616438356164384
BTCUSD,ALL3,2024,0.5277777777777778,29.22893842037594,11.393227935693183,0.39344262295081966
BTCUSD,ALL3,2025,0.45,-14.921545682340925,-6.6504226908318165,0.4383561643835616
BTCUSD,ALL3,2026,0.5901639344262295,33.84553374560086,11.36188722424431,0.3370165745856354
