コード,銘柄,日付,調整後終値
6367,ダイキン,2005-01-03,2286
6367,ダイキン,2005-01-07,2262
6367,ダイキン,2005-01-14,2259
6367,ダイキン,2005-01-21,2147
6367,ダイキン,2005-01-28,2150
6367,ダイキン,2005-02-04,2150
6367,ダイキン,2005-02-11,2162
6367,ダイキン,2005-02-18,2058
6367,ダイキン,2005-02-25,2027
6367,ダイキン,2005-03-04,2100
6367,ダイキン,2005-03-11,2062
6367,ダイキン,2005-03-18,2112
6367,ダイキン,2005-03-25,1992
6367,ダイキン,2005-04-01,2098
6367,ダイキン,2005-04-08,2156
6367,ダイキン,2005-04-15,2086
6367,ダイキン,2005-04-22,2032
6367,ダイキン,2005-04-29,2032
6367,ダイキン,2005-05-06,2051
6367,ダイキン,2005-05-13,2055
6367,ダイキン,2005-05-20,2020
6367,ダイキン,2005-05-27,2032
6367,ダイキン,2005-06-03,2074
6367,ダイキン,2005-06-10,2055
6367,ダイキン,2005-06-17,2113
6367,ダイキン,2005-06-24,2160
6367,ダイキン,2005-07-01,2187
6367,ダイキン,2005-07-08,2152
6367,ダイキン,2005-07-15,2148
6367,ダイキン,2005-07-22,2129
6367,ダイキン,2005-07-29,2121
6367,ダイキン,2005-08-05,2051
6367,ダイキン,2005-08-12,2156
6367,ダイキン,2005-08-19,2218
6367,ダイキン,2005-08-26,2237
6367,ダイキン,2005-09-02,2311
6367,ダイキン,2005-09-09,2311
6367,ダイキン,2005-09-16,2264
6367,ダイキン,2005-09-23,2326
6367,ダイキン,2005-09-30,2366
6367,ダイキン,2005-10-07,2303
6367,ダイキン,2005-10-14,2303
6367,ダイキン,2005-10-21,2206
6367,ダイキン,2005-10-28,2257
6367,ダイキン,2005-11-04,2272
6367,ダイキン,2005-11-11,2323
6367,ダイキン,2005-11-18,2498
6367,ダイキン,2005-11-25,2677
6367,ダイキン,2005-12-02,2677
6367,ダイキン,2005-12-09,2903
6367,ダイキン,2005-12-16,2724
6367,ダイキン,2005-12-23,2770
6367,ダイキン,2005-12-30,2685
6367,ダイキン,2006-01-02,2685
6367,ダイキン,2006-01-06,2809
6367,ダイキン,2006-01-13,2895
6367,ダイキン,2006-01-20,2817
6367,ダイキン,2006-01-27,2988
6367,ダイキン,2006-02-03,2965
6367,ダイキン,2006-02-10,2879
6367,ダイキン,2006-02-17,2770
6367,ダイキン,2006-02-24,2934
6367,ダイキン,2006-03-03,2895
6367,ダイキン,2006-03-10,3043
6367,ダイキン,2006-03-17,3050
6367,ダイキン,2006-03-24,3082
6367,ダイキン,2006-03-31,3215
6367,ダイキン,2006-04-07,3231
6367,ダイキン,2006-04-14,3199
6367,ダイキン,2006-04-21,3262
6367,ダイキン,2006-04-28,3098
6367,ダイキン,2006-05-05,3137
6367,ダイキン,2006-05-12,2926
6367,ダイキン,2006-05-19,2880
6367,ダイキン,2006-05-26,2973
6367,ダイキン,2006-06-02,2911
6367,ダイキン,2006-06-09,2723
6367,ダイキン,2006-06-16,2747
6367,ダイキン,2006-06-23,2817
6367,ダイキン,2006-06-30,3098
6367,ダイキン,2006-07-07,2934
6367,ダイキン,2006-07-14,2770
6367,ダイキン,2006-07-21,2747
6367,ダイキン,2006-07-28,2872
6367,ダイキン,2006-08-04,2958
6367,ダイキン,2006-08-11,2684
6367,ダイキン,2006-08-18,2864
6367,ダイキン,2006-08-25,2802
6367,ダイキン,2006-09-01,2778
6367,ダイキン,2006-09-08,2872
6367,ダイキン,2006-09-15,2770
6367,ダイキン,2006-09-22,2716
6367,ダイキン,2006-09-29,2742
6367,ダイキン,2006-10-06,2734
6367,ダイキン,2006-10-13,2680
6367,ダイキン,2006-10-20,2680
6367,ダイキン,2006-10-27,2648
6367,ダイキン,2006-11-03,2656
6367,ダイキン,2006-11-10,2758
6367,ダイキン,2006-11-17,2821
6367,ダイキン,2006-11-24,2758
6367,ダイキン,2006-12-01,2876
6367,ダイキン,2006-12-08,2930
6367,ダイキン,2006-12-15,3048
6367,ダイキン,2006-12-22,3165
6367,ダイキン,2006-12-29,3244
6367,ダイキン,2007-01-04,3228
6367,ダイキン,2007-01-05,3134
6367,ダイキン,2007-01-12,3095
6367,ダイキン,2007-01-19,3001
6367,ダイキン,2007-01-26,3071
6367,ダイキン,2007-02-02,3189
6367,ダイキン,2007-02-09,3165
6367,ダイキン,2007-02-16,3291
6367,ダイキン,2007-02-23,3424
6367,ダイキン,2007-03-02,3189
6367,ダイキン,2007-03-09,3079
6367,ダイキン,2007-03-16,3071
6367,ダイキン,2007-03-23,3173
6367,ダイキン,2007-03-30,3224
6367,ダイキン,2007-04-06,3349
6367,ダイキン,2007-04-13,3349
6367,ダイキン,2007-04-20,3286
6367,ダイキン,2007-04-27,3192
6367,ダイキン,2007-05-02,3310
6367,ダイキン,2007-05-11,3381
6367,ダイキン,2007-05-18,3397
6367,ダイキン,2007-05-25,3420
6367,ダイキン,2007-06-01,3397
6367,ダイキン,2007-06-08,3310
6367,ダイキン,2007-06-15,3397
6367,ダイキン,2007-06-22,3491
6367,ダイキン,2007-06-29,3530
6367,ダイキン,2007-07-06,3640
6367,ダイキン,2007-07-13,3648
6367,ダイキン,2007-07-20,3625
6367,ダイキン,2007-07-27,3404
6367,ダイキン,2007-08-03,3459
6367,ダイキン,2007-08-10,4065
6367,ダイキン,2007-08-17,3444
6367,ダイキン,2007-08-24,4049
6367,ダイキン,2007-08-31,4088
6367,ダイキン,2007-09-07,4167
6367,ダイキン,2007-09-14,4387
6367,ダイキン,2007-09-21,4513
6367,ダイキン,2007-09-28,4362
6367,ダイキン,2007-10-05,4425
6367,ダイキン,2007-10-12,4646
6367,ダイキン,2007-10-19,4615
6367,ダイキン,2007-10-26,4615
6367,ダイキン,2007-11-02,4473
6367,ダイキン,2007-11-09,4378
6367,ダイキン,2007-11-16,4615
6367,ダイキン,2007-11-22,4276
6367,ダイキン,2007-11-30,4488
6367,ダイキン,2007-12-07,4615
6367,ダイキン,2007-12-14,4796
6367,ダイキン,2007-12-21,4772
6367,ダイキン,2007-12-28,4938
6367,ダイキン,2008-01-04,4686
6367,ダイキン,2008-01-11,4276
6367,ダイキン,2008-01-18,3960
6367,ダイキン,2008-01-25,3913
6367,ダイキン,2008-02-01,3755
6367,ダイキン,2008-02-08,3589
6367,ダイキン,2008-02-15,3652
6367,ダイキン,2008-02-22,3447
6367,ダイキン,2008-02-29,3771
6367,ダイキン,2008-03-07,3479
6367,ダイキン,2008-03-14,3124
6367,ダイキン,2008-03-21,3384
6367,ダイキン,2008-03-28,3518
6367,ダイキン,2008-04-04,3747
6367,ダイキン,2008-04-11,3835
6367,ダイキン,2008-04-18,3850
6367,ダイキン,2008-04-25,4152
6367,ダイキン,2008-05-02,4199
6367,ダイキン,2008-05-09,4009
6367,ダイキン,2008-05-16,4262
6367,ダイキン,2008-05-23,4112
6367,ダイキン,2008-05-30,4310
6367,ダイキン,2008-06-06,4453
6367,ダイキン,2008-06-13,4468
6367,ダイキン,2008-06-20,4500
6367,ダイキン,2008-06-27,4365
6367,ダイキン,2008-07-04,3961
6367,ダイキン,2008-07-11,3637
6367,ダイキン,2008-07-18,3795
6367,ダイキン,2008-07-25,3914
6367,ダイキン,2008-08-01,3534
6367,ダイキン,2008-08-08,3114
6367,ダイキン,2008-08-15,3090
6367,ダイキン,2008-08-22,2987
6367,ダイキン,2008-08-29,2947
6367,ダイキン,2008-09-05,2694
6367,ダイキン,2008-09-12,2860
6367,ダイキン,2008-09-19,3019
6367,ダイキン,2008-09-26,2938
6367,ダイキン,2008-10-03,2305
6367,ダイキン,2008-10-10,1712
6367,ダイキン,2008-10-17,1720
6367,ダイキン,2008-10-24,1443
6367,ダイキン,2008-10-31,1732
6367,ダイキン,2008-11-07,1808
6367,ダイキン,2008-11-14,1724
6367,ダイキン,2008-11-21,1720
6367,ダイキン,2008-11-28,1987
6367,ダイキン,2008-12-05,1585
6367,ダイキン,2008-12-12,1577
6367,ダイキン,2008-12-19,1656
6367,ダイキン,2008-12-26,1800
6367,ダイキン,2008-12-30,1843
6367,ダイキン,2009-01-05,1887
6367,ダイキン,2009-01-09,2146
6367,ダイキン,2009-01-16,1887
6367,ダイキン,2009-01-23,1660
6367,ダイキン,2009-01-30,1684
6367,ダイキン,2009-02-06,1867
6367,ダイキン,2009-02-13,1724
6367,ダイキン,2009-02-20,1605
6367,ダイキン,2009-02-27,1728
6367,ダイキン,2009-03-06,1796
6367,ダイキン,2009-03-13,1955
6367,ダイキン,2009-03-19,2094
6367,ダイキン,2009-03-27,2325
6367,ダイキン,2009-04-03,2257
6367,ダイキン,2009-04-10,2305
6367,ダイキン,2009-04-17,2157
6367,ダイキン,2009-04-24,2065
6367,ダイキン,2009-05-01,2145
6367,ダイキン,2009-05-08,2413
6367,ダイキン,2009-05-15,2285
6367,ダイキン,2009-05-22,2253
6367,ダイキン,2009-05-29,2349
6367,ダイキン,2009-06-05,2526
6367,ダイキン,2009-06-12,2606
6367,ダイキン,2009-06-19,2454
6367,ダイキン,2009-06-26,2518
6367,ダイキン,2009-07-03,2494
6367,ダイキン,2009-07-10,2377
6367,ダイキン,2009-07-17,2413
6367,ダイキン,2009-07-24,2654
6367,ダイキン,2009-07-31,2758
6367,ダイキン,2009-08-07,2686
6367,ダイキン,2009-08-14,2878
6367,ダイキン,2009-08-21,2678
6367,ダイキン,2009-08-28,2694
6367,ダイキン,2009-09-04,2614
6367,ダイキン,2009-09-11,2662
6367,ダイキン,2009-09-18,2766
6367,ダイキン,2009-09-25,2723
6367,ダイキン,2009-10-02,2529
6367,ダイキン,2009-10-09,2578
6367,ダイキン,2009-10-16,2561
6367,ダイキン,2009-10-23,2594
6367,ダイキン,2009-10-30,2537
6367,ダイキン,2009-11-06,2489
6367,ダイキン,2009-11-13,2618
6367,ダイキン,2009-11-20,2578
6367,ダイキン,2009-11-27,2376
6367,ダイキン,2009-12-04,2771
6367,ダイキン,2009-12-11,2811
6367,ダイキン,2009-12-18,2876
6367,ダイキン,2009-12-25,2964
6367,ダイキン,2009-12-30,2948
6367,ダイキン,2010-01-04,2980
6367,ダイキン,2010-01-08,2996
6367,ダイキン,2010-01-15,2872
6367,ダイキン,2010-01-22,2795
6367,ダイキン,2010-01-29,2702
6367,ダイキン,2010-02-05,2614
6367,ダイキン,2010-02-12,2779
6367,ダイキン,2010-02-19,2815
6367,ダイキン,2010-02-26,2755
6367,ダイキン,2010-03-05,2839
6367,ダイキン,2010-03-12,2940
6367,ダイキン,2010-03-19,2952
6367,ダイキン,2010-03-26,3101
6367,ダイキン,2010-04-02,3179
6367,ダイキン,2010-04-09,3098
6367,ダイキン,2010-04-16,3025
6367,ダイキン,2010-04-23,2960
6367,ダイキン,2010-04-30,2896
6367,ダイキン,2010-05-07,2689
6367,ダイキン,2010-05-14,2580
6367,ダイキン,2010-05-21,2439
6367,ダイキン,2010-05-28,2483
6367,ダイキン,2010-06-04,2447
6367,ダイキン,2010-06-11,2304
6367,ダイキン,2010-06-18,2394
6367,ダイキン,2010-06-25,2337
6367,ダイキン,2010-07-02,2170
6367,ダイキン,2010-07-09,2439
6367,ダイキン,2010-07-16,2389
6367,ダイキン,2010-07-23,2471
6367,ダイキン,2010-07-30,2592
6367,ダイキン,2010-08-06,2617
6367,ダイキン,2010-08-13,2451
6367,ダイキン,2010-08-20,2503
6367,ダイキン,2010-08-27,2390
6367,ダイキン,2010-09-03,2403
6367,ダイキン,2010-09-10,2388
6367,ダイキン,2010-09-17,2564
6367,ダイキン,2010-09-24,2467
6367,ダイキン,2010-10-01,2534
6367,ダイキン,2010-10-08,2445
6367,ダイキン,2010-10-15,2391
6367,ダイキン,2010-10-22,2320
6367,ダイキン,2010-10-29,2279
6367,ダイキン,2010-11-05,2434
6367,ダイキン,2010-11-12,2323
6367,ダイキン,2010-11-19,2412
6367,ダイキン,2010-11-26,2449
6367,ダイキン,2010-12-03,2510
6367,ダイキン,2010-12-10,2340
6367,ダイキン,2010-12-17,2361
6367,ダイキン,2010-12-24,2352
6367,ダイキン,2010-12-30,2343
6367,ダイキン,2011-01-04,2376
6367,ダイキン,2011-01-07,2422
6367,ダイキン,2011-01-14,2352
6367,ダイキン,2011-01-21,2317
6367,ダイキン,2011-01-28,2335
6367,ダイキン,2011-02-04,2369
6367,ダイキン,2011-02-10,2294
6367,ダイキン,2011-02-18,2288
6367,ダイキン,2011-02-25,2244
6367,ダイキン,2011-03-04,2225
6367,ダイキン,2011-03-11,2211
6367,ダイキン,2011-03-18,1950
6367,ダイキン,2011-03-25,2027
6367,ダイキン,2011-04-01,2119
6367,ダイキン,2011-04-08,2096
6367,ダイキン,2011-04-15,2010
6367,ダイキン,2011-04-22,2022
6367,ダイキン,2011-04-28,2103
6367,ダイキン,2011-05-06,2139
6367,ダイキン,2011-05-13,2231
6367,ダイキン,2011-05-20,2236
6367,ダイキン,2011-05-27,2176
6367,ダイキン,2011-06-03,2245
6367,ダイキン,2011-06-10,2316
6367,ダイキン,2011-06-17,2262
6367,ダイキン,2011-06-24,2412
6367,ダイキン,2011-07-01,2336
6367,ダイキン,2011-07-08,2388
6367,ダイキン,2011-07-15,2286
6367,ダイキン,2011-07-22,2289
6367,ダイキン,2011-07-29,2245
6367,ダイキン,2011-08-05,2139
6367,ダイキン,2011-08-12,1990
6367,ダイキン,2011-08-19,1864
6367,ダイキン,2011-08-26,1957
6367,ダイキン,2011-09-02,1925
6367,ダイキン,2011-09-09,1737
6367,ダイキン,2011-09-16,1768
6367,ダイキン,2011-09-22,1737
6367,ダイキン,2011-09-30,1848
6367,ダイキン,2011-10-07,1749
6367,ダイキン,2011-10-14,1789
6367,ダイキン,2011-10-21,1760
6367,ダイキン,2011-10-28,1946
6367,ダイキン,2011-11-04,1954
6367,ダイキン,2011-11-11,1836
6367,ダイキン,2011-11-18,1769
6367,ダイキン,2011-11-25,1750
6367,ダイキン,2011-12-02,1932
6367,ダイキン,2011-12-09,1852
6367,ダイキン,2011-12-16,1759
6367,ダイキン,2011-12-22,1720
6367,ダイキン,2011-12-30,1742
6367,ダイキン,2012-01-04,1757
6367,ダイキン,2012-01-06,1693
6367,ダイキン,2012-01-13,1673
6367,ダイキン,2012-01-20,1861
6367,ダイキン,2012-01-27,1840
6367,ダイキン,2012-02-03,1821
6367,ダイキン,2012-02-10,1756
6367,ダイキン,2012-02-17,1919
6367,ダイキン,2012-02-24,1966
6367,ダイキン,2012-03-02,1922
6367,ダイキン,2012-03-09,1841
6367,ダイキン,2012-03-16,1853
6367,ダイキン,2012-03-23,1822
6367,ダイキン,2012-03-30,1877
6367,ダイキン,2012-04-06,1871
6367,ダイキン,2012-04-13,1777
6367,ダイキン,2012-04-20,1757
6367,ダイキン,2012-04-27,1770
6367,ダイキン,2012-05-02,1707
6367,ダイキン,2012-05-11,1735
6367,ダイキン,2012-05-18,1731
6367,ダイキン,2012-05-25,1658
6367,ダイキン,2012-06-01,1599
6367,ダイキン,2012-06-08,1702
6367,ダイキン,2012-06-15,1696
6367,ダイキン,2012-06-22,1740
6367,ダイキン,2012-06-29,1853
6367,ダイキン,2012-07-06,1837
6367,ダイキン,2012-07-13,1785
6367,ダイキン,2012-07-20,1699
6367,ダイキン,2012-07-27,1748
6367,ダイキン,2012-08-03,1712
6367,ダイキン,2012-08-10,1707
6367,ダイキン,2012-08-17,1761
6367,ダイキン,2012-08-24,1795
6367,ダイキン,2012-08-31,1737
6367,ダイキン,2012-09-07,1711
6367,ダイキン,2012-09-14,1770
6367,ダイキン,2012-09-21,1738
6367,ダイキン,2012-09-28,1700
6367,ダイキン,2012-10-05,1660
6367,ダイキン,2012-10-12,1642
6367,ダイキン,2012-10-19,1853
6367,ダイキン,2012-10-26,1852
6367,ダイキン,2012-11-02,1913
6367,ダイキン,2012-11-09,1820
6367,ダイキン,2012-11-16,2068
6367,ダイキン,2012-11-22,2190
6367,ダイキン,2012-11-30,2179
6367,ダイキン,2012-12-07,2282
6367,ダイキン,2012-12-14,2287
6367,ダイキン,2012-12-21,2402
6367,ダイキン,2012-12-28,2473
6367,ダイキン,2013-01-04,2551
6367,ダイキン,2013-01-11,2614
6367,ダイキン,2013-01-18,2786
6367,ダイキン,2013-01-25,2799
6367,ダイキン,2013-02-01,3005
6367,ダイキン,2013-02-08,3022
6367,ダイキン,2013-02-15,2879
6367,ダイキン,2013-02-22,2954
6367,ダイキン,2013-03-01,2959
6367,ダイキン,2013-03-08,3156
6367,ダイキン,2013-03-15,3446
6367,ダイキン,2013-03-22,3190
6367,ダイキン,2013-03-29,3116
6367,ダイキン,2013-04-05,3184
6367,ダイキン,2013-04-12,3260
6367,ダイキン,2013-04-19,3239
6367,ダイキン,2013-04-26,3306
6367,ダイキン,2013-05-02,3176
6367,ダイキン,2013-05-10,3716
6367,ダイキン,2013-05-17,3805
6367,ダイキン,2013-05-24,3969
6367,ダイキン,2013-05-31,3801
6367,ダイキン,2013-06-07,3471
6367,ダイキン,2013-06-14,3670
6367,ダイキン,2013-06-21,3598
6367,ダイキン,2013-06-28,3387
6367,ダイキン,2013-07-05,3653
6367,ダイキン,2013-07-12,3906
6367,ダイキン,2013-07-19,3868
6367,ダイキン,2013-07-26,3551
6367,ダイキン,2013-08-02,3653
6367,ダイキン,2013-08-09,3868
6367,ダイキン,2013-08-16,3898
6367,ダイキン,2013-08-23,4062
6367,ダイキン,2013-08-30,4003
6367,ダイキン,2013-09-06,4050
6367,ダイキン,2013-09-13,4400
6367,ダイキン,2013-09-20,4561
6367,ダイキン,2013-09-27,4529
6367,ダイキン,2013-10-04,4334
6367,ダイキン,2013-10-11,4538
6367,ダイキン,2013-10-18,4826
6367,ダイキン,2013-10-25,4614
6367,ダイキン,2013-11-01,4716
6367,ダイキン,2013-11-08,4919
6367,ダイキン,2013-11-15,5267
6367,ダイキン,2013-11-22,5496
6367,ダイキン,2013-11-29,5513
6367,ダイキン,2013-12-06,5403
6367,ダイキン,2013-12-13,5454
6367,ダイキン,2013-12-20,5462
6367,ダイキン,2013-12-27,5505
6367,ダイキン,2013-12-30,5556
6367,ダイキン,2014-01-06,5411
6367,ダイキン,2014-01-10,5310
6367,ダイキン,2014-01-17,5246
6367,ダイキン,2014-01-24,5226
6367,ダイキン,2014-01-31,5052
6367,ダイキン,2014-02-07,4885
6367,ダイキン,2014-02-14,4733
6367,ダイキン,2014-02-21,4919
6367,ダイキン,2014-02-28,4951
6367,ダイキン,2014-03-07,4954
6367,ダイキン,2014-03-14,4558
6367,ダイキン,2014-03-20,4413
6367,ダイキン,2014-03-28,4819
6367,ダイキン,2014-04-04,5165
6367,ダイキン,2014-04-11,4748
6367,ダイキン,2014-04-18,5255
6367,ダイキン,2014-04-25,5152
6367,ダイキン,2014-05-02,5144
6367,ダイキン,2014-05-09,5010
6367,ダイキン,2014-05-16,4881
6367,ダイキン,2014-05-23,5030
6367,ダイキン,2014-05-30,5170
6367,ダイキン,2014-06-06,5431
6367,ダイキン,2014-06-13,5408
6367,ダイキン,2014-06-20,5603
6367,ダイキン,2014-06-27,5437
6367,ダイキン,2014-07-04,5854
6367,ダイキン,2014-07-11,5710
6367,ダイキン,2014-07-18,5727
6367,ダイキン,2014-07-25,5966
6367,ダイキン,2014-08-01,6065
6367,ダイキン,2014-08-08,5529
6367,ダイキン,2014-08-15,5567
6367,ダイキン,2014-08-22,6011
6367,ダイキン,2014-08-29,6112
6367,ダイキン,2014-09-05,5997
6367,ダイキン,2014-09-12,6084
6367,ダイキン,2014-09-19,6043
6367,ダイキン,2014-09-26,5942
6367,ダイキン,2014-10-03,5617
6367,ダイキン,2014-10-10,5404
6367,ダイキン,2014-10-17,5111
6367,ダイキン,2014-10-24,5426
6367,ダイキン,2014-10-31,5841
6367,ダイキン,2014-11-07,6120
6367,ダイキン,2014-11-14,6104
6367,ダイキン,2014-11-21,6155
6367,ダイキン,2014-11-28,6751
6367,ダイキン,2014-12-05,6963
6367,ダイキン,2014-12-12,6751
6367,ダイキン,2014-12-19,6817
6367,ダイキン,2014-12-26,6872
6367,ダイキン,2014-12-30,6695
6367,ダイキン,2015-01-05,6700
6367,ダイキン,2015-01-09,6630
6367,ダイキン,2015-01-16,6619
6367,ダイキン,2015-01-23,7010
6367,ダイキン,2015-01-30,7094
6367,ダイキン,2015-02-06,6873
6367,ダイキン,2015-02-13,6599
6367,ダイキン,2015-02-20,6653
6367,ダイキン,2015-02-27,6684
6367,ダイキン,2015-03-06,6677
6367,ダイキン,2015-03-13,6786
6367,ダイキン,2015-03-20,6850
6367,ダイキン,2015-03-27,6901
6367,ダイキン,2015-04-03,7051
6367,ダイキン,2015-04-10,6979
6367,ダイキン,2015-04-17,6835
6367,ダイキン,2015-04-24,7078
6367,ダイキン,2015-05-01,7005
6367,ダイキン,2015-05-08,6897
6367,ダイキン,2015-05-15,7450
6367,ダイキン,2015-05-22,8011
6367,ダイキン,2015-05-29,8241
6367,ダイキン,2015-06-05,8113
6367,ダイキン,2015-06-12,8109
6367,ダイキン,2015-06-19,7836
6367,ダイキン,2015-06-26,7722
6367,ダイキン,2015-07-03,7865
6367,ダイキン,2015-07-10,7332
6367,ダイキン,2015-07-17,7271
6367,ダイキン,2015-07-24,7096
6367,ダイキン,2015-07-31,6927
6367,ダイキン,2015-08-07,7597
6367,ダイキン,2015-08-14,7087
6367,ダイキン,2015-08-21,6494
6367,ダイキン,2015-08-28,6397
6367,ダイキン,2015-09-04,5850
6367,ダイキン,2015-09-11,5981
6367,ダイキン,2015-09-18,6329
6367,ダイキン,2015-09-25,6030
6367,ダイキン,2015-10-02,6233
6367,ダイキン,2015-10-09,6688
6367,ダイキン,2015-10-16,6696
6367,ダイキン,2015-10-23,6901
6367,ダイキン,2015-10-30,6825
6367,ダイキン,2015-11-06,6998
6367,ダイキン,2015-11-13,7455
6367,ダイキン,2015-11-20,7731
6367,ダイキン,2015-11-27,7614
6367,ダイキン,2015-12-04,7609
6367,ダイキン,2015-12-11,7598
6367,ダイキン,2015-12-18,7442
6367,ダイキン,2015-12-25,7511
6367,ダイキン,2015-12-30,7749
6367,ダイキン,2016-01-04,7491
6367,ダイキン,2016-01-08,6919
6367,ダイキン,2016-01-15,6811
6367,ダイキン,2016-01-22,6711
6367,ダイキン,2016-01-29,6973
6367,ダイキン,2016-02-05,6628
6367,ダイキン,2016-02-12,6004
6367,ダイキン,2016-02-19,6688
6367,ダイキン,2016-02-26,6666
6367,ダイキン,2016-03-04,7102
6367,ダイキン,2016-03-11,7019
6367,ダイキン,2016-03-18,7156
6367,ダイキン,2016-03-25,7314
6367,ダイキン,2016-04-01,7101
6367,ダイキン,2016-04-08,7158
6367,ダイキン,2016-04-15,7742
6367,ダイキン,2016-04-22,8019
6367,ダイキン,2016-04-28,7794
6367,ダイキン,2016-05-06,7612
6367,ダイキン,2016-05-13,7970
6367,ダイキン,2016-05-20,8082
6367,ダイキン,2016-05-27,8167
6367,ダイキン,2016-06-03,7870
6367,ダイキン,2016-06-10,7863
6367,ダイキン,2016-06-17,7341
6367,ダイキン,2016-06-24,7137
6367,ダイキン,2016-07-01,7406
6367,ダイキン,2016-07-08,7044
6367,ダイキン,2016-07-15,7954
6367,ダイキン,2016-07-22,8118
6367,ダイキン,2016-07-29,7906
6367,ダイキン,2016-08-05,7325
6367,ダイキン,2016-08-12,8132
6367,ダイキン,2016-08-19,8092
6367,ダイキン,2016-08-26,7895
6367,ダイキン,2016-09-02,8419
6367,ダイキン,2016-09-09,8329
6367,ダイキン,2016-09-16,8085
6367,ダイキン,2016-09-23,8400
6367,ダイキン,2016-09-30,8256
6367,ダイキン,2016-10-07,8563
6367,ダイキン,2016-10-14,8445
6367,ダイキン,2016-10-21,8615
6367,ダイキン,2016-10-28,8842
6367,ダイキン,2016-11-04,8766
6367,ダイキン,2016-11-11,9027
6367,ダイキン,2016-11-18,9257
6367,ダイキン,2016-11-25,9451
6367,ダイキン,2016-12-02,9376
6367,ダイキン,2016-12-09,9248
6367,ダイキン,2016-12-16,9526
6367,ダイキン,2016-12-22,9442
6367,ダイキン,2016-12-30,9478
6367,ダイキン,2017-01-04,9848
6367,ダイキン,2017-01-06,9809
6367,ダイキン,2017-01-13,9959
6367,ダイキン,2017-01-20,10012
6367,ダイキン,2017-01-27,10109
6367,ダイキン,2017-02-03,9764
6367,ダイキン,2017-02-10,9998
6367,ダイキン,2017-02-17,9438
6367,ダイキン,2017-02-24,9508
6367,ダイキン,2017-03-03,9654
6367,ダイキン,2017-03-10,9773
6367,ダイキン,2017-03-17,9901
6367,ダイキン,2017-03-24,9689
6367,ダイキン,2017-03-31,9936
6367,ダイキン,2017-04-07,9563
6367,ダイキン,2017-04-14,9292
6367,ダイキン,2017-04-21,9505
6367,ダイキン,2017-04-28,9617
6367,ダイキン,2017-05-02,9545
6367,ダイキン,2017-05-12,9736
6367,ダイキン,2017-05-19,9559
6367,ダイキン,2017-05-26,9705
6367,ダイキン,2017-06-02,9865
6367,ダイキン,2017-06-09,9852
6367,ダイキン,2017-06-16,9954
6367,ダイキン,2017-06-23,10234
6367,ダイキン,2017-06-30,10189
6367,ダイキン,2017-07-07,10416
6367,ダイキン,2017-07-14,10500
6367,ダイキン,2017-07-21,10505
6367,ダイキン,2017-07-28,10456
6367,ダイキン,2017-08-04,10252
6367,ダイキン,2017-08-11,9954
6367,ダイキン,2017-08-18,9861
6367,ダイキン,2017-08-25,9683
6367,ダイキン,2017-09-01,9728
6367,ダイキン,2017-09-08,9492
6367,ダイキン,2017-09-15,9905
6367,ダイキン,2017-09-22,10056
6367,ダイキン,2017-09-29,10182
6367,ダイキン,2017-10-06,10329
6367,ダイキン,2017-10-13,10579
6367,ダイキン,2017-10-20,10682
6367,ダイキン,2017-10-27,11254
6367,ダイキン,2017-11-03,11401
6367,ダイキン,2017-11-10,11692
6367,ダイキン,2017-11-17,11486
6367,ダイキン,2017-11-24,11562
6367,ダイキン,2017-12-01,11674
6367,ダイキン,2017-12-08,11714
6367,ダイキン,2017-12-15,11808
6367,ダイキン,2017-12-22,11964
6367,ダイキン,2017-12-29,11915
6367,ダイキン,2018-01-01,11915
6367,ダイキン,2018-01-05,12585
6367,ダイキン,2018-01-12,12205
6367,ダイキン,2018-01-19,12415
6367,ダイキン,2018-01-26,11928
6367,ダイキン,2018-02-02,11857
6367,ダイキン,2018-02-09,10825
6367,ダイキン,2018-02-16,11450
6367,ダイキン,2018-02-23,11307
6367,ダイキン,2018-03-02,10521
6367,ダイキン,2018-03-09,10619
6367,ダイキン,2018-03-16,10749
6367,ダイキン,2018-03-23,10056
6367,ダイキン,2018-03-30,10552
6367,ダイキン,2018-04-06,10638
6367,ダイキン,2018-04-13,11285
6367,ダイキン,2018-04-20,11559
6367,ダイキン,2018-04-27,11514
6367,ダイキン,2018-05-04,11496
6367,ダイキン,2018-05-11,12112
6367,ダイキン,2018-05-18,11753
6367,ダイキン,2018-05-25,11366
6367,ダイキン,2018-06-01,11438
6367,ダイキン,2018-06-08,11982
6367,ダイキン,2018-06-15,11955
6367,ダイキン,2018-06-22,12207
6367,ダイキン,2018-06-29,11932
6367,ダイキン,2018-07-06,11339
6367,ダイキン,2018-07-13,11568
6367,ダイキン,2018-07-20,11914
6367,ダイキン,2018-07-27,12063
6367,ダイキン,2018-08-03,11726
6367,ダイキン,2018-08-10,11815
6367,ダイキン,2018-08-17,12117
6367,ダイキン,2018-08-24,12355
6367,ダイキン,2018-08-31,12742
6367,ダイキン,2018-09-07,12422
6367,ダイキン,2018-09-14,13474
6367,ダイキン,2018-09-21,13650
6367,ダイキン,2018-09-28,13663
6367,ダイキン,2018-10-05,13469
6367,ダイキン,2018-10-12,12809
6367,ダイキン,2018-10-19,12366
6367,ダイキン,2018-10-26,11413
6367,ダイキン,2018-11-02,12068
6367,ダイキン,2018-11-09,11499
6367,ダイキン,2018-11-16,10582
6367,ダイキン,2018-11-23,10469
6367,ダイキン,2018-11-30,11391
6367,ダイキン,2018-12-07,11084
6367,ダイキン,2018-12-14,11197
6367,ダイキン,2018-12-21,11034
6367,ダイキン,2018-12-28,10564
6367,ダイキン,2018-12-31,10564
6367,ダイキン,2019-01-04,10158
6367,ダイキン,2019-01-11,10975
6367,ダイキン,2019-01-18,11007
6367,ダイキン,2019-01-25,10817
6367,ダイキン,2019-02-01,10492
6367,ダイキン,2019-02-08,10311
6367,ダイキン,2019-02-15,10808
6367,ダイキン,2019-02-22,10953
6367,ダイキン,2019-03-01,11179
6367,ダイキン,2019-03-08,11183
6367,ダイキン,2019-03-15,11133
6367,ダイキン,2019-03-22,11472
6367,ダイキン,2019-03-29,11799
6367,ダイキン,2019-04-05,11909
6367,ダイキン,2019-04-12,12068
6367,ダイキン,2019-04-19,12254
6367,ダイキン,2019-04-26,12827
6367,ダイキン,2019-05-10,12395
6367,ダイキン,2019-05-17,12482
6367,ダイキン,2019-05-24,12600
6367,ダイキン,2019-05-31,12036
6367,ダイキン,2019-06-07,12300
6367,ダイキン,2019-06-14,12568
6367,ダイキン,2019-06-21,12646
6367,ダイキン,2019-06-28,12796
6367,ダイキン,2019-07-05,13396
6367,ダイキン,2019-07-12,12864
6367,ダイキン,2019-07-19,12859
6367,ダイキン,2019-07-26,12577
6367,ダイキン,2019-08-02,12250
6367,ダイキン,2019-08-09,12373
6367,ダイキン,2019-08-16,12136
6367,ダイキン,2019-08-23,12222
6367,ダイキン,2019-08-30,11968
6367,ダイキン,2019-09-06,12805
6367,ダイキン,2019-09-13,13037
6367,ダイキン,2019-09-20,13082
6367,ダイキン,2019-09-27,12969
6367,ダイキン,2019-10-04,12827
6367,ダイキン,2019-10-11,12923
6367,ダイキン,2019-10-18,13330
6367,ダイキン,2019-10-25,13755
6367,ダイキン,2019-11-01,13879
6367,ダイキン,2019-11-08,13938
6367,ダイキン,2019-11-15,14126
6367,ダイキン,2019-11-22,14318
6367,ダイキン,2019-11-29,14405
6367,ダイキン,2019-12-06,14346
6367,ダイキン,2019-12-13,14844
6367,ダイキン,2019-12-20,14153
6367,ダイキン,2019-12-27,14250
6367,ダイキン,2019-12-30,14135
6367,ダイキン,2020-01-06,13820
6367,ダイキン,2020-01-10,14185
6367,ダイキン,2020-01-17,14300
6367,ダイキン,2020-01-24,14666
6367,ダイキン,2020-01-31,14304
6367,ダイキン,2020-02-07,14954
6367,ダイキン,2020-02-14,13833
6367,ダイキン,2020-02-21,14140
6367,ダイキン,2020-02-28,13472
6367,ダイキン,2020-03-06,12781
6367,ダイキン,2020-03-13,10851
6367,ダイキン,2020-03-19,12150
6367,ダイキン,2020-03-27,12621
6367,ダイキン,2020-04-03,11871
6367,ダイキン,2020-04-10,12805
6367,ダイキン,2020-04-17,12566
6367,ダイキン,2020-04-24,12142
6367,ダイキン,2020-05-01,12446
6367,ダイキン,2020-05-08,12966
6367,ダイキン,2020-05-15,13274
6367,ダイキン,2020-05-22,13619
6367,ダイキン,2020-05-29,14586
6367,ダイキン,2020-06-05,15570
6367,ダイキン,2020-06-12,15106
6367,ダイキン,2020-06-19,15248
6367,ダイキン,2020-06-26,15805
6367,ダイキン,2020-07-03,16297
6367,ダイキン,2020-07-10,16946
6367,ダイキン,2020-07-17,17517
6367,ダイキン,2020-07-22,17802
6367,ダイキン,2020-07-31,16978
6367,ダイキン,2020-08-07,17521
6367,ダイキン,2020-08-14,18340
6367,ダイキン,2020-08-21,17917
6367,ダイキン,2020-08-28,18188
6367,ダイキン,2020-09-04,18460
6367,ダイキン,2020-09-11,17770
6367,ダイキン,2020-09-18,17738
6367,ダイキン,2020-09-25,17926
6367,ダイキン,2020-10-02,17376
6367,ダイキン,2020-10-09,17731
6367,ダイキン,2020-10-16,17792
6367,ダイキン,2020-10-23,18244
6367,ダイキン,2020-10-30,17999
6367,ダイキン,2020-11-06,20591
6367,ダイキン,2020-11-13,21686
6367,ダイキン,2020-11-20,21451
6367,ダイキン,2020-11-27,22019
6367,ダイキン,2020-12-04,21566
6367,ダイキン,2020-12-11,20771
6367,ダイキン,2020-12-18,19917
6367,ダイキン,2020-12-25,20744
6367,ダイキン,2020-12-30,21178
6367,ダイキン,2021-01-04,21261
6367,ダイキン,2021-01-08,21640
6367,ダイキン,2021-01-15,21460
6367,ダイキン,2021-01-22,21377
6367,ダイキン,2021-01-29,20425
6367,ダイキン,2021-02-05,20688
6367,ダイキン,2021-02-12,21289
6367,ダイキン,2021-02-19,21192
6367,ダイキン,2021-02-26,19145
6367,ダイキン,2021-03-05,20157
6367,ダイキン,2021-03-12,21229
6367,ダイキン,2021-03-19,21390
6367,ダイキン,2021-03-26,20171
6367,ダイキン,2021-04-02,21277
6367,ダイキン,2021-04-09,21119
6367,ダイキン,2021-04-16,21017
6367,ダイキン,2021-04-23,20350
6367,ダイキン,2021-04-30,20336
6367,ダイキン,2021-05-07,20948
6367,ダイキン,2021-05-14,19756
6367,ダイキン,2021-05-21,19288
6367,ダイキン,2021-05-28,20479
6367,ダイキン,2021-06-04,19705
6367,ダイキン,2021-06-11,18694
6367,ダイキン,2021-06-18,19292
6367,ダイキン,2021-06-25,19478
6367,ダイキン,2021-07-02,19445
6367,ダイキン,2021-07-09,19751
6367,ダイキン,2021-07-16,20470
6367,ダイキン,2021-07-21,20507
6367,ダイキン,2021-07-30,21017
6367,ダイキン,2021-08-06,23080
6367,ダイキン,2021-08-13,24110
6367,ダイキン,2021-08-20,23683
6367,ダイキン,2021-08-27,24587
6367,ダイキン,2021-09-03,26368
6367,ダイキン,2021-09-10,27035
6367,ダイキン,2021-09-17,25964
6367,ダイキン,2021-09-24,24244
6367,ダイキン,2021-10-01,21846
6367,ダイキン,2021-10-08,22297
6367,ダイキン,2021-10-15,23795
6367,ダイキン,2021-10-22,23805
6367,ダイキン,2021-10-29,23163
6367,ダイキン,2021-11-05,23525
6367,ダイキン,2021-11-12,23656
6367,ダイキン,2021-11-19,23232
6367,ダイキン,2021-11-26,22311
6367,ダイキン,2021-12-03,23553
6367,ダイキン,2021-12-10,24633
6367,ダイキン,2021-12-17,24475
6367,ダイキン,2021-12-24,24047
6367,ダイキン,2021-12-30,24279
6367,ダイキン,2022-01-04,24484
6367,ダイキン,2022-01-07,24014
6367,ダイキン,2022-01-14,23544
6367,ダイキン,2022-01-21,23046
6367,ダイキン,2022-01-28,22255
6367,ダイキン,2022-02-04,21166
6367,ダイキン,2022-02-10,20892
6367,ダイキン,2022-02-18,20236
6367,ダイキン,2022-02-25,19463
6367,ダイキン,2022-03-04,19245
6367,ダイキン,2022-03-11,19175
6367,ダイキン,2022-03-18,20808
6367,ダイキン,2022-03-25,21450
6367,ダイキン,2022-04-01,20914
6367,ダイキン,2022-04-08,19488
6367,ダイキン,2022-04-15,19151
6367,ダイキン,2022-04-22,19202
6367,ダイキン,2022-04-28,18744
6367,ダイキン,2022-05-06,18445
6367,ダイキン,2022-05-13,19146
6367,ダイキン,2022-05-20,18445
6367,ダイキン,2022-05-27,18118
6367,ダイキン,2022-06-03,19740
6367,ダイキン,2022-06-10,20166
6367,ダイキン,2022-06-17,18482
6367,ダイキン,2022-06-24,19937
6367,ダイキン,2022-07-01,20254
6367,ダイキン,2022-07-08,20610
6367,ダイキン,2022-07-15,20535
6367,ダイキン,2022-07-22,22265
6367,ダイキン,2022-07-29,21741
6367,ダイキン,2022-08-05,22452
6367,ダイキン,2022-08-12,23130
6367,ダイキン,2022-08-19,23887
6367,ダイキン,2022-08-26,23705
6367,ダイキン,2022-09-02,22597
6367,ダイキン,2022-09-09,23167
6367,ダイキン,2022-09-16,22531
6367,ダイキン,2022-09-22,21405
6367,ダイキン,2022-09-30,20941
6367,ダイキン,2022-10-07,21815
6367,ダイキン,2022-10-14,21073
6367,ダイキン,2022-10-21,20350
6367,ダイキン,2022-10-28,20556
6367,ダイキン,2022-11-04,21082
6367,ダイキン,2022-11-11,21843
6367,ダイキン,2022-11-18,21162
6367,ダイキン,2022-11-25,21430
6367,ダイキン,2022-12-02,21040
6367,ダイキン,2022-12-09,20664
6367,ダイキン,2022-12-16,20707
6367,ダイキン,2022-12-23,19204
6367,ダイキン,2022-12-30,18974
6367,ダイキン,2023-01-04,18715
6367,ダイキン,2023-01-06,19021
6367,ダイキン,2023-01-13,19983
6367,ダイキン,2023-01-20,20448
6367,ダイキン,2023-01-27,21190
6367,ダイキン,2023-02-03,21481
6367,ダイキン,2023-02-10,21829
6367,ダイキン,2023-02-17,21683
6367,ダイキン,2023-02-24,21946
6367,ダイキン,2023-03-03,21975
6367,ダイキン,2023-03-10,22177
6367,ダイキン,2023-03-17,21233
6367,ダイキン,2023-03-24,21557
6367,ダイキン,2023-03-31,22352
6367,ダイキン,2023-04-07,20926
6367,ダイキン,2023-04-14,21639
6367,ダイキン,2023-04-21,22116
6367,ダイキン,2023-04-28,23264
6367,ダイキン,2023-05-02,23916
6367,ダイキン,2023-05-12,24148
6367,ダイキン,2023-05-19,25863
6367,ダイキン,2023-05-26,25329
6367,ダイキン,2023-06-02,26694
6367,ダイキン,2023-06-09,27294
6367,ダイキン,2023-06-16,27979
6367,ダイキン,2023-06-23,27039
6367,ダイキン,2023-06-30,27653
6367,ダイキン,2023-07-07,27507
6367,ダイキン,2023-07-14,26931
6367,ダイキン,2023-07-21,26902
6367,ダイキン,2023-07-28,26987
6367,ダイキン,2023-08-04,26236
6367,ダイキン,2023-08-10,23973
6367,ダイキン,2023-08-18,22584
6367,ダイキン,2023-08-25,22527
6367,ダイキン,2023-09-01,24167
6367,ダイキン,2023-09-08,23760
6367,ダイキン,2023-09-15,23647
6367,ダイキン,2023-09-22,22948
6367,ダイキン,2023-09-29,22295
6367,ダイキン,2023-10-06,21868
6367,ダイキン,2023-10-13,21963
6367,ダイキン,2023-10-20,20909
6367,ダイキン,2023-10-27,20372
6367,ダイキン,2023-11-02,21269
6367,ダイキン,2023-11-10,21972
6367,ダイキン,2023-11-17,22552
6367,ダイキン,2023-11-24,21934
6367,ダイキン,2023-12-01,20852
6367,ダイキン,2023-12-08,19973
6367,ダイキン,2023-12-15,21212
6367,ダイキン,2023-12-22,21222
6367,ダイキン,2023-12-29,21830
6367,ダイキン,2024-01-04,21844
6367,ダイキン,2024-01-05,21607
6367,ダイキン,2024-01-12,23354
6367,ダイキン,2024-01-19,23012
6367,ダイキン,2024-01-26,22713
6367,ダイキン,2024-02-02,22324
6367,ダイキン,2024-02-09,20348
6367,ダイキン,2024-02-16,20514
6367,ダイキン,2024-02-22,20234
6367,ダイキン,2024-03-01,20301
6367,ダイキン,2024-03-08,19441
6367,ダイキン,2024-03-15,18947
6367,ダイキン,2024-03-22,19622
6367,ダイキン,2024-03-29,19697
6367,ダイキン,2024-04-05,19272
6367,ダイキン,2024-04-12,19339
6367,ダイキン,2024-04-19,18364
6367,ダイキン,2024-04-26,20223
6367,ダイキン,2024-05-02,21112
6367,ダイキン,2024-05-10,23592
6367,ダイキン,2024-05-17,23993
6367,ダイキン,2024-05-24,22880
6367,ダイキン,2024-05-31,21929
6367,ダイキン,2024-06-07,21475
6367,ダイキン,2024-06-14,22268
6367,ダイキン,2024-06-21,22149
6367,ダイキン,2024-06-28,21379
6367,ダイキン,2024-07-05,21929
6367,ダイキン,2024-07-12,22168
6367,ダイキン,2024-07-19,21704
6367,ダイキン,2024-07-26,20930
6367,ダイキン,2024-08-02,18985
6367,ダイキン,2024-08-09,16180
6367,ダイキン,2024-08-16,17150
6367,ダイキン,2024-08-23,17298
6367,ダイキン,2024-08-30,17690
6367,ダイキン,2024-09-06,16539
6367,ダイキン,2024-09-13,16510
6367,ダイキン,2024-09-20,17165
6367,ダイキン,2024-09-27,19830
6367,ダイキン,2024-10-04,19337
6367,ダイキン,2024-10-11,18749
6367,ダイキン,2024-10-18,18107
6367,ダイキン,2024-10-25,17350
6367,ダイキン,2024-11-01,17755
6367,ダイキン,2024-11-08,18845
6367,ダイキン,2024-11-15,18049
6367,ダイキン,2024-11-22,17654
6367,ダイキン,2024-11-29,17461
6367,ダイキン,2024-12-06,17572
6367,ダイキン,2024-12-13,17330
6367,ダイキン,2024-12-20,17041
6367,ダイキン,2024-12-27,17996
6367,ダイキン,2024-12-30,18006
6367,ダイキン,2025-01-06,18146
6367,ダイキン,2025-01-10,17741
6367,ダイキン,2025-01-17,17765
6367,ダイキン,2025-01-24,18223
6367,ダイキン,2025-01-31,17726
6367,ダイキン,2025-02-07,15786
6367,ダイキン,2025-02-14,15888
6367,ダイキン,2025-02-21,15410
6367,ダイキン,2025-02-28,15150
6367,ダイキン,2025-03-07,16375
6367,ダイキン,2025-03-14,16042
6367,ダイキン,2025-03-21,16505
6367,ダイキン,2025-03-28,16354
6367,ダイキン,2025-04-04,15571
6367,ダイキン,2025-04-11,15391
6367,ダイキン,2025-04-18,15829
6367,ダイキン,2025-04-25,15595
6367,ダイキン,2025-05-02,16797
6367,ダイキン,2025-05-09,15571
6367,ダイキン,2025-05-16,15600
6367,ダイキン,2025-05-23,15396
6367,ダイキン,2025-05-30,16140
6367,ダイキン,2025-06-06,15843
6367,ダイキン,2025-06-13,16140
6367,ダイキン,2025-06-20,15629
6367,ダイキン,2025-06-27,15907
6367,ダイキン,2025-07-04,17425
6367,ダイキン,2025-07-11,18583
6367,ダイキン,2025-07-18,17581
6367,ダイキン,2025-07-25,18661
6367,ダイキン,2025-08-01,18296
6367,ダイキン,2025-08-08,19512
6367,ダイキン,2025-08-15,19318
6367,ダイキン,2025-08-22,18958
6367,ダイキン,2025-08-29,18101
6367,ダイキン,2025-09-05,17926
6367,ダイキン,2025-09-12,17245
6367,ダイキン,2025-09-19,16914
6367,ダイキン,2025-09-26,16997
6367,ダイキン,2025-10-03,17149
6367,ダイキン,2025-10-10,17237
6367,ダイキン,2025-10-17,17517
6367,ダイキン,2025-10-24,18009
6367,ダイキン,2025-10-31,17660
6367,ダイキン,2025-11-07,19428
6367,ダイキン,2025-11-14,20234
6367,ダイキン,2025-11-21,19217
6367,ダイキン,2025-11-28,19929
6367,ダイキン,2025-12-05,19364
6367,ダイキン,2025-12-12,19649
6367,ダイキン,2025-12-19,19242
6367,ダイキン,2025-12-26,19944
6367,ダイキン,2025-12-30,19728
6367,ダイキン,2026-01-05,19895
6367,ダイキン,2026-01-09,18991
6367,ダイキン,2026-01-16,19674
6367,ダイキン,2026-01-23,19409
6367,ダイキン,2026-01-30,18259
6367,ダイキン,2026-02-06,17694
6367,ダイキン,2026-02-13,19030
6367,ダイキン,2026-02-20,19384
6367,ダイキン,2026-02-27,19566
6367,ダイキン,2026-03-06,19620
6367,ダイキン,2026-03-13,18721
6367,ダイキン,2026-03-19,19030
6367,ダイキン,2026-03-27,19094
6367,ダイキン,2026-04-03,19595
6367,ダイキン,2026-04-10,20457
6367,ダイキン,2026-04-17,21132
6367,ダイキン,2026-04-24,21379
6367,ダイキン,2026-05-01,22658
6367,ダイキン,2026-05-08,24339
6367,ダイキン,2026-05-15,25152
6367,ダイキン,2026-05-22,23858
6367,ダイキン,2026-05-29,23085
6367,ダイキン,2026-06-05,23496
6367,ダイキン,2026-06-12,22832
6367,ダイキン,2026-06-19,23684
6367,ダイキン,2026-06-26,23843
6367,ダイキン,2026-07-03,25474
6367,ダイキン,2026-07-10,24894
6367,ダイキン,2026-07-17,24289
6367,ダイキン,2026-07-24,23675
6367,ダイキン,2026-07-31,23095
6367,ダイキン,2026-08-07,22019
6367,ダイキン,2026-08-14,21072
6367,ダイキン,2026-08-21,20522
6367,ダイキン,2026-08-28,20715
6367,ダイキン,2026-09-04,20324
6367,ダイキン,2026-09-11,20601
6367,ダイキン,2026-09-18,20562
6367,ダイキン,2026-09-25,20681
6367,ダイキン,2026-09-30,20795
2502,アサヒ,2005-01-03,287
2502,アサヒ,2005-01-07,289
2502,アサヒ,2005-01-14,293
2502,アサヒ,2005-01-21,290
2502,アサヒ,2005-01-28,290
2502,アサヒ,2005-02-04,283
2502,アサヒ,2005-02-11,283
2502,アサヒ,2005-02-18,301
2502,アサヒ,2005-02-25,310
2502,アサヒ,2005-03-04,315
2502,アサヒ,2005-03-11,312
2502,アサヒ,2005-03-18,326
2502,アサヒ,2005-03-25,317
2502,アサヒ,2005-04-01,314
2502,アサヒ,2005-04-08,323
2502,アサヒ,2005-04-15,311
2502,アサヒ,2005-04-22,303
2502,アサヒ,2005-04-29,302
2502,アサヒ,2005-05-06,302
2502,アサヒ,2005-05-13,295
2502,アサヒ,2005-05-20,287
2502,アサヒ,2005-05-27,300
2502,アサヒ,2005-06-03,290
2502,アサヒ,2005-06-10,302
2502,アサヒ,2005-06-17,295
2502,アサヒ,2005-06-24,297
2502,アサヒ,2005-07-01,302
2502,アサヒ,2005-07-08,295
2502,アサヒ,2005-07-15,290
2502,アサヒ,2005-07-22,292
2502,アサヒ,2005-07-29,288
2502,アサヒ,2005-08-05,280
2502,アサヒ,2005-08-12,286
2502,アサヒ,2005-08-19,289
2502,アサヒ,2005-08-26,296
2502,アサヒ,2005-09-02,303
2502,アサヒ,2005-09-09,319
2502,アサヒ,2005-09-16,318
2502,アサヒ,2005-09-23,322
2502,アサヒ,2005-09-30,327
2502,アサヒ,2005-10-07,325
2502,アサヒ,2005-10-14,337
2502,アサヒ,2005-10-21,335
2502,アサヒ,2005-10-28,325
2502,アサヒ,2005-11-04,333
2502,アサヒ,2005-11-11,326
2502,アサヒ,2005-11-18,316
2502,アサヒ,2005-11-25,318
2502,アサヒ,2005-12-02,337
2502,アサヒ,2005-12-09,337
2502,アサヒ,2005-12-16,330
2502,アサヒ,2005-12-23,338
2502,アサヒ,2005-12-30,329
2502,アサヒ,2006-01-02,329
2502,アサヒ,2006-01-06,337
2502,アサヒ,2006-01-13,336
2502,アサヒ,2006-01-20,333
2502,アサヒ,2006-01-27,334
2502,アサヒ,2006-02-03,330
2502,アサヒ,2006-02-10,317
2502,アサヒ,2006-02-17,357
2502,アサヒ,2006-02-24,361
2502,アサヒ,2006-03-03,371
2502,アサヒ,2006-03-10,373
2502,アサヒ,2006-03-17,384
2502,アサヒ,2006-03-24,391
2502,アサヒ,2006-03-31,382
2502,アサヒ,2006-04-07,388
2502,アサヒ,2006-04-14,396
2502,アサヒ,2006-04-21,399
2502,アサヒ,2006-04-28,373
2502,アサヒ,2006-05-05,376
2502,アサヒ,2006-05-12,386
2502,アサヒ,2006-05-19,374
2502,アサヒ,2006-05-26,384
2502,アサヒ,2006-06-02,384
2502,アサヒ,2006-06-09,368
2502,アサヒ,2006-06-16,355
2502,アサヒ,2006-06-23,369
2502,アサヒ,2006-06-30,370
2502,アサヒ,2006-07-07,372
2502,アサヒ,2006-07-14,380
2502,アサヒ,2006-07-21,375
2502,アサヒ,2006-07-28,391
2502,アサヒ,2006-08-04,391
2502,アサヒ,2006-08-11,389
2502,アサヒ,2006-08-18,399
2502,アサヒ,2006-08-25,393
2502,アサヒ,2006-09-01,394
2502,アサヒ,2006-09-08,385
2502,アサヒ,2006-09-15,384
2502,アサヒ,2006-09-22,380
2502,アサヒ,2006-09-29,396
2502,アサヒ,2006-10-06,397
2502,アサヒ,2006-10-13,384
2502,アサヒ,2006-10-20,395
2502,アサヒ,2006-10-27,391
2502,アサヒ,2006-11-03,374
2502,アサヒ,2006-11-10,360
2502,アサヒ,2006-11-17,370
2502,アサヒ,2006-11-24,379
2502,アサヒ,2006-12-01,387
2502,アサヒ,2006-12-08,391
2502,アサヒ,2006-12-15,397
2502,アサヒ,2006-12-22,437
2502,アサヒ,2006-12-29,441
2502,アサヒ,2007-01-04,442
2502,アサヒ,2007-01-05,435
2502,アサヒ,2007-01-12,434
2502,アサヒ,2007-01-19,427
2502,アサヒ,2007-01-26,439
2502,アサヒ,2007-02-02,437
2502,アサヒ,2007-02-09,449
2502,アサヒ,2007-02-16,458
2502,アサヒ,2007-02-23,456
2502,アサヒ,2007-03-02,439
2502,アサヒ,2007-03-09,425
2502,アサヒ,2007-03-16,426
2502,アサヒ,2007-03-23,441
2502,アサヒ,2007-03-30,437
2502,アサヒ,2007-04-06,445
2502,アサヒ,2007-04-13,444
2502,アサヒ,2007-04-20,443
2502,アサヒ,2007-04-27,452
2502,アサヒ,2007-05-02,446
2502,アサヒ,2007-05-11,440
2502,アサヒ,2007-05-18,444
2502,アサヒ,2007-05-25,445
2502,アサヒ,2007-06-01,449
2502,アサヒ,2007-06-08,447
2502,アサヒ,2007-06-15,447
2502,アサヒ,2007-06-22,445
2502,アサヒ,2007-06-29,444
2502,アサヒ,2007-07-06,429
2502,アサヒ,2007-07-13,417
2502,アサヒ,2007-07-20,417
2502,アサヒ,2007-07-27,401
2502,アサヒ,2007-08-03,390
2502,アサヒ,2007-08-10,395
2502,アサヒ,2007-08-17,382
2502,アサヒ,2007-08-24,380
2502,アサヒ,2007-08-31,399
2502,アサヒ,2007-09-07,391
2502,アサヒ,2007-09-14,398
2502,アサヒ,2007-09-21,392
2502,アサヒ,2007-09-28,407
2502,アサヒ,2007-10-05,404
2502,アサヒ,2007-10-12,414
2502,アサヒ,2007-10-19,407
2502,アサヒ,2007-10-26,414
2502,アサヒ,2007-11-02,450
2502,アサヒ,2007-11-09,444
2502,アサヒ,2007-11-16,438
2502,アサヒ,2007-11-22,434
2502,アサヒ,2007-11-30,448
2502,アサヒ,2007-12-07,457
2502,アサヒ,2007-12-14,457
2502,アサヒ,2007-12-21,456
2502,アサヒ,2007-12-28,442
2502,アサヒ,2008-01-04,414
2502,アサヒ,2008-01-11,414
2502,アサヒ,2008-01-18,426
2502,アサヒ,2008-01-25,421
2502,アサヒ,2008-02-01,426
2502,アサヒ,2008-02-08,470
2502,アサヒ,2008-02-15,456
2502,アサヒ,2008-02-22,441
2502,アサヒ,2008-02-29,456
2502,アサヒ,2008-03-07,449
2502,アサヒ,2008-03-14,440
2502,アサヒ,2008-03-21,457
2502,アサヒ,2008-03-28,468
2502,アサヒ,2008-04-04,498
2502,アサヒ,2008-04-11,491
2502,アサヒ,2008-04-18,477
2502,アサヒ,2008-04-25,482
2502,アサヒ,2008-05-02,467
2502,アサヒ,2008-05-09,453
2502,アサヒ,2008-05-16,438
2502,アサヒ,2008-05-23,439
2502,アサヒ,2008-05-30,431
2502,アサヒ,2008-06-06,431
2502,アサヒ,2008-06-13,445
2502,アサヒ,2008-06-20,460
2502,アサヒ,2008-06-27,463
2502,アサヒ,2008-07-04,431
2502,アサヒ,2008-07-11,424
2502,アサヒ,2008-07-18,438
2502,アサヒ,2008-07-25,466
2502,アサヒ,2008-08-01,477
2502,アサヒ,2008-08-08,454
2502,アサヒ,2008-08-15,443
2502,アサヒ,2008-08-22,463
2502,アサヒ,2008-08-29,475
2502,アサヒ,2008-09-05,463
2502,アサヒ,2008-09-12,455
2502,アサヒ,2008-09-19,445
2502,アサヒ,2008-09-26,447
2502,アサヒ,2008-10-03,440
2502,アサヒ,2008-10-10,366
2502,アサヒ,2008-10-17,394
2502,アサヒ,2008-10-24,347
2502,アサヒ,2008-10-31,376
2502,アサヒ,2008-11-07,383
2502,アサヒ,2008-11-14,397
2502,アサヒ,2008-11-21,388
2502,アサヒ,2008-11-28,391
2502,アサヒ,2008-12-05,354
2502,アサヒ,2008-12-12,363
2502,アサヒ,2008-12-19,361
2502,アサヒ,2008-12-26,366
2502,アサヒ,2008-12-30,364
2502,アサヒ,2009-01-05,369
2502,アサヒ,2009-01-09,348
2502,アサヒ,2009-01-16,333
2502,アサヒ,2009-01-23,310
2502,アサヒ,2009-01-30,332
2502,アサヒ,2009-02-06,324
2502,アサヒ,2009-02-13,296
2502,アサヒ,2009-02-20,288
2502,アサヒ,2009-02-27,292
2502,アサヒ,2009-03-06,264
2502,アサヒ,2009-03-13,276
2502,アサヒ,2009-03-19,287
2502,アサヒ,2009-03-27,298
2502,アサヒ,2009-04-03,282
2502,アサヒ,2009-04-10,285
2502,アサヒ,2009-04-17,278
2502,アサヒ,2009-04-24,284
2502,アサヒ,2009-05-01,288
2502,アサヒ,2009-05-08,298
2502,アサヒ,2009-05-15,304
2502,アサヒ,2009-05-22,311
2502,アサヒ,2009-05-29,309
2502,アサヒ,2009-06-05,306
2502,アサヒ,2009-06-12,315
2502,アサヒ,2009-06-19,321
2502,アサヒ,2009-06-26,322
2502,アサヒ,2009-07-03,314
2502,アサヒ,2009-07-10,324
2502,アサヒ,2009-07-17,333
2502,アサヒ,2009-07-24,345
2502,アサヒ,2009-07-31,358
2502,アサヒ,2009-08-07,353
2502,アサヒ,2009-08-14,362
2502,アサヒ,2009-08-21,372
2502,アサヒ,2009-08-28,385
2502,アサヒ,2009-09-04,378
2502,アサヒ,2009-09-11,382
2502,アサヒ,2009-09-18,389
2502,アサヒ,2009-09-25,402
2502,アサヒ,2009-10-02,384
2502,アサヒ,2009-10-09,370
2502,アサヒ,2009-10-16,395
2502,アサヒ,2009-10-23,387
2502,アサヒ,2009-10-30,385
2502,アサヒ,2009-11-06,387
2502,アサヒ,2009-11-13,371
2502,アサヒ,2009-11-20,359
2502,アサヒ,2009-11-27,353
2502,アサヒ,2009-12-04,380
2502,アサヒ,2009-12-11,393
2502,アサヒ,2009-12-18,411
2502,アサヒ,2009-12-25,409
2502,アサヒ,2009-12-30,410
2502,アサヒ,2010-01-04,415
2502,アサヒ,2010-01-08,420
2502,アサヒ,2010-01-15,428
2502,アサヒ,2010-01-22,415
2502,アサヒ,2010-01-29,421
2502,アサヒ,2010-02-05,420
2502,アサヒ,2010-02-12,403
2502,アサヒ,2010-02-19,408
2502,アサヒ,2010-02-26,408
2502,アサヒ,2010-03-05,412
2502,アサヒ,2010-03-12,429
2502,アサヒ,2010-03-19,431
2502,アサヒ,2010-03-26,420
2502,アサヒ,2010-04-02,417
2502,アサヒ,2010-04-09,425
2502,アサヒ,2010-04-16,419
2502,アサヒ,2010-04-23,408
2502,アサヒ,2010-04-30,406
2502,アサヒ,2010-05-07,382
2502,アサヒ,2010-05-14,391
2502,アサヒ,2010-05-21,377
2502,アサヒ,2010-05-28,364
2502,アサヒ,2010-06-04,370
2502,アサヒ,2010-06-11,365
2502,アサヒ,2010-06-18,377
2502,アサヒ,2010-06-25,378
2502,アサヒ,2010-07-02,359
2502,アサヒ,2010-07-09,365
2502,アサヒ,2010-07-16,348
2502,アサヒ,2010-07-23,372
2502,アサヒ,2010-07-30,369
2502,アサヒ,2010-08-06,391
2502,アサヒ,2010-08-13,378
2502,アサヒ,2010-08-20,391
2502,アサヒ,2010-08-27,388
2502,アサヒ,2010-09-03,386
2502,アサヒ,2010-09-10,385
2502,アサヒ,2010-09-17,382
2502,アサヒ,2010-09-24,392
2502,アサヒ,2010-10-01,404
2502,アサヒ,2010-10-08,393
2502,アサヒ,2010-10-15,395
2502,アサヒ,2010-10-22,398
2502,アサヒ,2010-10-29,392
2502,アサヒ,2010-11-05,386
2502,アサヒ,2010-11-12,392
2502,アサヒ,2010-11-19,403
2502,アサヒ,2010-11-26,398
2502,アサヒ,2010-12-03,397
2502,アサヒ,2010-12-10,387
2502,アサヒ,2010-12-17,385
2502,アサヒ,2010-12-24,381
2502,アサヒ,2010-12-30,383
2502,アサヒ,2011-01-04,385
2502,アサヒ,2011-01-07,383
2502,アサヒ,2011-01-14,384
2502,アサヒ,2011-01-21,376
2502,アサヒ,2011-01-28,375
2502,アサヒ,2011-02-04,381
2502,アサヒ,2011-02-10,383
2502,アサヒ,2011-02-18,384
2502,アサヒ,2011-02-25,386
2502,アサヒ,2011-03-04,385
2502,アサヒ,2011-03-11,379
2502,アサヒ,2011-03-18,343
2502,アサヒ,2011-03-25,349
2502,アサヒ,2011-04-01,333
2502,アサヒ,2011-04-08,343
2502,アサヒ,2011-04-15,340
2502,アサヒ,2011-04-22,350
2502,アサヒ,2011-04-28,368
2502,アサヒ,2011-05-06,378
2502,アサヒ,2011-05-13,368
2502,アサヒ,2011-05-20,380
2502,アサヒ,2011-05-27,379
2502,アサヒ,2011-06-03,385
2502,アサヒ,2011-06-10,388
2502,アサヒ,2011-06-17,389
2502,アサヒ,2011-06-24,394
2502,アサヒ,2011-07-01,396
2502,アサヒ,2011-07-08,400
2502,アサヒ,2011-07-15,406
2502,アサヒ,2011-07-22,406
2502,アサヒ,2011-07-29,400
2502,アサヒ,2011-08-05,378
2502,アサヒ,2011-08-12,384
2502,アサヒ,2011-08-19,383
2502,アサヒ,2011-08-26,380
2502,アサヒ,2011-09-02,387
2502,アサヒ,2011-09-09,396
2502,アサヒ,2011-09-16,392
2502,アサヒ,2011-09-22,394
2502,アサヒ,2011-09-30,404
2502,アサヒ,2011-10-07,398
2502,アサヒ,2011-10-14,396
2502,アサヒ,2011-10-21,399
2502,アサヒ,2011-10-28,402
2502,アサヒ,2011-11-04,388
2502,アサヒ,2011-11-11,402
2502,アサヒ,2011-11-18,400
2502,アサヒ,2011-11-25,405
2502,アサヒ,2011-12-02,422
2502,アサヒ,2011-12-09,415
2502,アサヒ,2011-12-16,415
2502,アサヒ,2011-12-22,415
2502,アサヒ,2011-12-30,417
2502,アサヒ,2012-01-04,421
2502,アサヒ,2012-01-06,419
2502,アサヒ,2012-01-13,424
2502,アサヒ,2012-01-20,427
2502,アサヒ,2012-01-27,417
2502,アサヒ,2012-02-03,416
2502,アサヒ,2012-02-10,427
2502,アサヒ,2012-02-17,443
2502,アサヒ,2012-02-24,442
2502,アサヒ,2012-03-02,442
2502,アサヒ,2012-03-09,450
2502,アサヒ,2012-03-16,440
2502,アサヒ,2012-03-23,446
2502,アサヒ,2012-03-30,453
2502,アサヒ,2012-04-06,451
2502,アサヒ,2012-04-13,446
2502,アサヒ,2012-04-20,442
2502,アサヒ,2012-04-27,445
2502,アサヒ,2012-05-02,437
2502,アサヒ,2012-05-11,426
2502,アサヒ,2012-05-18,419
2502,アサヒ,2012-05-25,418
2502,アサヒ,2012-06-01,412
2502,アサヒ,2012-06-08,413
2502,アサヒ,2012-06-15,411
2502,アサヒ,2012-06-22,415
2502,アサヒ,2012-06-29,426
2502,アサヒ,2012-07-06,424
2502,アサヒ,2012-07-13,429
2502,アサヒ,2012-07-20,437
2502,アサヒ,2012-07-27,436
2502,アサヒ,2012-08-03,437
2502,アサヒ,2012-08-10,453
2502,アサヒ,2012-08-17,462
2502,アサヒ,2012-08-24,467
2502,アサヒ,2012-08-31,472
2502,アサヒ,2012-09-07,466
2502,アサヒ,2012-09-14,457
2502,アサヒ,2012-09-21,465
2502,アサヒ,2012-09-28,479
2502,アサヒ,2012-10-05,480
2502,アサヒ,2012-10-12,474
2502,アサヒ,2012-10-19,472
2502,アサヒ,2012-10-26,468
2502,アサヒ,2012-11-02,452
2502,アサヒ,2012-11-09,449
2502,アサヒ,2012-11-16,437
2502,アサヒ,2012-11-22,449
2502,アサヒ,2012-11-30,461
2502,アサヒ,2012-12-07,474
2502,アサヒ,2012-12-14,458
2502,アサヒ,2012-12-21,465
2502,アサヒ,2012-12-28,461
2502,アサヒ,2013-01-04,465
2502,アサヒ,2013-01-11,462
2502,アサヒ,2013-01-18,477
2502,アサヒ,2013-01-25,482
2502,アサヒ,2013-02-01,493
2502,アサヒ,2013-02-08,498
2502,アサヒ,2013-02-15,535
2502,アサヒ,2013-02-22,578
2502,アサヒ,2013-03-01,575
2502,アサヒ,2013-03-08,573
2502,アサヒ,2013-03-15,570
2502,アサヒ,2013-03-22,550
2502,アサヒ,2013-03-29,564
2502,アサヒ,2013-04-05,577
2502,アサヒ,2013-04-12,584
2502,アサヒ,2013-04-19,574
2502,アサヒ,2013-04-26,599
2502,アサヒ,2013-05-02,600
2502,アサヒ,2013-05-10,682
2502,アサヒ,2013-05-17,675
2502,アサヒ,2013-05-24,647
2502,アサヒ,2013-05-31,613
2502,アサヒ,2013-06-07,597
2502,アサヒ,2013-06-14,593
2502,アサヒ,2013-06-21,611
2502,アサヒ,2013-06-28,623
2502,アサヒ,2013-07-05,647
2502,アサヒ,2013-07-12,702
2502,アサヒ,2013-07-19,692
2502,アサヒ,2013-07-26,656
2502,アサヒ,2013-08-02,675
2502,アサヒ,2013-08-09,643
2502,アサヒ,2013-08-16,639
2502,アサヒ,2013-08-23,646
2502,アサヒ,2013-08-30,619
2502,アサヒ,2013-09-06,631
2502,アサヒ,2013-09-13,635
2502,アサヒ,2013-09-20,639
2502,アサヒ,2013-09-27,657
2502,アサヒ,2013-10-04,679
2502,アサヒ,2013-10-11,700
2502,アサヒ,2013-10-18,720
2502,アサヒ,2013-10-25,668
2502,アサヒ,2013-11-01,675
2502,アサヒ,2013-11-08,683
2502,アサヒ,2013-11-15,702
2502,アサヒ,2013-11-22,697
2502,アサヒ,2013-11-29,710
2502,アサヒ,2013-12-06,715
2502,アサヒ,2013-12-13,748
2502,アサヒ,2013-12-20,750
2502,アサヒ,2013-12-27,751
2502,アサヒ,2013-12-30,756
2502,アサヒ,2014-01-06,747
2502,アサヒ,2014-01-10,724
2502,アサヒ,2014-01-17,725
2502,アサヒ,2014-01-24,710
2502,アサヒ,2014-01-31,717
2502,アサヒ,2014-02-07,694
2502,アサヒ,2014-02-14,669
2502,アサヒ,2014-02-21,680
2502,アサヒ,2014-02-28,727
2502,アサヒ,2014-03-07,718
2502,アサヒ,2014-03-14,686
2502,アサヒ,2014-03-20,687
2502,アサヒ,2014-03-28,730
2502,アサヒ,2014-04-04,747
2502,アサヒ,2014-04-11,708
2502,アサヒ,2014-04-18,743
2502,アサヒ,2014-04-25,708
2502,アサヒ,2014-05-02,719
2502,アサヒ,2014-05-09,726
2502,アサヒ,2014-05-16,731
2502,アサヒ,2014-05-23,741
2502,アサヒ,2014-05-30,732
2502,アサヒ,2014-06-06,785
2502,アサヒ,2014-06-13,790
2502,アサヒ,2014-06-20,798
2502,アサヒ,2014-06-27,805
2502,アサヒ,2014-07-04,830
2502,アサヒ,2014-07-11,836
2502,アサヒ,2014-07-18,808
2502,アサヒ,2014-07-25,814
2502,アサヒ,2014-08-01,811
2502,アサヒ,2014-08-08,780
2502,アサヒ,2014-08-15,824
2502,アサヒ,2014-08-22,853
2502,アサヒ,2014-08-29,843
2502,アサヒ,2014-09-05,867
2502,アサヒ,2014-09-12,833
2502,アサヒ,2014-09-19,818
2502,アサヒ,2014-09-26,815
2502,アサヒ,2014-10-03,819
2502,アサヒ,2014-10-10,816
2502,アサヒ,2014-10-17,779
2502,アサヒ,2014-10-24,826
2502,アサヒ,2014-10-31,880
2502,アサヒ,2014-11-07,892
2502,アサヒ,2014-11-14,893
2502,アサヒ,2014-11-21,938
2502,アサヒ,2014-11-28,951
2502,アサヒ,2014-12-05,979
2502,アサヒ,2014-12-12,942
2502,アサヒ,2014-12-19,990
2502,アサヒ,2014-12-26,984
2502,アサヒ,2014-12-30,968
2502,アサヒ,2015-01-05,952
2502,アサヒ,2015-01-09,934
2502,アサヒ,2015-01-16,933
2502,アサヒ,2015-01-23,977
2502,アサヒ,2015-01-30,1005
2502,アサヒ,2015-02-06,962
2502,アサヒ,2015-02-13,960
2502,アサヒ,2015-02-20,969
2502,アサヒ,2015-02-27,955
2502,アサヒ,2015-03-06,970
2502,アサヒ,2015-03-13,958
2502,アサヒ,2015-03-20,981
2502,アサヒ,2015-03-27,1013
2502,アサヒ,2015-04-03,1008
2502,アサヒ,2015-04-10,1069
2502,アサヒ,2015-04-17,1045
2502,アサヒ,2015-04-24,1041
2502,アサヒ,2015-05-01,1004
2502,アサヒ,2015-05-08,1011
2502,アサヒ,2015-05-15,1045
2502,アサヒ,2015-05-22,1061
2502,アサヒ,2015-05-29,1029
2502,アサヒ,2015-06-05,1031
2502,アサヒ,2015-06-12,1065
2502,アサヒ,2015-06-19,1038
2502,アサヒ,2015-06-26,1040
2502,アサヒ,2015-07-03,986
2502,アサヒ,2015-07-10,971
2502,アサヒ,2015-07-17,1038
2502,アサヒ,2015-07-24,1050
2502,アサヒ,2015-07-31,1080
2502,アサヒ,2015-08-07,1120
2502,アサヒ,2015-08-14,1129
2502,アサヒ,2015-08-21,1049
2502,アサヒ,2015-08-28,1019
2502,アサヒ,2015-09-04,959
2502,アサヒ,2015-09-11,928
2502,アサヒ,2015-09-18,990
2502,アサヒ,2015-09-25,1011
2502,アサヒ,2015-10-02,973
2502,アサヒ,2015-10-09,973
2502,アサヒ,2015-10-16,972
2502,アサヒ,2015-10-23,994
2502,アサヒ,2015-10-30,974
2502,アサヒ,2015-11-06,998
2502,アサヒ,2015-11-13,999
2502,アサヒ,2015-11-20,1012
2502,アサヒ,2015-11-27,1009
2502,アサヒ,2015-12-04,1021
2502,アサヒ,2015-12-11,1025
2502,アサヒ,2015-12-18,1005
2502,アサヒ,2015-12-25,997
2502,アサヒ,2015-12-30,994
2502,アサヒ,2016-01-04,968
2502,アサヒ,2016-01-08,986
2502,アサヒ,2016-01-15,940
2502,アサヒ,2016-01-22,907
2502,アサヒ,2016-01-29,1004
2502,アサヒ,2016-02-05,981
2502,アサヒ,2016-02-12,871
2502,アサヒ,2016-02-19,879
2502,アサヒ,2016-02-26,892
2502,アサヒ,2016-03-04,903
2502,アサヒ,2016-03-11,888
2502,アサヒ,2016-03-18,865
2502,アサヒ,2016-03-25,896
2502,アサヒ,2016-04-01,878
2502,アサヒ,2016-04-08,886
2502,アサヒ,2016-04-15,927
2502,アサヒ,2016-04-22,965
2502,アサヒ,2016-04-28,918
2502,アサヒ,2016-05-06,922
2502,アサヒ,2016-05-13,929
2502,アサヒ,2016-05-20,945
2502,アサヒ,2016-05-27,970
2502,アサヒ,2016-06-03,956
2502,アサヒ,2016-06-10,938
2502,アサヒ,2016-06-17,873
2502,アサヒ,2016-06-24,828
2502,アサヒ,2016-07-01,883
2502,アサヒ,2016-07-08,888
2502,アサヒ,2016-07-15,898
2502,アサヒ,2016-07-22,912
2502,アサヒ,2016-07-29,922
2502,アサヒ,2016-08-05,876
2502,アサヒ,2016-08-12,912
2502,アサヒ,2016-08-19,864
2502,アサヒ,2016-08-26,874
2502,アサヒ,2016-09-02,923
2502,アサヒ,2016-09-09,939
2502,アサヒ,2016-09-16,942
2502,アサヒ,2016-09-23,975
2502,アサヒ,2016-09-30,967
2502,アサヒ,2016-10-07,977
2502,アサヒ,2016-10-14,950
2502,アサヒ,2016-10-21,959
2502,アサヒ,2016-10-28,970
2502,アサヒ,2016-11-04,962
2502,アサヒ,2016-11-11,942
2502,アサヒ,2016-11-18,957
2502,アサヒ,2016-11-25,977
2502,アサヒ,2016-12-02,957
2502,アサヒ,2016-12-09,948
2502,アサヒ,2016-12-16,922
2502,アサヒ,2016-12-22,968
2502,アサヒ,2016-12-30,981
2502,アサヒ,2017-01-04,989
2502,アサヒ,2017-01-06,994
2502,アサヒ,2017-01-13,1000
2502,アサヒ,2017-01-20,987
2502,アサヒ,2017-01-27,1039
2502,アサヒ,2017-02-03,1064
2502,アサヒ,2017-02-10,1065
2502,アサヒ,2017-02-17,1097
2502,アサヒ,2017-02-24,1073
2502,アサヒ,2017-03-03,1072
2502,アサヒ,2017-03-10,1099
2502,アサヒ,2017-03-17,1100
2502,アサヒ,2017-03-24,1134
2502,アサヒ,2017-03-31,1118
2502,アサヒ,2017-04-07,1144
2502,アサヒ,2017-04-14,1139
2502,アサヒ,2017-04-21,1109
2502,アサヒ,2017-04-28,1117
2502,アサヒ,2017-05-02,1121
2502,アサヒ,2017-05-12,1169
2502,アサヒ,2017-05-19,1187
2502,アサヒ,2017-05-26,1178
2502,アサヒ,2017-06-02,1187
2502,アサヒ,2017-06-09,1166
2502,アサヒ,2017-06-16,1162
2502,アサヒ,2017-06-23,1138
2502,アサヒ,2017-06-30,1132
2502,アサヒ,2017-07-07,1165
2502,アサヒ,2017-07-14,1171
2502,アサヒ,2017-07-21,1190
2502,アサヒ,2017-07-28,1206
2502,アサヒ,2017-08-04,1240
2502,アサヒ,2017-08-11,1244
2502,アサヒ,2017-08-18,1251
2502,アサヒ,2017-08-25,1232
2502,アサヒ,2017-09-01,1272
2502,アサヒ,2017-09-08,1234
2502,アサヒ,2017-09-15,1220
2502,アサヒ,2017-09-22,1230
2502,アサヒ,2017-09-29,1219
2502,アサヒ,2017-10-06,1314
2502,アサヒ,2017-10-13,1339
2502,アサヒ,2017-10-20,1345
2502,アサヒ,2017-10-27,1376
2502,アサヒ,2017-11-03,1401
2502,アサヒ,2017-11-10,1432
2502,アサヒ,2017-11-17,1467
2502,アサヒ,2017-11-24,1498
2502,アサヒ,2017-12-01,1513
2502,アサヒ,2017-12-08,1532
2502,アサヒ,2017-12-15,1528
2502,アサヒ,2017-12-22,1539
2502,アサヒ,2017-12-29,1508
2502,アサヒ,2018-01-01,1508
2502,アサヒ,2018-01-05,1608
2502,アサヒ,2018-01-12,1516
2502,アサヒ,2018-01-19,1543
2502,アサヒ,2018-01-26,1555
2502,アサヒ,2018-02-02,1541
2502,アサヒ,2018-02-09,1463
2502,アサヒ,2018-02-16,1535
2502,アサヒ,2018-02-23,1484
2502,アサヒ,2018-03-02,1467
2502,アサヒ,2018-03-09,1510
2502,アサヒ,2018-03-16,1524
2502,アサヒ,2018-03-23,1455
2502,アサヒ,2018-03-30,1529
2502,アサヒ,2018-04-06,1552
2502,アサヒ,2018-04-13,1495
2502,アサヒ,2018-04-20,1478
2502,アサヒ,2018-04-27,1493
2502,アサヒ,2018-05-04,1507
2502,アサヒ,2018-05-11,1630
2502,アサヒ,2018-05-18,1567
2502,アサヒ,2018-05-25,1518
2502,アサヒ,2018-06-01,1511
2502,アサヒ,2018-06-08,1496
2502,アサヒ,2018-06-15,1538
2502,アサヒ,2018-06-22,1525
2502,アサヒ,2018-06-29,1542
2502,アサヒ,2018-07-06,1513
2502,アサヒ,2018-07-13,1543
2502,アサヒ,2018-07-20,1526
2502,アサヒ,2018-07-27,1514
2502,アサヒ,2018-08-03,1383
2502,アサヒ,2018-08-10,1346
2502,アサヒ,2018-08-17,1334
2502,アサヒ,2018-08-24,1351
2502,アサヒ,2018-08-31,1365
2502,アサヒ,2018-09-07,1301
2502,アサヒ,2018-09-14,1333
2502,アサヒ,2018-09-21,1355
2502,アサヒ,2018-09-28,1339
2502,アサヒ,2018-10-05,1334
2502,アサヒ,2018-10-12,1305
2502,アサヒ,2018-10-19,1308
2502,アサヒ,2018-10-26,1301
2502,アサヒ,2018-11-02,1345
2502,アサヒ,2018-11-09,1381
2502,アサヒ,2018-11-16,1367
2502,アサヒ,2018-11-23,1314
2502,アサヒ,2018-11-30,1293
2502,アサヒ,2018-12-07,1249
2502,アサヒ,2018-12-14,1222
2502,アサヒ,2018-12-21,1194
2502,アサヒ,2018-12-28,1176
2502,アサヒ,2018-12-31,1176
2502,アサヒ,2019-01-04,1173
2502,アサヒ,2019-01-11,1201
2502,アサヒ,2019-01-18,1214
2502,アサヒ,2019-01-25,1198
2502,アサヒ,2019-02-01,1256
2502,アサヒ,2019-02-08,1260
2502,アサヒ,2019-02-15,1306
2502,アサヒ,2019-02-22,1328
2502,アサヒ,2019-03-01,1338
2502,アサヒ,2019-03-08,1271
2502,アサヒ,2019-03-15,1291
2502,アサヒ,2019-03-22,1336
2502,アサヒ,2019-03-29,1358
2502,アサヒ,2019-04-05,1308
2502,アサヒ,2019-04-12,1325
2502,アサヒ,2019-04-19,1333
2502,アサヒ,2019-04-26,1330
2502,アサヒ,2019-05-10,1275
2502,アサヒ,2019-05-17,1301
2502,アサヒ,2019-05-24,1361
2502,アサヒ,2019-05-31,1316
2502,アサヒ,2019-06-07,1336
2502,アサヒ,2019-06-14,1357
2502,アサヒ,2019-06-21,1363
2502,アサヒ,2019-06-28,1349
2502,アサヒ,2019-07-05,1337
2502,アサヒ,2019-07-12,1414
2502,アサヒ,2019-07-19,1403
2502,アサヒ,2019-07-26,1289
2502,アサヒ,2019-08-02,1331
2502,アサヒ,2019-08-09,1355
2502,アサヒ,2019-08-16,1341
2502,アサヒ,2019-08-23,1388
2502,アサヒ,2019-08-30,1380
2502,アサヒ,2019-09-06,1415
2502,アサヒ,2019-09-13,1469
2502,アサヒ,2019-09-20,1478
2502,アサヒ,2019-09-27,1501
2502,アサヒ,2019-10-04,1507
2502,アサヒ,2019-10-11,1526
2502,アサヒ,2019-10-18,1473
2502,アサヒ,2019-10-25,1514
2502,アサヒ,2019-11-01,1511
2502,アサヒ,2019-11-08,1445
2502,アサヒ,2019-11-15,1474
2502,アサヒ,2019-11-22,1483
2502,アサヒ,2019-11-29,1466
2502,アサヒ,2019-12-06,1438
2502,アサヒ,2019-12-13,1443
2502,アサヒ,2019-12-20,1428
2502,アサヒ,2019-12-27,1413
2502,アサヒ,2019-12-30,1401
2502,アサヒ,2020-01-06,1365
2502,アサヒ,2020-01-10,1393
2502,アサヒ,2020-01-17,1407
2502,アサヒ,2020-01-24,1436
2502,アサヒ,2020-01-31,1430
2502,アサヒ,2020-02-07,1437
2502,アサヒ,2020-02-14,1409
2502,アサヒ,2020-02-21,1349
2502,アサヒ,2020-02-28,1167
2502,アサヒ,2020-03-06,1113
2502,アサヒ,2020-03-13,914
2502,アサヒ,2020-03-19,907
2502,アサヒ,2020-03-27,992
2502,アサヒ,2020-04-03,937
2502,アサヒ,2020-04-10,1032
2502,アサヒ,2020-04-17,1001
2502,アサヒ,2020-04-24,1026
2502,アサヒ,2020-05-01,1010
2502,アサヒ,2020-05-08,1040
2502,アサヒ,2020-05-15,1025
2502,アサヒ,2020-05-22,1033
2502,アサヒ,2020-05-29,1141
2502,アサヒ,2020-06-05,1219
2502,アサヒ,2020-06-12,1149
2502,アサヒ,2020-06-19,1135
2502,アサヒ,2020-06-26,1076
2502,アサヒ,2020-07-03,1048
2502,アサヒ,2020-07-10,1023
2502,アサヒ,2020-07-17,1061
2502,アサヒ,2020-07-22,1039
2502,アサヒ,2020-07-31,982
2502,アサヒ,2020-08-07,992
2502,アサヒ,2020-08-14,1058
2502,アサヒ,2020-08-21,1043
2502,アサヒ,2020-08-28,1046
2502,アサヒ,2020-09-04,1015
2502,アサヒ,2020-09-11,1084
2502,アサヒ,2020-09-18,1083
2502,アサヒ,2020-09-25,1036
2502,アサヒ,2020-10-02,1033
2502,アサヒ,2020-10-09,1075
2502,アサヒ,2020-10-16,1025
2502,アサヒ,2020-10-23,1017
2502,アサヒ,2020-10-30,919
2502,アサヒ,2020-11-06,1031
2502,アサヒ,2020-11-13,1119
2502,アサヒ,2020-11-20,1144
2502,アサヒ,2020-11-27,1176
2502,アサヒ,2020-12-04,1297
2502,アサヒ,2020-12-11,1275
2502,アサヒ,2020-12-18,1212
2502,アサヒ,2020-12-25,1226
2502,アサヒ,2020-12-30,1225
2502,アサヒ,2021-01-04,1211
2502,アサヒ,2021-01-08,1220
2502,アサヒ,2021-01-15,1222
2502,アサヒ,2021-01-22,1253
2502,アサヒ,2021-01-29,1216
2502,アサヒ,2021-02-05,1245
2502,アサヒ,2021-02-12,1278
2502,アサヒ,2021-02-19,1305
2502,アサヒ,2021-02-26,1331
2502,アサヒ,2021-03-05,1377
2502,アサヒ,2021-03-12,1407
2502,アサヒ,2021-03-19,1373
2502,アサヒ,2021-03-26,1366
2502,アサヒ,2021-04-02,1328
2502,アサヒ,2021-04-09,1373
2502,アサヒ,2021-04-16,1376
2502,アサヒ,2021-04-23,1334
2502,アサヒ,2021-04-30,1318
2502,アサヒ,2021-05-07,1382
2502,アサヒ,2021-05-14,1398
2502,アサヒ,2021-05-21,1478
2502,アサヒ,2021-05-28,1538
2502,アサヒ,2021-06-04,1571
2502,アサヒ,2021-06-11,1557
2502,アサヒ,2021-06-18,1568
2502,アサヒ,2021-06-25,1560
2502,アサヒ,2021-07-02,1518
2502,アサヒ,2021-07-09,1470
2502,アサヒ,2021-07-16,1465
2502,アサヒ,2021-07-21,1447
2502,アサヒ,2021-07-30,1432
2502,アサヒ,2021-08-06,1455
2502,アサヒ,2021-08-13,1467
2502,アサヒ,2021-08-20,1436
2502,アサヒ,2021-08-27,1473
2502,アサヒ,2021-09-03,1540
2502,アサヒ,2021-09-10,1587
2502,アサヒ,2021-09-17,1617
2502,アサヒ,2021-09-24,1590
2502,アサヒ,2021-10-01,1557
2502,アサヒ,2021-10-08,1614
2502,アサヒ,2021-10-15,1549
2502,アサヒ,2021-10-22,1482
2502,アサヒ,2021-10-29,1504
2502,アサヒ,2021-11-05,1484
2502,アサヒ,2021-11-12,1396
2502,アサヒ,2021-11-19,1342
2502,アサヒ,2021-11-26,1286
2502,アサヒ,2021-12-03,1277
2502,アサヒ,2021-12-10,1327
2502,アサヒ,2021-12-17,1327
2502,アサヒ,2021-12-24,1330
2502,アサヒ,2021-12-30,1320
2502,アサヒ,2022-01-04,1362
2502,アサヒ,2022-01-07,1354
2502,アサヒ,2022-01-14,1372
2502,アサヒ,2022-01-21,1432
2502,アサヒ,2022-01-28,1416
2502,アサヒ,2022-02-04,1402
2502,アサヒ,2022-02-10,1437
2502,アサヒ,2022-02-18,1519
2502,アサヒ,2022-02-25,1378
2502,アサヒ,2022-03-04,1304
2502,アサヒ,2022-03-11,1185
2502,アサヒ,2022-03-18,1278
2502,アサヒ,2022-03-25,1312
2502,アサヒ,2022-04-01,1317
2502,アサヒ,2022-04-08,1311
2502,アサヒ,2022-04-15,1327
2502,アサヒ,2022-04-22,1342
2502,アサヒ,2022-04-28,1435
2502,アサヒ,2022-05-06,1453
2502,アサヒ,2022-05-13,1406
2502,アサヒ,2022-05-20,1253
2502,アサヒ,2022-05-27,1251
2502,アサヒ,2022-06-03,1307
2502,アサヒ,2022-06-10,1308
2502,アサヒ,2022-06-17,1285
2502,アサヒ,2022-06-24,1335
2502,アサヒ,2022-07-01,1316
2502,アサヒ,2022-07-08,1331
2502,アサヒ,2022-07-15,1351
2502,アサヒ,2022-07-22,1385
2502,アサヒ,2022-07-29,1380
2502,アサヒ,2022-08-05,1382
2502,アサヒ,2022-08-12,1448
2502,アサヒ,2022-08-19,1432
2502,アサヒ,2022-08-26,1410
2502,アサヒ,2022-09-02,1391
2502,アサヒ,2022-09-09,1391
2502,アサヒ,2022-09-16,1398
2502,アサヒ,2022-09-22,1388
2502,アサヒ,2022-09-30,1340
2502,アサヒ,2022-10-07,1360
2502,アサヒ,2022-10-14,1319
2502,アサヒ,2022-10-21,1266
2502,アサヒ,2022-10-28,1242
2502,アサヒ,2022-11-04,1243
2502,アサヒ,2022-11-11,1295
2502,アサヒ,2022-11-18,1276
2502,アサヒ,2022-11-25,1330
2502,アサヒ,2022-12-02,1300
2502,アサヒ,2022-12-09,1296
2502,アサヒ,2022-12-16,1282
2502,アサヒ,2022-12-23,1241
2502,アサヒ,2022-12-30,1248
2502,アサヒ,2023-01-04,1227
2502,アサヒ,2023-01-06,1233
2502,アサヒ,2023-01-13,1231
2502,アサヒ,2023-01-20,1256
2502,アサヒ,2023-01-27,1291
2502,アサヒ,2023-02-03,1310
2502,アサヒ,2023-02-10,1295
2502,アサヒ,2023-02-17,1414
2502,アサヒ,2023-02-24,1438
2502,アサヒ,2023-03-03,1465
2502,アサヒ,2023-03-10,1474
2502,アサヒ,2023-03-17,1436
2502,アサヒ,2023-03-24,1448
2502,アサヒ,2023-03-31,1491
2502,アサヒ,2023-04-07,1493
2502,アサヒ,2023-04-14,1475
2502,アサヒ,2023-04-21,1543
2502,アサヒ,2023-04-28,1588
2502,アサヒ,2023-05-02,1596
2502,アサヒ,2023-05-12,1622
2502,アサヒ,2023-05-19,1681
2502,アサヒ,2023-05-26,1635
2502,アサヒ,2023-06-02,1636
2502,アサヒ,2023-06-09,1694
2502,アサヒ,2023-06-16,1723
2502,アサヒ,2023-06-23,1714
2502,アサヒ,2023-06-30,1705
2502,アサヒ,2023-07-07,1700
2502,アサヒ,2023-07-14,1648
2502,アサヒ,2023-07-21,1695
2502,アサヒ,2023-07-28,1717
2502,アサヒ,2023-08-04,1676
2502,アサヒ,2023-08-10,1741
2502,アサヒ,2023-08-18,1629
2502,アサヒ,2023-08-25,1668
2502,アサヒ,2023-09-01,1770
2502,アサヒ,2023-09-08,1770
2502,アサヒ,2023-09-15,1820
2502,アサヒ,2023-09-22,1748
2502,アサヒ,2023-09-29,1710
2502,アサヒ,2023-10-06,1687
2502,アサヒ,2023-10-13,1701
2502,アサヒ,2023-10-20,1615
2502,アサヒ,2023-10-27,1643
2502,アサヒ,2023-11-02,1701
2502,アサヒ,2023-11-10,1734
2502,アサヒ,2023-11-17,1704
2502,アサヒ,2023-11-24,1685
2502,アサヒ,2023-12-01,1683
2502,アサヒ,2023-12-08,1672
2502,アサヒ,2023-12-15,1626
2502,アサヒ,2023-12-22,1632
2502,アサヒ,2023-12-29,1628
2502,アサヒ,2024-01-04,1654
2502,アサヒ,2024-01-05,1661
2502,アサヒ,2024-01-12,1767
2502,アサヒ,2024-01-19,1721
2502,アサヒ,2024-01-26,1683
2502,アサヒ,2024-02-02,1701
2502,アサヒ,2024-02-09,1719
2502,アサヒ,2024-02-16,1646
2502,アサヒ,2024-02-22,1690
2502,アサヒ,2024-03-01,1598
2502,アサヒ,2024-03-08,1598
2502,アサヒ,2024-03-15,1657
2502,アサヒ,2024-03-22,1691
2502,アサヒ,2024-03-29,1730
2502,アサヒ,2024-04-05,1713
2502,アサヒ,2024-04-12,1725
2502,アサヒ,2024-04-19,1641
2502,アサヒ,2024-04-26,1692
2502,アサヒ,2024-05-02,1681
2502,アサヒ,2024-05-10,1698
2502,アサヒ,2024-05-17,1834
2502,アサヒ,2024-05-24,1808
2502,アサヒ,2024-05-31,1778
2502,アサヒ,2024-06-07,1803
2502,アサヒ,2024-06-14,1724
2502,アサヒ,2024-06-21,1764
2502,アサヒ,2024-06-28,1777
2502,アサヒ,2024-07-05,1738
2502,アサヒ,2024-07-12,1804
2502,アサヒ,2024-07-19,1826
2502,アサヒ,2024-07-26,1796
2502,アサヒ,2024-08-02,1612
2502,アサヒ,2024-08-09,1628
2502,アサヒ,2024-08-16,1671
2502,アサヒ,2024-08-23,1705
2502,アサヒ,2024-08-30,1700
2502,アサヒ,2024-09-06,1704
2502,アサヒ,2024-09-13,1712
2502,アサヒ,2024-09-20,1744
2502,アサヒ,2024-09-27,1840
2502,アサヒ,2024-10-04,1739
2502,アサヒ,2024-10-11,1688
2502,アサヒ,2024-10-18,1649
2502,アサヒ,2024-10-25,1715
2502,アサヒ,2024-11-01,1693
2502,アサヒ,2024-11-08,1683
2502,アサヒ,2024-11-15,1574
2502,アサヒ,2024-11-22,1508
2502,アサヒ,2024-11-29,1531
2502,アサヒ,2024-12-06,1517
2502,アサヒ,2024-12-13,1560
2502,アサヒ,2024-12-20,1562
2502,アサヒ,2024-12-27,1589
2502,アサヒ,2024-12-30,1582
2502,アサヒ,2025-01-06,1537
2502,アサヒ,2025-01-10,1534
2502,アサヒ,2025-01-17,1509
2502,アサヒ,2025-01-24,1569
2502,アサヒ,2025-01-31,1608
2502,アサヒ,2025-02-07,1576
2502,アサヒ,2025-02-14,1621
2502,アサヒ,2025-02-21,1682
2502,アサヒ,2025-02-28,1779
2502,アサヒ,2025-03-07,1839
2502,アサヒ,2025-03-14,1822
2502,アサヒ,2025-03-21,1866
2502,アサヒ,2025-03-28,1871
2502,アサヒ,2025-04-04,1831
2502,アサヒ,2025-04-11,1836
2502,アサヒ,2025-04-18,1931
2502,アサヒ,2025-04-25,1860
2502,アサヒ,2025-05-02,1902
2502,アサヒ,2025-05-09,1924
2502,アサヒ,2025-05-16,1845
2502,アサヒ,2025-05-23,1785
2502,アサヒ,2025-05-30,1820
2502,アサヒ,2025-06-06,1809
2502,アサヒ,2025-06-13,1797
2502,アサヒ,2025-06-20,1856
2502,アサヒ,2025-06-27,1838
2502,アサヒ,2025-07-04,1867
2502,アサヒ,2025-07-11,1788
2502,アサヒ,2025-07-18,1817
2502,アサヒ,2025-07-25,1872
2502,アサヒ,2025-08-01,1869
2502,アサヒ,2025-08-08,1916
2502,アサヒ,2025-08-15,1849
2502,アサヒ,2025-08-22,1855
2502,アサヒ,2025-08-29,1797
2502,アサヒ,2025-09-05,1836
2502,アサヒ,2025-09-12,1761
2502,アサヒ,2025-09-19,1723
2502,アサヒ,2025-09-26,1780
2502,アサヒ,2025-10-03,1655
2502,アサヒ,2025-10-10,1703
2502,アサヒ,2025-10-17,1671
2502,アサヒ,2025-10-24,1664
2502,アサヒ,2025-10-31,1608
2502,アサヒ,2025-11-07,1676
2502,アサヒ,2025-11-14,1727
2502,アサヒ,2025-11-21,1693
2502,アサヒ,2025-11-28,1755
2502,アサヒ,2025-12-05,1685
2502,アサヒ,2025-12-12,1706
2502,アサヒ,2025-12-19,1588
2502,アサヒ,2025-12-26,1614
2502,アサヒ,2025-12-30,1612
2502,アサヒ,2026-01-05,1637
2502,アサヒ,2026-01-09,1627
2502,アサヒ,2026-01-16,1618
2502,アサヒ,2026-01-23,1620
2502,アサヒ,2026-01-30,1586
2502,アサヒ,2026-02-06,1698
2502,アサヒ,2026-02-13,1668
2502,アサヒ,2026-02-20,1680
2502,アサヒ,2026-02-27,1671
2502,アサヒ,2026-03-06,1621
2502,アサヒ,2026-03-13,1573
2502,アサヒ,2026-03-19,1550
2502,アサヒ,2026-03-27,1549
2502,アサヒ,2026-04-03,1613
2502,アサヒ,2026-04-10,1574
2502,アサヒ,2026-04-17,1625
2502,アサヒ,2026-04-24,1532
2502,アサヒ,2026-05-01,1524
2502,アサヒ,2026-05-08,1504
2502,アサヒ,2026-05-15,1510
2502,アサヒ,2026-05-22,1537
2502,アサヒ,2026-05-29,1498
2502,アサヒ,2026-06-05,1451
2502,アサヒ,2026-06-12,1472
2502,アサヒ,2026-06-19,1494
2502,アサヒ,2026-06-26,1537
2502,アサヒ,2026-07-03,1553
2502,アサヒ,2026-07-10,1581
2502,アサヒ,2026-07-17,1603
2502,アサヒ,2026-07-24,1648
2502,アサヒ,2026-07-31,1667
2502,アサヒ,2026-08-07,1695
2502,アサヒ,2026-08-14,1744
2502,アサヒ,2026-08-21,1681
2502,アサヒ,2026-08-28,1671
2502,アサヒ,2026-09-04,1639
2502,アサヒ,2026-09-11,1587
2502,アサヒ,2026-09-18,1610
2502,アサヒ,2026-09-25,1614
2502,アサヒ,2026-09-30,1584
2503,キリン,2005-01-03,606
2503,キリン,2005-01-07,616
2503,キリン,2005-01-14,625
2503,キリン,2005-01-21,621
2503,キリン,2005-01-28,625
2503,キリン,2005-02-04,615
2503,キリン,2005-02-11,619
2503,キリン,2005-02-18,628
2503,キリン,2005-02-25,633
2503,キリン,2005-03-04,661
2503,キリン,2005-03-11,655
2503,キリン,2005-03-18,646
2503,キリン,2005-03-25,641
2503,キリン,2005-04-01,639
2503,キリン,2005-04-08,657
2503,キリン,2005-04-15,631
2503,キリン,2005-04-22,619
2503,キリン,2005-04-29,614
2503,キリン,2005-05-06,633
2503,キリン,2005-05-13,628
2503,キリン,2005-05-20,613
2503,キリン,2005-05-27,633
2503,キリン,2005-06-03,633
2503,キリン,2005-06-10,637
2503,キリン,2005-06-17,648
2503,キリン,2005-06-24,646
2503,キリン,2005-07-01,654
2503,キリン,2005-07-08,640
2503,キリン,2005-07-15,640
2503,キリン,2005-07-22,635
2503,キリン,2005-07-29,636
2503,キリン,2005-08-05,625
2503,キリン,2005-08-12,647
2503,キリン,2005-08-19,645
2503,キリン,2005-08-26,665
2503,キリン,2005-09-02,672
2503,キリン,2005-09-09,668
2503,キリン,2005-09-16,680
2503,キリン,2005-09-23,740
2503,キリン,2005-09-30,756
2503,キリン,2005-10-07,743
2503,キリン,2005-10-14,764
2503,キリン,2005-10-21,752
2503,キリン,2005-10-28,760
2503,キリン,2005-11-04,776
2503,キリン,2005-11-11,786
2503,キリン,2005-11-18,771
2503,キリン,2005-11-25,772
2503,キリン,2005-12-02,798
2503,キリン,2005-12-09,807
2503,キリン,2005-12-16,797
2503,キリン,2005-12-23,875
2503,キリン,2005-12-30,836
2503,キリン,2006-01-02,836
2503,キリン,2006-01-06,833
2503,キリン,2006-01-13,832
2503,キリン,2006-01-20,883
2503,キリン,2006-01-27,905
2503,キリン,2006-02-03,893
2503,キリン,2006-02-10,892
2503,キリン,2006-02-17,881
2503,キリン,2006-02-24,914
2503,キリン,2006-03-03,921
2503,キリン,2006-03-10,936
2503,キリン,2006-03-17,965
2503,キリン,2006-03-24,973
2503,キリン,2006-03-31,974
2503,キリン,2006-04-07,996
2503,キリン,2006-04-14,1009
2503,キリン,2006-04-21,1051
2503,キリン,2006-04-28,1026
2503,キリン,2006-05-05,1053
2503,キリン,2006-05-12,1160
2503,キリン,2006-05-19,1096
2503,キリン,2006-05-26,1123
2503,キリン,2006-06-02,1117
2503,キリン,2006-06-09,1047
2503,キリン,2006-06-16,1010
2503,キリン,2006-06-23,1041
2503,キリン,2006-06-30,1099
2503,キリン,2006-07-07,1108
2503,キリン,2006-07-14,1024
2503,キリン,2006-07-21,1004
2503,キリン,2006-07-28,1035
2503,キリン,2006-08-04,1020
2503,キリン,2006-08-11,999
2503,キリン,2006-08-18,991
2503,キリン,2006-08-25,978
2503,キリン,2006-09-01,1005
2503,キリン,2006-09-08,994
2503,キリン,2006-09-15,983
2503,キリン,2006-09-22,950
2503,キリン,2006-09-29,963
2503,キリン,2006-10-06,973
2503,キリン,2006-10-13,960
2503,キリン,2006-10-20,983
2503,キリン,2006-10-27,965
2503,キリン,2006-11-03,952
2503,キリン,2006-11-10,942
2503,キリン,2006-11-17,984
2503,キリン,2006-11-24,980
2503,キリン,2006-12-01,999
2503,キリン,2006-12-08,1022
2503,キリン,2006-12-15,1074
2503,キリン,2006-12-22,1161
2503,キリン,2006-12-29,1148
2503,キリン,2007-01-04,1163
2503,キリン,2007-01-05,1153
2503,キリン,2007-01-12,1145
2503,キリン,2007-01-19,1124
2503,キリン,2007-01-26,1152
2503,キリン,2007-02-02,1157
2503,キリン,2007-02-09,1135
2503,キリン,2007-02-16,1173
2503,キリン,2007-02-23,1155
2503,キリン,2007-03-02,1076
2503,キリン,2007-03-09,1056
2503,キリン,2007-03-16,1057
2503,キリン,2007-03-23,1070
2503,キリン,2007-03-30,1044
2503,キリン,2007-04-06,1065
2503,キリン,2007-04-13,1077
2503,キリン,2007-04-20,1087
2503,キリン,2007-04-27,1111
2503,キリン,2007-05-02,1102
2503,キリン,2007-05-11,1146
2503,キリン,2007-05-18,1131
2503,キリン,2007-05-25,1137
2503,キリン,2007-06-01,1165
2503,キリン,2007-06-08,1139
2503,キリン,2007-06-15,1114
2503,キリン,2007-06-22,1109
2503,キリン,2007-06-29,1136
2503,キリン,2007-07-06,1162
2503,キリン,2007-07-13,1136
2503,キリン,2007-07-20,1119
2503,キリン,2007-07-27,1057
2503,キリン,2007-08-03,998
2503,キリン,2007-08-10,1030
2503,キリン,2007-08-17,898
2503,キリン,2007-08-24,936
2503,キリン,2007-08-31,890
2503,キリン,2007-09-07,919
2503,キリン,2007-09-14,900
2503,キリン,2007-09-21,874
2503,キリン,2007-09-28,937
2503,キリン,2007-10-05,956
2503,キリン,2007-10-12,984
2503,キリン,2007-10-19,978
2503,キリン,2007-10-26,967
2503,キリン,2007-11-02,1037
2503,キリン,2007-11-09,1017
2503,キリン,2007-11-16,1039
2503,キリン,2007-11-22,1037
2503,キリン,2007-11-30,1079
2503,キリン,2007-12-07,1078
2503,キリン,2007-12-14,1069
2503,キリン,2007-12-21,1039
2503,キリン,2007-12-28,1019
2503,キリン,2008-01-04,979
2503,キリン,2008-01-11,992
2503,キリン,2008-01-18,1023
2503,キリン,2008-01-25,1035
2503,キリン,2008-02-01,1060
2503,キリン,2008-02-08,1081
2503,キリン,2008-02-15,1074
2503,キリン,2008-02-22,1067
2503,キリン,2008-02-29,1096
2503,キリン,2008-03-07,1127
2503,キリン,2008-03-14,1102
2503,キリン,2008-03-21,1133
2503,キリン,2008-03-28,1143
2503,キリン,2008-04-04,1194
2503,キリン,2008-04-11,1217
2503,キリン,2008-04-18,1167
2503,キリン,2008-04-25,1148
2503,キリン,2008-05-02,1048
2503,キリン,2008-05-09,1053
2503,キリン,2008-05-16,1080
2503,キリン,2008-05-23,1089
2503,キリン,2008-05-30,1084
2503,キリン,2008-06-06,1060
2503,キリン,2008-06-13,1051
2503,キリン,2008-06-20,1033
2503,キリン,2008-06-27,1021
2503,キリン,2008-07-04,979
2503,キリン,2008-07-11,956
2503,キリン,2008-07-18,939
2503,キリン,2008-07-25,984
2503,キリン,2008-08-01,1033
2503,キリン,2008-08-08,996
2503,キリン,2008-08-15,981
2503,キリン,2008-08-22,988
2503,キリン,2008-08-29,1023
2503,キリン,2008-09-05,1019
2503,キリン,2008-09-12,954
2503,キリン,2008-09-19,919
2503,キリン,2008-09-26,902
2503,キリン,2008-10-03,874
2503,キリン,2008-10-10,649
2503,キリン,2008-10-17,707
2503,キリン,2008-10-24,666
2503,キリン,2008-10-31,667
2503,キリン,2008-11-07,688
2503,キリン,2008-11-14,672
2503,キリン,2008-11-21,667
2503,キリン,2008-11-28,724
2503,キリン,2008-12-05,685
2503,キリン,2008-12-12,677
2503,キリン,2008-12-19,707
2503,キリン,2008-12-26,723
2503,キリン,2008-12-30,743
2503,キリン,2009-01-05,731
2503,キリン,2009-01-09,698
2503,キリン,2009-01-16,671
2503,キリン,2009-01-23,674
2503,キリン,2009-01-30,723
2503,キリン,2009-02-06,650
2503,キリン,2009-02-13,608
2503,キリン,2009-02-20,588
2503,キリン,2009-02-27,601
2503,キリン,2009-03-06,569
2503,キリン,2009-03-13,577
2503,キリン,2009-03-19,624
2503,キリン,2009-03-27,689
2503,キリン,2009-04-03,706
2503,キリン,2009-04-10,719
2503,キリン,2009-04-17,706
2503,キリン,2009-04-24,697
2503,キリン,2009-05-01,679
2503,キリン,2009-05-08,713
2503,キリン,2009-05-15,739
2503,キリン,2009-05-22,725
2503,キリン,2009-05-29,757
2503,キリン,2009-06-05,764
2503,キリン,2009-06-12,777
2503,キリン,2009-06-19,822
2503,キリン,2009-06-26,838
2503,キリン,2009-07-03,817
2503,キリン,2009-07-10,823
2503,キリン,2009-07-17,884
2503,キリン,2009-07-24,889
2503,キリン,2009-07-31,903
2503,キリン,2009-08-07,909
2503,キリン,2009-08-14,871
2503,キリン,2009-08-21,854
2503,キリン,2009-08-28,873
2503,キリン,2009-09-04,857
2503,キリン,2009-09-11,862
2503,キリン,2009-09-18,857
2503,キリン,2009-09-25,858
2503,キリン,2009-10-02,854
2503,キリン,2009-10-09,877
2503,キリン,2009-10-16,890
2503,キリン,2009-10-23,943
2503,キリン,2009-10-30,954
2503,キリン,2009-11-06,948
2503,キリン,2009-11-13,903
2503,キリン,2009-11-20,878
2503,キリン,2009-11-27,861
2503,キリン,2009-12-04,915
2503,キリン,2009-12-11,892
2503,キリン,2009-12-18,902
2503,キリン,2009-12-25,961
2503,キリン,2009-12-30,957
2503,キリン,2010-01-04,964
2503,キリン,2010-01-08,980
2503,キリン,2010-01-15,947
2503,キリン,2010-01-22,917
2503,キリン,2010-01-29,886
2503,キリン,2010-02-05,927
2503,キリン,2010-02-12,850
2503,キリン,2010-02-19,807
2503,キリン,2010-02-26,787
2503,キリン,2010-03-05,823
2503,キリン,2010-03-12,846
2503,キリン,2010-03-19,848
2503,キリン,2010-03-26,868
2503,キリン,2010-04-02,907
2503,キリン,2010-04-09,884
2503,キリン,2010-04-16,882
2503,キリン,2010-04-23,872
2503,キリン,2010-04-30,866
2503,キリン,2010-05-07,839
2503,キリン,2010-05-14,849
2503,キリン,2010-05-21,789
2503,キリン,2010-05-28,786
2503,キリン,2010-06-04,795
2503,キリン,2010-06-11,773
2503,キリン,2010-06-18,755
2503,キリン,2010-06-25,743
2503,キリン,2010-07-02,719
2503,キリン,2010-07-09,742
2503,キリン,2010-07-16,719
2503,キリン,2010-07-23,746
2503,キリン,2010-07-30,749
2503,キリン,2010-08-06,775
2503,キリン,2010-08-13,762
2503,キリン,2010-08-20,764
2503,キリン,2010-08-27,762
2503,キリン,2010-09-03,754
2503,キリン,2010-09-10,764
2503,キリン,2010-09-17,775
2503,キリン,2010-09-24,768
2503,キリン,2010-10-01,769
2503,キリン,2010-10-08,752
2503,キリン,2010-10-15,718
2503,キリン,2010-10-22,735
2503,キリン,2010-10-29,716
2503,キリン,2010-11-05,723
2503,キリン,2010-11-12,729
2503,キリン,2010-11-19,776
2503,キリン,2010-11-26,760
2503,キリン,2010-12-03,755
2503,キリン,2010-12-10,762
2503,キリン,2010-12-17,760
2503,キリン,2010-12-24,753
2503,キリン,2010-12-30,747
2503,キリン,2011-01-04,750
2503,キリン,2011-01-07,758
2503,キリン,2011-01-14,743
2503,キリン,2011-01-21,718
2503,キリン,2011-01-28,715
2503,キリン,2011-02-04,736
2503,キリン,2011-02-10,747
2503,キリン,2011-02-18,771
2503,キリン,2011-02-25,754
2503,キリン,2011-03-04,763
2503,キリン,2011-03-11,761
2503,キリン,2011-03-18,668
2503,キリン,2011-03-25,706
2503,キリン,2011-04-01,715
2503,キリン,2011-04-08,716
2503,キリン,2011-04-15,708
2503,キリン,2011-04-22,713
2503,キリン,2011-04-28,740
2503,キリン,2011-05-06,748
2503,キリン,2011-05-13,724
2503,キリン,2011-05-20,721
2503,キリン,2011-05-27,723
2503,キリン,2011-06-03,733
2503,キリン,2011-06-10,723
2503,キリン,2011-06-17,692
2503,キリン,2011-06-24,714
2503,キリン,2011-07-01,746
2503,キリン,2011-07-08,756
2503,キリン,2011-07-15,750
2503,キリン,2011-07-22,752
2503,キリン,2011-07-29,753
2503,キリン,2011-08-05,682
2503,キリン,2011-08-12,662
2503,キリン,2011-08-19,655
2503,キリン,2011-08-26,655
2503,キリン,2011-09-02,673
2503,キリン,2011-09-09,669
2503,キリン,2011-09-16,659
2503,キリン,2011-09-22,647
2503,キリン,2011-09-30,675
2503,キリン,2011-10-07,667
2503,キリン,2011-10-14,661
2503,キリン,2011-10-21,661
2503,キリン,2011-10-28,652
2503,キリン,2011-11-04,645
2503,キリン,2011-11-11,598
2503,キリン,2011-11-18,601
2503,キリン,2011-11-25,596
2503,キリン,2011-12-02,628
2503,キリン,2011-12-09,628
2503,キリン,2011-12-16,619
2503,キリン,2011-12-22,624
2503,キリン,2011-12-30,631
2503,キリン,2012-01-04,635
2503,キリン,2012-01-06,624
2503,キリン,2012-01-13,616
2503,キリン,2012-01-20,637
2503,キリン,2012-01-27,647
2503,キリン,2012-02-03,616
2503,キリン,2012-02-10,651
2503,キリン,2012-02-17,654
2503,キリン,2012-02-24,651
2503,キリン,2012-03-02,653
2503,キリン,2012-03-09,660
2503,キリン,2012-03-16,678
2503,キリン,2012-03-23,690
2503,キリン,2012-03-30,721
2503,キリン,2012-04-06,699
2503,キリン,2012-04-13,686
2503,キリン,2012-04-20,682
2503,キリン,2012-04-27,688
2503,キリン,2012-05-02,682
2503,キリン,2012-05-11,624
2503,キリン,2012-05-18,610
2503,キリン,2012-05-25,614
2503,キリン,2012-06-01,600
2503,キリン,2012-06-08,604
2503,キリン,2012-06-15,613
2503,キリン,2012-06-22,626
2503,キリン,2012-06-29,640
2503,キリン,2012-07-06,631
2503,キリン,2012-07-13,620
2503,キリン,2012-07-20,613
2503,キリン,2012-07-27,602
2503,キリン,2012-08-03,606
2503,キリン,2012-08-10,654
2503,キリン,2012-08-17,670
2503,キリン,2012-08-24,673
2503,キリン,2012-08-31,666
2503,キリン,2012-09-07,689
2503,キリン,2012-09-14,686
2503,キリン,2012-09-21,707
2503,キリン,2012-09-28,714
2503,キリン,2012-10-05,716
2503,キリン,2012-10-12,705
2503,キリン,2012-10-19,690
2503,キリン,2012-10-26,690
2503,キリン,2012-11-02,690
2503,キリン,2012-11-09,684
2503,キリン,2012-11-16,662
2503,キリン,2012-11-22,688
2503,キリン,2012-11-30,691
2503,キリン,2012-12-07,707
2503,キリン,2012-12-14,684
2503,キリン,2012-12-21,699
2503,キリン,2012-12-28,702
2503,キリン,2013-01-04,711
2503,キリン,2013-01-11,717
2503,キリン,2013-01-18,743
2503,キリン,2013-01-25,774
2503,キリン,2013-02-01,813
2503,キリン,2013-02-08,828
2503,キリン,2013-02-15,813
2503,キリン,2013-02-22,911
2503,キリン,2013-03-01,969
2503,キリン,2013-03-08,1005
2503,キリン,2013-03-15,1047
2503,キリン,2013-03-22,1015
2503,キリン,2013-03-29,1049
2503,キリン,2013-04-05,1144
2503,キリン,2013-04-12,1175
2503,キリン,2013-04-19,1106
2503,キリン,2013-04-26,1170
2503,キリン,2013-05-02,1189
2503,キリン,2013-05-10,1219
2503,キリン,2013-05-17,1276
2503,キリン,2013-05-24,1219
2503,キリン,2013-05-31,1151
2503,キリン,2013-06-07,1069
2503,キリン,2013-06-14,1085
2503,キリン,2013-06-21,1102
2503,キリン,2013-06-28,1091
2503,キリン,2013-07-05,1098
2503,キリン,2013-07-12,1136
2503,キリン,2013-07-19,1139
2503,キリン,2013-07-26,1078
2503,キリン,2013-08-02,1075
2503,キリン,2013-08-09,1025
2503,キリン,2013-08-16,1021
2503,キリン,2013-08-23,1010
2503,キリン,2013-08-30,948
2503,キリン,2013-09-06,959
2503,キリン,2013-09-13,973
2503,キリン,2013-09-20,999
2503,キリン,2013-09-27,1012
2503,キリン,2013-10-04,973
2503,キリン,2013-10-11,1001
2503,キリン,2013-10-18,1039
2503,キリン,2013-10-25,1004
2503,キリン,2013-11-01,1001
2503,キリン,2013-11-08,1016
2503,キリン,2013-11-15,1078
2503,キリン,2013-11-22,1103
2503,キリン,2013-11-29,1108
2503,キリン,2013-12-06,1086
2503,キリン,2013-12-13,1077
2503,キリン,2013-12-20,1053
2503,キリン,2013-12-27,1073
2503,キリン,2013-12-30,1075
2503,キリン,2014-01-06,1069
2503,キリン,2014-01-10,1020
2503,キリン,2014-01-17,1038
2503,キリン,2014-01-24,1019
2503,キリン,2014-01-31,999
2503,キリン,2014-02-07,989
2503,キリン,2014-02-14,919
2503,キリン,2014-02-21,974
2503,キリン,2014-02-28,984
2503,キリン,2014-03-07,987
2503,キリン,2014-03-14,939
2503,キリン,2014-03-20,926
2503,キリン,2014-03-28,994
2503,キリン,2014-04-04,996
2503,キリン,2014-04-11,982
2503,キリン,2014-04-18,1002
2503,キリン,2014-04-25,993
2503,キリン,2014-05-02,980
2503,キリン,2014-05-09,974
2503,キリン,2014-05-16,985
2503,キリン,2014-05-23,1008
2503,キリン,2014-05-30,1023
2503,キリン,2014-06-06,1041
2503,キリン,2014-06-13,1063
2503,キリン,2014-06-20,1070
2503,キリン,2014-06-27,1045
2503,キリン,2014-07-04,1059
2503,キリン,2014-07-11,1049
2503,キリン,2014-07-18,1034
2503,キリン,2014-07-25,1054
2503,キリン,2014-08-01,1039
2503,キリン,2014-08-08,961
2503,キリン,2014-08-15,987
2503,キリン,2014-08-22,1005
2503,キリン,2014-08-29,1004
2503,キリン,2014-09-05,1013
2503,キリン,2014-09-12,1023
2503,キリン,2014-09-19,1036
2503,キリン,2014-09-26,1041
2503,キリン,2014-10-03,1029
2503,キリン,2014-10-10,1006
2503,キリン,2014-10-17,944
2503,キリン,2014-10-24,991
2503,キリン,2014-10-31,1028
2503,キリン,2014-11-07,1039
2503,キリン,2014-11-14,1056
2503,キリン,2014-11-21,1077
2503,キリン,2014-11-28,1097
2503,キリン,2014-12-05,1116
2503,キリン,2014-12-12,1076
2503,キリン,2014-12-19,1089
2503,キリン,2014-12-26,1106
2503,キリン,2014-12-30,1091
2503,キリン,2015-01-05,1069
2503,キリン,2015-01-09,1051
2503,キリン,2015-01-16,1062
2503,キリン,2015-01-23,1107
2503,キリン,2015-01-30,1159
2503,キリン,2015-02-06,1161
2503,キリン,2015-02-13,1123
2503,キリン,2015-02-20,1135
2503,キリン,2015-02-27,1140
2503,キリン,2015-03-06,1232
2503,キリン,2015-03-13,1227
2503,キリン,2015-03-20,1208
2503,キリン,2015-03-27,1180
2503,キリン,2015-04-03,1167
2503,キリン,2015-04-10,1179
2503,キリン,2015-04-17,1199
2503,キリン,2015-04-24,1185
2503,キリン,2015-05-01,1163
2503,キリン,2015-05-08,1202
2503,キリン,2015-05-15,1235
2503,キリン,2015-05-22,1287
2503,キリン,2015-05-29,1304
2503,キリン,2015-06-05,1292
2503,キリン,2015-06-12,1296
2503,キリン,2015-06-19,1263
2503,キリン,2015-06-26,1268
2503,キリン,2015-07-03,1253
2503,キリン,2015-07-10,1248
2503,キリン,2015-07-17,1308
2503,キリン,2015-07-24,1350
2503,キリン,2015-07-31,1407
2503,キリン,2015-08-07,1348
2503,キリン,2015-08-14,1345
2503,キリン,2015-08-21,1310
2503,キリン,2015-08-28,1309
2503,キリン,2015-09-04,1259
2503,キリン,2015-09-11,1200
2503,キリン,2015-09-18,1189
2503,キリン,2015-09-25,1191
2503,キリン,2015-10-02,1153
2503,キリン,2015-10-09,1219
2503,キリン,2015-10-16,1226
2503,キリン,2015-10-23,1269
2503,キリン,2015-10-30,1268
2503,キリン,2015-11-06,1233
2503,キリン,2015-11-13,1250
2503,キリン,2015-11-20,1281
2503,キリン,2015-11-27,1308
2503,キリン,2015-12-04,1277
2503,キリン,2015-12-11,1283
2503,キリン,2015-12-18,1266
2503,キリン,2015-12-25,1209
2503,キリン,2015-12-30,1228
2503,キリン,2016-01-04,1197
2503,キリン,2016-01-08,1200
2503,キリン,2016-01-15,1169
2503,キリン,2016-01-22,1157
2503,キリン,2016-01-29,1263
2503,キリン,2016-02-05,1230
2503,キリン,2016-02-12,1096
2503,キリン,2016-02-19,1100
2503,キリン,2016-02-26,1120
2503,キリン,2016-03-04,1162
2503,キリン,2016-03-11,1124
2503,キリン,2016-03-18,1131
2503,キリン,2016-03-25,1184
2503,キリン,2016-04-01,1136
2503,キリン,2016-04-08,1162
2503,キリン,2016-04-15,1236
2503,キリン,2016-04-22,1230
2503,キリン,2016-04-28,1186
2503,キリン,2016-05-06,1274
2503,キリン,2016-05-13,1346
2503,キリン,2016-05-20,1357
2503,キリン,2016-05-27,1362
2503,キリン,2016-06-03,1365
2503,キリン,2016-06-10,1373
2503,キリン,2016-06-17,1253
2503,キリン,2016-06-24,1199
2503,キリン,2016-07-01,1318
2503,キリン,2016-07-08,1341
2503,キリン,2016-07-15,1313
2503,キリン,2016-07-22,1363
2503,キリン,2016-07-29,1332
2503,キリン,2016-08-05,1221
2503,キリン,2016-08-12,1260
2503,キリン,2016-08-19,1237
2503,キリン,2016-08-26,1282
2503,キリン,2016-09-02,1309
2503,キリン,2016-09-09,1266
2503,キリン,2016-09-16,1219
2503,キリン,2016-09-23,1247
2503,キリン,2016-09-30,1260
2503,キリン,2016-10-07,1257
2503,キリン,2016-10-14,1276
2503,キリン,2016-10-21,1297
2503,キリン,2016-10-28,1364
2503,キリン,2016-11-04,1403
2503,キリン,2016-11-11,1369
2503,キリン,2016-11-18,1361
2503,キリン,2016-11-25,1366
2503,キリン,2016-12-02,1363
2503,キリン,2016-12-09,1422
2503,キリン,2016-12-16,1444
2503,キリン,2016-12-22,1458
2503,キリン,2016-12-30,1449
2503,キリン,2017-01-04,1473
2503,キリン,2017-01-06,1497
2503,キリン,2017-01-13,1461
2503,キリン,2017-01-20,1444
2503,キリン,2017-01-27,1417
2503,キリン,2017-02-03,1417
2503,キリン,2017-02-10,1427
2503,キリン,2017-02-17,1442
2503,キリン,2017-02-24,1489
2503,キリン,2017-03-03,1514
2503,キリン,2017-03-10,1592
2503,キリン,2017-03-17,1580
2503,キリン,2017-03-24,1600
2503,キリン,2017-03-31,1600
2503,キリン,2017-04-07,1607
2503,キリン,2017-04-14,1589
2503,キリン,2017-04-21,1604
2503,キリン,2017-04-28,1650
2503,キリン,2017-05-02,1655
2503,キリン,2017-05-12,1726
2503,キリン,2017-05-19,1768
2503,キリン,2017-05-26,1774
2503,キリン,2017-06-02,1815
2503,キリン,2017-06-09,1852
2503,キリン,2017-06-16,1886
2503,キリン,2017-06-23,1767
2503,キリン,2017-06-30,1759
2503,キリン,2017-07-07,1787
2503,キリン,2017-07-14,1803
2503,キリン,2017-07-21,1869
2503,キリン,2017-07-28,1869
2503,キリン,2017-08-04,1821
2503,キリン,2017-08-11,1872
2503,キリン,2017-08-18,1864
2503,キリン,2017-08-25,1871
2503,キリン,2017-09-01,1908
2503,キリン,2017-09-08,1872
2503,キリン,2017-09-15,1905
2503,キリン,2017-09-22,1980
2503,キリン,2017-09-29,2035
2503,キリン,2017-10-06,2089
2503,キリン,2017-10-13,2118
2503,キリン,2017-10-20,2111
2503,キリン,2017-10-27,2073
2503,キリン,2017-11-03,2070
2503,キリン,2017-11-10,2067
2503,キリン,2017-11-17,2019
2503,キリン,2017-11-24,2043
2503,キリン,2017-12-01,2027
2503,キリン,2017-12-08,2132
2503,キリン,2017-12-15,2192
2503,キリン,2017-12-22,2239
2503,キリン,2017-12-29,2202
2503,キリン,2018-01-01,2202
2503,キリン,2018-01-05,2235
2503,キリン,2018-01-12,2106
2503,キリン,2018-01-19,2106
2503,キリン,2018-01-26,2182
2503,キリン,2018-02-02,2172
2503,キリン,2018-02-09,1961
2503,キリン,2018-02-16,2136
2503,キリン,2018-02-23,2131
2503,キリン,2018-03-02,2111
2503,キリン,2018-03-09,2222
2503,キリン,2018-03-16,2296
2503,キリン,2018-03-23,2190
2503,キリン,2018-03-30,2196
2503,キリン,2018-04-06,2345
2503,キリン,2018-04-13,2360
2503,キリン,2018-04-20,2422
2503,キリン,2018-04-27,2382
2503,キリン,2018-05-04,2389
2503,キリン,2018-05-11,2372
2503,キリン,2018-05-18,2313
2503,キリン,2018-05-25,2411
2503,キリン,2018-06-01,2382
2503,キリン,2018-06-08,2333
2503,キリン,2018-06-15,2333
2503,キリン,2018-06-22,2346
2503,キリン,2018-06-29,2316
2503,キリン,2018-07-06,2263
2503,キリン,2018-07-13,2272
2503,キリン,2018-07-20,2382
2503,キリン,2018-07-27,2298
2503,キリン,2018-08-03,2179
2503,キリン,2018-08-10,2022
2503,キリン,2018-08-17,2000
2503,キリン,2018-08-24,2041
2503,キリン,2018-08-31,2148
2503,キリン,2018-09-07,2096
2503,キリン,2018-09-14,2187
2503,キリン,2018-09-21,2282
2503,キリン,2018-09-28,2275
2503,キリン,2018-10-05,2204
2503,キリン,2018-10-12,2112
2503,キリン,2018-10-19,2082
2503,キリン,2018-10-26,2045
2503,キリン,2018-11-02,2115
2503,キリン,2018-11-09,2029
2503,キリン,2018-11-16,2003
2503,キリン,2018-11-23,2100
2503,キリン,2018-11-30,2083
2503,キリン,2018-12-07,1974
2503,キリン,2018-12-14,1868
2503,キリン,2018-12-21,1845
2503,キリン,2018-12-28,1819
2503,キリン,2018-12-31,1819
2503,キリン,2019-01-04,1827
2503,キリン,2019-01-11,1913
2503,キリン,2019-01-18,1978
2503,キリン,2019-01-25,2036
2503,キリン,2019-02-01,2074
2503,キリン,2019-02-08,2024
2503,キリン,2019-02-15,1990
2503,キリン,2019-02-22,1974
2503,キリン,2019-03-01,1964
2503,キリン,2019-03-08,1993
2503,キリン,2019-03-15,2013
2503,キリン,2019-03-22,2077
2503,キリン,2019-03-29,2091
2503,キリン,2019-04-05,2048
2503,キリン,2019-04-12,2003
2503,キリン,2019-04-19,1971
2503,キリン,2019-04-26,1994
2503,キリン,2019-05-10,1784
2503,キリン,2019-05-17,1779
2503,キリン,2019-05-24,1870
2503,キリン,2019-05-31,1863
2503,キリン,2019-06-07,1788
2503,キリン,2019-06-14,1835
2503,キリン,2019-06-21,1819
2503,キリン,2019-06-28,1864
2503,キリン,2019-07-05,1886
2503,キリン,2019-07-12,1876
2503,キリン,2019-07-19,1890
2503,キリン,2019-07-26,1880
2503,キリン,2019-08-02,1901
2503,キリン,2019-08-09,1794
2503,キリン,2019-08-16,1702
2503,キリン,2019-08-23,1684
2503,キリン,2019-08-30,1683
2503,キリン,2019-09-06,1678
2503,キリン,2019-09-13,1777
2503,キリン,2019-09-20,1805
2503,キリン,2019-09-27,1854
2503,キリン,2019-10-04,1819
2503,キリン,2019-10-11,1830
2503,キリン,2019-10-18,1795
2503,キリン,2019-10-25,1844
2503,キリン,2019-11-01,1849
2503,キリン,2019-11-08,2020
2503,キリン,2019-11-15,2030
2503,キリン,2019-11-22,1983
2503,キリン,2019-11-29,1943
2503,キリン,2019-12-06,1969
2503,キリン,2019-12-13,2008
2503,キリン,2019-12-20,1996
2503,キリン,2019-12-27,1953
2503,キリン,2019-12-30,1943
2503,キリン,2020-01-06,1889
2503,キリン,2020-01-10,1936
2503,キリン,2020-01-17,2020
2503,キリン,2020-01-24,2005
2503,キリン,2020-01-31,1961
2503,キリン,2020-02-07,2031
2503,キリン,2020-02-14,2058
2503,キリン,2020-02-21,1817
2503,キリン,2020-02-28,1687
2503,キリン,2020-03-06,1720
2503,キリン,2020-03-13,1583
2503,キリン,2020-03-19,1813
2503,キリン,2020-03-27,1853
2503,キリン,2020-04-03,1691
2503,キリン,2020-04-10,1742
2503,キリン,2020-04-17,1696
2503,キリン,2020-04-24,1665
2503,キリン,2020-05-01,1646
2503,キリン,2020-05-08,1683
2503,キリン,2020-05-15,1624
2503,キリン,2020-05-22,1654
2503,キリン,2020-05-29,1794
2503,キリン,2020-06-05,1893
2503,キリン,2020-06-12,1817
2503,キリン,2020-06-19,1885
2503,キリン,2020-06-26,1878
2503,キリン,2020-07-03,1817
2503,キリン,2020-07-10,1720
2503,キリン,2020-07-17,1763
2503,キリン,2020-07-22,1705
2503,キリン,2020-07-31,1677
2503,キリン,2020-08-07,1650
2503,キリン,2020-08-14,1738
2503,キリン,2020-08-21,1714
2503,キリン,2020-08-28,1686
2503,キリン,2020-09-04,1714
2503,キリン,2020-09-11,1670
2503,キリン,2020-09-18,1634
2503,キリン,2020-09-25,1649
2503,キリン,2020-10-02,1582
2503,キリン,2020-10-09,1649
2503,キリン,2020-10-16,1592
2503,キリン,2020-10-23,1620
2503,キリン,2020-10-30,1549
2503,キリン,2020-11-06,1636
2503,キリン,2020-11-13,1774
2503,キリン,2020-11-20,1840
2503,キリン,2020-11-27,1888
2503,キリン,2020-12-04,2010
2503,キリン,2020-12-11,1948
2503,キリン,2020-12-18,1999
2503,キリン,2020-12-25,2002
2503,キリン,2020-12-30,2034
2503,キリン,2021-01-04,1984
2503,キリン,2021-01-08,1915
2503,キリン,2021-01-15,1954
2503,キリン,2021-01-22,1931
2503,キリン,2021-01-29,1876
2503,キリン,2021-02-05,1815
2503,キリン,2021-02-12,1857
2503,キリン,2021-02-19,1769
2503,キリン,2021-02-26,1745
2503,キリン,2021-03-05,1763
2503,キリン,2021-03-12,1768
2503,キリン,2021-03-19,1831
2503,キリン,2021-03-26,1825
2503,キリン,2021-04-02,1762
2503,キリン,2021-04-09,1713
2503,キリン,2021-04-16,1737
2503,キリン,2021-04-23,1727
2503,キリン,2021-04-30,1713
2503,キリン,2021-05-07,1743
2503,キリン,2021-05-14,1793
2503,キリン,2021-05-21,1817
2503,キリン,2021-05-28,1853
2503,キリン,2021-06-04,1875
2503,キリン,2021-06-11,1909
2503,キリン,2021-06-18,1904
2503,キリン,2021-06-25,1857
2503,キリン,2021-07-02,1842
2503,キリン,2021-07-09,1767
2503,キリン,2021-07-16,1771
2503,キリン,2021-07-21,1752
2503,キリン,2021-07-30,1696
2503,キリン,2021-08-06,1680
2503,キリン,2021-08-13,1650
2503,キリン,2021-08-20,1680
2503,キリン,2021-08-27,1674
2503,キリン,2021-09-03,1738
2503,キリン,2021-09-10,1761
2503,キリン,2021-09-17,1768
2503,キリン,2021-09-24,1759
2503,キリン,2021-10-01,1736
2503,キリン,2021-10-08,1764
2503,キリン,2021-10-15,1751
2503,キリン,2021-10-22,1700
2503,キリン,2021-10-29,1680
2503,キリン,2021-11-05,1710
2503,キリン,2021-11-12,1585
2503,キリン,2021-11-19,1585
2503,キリン,2021-11-26,1600
2503,キリン,2021-12-03,1555
2503,キリン,2021-12-10,1569
2503,キリン,2021-12-17,1620
2503,キリン,2021-12-24,1602
2503,キリン,2021-12-30,1593
2503,キリン,2022-01-04,1614
2503,キリン,2022-01-07,1619
2503,キリン,2022-01-14,1612
2503,キリン,2022-01-21,1622
2503,キリン,2022-01-28,1595
2503,キリン,2022-02-04,1618
2503,キリン,2022-02-10,1642
2503,キリン,2022-02-18,1753
2503,キリン,2022-02-25,1631
2503,キリン,2022-03-04,1580
2503,キリン,2022-03-11,1507
2503,キリン,2022-03-18,1573
2503,キリン,2022-03-25,1580
2503,キリン,2022-04-01,1582
2503,キリン,2022-04-08,1531
2503,キリン,2022-04-15,1550
2503,キリン,2022-04-22,1567
2503,キリン,2022-04-28,1639
2503,キリン,2022-05-06,1680
2503,キリン,2022-05-13,1682
2503,キリン,2022-05-20,1656
2503,キリン,2022-05-27,1699
2503,キリン,2022-06-03,1761
2503,キリン,2022-06-10,1793
2503,キリン,2022-06-17,1817
2503,キリン,2022-06-24,1871
2503,キリン,2022-07-01,1877
2503,キリン,2022-07-08,1905
2503,キリン,2022-07-15,1938
2503,キリン,2022-07-22,1908
2503,キリン,2022-07-29,1914
2503,キリン,2022-08-05,1941
2503,キリン,2022-08-12,1966
2503,キリン,2022-08-19,1966
2503,キリン,2022-08-26,1974
2503,キリン,2022-09-02,1958
2503,キリン,2022-09-09,1950
2503,キリン,2022-09-16,1935
2503,キリン,2022-09-22,1973
2503,キリン,2022-09-30,1950
2503,キリン,2022-10-07,1964
2503,キリン,2022-10-14,1991
2503,キリン,2022-10-21,1893
2503,キリン,2022-10-28,1902
2503,キリン,2022-11-04,1901
2503,キリン,2022-11-11,1905
2503,キリン,2022-11-18,1901
2503,キリン,2022-11-25,1937
2503,キリン,2022-12-02,1860
2503,キリン,2022-12-09,1866
2503,キリン,2022-12-16,1854
2503,キリン,2022-12-23,1795
2503,キリン,2022-12-30,1792
2503,キリン,2023-01-04,1747
2503,キリン,2023-01-06,1734
2503,キリン,2023-01-13,1702
2503,キリン,2023-01-20,1746
2503,キリン,2023-01-27,1771
2503,キリン,2023-02-03,1802
2503,キリン,2023-02-10,1819
2503,キリン,2023-02-17,1779
2503,キリン,2023-02-24,1800
2503,キリン,2023-03-03,1823
2503,キリン,2023-03-10,1855
2503,キリン,2023-03-17,1849
2503,キリン,2023-03-24,1830
2503,キリン,2023-03-31,1868
2503,キリン,2023-04-07,1850
2503,キリン,2023-04-14,1882
2503,キリン,2023-04-21,1940
2503,キリン,2023-04-28,1969
2503,キリン,2023-05-02,1959
2503,キリン,2023-05-12,1918
2503,キリン,2023-05-19,1924
2503,キリン,2023-05-26,1881
2503,キリン,2023-06-02,1866
2503,キリン,2023-06-09,1872
2503,キリン,2023-06-16,1925
2503,キリン,2023-06-23,1946
2503,キリン,2023-06-30,1903
2503,キリン,2023-07-07,1888
2503,キリン,2023-07-14,1867
2503,キリン,2023-07-21,1880
2503,キリン,2023-07-28,1897
2503,キリン,2023-08-04,1863
2503,キリン,2023-08-10,1821
2503,キリン,2023-08-18,1802
2503,キリン,2023-08-25,1807
2503,キリン,2023-09-01,1873
2503,キリン,2023-09-08,1874
2503,キリン,2023-09-15,1925
2503,キリン,2023-09-22,1914
2503,キリン,2023-09-29,1895
2503,キリン,2023-10-06,1889
2503,キリン,2023-10-13,1899
2503,キリン,2023-10-20,1876
2503,キリン,2023-10-27,1915
2503,キリン,2023-11-02,1944
2503,キリン,2023-11-10,1987
2503,キリン,2023-11-17,1974
2503,キリン,2023-11-24,1955
2503,キリン,2023-12-01,1897
2503,キリン,2023-12-08,1902
2503,キリン,2023-12-15,1886
2503,キリン,2023-12-22,1893
2503,キリン,2023-12-29,1904
2503,キリン,2024-01-04,1922
2503,キリン,2024-01-05,1925
2503,キリン,2024-01-12,1983
2503,キリン,2024-01-19,1920
2503,キリン,2024-01-26,1923
2503,キリン,2024-02-02,1954
2503,キリン,2024-02-09,1988
2503,キリン,2024-02-16,1957
2503,キリン,2024-02-22,1979
2503,キリン,2024-03-01,1925
2503,キリン,2024-03-08,1893
2503,キリン,2024-03-15,1921
2503,キリン,2024-03-22,1954
2503,キリン,2024-03-29,1936
2503,キリン,2024-04-05,1958
2503,キリン,2024-04-12,2018
2503,キリン,2024-04-19,2042
2503,キリン,2024-04-26,2095
2503,キリン,2024-05-02,2109
2503,キリン,2024-05-10,2117
2503,キリン,2024-05-17,2062
2503,キリン,2024-05-24,2030
2503,キリン,2024-05-31,2004
2503,キリン,2024-06-07,2041
2503,キリン,2024-06-14,1962
2503,キリン,2024-06-21,1920
2503,キリン,2024-06-28,1943
2503,キリン,2024-07-05,1953
2503,キリン,2024-07-12,2013
2503,キリン,2024-07-19,2014
2503,キリン,2024-07-26,1972
2503,キリン,2024-08-02,1907
2503,キリン,2024-08-09,1890
2503,キリン,2024-08-16,1948
2503,キリン,2024-08-23,2056
2503,キリン,2024-08-30,2064
2503,キリン,2024-09-06,2093
2503,キリン,2024-09-13,2024
2503,キリン,2024-09-20,2055
2503,キリン,2024-09-27,2098
2503,キリン,2024-10-04,2070
2503,キリン,2024-10-11,2085
2503,キリン,2024-10-18,2063
2503,キリン,2024-10-25,2126
2503,キリン,2024-11-01,2084
2503,キリン,2024-11-08,2033
2503,キリン,2024-11-15,1981
2503,キリン,2024-11-22,1991
2503,キリン,2024-11-29,1958
2503,キリン,2024-12-06,1989
2503,キリン,2024-12-13,1983
2503,キリン,2024-12-20,1929
2503,キリン,2024-12-27,1961
2503,キリン,2024-12-30,1954
2503,キリン,2025-01-06,1925
2503,キリン,2025-01-10,1883
2503,キリン,2025-01-17,1826
2503,キリン,2025-01-24,1846
2503,キリン,2025-01-31,1873
2503,キリン,2025-02-07,1824
2503,キリン,2025-02-14,1851
2503,キリン,2025-02-21,1924
2503,キリン,2025-02-28,1932
2503,キリン,2025-03-07,1967
2503,キリン,2025-03-14,1945
2503,キリン,2025-03-21,1984
2503,キリン,2025-03-28,2010
2503,キリン,2025-04-04,1983
2503,キリン,2025-04-11,1981
2503,キリン,2025-04-18,2055
2503,キリン,2025-04-25,2038
2503,キリン,2025-05-02,2047
2503,キリン,2025-05-09,2081
2503,キリン,2025-05-16,1993
2503,キリン,2025-05-23,1958
2503,キリン,2025-05-30,1976
2503,キリン,2025-06-06,1974
2503,キリン,2025-06-13,1956
2503,キリン,2025-06-20,1942
2503,キリン,2025-06-27,1949
2503,キリン,2025-07-04,1960
2503,キリン,2025-07-11,1928
2503,キリン,2025-07-18,1944
2503,キリン,2025-07-25,1938
2503,キリン,2025-08-01,1934
2503,キリン,2025-08-08,2040
2503,キリン,2025-08-15,2090
2503,キリン,2025-08-22,2158
2503,キリン,2025-08-29,2074
2503,キリン,2025-09-05,2191
2503,キリン,2025-09-12,2089
2503,キリン,2025-09-19,2121
2503,キリン,2025-09-26,2161
2503,キリン,2025-10-03,2059
2503,キリン,2025-10-10,2091
2503,キリン,2025-10-17,2124
2503,キリン,2025-10-24,2158
2503,キリン,2025-10-31,2103
2503,キリン,2025-11-07,2149
2503,キリン,2025-11-14,2324
2503,キリン,2025-11-21,2379
2503,キリン,2025-11-28,2383
2503,キリン,2025-12-05,2274
2503,キリン,2025-12-12,2253
2503,キリン,2025-12-19,2332
2503,キリン,2025-12-26,2319
2503,キリン,2025-12-30,2317
2503,キリン,2026-01-05,2332
2503,キリン,2026-01-09,2338
2503,キリン,2026-01-16,2367
2503,キリン,2026-01-23,2423
2503,キリン,2026-01-30,2360
2503,キリン,2026-02-06,2438
2503,キリン,2026-02-13,2557
2503,キリン,2026-02-20,2603
2503,キリン,2026-02-27,2671
2503,キリン,2026-03-06,2555
2503,キリン,2026-03-13,2567
2503,キリン,2026-03-19,2442
2503,キリン,2026-03-27,2475
2503,キリン,2026-04-03,2506
2503,キリン,2026-04-10,2600
2503,キリン,2026-04-17,2558
2503,キリン,2026-04-24,2473
2503,キリン,2026-05-01,2465
2503,キリン,2026-05-08,2463
2503,キリン,2026-05-15,2588
2503,キリン,2026-05-22,2684
2503,キリン,2026-05-29,2682
2503,キリン,2026-06-05,2573
2503,キリン,2026-06-12,2684
2503,キリン,2026-06-19,2736
2503,キリン,2026-06-26,2823
2503,キリン,2026-07-03,2814
2503,キリン,2026-07-10,2837
2503,キリン,2026-07-17,2909
2503,キリン,2026-07-24,2908
2503,キリン,2026-07-31,2953
2503,キリン,2026-08-07,3038
2503,キリン,2026-08-14,3108
2503,キリン,2026-08-21,3038
2503,キリン,2026-08-28,3053
2503,キリン,2026-09-04,2912
2503,キリン,2026-09-11,2775
2503,キリン,2026-09-18,2849
2503,キリン,2026-09-25,2868
2503,キリン,2026-09-30,2828
5909,コロナ,2005-01-03,953
5909,コロナ,2005-01-07,977
5909,コロナ,2005-01-14,959
5909,コロナ,2005-01-21,977
5909,コロナ,2005-01-28,970
5909,コロナ,2005-02-04,976
5909,コロナ,2005-02-11,1013
5909,コロナ,2005-02-18,1029
5909,コロナ,2005-02-25,1079
5909,コロナ,2005-03-04,1048
5909,コロナ,2005-03-11,1003
5909,コロナ,2005-03-18,1065
5909,コロナ,2005-03-25,1046
5909,コロナ,2005-04-01,1055
5909,コロナ,2005-04-08,1049
5909,コロナ,2005-04-15,1046
5909,コロナ,2005-04-22,1055
5909,コロナ,2005-04-29,1073
5909,コロナ,2005-05-06,1082
5909,コロナ,2005-05-13,1061
5909,コロナ,2005-05-20,1043
5909,コロナ,2005-05-27,1036
5909,コロナ,2005-06-03,1036
5909,コロナ,2005-06-10,1034
5909,コロナ,2005-06-17,1037
5909,コロナ,2005-06-24,997
5909,コロナ,2005-07-01,1013
5909,コロナ,2005-07-08,1013
5909,コロナ,2005-07-15,987
5909,コロナ,2005-07-22,993
5909,コロナ,2005-07-29,1006
5909,コロナ,2005-08-05,1012
5909,コロナ,2005-08-12,1049
5909,コロナ,2005-08-19,1086
5909,コロナ,2005-08-26,1092
5909,コロナ,2005-09-02,1098
5909,コロナ,2005-09-09,1079
5909,コロナ,2005-09-16,1085
5909,コロナ,2005-09-23,1110
5909,コロナ,2005-09-30,1157
5909,コロナ,2005-10-07,1203
5909,コロナ,2005-10-14,1195
5909,コロナ,2005-10-21,1229
5909,コロナ,2005-10-28,1216
5909,コロナ,2005-11-04,1238
5909,コロナ,2005-11-11,1195
5909,コロナ,2005-11-18,1226
5909,コロナ,2005-11-25,1244
5909,コロナ,2005-12-02,1226
5909,コロナ,2005-12-09,1232
5909,コロナ,2005-12-16,1238
5909,コロナ,2005-12-23,1373
5909,コロナ,2005-12-30,1401
5909,コロナ,2006-01-02,1401
5909,コロナ,2006-01-06,1407
5909,コロナ,2006-01-13,1379
5909,コロナ,2006-01-20,1398
5909,コロナ,2006-01-27,1398
5909,コロナ,2006-02-03,1441
5909,コロナ,2006-02-10,1321
5909,コロナ,2006-02-17,1263
5909,コロナ,2006-02-24,1496
5909,コロナ,2006-03-03,1364
5909,コロナ,2006-03-10,1431
5909,コロナ,2006-03-17,1376
5909,コロナ,2006-03-24,1474
5909,コロナ,2006-03-31,1491
5909,コロナ,2006-04-07,1519
5909,コロナ,2006-04-14,1409
5909,コロナ,2006-04-21,1418
5909,コロナ,2006-04-28,1393
5909,コロナ,2006-05-05,1390
5909,コロナ,2006-05-12,1409
5909,コロナ,2006-05-19,1313
5909,コロナ,2006-05-26,1283
5909,コロナ,2006-06-02,1207
5909,コロナ,2006-06-09,1138
5909,コロナ,2006-06-16,1187
5909,コロナ,2006-06-23,1212
5909,コロナ,2006-06-30,1286
5909,コロナ,2006-07-07,1292
5909,コロナ,2006-07-14,1231
5909,コロナ,2006-07-21,1277
5909,コロナ,2006-07-28,1240
5909,コロナ,2006-08-04,1258
5909,コロナ,2006-08-11,1274
5909,コロナ,2006-08-18,1280
5909,コロナ,2006-08-25,1332
5909,コロナ,2006-09-01,1274
5909,コロナ,2006-09-08,1280
5909,コロナ,2006-09-15,1246
5909,コロナ,2006-09-22,1243
5909,コロナ,2006-09-29,1281
5909,コロナ,2006-10-06,1336
5909,コロナ,2006-10-13,1333
5909,コロナ,2006-10-20,1373
5909,コロナ,2006-10-27,1343
5909,コロナ,2006-11-03,1324
5909,コロナ,2006-11-10,1296
5909,コロナ,2006-11-17,1290
5909,コロナ,2006-11-24,1287
5909,コロナ,2006-12-01,1299
5909,コロナ,2006-12-08,1315
5909,コロナ,2006-12-15,1339
5909,コロナ,2006-12-22,1380
5909,コロナ,2006-12-29,1380
5909,コロナ,2007-01-04,1389
5909,コロナ,2007-01-05,1364
5909,コロナ,2007-01-12,1352
5909,コロナ,2007-01-19,1358
5909,コロナ,2007-01-26,1346
5909,コロナ,2007-02-02,1349
5909,コロナ,2007-02-09,1312
5909,コロナ,2007-02-16,1296
5909,コロナ,2007-02-23,1352
5909,コロナ,2007-03-02,1284
5909,コロナ,2007-03-09,1256
5909,コロナ,2007-03-16,1241
5909,コロナ,2007-03-23,1256
5909,コロナ,2007-03-30,1254
5909,コロナ,2007-04-06,1227
5909,コロナ,2007-04-13,1214
5909,コロナ,2007-04-20,1211
5909,コロナ,2007-04-27,1260
5909,コロナ,2007-05-02,1260
5909,コロナ,2007-05-11,1254
5909,コロナ,2007-05-18,1237
5909,コロナ,2007-05-25,1225
5909,コロナ,2007-06-01,1214
5909,コロナ,2007-06-08,1214
5909,コロナ,2007-06-15,1195
5909,コロナ,2007-06-22,1204
5909,コロナ,2007-06-29,1216
5909,コロナ,2007-07-06,1276
5909,コロナ,2007-07-13,1254
5909,コロナ,2007-07-20,1227
5909,コロナ,2007-07-27,1194
5909,コロナ,2007-08-03,1184
5909,コロナ,2007-08-10,1170
5909,コロナ,2007-08-17,1068
5909,コロナ,2007-08-24,1129
5909,コロナ,2007-08-31,1117
5909,コロナ,2007-09-07,1061
5909,コロナ,2007-09-14,1060
5909,コロナ,2007-09-21,1061
5909,コロナ,2007-09-28,1097
5909,コロナ,2007-10-05,1033
5909,コロナ,2007-10-12,1005
5909,コロナ,2007-10-19,936
5909,コロナ,2007-10-26,862
5909,コロナ,2007-11-02,894
5909,コロナ,2007-11-09,896
5909,コロナ,2007-11-16,878
5909,コロナ,2007-11-22,906
5909,コロナ,2007-11-30,962
5909,コロナ,2007-12-07,1031
5909,コロナ,2007-12-14,932
5909,コロナ,2007-12-21,874
5909,コロナ,2007-12-28,894
5909,コロナ,2008-01-04,872
5909,コロナ,2008-01-11,918
5909,コロナ,2008-01-18,884
5909,コロナ,2008-01-25,858
5909,コロナ,2008-02-01,867
5909,コロナ,2008-02-08,791
5909,コロナ,2008-02-15,766
5909,コロナ,2008-02-22,782
5909,コロナ,2008-02-29,844
5909,コロナ,2008-03-07,796
5909,コロナ,2008-03-14,697
5909,コロナ,2008-03-21,681
5909,コロナ,2008-03-28,718
5909,コロナ,2008-04-04,726
5909,コロナ,2008-04-11,753
5909,コロナ,2008-04-18,761
5909,コロナ,2008-04-25,787
5909,コロナ,2008-05-02,859
5909,コロナ,2008-05-09,860
5909,コロナ,2008-05-16,896
5909,コロナ,2008-05-23,845
5909,コロナ,2008-05-30,946
5909,コロナ,2008-06-06,966
5909,コロナ,2008-06-13,938
5909,コロナ,2008-06-20,935
5909,コロナ,2008-06-27,985
5909,コロナ,2008-07-04,942
5909,コロナ,2008-07-11,928
5909,コロナ,2008-07-18,911
5909,コロナ,2008-07-25,900
5909,コロナ,2008-08-01,892
5909,コロナ,2008-08-08,899
5909,コロナ,2008-08-15,863
5909,コロナ,2008-08-22,846
5909,コロナ,2008-08-29,893
5909,コロナ,2008-09-05,764
5909,コロナ,2008-09-12,724
5909,コロナ,2008-09-19,674
5909,コロナ,2008-09-26,682
5909,コロナ,2008-10-03,671
5909,コロナ,2008-10-10,449
5909,コロナ,2008-10-17,504
5909,コロナ,2008-10-24,522
5909,コロナ,2008-10-31,532
5909,コロナ,2008-11-07,596
5909,コロナ,2008-11-14,542
5909,コロナ,2008-11-21,555
5909,コロナ,2008-11-28,545
5909,コロナ,2008-12-05,553
5909,コロナ,2008-12-12,585
5909,コロナ,2008-12-19,560
5909,コロナ,2008-12-26,568
5909,コロナ,2008-12-30,575
5909,コロナ,2009-01-05,571
5909,コロナ,2009-01-09,583
5909,コロナ,2009-01-16,594
5909,コロナ,2009-01-23,572
5909,コロナ,2009-01-30,588
5909,コロナ,2009-02-06,573
5909,コロナ,2009-02-13,564
5909,コロナ,2009-02-20,542
5909,コロナ,2009-02-27,554
5909,コロナ,2009-03-06,562
5909,コロナ,2009-03-13,555
5909,コロナ,2009-03-19,570
5909,コロナ,2009-03-27,604
5909,コロナ,2009-04-03,610
5909,コロナ,2009-04-10,594
5909,コロナ,2009-04-17,613
5909,コロナ,2009-04-24,598
5909,コロナ,2009-05-01,600
5909,コロナ,2009-05-08,616
5909,コロナ,2009-05-15,600
5909,コロナ,2009-05-22,631
5909,コロナ,2009-05-29,807
5909,コロナ,2009-06-05,753
5909,コロナ,2009-06-12,749
5909,コロナ,2009-06-19,797
5909,コロナ,2009-06-26,780
5909,コロナ,2009-07-03,791
5909,コロナ,2009-07-10,742
5909,コロナ,2009-07-17,705
5909,コロナ,2009-07-24,738
5909,コロナ,2009-07-31,729
5909,コロナ,2009-08-07,718
5909,コロナ,2009-08-14,731
5909,コロナ,2009-08-21,760
5909,コロナ,2009-08-28,865
5909,コロナ,2009-09-04,796
5909,コロナ,2009-09-11,801
5909,コロナ,2009-09-18,786
5909,コロナ,2009-09-25,800
5909,コロナ,2009-10-02,741
5909,コロナ,2009-10-09,772
5909,コロナ,2009-10-16,818
5909,コロナ,2009-10-23,816
5909,コロナ,2009-10-30,793
5909,コロナ,2009-11-06,730
5909,コロナ,2009-11-13,775
5909,コロナ,2009-11-20,767
5909,コロナ,2009-11-27,749
5909,コロナ,2009-12-04,761
5909,コロナ,2009-12-11,785
5909,コロナ,2009-12-18,761
5909,コロナ,2009-12-25,839
5909,コロナ,2009-12-30,806
5909,コロナ,2010-01-04,815
5909,コロナ,2010-01-08,825
5909,コロナ,2010-01-15,844
5909,コロナ,2010-01-22,844
5909,コロナ,2010-01-29,795
5909,コロナ,2010-02-05,808
5909,コロナ,2010-02-12,774
5909,コロナ,2010-02-19,741
5909,コロナ,2010-02-26,735
5909,コロナ,2010-03-05,734
5909,コロナ,2010-03-12,743
5909,コロナ,2010-03-19,745
5909,コロナ,2010-03-26,759
5909,コロナ,2010-04-02,786
5909,コロナ,2010-04-09,769
5909,コロナ,2010-04-16,762
5909,コロナ,2010-04-23,760
5909,コロナ,2010-04-30,751
5909,コロナ,2010-05-07,682
5909,コロナ,2010-05-14,655
5909,コロナ,2010-05-21,622
5909,コロナ,2010-05-28,599
5909,コロナ,2010-06-04,617
5909,コロナ,2010-06-11,580
5909,コロナ,2010-06-18,576
5909,コロナ,2010-06-25,566
5909,コロナ,2010-07-02,538
5909,コロナ,2010-07-09,536
5909,コロナ,2010-07-16,514
5909,コロナ,2010-07-23,511
5909,コロナ,2010-07-30,507
5909,コロナ,2010-08-06,492
5909,コロナ,2010-08-13,473
5909,コロナ,2010-08-20,532
5909,コロナ,2010-08-27,536
5909,コロナ,2010-09-03,555
5909,コロナ,2010-09-10,550
5909,コロナ,2010-09-17,561
5909,コロナ,2010-09-24,539
5909,コロナ,2010-10-01,504
5909,コロナ,2010-10-08,499
5909,コロナ,2010-10-15,462
5909,コロナ,2010-10-22,466
5909,コロナ,2010-10-29,468
5909,コロナ,2010-11-05,501
5909,コロナ,2010-11-12,503
5909,コロナ,2010-11-19,495
5909,コロナ,2010-11-26,495
5909,コロナ,2010-12-03,490
5909,コロナ,2010-12-10,499
5909,コロナ,2010-12-17,515
5909,コロナ,2010-12-24,523
5909,コロナ,2010-12-30,519
5909,コロナ,2011-01-04,525
5909,コロナ,2011-01-07,528
5909,コロナ,2011-01-14,545
5909,コロナ,2011-01-21,534
5909,コロナ,2011-01-28,532
5909,コロナ,2011-02-04,556
5909,コロナ,2011-02-10,605
5909,コロナ,2011-02-18,596
5909,コロナ,2011-02-25,575
5909,コロナ,2011-03-04,586
5909,コロナ,2011-03-11,540
5909,コロナ,2011-03-18,487
5909,コロナ,2011-03-25,543
5909,コロナ,2011-04-01,545
5909,コロナ,2011-04-08,505
5909,コロナ,2011-04-15,541
5909,コロナ,2011-04-22,528
5909,コロナ,2011-04-28,521
5909,コロナ,2011-05-06,527
5909,コロナ,2011-05-13,520
5909,コロナ,2011-05-20,524
5909,コロナ,2011-05-27,520
5909,コロナ,2011-06-03,560
5909,コロナ,2011-06-10,568
5909,コロナ,2011-06-17,567
5909,コロナ,2011-06-24,596
5909,コロナ,2011-07-01,595
5909,コロナ,2011-07-08,598
5909,コロナ,2011-07-15,588
5909,コロナ,2011-07-22,584
5909,コロナ,2011-07-29,586
5909,コロナ,2011-08-05,687
5909,コロナ,2011-08-12,612
5909,コロナ,2011-08-19,770
5909,コロナ,2011-08-26,774
5909,コロナ,2011-09-02,791
5909,コロナ,2011-09-09,773
5909,コロナ,2011-09-16,851
5909,コロナ,2011-09-22,916
5909,コロナ,2011-09-30,978
5909,コロナ,2011-10-07,946
5909,コロナ,2011-10-14,862
5909,コロナ,2011-10-21,968
5909,コロナ,2011-10-28,973
5909,コロナ,2011-11-04,913
5909,コロナ,2011-11-11,888
5909,コロナ,2011-11-18,846
5909,コロナ,2011-11-25,843
5909,コロナ,2011-12-02,874
5909,コロナ,2011-12-09,903
5909,コロナ,2011-12-16,798
5909,コロナ,2011-12-22,843
5909,コロナ,2011-12-30,815
5909,コロナ,2012-01-04,799
5909,コロナ,2012-01-06,778
5909,コロナ,2012-01-13,784
5909,コロナ,2012-01-20,810
5909,コロナ,2012-01-27,843
5909,コロナ,2012-02-03,886
5909,コロナ,2012-02-10,814
5909,コロナ,2012-02-17,815
5909,コロナ,2012-02-24,851
5909,コロナ,2012-03-02,817
5909,コロナ,2012-03-09,841
5909,コロナ,2012-03-16,859
5909,コロナ,2012-03-23,838
5909,コロナ,2012-03-30,855
5909,コロナ,2012-04-06,805
5909,コロナ,2012-04-13,803
5909,コロナ,2012-04-20,805
5909,コロナ,2012-04-27,761
5909,コロナ,2012-05-02,757
5909,コロナ,2012-05-11,710
5909,コロナ,2012-05-18,631
5909,コロナ,2012-05-25,647
5909,コロナ,2012-06-01,635
5909,コロナ,2012-06-08,656
5909,コロナ,2012-06-15,656
5909,コロナ,2012-06-22,671
5909,コロナ,2012-06-29,712
5909,コロナ,2012-07-06,732
5909,コロナ,2012-07-13,725
5909,コロナ,2012-07-20,699
5909,コロナ,2012-07-27,678
5909,コロナ,2012-08-03,674
5909,コロナ,2012-08-10,689
5909,コロナ,2012-08-17,722
5909,コロナ,2012-08-24,722
5909,コロナ,2012-08-31,697
5909,コロナ,2012-09-07,676
5909,コロナ,2012-09-14,687
5909,コロナ,2012-09-21,680
5909,コロナ,2012-09-28,694
5909,コロナ,2012-10-05,683
5909,コロナ,2012-10-12,675
5909,コロナ,2012-10-19,689
5909,コロナ,2012-10-26,693
5909,コロナ,2012-11-02,686
5909,コロナ,2012-11-09,673
5909,コロナ,2012-11-16,677
5909,コロナ,2012-11-22,691
5909,コロナ,2012-11-30,719
5909,コロナ,2012-12-07,766
5909,コロナ,2012-12-14,711
5909,コロナ,2012-12-21,723
5909,コロナ,2012-12-28,735
5909,コロナ,2013-01-04,741
5909,コロナ,2013-01-11,741
5909,コロナ,2013-01-18,793
5909,コロナ,2013-01-25,827
5909,コロナ,2013-02-01,823
5909,コロナ,2013-02-08,763
5909,コロナ,2013-02-15,761
5909,コロナ,2013-02-22,764
5909,コロナ,2013-03-01,769
5909,コロナ,2013-03-08,805
5909,コロナ,2013-03-15,818
5909,コロナ,2013-03-22,757
5909,コロナ,2013-03-29,745
5909,コロナ,2013-04-05,738
5909,コロナ,2013-04-12,752
5909,コロナ,2013-04-19,738
5909,コロナ,2013-04-26,753
5909,コロナ,2013-05-02,755
5909,コロナ,2013-05-10,766
5909,コロナ,2013-05-17,774
5909,コロナ,2013-05-24,746
5909,コロナ,2013-05-31,724
5909,コロナ,2013-06-07,695
5909,コロナ,2013-06-14,718
5909,コロナ,2013-06-21,775
5909,コロナ,2013-06-28,759
5909,コロナ,2013-07-05,752
5909,コロナ,2013-07-12,747
5909,コロナ,2013-07-19,763
5909,コロナ,2013-07-26,757
5909,コロナ,2013-08-02,750
5909,コロナ,2013-08-09,742
5909,コロナ,2013-08-16,750
5909,コロナ,2013-08-23,756
5909,コロナ,2013-08-30,750
5909,コロナ,2013-09-06,763
5909,コロナ,2013-09-13,773
5909,コロナ,2013-09-20,777
5909,コロナ,2013-09-27,787
5909,コロナ,2013-10-04,762
5909,コロナ,2013-10-11,781
5909,コロナ,2013-10-18,774
5909,コロナ,2013-10-25,769
5909,コロナ,2013-11-01,776
5909,コロナ,2013-11-08,775
5909,コロナ,2013-11-15,785
5909,コロナ,2013-11-22,794
5909,コロナ,2013-11-29,796
5909,コロナ,2013-12-06,800
5909,コロナ,2013-12-13,794
5909,コロナ,2013-12-20,786
5909,コロナ,2013-12-27,796
5909,コロナ,2013-12-30,799
5909,コロナ,2014-01-06,797
5909,コロナ,2014-01-10,803
5909,コロナ,2014-01-17,796
5909,コロナ,2014-01-24,785
5909,コロナ,2014-01-31,779
5909,コロナ,2014-02-07,734
5909,コロナ,2014-02-14,745
5909,コロナ,2014-02-21,763
5909,コロナ,2014-02-28,753
5909,コロナ,2014-03-07,763
5909,コロナ,2014-03-14,728
5909,コロナ,2014-03-20,690
5909,コロナ,2014-03-28,762
5909,コロナ,2014-04-04,755
5909,コロナ,2014-04-11,712
5909,コロナ,2014-04-18,732
5909,コロナ,2014-04-25,739
5909,コロナ,2014-05-02,743
5909,コロナ,2014-05-09,739
5909,コロナ,2014-05-16,739
5909,コロナ,2014-05-23,764
5909,コロナ,2014-05-30,783
5909,コロナ,2014-06-06,796
5909,コロナ,2014-06-13,789
5909,コロナ,2014-06-20,809
5909,コロナ,2014-06-27,808
5909,コロナ,2014-07-04,811
5909,コロナ,2014-07-11,840
5909,コロナ,2014-07-18,814
5909,コロナ,2014-07-25,839
5909,コロナ,2014-08-01,833
5909,コロナ,2014-08-08,826
5909,コロナ,2014-08-15,856
5909,コロナ,2014-08-22,869
5909,コロナ,2014-08-29,863
5909,コロナ,2014-09-05,881
5909,コロナ,2014-09-12,863
5909,コロナ,2014-09-19,885
5909,コロナ,2014-09-26,866
5909,コロナ,2014-10-03,829
5909,コロナ,2014-10-10,795
5909,コロナ,2014-10-17,779
5909,コロナ,2014-10-24,822
5909,コロナ,2014-10-31,837
5909,コロナ,2014-11-07,855
5909,コロナ,2014-11-14,863
5909,コロナ,2014-11-21,855
5909,コロナ,2014-11-28,827
5909,コロナ,2014-12-05,843
5909,コロナ,2014-12-12,816
5909,コロナ,2014-12-19,829
5909,コロナ,2014-12-26,851
5909,コロナ,2014-12-30,850
5909,コロナ,2015-01-05,850
5909,コロナ,2015-01-09,854
5909,コロナ,2015-01-16,834
5909,コロナ,2015-01-23,850
5909,コロナ,2015-01-30,845
5909,コロナ,2015-02-06,813
5909,コロナ,2015-02-13,821
5909,コロナ,2015-02-20,841
5909,コロナ,2015-02-27,839
5909,コロナ,2015-03-06,844
5909,コロナ,2015-03-13,842
5909,コロナ,2015-03-20,853
5909,コロナ,2015-03-27,855
5909,コロナ,2015-04-03,861
5909,コロナ,2015-04-10,858
5909,コロナ,2015-04-17,842
5909,コロナ,2015-04-24,849
5909,コロナ,2015-05-01,834
5909,コロナ,2015-05-08,834
5909,コロナ,2015-05-15,847
5909,コロナ,2015-05-22,861
5909,コロナ,2015-05-29,885
5909,コロナ,2015-06-05,907
5909,コロナ,2015-06-12,912
5909,コロナ,2015-06-19,872
5909,コロナ,2015-06-26,893
5909,コロナ,2015-07-03,880
5909,コロナ,2015-07-10,877
5909,コロナ,2015-07-17,904
5909,コロナ,2015-07-24,899
5909,コロナ,2015-07-31,909
5909,コロナ,2015-08-07,912
5909,コロナ,2015-08-14,886
5909,コロナ,2015-08-21,873
5909,コロナ,2015-08-28,876
5909,コロナ,2015-09-04,825
5909,コロナ,2015-09-11,840
5909,コロナ,2015-09-18,841
5909,コロナ,2015-09-25,825
5909,コロナ,2015-10-02,823
5909,コロナ,2015-10-09,830
5909,コロナ,2015-10-16,821
5909,コロナ,2015-10-23,863
5909,コロナ,2015-10-30,882
5909,コロナ,2015-11-06,849
5909,コロナ,2015-11-13,867
5909,コロナ,2015-11-20,893
5909,コロナ,2015-11-27,904
5909,コロナ,2015-12-04,887
5909,コロナ,2015-12-11,885
5909,コロナ,2015-12-18,869
5909,コロナ,2015-12-25,845
5909,コロナ,2015-12-30,855
5909,コロナ,2016-01-04,837
5909,コロナ,2016-01-08,815
5909,コロナ,2016-01-15,797
5909,コロナ,2016-01-22,771
5909,コロナ,2016-01-29,787
5909,コロナ,2016-02-05,744
5909,コロナ,2016-02-12,678
5909,コロナ,2016-02-19,719
5909,コロナ,2016-02-26,744
5909,コロナ,2016-03-04,762
5909,コロナ,2016-03-11,772
5909,コロナ,2016-03-18,768
5909,コロナ,2016-03-25,812
5909,コロナ,2016-04-01,814
5909,コロナ,2016-04-08,775
5909,コロナ,2016-04-15,797
5909,コロナ,2016-04-22,827
5909,コロナ,2016-04-28,799
5909,コロナ,2016-05-06,802
5909,コロナ,2016-05-13,790
5909,コロナ,2016-05-20,786
5909,コロナ,2016-05-27,773
5909,コロナ,2016-06-03,766
5909,コロナ,2016-06-10,786
5909,コロナ,2016-06-17,773
5909,コロナ,2016-06-24,732
5909,コロナ,2016-07-01,758
5909,コロナ,2016-07-08,769
5909,コロナ,2016-07-15,769
5909,コロナ,2016-07-22,775
5909,コロナ,2016-07-29,772
5909,コロナ,2016-08-05,760
5909,コロナ,2016-08-12,772
5909,コロナ,2016-08-19,750
5909,コロナ,2016-08-26,759
5909,コロナ,2016-09-02,763
5909,コロナ,2016-09-09,753
5909,コロナ,2016-09-16,764
5909,コロナ,2016-09-23,775
5909,コロナ,2016-09-30,774
5909,コロナ,2016-10-07,780
5909,コロナ,2016-10-14,786
5909,コロナ,2016-10-21,792
5909,コロナ,2016-10-28,847
5909,コロナ,2016-11-04,828
5909,コロナ,2016-11-11,838
5909,コロナ,2016-11-18,862
5909,コロナ,2016-11-25,883
5909,コロナ,2016-12-02,915
5909,コロナ,2016-12-09,909
5909,コロナ,2016-12-16,896
5909,コロナ,2016-12-22,884
5909,コロナ,2016-12-30,872
5909,コロナ,2017-01-04,895
5909,コロナ,2017-01-06,891
5909,コロナ,2017-01-13,895
5909,コロナ,2017-01-20,875
5909,コロナ,2017-01-27,875
5909,コロナ,2017-02-03,856
5909,コロナ,2017-02-10,881
5909,コロナ,2017-02-17,884
5909,コロナ,2017-02-24,884
5909,コロナ,2017-03-03,885
5909,コロナ,2017-03-10,891
5909,コロナ,2017-03-17,900
5909,コロナ,2017-03-24,893
5909,コロナ,2017-03-31,869
5909,コロナ,2017-04-07,843
5909,コロナ,2017-04-14,831
5909,コロナ,2017-04-21,834
5909,コロナ,2017-04-28,877
5909,コロナ,2017-05-02,872
5909,コロナ,2017-05-12,890
5909,コロナ,2017-05-19,872
5909,コロナ,2017-05-26,883
5909,コロナ,2017-06-02,881
5909,コロナ,2017-06-09,861
5909,コロナ,2017-06-16,860
5909,コロナ,2017-06-23,893
5909,コロナ,2017-06-30,875
5909,コロナ,2017-07-07,887
5909,コロナ,2017-07-14,893
5909,コロナ,2017-07-21,897
5909,コロナ,2017-07-28,899
5909,コロナ,2017-08-04,891
5909,コロナ,2017-08-11,882
5909,コロナ,2017-08-18,870
5909,コロナ,2017-08-25,877
5909,コロナ,2017-09-01,893
5909,コロナ,2017-09-08,872
5909,コロナ,2017-09-15,889
5909,コロナ,2017-09-22,902
5909,コロナ,2017-09-29,918
5909,コロナ,2017-10-06,907
5909,コロナ,2017-10-13,921
5909,コロナ,2017-10-20,948
5909,コロナ,2017-10-27,1053
5909,コロナ,2017-11-03,1055
5909,コロナ,2017-11-10,1056
5909,コロナ,2017-11-17,998
5909,コロナ,2017-11-24,1019
5909,コロナ,2017-12-01,1086
5909,コロナ,2017-12-08,1078
5909,コロナ,2017-12-15,1155
5909,コロナ,2017-12-22,1145
5909,コロナ,2017-12-29,1106
5909,コロナ,2018-01-01,1106
5909,コロナ,2018-01-05,1116
5909,コロナ,2018-01-12,1144
5909,コロナ,2018-01-19,1120
5909,コロナ,2018-01-26,1117
5909,コロナ,2018-02-02,1137
5909,コロナ,2018-02-09,1038
5909,コロナ,2018-02-16,1011
5909,コロナ,2018-02-23,1062
5909,コロナ,2018-03-02,1022
5909,コロナ,2018-03-09,1001
5909,コロナ,2018-03-16,1017
5909,コロナ,2018-03-23,961
5909,コロナ,2018-03-30,1017
5909,コロナ,2018-04-06,986
5909,コロナ,2018-04-13,989
5909,コロナ,2018-04-20,995
5909,コロナ,2018-04-27,1018
5909,コロナ,2018-05-04,1017
5909,コロナ,2018-05-11,999
5909,コロナ,2018-05-18,971
5909,コロナ,2018-05-25,957
5909,コロナ,2018-06-01,969
5909,コロナ,2018-06-08,977
5909,コロナ,2018-06-15,955
5909,コロナ,2018-06-22,968
5909,コロナ,2018-06-29,953
5909,コロナ,2018-07-06,962
5909,コロナ,2018-07-13,969
5909,コロナ,2018-07-20,999
5909,コロナ,2018-07-27,1027
5909,コロナ,2018-08-03,953
5909,コロナ,2018-08-10,955
5909,コロナ,2018-08-17,944
5909,コロナ,2018-08-24,944
5909,コロナ,2018-08-31,951
5909,コロナ,2018-09-07,952
5909,コロナ,2018-09-14,964
5909,コロナ,2018-09-21,1002
5909,コロナ,2018-09-28,1012
5909,コロナ,2018-10-05,978
5909,コロナ,2018-10-12,944
5909,コロナ,2018-10-19,944
5909,コロナ,2018-10-26,854
5909,コロナ,2018-11-02,885
5909,コロナ,2018-11-09,913
5909,コロナ,2018-11-16,885
5909,コロナ,2018-11-23,900
5909,コロナ,2018-11-30,906
5909,コロナ,2018-12-07,905
5909,コロナ,2018-12-14,890
5909,コロナ,2018-12-21,783
5909,コロナ,2018-12-28,846
5909,コロナ,2018-12-31,846
5909,コロナ,2019-01-04,852
5909,コロナ,2019-01-11,850
5909,コロナ,2019-01-18,831
5909,コロナ,2019-01-25,846
5909,コロナ,2019-02-01,796
5909,コロナ,2019-02-08,800
5909,コロナ,2019-02-15,829
5909,コロナ,2019-02-22,835
5909,コロナ,2019-03-01,846
5909,コロナ,2019-03-08,857
5909,コロナ,2019-03-15,875
5909,コロナ,2019-03-22,897
5909,コロナ,2019-03-29,848
5909,コロナ,2019-04-05,853
5909,コロナ,2019-04-12,853
5909,コロナ,2019-04-19,856
5909,コロナ,2019-04-26,845
5909,コロナ,2019-05-10,786
5909,コロナ,2019-05-17,803
5909,コロナ,2019-05-24,831
5909,コロナ,2019-05-31,799
5909,コロナ,2019-06-07,810
5909,コロナ,2019-06-14,781
5909,コロナ,2019-06-21,783
5909,コロナ,2019-06-28,793
5909,コロナ,2019-07-05,852
5909,コロナ,2019-07-12,844
5909,コロナ,2019-07-19,814
5909,コロナ,2019-07-26,825
5909,コロナ,2019-08-02,804
5909,コロナ,2019-08-09,783
5909,コロナ,2019-08-16,788
5909,コロナ,2019-08-23,815
5909,コロナ,2019-08-30,802
5909,コロナ,2019-09-06,799
5909,コロナ,2019-09-13,840
5909,コロナ,2019-09-20,840
5909,コロナ,2019-09-27,879
5909,コロナ,2019-10-04,882
5909,コロナ,2019-10-11,860
5909,コロナ,2019-10-18,913
5909,コロナ,2019-10-25,940
5909,コロナ,2019-11-01,917
5909,コロナ,2019-11-08,947
5909,コロナ,2019-11-15,953
5909,コロナ,2019-11-22,939
5909,コロナ,2019-11-29,970
5909,コロナ,2019-12-06,940
5909,コロナ,2019-12-13,928
5909,コロナ,2019-12-20,897
5909,コロナ,2019-12-27,849
5909,コロナ,2019-12-30,846
5909,コロナ,2020-01-06,857
5909,コロナ,2020-01-10,873
5909,コロナ,2020-01-17,860
5909,コロナ,2020-01-24,855
5909,コロナ,2020-01-31,836
5909,コロナ,2020-02-07,847
5909,コロナ,2020-02-14,825
5909,コロナ,2020-02-21,822
5909,コロナ,2020-02-28,779
5909,コロナ,2020-03-06,758
5909,コロナ,2020-03-13,686
5909,コロナ,2020-03-19,731
5909,コロナ,2020-03-27,850
5909,コロナ,2020-04-03,678
5909,コロナ,2020-04-10,766
5909,コロナ,2020-04-17,771
5909,コロナ,2020-04-24,765
5909,コロナ,2020-05-01,779
5909,コロナ,2020-05-08,799
5909,コロナ,2020-05-15,797
5909,コロナ,2020-05-22,788
5909,コロナ,2020-05-29,773
5909,コロナ,2020-06-05,809
5909,コロナ,2020-06-12,798
5909,コロナ,2020-06-19,818
5909,コロナ,2020-06-26,856
5909,コロナ,2020-07-03,870
5909,コロナ,2020-07-10,832
5909,コロナ,2020-07-17,837
5909,コロナ,2020-07-22,834
5909,コロナ,2020-07-31,813
5909,コロナ,2020-08-07,782
5909,コロナ,2020-08-14,818
5909,コロナ,2020-08-21,811
5909,コロナ,2020-08-28,826
5909,コロナ,2020-09-04,824
5909,コロナ,2020-09-11,849
5909,コロナ,2020-09-18,861
5909,コロナ,2020-09-25,859
5909,コロナ,2020-10-02,852
5909,コロナ,2020-10-09,859
5909,コロナ,2020-10-16,837
5909,コロナ,2020-10-23,835
5909,コロナ,2020-10-30,787
5909,コロナ,2020-11-06,826
5909,コロナ,2020-11-13,797
5909,コロナ,2020-11-20,778
5909,コロナ,2020-11-27,758
5909,コロナ,2020-12-04,767
5909,コロナ,2020-12-11,788
5909,コロナ,2020-12-18,782
5909,コロナ,2020-12-25,791
5909,コロナ,2020-12-30,778
5909,コロナ,2021-01-04,771
5909,コロナ,2021-01-08,843
5909,コロナ,2021-01-15,799
5909,コロナ,2021-01-22,793
5909,コロナ,2021-01-29,775
5909,コロナ,2021-02-05,795
5909,コロナ,2021-02-12,818
5909,コロナ,2021-02-19,803
5909,コロナ,2021-02-26,780
5909,コロナ,2021-03-05,789
5909,コロナ,2021-03-12,809
5909,コロナ,2021-03-19,849
5909,コロナ,2021-03-26,838
5909,コロナ,2021-04-02,808
5909,コロナ,2021-04-09,795
5909,コロナ,2021-04-16,798
5909,コロナ,2021-04-23,791
5909,コロナ,2021-04-30,788
5909,コロナ,2021-05-07,825
5909,コロナ,2021-05-14,790
5909,コロナ,2021-05-21,789
5909,コロナ,2021-05-28,798
5909,コロナ,2021-06-04,801
5909,コロナ,2021-06-11,791
5909,コロナ,2021-06-18,788
5909,コロナ,2021-06-25,787
5909,コロナ,2021-07-02,789
5909,コロナ,2021-07-09,782
5909,コロナ,2021-07-16,779
5909,コロナ,2021-07-21,774
5909,コロナ,2021-07-30,772
5909,コロナ,2021-08-06,772
5909,コロナ,2021-08-13,777
5909,コロナ,2021-08-20,765
5909,コロナ,2021-08-27,775
5909,コロナ,2021-09-03,780
5909,コロナ,2021-09-10,781
5909,コロナ,2021-09-17,782
5909,コロナ,2021-09-24,781
5909,コロナ,2021-10-01,782
5909,コロナ,2021-10-08,779
5909,コロナ,2021-10-15,781
5909,コロナ,2021-10-22,786
5909,コロナ,2021-10-29,788
5909,コロナ,2021-11-05,780
5909,コロナ,2021-11-12,776
5909,コロナ,2021-11-19,780
5909,コロナ,2021-11-26,775
5909,コロナ,2021-12-03,773
5909,コロナ,2021-12-10,780
5909,コロナ,2021-12-17,780
5909,コロナ,2021-12-24,768
5909,コロナ,2021-12-30,781
5909,コロナ,2022-01-04,787
5909,コロナ,2022-01-07,775
5909,コロナ,2022-01-14,767
5909,コロナ,2022-01-21,769
5909,コロナ,2022-01-28,751
5909,コロナ,2022-02-04,770
5909,コロナ,2022-02-10,779
5909,コロナ,2022-02-18,775
5909,コロナ,2022-02-25,761
5909,コロナ,2022-03-04,756
5909,コロナ,2022-03-11,743
5909,コロナ,2022-03-18,762
5909,コロナ,2022-03-25,762
5909,コロナ,2022-04-01,754
5909,コロナ,2022-04-08,740
5909,コロナ,2022-04-15,727
5909,コロナ,2022-04-22,733
5909,コロナ,2022-04-28,737
5909,コロナ,2022-05-06,734
5909,コロナ,2022-05-13,725
5909,コロナ,2022-05-20,721
5909,コロナ,2022-05-27,726
5909,コロナ,2022-06-03,731
5909,コロナ,2022-06-10,732
5909,コロナ,2022-06-17,713
5909,コロナ,2022-06-24,723
5909,コロナ,2022-07-01,739
5909,コロナ,2022-07-08,730
5909,コロナ,2022-07-15,740
5909,コロナ,2022-07-22,747
5909,コロナ,2022-07-29,731
5909,コロナ,2022-08-05,727
5909,コロナ,2022-08-12,743
5909,コロナ,2022-08-19,733
5909,コロナ,2022-08-26,736
5909,コロナ,2022-09-02,727
5909,コロナ,2022-09-09,735
5909,コロナ,2022-09-16,733
5909,コロナ,2022-09-22,735
5909,コロナ,2022-09-30,739
5909,コロナ,2022-10-07,745
5909,コロナ,2022-10-14,749
5909,コロナ,2022-10-21,744
5909,コロナ,2022-10-28,755
5909,コロナ,2022-11-04,746
5909,コロナ,2022-11-11,756
5909,コロナ,2022-11-18,752
5909,コロナ,2022-11-25,776
5909,コロナ,2022-12-02,757
5909,コロナ,2022-12-09,771
5909,コロナ,2022-12-16,770
5909,コロナ,2022-12-23,774
5909,コロナ,2022-12-30,780
5909,コロナ,2023-01-04,776
5909,コロナ,2023-01-06,772
5909,コロナ,2023-01-13,773
5909,コロナ,2023-01-20,790
5909,コロナ,2023-01-27,803
5909,コロナ,2023-02-03,815
5909,コロナ,2023-02-10,805
5909,コロナ,2023-02-17,810
5909,コロナ,2023-02-24,809
5909,コロナ,2023-03-03,815
5909,コロナ,2023-03-10,825
5909,コロナ,2023-03-17,798
5909,コロナ,2023-03-24,810
5909,コロナ,2023-03-31,822
5909,コロナ,2023-04-07,824
5909,コロナ,2023-04-14,832
5909,コロナ,2023-04-21,837
5909,コロナ,2023-04-28,841
5909,コロナ,2023-05-02,836
5909,コロナ,2023-05-12,816
5909,コロナ,2023-05-19,809
5909,コロナ,2023-05-26,788
5909,コロナ,2023-06-02,789
5909,コロナ,2023-06-09,799
5909,コロナ,2023-06-16,801
5909,コロナ,2023-06-23,818
5909,コロナ,2023-06-30,818
5909,コロナ,2023-07-07,818
5909,コロナ,2023-07-14,815
5909,コロナ,2023-07-21,820
5909,コロナ,2023-07-28,827
5909,コロナ,2023-08-04,809
5909,コロナ,2023-08-10,817
5909,コロナ,2023-08-18,811
5909,コロナ,2023-08-25,810
5909,コロナ,2023-09-01,824
5909,コロナ,2023-09-08,823
5909,コロナ,2023-09-15,846
5909,コロナ,2023-09-22,849
5909,コロナ,2023-09-29,867
5909,コロナ,2023-10-06,849
5909,コロナ,2023-10-13,835
5909,コロナ,2023-10-20,839
5909,コロナ,2023-10-27,840
5909,コロナ,2023-11-02,835
5909,コロナ,2023-11-10,832
5909,コロナ,2023-11-17,833
5909,コロナ,2023-11-24,832
5909,コロナ,2023-12-01,836
5909,コロナ,2023-12-08,859
5909,コロナ,2023-12-15,868
5909,コロナ,2023-12-22,867
5909,コロナ,2023-12-29,874
5909,コロナ,2024-01-04,886
5909,コロナ,2024-01-05,884
5909,コロナ,2024-01-12,876
5909,コロナ,2024-01-19,873
5909,コロナ,2024-01-26,879
5909,コロナ,2024-02-02,889
5909,コロナ,2024-02-09,875
5909,コロナ,2024-02-16,884
5909,コロナ,2024-02-22,888
5909,コロナ,2024-03-01,880
5909,コロナ,2024-03-08,897
5909,コロナ,2024-03-15,899
5909,コロナ,2024-03-22,913
5909,コロナ,2024-03-29,898
5909,コロナ,2024-04-05,895
5909,コロナ,2024-04-12,903
5909,コロナ,2024-04-19,888
5909,コロナ,2024-04-26,888
5909,コロナ,2024-05-02,892
5909,コロナ,2024-05-10,888
5909,コロナ,2024-05-17,858
5909,コロナ,2024-05-24,852
5909,コロナ,2024-05-31,856
5909,コロナ,2024-06-07,858
5909,コロナ,2024-06-14,871
5909,コロナ,2024-06-21,921
5909,コロナ,2024-06-28,906
5909,コロナ,2024-07-05,898
5909,コロナ,2024-07-12,880
5909,コロナ,2024-07-19,888
5909,コロナ,2024-07-26,882
5909,コロナ,2024-08-02,837
5909,コロナ,2024-08-09,846
5909,コロナ,2024-08-16,872
5909,コロナ,2024-08-23,885
5909,コロナ,2024-08-30,869
5909,コロナ,2024-09-06,866
5909,コロナ,2024-09-13,848
5909,コロナ,2024-09-20,907
5909,コロナ,2024-09-27,912
5909,コロナ,2024-10-04,904
5909,コロナ,2024-10-11,900
5909,コロナ,2024-10-18,905
5909,コロナ,2024-10-25,885
5909,コロナ,2024-11-01,879
5909,コロナ,2024-11-08,903
5909,コロナ,2024-11-15,894
5909,コロナ,2024-11-22,897
5909,コロナ,2024-11-29,885
5909,コロナ,2024-12-06,901
5909,コロナ,2024-12-13,907
5909,コロナ,2024-12-20,912
5909,コロナ,2024-12-27,932
5909,コロナ,2024-12-30,908
5909,コロナ,2025-01-06,894
5909,コロナ,2025-01-10,883
5909,コロナ,2025-01-17,882
5909,コロナ,2025-01-24,906
5909,コロナ,2025-01-31,898
5909,コロナ,2025-02-07,882
5909,コロナ,2025-02-14,880
5909,コロナ,2025-02-21,884
5909,コロナ,2025-02-28,895
5909,コロナ,2025-03-07,912
5909,コロナ,2025-03-14,901
5909,コロナ,2025-03-21,930
5909,コロナ,2025-03-28,912
5909,コロナ,2025-04-04,843
5909,コロナ,2025-04-11,854
5909,コロナ,2025-04-18,893
5909,コロナ,2025-04-25,894
5909,コロナ,2025-05-02,885
5909,コロナ,2025-05-09,900
5909,コロナ,2025-05-16,853
5909,コロナ,2025-05-23,855
5909,コロナ,2025-05-30,858
5909,コロナ,2025-06-06,861
5909,コロナ,2025-06-13,848
5909,コロナ,2025-06-20,844
5909,コロナ,2025-06-27,866
5909,コロナ,2025-07-04,880
5909,コロナ,2025-07-11,895
5909,コロナ,2025-07-18,890
5909,コロナ,2025-07-25,917
5909,コロナ,2025-08-01,918
5909,コロナ,2025-08-08,914
5909,コロナ,2025-08-15,900
5909,コロナ,2025-08-22,910
5909,コロナ,2025-08-29,894
5909,コロナ,2025-09-05,894
5909,コロナ,2025-09-12,913
5909,コロナ,2025-09-19,916
5909,コロナ,2025-09-26,927
5909,コロナ,2025-10-03,901
5909,コロナ,2025-10-10,876
5909,コロナ,2025-10-17,885
5909,コロナ,2025-10-24,896
5909,コロナ,2025-10-31,877
5909,コロナ,2025-11-07,914
5909,コロナ,2025-11-14,927
5909,コロナ,2025-11-21,939
5909,コロナ,2025-11-28,921
5909,コロナ,2025-12-05,941
5909,コロナ,2025-12-12,922
5909,コロナ,2025-12-19,944
5909,コロナ,2025-12-26,925
5909,コロナ,2025-12-30,924
5909,コロナ,2026-01-05,933
5909,コロナ,2026-01-09,932
5909,コロナ,2026-01-16,942
5909,コロナ,2026-01-23,938
5909,コロナ,2026-01-30,923
5909,コロナ,2026-02-06,941
5909,コロナ,2026-02-13,956
5909,コロナ,2026-02-20,1011
5909,コロナ,2026-02-27,1077
5909,コロナ,2026-03-06,970
5909,コロナ,2026-03-13,963
5909,コロナ,2026-03-19,926
5909,コロナ,2026-03-27,950
5909,コロナ,2026-04-03,945
5909,コロナ,2026-04-10,950
5909,コロナ,2026-04-17,959
5909,コロナ,2026-04-24,932
5909,コロナ,2026-05-01,924
5909,コロナ,2026-05-08,924
5909,コロナ,2026-05-15,924
5909,コロナ,2026-05-22,912
5909,コロナ,2026-05-29,904
5909,コロナ,2026-06-05,901
5909,コロナ,2026-06-12,916
5909,コロナ,2026-06-19,940
5909,コロナ,2026-06-26,951
5909,コロナ,2026-07-03,972
5909,コロナ,2026-07-10,1001
5909,コロナ,2026-07-17,1008
5909,コロナ,2026-07-24,992
5909,コロナ,2026-07-31,979
5909,コロナ,2026-08-07,967
5909,コロナ,2026-08-14,968
5909,コロナ,2026-08-21,981
5909,コロナ,2026-08-28,956
5909,コロナ,2026-09-04,953
5909,コロナ,2026-09-11,926
5909,コロナ,2026-09-18,957
5909,コロナ,2026-09-25,959
5909,コロナ,2026-09-30,938
5951,ダイニチ,2005-01-03,353
5951,ダイニチ,2005-01-07,354
5951,ダイニチ,2005-01-14,355
5951,ダイニチ,2005-01-21,347
5951,ダイニチ,2005-01-28,363
5951,ダイニチ,2005-02-04,362
5951,ダイニチ,2005-02-11,364
5951,ダイニチ,2005-02-18,381
5951,ダイニチ,2005-02-25,377
5951,ダイニチ,2005-03-04,388
5951,ダイニチ,2005-03-11,413
5951,ダイニチ,2005-03-18,415
5951,ダイニチ,2005-03-25,448
5951,ダイニチ,2005-04-01,426
5951,ダイニチ,2005-04-08,465
5951,ダイニチ,2005-04-15,486
5951,ダイニチ,2005-04-22,507
5951,ダイニチ,2005-04-29,502
5951,ダイニチ,2005-05-06,498
5951,ダイニチ,2005-05-13,512
5951,ダイニチ,2005-05-20,538
5951,ダイニチ,2005-05-27,530
5951,ダイニチ,2005-06-03,526
5951,ダイニチ,2005-06-10,527
5951,ダイニチ,2005-06-17,541
5951,ダイニチ,2005-06-24,542
5951,ダイニチ,2005-07-01,534
5951,ダイニチ,2005-07-08,564
5951,ダイニチ,2005-07-15,576
5951,ダイニチ,2005-07-22,581
5951,ダイニチ,2005-07-29,579
5951,ダイニチ,2005-08-05,577
5951,ダイニチ,2005-08-12,583
5951,ダイニチ,2005-08-19,579
5951,ダイニチ,2005-08-26,580
5951,ダイニチ,2005-09-02,573
5951,ダイニチ,2005-09-09,572
5951,ダイニチ,2005-09-16,579
5951,ダイニチ,2005-09-23,579
5951,ダイニチ,2005-09-30,580
5951,ダイニチ,2005-10-07,558
5951,ダイニチ,2005-10-14,567
5951,ダイニチ,2005-10-21,575
5951,ダイニチ,2005-10-28,627
5951,ダイニチ,2005-11-04,652
5951,ダイニチ,2005-11-11,688
5951,ダイニチ,2005-11-18,759
5951,ダイニチ,2005-11-25,742
5951,ダイニチ,2005-12-02,760
5951,ダイニチ,2005-12-09,713
5951,ダイニチ,2005-12-16,743
5951,ダイニチ,2005-12-23,872
5951,ダイニチ,2005-12-30,938
5951,ダイニチ,2006-01-02,938
5951,ダイニチ,2006-01-06,926
5951,ダイニチ,2006-01-13,908
5951,ダイニチ,2006-01-20,861
5951,ダイニチ,2006-01-27,864
5951,ダイニチ,2006-02-03,911
5951,ダイニチ,2006-02-10,893
5951,ダイニチ,2006-02-17,759
5951,ダイニチ,2006-02-24,777
5951,ダイニチ,2006-03-03,712
5951,ダイニチ,2006-03-10,715
5951,ダイニチ,2006-03-17,745
5951,ダイニチ,2006-03-24,780
5951,ダイニチ,2006-03-31,760
5951,ダイニチ,2006-04-07,766
5951,ダイニチ,2006-04-14,765
5951,ダイニチ,2006-04-21,752
5951,ダイニチ,2006-04-28,719
5951,ダイニチ,2006-05-05,705
5951,ダイニチ,2006-05-12,682
5951,ダイニチ,2006-05-19,693
5951,ダイニチ,2006-05-26,686
5951,ダイニチ,2006-06-02,653
5951,ダイニチ,2006-06-09,586
5951,ダイニチ,2006-06-16,617
5951,ダイニチ,2006-06-23,597
5951,ダイニチ,2006-06-30,581
5951,ダイニチ,2006-07-07,610
5951,ダイニチ,2006-07-14,606
5951,ダイニチ,2006-07-21,604
5951,ダイニチ,2006-07-28,593
5951,ダイニチ,2006-08-04,592
5951,ダイニチ,2006-08-11,589
5951,ダイニチ,2006-08-18,595
5951,ダイニチ,2006-08-25,593
5951,ダイニチ,2006-09-01,583
5951,ダイニチ,2006-09-08,575
5951,ダイニチ,2006-09-15,547
5951,ダイニチ,2006-09-22,529
5951,ダイニチ,2006-09-29,572
5951,ダイニチ,2006-10-06,578
5951,ダイニチ,2006-10-13,576
5951,ダイニチ,2006-10-20,604
5951,ダイニチ,2006-10-27,660
5951,ダイニチ,2006-11-03,642
5951,ダイニチ,2006-11-10,644
5951,ダイニチ,2006-11-17,660
5951,ダイニチ,2006-11-24,625
5951,ダイニチ,2006-12-01,667
5951,ダイニチ,2006-12-08,686
5951,ダイニチ,2006-12-15,682
5951,ダイニチ,2006-12-22,646
5951,ダイニチ,2006-12-29,634
5951,ダイニチ,2007-01-04,634
5951,ダイニチ,2007-01-05,622
5951,ダイニチ,2007-01-12,601
5951,ダイニチ,2007-01-19,605
5951,ダイニチ,2007-01-26,606
5951,ダイニチ,2007-02-02,598
5951,ダイニチ,2007-02-09,573
5951,ダイニチ,2007-02-16,589
5951,ダイニチ,2007-02-23,594
5951,ダイニチ,2007-03-02,565
5951,ダイニチ,2007-03-09,544
5951,ダイニチ,2007-03-16,528
5951,ダイニチ,2007-03-23,534
5951,ダイニチ,2007-03-30,540
5951,ダイニチ,2007-04-06,527
5951,ダイニチ,2007-04-13,526
5951,ダイニチ,2007-04-20,525
5951,ダイニチ,2007-04-27,540
5951,ダイニチ,2007-05-02,536
5951,ダイニチ,2007-05-11,513
5951,ダイニチ,2007-05-18,503
5951,ダイニチ,2007-05-25,507
5951,ダイニチ,2007-06-01,521
5951,ダイニチ,2007-06-08,532
5951,ダイニチ,2007-06-15,518
5951,ダイニチ,2007-06-22,531
5951,ダイニチ,2007-06-29,538
5951,ダイニチ,2007-07-06,547
5951,ダイニチ,2007-07-13,540
5951,ダイニチ,2007-07-20,558
5951,ダイニチ,2007-07-27,522
5951,ダイニチ,2007-08-03,546
5951,ダイニチ,2007-08-10,543
5951,ダイニチ,2007-08-17,506
5951,ダイニチ,2007-08-24,516
5951,ダイニチ,2007-08-31,535
5951,ダイニチ,2007-09-07,541
5951,ダイニチ,2007-09-14,544
5951,ダイニチ,2007-09-21,548
5951,ダイニチ,2007-09-28,550
5951,ダイニチ,2007-10-05,582
5951,ダイニチ,2007-10-12,584
5951,ダイニチ,2007-10-19,586
5951,ダイニチ,2007-10-26,593
5951,ダイニチ,2007-11-02,578
5951,ダイニチ,2007-11-09,560
5951,ダイニチ,2007-11-16,562
5951,ダイニチ,2007-11-22,569
5951,ダイニチ,2007-11-30,566
5951,ダイニチ,2007-12-07,559
5951,ダイニチ,2007-12-14,534
5951,ダイニチ,2007-12-21,487
5951,ダイニチ,2007-12-28,458
5951,ダイニチ,2008-01-04,422
5951,ダイニチ,2008-01-11,378
5951,ダイニチ,2008-01-18,368
5951,ダイニチ,2008-01-25,367
5951,ダイニチ,2008-02-01,376
5951,ダイニチ,2008-02-08,356
5951,ダイニチ,2008-02-15,312
5951,ダイニチ,2008-02-22,305
5951,ダイニチ,2008-02-29,314
5951,ダイニチ,2008-03-07,302
5951,ダイニチ,2008-03-14,272
5951,ダイニチ,2008-03-21,294
5951,ダイニチ,2008-03-28,302
5951,ダイニチ,2008-04-04,301
5951,ダイニチ,2008-04-11,287
5951,ダイニチ,2008-04-18,275
5951,ダイニチ,2008-04-25,296
5951,ダイニチ,2008-05-02,298
5951,ダイニチ,2008-05-09,304
5951,ダイニチ,2008-05-16,337
5951,ダイニチ,2008-05-23,327
5951,ダイニチ,2008-05-30,322
5951,ダイニチ,2008-06-06,341
5951,ダイニチ,2008-06-13,345
5951,ダイニチ,2008-06-20,345
5951,ダイニチ,2008-06-27,358
5951,ダイニチ,2008-07-04,384
5951,ダイニチ,2008-07-11,382
5951,ダイニチ,2008-07-18,381
5951,ダイニチ,2008-07-25,392
5951,ダイニチ,2008-08-01,387
5951,ダイニチ,2008-08-08,361
5951,ダイニチ,2008-08-15,337
5951,ダイニチ,2008-08-22,337
5951,ダイニチ,2008-08-29,350
5951,ダイニチ,2008-09-05,350
5951,ダイニチ,2008-09-12,364
5951,ダイニチ,2008-09-19,387
5951,ダイニチ,2008-09-26,347
5951,ダイニチ,2008-10-03,315
5951,ダイニチ,2008-10-10,217
5951,ダイニチ,2008-10-17,252
5951,ダイニチ,2008-10-24,283
5951,ダイニチ,2008-10-31,361
5951,ダイニチ,2008-11-07,363
5951,ダイニチ,2008-11-14,325
5951,ダイニチ,2008-11-21,343
5951,ダイニチ,2008-11-28,348
5951,ダイニチ,2008-12-05,345
5951,ダイニチ,2008-12-12,351
5951,ダイニチ,2008-12-19,369
5951,ダイニチ,2008-12-26,364
5951,ダイニチ,2008-12-30,377
5951,ダイニチ,2009-01-05,358
5951,ダイニチ,2009-01-09,355
5951,ダイニチ,2009-01-16,343
5951,ダイニチ,2009-01-23,307
5951,ダイニチ,2009-01-30,319
5951,ダイニチ,2009-02-06,304
5951,ダイニチ,2009-02-13,300
5951,ダイニチ,2009-02-20,304
5951,ダイニチ,2009-02-27,302
5951,ダイニチ,2009-03-06,324
5951,ダイニチ,2009-03-13,342
5951,ダイニチ,2009-03-19,363
5951,ダイニチ,2009-03-27,360
5951,ダイニチ,2009-04-03,348
5951,ダイニチ,2009-04-10,346
5951,ダイニチ,2009-04-17,340
5951,ダイニチ,2009-04-24,314
5951,ダイニチ,2009-05-01,315
5951,ダイニチ,2009-05-08,323
5951,ダイニチ,2009-05-15,326
5951,ダイニチ,2009-05-22,336
5951,ダイニチ,2009-05-29,341
5951,ダイニチ,2009-06-05,348
5951,ダイニチ,2009-06-12,345
5951,ダイニチ,2009-06-19,345
5951,ダイニチ,2009-06-26,354
5951,ダイニチ,2009-07-03,377
5951,ダイニチ,2009-07-10,410
5951,ダイニチ,2009-07-17,404
5951,ダイニチ,2009-07-24,409
5951,ダイニチ,2009-07-31,423
5951,ダイニチ,2009-08-07,419
5951,ダイニチ,2009-08-14,419
5951,ダイニチ,2009-08-21,425
5951,ダイニチ,2009-08-28,411
5951,ダイニチ,2009-09-04,408
5951,ダイニチ,2009-09-11,414
5951,ダイニチ,2009-09-18,398
5951,ダイニチ,2009-09-25,405
5951,ダイニチ,2009-10-02,388
5951,ダイニチ,2009-10-09,359
5951,ダイニチ,2009-10-16,358
5951,ダイニチ,2009-10-23,359
5951,ダイニチ,2009-10-30,367
5951,ダイニチ,2009-11-06,351
5951,ダイニチ,2009-11-13,348
5951,ダイニチ,2009-11-20,349
5951,ダイニチ,2009-11-27,333
5951,ダイニチ,2009-12-04,337
5951,ダイニチ,2009-12-11,340
5951,ダイニチ,2009-12-18,348
5951,ダイニチ,2009-12-25,346
5951,ダイニチ,2009-12-30,353
5951,ダイニチ,2010-01-04,353
5951,ダイニチ,2010-01-08,353
5951,ダイニチ,2010-01-15,377
5951,ダイニチ,2010-01-22,377
5951,ダイニチ,2010-01-29,375
5951,ダイニチ,2010-02-05,396
5951,ダイニチ,2010-02-12,387
5951,ダイニチ,2010-02-19,383
5951,ダイニチ,2010-02-26,384
5951,ダイニチ,2010-03-05,379
5951,ダイニチ,2010-03-12,374
5951,ダイニチ,2010-03-19,371
5951,ダイニチ,2010-03-26,394
5951,ダイニチ,2010-04-02,395
5951,ダイニチ,2010-04-09,406
5951,ダイニチ,2010-04-16,422
5951,ダイニチ,2010-04-23,431
5951,ダイニチ,2010-04-30,438
5951,ダイニチ,2010-05-07,413
5951,ダイニチ,2010-05-14,393
5951,ダイニチ,2010-05-21,359
5951,ダイニチ,2010-05-28,340
5951,ダイニチ,2010-06-04,342
5951,ダイニチ,2010-06-11,340
5951,ダイニチ,2010-06-18,342
5951,ダイニチ,2010-06-25,327
5951,ダイニチ,2010-07-02,340
5951,ダイニチ,2010-07-09,345
5951,ダイニチ,2010-07-16,336
5951,ダイニチ,2010-07-23,341
5951,ダイニチ,2010-07-30,357
5951,ダイニチ,2010-08-06,359
5951,ダイニチ,2010-08-13,330
5951,ダイニチ,2010-08-20,320
5951,ダイニチ,2010-08-27,316
5951,ダイニチ,2010-09-03,313
5951,ダイニチ,2010-09-10,319
5951,ダイニチ,2010-09-17,324
5951,ダイニチ,2010-09-24,325
5951,ダイニチ,2010-10-01,332
5951,ダイニチ,2010-10-08,330
5951,ダイニチ,2010-10-15,309
5951,ダイニチ,2010-10-22,313
5951,ダイニチ,2010-10-29,316
5951,ダイニチ,2010-11-05,313
5951,ダイニチ,2010-11-12,322
5951,ダイニチ,2010-11-19,322
5951,ダイニチ,2010-11-26,324
5951,ダイニチ,2010-12-03,328
5951,ダイニチ,2010-12-10,328
5951,ダイニチ,2010-12-17,344
5951,ダイニチ,2010-12-24,345
5951,ダイニチ,2010-12-30,353
5951,ダイニチ,2011-01-04,354
5951,ダイニチ,2011-01-07,358
5951,ダイニチ,2011-01-14,356
5951,ダイニチ,2011-01-21,360
5951,ダイニチ,2011-01-28,365
5951,ダイニチ,2011-02-04,364
5951,ダイニチ,2011-02-10,364
5951,ダイニチ,2011-02-18,369
5951,ダイニチ,2011-02-25,363
5951,ダイニチ,2011-03-04,366
5951,ダイニチ,2011-03-11,364
5951,ダイニチ,2011-03-18,339
5951,ダイニチ,2011-03-25,367
5951,ダイニチ,2011-04-01,403
5951,ダイニチ,2011-04-08,413
5951,ダイニチ,2011-04-15,411
5951,ダイニチ,2011-04-22,391
5951,ダイニチ,2011-04-28,398
5951,ダイニチ,2011-05-06,402
5951,ダイニチ,2011-05-13,398
5951,ダイニチ,2011-05-20,390
5951,ダイニチ,2011-05-27,390
5951,ダイニチ,2011-06-03,401
5951,ダイニチ,2011-06-10,418
5951,ダイニチ,2011-06-17,426
5951,ダイニチ,2011-06-24,472
5951,ダイニチ,2011-07-01,467
5951,ダイニチ,2011-07-08,458
5951,ダイニチ,2011-07-15,462
5951,ダイニチ,2011-07-22,464
5951,ダイニチ,2011-07-29,454
5951,ダイニチ,2011-08-05,444
5951,ダイニチ,2011-08-12,451
5951,ダイニチ,2011-08-19,547
5951,ダイニチ,2011-08-26,520
5951,ダイニチ,2011-09-02,535
5951,ダイニチ,2011-09-09,554
5951,ダイニチ,2011-09-16,549
5951,ダイニチ,2011-09-22,586
5951,ダイニチ,2011-09-30,654
5951,ダイニチ,2011-10-07,620
5951,ダイニチ,2011-10-14,572
5951,ダイニチ,2011-10-21,598
5951,ダイニチ,2011-10-28,575
5951,ダイニチ,2011-11-04,528
5951,ダイニチ,2011-11-11,491
5951,ダイニチ,2011-11-18,500
5951,ダイニチ,2011-11-25,470
5951,ダイニチ,2011-12-02,487
5951,ダイニチ,2011-12-09,470
5951,ダイニチ,2011-12-16,467
5951,ダイニチ,2011-12-22,440
5951,ダイニチ,2011-12-30,451
5951,ダイニチ,2012-01-04,453
5951,ダイニチ,2012-01-06,443
5951,ダイニチ,2012-01-13,453
5951,ダイニチ,2012-01-20,460
5951,ダイニチ,2012-01-27,488
5951,ダイニチ,2012-02-03,511
5951,ダイニチ,2012-02-10,506
5951,ダイニチ,2012-02-17,517
5951,ダイニチ,2012-02-24,502
5951,ダイニチ,2012-03-02,496
5951,ダイニチ,2012-03-09,496
5951,ダイニチ,2012-03-16,495
5951,ダイニチ,2012-03-23,492
5951,ダイニチ,2012-03-30,509
5951,ダイニチ,2012-04-06,504
5951,ダイニチ,2012-04-13,502
5951,ダイニチ,2012-04-20,504
5951,ダイニチ,2012-04-27,504
5951,ダイニチ,2012-05-02,497
5951,ダイニチ,2012-05-11,453
5951,ダイニチ,2012-05-18,419
5951,ダイニチ,2012-05-25,409
5951,ダイニチ,2012-06-01,400
5951,ダイニチ,2012-06-08,422
5951,ダイニチ,2012-06-15,431
5951,ダイニチ,2012-06-22,436
5951,ダイニチ,2012-06-29,452
5951,ダイニチ,2012-07-06,434
5951,ダイニチ,2012-07-13,421
5951,ダイニチ,2012-07-20,417
5951,ダイニチ,2012-07-27,407
5951,ダイニチ,2012-08-03,417
5951,ダイニチ,2012-08-10,425
5951,ダイニチ,2012-08-17,436
5951,ダイニチ,2012-08-24,448
5951,ダイニチ,2012-08-31,447
5951,ダイニチ,2012-09-07,431
5951,ダイニチ,2012-09-14,486
5951,ダイニチ,2012-09-21,477
5951,ダイニチ,2012-09-28,508
5951,ダイニチ,2012-10-05,524
5951,ダイニチ,2012-10-12,513
5951,ダイニチ,2012-10-19,507
5951,ダイニチ,2012-10-26,520
5951,ダイニチ,2012-11-02,534
5951,ダイニチ,2012-11-09,525
5951,ダイニチ,2012-11-16,540
5951,ダイニチ,2012-11-22,553
5951,ダイニチ,2012-11-30,540
5951,ダイニチ,2012-12-07,552
5951,ダイニチ,2012-12-14,567
5951,ダイニチ,2012-12-21,622
5951,ダイニチ,2012-12-28,634
5951,ダイニチ,2013-01-04,649
5951,ダイニチ,2013-01-11,651
5951,ダイニチ,2013-01-18,651
5951,ダイニチ,2013-01-25,626
5951,ダイニチ,2013-02-01,591
5951,ダイニチ,2013-02-08,540
5951,ダイニチ,2013-02-15,531
5951,ダイニチ,2013-02-22,545
5951,ダイニチ,2013-03-01,543
5951,ダイニチ,2013-03-08,529
5951,ダイニチ,2013-03-15,531
5951,ダイニチ,2013-03-22,551
5951,ダイニチ,2013-03-29,548
5951,ダイニチ,2013-04-05,514
5951,ダイニチ,2013-04-12,535
5951,ダイニチ,2013-04-19,531
5951,ダイニチ,2013-04-26,556
5951,ダイニチ,2013-05-02,553
5951,ダイニチ,2013-05-10,582
5951,ダイニチ,2013-05-17,556
5951,ダイニチ,2013-05-24,533
5951,ダイニチ,2013-05-31,495
5951,ダイニチ,2013-06-07,456
5951,ダイニチ,2013-06-14,472
5951,ダイニチ,2013-06-21,488
5951,ダイニチ,2013-06-28,503
5951,ダイニチ,2013-07-05,517
5951,ダイニチ,2013-07-12,513
5951,ダイニチ,2013-07-19,522
5951,ダイニチ,2013-07-26,509
5951,ダイニチ,2013-08-02,535
5951,ダイニチ,2013-08-09,522
5951,ダイニチ,2013-08-16,528
5951,ダイニチ,2013-08-23,540
5951,ダイニチ,2013-08-30,536
5951,ダイニチ,2013-09-06,550
5951,ダイニチ,2013-09-13,560
5951,ダイニチ,2013-09-20,571
5951,ダイニチ,2013-09-27,591
5951,ダイニチ,2013-10-04,531
5951,ダイニチ,2013-10-11,546
5951,ダイニチ,2013-10-18,551
5951,ダイニチ,2013-10-25,557
5951,ダイニチ,2013-11-01,553
5951,ダイニチ,2013-11-08,546
5951,ダイニチ,2013-11-15,545
5951,ダイニチ,2013-11-22,543
5951,ダイニチ,2013-11-29,549
5951,ダイニチ,2013-12-06,551
5951,ダイニチ,2013-12-13,541
5951,ダイニチ,2013-12-20,529
5951,ダイニチ,2013-12-27,534
5951,ダイニチ,2013-12-30,540
5951,ダイニチ,2014-01-06,538
5951,ダイニチ,2014-01-10,536
5951,ダイニチ,2014-01-17,539
5951,ダイニチ,2014-01-24,527
5951,ダイニチ,2014-01-31,520
5951,ダイニチ,2014-02-07,466
5951,ダイニチ,2014-02-14,458
5951,ダイニチ,2014-02-21,479
5951,ダイニチ,2014-02-28,491
5951,ダイニチ,2014-03-07,498
5951,ダイニチ,2014-03-14,493
5951,ダイニチ,2014-03-20,480
5951,ダイニチ,2014-03-28,519
5951,ダイニチ,2014-04-04,528
5951,ダイニチ,2014-04-11,480
5951,ダイニチ,2014-04-18,498
5951,ダイニチ,2014-04-25,505
5951,ダイニチ,2014-05-02,517
5951,ダイニチ,2014-05-09,508
5951,ダイニチ,2014-05-16,486
5951,ダイニチ,2014-05-23,501
5951,ダイニチ,2014-05-30,492
5951,ダイニチ,2014-06-06,510
5951,ダイニチ,2014-06-13,519
5951,ダイニチ,2014-06-20,517
5951,ダイニチ,2014-06-27,515
5951,ダイニチ,2014-07-04,514
5951,ダイニチ,2014-07-11,501
5951,ダイニチ,2014-07-18,495
5951,ダイニチ,2014-07-25,495
5951,ダイニチ,2014-08-01,494
5951,ダイニチ,2014-08-08,487
5951,ダイニチ,2014-08-15,508
5951,ダイニチ,2014-08-22,517
5951,ダイニチ,2014-08-29,519
5951,ダイニチ,2014-09-05,541
5951,ダイニチ,2014-09-12,551
5951,ダイニチ,2014-09-19,548
5951,ダイニチ,2014-09-26,546
5951,ダイニチ,2014-10-03,536
5951,ダイニチ,2014-10-10,524
5951,ダイニチ,2014-10-17,485
5951,ダイニチ,2014-10-24,496
5951,ダイニチ,2014-10-31,536
5951,ダイニチ,2014-11-07,537
5951,ダイニチ,2014-11-14,538
5951,ダイニチ,2014-11-21,536
5951,ダイニチ,2014-11-28,535
5951,ダイニチ,2014-12-05,527
5951,ダイニチ,2014-12-12,530
5951,ダイニチ,2014-12-19,546
5951,ダイニチ,2014-12-26,541
5951,ダイニチ,2014-12-30,546
5951,ダイニチ,2015-01-05,546
5951,ダイニチ,2015-01-09,553
5951,ダイニチ,2015-01-16,546
5951,ダイニチ,2015-01-23,566
5951,ダイニチ,2015-01-30,533
5951,ダイニチ,2015-02-06,535
5951,ダイニチ,2015-02-13,546
5951,ダイニチ,2015-02-20,557
5951,ダイニチ,2015-02-27,549
5951,ダイニチ,2015-03-06,554
5951,ダイニチ,2015-03-13,562
5951,ダイニチ,2015-03-20,564
5951,ダイニチ,2015-03-27,563
5951,ダイニチ,2015-04-03,571
5951,ダイニチ,2015-04-10,564
5951,ダイニチ,2015-04-17,565
5951,ダイニチ,2015-04-24,546
5951,ダイニチ,2015-05-01,559
5951,ダイニチ,2015-05-08,550
5951,ダイニチ,2015-05-15,561
5951,ダイニチ,2015-05-22,571
5951,ダイニチ,2015-05-29,573
5951,ダイニチ,2015-06-05,560
5951,ダイニチ,2015-06-12,549
5951,ダイニチ,2015-06-19,551
5951,ダイニチ,2015-06-26,551
5951,ダイニチ,2015-07-03,555
5951,ダイニチ,2015-07-10,524
5951,ダイニチ,2015-07-17,540
5951,ダイニチ,2015-07-24,537
5951,ダイニチ,2015-07-31,530
5951,ダイニチ,2015-08-07,532
5951,ダイニチ,2015-08-14,543
5951,ダイニチ,2015-08-21,532
5951,ダイニチ,2015-08-28,522
5951,ダイニチ,2015-09-04,514
5951,ダイニチ,2015-09-11,515
5951,ダイニチ,2015-09-18,518
5951,ダイニチ,2015-09-25,515
5951,ダイニチ,2015-10-02,516
5951,ダイニチ,2015-10-09,519
5951,ダイニチ,2015-10-16,513
5951,ダイニチ,2015-10-23,510
5951,ダイニチ,2015-10-30,514
5951,ダイニチ,2015-11-06,515
5951,ダイニチ,2015-11-13,526
5951,ダイニチ,2015-11-20,537
5951,ダイニチ,2015-11-27,533
5951,ダイニチ,2015-12-04,531
5951,ダイニチ,2015-12-11,516
5951,ダイニチ,2015-12-18,516
5951,ダイニチ,2015-12-25,506
5951,ダイニチ,2015-12-30,507
5951,ダイニチ,2016-01-04,507
5951,ダイニチ,2016-01-08,491
5951,ダイニチ,2016-01-15,481
5951,ダイニチ,2016-01-22,473
5951,ダイニチ,2016-01-29,471
5951,ダイニチ,2016-02-05,466
5951,ダイニチ,2016-02-12,411
5951,ダイニチ,2016-02-19,426
5951,ダイニチ,2016-02-26,441
5951,ダイニチ,2016-03-04,439
5951,ダイニチ,2016-03-11,433
5951,ダイニチ,2016-03-18,435
5951,ダイニチ,2016-03-25,439
5951,ダイニチ,2016-04-01,444
5951,ダイニチ,2016-04-08,438
5951,ダイニチ,2016-04-15,449
5951,ダイニチ,2016-04-22,455
5951,ダイニチ,2016-04-28,444
5951,ダイニチ,2016-05-06,452
5951,ダイニチ,2016-05-13,451
5951,ダイニチ,2016-05-20,450
5951,ダイニチ,2016-05-27,447
5951,ダイニチ,2016-06-03,450
5951,ダイニチ,2016-06-10,458
5951,ダイニチ,2016-06-17,446
5951,ダイニチ,2016-06-24,439
5951,ダイニチ,2016-07-01,451
5951,ダイニチ,2016-07-08,437
5951,ダイニチ,2016-07-15,449
5951,ダイニチ,2016-07-22,455
5951,ダイニチ,2016-07-29,463
5951,ダイニチ,2016-08-05,452
5951,ダイニチ,2016-08-12,452
5951,ダイニチ,2016-08-19,435
5951,ダイニチ,2016-08-26,440
5951,ダイニチ,2016-09-02,447
5951,ダイニチ,2016-09-09,454
5951,ダイニチ,2016-09-16,450
5951,ダイニチ,2016-09-23,467
5951,ダイニチ,2016-09-30,483
5951,ダイニチ,2016-10-07,480
5951,ダイニチ,2016-10-14,475
5951,ダイニチ,2016-10-21,477
5951,ダイニチ,2016-10-28,477
5951,ダイニチ,2016-11-04,481
5951,ダイニチ,2016-11-11,494
5951,ダイニチ,2016-11-18,523
5951,ダイニチ,2016-11-25,537
5951,ダイニチ,2016-12-02,534
5951,ダイニチ,2016-12-09,533
5951,ダイニチ,2016-12-16,542
5951,ダイニチ,2016-12-22,532
5951,ダイニチ,2016-12-30,525
5951,ダイニチ,2017-01-04,531
5951,ダイニチ,2017-01-06,542
5951,ダイニチ,2017-01-13,544
5951,ダイニチ,2017-01-20,541
5951,ダイニチ,2017-01-27,538
5951,ダイニチ,2017-02-03,532
5951,ダイニチ,2017-02-10,536
5951,ダイニチ,2017-02-17,540
5951,ダイニチ,2017-02-24,542
5951,ダイニチ,2017-03-03,542
5951,ダイニチ,2017-03-10,542
5951,ダイニチ,2017-03-17,544
5951,ダイニチ,2017-03-24,547
5951,ダイニチ,2017-03-31,543
5951,ダイニチ,2017-04-07,525
5951,ダイニチ,2017-04-14,522
5951,ダイニチ,2017-04-21,529
5951,ダイニチ,2017-04-28,543
5951,ダイニチ,2017-05-02,546
5951,ダイニチ,2017-05-12,549
5951,ダイニチ,2017-05-19,555
5951,ダイニチ,2017-05-26,567
5951,ダイニチ,2017-06-02,573
5951,ダイニチ,2017-06-09,577
5951,ダイニチ,2017-06-16,594
5951,ダイニチ,2017-06-23,593
5951,ダイニチ,2017-06-30,598
5951,ダイニチ,2017-07-07,602
5951,ダイニチ,2017-07-14,628
5951,ダイニチ,2017-07-21,619
5951,ダイニチ,2017-07-28,624
5951,ダイニチ,2017-08-04,628
5951,ダイニチ,2017-08-11,617
5951,ダイニチ,2017-08-18,603
5951,ダイニチ,2017-08-25,605
5951,ダイニチ,2017-09-01,623
5951,ダイニチ,2017-09-08,614
5951,ダイニチ,2017-09-15,595
5951,ダイニチ,2017-09-22,595
5951,ダイニチ,2017-09-29,608
5951,ダイニチ,2017-10-06,608
5951,ダイニチ,2017-10-13,625
5951,ダイニチ,2017-10-20,624
5951,ダイニチ,2017-10-27,640
5951,ダイニチ,2017-11-03,639
5951,ダイニチ,2017-11-10,643
5951,ダイニチ,2017-11-17,635
5951,ダイニチ,2017-11-24,643
5951,ダイニチ,2017-12-01,646
5951,ダイニチ,2017-12-08,639
5951,ダイニチ,2017-12-15,646
5951,ダイニチ,2017-12-22,643
5951,ダイニチ,2017-12-29,639
5951,ダイニチ,2018-01-01,639
5951,ダイニチ,2018-01-05,648
5951,ダイニチ,2018-01-12,653
5951,ダイニチ,2018-01-19,650
5951,ダイニチ,2018-01-26,658
5951,ダイニチ,2018-02-02,672
5951,ダイニチ,2018-02-09,637
5951,ダイニチ,2018-02-16,658
5951,ダイニチ,2018-02-23,691
5951,ダイニチ,2018-03-02,694
5951,ダイニチ,2018-03-09,701
5951,ダイニチ,2018-03-16,694
5951,ダイニチ,2018-03-23,653
5951,ダイニチ,2018-03-30,671
5951,ダイニチ,2018-04-06,660
5951,ダイニチ,2018-04-13,646
5951,ダイニチ,2018-04-20,649
5951,ダイニチ,2018-04-27,631
5951,ダイニチ,2018-05-04,654
5951,ダイニチ,2018-05-11,656
5951,ダイニチ,2018-05-18,650
5951,ダイニチ,2018-05-25,630
5951,ダイニチ,2018-06-01,630
5951,ダイニチ,2018-06-08,635
5951,ダイニチ,2018-06-15,632
5951,ダイニチ,2018-06-22,632
5951,ダイニチ,2018-06-29,642
5951,ダイニチ,2018-07-06,626
5951,ダイニチ,2018-07-13,622
5951,ダイニチ,2018-07-20,633
5951,ダイニチ,2018-07-27,641
5951,ダイニチ,2018-08-03,615
5951,ダイニチ,2018-08-10,596
5951,ダイニチ,2018-08-17,583
5951,ダイニチ,2018-08-24,579
5951,ダイニチ,2018-08-31,575
5951,ダイニチ,2018-09-07,579
5951,ダイニチ,2018-09-14,580
5951,ダイニチ,2018-09-21,605
5951,ダイニチ,2018-09-28,624
5951,ダイニチ,2018-10-05,635
5951,ダイニチ,2018-10-12,589
5951,ダイニチ,2018-10-19,584
5951,ダイニチ,2018-10-26,571
5951,ダイニチ,2018-11-02,587
5951,ダイニチ,2018-11-09,583
5951,ダイニチ,2018-11-16,575
5951,ダイニチ,2018-11-23,574
5951,ダイニチ,2018-11-30,582
5951,ダイニチ,2018-12-07,573
5951,ダイニチ,2018-12-14,548
5951,ダイニチ,2018-12-21,489
5951,ダイニチ,2018-12-28,508
5951,ダイニチ,2018-12-31,508
5951,ダイニチ,2019-01-04,512
5951,ダイニチ,2019-01-11,511
5951,ダイニチ,2019-01-18,506
5951,ダイニチ,2019-01-25,585
5951,ダイニチ,2019-02-01,551
5951,ダイニチ,2019-02-08,558
5951,ダイニチ,2019-02-15,573
5951,ダイニチ,2019-02-22,575
5951,ダイニチ,2019-03-01,555
5951,ダイニチ,2019-03-08,537
5951,ダイニチ,2019-03-15,537
5951,ダイニチ,2019-03-22,537
5951,ダイニチ,2019-03-29,549
5951,ダイニチ,2019-04-05,559
5951,ダイニチ,2019-04-12,552
5951,ダイニチ,2019-04-19,546
5951,ダイニチ,2019-04-26,538
5951,ダイニチ,2019-05-10,504
5951,ダイニチ,2019-05-17,515
5951,ダイニチ,2019-05-24,516
5951,ダイニチ,2019-05-31,503
5951,ダイニチ,2019-06-07,488
5951,ダイニチ,2019-06-14,481
5951,ダイニチ,2019-06-21,484
5951,ダイニチ,2019-06-28,493
5951,ダイニチ,2019-07-05,516
5951,ダイニチ,2019-07-12,506
5951,ダイニチ,2019-07-19,502
5951,ダイニチ,2019-07-26,511
5951,ダイニチ,2019-08-02,509
5951,ダイニチ,2019-08-09,505
5951,ダイニチ,2019-08-16,493
5951,ダイニチ,2019-08-23,488
5951,ダイニチ,2019-08-30,489
5951,ダイニチ,2019-09-06,497
5951,ダイニチ,2019-09-13,516
5951,ダイニチ,2019-09-20,515
5951,ダイニチ,2019-09-27,507
5951,ダイニチ,2019-10-04,512
5951,ダイニチ,2019-10-11,552
5951,ダイニチ,2019-10-18,553
5951,ダイニチ,2019-10-25,544
5951,ダイニチ,2019-11-01,549
5951,ダイニチ,2019-11-08,561
5951,ダイニチ,2019-11-15,557
5951,ダイニチ,2019-11-22,560
5951,ダイニチ,2019-11-29,558
5951,ダイニチ,2019-12-06,549
5951,ダイニチ,2019-12-13,556
5951,ダイニチ,2019-12-20,560
5951,ダイニチ,2019-12-27,553
5951,ダイニチ,2019-12-30,558
5951,ダイニチ,2020-01-06,572
5951,ダイニチ,2020-01-10,566
5951,ダイニチ,2020-01-17,544
5951,ダイニチ,2020-01-24,556
5951,ダイニチ,2020-01-31,557
5951,ダイニチ,2020-02-07,563
5951,ダイニチ,2020-02-14,559
5951,ダイニチ,2020-02-21,527
5951,ダイニチ,2020-02-28,482
5951,ダイニチ,2020-03-06,476
5951,ダイニチ,2020-03-13,411
5951,ダイニチ,2020-03-19,487
5951,ダイニチ,2020-03-27,519
5951,ダイニチ,2020-04-03,501
5951,ダイニチ,2020-04-10,524
5951,ダイニチ,2020-04-17,537
5951,ダイニチ,2020-04-24,539
5951,ダイニチ,2020-05-01,545
5951,ダイニチ,2020-05-08,582
5951,ダイニチ,2020-05-15,563
5951,ダイニチ,2020-05-22,574
5951,ダイニチ,2020-05-29,584
5951,ダイニチ,2020-06-05,578
5951,ダイニチ,2020-06-12,532
5951,ダイニチ,2020-06-19,542
5951,ダイニチ,2020-06-26,564
5951,ダイニチ,2020-07-03,573
5951,ダイニチ,2020-07-10,570
5951,ダイニチ,2020-07-17,566
5951,ダイニチ,2020-07-22,555
5951,ダイニチ,2020-07-31,555
5951,ダイニチ,2020-08-07,555
5951,ダイニチ,2020-08-14,555
5951,ダイニチ,2020-08-21,555
5951,ダイニチ,2020-08-28,559
5951,ダイニチ,2020-09-04,562
5951,ダイニチ,2020-09-11,597
5951,ダイニチ,2020-09-18,635
5951,ダイニチ,2020-09-25,614
5951,ダイニチ,2020-10-02,634
5951,ダイニチ,2020-10-09,637
5951,ダイニチ,2020-10-16,648
5951,ダイニチ,2020-10-23,615
5951,ダイニチ,2020-10-30,620
5951,ダイニチ,2020-11-06,660
5951,ダイニチ,2020-11-13,696
5951,ダイニチ,2020-11-20,806
5951,ダイニチ,2020-11-27,792
5951,ダイニチ,2020-12-04,720
5951,ダイニチ,2020-12-11,715
5951,ダイニチ,2020-12-18,727
5951,ダイニチ,2020-12-25,752
5951,ダイニチ,2020-12-30,761
5951,ダイニチ,2021-01-04,772
5951,ダイニチ,2021-01-08,819
5951,ダイニチ,2021-01-15,785
5951,ダイニチ,2021-01-22,762
5951,ダイニチ,2021-01-29,728
5951,ダイニチ,2021-02-05,745
5951,ダイニチ,2021-02-12,753
5951,ダイニチ,2021-02-19,712
5951,ダイニチ,2021-02-26,681
5951,ダイニチ,2021-03-05,681
5951,ダイニチ,2021-03-12,705
5951,ダイニチ,2021-03-19,742
5951,ダイニチ,2021-03-26,742
5951,ダイニチ,2021-04-02,739
5951,ダイニチ,2021-04-09,719
5951,ダイニチ,2021-04-16,746
5951,ダイニチ,2021-04-23,709
5951,ダイニチ,2021-04-30,688
5951,ダイニチ,2021-05-07,699
5951,ダイニチ,2021-05-14,686
5951,ダイニチ,2021-05-21,690
5951,ダイニチ,2021-05-28,687
5951,ダイニチ,2021-06-04,691
5951,ダイニチ,2021-06-11,676
5951,ダイニチ,2021-06-18,658
5951,ダイニチ,2021-06-25,675
5951,ダイニチ,2021-07-02,675
5951,ダイニチ,2021-07-09,643
5951,ダイニチ,2021-07-16,660
5951,ダイニチ,2021-07-21,654
5951,ダイニチ,2021-07-30,649
5951,ダイニチ,2021-08-06,622
5951,ダイニチ,2021-08-13,661
5951,ダイニチ,2021-08-20,628
5951,ダイニチ,2021-08-27,639
5951,ダイニチ,2021-09-03,635
5951,ダイニチ,2021-09-10,664
5951,ダイニチ,2021-09-17,679
5951,ダイニチ,2021-09-24,667
5951,ダイニチ,2021-10-01,648
5951,ダイニチ,2021-10-08,642
5951,ダイニチ,2021-10-15,655
5951,ダイニチ,2021-10-22,662
5951,ダイニチ,2021-10-29,674
5951,ダイニチ,2021-11-05,680
5951,ダイニチ,2021-11-12,693
5951,ダイニチ,2021-11-19,690
5951,ダイニチ,2021-11-26,666
5951,ダイニチ,2021-12-03,653
5951,ダイニチ,2021-12-10,660
5951,ダイニチ,2021-12-17,667
5951,ダイニチ,2021-12-24,641
5951,ダイニチ,2021-12-30,653
5951,ダイニチ,2022-01-04,646
5951,ダイニチ,2022-01-07,624
5951,ダイニチ,2022-01-14,615
5951,ダイニチ,2022-01-21,610
5951,ダイニチ,2022-01-28,588
5951,ダイニチ,2022-02-04,599
5951,ダイニチ,2022-02-10,608
5951,ダイニチ,2022-02-18,601
5951,ダイニチ,2022-02-25,593
5951,ダイニチ,2022-03-04,580
5951,ダイニチ,2022-03-11,557
5951,ダイニチ,2022-03-18,598
5951,ダイニチ,2022-03-25,598
5951,ダイニチ,2022-04-01,597
5951,ダイニチ,2022-04-08,582
5951,ダイニチ,2022-04-15,566
5951,ダイニチ,2022-04-22,572
5951,ダイニチ,2022-04-28,567
5951,ダイニチ,2022-05-06,567
5951,ダイニチ,2022-05-13,551
5951,ダイニチ,2022-05-20,544
5951,ダイニチ,2022-05-27,545
5951,ダイニチ,2022-06-03,573
5951,ダイニチ,2022-06-10,567
5951,ダイニチ,2022-06-17,545
5951,ダイニチ,2022-06-24,563
5951,ダイニチ,2022-07-01,566
5951,ダイニチ,2022-07-08,574
5951,ダイニチ,2022-07-15,568
5951,ダイニチ,2022-07-22,584
5951,ダイニチ,2022-07-29,587
5951,ダイニチ,2022-08-05,579
5951,ダイニチ,2022-08-12,580
5951,ダイニチ,2022-08-19,572
5951,ダイニチ,2022-08-26,574
5951,ダイニチ,2022-09-02,567
5951,ダイニチ,2022-09-09,580
5951,ダイニチ,2022-09-16,561
5951,ダイニチ,2022-09-22,566
5951,ダイニチ,2022-09-30,552
5951,ダイニチ,2022-10-07,564
5951,ダイニチ,2022-10-14,558
5951,ダイニチ,2022-10-21,568
5951,ダイニチ,2022-10-28,568
5951,ダイニチ,2022-11-04,583
5951,ダイニチ,2022-11-11,591
5951,ダイニチ,2022-11-18,587
5951,ダイニチ,2022-11-25,607
5951,ダイニチ,2022-12-02,598
5951,ダイニチ,2022-12-09,590
5951,ダイニチ,2022-12-16,583
5951,ダイニチ,2022-12-23,572
5951,ダイニチ,2022-12-30,583
5951,ダイニチ,2023-01-04,574
5951,ダイニチ,2023-01-06,577
5951,ダイニチ,2023-01-13,567
5951,ダイニチ,2023-01-20,601
5951,ダイニチ,2023-01-27,606
5951,ダイニチ,2023-02-03,593
5951,ダイニチ,2023-02-10,589
5951,ダイニチ,2023-02-17,589
5951,ダイニチ,2023-02-24,595
5951,ダイニチ,2023-03-03,599
5951,ダイニチ,2023-03-10,622
5951,ダイニチ,2023-03-17,589
5951,ダイニチ,2023-03-24,600
5951,ダイニチ,2023-03-31,613
5951,ダイニチ,2023-04-07,600
5951,ダイニチ,2023-04-14,614
5951,ダイニチ,2023-04-21,614
5951,ダイニチ,2023-04-28,620
5951,ダイニチ,2023-05-02,631
5951,ダイニチ,2023-05-12,683
5951,ダイニチ,2023-05-19,645
5951,ダイニチ,2023-05-26,630
5951,ダイニチ,2023-06-02,624
5951,ダイニチ,2023-06-09,667
5951,ダイニチ,2023-06-16,664
5951,ダイニチ,2023-06-23,667
5951,ダイニチ,2023-06-30,662
5951,ダイニチ,2023-07-07,664
5951,ダイニチ,2023-07-14,656
5951,ダイニチ,2023-07-21,675
5951,ダイニチ,2023-07-28,681
5951,ダイニチ,2023-08-04,646
5951,ダイニチ,2023-08-10,671
5951,ダイニチ,2023-08-18,651
5951,ダイニチ,2023-08-25,657
5951,ダイニチ,2023-09-01,680
5951,ダイニチ,2023-09-08,667
5951,ダイニチ,2023-09-15,677
5951,ダイニチ,2023-09-22,661
5951,ダイニチ,2023-09-29,673
5951,ダイニチ,2023-10-06,660
5951,ダイニチ,2023-10-13,652
5951,ダイニチ,2023-10-20,655
5951,ダイニチ,2023-10-27,658
5951,ダイニチ,2023-11-02,647
5951,ダイニチ,2023-11-10,649
5951,ダイニチ,2023-11-17,652
5951,ダイニチ,2023-11-24,656
5951,ダイニチ,2023-12-01,670
5951,ダイニチ,2023-12-08,660
5951,ダイニチ,2023-12-15,650
5951,ダイニチ,2023-12-22,643
5951,ダイニチ,2023-12-29,645
5951,ダイニチ,2024-01-04,654
5951,ダイニチ,2024-01-05,656
5951,ダイニチ,2024-01-12,648
5951,ダイニチ,2024-01-19,636
5951,ダイニチ,2024-01-26,640
5951,ダイニチ,2024-02-02,657
5951,ダイニチ,2024-02-09,637
5951,ダイニチ,2024-02-16,639
5951,ダイニチ,2024-02-22,641
5951,ダイニチ,2024-03-01,642
5951,ダイニチ,2024-03-08,648
5951,ダイニチ,2024-03-15,648
5951,ダイニチ,2024-03-22,662
5951,ダイニチ,2024-03-29,664
5951,ダイニチ,2024-04-05,666
5951,ダイニチ,2024-04-12,667
5951,ダイニチ,2024-04-19,661
5951,ダイニチ,2024-04-26,649
5951,ダイニチ,2024-05-02,654
5951,ダイニチ,2024-05-10,659
5951,ダイニチ,2024-05-17,646
5951,ダイニチ,2024-05-24,635
5951,ダイニチ,2024-05-31,640
5951,ダイニチ,2024-06-07,637
5951,ダイニチ,2024-06-14,636
5951,ダイニチ,2024-06-21,656
5951,ダイニチ,2024-06-28,663
5951,ダイニチ,2024-07-05,650
5951,ダイニチ,2024-07-12,647
5951,ダイニチ,2024-07-19,636
5951,ダイニチ,2024-07-26,635
5951,ダイニチ,2024-08-02,602
5951,ダイニチ,2024-08-09,588
5951,ダイニチ,2024-08-16,597
5951,ダイニチ,2024-08-23,600
5951,ダイニチ,2024-08-30,602
5951,ダイニチ,2024-09-06,587
5951,ダイニチ,2024-09-13,577
5951,ダイニチ,2024-09-20,593
5951,ダイニチ,2024-09-27,591
5951,ダイニチ,2024-10-04,593
5951,ダイニチ,2024-10-11,583
5951,ダイニチ,2024-10-18,573
5951,ダイニチ,2024-10-25,566
5951,ダイニチ,2024-11-01,570
5951,ダイニチ,2024-11-08,568
5951,ダイニチ,2024-11-15,571
5951,ダイニチ,2024-11-22,578
5951,ダイニチ,2024-11-29,580
5951,ダイニチ,2024-12-06,578
5951,ダイニチ,2024-12-13,582
5951,ダイニチ,2024-12-20,579
5951,ダイニチ,2024-12-27,599
5951,ダイニチ,2024-12-30,618
5951,ダイニチ,2025-01-06,605
5951,ダイニチ,2025-01-10,597
5951,ダイニチ,2025-01-17,601
5951,ダイニチ,2025-01-24,617
5951,ダイニチ,2025-01-31,619
5951,ダイニチ,2025-02-07,603
5951,ダイニチ,2025-02-14,605
5951,ダイニチ,2025-02-21,604
5951,ダイニチ,2025-02-28,622
5951,ダイニチ,2025-03-07,624
5951,ダイニチ,2025-03-14,625
5951,ダイニチ,2025-03-21,622
5951,ダイニチ,2025-03-28,642
5951,ダイニチ,2025-04-04,614
5951,ダイニチ,2025-04-11,610
5951,ダイニチ,2025-04-18,638
5951,ダイニチ,2025-04-25,634
5951,ダイニチ,2025-05-02,626
5951,ダイニチ,2025-05-09,629
5951,ダイニチ,2025-05-16,638
5951,ダイニチ,2025-05-23,632
5951,ダイニチ,2025-05-30,634
5951,ダイニチ,2025-06-06,636
5951,ダイニチ,2025-06-13,633
5951,ダイニチ,2025-06-20,630
5951,ダイニチ,2025-06-27,642
5951,ダイニチ,2025-07-04,676
5951,ダイニチ,2025-07-11,701
5951,ダイニチ,2025-07-18,706
5951,ダイニチ,2025-07-25,725
5951,ダイニチ,2025-08-01,715
5951,ダイニチ,2025-08-08,743
5951,ダイニチ,2025-08-15,754
5951,ダイニチ,2025-08-22,773
5951,ダイニチ,2025-08-29,788
5951,ダイニチ,2025-09-05,785
5951,ダイニチ,2025-09-12,793
5951,ダイニチ,2025-09-19,829
5951,ダイニチ,2025-09-26,856
5951,ダイニチ,2025-10-03,856
5951,ダイニチ,2025-10-10,849
5951,ダイニチ,2025-10-17,853
5951,ダイニチ,2025-10-24,878
5951,ダイニチ,2025-10-31,894
5951,ダイニチ,2025-11-07,882
5951,ダイニチ,2025-11-14,878
5951,ダイニチ,2025-11-21,861
5951,ダイニチ,2025-11-28,887
5951,ダイニチ,2025-12-05,871
5951,ダイニチ,2025-12-12,929
5951,ダイニチ,2025-12-19,928
5951,ダイニチ,2025-12-26,916
5951,ダイニチ,2025-12-30,930
5951,ダイニチ,2026-01-05,923
5951,ダイニチ,2026-01-09,924
5951,ダイニチ,2026-01-16,947
5951,ダイニチ,2026-01-23,906
5951,ダイニチ,2026-01-30,884
5951,ダイニチ,2026-02-06,914
5951,ダイニチ,2026-02-13,942
5951,ダイニチ,2026-02-20,971
5951,ダイニチ,2026-02-27,1020
5951,ダイニチ,2026-03-06,1044
5951,ダイニチ,2026-03-13,1034
5951,ダイニチ,2026-03-19,1027
5951,ダイニチ,2026-03-27,1018
5951,ダイニチ,2026-04-03,1035
5951,ダイニチ,2026-04-10,1013
5951,ダイニチ,2026-04-17,995
5951,ダイニチ,2026-04-24,990
5951,ダイニチ,2026-05-01,978
5951,ダイニチ,2026-05-08,992
5951,ダイニチ,2026-05-15,895
5951,ダイニチ,2026-05-22,903
5951,ダイニチ,2026-05-29,965
5951,ダイニチ,2026-06-05,942
5951,ダイニチ,2026-06-12,976
5951,ダイニチ,2026-06-19,1125
5951,ダイニチ,2026-06-26,1192
5951,ダイニチ,2026-07-03,1242
5951,ダイニチ,2026-07-10,1155
5951,ダイニチ,2026-07-17,1042
5951,ダイニチ,2026-07-24,1044
5951,ダイニチ,2026-07-31,1052
5951,ダイニチ,2026-08-07,1083
5951,ダイニチ,2026-08-14,1199
5951,ダイニチ,2026-08-21,1252
5951,ダイニチ,2026-08-28,1230
5951,ダイニチ,2026-09-04,1217
5951,ダイニチ,2026-09-11,1102
5951,ダイニチ,2026-09-18,1133
5951,ダイニチ,2026-09-25,1131
5951,ダイニチ,2026-09-30,1093
N225,日経平均,2005-01-04,11518
N225,日経平均,2005-01-07,11433
N225,日経平均,2005-01-14,11438
N225,日経平均,2005-01-21,11238
N225,日経平均,2005-01-28,11321
N225,日経平均,2005-02-04,11360
N225,日経平均,2005-02-10,11554
N225,日経平均,2005-02-18,11660
N225,日経平均,2005-02-25,11658
N225,日経平均,2005-03-04,11873
N225,日経平均,2005-03-11,11924
N225,日経平均,2005-03-18,11880
N225,日経平均,2005-03-25,11761
N225,日経平均,2005-04-01,11724
N225,日経平均,2005-04-08,11875
N225,日経平均,2005-04-15,11371
N225,日経平均,2005-04-22,11046
N225,日経平均,2005-04-28,11009
N225,日経平均,2005-05-06,11192
N225,日経平均,2005-05-13,11049
N225,日経平均,2005-05-20,11037
N225,日経平均,2005-05-27,11192
N225,日経平均,2005-06-03,11300
N225,日経平均,2005-06-10,11304
N225,日経平均,2005-06-17,11514
N225,日経平均,2005-06-24,11537
N225,日経平均,2005-07-01,11630
N225,日経平均,2005-07-08,11566
N225,日経平均,2005-07-15,11759
N225,日経平均,2005-07-22,11695
N225,日経平均,2005-07-29,11900
N225,日経平均,2005-08-05,11766
N225,日経平均,2005-08-12,12262
N225,日経平均,2005-08-19,12292
N225,日経平均,2005-08-26,12439
N225,日経平均,2005-09-02,12600
N225,日経平均,2005-09-09,12692
N225,日経平均,2005-09-16,12959
N225,日経平均,2005-09-22,13159
N225,日経平均,2005-09-30,13574
N225,日経平均,2005-10-07,13228
N225,日経平均,2005-10-14,13421
N225,日経平均,2005-10-21,13200
N225,日経平均,2005-10-28,13347
N225,日経平均,2005-11-04,14076
N225,日経平均,2005-11-11,14155
N225,日経平均,2005-11-18,14623
N225,日経平均,2005-11-25,14784
N225,日経平均,2005-12-02,15422
N225,日経平均,2005-12-09,15404
N225,日経平均,2005-12-16,15173
N225,日経平均,2005-12-22,15941
N225,日経平均,2005-12-30,16111
N225,日経平均,2006-01-04,16362
N225,日経平均,2006-01-06,16428
N225,日経平均,2006-01-13,16455
N225,日経平均,2006-01-20,15697
N225,日経平均,2006-01-27,16461
N225,日経平均,2006-02-03,16660
N225,日経平均,2006-02-10,16258
N225,日経平均,2006-02-17,15713
N225,日経平均,2006-02-24,16102
N225,日経平均,2006-03-03,15663
N225,日経平均,2006-03-10,16116
N225,日経平均,2006-03-17,16340
N225,日経平均,2006-03-24,16561
N225,日経平均,2006-03-31,17060
N225,日経平均,2006-04-07,17563
N225,日経平均,2006-04-14,17234
N225,日経平均,2006-04-21,17404
N225,日経平均,2006-04-28,16906
N225,日経平均,2006-05-02,17154
N225,日経平均,2006-05-12,16602
N225,日経平均,2006-05-19,16155
N225,日経平均,2006-05-26,15971
N225,日経平均,2006-06-02,15789
N225,日経平均,2006-06-09,14751
N225,日経平均,2006-06-16,14879
N225,日経平均,2006-06-23,15124
N225,日経平均,2006-06-30,15505
N225,日経平均,2006-07-07,15308
N225,日経平均,2006-07-14,14845
N225,日経平均,2006-07-21,14821
N225,日経平均,2006-07-28,15343
N225,日経平均,2006-08-04,15499
N225,日経平均,2006-08-11,15565
N225,日経平均,2006-08-18,16106
N225,日経平均,2006-08-25,15939
N225,日経平均,2006-09-01,16134
N225,日経平均,2006-09-08,16080
N225,日経平均,2006-09-15,15867
N225,日経平均,2006-09-22,15635
N225,日経平均,2006-09-29,16128
N225,日経平均,2006-10-06,16436
N225,日経平均,2006-10-13,16537
N225,日経平均,2006-10-20,16652
N225,日経平均,2006-10-27,16669
N225,日経平均,2006-11-02,16350
N225,日経平均,2006-11-10,16112
N225,日経平均,2006-11-17,16092
N225,日経平均,2006-11-24,15735
N225,日経平均,2006-12-01,16322
N225,日経平均,2006-12-08,16418
N225,日経平均,2006-12-15,16914
N225,日経平均,2006-12-22,17105
N225,日経平均,2006-12-29,17226
N225,日経平均,2007-01-04,17354
N225,日経平均,2007-01-05,17092
N225,日経平均,2007-01-12,17057
N225,日経平均,2007-01-19,17310
N225,日経平均,2007-01-26,17422
N225,日経平均,2007-02-02,17547
N225,日経平均,2007-02-09,17504
N225,日経平均,2007-02-16,17876
N225,日経平均,2007-02-23,18188
N225,日経平均,2007-03-02,17218
N225,日経平均,2007-03-09,17164
N225,日経平均,2007-03-16,16744
N225,日経平均,2007-03-23,17481
N225,日経平均,2007-03-30,17288
N225,日経平均,2007-04-06,17485
N225,日経平均,2007-04-13,17364
N225,日経平均,2007-04-20,17453
N225,日経平均,2007-04-27,17400
N225,日経平均,2007-05-02,17395
N225,日経平均,2007-05-11,17554
N225,日経平均,2007-05-18,17400
N225,日経平均,2007-05-25,17481
N225,日経平均,2007-06-01,17959
N225,日経平均,2007-06-08,17779
N225,日経平均,2007-06-15,17971
N225,日経平均,2007-06-22,18189
N225,日経平均,2007-06-29,18138
N225,日経平均,2007-07-06,18141
N225,日経平均,2007-07-13,18239
N225,日経平均,2007-07-20,18158
N225,日経平均,2007-07-27,17284
N225,日経平均,2007-08-03,16980
N225,日経平均,2007-08-10,16764
N225,日経平均,2007-08-17,15274
N225,日経平均,2007-08-24,16249
N225,日経平均,2007-08-31,16569
N225,日経平均,2007-09-07,16122
N225,日経平均,2007-09-14,16127
N225,日経平均,2007-09-21,16313
N225,日経平均,2007-09-28,16786
N225,日経平均,2007-10-05,17065
N225,日経平均,2007-10-12,17331
N225,日経平均,2007-10-19,16814
N225,日経平均,2007-10-26,16506
N225,日経平均,2007-11-02,16517
N225,日経平均,2007-11-09,15583
N225,日経平均,2007-11-16,15155
N225,日経平均,2007-11-22,14889
N225,日経平均,2007-11-30,15681
N225,日経平均,2007-12-07,15956
N225,日経平均,2007-12-14,15515
N225,日経平均,2007-12-21,15257
N225,日経平均,2007-12-28,15308
N225,日経平均,2008-01-04,14691
N225,日経平均,2008-01-11,14111
N225,日経平均,2008-01-18,13861
N225,日経平均,2008-01-25,13629
N225,日経平均,2008-02-01,13497
N225,日経平均,2008-02-08,13017
N225,日経平均,2008-02-15,13623
N225,日経平均,2008-02-22,13500
N225,日経平均,2008-02-29,13603
N225,日経平均,2008-03-07,12783
N225,日経平均,2008-03-14,12242
N225,日経平均,2008-03-21,12483
N225,日経平均,2008-03-28,12820
N225,日経平均,2008-04-04,13293
N225,日経平均,2008-04-11,13324
N225,日経平均,2008-04-18,13476
N225,日経平均,2008-04-25,13863
N225,日経平均,2008-05-02,14049
N225,日経平均,2008-05-09,13655
N225,日経平均,2008-05-16,14219
N225,日経平均,2008-05-23,14012
N225,日経平均,2008-05-30,14339
N225,日経平均,2008-06-06,14489
N225,日経平均,2008-06-13,13974
N225,日経平均,2008-06-20,13942
N225,日経平均,2008-06-27,13544
N225,日経平均,2008-07-04,13238
N225,日経平均,2008-07-11,13040
N225,日経平均,2008-07-18,12804
N225,日経平均,2008-07-25,13335
N225,日経平均,2008-08-01,13095
N225,日経平均,2008-08-08,13168
N225,日経平均,2008-08-15,13019
N225,日経平均,2008-08-22,12666
N225,日経平均,2008-08-29,13073
N225,日経平均,2008-09-05,12212
N225,日経平均,2008-09-12,12215
N225,日経平均,2008-09-19,11921
N225,日経平均,2008-09-26,11893
N225,日経平均,2008-10-03,10938
N225,日経平均,2008-10-10,8276
N225,日経平均,2008-10-17,8694
N225,日経平均,2008-10-24,7649
N225,日経平均,2008-10-31,8577
N225,日経平均,2008-11-07,8583
N225,日経平均,2008-11-14,8462
N225,日経平均,2008-11-21,7911
N225,日経平均,2008-11-28,8512
N225,日経平均,2008-12-05,7918
N225,日経平均,2008-12-12,8236
N225,日経平均,2008-12-19,8589
N225,日経平均,2008-12-26,8740
N225,日経平均,2008-12-30,8860
N225,日経平均,2009-01-05,9043
N225,日経平均,2009-01-09,8837
N225,日経平均,2009-01-16,8230
N225,日経平均,2009-01-23,7745
N225,日経平均,2009-01-30,7994
N225,日経平均,2009-02-06,8077
N225,日経平均,2009-02-13,7779
N225,日経平均,2009-02-20,7416
N225,日経平均,2009-02-27,7568
N225,日経平均,2009-03-06,7173
N225,日経平均,2009-03-13,7569
N225,日経平均,2009-03-19,7946
N225,日経平均,2009-03-27,8627
N225,日経平均,2009-04-03,8750
N225,日経平均,2009-04-10,8964
N225,日経平均,2009-04-17,8908
N225,日経平均,2009-04-24,8708
N225,日経平均,2009-05-01,8977
N225,日経平均,2009-05-08,9433
N225,日経平均,2009-05-15,9265
N225,日経平均,2009-05-22,9226
N225,日経平均,2009-05-29,9523
N225,日経平均,2009-06-05,9768
N225,日経平均,2009-06-12,10136
N225,日経平均,2009-06-19,9786
N225,日経平均,2009-06-26,9877
N225,日経平均,2009-07-03,9816
N225,日経平均,2009-07-10,9287
N225,日経平均,2009-07-17,9395
N225,日経平均,2009-07-24,9945
N225,日経平均,2009-07-31,10357
N225,日経平均,2009-08-07,10412
N225,日経平均,2009-08-14,10597
N225,日経平均,2009-08-21,10238
N225,日経平均,2009-08-28,10534
N225,日経平均,2009-09-04,10187
N225,日経平均,2009-09-11,10444
N225,日経平均,2009-09-18,10371
N225,日経平均,2009-09-25,10266
N225,日経平均,2009-10-02,9732
N225,日経平均,2009-10-09,10016
N225,日経平均,2009-10-16,10258
N225,日経平均,2009-10-23,10283
N225,日経平均,2009-10-30,10035
N225,日経平均,2009-11-06,9789
N225,日経平均,2009-11-13,9770
N225,日経平均,2009-11-20,9498
N225,日経平均,2009-11-27,9082
N225,日経平均,2009-12-04,10023
N225,日経平均,2009-12-11,10108
N225,日経平均,2009-12-18,10142
N225,日経平均,2009-12-25,10495
N225,日経平均,2009-12-30,10546
N225,日経平均,2010-01-04,10655
N225,日経平均,2010-01-08,10798
N225,日経平均,2010-01-15,10982
N225,日経平均,2010-01-22,10591
N225,日経平均,2010-01-29,10198
N225,日経平均,2010-02-05,10057
N225,日経平均,2010-02-12,10092
N225,日経平均,2010-02-19,10124
N225,日経平均,2010-02-26,10126
N225,日経平均,2010-03-05,10369
N225,日経平均,2010-03-12,10751
N225,日経平均,2010-03-19,10825
N225,日経平均,2010-03-26,10996
N225,日経平均,2010-04-02,11286
N225,日経平均,2010-04-09,11204
N225,日経平均,2010-04-16,11102
N225,日経平均,2010-04-23,10914
N225,日経平均,2010-04-30,11057
N225,日経平均,2010-05-07,10365
N225,日経平均,2010-05-14,10463
N225,日経平均,2010-05-21,9785
N225,日経平均,2010-05-28,9763
N225,日経平均,2010-06-04,9901
N225,日経平均,2010-06-11,9705
N225,日経平均,2010-06-18,9995
N225,日経平均,2010-06-25,9737
N225,日経平均,2010-07-02,9204
N225,日経平均,2010-07-09,9585
N225,日経平均,2010-07-16,9408
N225,日経平均,2010-07-23,9431
N225,日経平均,2010-07-30,9537
N225,日経平均,2010-08-06,9642
N225,日経平均,2010-08-13,9253
N225,日経平均,2010-08-20,9179
N225,日経平均,2010-08-27,8991
N225,日経平均,2010-09-03,9114
N225,日経平均,2010-09-10,9239
N225,日経平均,2010-09-17,9626
N225,日経平均,2010-09-24,9472
N225,日経平均,2010-10-01,9404
N225,日経平均,2010-10-08,9589
N225,日経平均,2010-10-15,9500
N225,日経平均,2010-10-22,9427
N225,日経平均,2010-10-29,9202
N225,日経平均,2010-11-05,9626
N225,日経平均,2010-11-12,9725
N225,日経平均,2010-11-19,10022
N225,日経平均,2010-11-26,10040
N225,日経平均,2010-12-03,10178
N225,日経平均,2010-12-10,10212
N225,日経平均,2010-12-17,10304
N225,日経平均,2010-12-24,10279
N225,日経平均,2010-12-30,10229
N225,日経平均,2011-01-04,10398
N225,日経平均,2011-01-07,10541
N225,日経平均,2011-01-14,10499
N225,日経平均,2011-01-21,10275
N225,日経平均,2011-01-28,10360
N225,日経平均,2011-02-04,10544
N225,日経平均,2011-02-10,10606
N225,日経平均,2011-02-18,10843
N225,日経平均,2011-02-25,10527
N225,日経平均,2011-03-04,10694
N225,日経平均,2011-03-11,10254
N225,日経平均,2011-03-18,9207
N225,日経平均,2011-03-25,9536
N225,日経平均,2011-04-01,9708
N225,日経平均,2011-04-08,9768
N225,日経平均,2011-04-15,9592
N225,日経平均,2011-04-22,9682
N225,日経平均,2011-04-28,9850
N225,日経平均,2011-05-06,9859
N225,日経平均,2011-05-13,9649
N225,日経平均,2011-05-20,9607
N225,日経平均,2011-05-27,9522
N225,日経平均,2011-06-03,9492
N225,日経平均,2011-06-10,9514
N225,日経平均,2011-06-17,9351
N225,日経平均,2011-06-24,9679
N225,日経平均,2011-07-01,9868
N225,日経平均,2011-07-08,10138
N225,日経平均,2011-07-15,9974
N225,日経平均,2011-07-22,10132
N225,日経平均,2011-07-29,9833
N225,日経平均,2011-08-05,9300
N225,日経平均,2011-08-12,8964
N225,日経平均,2011-08-19,8719
N225,日経平均,2011-08-26,8798
N225,日経平均,2011-09-02,8951
N225,日経平均,2011-09-09,8738
N225,日経平均,2011-09-16,8864
N225,日経平均,2011-09-22,8560
N225,日経平均,2011-09-30,8700
N225,日経平均,2011-10-07,8606
N225,日経平均,2011-10-14,8748
N225,日経平均,2011-10-21,8679
N225,日経平均,2011-10-28,9050
N225,日経平均,2011-11-04,8801
N225,日経平均,2011-11-11,8514
N225,日経平均,2011-11-18,8375
N225,日経平均,2011-11-25,8160
N225,日経平均,2011-12-02,8644
N225,日経平均,2011-12-09,8536
N225,日経平均,2011-12-16,8402
N225,日経平均,2011-12-22,8395
N225,日経平均,2011-12-30,8455
N225,日経平均,2012-01-04,8560
N225,日経平均,2012-01-06,8390
N225,日経平均,2012-01-13,8500
N225,日経平均,2012-01-20,8766
N225,日経平均,2012-01-27,8841
N225,日経平均,2012-02-03,8832
N225,日経平均,2012-02-10,8947
N225,日経平均,2012-02-17,9384
N225,日経平均,2012-02-24,9647
N225,日経平均,2012-03-02,9777
N225,日経平均,2012-03-09,9930
N225,日経平均,2012-03-16,10130
N225,日経平均,2012-03-23,10011
N225,日経平均,2012-03-30,10084
N225,日経平均,2012-04-06,9688
N225,日経平均,2012-04-13,9638
N225,日経平均,2012-04-20,9561
N225,日経平均,2012-04-27,9521
N225,日経平均,2012-05-02,9380
N225,日経平均,2012-05-11,8953
N225,日経平均,2012-05-18,8611
N225,日経平均,2012-05-25,8580
N225,日経平均,2012-06-01,8440
N225,日経平均,2012-06-08,8459
N225,日経平均,2012-06-15,8569
N225,日経平均,2012-06-22,8798
N225,日経平均,2012-06-29,9007
N225,日経平均,2012-07-06,9021
N225,日経平均,2012-07-13,8724
N225,日経平均,2012-07-20,8670
N225,日経平均,2012-07-27,8567
N225,日経平均,2012-08-03,8555
N225,日経平均,2012-08-10,8891
N225,日経平均,2012-08-17,9163
N225,日経平均,2012-08-24,9071
N225,日経平均,2012-08-31,8840
N225,日経平均,2012-09-07,8872
N225,日経平均,2012-09-14,9159
N225,日経平均,2012-09-21,9110
N225,日経平均,2012-09-28,8870
N225,日経平均,2012-10-05,8863
N225,日経平均,2012-10-12,8534
N225,日経平均,2012-10-19,9003
N225,日経平均,2012-10-26,8933
N225,日経平均,2012-11-02,9051
N225,日経平均,2012-11-09,8758
N225,日経平均,2012-11-16,9024
N225,日経平均,2012-11-22,9367
N225,日経平均,2012-11-30,9446
N225,日経平均,2012-12-07,9527
N225,日経平均,2012-12-14,9738
N225,日経平均,2012-12-21,9940
N225,日経平均,2012-12-28,10395
N225,日経平均,2013-01-04,10688
N225,日経平均,2013-01-11,10802
N225,日経平均,2013-01-18,10913
N225,日経平均,2013-01-25,10927
N225,日経平均,2013-02-01,11191
N225,日経平均,2013-02-08,11153
N225,日経平均,2013-02-15,11174
N225,日経平均,2013-02-22,11386
N225,日経平均,2013-03-01,11606
N225,日経平均,2013-03-08,12284
N225,日経平均,2013-03-15,12561
N225,日経平均,2013-03-22,12339
N225,日経平均,2013-03-29,12398
N225,日経平均,2013-04-05,12834
N225,日経平均,2013-04-12,13485
N225,日経平均,2013-04-19,13316
N225,日経平均,2013-04-26,13884
N225,日経平均,2013-05-02,13694
N225,日経平均,2013-05-10,14608
N225,日経平均,2013-05-17,15138
N225,日経平均,2013-05-24,14612
N225,日経平均,2013-05-31,13775
N225,日経平均,2013-06-07,12878
N225,日経平均,2013-06-14,12687
N225,日経平均,2013-06-21,13230
N225,日経平均,2013-06-28,13677
N225,日経平均,2013-07-05,14310
N225,日経平均,2013-07-12,14506
N225,日経平均,2013-07-19,14590
N225,日経平均,2013-07-26,14130
N225,日経平均,2013-08-02,14466
N225,日経平均,2013-08-09,13615
N225,日経平均,2013-08-16,13650
N225,日経平均,2013-08-23,13661
N225,日経平均,2013-08-30,13389
N225,日経平均,2013-09-06,13861
N225,日経平均,2013-09-13,14405
N225,日経平均,2013-09-20,14742
N225,日経平均,2013-09-27,14760
N225,日経平均,2013-10-04,14024
N225,日経平均,2013-10-11,14405
N225,日経平均,2013-10-18,14562
N225,日経平均,2013-10-25,14088
N225,日経平均,2013-11-01,14202
N225,日経平均,2013-11-08,14087
N225,日経平均,2013-11-15,15166
N225,日経平均,2013-11-22,15382
N225,日経平均,2013-11-29,15662
N225,日経平均,2013-12-06,15300
N225,日経平均,2013-12-13,15403
N225,日経平均,2013-12-20,15870
N225,日経平均,2013-12-27,16179
N225,日経平均,2013-12-30,16291
N225,日経平均,2014-01-06,15909
N225,日経平均,2014-01-10,15912
N225,日経平均,2014-01-17,15734
N225,日経平均,2014-01-24,15392
N225,日経平均,2014-01-31,14915
N225,日経平均,2014-02-07,14462
N225,日経平均,2014-02-14,14313
N225,日経平均,2014-02-21,14866
N225,日経平均,2014-02-28,14841
N225,日経平均,2014-03-07,15274
N225,日経平均,2014-03-14,14328
N225,日経平均,2014-03-20,14224
N225,日経平均,2014-03-28,14696
N225,日経平均,2014-04-04,15064
N225,日経平均,2014-04-11,13960
N225,日経平均,2014-04-18,14516
N225,日経平均,2014-04-25,14429
N225,日経平均,2014-05-02,14458
N225,日経平均,2014-05-09,14200
N225,日経平均,2014-05-16,14097
N225,日経平均,2014-05-23,14462
N225,日経平均,2014-05-30,14632
N225,日経平均,2014-06-06,15077
N225,日経平均,2014-06-13,15098
N225,日経平均,2014-06-20,15349
N225,日経平均,2014-06-27,15095
N225,日経平均,2014-07-04,15437
N225,日経平均,2014-07-11,15164
N225,日経平均,2014-07-18,15216
N225,日経平均,2014-07-25,15458
N225,日経平均,2014-08-01,15523
N225,日経平均,2014-08-08,14778
N225,日経平均,2014-08-15,15318
N225,日経平均,2014-08-22,15539
N225,日経平均,2014-08-29,15425
N225,日経平均,2014-09-05,15669
N225,日経平均,2014-09-12,15948
N225,日経平均,2014-09-19,16321
N225,日経平均,2014-09-26,16230
N225,日経平均,2014-10-03,15709
N225,日経平均,2014-10-10,15301
N225,日経平均,2014-10-17,14533
N225,日経平均,2014-10-24,15292
N225,日経平均,2014-10-31,16414
N225,日経平均,2014-11-07,16880
N225,日経平均,2014-11-14,17491
N225,日経平均,2014-11-21,17358
N225,日経平均,2014-11-28,17460
N225,日経平均,2014-12-05,17920
N225,日経平均,2014-12-12,17372
N225,日経平均,2014-12-19,17621
N225,日経平均,2014-12-26,17819
N225,日経平均,2014-12-30,17451
N225,日経平均,2015-01-05,17409
N225,日経平均,2015-01-09,17198
N225,日経平均,2015-01-16,16864
N225,日経平均,2015-01-23,17512
N225,日経平均,2015-01-30,17674
N225,日経平均,2015-02-06,17649
N225,日経平均,2015-02-13,17913
N225,日経平均,2015-02-20,18332
N225,日経平均,2015-02-27,18798
N225,日経平均,2015-03-06,18971
N225,日経平均,2015-03-13,19254
N225,日経平均,2015-03-20,19560
N225,日経平均,2015-03-27,19286
N225,日経平均,2015-04-03,19435
N225,日経平均,2015-04-10,19908
N225,日経平均,2015-04-17,19653
N225,日経平均,2015-04-24,20020
N225,日経平均,2015-05-01,19532
N225,日経平均,2015-05-08,19379
N225,日経平均,2015-05-15,19733
N225,日経平均,2015-05-22,20264
N225,日経平均,2015-05-29,20563
N225,日経平均,2015-06-05,20461
N225,日経平均,2015-06-12,20407
N225,日経平均,2015-06-19,20174
N225,日経平均,2015-06-26,20706
N225,日経平均,2015-07-03,20540
N225,日経平均,2015-07-10,19780
N225,日経平均,2015-07-17,20651
N225,日経平均,2015-07-24,20545
N225,日経平均,2015-07-31,20585
N225,日経平均,2015-08-07,20725
N225,日経平均,2015-08-14,20519
N225,日経平均,2015-08-21,19436
N225,日経平均,2015-08-28,19136
N225,日経平均,2015-09-04,17792
N225,日経平均,2015-09-11,18264
N225,日経平均,2015-09-18,18070
N225,日経平均,2015-09-25,17881
N225,日経平均,2015-10-02,17725
N225,日経平均,2015-10-09,18439
N225,日経平均,2015-10-16,18292
N225,日経平均,2015-10-23,18825
N225,日経平均,2015-10-30,19083
N225,日経平均,2015-11-06,19266
N225,日経平均,2015-11-13,19597
N225,日経平均,2015-11-20,19880
N225,日経平均,2015-11-27,19884
N225,日経平均,2015-12-04,19504
N225,日経平均,2015-12-11,19230
N225,日経平均,2015-12-18,18987
N225,日経平均,2015-12-25,18769
N225,日経平均,2015-12-30,19034
N225,日経平均,2016-01-04,18451
N225,日経平均,2016-01-08,17698
N225,日経平均,2016-01-15,17147
N225,日経平均,2016-01-22,16959
N225,日経平均,2016-01-29,17518
N225,日経平均,2016-02-05,16820
N225,日経平均,2016-02-12,14953
N225,日経平均,2016-02-19,15967
N225,日経平均,2016-02-26,16188
N225,日経平均,2016-03-04,17015
N225,日経平均,2016-03-11,16939
N225,日経平均,2016-03-18,16725
N225,日経平均,2016-03-25,17003
N225,日経平均,2016-04-01,16164
N225,日経平均,2016-04-08,15822
N225,日経平均,2016-04-15,16848
N225,日経平均,2016-04-22,17572
N225,日経平均,2016-04-28,16666
N225,日経平均,2016-05-06,16107
N225,日経平均,2016-05-13,16412
N225,日経平均,2016-05-20,16736
N225,日経平均,2016-05-27,16835
N225,日経平均,2016-06-03,16642
N225,日経平均,2016-06-10,16601
N225,日経平均,2016-06-17,15600
N225,日経平均,2016-06-24,14952
N225,日経平均,2016-07-01,15682
N225,日経平均,2016-07-08,15107
N225,日経平均,2016-07-15,16498
N225,日経平均,2016-07-22,16627
N225,日経平均,2016-07-29,16569
N225,日経平均,2016-08-05,16254
N225,日経平均,2016-08-12,16920
N225,日経平均,2016-08-19,16546
N225,日経平均,2016-08-26,16361
N225,日経平均,2016-09-02,16926
N225,日経平均,2016-09-09,16966
N225,日経平均,2016-09-16,16519
N225,日経平均,2016-09-23,16754
N225,日経平均,2016-09-30,16450
N225,日経平均,2016-10-07,16860
N225,日経平均,2016-10-14,16856
N225,日経平均,2016-10-21,17185
N225,日経平均,2016-10-28,17446
N225,日経平均,2016-11-04,16905
N225,日経平均,2016-11-11,17375
N225,日経平均,2016-11-18,17967
N225,日経平均,2016-11-25,18381
N225,日経平均,2016-12-02,18426
N225,日経平均,2016-12-09,18996
N225,日経平均,2016-12-16,19401
N225,日経平均,2016-12-22,19428
N225,日経平均,2016-12-30,19114
N225,日経平均,2017-01-04,19594
N225,日経平均,2017-01-06,19454
N225,日経平均,2017-01-13,19287
N225,日経平均,2017-01-20,19138
N225,日経平均,2017-01-27,19467
N225,日経平均,2017-02-03,18918
N225,日経平均,2017-02-10,19379
N225,日経平均,2017-02-17,19235
N225,日経平均,2017-02-24,19284
N225,日経平均,2017-03-03,19469
N225,日経平均,2017-03-10,19605
N225,日経平均,2017-03-17,19522
N225,日経平均,2017-03-24,19263
N225,日経平均,2017-03-31,18909
N225,日経平均,2017-04-07,18665
N225,日経平均,2017-04-14,18336
N225,日経平均,2017-04-21,18621
N225,日経平均,2017-04-28,19197
N225,日経平均,2017-05-02,19446
N225,日経平均,2017-05-12,19884
N225,日経平均,2017-05-19,19591
N225,日経平均,2017-05-26,19687
N225,日経平均,2017-06-02,20177
N225,日経平均,2017-06-09,20013
N225,日経平均,2017-06-16,19943
N225,日経平均,2017-06-23,20133
N225,日経平均,2017-06-30,20033
N225,日経平均,2017-07-07,19929
N225,日経平均,2017-07-14,20119
N225,日経平均,2017-07-21,20100
N225,日経平均,2017-07-28,19960
N225,日経平均,2017-08-04,19952
N225,日経平均,2017-08-10,19730
N225,日経平均,2017-08-18,19470
N225,日経平均,2017-08-25,19453
N225,日経平均,2017-09-01,19691
N225,日経平均,2017-09-08,19275
N225,日経平均,2017-09-15,19910
N225,日経平均,2017-09-22,20296
N225,日経平均,2017-09-29,20356
N225,日経平均,2017-10-06,20691
N225,日経平均,2017-10-13,21155
N225,日経平均,2017-10-20,21458
N225,日経平均,2017-10-27,22008
N225,日経平均,2017-11-02,22539
N225,日経平均,2017-11-10,22681
N225,日経平均,2017-11-17,22397
N225,日経平均,2017-11-24,22551
N225,日経平均,2017-12-01,22819
N225,日経平均,2017-12-08,22811
N225,日経平均,2017-12-15,22553
N225,日経平均,2017-12-22,22903
N225,日経平均,2017-12-29,22765
N225,日経平均,2018-01-04,23506
N225,日経平均,2018-01-05,23715
N225,日経平均,2018-01-12,23654
N225,日経平均,2018-01-19,23808
N225,日経平均,2018-01-26,23632
N225,日経平均,2018-02-02,23275
N225,日経平均,2018-02-09,21383
N225,日経平均,2018-02-16,21720
N225,日経平均,2018-02-23,21893
N225,日経平均,2018-03-02,21182
N225,日経平均,2018-03-09,21469
N225,日経平均,2018-03-16,21677
N225,日経平均,2018-03-23,20618
N225,日経平均,2018-03-30,21454
N225,日経平均,2018-04-06,21568
N225,日経平均,2018-04-13,21779
N225,日経平均,2018-04-20,22162
N225,日経平均,2018-04-27,22468
N225,日経平均,2018-05-02,22473
N225,日経平均,2018-05-11,22758
N225,日経平均,2018-05-18,22930
N225,日経平均,2018-05-25,22451
N225,日経平均,2018-06-01,22171
N225,日経平均,2018-06-08,22695
N225,日経平均,2018-06-15,22852
N225,日経平均,2018-06-22,22517
N225,日経平均,2018-06-29,22305
N225,日経平均,2018-07-06,21788
N225,日経平均,2018-07-13,22597
N225,日経平均,2018-07-20,22698
N225,日経平均,2018-07-27,22713
N225,日経平均,2018-08-03,22525
N225,日経平均,2018-08-10,22298
N225,日経平均,2018-08-17,22270
N225,日経平均,2018-08-24,22602
N225,日経平均,2018-08-31,22865
N225,日経平均,2018-09-07,22307
N225,日経平均,2018-09-14,23095
N225,日経平均,2018-09-21,23870
N225,日経平均,2018-09-28,24120
N225,日経平均,2018-10-05,23784
N225,日経平均,2018-10-12,22695
N225,日経平均,2018-10-19,22532
N225,日経平均,2018-10-26,21185
N225,日経平均,2018-11-02,22244
N225,日経平均,2018-11-09,22250
N225,日経平均,2018-11-16,21680
N225,日経平均,2018-11-22,21647
N225,日経平均,2018-11-30,22351
N225,日経平均,2018-12-07,21679
N225,日経平均,2018-12-14,21375
N225,日経平均,2018-12-21,20166
N225,日経平均,2018-12-28,20015
N225,日経平均,2019-01-04,19562
N225,日経平均,2019-01-11,20360
N225,日経平均,2019-01-18,20666
N225,日経平均,2019-01-25,20774
N225,日経平均,2019-02-01,20788
N225,日経平均,2019-02-08,20333
N225,日経平均,2019-02-15,20901
N225,日経平均,2019-02-22,21426
N225,日経平均,2019-03-01,21603
N225,日経平均,2019-03-08,21026
N225,日経平均,2019-03-15,21451
N225,日経平均,2019-03-22,21627
N225,日経平均,2019-03-29,21206
N225,日経平均,2019-04-05,21808
N225,日経平均,2019-04-12,21871
N225,日経平均,2019-04-19,22201
N225,日経平均,2019-04-26,22259
N225,日経平均,2019-05-10,21345
N225,日経平均,2019-05-17,21250
N225,日経平均,2019-05-24,21117
N225,日経平均,2019-05-31,20601
N225,日経平均,2019-06-07,20885
N225,日経平均,2019-06-14,21117
N225,日経平均,2019-06-21,21259
N225,日経平均,2019-06-28,21276
N225,日経平均,2019-07-05,21746
N225,日経平均,2019-07-12,21686
N225,日経平均,2019-07-19,21467
N225,日経平均,2019-07-26,21658
N225,日経平均,2019-08-02,21087
N225,日経平均,2019-08-09,20685
N225,日経平均,2019-08-16,20419
N225,日経平均,2019-08-23,20711
N225,日経平均,2019-08-30,20704
N225,日経平均,2019-09-06,21200
N225,日経平均,2019-09-13,21988
N225,日経平均,2019-09-20,22079
N225,日経平均,2019-09-27,21879
N225,日経平均,2019-10-04,21410
N225,日経平均,2019-10-11,21799
N225,日経平均,2019-10-18,22493
N225,日経平均,2019-10-25,22800
N225,日経平均,2019-11-01,22851
N225,日経平均,2019-11-08,23392
N225,日経平均,2019-11-15,23303
N225,日経平均,2019-11-22,23113
N225,日経平均,2019-11-29,23294
N225,日経平均,2019-12-06,23354
N225,日経平均,2019-12-13,24023
N225,日経平均,2019-12-20,23817
N225,日経平均,2019-12-27,23838
N225,日経平均,2019-12-30,23657
N225,日経平均,2020-01-06,23205
N225,日経平均,2020-01-10,23851
N225,日経平均,2020-01-17,24041
N225,日経平均,2020-01-24,23827
N225,日経平均,2020-01-31,23205
N225,日経平均,2020-02-07,23828
N225,日経平均,2020-02-14,23688
N225,日経平均,2020-02-21,23387
N225,日経平均,2020-02-28,21143
N225,日経平均,2020-03-06,20750
N225,日経平均,2020-03-13,17431
N225,日経平均,2020-03-19,16553
N225,日経平均,2020-03-27,19389
N225,日経平均,2020-04-03,17820
N225,日経平均,2020-04-10,19499
N225,日経平均,2020-04-17,19897
N225,日経平均,2020-04-24,19262
N225,日経平均,2020-05-01,19619
N225,日経平均,2020-05-08,20179
N225,日経平均,2020-05-15,20037
N225,日経平均,2020-05-22,20388
N225,日経平均,2020-05-29,21878
N225,日経平均,2020-06-05,22864
N225,日経平均,2020-06-12,22305
N225,日経平均,2020-06-19,22479
N225,日経平均,2020-06-26,22512
N225,日経平均,2020-07-03,22306
N225,日経平均,2020-07-10,22291
N225,日経平均,2020-07-17,22696
N225,日経平均,2020-07-22,22752
N225,日経平均,2020-07-31,21710
N225,日経平均,2020-08-07,22330
N225,日経平均,2020-08-14,23289
N225,日経平均,2020-08-21,22920
N225,日経平均,2020-08-28,22883
N225,日経平均,2020-09-04,23205
N225,日経平均,2020-09-11,23406
N225,日経平均,2020-09-18,23360
N225,日経平均,2020-09-25,23205
N225,日経平均,2020-10-02,23030
N225,日経平均,2020-10-09,23620
N225,日経平均,2020-10-16,23411
N225,日経平均,2020-10-23,23517
N225,日経平均,2020-10-30,22977
N225,日経平均,2020-11-06,24325
N225,日経平均,2020-11-13,25386
N225,日経平均,2020-11-20,25527
N225,日経平均,2020-11-27,26645
N225,日経平均,2020-12-04,26751
N225,日経平均,2020-12-11,26653
N225,日経平均,2020-12-18,26763
N225,日経平均,2020-12-25,26657
N225,日経平均,2020-12-30,27444
N225,日経平均,2021-01-04,27258
N225,日経平均,2021-01-08,28139
N225,日経平均,2021-01-15,28519
N225,日経平均,2021-01-22,28631
N225,日経平均,2021-01-29,27663
N225,日経平均,2021-02-05,28779
N225,日経平均,2021-02-12,29520
N225,日経平均,2021-02-19,30018
N225,日経平均,2021-02-26,28966
N225,日経平均,2021-03-05,28864
N225,日経平均,2021-03-12,29718
N225,日経平均,2021-03-19,29792
N225,日経平均,2021-03-26,29177
N225,日経平均,2021-04-02,29854
N225,日経平均,2021-04-09,29768
N225,日経平均,2021-04-16,29683
N225,日経平均,2021-04-23,29021
N225,日経平均,2021-04-30,28813
N225,日経平均,2021-05-07,29358
N225,日経平均,2021-05-14,28084
N225,日経平均,2021-05-21,28318
N225,日経平均,2021-05-28,29149
N225,日経平均,2021-06-04,28942
N225,日経平均,2021-06-11,28949
N225,日経平均,2021-06-18,28964
N225,日経平均,2021-06-25,29066
N225,日経平均,2021-07-02,28783
N225,日経平均,2021-07-09,27940
N225,日経平均,2021-07-16,28003
N225,日経平均,2021-07-21,27548
N225,日経平均,2021-07-30,27284
N225,日経平均,2021-08-06,27820
N225,日経平均,2021-08-13,27977
N225,日経平均,2021-08-20,27013
N225,日経平均,2021-08-27,27641
N225,日経平均,2021-09-03,29128
N225,日経平均,2021-09-10,30382
N225,日経平均,2021-09-17,30500
N225,日経平均,2021-09-24,30249
N225,日経平均,2021-10-01,28771
N225,日経平均,2021-10-08,28049
N225,日経平均,2021-10-15,29069
N225,日経平均,2021-10-22,28805
N225,日経平均,2021-10-29,28893
N225,日経平均,2021-11-05,29612
N225,日経平均,2021-11-12,29610
N225,日経平均,2021-11-19,29746
N225,日経平均,2021-11-26,28752
N225,日経平均,2021-12-03,28030
N225,日経平均,2021-12-10,28438
N225,日経平均,2021-12-17,28546
N225,日経平均,2021-12-24,28783
N225,日経平均,2021-12-30,28792
N225,日経平均,2022-01-04,29302
N225,日経平均,2022-01-07,28479
N225,日経平均,2022-01-14,28124
N225,日経平均,2022-01-21,27522
N225,日経平均,2022-01-28,26717
N225,日経平均,2022-02-04,27440
N225,日経平均,2022-02-10,27696
N225,日経平均,2022-02-18,27122
N225,日経平均,2022-02-25,26477
N225,日経平均,2022-03-04,25985
N225,日経平均,2022-03-11,25163
N225,日経平均,2022-03-18,26827
N225,日経平均,2022-03-25,28150
N225,日経平均,2022-04-01,27666
N225,日経平均,2022-04-08,26986
N225,日経平均,2022-04-15,27093
N225,日経平均,2022-04-22,27105
N225,日経平均,2022-04-28,26848
N225,日経平均,2022-05-06,27004
N225,日経平均,2022-05-13,26428
N225,日経平均,2022-05-20,26739
N225,日経平均,2022-05-27,26782
N225,日経平均,2022-06-03,27762
N225,日経平均,2022-06-10,27824
N225,日経平均,2022-06-17,25963
N225,日経平均,2022-06-24,26492
N225,日経平均,2022-07-01,25936
N225,日経平均,2022-07-08,26517
N225,日経平均,2022-07-15,26788
N225,日経平均,2022-07-22,27915
N225,日経平均,2022-07-29,27802
N225,日経平均,2022-08-05,28176
N225,日経平均,2022-08-12,28547
N225,日経平均,2022-08-19,28930
N225,日経平均,2022-08-26,28641
N225,日経平均,2022-09-02,27651
N225,日経平均,2022-09-09,28215
N225,日経平均,2022-09-16,27568
N225,日経平均,2022-09-22,27154
N225,日経平均,2022-09-30,25937
N225,日経平均,2022-10-07,27116
N225,日経平均,2022-10-14,27091
N225,日経平均,2022-10-21,26891
N225,日経平均,2022-10-28,27105
N225,日経平均,2022-11-04,27200
N225,日経平均,2022-11-11,28264
N225,日経平均,2022-11-18,27900
N225,日経平均,2022-11-25,28283
N225,日経平均,2022-12-02,27778
N225,日経平均,2022-12-09,27901
N225,日経平均,2022-12-16,27527
N225,日経平均,2022-12-23,26235
N225,日経平均,2022-12-30,26095
N225,日経平均,2023-01-04,25717
N225,日経平均,2023-01-06,25974
N225,日経平均,2023-01-13,26120
N225,日経平均,2023-01-20,26554
N225,日経平均,2023-01-27,27383
N225,日経平均,2023-02-03,27509
N225,日経平均,2023-02-10,27671
N225,日経平均,2023-02-17,27513
N225,日経平均,2023-02-24,27453
N225,日経平均,2023-03-03,27927
N225,日経平均,2023-03-10,28144
N225,日経平均,2023-03-17,27334
N225,日経平均,2023-03-24,27385
N225,日経平均,2023-03-31,28041
N225,日経平均,2023-04-07,27518
N225,日経平均,2023-04-14,28493
N225,日経平均,2023-04-21,28564
N225,日経平均,2023-04-28,28856
N225,日経平均,2023-05-02,29158
N225,日経平均,2023-05-12,29388
N225,日経平均,2023-05-19,30808
N225,日経平均,2023-05-26,30916
N225,日経平均,2023-06-02,31524
N225,日経平均,2023-06-09,32265
N225,日経平均,2023-06-16,33706
N225,日経平均,2023-06-23,32782
N225,日経平均,2023-06-30,33189
N225,日経平均,2023-07-07,32388
N225,日経平均,2023-07-14,32391
N225,日経平均,2023-07-21,32304
N225,日経平均,2023-07-28,32759
N225,日経平均,2023-08-04,32193
N225,日経平均,2023-08-10,32474
N225,日経平均,2023-08-18,31451
N225,日経平均,2023-08-25,31624
N225,日経平均,2023-09-01,32711
N225,日経平均,2023-09-08,32607
N225,日経平均,2023-09-15,33533
N225,日経平均,2023-09-22,32402
N225,日経平均,2023-09-29,31858
N225,日経平均,2023-10-06,30995
N225,日経平均,2023-10-13,32316
N225,日経平均,2023-10-20,31259
N225,日経平均,2023-10-27,30992
N225,日経平均,2023-11-02,31950
N225,日経平均,2023-11-10,32568
N225,日経平均,2023-11-17,33585
N225,日経平均,2023-11-24,33626
N225,日経平均,2023-12-01,33432
N225,日経平均,2023-12-08,32308
N225,日経平均,2023-12-15,32971
N225,日経平均,2023-12-22,33169
N225,日経平均,2023-12-29,33464
N225,日経平均,2024-01-04,33288
N225,日経平均,2024-01-05,33377
N225,日経平均,2024-01-12,35577
N225,日経平均,2024-01-19,35963
N225,日経平均,2024-01-26,35751
N225,日経平均,2024-02-02,36158
N225,日経平均,2024-02-09,36897
N225,日経平均,2024-02-16,38487
N225,日経平均,2024-02-22,39099
N225,日経平均,2024-03-01,39911
N225,日経平均,2024-03-08,39689
N225,日経平均,2024-03-15,38708
N225,日経平均,2024-03-22,40888
N225,日経平均,2024-03-29,40369
N225,日経平均,2024-04-05,38992
N225,日経平均,2024-04-12,39524
N225,日経平均,2024-04-19,37068
N225,日経平均,2024-04-26,37935
N225,日経平均,2024-05-02,38236
N225,日経平均,2024-05-10,38229
N225,日経平均,2024-05-17,38787
N225,日経平均,2024-05-24,38646
N225,日経平均,2024-05-31,38488
N225,日経平均,2024-06-07,38684
N225,日経平均,2024-06-14,38815
N225,日経平均,2024-06-21,38596
N225,日経平均,2024-06-28,39583
N225,日経平均,2024-07-05,40912
N225,日経平均,2024-07-12,41191
N225,日経平均,2024-07-19,40064
N225,日経平均,2024-07-26,37667
N225,日経平均,2024-08-02,35910
N225,日経平均,2024-08-09,35025
N225,日経平均,2024-08-16,38063
N225,日経平均,2024-08-23,38364
N225,日経平均,2024-08-30,38648
N225,日経平均,2024-09-06,36391
N225,日経平均,2024-09-13,36582
N225,日経平均,2024-09-20,37724
N225,日経平均,2024-09-27,39830
N225,日経平均,2024-10-04,38636
N225,日経平均,2024-10-11,39606
N225,日経平均,2024-10-18,38982
N225,日経平均,2024-10-25,37914
N225,日経平均,2024-11-01,38054
N225,日経平均,2024-11-08,39500
N225,日経平均,2024-11-15,38643
N225,日経平均,2024-11-22,38284
N225,日経平均,2024-11-29,38208
N225,日経平均,2024-12-06,39091
N225,日経平均,2024-12-13,39470
N225,日経平均,2024-12-20,38702
N225,日経平均,2024-12-27,40281
N225,日経平均,2024-12-30,39895
N225,日経平均,2025-01-06,39307
N225,日経平均,2025-01-10,39190
N225,日経平均,2025-01-17,38451
N225,日経平均,2025-01-24,39932
N225,日経平均,2025-01-31,39572
N225,日経平均,2025-02-07,38787
N225,日経平均,2025-02-14,39149
N225,日経平均,2025-02-21,38777
N225,日経平均,2025-02-28,37156
N225,日経平均,2025-03-07,36887
N225,日経平均,2025-03-14,37053
N225,日経平均,2025-03-21,37677
N225,日経平均,2025-03-28,37120
N225,日経平均,2025-04-04,33781
N225,日経平均,2025-04-11,33586
N225,日経平均,2025-04-18,34730
N225,日経平均,2025-04-25,35706
N225,日経平均,2025-05-02,36831
N225,日経平均,2025-05-09,37503
N225,日経平均,2025-05-16,37754
N225,日経平均,2025-05-23,37160
N225,日経平均,2025-05-30,37965
N225,日経平均,2025-06-06,37742
N225,日経平均,2025-06-13,37834
N225,日経平均,2025-06-20,38403
N225,日経平均,2025-06-27,40151
N225,日経平均,2025-07-04,39811
N225,日経平均,2025-07-11,39570
N225,日経平均,2025-07-18,39819
N225,日経平均,2025-07-25,41456
N225,日経平均,2025-08-01,40800
N225,日経平均,2025-08-08,41820
N225,日経平均,2025-08-15,43378
N225,日経平均,2025-08-22,42633
N225,日経平均,2025-08-29,42718
N225,日経平均,2025-09-05,43019
N225,日経平均,2025-09-12,44768
N225,日経平均,2025-09-19,45046
N225,日経平均,2025-09-26,45355
N225,日経平均,2025-10-03,45770
N225,日経平均,2025-10-10,48089
N225,日経平均,2025-10-17,47582
N225,日経平均,2025-10-24,49300
N225,日経平均,2025-10-31,52411
N225,日経平均,2025-11-07,50276
N225,日経平均,2025-11-14,50377
N225,日経平均,2025-11-21,48626
N225,日経平均,2025-11-28,50254
N225,日経平均,2025-12-05,50492
N225,日経平均,2025-12-12,50837
N225,日経平均,2025-12-19,49507
N225,日経平均,2025-12-26,50750
N225,日経平均,2025-12-30,50339
N225,日経平均,2026-01-05,51833
N225,日経平均,2026-01-09,51940
N225,日経平均,2026-01-16,53936
N225,日経平均,2026-01-23,53847
N225,日経平均,2026-01-30,53323
N225,日経平均,2026-02-06,54254
N225,日経平均,2026-02-13,56942
N225,日経平均,2026-02-20,56826
N225,日経平均,2026-02-27,58850
N225,日経平均,2026-03-06,55621
N225,日経平均,2026-03-13,53820
N225,日経平均,2026-03-19,53373
N225,日経平均,2026-03-27,53373
N225,日経平均,2026-04-03,53123
N225,日経平均,2026-04-10,56924
N225,日経平均,2026-04-17,58476
N225,日経平均,2026-04-24,59716
N225,日経平均,2026-05-01,59513
N225,日経平均,2026-05-08,62714
N225,日経平均,2026-05-15,61409
N225,日経平均,2026-05-22,63339
N225,日経平均,2026-05-29,66330
N225,日経平均,2026-06-05,66588
N225,日経平均,2026-06-12,66020
N225,日経平均,2026-06-19,71250
N225,日経平均,2026-06-26,69361
N225,日経平均,2026-07-03,69744
N225,日経平均,2026-07-10,68558
N225,日経平均,2026-07-17,64141
N225,日経平均,2026-07-24,64611
N225,日経平均,2026-07-31,64362
N225,日経平均,2026-08-07,65607
N225,日経平均,2026-08-14,68714
N225,日経平均,2026-08-21,66016
N225,日経平均,2026-08-28,66406
N225,日経平均,2026-09-04,65021
N225,日経平均,2026-09-11,64011
N225,日経平均,2026-09-18,65019
N225,日経平均,2026-09-25,66364
N225,日経平均,2026-09-30,66319
