sym,year,J,L_star,P_sel,P_next,optimism,bound,sigma,n_days
EURUSD,2008,1,5,5.096221302736589,-2.054136662197286,7.150357964933875,6.752433485537078,89.30472948766013,262
EURUSD,2008,2,10,5.276467142180977,-2.569335661986183,7.8458028041671595,7.535188200919845,89.80748110369305,262
EURUSD,2008,4,20,10.19724789307248,0.9844755052253652,9.212772387847115,8.196796685700958,89.6339014077484,262
EURUSD,2008,8,35,12.236038307641993,-5.026662405034746,17.26270071267674,8.987857963263382,91.32640951388915,262
EURUSD,2008,16,35,12.236038307641993,-5.026662405034746,17.26270071267674,9.581984197105562,91.32640951388915,262
EURUSD,2008,32,35,12.236038307641993,-5.026662405034746,17.26270071267674,10.141363396475075,91.32640951388915,262
EURUSD,2009,1,5,-2.054136662197286,2.554668753397018,-4.608805415594304,5.832757738424328,76.99414328589118,261
EURUSD,2009,2,5,-2.054136662197286,2.554668753397018,-4.608805415594304,6.4724644119331805,76.99414328589118,261
EURUSD,2009,4,20,0.9844755052253652,5.499555996757697,-4.5150804915323315,7.055185865850076,77.00274453169745,261
EURUSD,2009,8,20,0.9844755052253652,5.499555996757697,-4.5150804915323315,7.592703021855186,77.00274453169745,261
EURUSD,2009,16,70,7.4028571830103465,1.8827609944676778,5.520096188542668,8.055528636898522,76.63101666176412,261
EURUSD,2009,32,70,7.4028571830103465,1.8827609944676778,5.520096188542668,8.525796074906575,76.63101666176412,261
EURUSD,2009,60,70,7.4028571830103465,1.8827609944676778,5.520096188542668,8.930891366179555,76.63101666176412,261
EURUSD,2010,1,5,2.554668753397018,-6.828873209445342,9.38354196284236,5.7044451836422345,75.30037926013891,261
EURUSD,2010,2,10,2.734024404591676,-4.878626371068476,7.612650775660152,6.329487426592678,75.29333972865642,261
EURUSD,2010,4,15,7.683785875994173,-3.9839888016104674,11.66777467760464,6.861902851831522,74.89318670660478,261
EURUSD,2010,8,25,9.425301584689707,-0.35602234986580156,9.781323934555509,7.367120629808314,74.71496068770479,261
EURUSD,2010,16,25,9.425301584689707,-0.35602234986580156,9.781323934555509,7.854110928491206,74.71496068770479,261
EURUSD,2010,32,25,9.425301584689707,-0.35602234986580156,9.781323934555509,8.312619958830233,74.71496068770479,261
EURUSD,2010,60,25,9.425301584689707,-0.35602234986580156,9.781323934555509,8.707586384707458,74.71496068770479,261
EURUSD,2011,1,5,-6.828873209445342,-3.147000351574537,-3.681872857870805,5.697191800991699,75.06042400359306,260
EURUSD,2011,2,10,-4.878626371068476,-0.3816271590199859,-4.4969992120484905,6.33163298716421,75.1744350749944,260
EURUSD,2011,4,15,-3.9839888016104674,-2.2074813331901804,-1.776507468420287,6.9097719711064975,75.27103379982279,260
EURUSD,2011,8,25,-0.35602234986580156,0.8996840848824668,-1.2557064347482683,7.4406403093957705,75.31587434002176,260
EURUSD,2011,16,65,4.5321176981036295,1.800684251957218,2.7314334461464114,7.918214141651298,75.18032598855991,260
EURUSD,2011,32,65,4.5321176981036295,1.800684251957218,2.7314334461464114,8.38046540359047,75.18032598855991,260
EURUSD,2011,60,65,4.5321176981036295,1.800684251957218,2.7314334461464114,8.77865544283649,75.18032598855991,260
EURUSD,2012,1,5,-3.147000351574537,3.6108676720051966,-6.757868023579734,3.899185354833832,51.470410631082544,261
EURUSD,2012,2,10,-0.3816271590199859,-0.0003984320277387771,-0.38122872699224714,4.332168478114532,51.53394121837235,261
EURUSD,2012,4,10,-0.3816271590199859,-0.0003984320277387771,-0.38122872699224714,4.721669804194374,51.53394121837235,261
EURUSD,2012,8,30,2.113396349375551,-6.747107721836727,8.860504071212278,5.077751659198788,51.49691917136919,261
EURUSD,2012,16,30,2.113396349375551,-6.747107721836727,8.860504071212278,5.4134073273231085,51.49691917136919,261
EURUSD,2012,32,30,2.113396349375551,-6.747107721836727,8.860504071212278,5.729432421325431,51.49691917136919,261
EURUSD,2012,60,30,2.113396349375551,-6.747107721836727,8.860504071212278,6.001661087734288,51.49691917136919,261
EURUSD,2013,1,5,3.6108676720051966,0.03093877986155469,3.579928892143642,3.688291808630506,48.68655286728743,261
EURUSD,2013,2,5,3.6108676720051966,0.03093877986155469,3.579928892143642,4.092804560512148,48.68655286728743,261
EURUSD,2013,4,5,3.6108676720051966,0.03093877986155469,3.579928892143642,4.460784894554678,48.68655286728743,261
EURUSD,2013,8,5,3.6108676720051966,0.03093877986155469,3.579928892143642,4.800641059319613,48.68655286728743,261
EURUSD,2013,16,5,3.6108676720051966,0.03093877986155469,3.579928892143642,5.1179788281472485,48.68655286728743,261
EURUSD,2013,32,5,3.6108676720051966,0.03093877986155469,3.579928892143642,5.4167573316793165,48.68655286728743,261
EURUSD,2013,60,5,3.6108676720051966,0.03093877986155469,3.579928892143642,5.674129531266641,48.68655286728743,261
EURUSD,2014,1,5,0.03093877986155469,0.4493409983177673,-0.4184022184562126,2.9912009814155924,39.48474585920749,261
EURUSD,2014,2,5,0.03093877986155469,0.4493409983177673,-0.4184022184562126,3.3192604200945417,39.48474585920749,261
EURUSD,2014,4,20,1.8827333970707028,1.7283250697274808,0.15440832734322196,3.6203546044821664,39.51380530915397,261
EURUSD,2014,8,40,3.3689768416668504,0.89406951661361,2.4749073250532403,3.8840480219312785,39.390761988283565,261
EURUSD,2014,16,65,5.011374174134495,-0.868668110994385,5.88004228512888,4.1235202368993376,39.22641979466844,261
EURUSD,2014,32,65,5.011374174134495,-0.868668110994385,5.88004228512888,4.364244016155569,39.22641979466844,261
EURUSD,2014,60,65,5.011374174134495,-0.868668110994385,5.88004228512888,4.571607021953274,39.22641979466844,261
EURUSD,2015,1,5,0.4493409983177673,-0.9652100753157911,1.4145510736335583,5.583323922483215,73.70154245688697,261
EURUSD,2015,2,5,0.4493409983177673,-0.9652100753157911,1.4145510736335583,6.195673986338086,73.70154245688697,261
EURUSD,2015,4,20,1.7283250697274808,-1.3671002486412678,3.095425318368749,6.745711558873274,73.62503465241456,261
EURUSD,2015,8,30,4.693199949869045,3.7876059737214844,0.9055939761475602,7.2512661330469514,73.5400017578896,261
EURUSD,2015,16,30,4.693199949869045,3.7876059737214844,0.9055939761475602,7.730598077969042,73.5400017578896,261
EURUSD,2015,32,30,4.693199949869045,3.7876059737214844,0.9055939761475602,8.181896647717057,73.5400017578896,261
EURUSD,2015,60,30,4.693199949869045,3.7876059737214844,0.9055939761475602,8.570651876736381,73.5400017578896,261
EURUSD,2016,1,5,-0.9652100753157911,-1.900082158725418,0.9348720834096269,3.8823478256683477,51.149879467524414,260
EURUSD,2016,2,5,-0.9652100753157911,-1.900082158725418,0.9348720834096269,4.308143636902149,51.149879467524414,260
EURUSD,2016,4,5,-0.9652100753157911,-1.900082158725418,0.9348720834096269,4.695484911368496,51.149879467524414,260
EURUSD,2016,8,30,3.7876059737214844,-0.0058175464493043175,3.793423520170789,5.03026923211014,50.91754333342461,260
EURUSD,2016,16,30,3.7876059737214844,-0.0058175464493043175,3.793423520170789,5.362786159536157,50.91754333342461,260
EURUSD,2016,32,30,3.7876059737214844,-0.0058175464493043175,3.793423520170789,5.675856079774325,50.91754333342461,260
EURUSD,2016,60,30,3.7876059737214844,-0.0058175464493043175,3.793423520170789,5.945539116016181,50.91754333342461,260
EURUSD,2017,1,5,-1.900082158725418,-1.4875387391376103,-0.4125434195878077,3.4253863913425038,45.12941882447262,260
EURUSD,2017,2,10,3.4209117020511877,-5.074675467505519,8.495587169556707,3.7924804270826575,45.02749515281062,260
EURUSD,2017,4,10,3.4209117020511877,-5.074675467505519,8.495587169556707,4.13345889154982,45.02749515281062,260
EURUSD,2017,8,10,3.4209117020511877,-5.074675467505519,8.495587169556707,4.448376897977449,45.02749515281062,260
EURUSD,2017,16,10,3.4209117020511877,-5.074675467505519,8.495587169556707,4.7424288760915205,45.02749515281062,260
EURUSD,2017,32,105,4.413681794698818,0.5750180896925262,3.838663705006292,5.00846508025393,44.93044470710277,260
EURUSD,2017,60,105,4.413681794698818,0.5750180896925262,3.838663705006292,5.246437652280085,44.93044470710277,260
EURUSD,2018,1,5,-1.4875387391376103,-4.127086077843081,2.63954733870547,3.413218917288996,45.05550858946801,261
EURUSD,2018,2,5,-1.4875387391376103,-4.127086077843081,2.63954733870547,3.78756309845608,45.05550858946801,261
EURUSD,2018,4,15,0.0376292072288025,-4.566863656152013,4.604492863380816,4.136892986074951,45.15148428670324,261
EURUSD,2018,8,15,0.0376292072288025,-4.566863656152013,4.604492863380816,4.452072627668216,45.15148428670324,261
EURUSD,2018,16,60,3.293394561047684,-4.116537000212371,7.409931561260055,4.731211715808507,45.00729625163922,261
EURUSD,2018,32,60,3.293394561047684,-4.116537000212371,7.409931561260055,5.007411443046218,45.00729625163922,261
EURUSD,2018,60,60,3.293394561047684,-4.116537000212371,7.409931561260055,5.245333952477889,45.00729625163922,261
EURUSD,2019,1,5,-4.127086077843081,-1.6492886633582138,-2.4777974144848667,2.416514174308718,31.898708455423414,261
EURUSD,2019,2,10,-2.3700233740322125,0.0200612124079665,-2.390084586440179,2.687557811389356,31.97023545432272,261
EURUSD,2019,4,20,-2.2668656381626766,-1.9284260366313295,-0.3384396015313471,2.941661846985738,32.10631725501554,261
EURUSD,2019,8,25,-0.620232304790728,1.0831873198742252,-1.7034196246649533,3.1609835857670094,32.0576757477646,261
EURUSD,2019,16,75,0.40794235571381426,1.4220941442999877,-1.0141517885861735,3.37282727701476,32.08519203547665,261
EURUSD,2019,32,105,0.8954795223043714,1.9237190049742932,-1.0282394826699217,3.572467956391613,32.10982869923545,261
EURUSD,2019,60,105,0.8954795223043714,1.9237190049742932,-1.0282394826699217,3.742210457225907,32.10982869923545,261
EURUSD,2020,1,5,-1.6492886633582138,-3.1615223363786056,1.5122336730203918,3.5656006532969973,47.15707344407637,262
EURUSD,2020,2,10,0.0200612124079665,-0.6483789804218721,0.6684401928298387,3.9603746746551165,47.201378953509874,262
EURUSD,2020,4,10,0.0200612124079665,-0.6483789804218721,0.6684401928298387,4.316448358156584,47.201378953509874,262
EURUSD,2020,8,25,1.0831873198742252,1.8072396702104112,-0.724052350336186,4.6448300863513765,47.196524057500646,262
EURUSD,2020,16,65,2.7239108887911256,-1.2486462303954453,3.972557119186571,4.943362736694555,47.11545754828519,262
EURUSD,2020,32,130,3.853048371654377,1.5343363977054025,2.3187119739489743,5.218487567642703,46.99424663268925,262
EURUSD,2020,60,185,4.575952716927977,-1.0694388740170289,5.645391590945005,5.4648586973485385,46.98065957801189,262
EURUSD,2021,1,5,-3.1615223363786056,1.3204412276451298,-4.481963564023736,2.6609745537844254,35.058303326748366,260
EURUSD,2021,2,10,-0.6483789804218721,-3.3750634146218745,2.7266844342000023,2.9609394120500654,35.15474570989643,260
EURUSD,2021,4,15,0.45532896866081046,-1.4240820167907007,1.879410985451511,3.222140865023344,35.10012703358779,260
EURUSD,2021,8,35,1.8742078349319868,4.482307536535249,-2.608099701603262,3.4592469235971106,35.01529381547327,260
EURUSD,2021,16,35,1.8742078349319868,4.482307536535249,-2.608099701603262,3.687914238439798,35.01529381547327,260
EURUSD,2021,32,35,1.8742078349319868,4.482307536535249,-2.608099701603262,3.903208114072053,35.01529381547327,260
EURUSD,2021,60,35,1.8742078349319868,4.482307536535249,-2.608099701603262,4.0886654266768945,35.01529381547327,260
EURUSD,2022,1,5,1.3204412276451298,-3.1130508396878334,4.433492067332963,4.701856824288132,61.94689930815074,260
EURUSD,2022,2,5,1.3204412276451298,-3.1130508396878334,4.433492067332963,5.21753214002528,61.94689930815074,260
EURUSD,2022,4,5,1.3204412276451298,-3.1130508396878334,4.433492067332963,5.686635707365882,61.94689930815074,260
EURUSD,2022,8,35,4.482307536535249,-0.4450141756223633,4.927321712157612,6.106409817769715,61.81048611139849,260
EURUSD,2022,16,55,6.367278851512767,-4.139165836064718,10.506444687577485,6.494272713907577,61.66056271728481,260
EURUSD,2022,32,55,6.367278851512767,-4.139165836064718,10.506444687577485,6.873396807254574,61.66056271728481,260
EURUSD,2022,60,55,6.367278851512767,-4.139165836064718,10.506444687577485,7.1999798802258645,61.66056271728481,260
EURUSD,2023,1,5,-3.1130508396878334,-0.5948145729406058,-2.518236266747228,3.574982488947402,47.100345362973925,260
EURUSD,2023,2,10,2.9275507301663337,0.16688017453968196,2.7606705556266515,3.965964120868968,47.08723846098209,260
EURUSD,2023,4,10,2.9275507301663337,0.16688017453968196,2.7606705556266515,4.322540346393754,47.08723846098209,260
EURUSD,2023,8,10,2.9275507301663337,0.16688017453968196,2.7606705556266515,4.651864001062767,47.08723846098209,260
EURUSD,2023,16,10,2.9275507301663337,0.16688017453968196,2.7606705556266515,4.959367129237919,47.08723846098209,260
EURUSD,2023,32,10,2.9275507301663337,0.16688017453968196,2.7606705556266515,5.248886163820608,47.08723846098209,260
EURUSD,2023,60,10,2.9275507301663337,0.16688017453968196,2.7606705556266515,5.4982821205981605,47.08723846098209,260
EURUSD,2024,1,5,-0.5948145729406058,-1.7327172885273585,1.1379027155867527,2.8202129486324625,37.29890194619014,262
EURUSD,2024,2,10,0.16688017453968196,-2.5243173872673363,2.6911975618070185,3.1204173517792273,37.190421112685605,262
EURUSD,2024,4,20,0.5020175565159629,1.8134888619240797,-1.3114713054081166,3.4079166156307585,37.266370466910374,262
EURUSD,2024,8,20,0.5020175565159629,1.8134888619240797,-1.3114713054081166,3.6675573511077806,37.266370466910374,262
EURUSD,2024,16,20,0.5020175565159629,1.8134888619240797,-1.3114713054081166,3.9099946532236127,37.266370466910374,262
EURUSD,2024,32,20,0.5020175565159629,1.8134888619240797,-1.3114713054081166,4.13825318858208,37.266370466910374,262
EURUSD,2024,60,200,0.6342919426574838,0.24374718392356198,0.3905447587339218,4.335918048718345,37.27530775934393,262
EURUSD,2025,1,5,-1.7327172885273585,-0.6689440752914203,-1.063773213235938,3.792853571229794,50.066799346368825,261
EURUSD,2025,2,5,-1.7327172885273585,-0.6689440752914203,-1.063773213235938,4.208834115934027,50.066799346368825,261
EURUSD,2025,4,20,1.8134888619240797,-0.1483097677741554,1.961798629698235,4.582585706135015,50.015929152506544,261
EURUSD,2025,8,40,1.987325668113388,-0.9278443163445251,2.915169984457913,4.932484125743434,50.02366271247515,261
EURUSD,2025,16,70,4.552340473501355,0.5722533583761924,3.980087115125162,5.235183575125253,49.801503769127606,261
EURUSD,2025,32,70,4.552340473501355,0.5722533583761924,3.980087115125162,5.5408042833800835,49.801503769127606,261
EURUSD,2025,60,70,4.552340473501355,0.5722533583761924,3.980087115125162,5.804070458801365,49.801503769127606,261
GBPUSD,2008,1,5,-1.9774360022947393,-1.471660295852843,-0.5057757064418962,6.783691789774302,89.71813813657572,262
GBPUSD,2008,2,10,0.34257240717605686,-0.0386492804925604,0.38122168766861725,7.588390838915862,90.44157208842925,262
GBPUSD,2008,4,15,4.367105762563157,-9.060430810457365,13.427536573020522,8.296634318692828,90.7256494277996,262
GBPUSD,2008,8,30,12.408814975704082,-4.901311266144334,17.310126241848415,9.03102410705646,91.76502446989929,262
GBPUSD,2008,16,70,13.412521442940958,-0.6533568776738018,14.065878320614761,10.255923619160956,97.74976258775214,262
GBPUSD,2008,32,155,26.515824664198693,-3.842393668966916,30.35821833316561,13.610694282442525,122.56890826323627,262
GBPUSD,2009,1,5,-1.471660295852843,-0.2865365717474941,-1.185123724105349,6.825454659762281,90.09803897788075,261
GBPUSD,2009,2,10,-0.0386492804925604,1.8606354316039944,-1.8992847120965548,7.571865303253129,90.0722267433856,261
GBPUSD,2009,4,10,-0.0386492804925604,1.8606354316039944,-1.8992847120965548,8.252644823120422,90.0722267433856,261
GBPUSD,2009,8,40,2.099956634647564,-0.7213787017109593,2.821335336358523,8.881594015052036,90.07426116979885,261
GBPUSD,2009,16,40,2.099956634647564,-0.7213787017109593,2.821335336358523,9.468695861147763,90.07426116979885,261
GBPUSD,2009,32,115,2.8744650111545322,1.3098952571224491,1.564569754032083,10.00643550350629,89.93920556591088,261
GBPUSD,2009,60,115,2.8744650111545322,1.3098952571224491,1.564569754032083,10.481882003666874,89.93920556591088,261
GBPUSD,2010,1,5,-0.2865365717474941,-4.145760253421706,3.859223681674212,4.819079879223501,63.61329295108407,261
GBPUSD,2010,2,10,1.8606354316039944,-2.9699938441212295,4.830629275725224,5.343854680218993,63.568601812500624,261
GBPUSD,2010,4,20,3.3614566925510143,-5.549892782967988,8.911349475519003,5.812383513042921,63.43836878082966,261
GBPUSD,2010,8,20,3.3614566925510143,-5.549892782967988,8.911349475519003,6.25521463258358,63.43836878082966,261
GBPUSD,2010,16,20,3.3614566925510143,-5.549892782967988,8.911349475519003,6.668704379164088,63.43836878082966,261
GBPUSD,2010,32,95,5.457819610728619,-1.8502519918259037,7.308071602554524,7.045228534292497,63.32347389662617,261
GBPUSD,2010,60,95,5.457819610728619,-1.8502519918259037,7.308071602554524,7.379976032368822,63.32347389662617,261
GBPUSD,2011,1,5,-4.145760253421706,-2.3748651076314626,-1.7708951457902433,4.0616636099203705,53.51236247084383,260
GBPUSD,2011,2,10,-2.9699938441212295,-0.42407741305535074,-2.5459164310658786,4.51004660101007,53.54704008904958,260
GBPUSD,2011,4,15,1.0664635109684517,-3.52196629398223,4.588429804950682,4.919045263973896,53.58521581836592,260
GBPUSD,2011,8,15,1.0664635109684517,-3.52196629398223,4.588429804950682,5.293815152510784,53.58521581836592,260
GBPUSD,2011,16,15,1.0664635109684517,-3.52196629398223,4.588429804950682,5.6437533104204265,53.58521581836592,260
GBPUSD,2011,32,130,3.2805698909344136,-1.1071271486383636,4.387697039572777,5.963363894070198,53.4967474900054,260
GBPUSD,2011,60,130,3.2805698909344136,-1.1071271486383636,4.387697039572777,6.246707597392542,53.4967474900054,260
GBPUSD,2012,1,5,-2.3748651076314626,1.7782642056207805,-4.1531293132522435,2.92627799776983,38.627743094899344,261
GBPUSD,2012,2,10,-0.42407741305535074,2.451622985072668,-2.8757003981280187,3.2461866879784846,38.615486633833385,261
GBPUSD,2012,4,10,-0.42407741305535074,2.451622985072668,-2.8757003981280187,3.5380483794288233,38.615486633833385,261
GBPUSD,2012,8,35,0.7607349898057357,0.08159827017295125,0.6791367196327844,3.8089383120451807,38.62902354209896,261
GBPUSD,2012,16,35,0.7607349898057357,0.08159827017295125,0.6791367196327844,4.060721349062705,38.62902354209896,261
GBPUSD,2012,32,35,0.7607349898057357,0.08159827017295125,0.6791367196327844,4.297779040911908,38.62902354209896,261
GBPUSD,2012,60,240,1.0345055951258422,-4.130464151834869,5.164969746960711,4.5018982044851015,38.62828716334963,261
GBPUSD,2013,1,5,1.7782642056207805,0.5039642260908835,1.2742999795298968,3.670105411275246,48.44648699336973,261
GBPUSD,2013,2,10,2.451622985072668,-1.5944556831064784,4.046078668179146,4.063661388369632,48.33987601764584,261
GBPUSD,2013,4,10,2.451622985072668,-1.5944556831064784,4.046078668179146,4.429021486321846,48.33987601764584,261
GBPUSD,2013,8,10,2.451622985072668,-1.5944556831064784,4.046078668179146,4.766457675598824,48.33987601764584,261
GBPUSD,2013,16,65,2.8377177170420285,3.879519795265938,-1.0418020782239097,5.0793663982883555,48.31923870464953,261
GBPUSD,2013,32,100,3.359104473492174,2.6441204556043734,0.7149840178878004,5.374344761296066,48.3053429064636,261
GBPUSD,2013,60,100,3.359104473492174,2.6441204556043734,0.7149840178878004,5.629701766947002,48.3053429064636,261
GBPUSD,2014,1,5,0.5039642260908835,-4.662782829364831,5.166747055455715,2.7460526754190457,36.248715040740734,261
GBPUSD,2014,2,5,0.5039642260908835,-4.662782829364831,5.166747055455715,3.047225516989344,36.248715040740734,261
GBPUSD,2014,4,20,1.0335998835387163,1.291454636843811,-0.25785475330509455,3.3199730361538506,36.235336731880146,261
GBPUSD,2014,8,25,2.598682395220562,-1.523351400384454,4.122033795605017,3.561053308739421,36.115053809864065,261
GBPUSD,2014,16,65,3.879519795265938,3.0579803273995143,0.8215394678664238,3.7880679370921895,36.03531317281354,261
GBPUSD,2014,32,65,3.879519795265938,3.0579803273995143,0.8215394678664238,4.009208607565016,36.03531317281354,261
GBPUSD,2014,60,65,3.879519795265938,3.0579803273995143,0.8215394678664238,4.1997024352834424,36.03531317281354,261
GBPUSD,2015,1,5,-4.662782829364831,-3.3512793245291186,-1.3115035048357124,3.9396167757537843,52.00411745642447,261
GBPUSD,2015,2,10,0.671600101071841,-2.982836227261435,3.6544363283332757,4.385016211966606,52.162599134982806,261
GBPUSD,2015,4,20,1.291454636843811,-3.616243126872271,4.907697763716081,4.776618554852301,52.13367093346449,261
GBPUSD,2015,8,20,1.291454636843811,-3.616243126872271,4.907697763716081,5.140537304796686,52.13367093346449,261
GBPUSD,2015,16,65,3.0579803273995143,1.2261995194406754,1.831780807958839,5.476257002898166,52.09479855995678,261
GBPUSD,2015,32,65,3.0579803273995143,1.2261995194406754,1.831780807958839,5.7959511492053775,52.09479855995678,261
GBPUSD,2015,60,65,3.0579803273995143,1.2261995194406754,1.831780807958839,6.071340391261234,52.09479855995678,261
GBPUSD,2016,1,5,-3.3512793245291186,-0.9023347121622158,-2.448944612366903,6.131621213027598,80.78402556135879,260
GBPUSD,2016,2,10,-2.982836227261435,-2.184705058062081,-0.7981311691993538,6.805037603171189,80.79509006911123,260
GBPUSD,2016,4,10,-2.982836227261435,-2.184705058062081,-0.7981311691993538,7.416872342251317,80.79509006911123,260
GBPUSD,2016,8,40,1.548706071601396,-6.889167732168204,8.4378738037696,7.9790653796378,80.76593686765914,260
GBPUSD,2016,16,60,1.971876110918647,1.4402535255195181,0.5316225853991288,8.508756582529806,80.78729397668094,260
GBPUSD,2016,32,125,6.478171594857619,2.6268108253580533,3.8513607694995655,8.983480963502881,80.58991891534009,260
GBPUSD,2016,60,125,6.478171594857619,2.6268108253580533,3.8513607694995655,9.410322727671554,80.58991891534009,260
GBPUSD,2017,1,5,-0.9023347121622158,0.4384324396602675,-1.3407671518224833,4.140980393527285,54.55736000929777,260
GBPUSD,2017,2,5,-0.9023347121622158,0.4384324396602675,-1.3407671518224833,4.5951416859049665,54.55736000929777,260
GBPUSD,2017,4,5,-0.9023347121622158,0.4384324396602675,-1.3407671518224833,5.00828669382112,54.55736000929777,260
GBPUSD,2017,8,5,-0.9023347121622158,0.4384324396602675,-1.3407671518224833,5.389855666107381,54.55736000929777,260
GBPUSD,2017,16,60,1.4402535255195181,3.9249729459389386,-2.4847194204194203,5.748369966490584,54.57850978168721,260
GBPUSD,2017,32,105,3.2786207296088428,1.4160500438796226,1.8625706857292201,6.07246904442448,54.47551899918095,260
GBPUSD,2017,60,105,3.2786207296088428,1.4160500438796226,1.8625706857292201,6.360996777751041,54.47551899918095,260
GBPUSD,2018,1,5,0.4384324396602675,0.6412286939809619,-0.20279625432069442,3.9501456128332957,52.143101248841106,261
GBPUSD,2018,2,5,0.4384324396602675,0.6412286939809619,-0.20279625432069442,4.383377134385193,52.143101248841106,261
GBPUSD,2018,4,20,5.209214480522121,0.1339490223269672,5.075265458195154,4.750466853606781,51.84824219942852,261
GBPUSD,2018,8,20,5.209214480522121,0.1339490223269672,5.075265458195154,5.112393170134744,51.84824219942852,261
GBPUSD,2018,16,20,5.209214480522121,0.1339490223269672,5.075265458195154,5.450338753221128,51.84824219942852,261
GBPUSD,2018,32,20,5.209214480522121,0.1339490223269672,5.075265458195154,5.768519838198331,51.84824219942852,261
GBPUSD,2018,60,20,5.209214480522121,0.1339490223269672,5.075265458195154,6.0426057069592165,51.84824219942852,261
GBPUSD,2019,1,5,0.6412286939809619,0.044527900487916515,0.5967007934930454,4.033338162992363,53.241267744780004,261
GBPUSD,2019,2,5,0.6412286939809619,0.044527900487916515,0.5967007934930454,4.4756938127713575,53.241267744780004,261
GBPUSD,2019,4,5,0.6412286939809619,0.044527900487916515,0.5967007934930454,4.878099371098235,53.241267744780004,261
GBPUSD,2019,8,35,4.065391088678043,-1.0921730065036217,5.157564095181664,5.237635824552149,53.118412795435674,261
GBPUSD,2019,16,35,4.065391088678043,-1.0921730065036217,5.157564095181664,5.583860348726559,53.118412795435674,261
GBPUSD,2019,32,35,4.065391088678043,-1.0921730065036217,5.157564095181664,5.9098361870300025,53.118412795435674,261
GBPUSD,2019,60,35,4.065391088678043,-1.0921730065036217,5.157564095181664,6.190636571009015,53.118412795435674,261
GBPUSD,2020,1,5,0.044527900487916515,0.17803926447554652,-0.13351136398763,5.222589936294777,69.07168837497765,262
GBPUSD,2020,2,5,0.044527900487916515,0.17803926447554652,-0.13351136398763,5.795376564005885,69.07168837497765,262
GBPUSD,2020,4,5,0.044527900487916515,0.17803926447554652,-0.13351136398763,6.316433597732967,69.07168837497765,262
GBPUSD,2020,8,5,0.044527900487916515,0.17803926447554652,-0.13351136398763,6.797667046164515,69.07168837497765,262
GBPUSD,2020,16,80,2.136656865204041,0.10971736561344138,2.0269394995905996,7.247689626216496,69.07812173530365,262
GBPUSD,2020,32,85,2.4625000037842337,1.0487634161849255,1.4137365875993082,7.666413951498611,69.0386521679039,262
GBPUSD,2020,60,85,2.4625000037842337,1.0487634161849255,1.4137365875993082,8.030676498411053,69.0386521679039,262
GBPUSD,2021,1,5,0.17803926447554652,-0.21854339156911365,0.39658265604466014,3.1481615138686276,41.476984857985634,260
GBPUSD,2021,2,5,0.17803926447554652,-0.21854339156911365,0.39658265604466014,3.493435571187787,41.476984857985634,260
GBPUSD,2021,4,15,1.1285714029499674,4.218505052106738,-3.0899336491567704,3.805246088586305,41.4521359240682,260
GBPUSD,2021,8,15,1.1285714029499674,4.218505052106738,-3.0899336491567704,4.095158373581795,41.4521359240682,260
GBPUSD,2021,16,15,1.1285714029499674,4.218505052106738,-3.0899336491567704,4.365861474523992,41.4521359240682,260
GBPUSD,2021,32,120,1.5805255254281714,2.369745112318155,-0.7892195868899838,4.622701493389273,41.46979773604365,260
GBPUSD,2021,60,120,1.5805255254281714,2.369745112318155,-0.7892195868899838,4.842344866451428,41.46979773604365,260
GBPUSD,2022,1,5,-0.21854339156911365,0.03776596847697219,-0.25630936004608584,5.8225106818746974,76.71149854405284,260
GBPUSD,2022,2,10,4.138413490988711,0.7414076080582886,3.397005882930422,6.453481796730693,76.62112591166961,260
GBPUSD,2022,4,15,4.218505052106738,-0.8893790085827751,5.107884060689513,7.02995156362526,76.58020032635291,260
GBPUSD,2022,8,35,6.128776409890096,0.15736088708623322,5.971415522803863,7.554999614396076,76.47344555524889,260
GBPUSD,2022,16,35,6.128776409890096,0.15736088708623322,5.971415522803863,8.054409316454885,76.47344555524889,260
GBPUSD,2022,32,35,6.128776409890096,0.15736088708623322,5.971415522803863,8.52461141052574,76.47344555524889,260
GBPUSD,2022,60,35,6.128776409890096,0.15736088708623322,5.971415522803863,8.929650413569657,76.47344555524889,260
GBPUSD,2023,1,5,0.03776596847697219,-0.5075056439086626,0.5452716123856348,3.8854919412292657,51.19130314700765,260
GBPUSD,2023,2,10,0.7414076080582886,-0.9996244913266771,1.7410320993849657,4.311888798615495,51.194345155386614,260
GBPUSD,2023,4,20,1.8096145614087578,-0.9051346043344979,2.714749165743256,4.699017173551599,51.188357875681156,260
GBPUSD,2023,8,20,1.8096145614087578,-0.9051346043344979,2.714749165743256,5.057023666246926,51.188357875681156,260
GBPUSD,2023,16,20,1.8096145614087578,-0.9051346043344979,2.714749165743256,5.391309147566122,51.188357875681156,260
GBPUSD,2023,32,20,1.8096145614087578,-0.9051346043344979,2.714749165743256,5.706044189127769,51.188357875681156,260
GBPUSD,2023,60,170,2.0123009232379676,-1.5248497357793815,3.537150659017349,5.978999658733222,51.20409911928519,260
GBPUSD,2024,1,5,-0.5075056439086626,-2.5346738603616443,2.027168216452982,2.9881642591241984,39.52015246019939,262
GBPUSD,2024,2,5,-0.5075056439086626,-2.5346738603616443,2.027168216452982,3.3158906458228468,39.52015246019939,262
GBPUSD,2024,4,5,-0.5075056439086626,-2.5346738603616443,2.027168216452982,3.614019356700188,39.52015246019939,262
GBPUSD,2024,8,30,1.0689600471602223,1.477745719310069,-0.4087856721498466,3.8797782883835294,39.42276594003479,262
GBPUSD,2024,16,30,1.0689600471602223,1.477745719310069,-0.4087856721498466,4.136244075008291,39.42276594003479,262
GBPUSD,2024,32,30,1.0689600471602223,1.477745719310069,-0.4087856721498466,4.377710649308626,39.42276594003479,262
GBPUSD,2024,60,30,1.0689600471602223,1.477745719310069,-0.4087856721498466,4.585713509687848,39.42276594003479,262
GBPUSD,2025,1,5,-2.5346738603616443,-2.831517640393778,0.2968437800321335,3.449518833746516,45.53467832260889,261
GBPUSD,2025,2,5,-2.5346738603616443,-2.831517640393778,0.2968437800321335,3.8278442018318763,45.53467832260889,261
GBPUSD,2025,4,20,1.1096358111163633,-1.2105696921389402,2.3202055032553037,4.179045164675357,45.61154777786265,261
GBPUSD,2025,8,30,1.477745719310069,-0.9417683238227318,2.419514043132801,4.494709660001626,45.58389531330455,261
GBPUSD,2025,16,30,1.477745719310069,-0.9417683238227318,2.419514043132801,4.791824382266467,45.58389531330455,261
GBPUSD,2025,32,30,1.477745719310069,-0.9417683238227318,2.419514043132801,5.071562569194516,45.58389531330455,261
GBPUSD,2025,60,215,2.84267162499757,-6.992643455721506,9.835315080719075,5.308441254653066,45.54878494814026,261
AUDUSD,2008,1,5,6.071096147827794,-5.68043359633613,11.751529744163925,12.964988838002334,171.14172284528908,261
AUDUSD,2008,2,5,6.071096147827794,-5.68043359633613,11.751529744163925,14.38692169610838,171.14172284528908,261
AUDUSD,2008,4,20,15.751716389594735,5.468436023599152,10.283280365995584,15.926288022764915,173.8250290316675,261
AUDUSD,2008,8,20,15.751716389594735,5.468436023599152,10.283280365995584,17.139672504264098,173.8250290316675,261
AUDUSD,2008,16,20,15.751716389594735,5.468436023599152,10.283280365995584,18.27265982069354,173.8250290316675,261
AUDUSD,2008,32,160,17.897780486435575,2.5180977596671354,15.37968272676844,28.647376362746535,257.48652162003685,261
AUDUSD,2009,1,5,-5.68043359633613,2.453023450724723,-8.133457047060853,8.678469250525735,114.338713598025,260
AUDUSD,2009,2,5,-5.68043359633613,2.453023450724723,-8.133457047060853,9.630278830894559,114.338713598025,260
AUDUSD,2009,4,20,5.468436023599152,2.1847341491098193,3.2837018744893323,10.499206257012927,114.37224156564726,260
AUDUSD,2009,8,25,7.910537812152406,-2.4346276664164956,10.345165478568902,11.281040133238857,114.18928556818743,260
AUDUSD,2009,16,80,10.070283473239357,2.4289789436665528,7.641304529572804,12.012533303810828,114.05427455900973,260
AUDUSD,2009,32,85,15.386326329742925,1.7881480704114416,13.598178259331483,12.641500639506155,113.40565151136855,260
AUDUSD,2009,60,85,15.386326329742925,1.7881480704114416,13.598178259331483,13.242149815101694,113.40565151136855,260
AUDUSD,2010,1,5,2.453023450724723,0.7523692243276237,1.7006542263970992,6.597783858486302,87.09271643894195,261
AUDUSD,2010,2,5,2.453023450724723,0.7523692243276237,1.7006542263970992,7.3213946364273115,87.09271643894195,261
AUDUSD,2010,4,5,2.453023450724723,0.7523692243276237,1.7006542263970992,7.97965456654051,87.09271643894195,261
AUDUSD,2010,8,35,5.193717677419878,-9.17241549596674,14.366133173386618,8.566680204135452,86.88050689523905,261
AUDUSD,2010,16,35,5.193717677419878,-9.17241549596674,14.366133173386618,9.13296523745671,86.88050689523905,261
AUDUSD,2010,32,150,6.8638493778247645,-0.2029223518363995,7.066771729661164,9.66143783717033,86.83831953896583,261
AUDUSD,2010,60,150,6.8638493778247645,-0.2029223518363995,7.066771729661164,10.120492093263032,86.83831953896583,261
AUDUSD,2011,1,5,0.7523692243276237,-0.22031903930411012,0.9726882636317338,6.862865949730593,90.41816495925801,260
AUDUSD,2011,2,5,0.7523692243276237,-0.22031903930411012,0.9726882636317338,7.6155495591522495,90.41816495925801,260
AUDUSD,2011,4,5,0.7523692243276237,-0.22031903930411012,0.9726882636317338,8.300256690719658,90.41816495925801,260
AUDUSD,2011,8,5,0.7523692243276237,-0.22031903930411012,0.9726882636317338,8.932632712463269,90.41816495925801,260
AUDUSD,2011,16,70,1.5020010078256305,-3.1582841996976354,4.660285207523266,9.518765083354136,90.37692706626477,260
AUDUSD,2011,32,70,1.5020010078256305,-3.1582841996976354,4.660285207523266,10.074453663274934,90.37692706626477,260
AUDUSD,2011,60,70,1.5020010078256305,-3.1582841996976354,4.660285207523266,10.553131983197712,90.37692706626477,260
AUDUSD,2012,1,5,-0.22031903930411012,-2.780326554744363,2.560007515440253,4.111033018794746,54.26686303409187,261
AUDUSD,2012,2,10,4.032840203637631,2.0304720778863037,2.0023681257513277,4.548943149381184,54.112615898990875,261
AUDUSD,2012,4,10,4.032840203637631,2.0304720778863037,2.0023681257513277,4.957934488913972,54.112615898990875,261
AUDUSD,2012,8,10,4.032840203637631,2.0304720778863037,2.0023681257513277,5.335667251283881,54.112615898990875,261
AUDUSD,2012,16,10,4.032840203637631,2.0304720778863037,2.0023681257513277,5.688371967134702,54.112615898990875,261
AUDUSD,2012,32,10,4.032840203637631,2.0304720778863037,2.0023681257513277,6.020449007885089,54.112615898990875,261
AUDUSD,2012,60,10,4.032840203637631,2.0304720778863037,2.0023681257513277,6.306505057433525,54.112615898990875,261
AUDUSD,2013,1,5,-2.780326554744363,-0.3364882626526841,-2.443838292091679,4.725128180572407,62.37310248333299,261
AUDUSD,2013,2,10,2.0304720778863037,0.4925619382650522,1.5379101396212516,5.253793929200965,62.49727102920074,261
AUDUSD,2013,4,15,4.62260866341668,-1.3205130283971394,5.94312169181382,5.714905159761967,62.37445623794453,261
AUDUSD,2013,8,15,4.62260866341668,-1.3205130283971394,5.94312169181382,6.1503096447356675,62.37445623794453,261
AUDUSD,2013,16,15,4.62260866341668,-1.3205130283971394,5.94312169181382,6.5568648352076915,62.37445623794453,261
AUDUSD,2013,32,125,5.299653239514375,-0.35930699211373923,5.658960231628114,6.933896705751154,62.32280825403046,261
AUDUSD,2013,60,180,5.383966321963679,-1.6461165871505898,7.0300829091142685,7.261809265423996,62.30955052488893,261
AUDUSD,2014,1,5,-0.3364882626526841,-0.8018673834889719,0.4653791208362878,3.910028719539105,51.61354628204899,261
AUDUSD,2014,2,10,0.4925619382650522,-4.71017294077881,5.202734879043863,4.331836038403444,51.52998663336107,261
AUDUSD,2014,4,10,0.4925619382650522,-4.71017294077881,5.202734879043863,4.7213074751313435,51.52998663336107,261
AUDUSD,2014,8,35,5.097942991420453,0.9645799137847536,4.1333630776357,5.056868424576641,51.28512814306531,261
AUDUSD,2014,16,55,6.0457888566661,-0.7289385979127782,6.774727454578878,5.383386129859767,51.211332093634574,261
AUDUSD,2014,32,55,6.0457888566661,-0.7289385979127782,6.774727454578878,5.697658639735909,51.211332093634574,261
AUDUSD,2014,60,55,6.0457888566661,-0.7289385979127782,6.774727454578878,5.9683776043885,51.211332093634574,261
AUDUSD,2015,1,5,-0.8018673834889719,4.485172395919007,-5.287039779407979,5.462257066867689,72.10342382304977,261
AUDUSD,2015,2,5,-0.8018673834889719,4.485172395919007,-5.287039779407979,6.061329144742141,72.10342382304977,261
AUDUSD,2015,4,5,-0.8018673834889719,4.485172395919007,-5.287039779407979,6.606297733016199,72.10342382304977,261
AUDUSD,2015,8,40,1.8601222252669902,-1.4408286410212305,3.300950866288221,7.094447682253154,71.94959962184228,261
AUDUSD,2015,16,50,3.441346115245413,-5.8085124635298,9.249858578775212,7.558838782343417,71.90608174615866,261
AUDUSD,2015,32,85,4.207309822396974,-2.7314277852775417,6.938737607674516,7.994116032950888,71.85220400944765,261
AUDUSD,2015,60,85,4.207309822396974,-2.7314277852775417,6.938737607674516,8.373949040260266,71.85220400944765,261
AUDUSD,2016,1,5,4.485172395919007,-0.9612361593913674,5.4464085553103745,5.302186832513636,69.85623895012016,260
AUDUSD,2016,2,5,4.485172395919007,-0.9612361593913674,5.4464085553103745,5.8837032357417955,69.85623895012016,260
AUDUSD,2016,4,5,4.485172395919007,-0.9612361593913674,5.4464085553103745,6.412701640157288,69.85623895012016,260
AUDUSD,2016,8,5,4.485172395919007,-0.9612361593913674,5.4464085553103745,6.901269512566038,69.85623895012016,260
AUDUSD,2016,16,5,4.485172395919007,-0.9612361593913674,5.4464085553103745,7.357465558497095,69.85623895012016,260
AUDUSD,2016,32,5,4.485172395919007,-0.9612361593913674,5.4464085553103745,7.786981315238175,69.85623895012016,260
AUDUSD,2016,60,5,4.485172395919007,-0.9612361593913674,5.4464085553103745,8.156972508590549,69.85623895012016,260
AUDUSD,2017,1,5,-0.9612361593913674,-2.073174490261583,1.1119383308702158,3.5884699232489337,47.27804212530117,260
AUDUSD,2017,2,10,2.3074196999519874,-2.869242410836478,5.176662110788465,3.9720983110540056,47.16006869020378,260
AUDUSD,2017,4,10,2.3074196999519874,-2.869242410836478,5.176662110788465,4.3292260560369025,47.16006869020378,260
AUDUSD,2017,8,40,2.973209446029976,0.27125865217327394,2.701950793856702,4.652116065547033,47.089789915727,260
AUDUSD,2017,16,40,2.973209446029976,0.27125865217327394,2.701950793856702,4.9596358559929214,47.089789915727,260
AUDUSD,2017,32,40,2.973209446029976,0.27125865217327394,2.701950793856702,5.249170578365735,47.089789915727,260
AUDUSD,2017,60,265,5.180330410476159,0.7720353076435,4.40829510283266,5.473185048379241,46.87230736099041,260
AUDUSD,2018,1,5,-2.073174490261583,-1.8039344813372975,-0.2692400089242857,4.1010860788401295,54.135560457426166,261
AUDUSD,2018,2,5,-2.073174490261583,-1.8039344813372975,-0.2692400089242857,4.550871969309325,54.135560457426166,261
AUDUSD,2018,4,20,-0.9699177436620207,-3.9072447531778316,2.937327009515811,4.9663396300514675,54.20435252337894,261
AUDUSD,2018,8,40,0.27125865217327394,-3.436237839524524,3.707496491697798,5.343195969888327,54.1889697342035,261
AUDUSD,2018,16,60,1.8037693676336415,-1.9757571689960538,3.779526536629695,5.688989769903749,54.118492962610475,261
AUDUSD,2018,32,155,4.630611195869887,1.0407421318472343,3.5898690640226523,6.003694635278858,53.96202531541777,261
AUDUSD,2018,60,155,4.630611195869887,1.0407421318472343,3.5898690640226523,6.288954616355636,53.96202531541777,261
AUDUSD,2019,1,5,-1.8039344813372975,0.9899518171804045,-2.7938862985177018,3.466053936703907,45.75294661754621,261
AUDUSD,2019,2,5,-1.8039344813372975,0.9899518171804045,-2.7938862985177018,3.8461927892820857,45.75294661754621,261
AUDUSD,2019,4,5,-1.8039344813372975,0.9899518171804045,-2.7938862985177018,4.192000483362373,45.75294661754621,261
AUDUSD,2019,8,5,-1.8039344813372975,0.9899518171804045,-2.7938862985177018,4.511378628833456,45.75294661754621,261
AUDUSD,2019,16,65,1.025764206594417,2.5189953861281094,-1.4932311795336923,4.793945246952747,45.60407077595107,261
AUDUSD,2019,32,135,1.0772152059251254,3.1152925023982427,-2.0380772964731175,5.078452278535227,45.64582095950159,261
AUDUSD,2019,60,135,1.0772152059251254,3.1152925023982427,-2.0380772964731175,5.319750227361865,45.64582095950159,261
AUDUSD,2020,1,5,0.9899518171804045,-4.915103314605074,5.9050551317854785,5.883770647589409,77.8161750390961,262
AUDUSD,2020,2,10,8.338665907123547,-1.7813703516866286,10.120036258810176,6.494611023258835,77.4054530815771,262
AUDUSD,2020,4,15,10.398907966826648,1.463658087996235,8.935249878830414,7.055288101255993,77.15123630849949,262
AUDUSD,2020,8,15,10.398907966826648,1.463658087996235,8.935249878830414,7.59281304632374,77.15123630849949,262
AUDUSD,2020,16,15,10.398907966826648,1.463658087996235,8.935249878830414,8.094722337493955,77.15123630849949,262
AUDUSD,2020,32,15,10.398907966826648,1.463658087996235,8.935249878830414,8.567277834051096,77.15123630849949,262
AUDUSD,2020,60,15,10.398907966826648,1.463658087996235,8.935249878830414,8.974344092627952,77.15123630849949,262
AUDUSD,2021,1,5,-4.915103314605074,-5.307973039618346,0.39286972501327266,4.28142548971871,56.40772222942151,260
AUDUSD,2021,2,10,-1.7813703516866286,-1.3028917606281583,-0.47847859105847035,4.755358860129581,56.459592116885815,260
AUDUSD,2021,4,15,1.463658087996235,-1.2511168548310982,2.7147749428273333,5.17439659534411,56.36686458691699,260
AUDUSD,2021,8,15,1.463658087996235,-1.2511168548310982,2.7147749428273333,5.568621070057757,56.36686458691699,260
AUDUSD,2021,16,15,1.463658087996235,-1.2511168548310982,2.7147749428273333,5.936724780371216,56.36686458691699,260
AUDUSD,2021,32,100,2.7486094467474462,-6.3773518285383,9.125961275285746,6.28429591555466,56.37579690234856,260
AUDUSD,2021,60,100,2.7486094467474462,-6.3773518285383,9.125961275285746,6.58288840615503,56.37579690234856,260
AUDUSD,2022,1,5,-5.307973039618346,-3.3286103258202955,-1.979362713798051,6.315701485605912,83.20928063316804,260
AUDUSD,2022,2,10,-1.3028917606281583,-3.7955055396262587,2.4926137789981,7.0305164061789265,83.47216274086193,260
AUDUSD,2022,4,20,3.102130942859584,-2.3422736377137414,5.444404580573325,7.646580501064512,83.29739704225354,260
AUDUSD,2022,8,20,3.102130942859584,-2.3422736377137414,5.444404580573325,8.229154551167316,83.29739704225354,260
AUDUSD,2022,16,20,3.102130942859584,-2.3422736377137414,5.444404580573325,8.773128056442323,83.29739704225354,260
AUDUSD,2022,32,120,3.804242965108189,-2.2451046758394044,6.049347640947593,9.280235826744695,83.25207743312977,260
AUDUSD,2022,60,120,3.804242965108189,-2.2451046758394044,6.049347640947593,9.721177622946204,83.25207743312977,260
AUDUSD,2023,1,5,-3.3286103258202955,0.5265120772071725,-3.855122403027468,5.126559519062848,67.54235149912485,260
AUDUSD,2023,2,5,-3.3286103258202955,0.5265120772071725,-3.855122403027468,5.688814027745864,67.54235149912485,260
AUDUSD,2023,4,20,-2.3422736377137414,-1.7098980376704676,-0.6323756000432739,6.200272825707003,67.54216309647326,260
AUDUSD,2023,8,30,-0.11427081884620753,-6.419256293636027,6.30498547478982,6.671000871176121,67.5254067450651,260
AUDUSD,2023,16,60,0.7092065354231961,-4.383687952378502,5.092894487801699,7.11391217995757,67.54379550433099,260
AUDUSD,2023,32,60,0.7092065354231961,-4.383687952378502,5.092894487801699,7.529209723530198,67.54379550433099,260
AUDUSD,2023,60,285,4.579641035933297,-3.761664250308095,8.341305286241392,7.863310492645977,67.34132009575434,260
AUDUSD,2024,1,5,0.5265120772071725,-7.5630093041244795,8.089521381331652,4.073264360663567,53.871211414362214,262
AUDUSD,2024,2,5,0.5265120772071725,-7.5630093041244795,8.089521381331652,4.519998909111683,53.871211414362214,262
AUDUSD,2024,4,5,0.5265120772071725,-7.5630093041244795,8.089521381331652,4.926387898337851,53.871211414362214,262
AUDUSD,2024,8,5,0.5265120772071725,-7.5630093041244795,8.089521381331652,5.301717204020642,53.871211414362214,262
AUDUSD,2024,16,5,0.5265120772071725,-7.5630093041244795,8.089521381331652,5.652177712875568,53.871211414362214,262
AUDUSD,2024,32,145,2.7217737835800926,-2.0498540004780708,4.771627784058163,5.964807236795673,53.71510782942192,262
AUDUSD,2024,60,145,2.7217737835800926,-2.0498540004780708,4.771627784058163,6.248219519208655,53.71510782942192,262
AUDUSD,2025,1,5,-7.5630093041244795,-5.439889125003281,-2.123120179121199,4.52714902066376,59.75971847370592,261
AUDUSD,2025,2,5,-7.5630093041244795,-5.439889125003281,-2.123120179121199,5.023663288933371,59.75971847370592,261
AUDUSD,2025,4,20,-6.175083135723289,3.8943907529766064,-10.069473888699896,5.486453400432305,59.88105453372746,261
AUDUSD,2025,8,30,-1.7838256847620795,1.2978937912199497,-3.0817194759820294,5.926942476026022,60.10913847437489,261
AUDUSD,2025,16,80,0.43647888652734995,4.616945278106314,-4.180466391578964,6.322616136633277,60.1460840562321,261
AUDUSD,2025,32,80,0.43647888652734995,4.616945278106314,-4.180466391578964,6.691719224227497,60.1460840562321,261
AUDUSD,2025,60,80,0.43647888652734995,4.616945278106314,-4.180466391578964,7.009670055380251,60.1460840562321,261
USDJPY,2008,1,5,-2.0428736749528933,0.05553791160483372,-2.098411586557727,8.479124402995964,107.10591515910173,239
USDJPY,2008,2,10,0.5706374747807385,2.113782002897743,-1.5431445281170046,9.49087763106307,108.03714289292917,239
USDJPY,2008,4,20,8.388759160593235,0.13960625413292066,8.249152906460314,10.42680377798523,108.89994049861399,239
USDJPY,2008,8,20,8.388759160593235,0.13960625413292066,8.249152906460314,11.22119616105403,108.89994049861399,239
USDJPY,2008,16,20,8.388759160593235,0.13960625413292066,8.249152906460314,11.962953211690678,108.89994049861399,239
USDJPY,2009,1,5,0.05553791160483372,0.8947648065981499,-0.8392268949933163,6.344029053813137,83.74307726881469,261
USDJPY,2009,2,10,2.113782002897743,-0.7568698667346321,2.870651869632375,7.0298012577683044,83.62402492535152,261
USDJPY,2009,4,10,2.113782002897743,-0.7568698667346321,2.870651869632375,7.661844292523543,83.62402492535152,261
USDJPY,2009,8,10,2.113782002897743,-0.7568698667346321,2.870651869632375,8.245581253133725,83.62402492535152,261
USDJPY,2009,16,55,2.3276143705078125,-3.1901800297372147,5.517794400245027,8.795555298727184,83.67077755256216,261
USDJPY,2009,32,55,2.3276143705078125,-3.1901800297372147,5.517794400245027,9.309024177385792,83.67077755256216,261
USDJPY,2009,60,55,2.3276143705078125,-3.1901800297372147,5.517794400245027,9.751333825361582,83.67077755256216,261
USDJPY,2010,1,5,0.8947648065981499,1.8151998764662565,-0.9204350698681065,4.669927364664449,61.64443523533179,261
USDJPY,2010,2,5,0.8947648065981499,1.8151998764662565,-0.9204350698681065,5.182100822563709,61.64443523533179,261
USDJPY,2010,4,5,0.8947648065981499,1.8151998764662565,-0.9204350698681065,5.648018792389867,61.64443523533179,261
USDJPY,2010,8,30,3.0174959107139596,-3.6194727468701586,6.636968657584118,6.078064878095934,61.64177312189237,261
USDJPY,2010,16,30,3.0174959107139596,-3.6194727468701586,6.636968657584118,6.479844457816886,61.64177312189237,261
USDJPY,2010,32,120,5.787165555802822,0.24241389935335347,5.544751656449469,6.836777242676831,61.44988528852175,261
USDJPY,2010,60,300,7.15890834692787,1.9086217163699757,5.250286630557894,7.143478711038255,61.29422178412422,261
USDJPY,2011,1,5,1.8151998764662565,2.062738400828211,-0.24753852436195456,4.100716108836514,54.02687860957299,260
USDJPY,2011,2,5,1.8151998764662565,2.062738400828211,-0.24753852436195456,4.550461422910988,54.02687860957299,260
USDJPY,2011,4,5,1.8151998764662565,2.062738400828211,-0.24753852436195456,4.959589269035382,54.02687860957299,260
USDJPY,2011,8,5,1.8151998764662565,2.062738400828211,-0.24753852436195456,5.337448105008678,54.02687860957299,260
USDJPY,2011,16,5,1.8151998764662565,2.062738400828211,-0.24753852436195456,5.690270541001592,54.02687860957299,260
USDJPY,2011,32,145,2.8090014474564735,-0.11992286456695535,2.9289243120234287,6.015281594820415,53.96249604679862,260
USDJPY,2011,60,145,2.8090014474564735,-0.11992286456695535,2.9289243120234287,6.301092119530797,53.96249604679862,260
USDJPY,2012,1,5,2.062738400828211,-2.168175536691947,4.2309139375201585,3.676636214539416,48.5326955459693,261
USDJPY,2012,2,10,2.294632687859455,-0.13989264895526135,2.4345253368147164,4.078233609723455,48.51322199956293,261
USDJPY,2012,4,15,5.214963485082665,3.2152782762720853,1.9996852088105794,4.423878786934683,48.283746813590454,261
USDJPY,2012,8,15,5.214963485082665,3.2152782762720853,1.9996852088105794,4.760923166668817,48.283746813590454,261
USDJPY,2012,16,15,5.214963485082665,3.2152782762720853,1.9996852088105794,5.0756354554239795,48.283746813590454,261
USDJPY,2012,32,15,5.214963485082665,3.2152782762720853,1.9996852088105794,5.371942028148679,48.283746813590454,261
USDJPY,2012,60,15,5.214963485082665,3.2152782762720853,1.9996852088105794,5.627184870163089,48.283746813590454,261
USDJPY,2013,1,5,-2.168175536691947,1.5925641530364427,-3.76073968972839,5.929226540265648,78.26756026713466,261
USDJPY,2013,2,10,-0.13989264895526135,1.0630302977317752,-1.2029229466870366,6.585402673593296,78.3376168297065,261
USDJPY,2013,4,15,3.2152782762720853,-0.266302119606221,3.4815803958783063,7.1673116954259255,78.22652470905972,261
USDJPY,2013,8,15,3.2152782762720853,-0.266302119606221,3.4815803958783063,7.713371440977833,78.22652470905972,261
USDJPY,2013,16,65,6.6454512043005876,3.4762042836419074,3.16924692065868,8.201092378195188,78.01574235606047,261
USDJPY,2013,32,110,7.96326521691874,3.690623548115123,4.272641668803617,8.666116643216244,77.89223704677599,261
USDJPY,2013,60,110,7.96326521691874,3.690623548115123,4.272641668803617,9.077879136119615,77.89223704677599,261
USDJPY,2014,1,5,1.5925641530364427,-5.7938644413713885,7.386428594407831,3.806673602383212,50.2492278830166,261
USDJPY,2014,2,5,1.5925641530364427,-5.7938644413713885,7.386428594407831,4.22416985656029,50.2492278830166,261
USDJPY,2014,4,20,2.127207993489763,1.23247990741072,0.8947280860790432,4.605340597460454,50.26428392542055,261
USDJPY,2014,8,35,2.5413950470050777,-2.672773534399358,5.214168581404436,4.958190788749423,50.2843713953401,261
USDJPY,2014,16,75,5.03283849498645,-3.0694924297580846,8.102330924744535,5.262266701340439,50.05914142269415,261
USDJPY,2014,32,135,5.3243897898920105,0.23241333880875673,5.091976451083254,5.5667545021876625,50.034747871185466,261
USDJPY,2014,60,250,5.5454443510566,0.3007879866232061,5.244656364433394,5.828328513032827,50.00964865431036,261
USDJPY,2015,1,5,-5.7938644413713885,1.0968871134574492,-6.890751554828838,3.7095785346499563,48.96754400505271,261
USDJPY,2015,2,10,-0.45953641468192785,6.142677704267637,-6.602214118949565,4.135406877787627,49.19333493851392,261
USDJPY,2015,4,15,1.4301328537955702,0.20338814339019562,1.2267447104053746,4.5034642976381,49.15237066924014,261
USDJPY,2015,8,15,1.4301328537955702,0.20338814339019562,1.2267447104053746,4.846572100531584,49.15237066924014,261
USDJPY,2015,16,15,1.4301328537955702,0.20338814339019562,1.2267447104053746,5.1669460584760545,49.15237066924014,261
USDJPY,2015,32,15,1.4301328537955702,0.20338814339019562,1.2267447104053746,5.468583181844393,49.15237066924014,261
USDJPY,2015,60,15,1.4301328537955702,0.20338814339019562,1.2267447104053746,5.72841783862441,49.15237066924014,261
USDJPY,2016,1,5,1.0968871134574492,-5.746880786405727,6.843767899863177,5.806031468583256,76.49438513448044,260
USDJPY,2016,2,10,6.142677704267637,-2.4282253706378603,8.570903074905498,6.414704311023053,76.16072721395449,260
USDJPY,2016,4,10,6.142677704267637,-2.4282253706378603,8.570903074905498,6.991444538965659,76.16072721395449,260
USDJPY,2016,8,35,8.796578781543452,-5.08911020141295,13.885688982956403,7.503232108804073,75.9494429447289,260
USDJPY,2016,16,70,11.87983991112348,-3.377035470103507,15.256875381226987,7.94899394684561,75.47256812131565,260
USDJPY,2016,32,70,11.87983991112348,-3.377035470103507,15.256875381226987,8.413042079081391,75.47256812131565,260
USDJPY,2016,60,70,11.87983991112348,-3.377035470103507,15.256875381226987,8.812779968842571,75.47256812131565,260
USDJPY,2017,1,5,-5.746880786405727,-0.10358153956289341,-5.643299246842834,4.045841224743075,53.30390276268565,260
USDJPY,2017,2,10,-2.4282253706378603,-2.0791316934989603,-0.34909367713889994,4.502502747572542,53.45747316032766,260
USDJPY,2017,4,15,1.6872264292241896,1.4276819286375726,0.25954450058661704,4.900212276660803,53.38006021691871,260
USDJPY,2017,8,15,1.6872264292241896,1.4276819286375726,0.25954450058661704,5.273547326488677,53.38006021691871,260
USDJPY,2017,16,15,1.6872264292241896,1.4276819286375726,0.25954450058661704,5.622145716102925,53.38006021691871,260
USDJPY,2017,32,15,1.6872264292241896,1.4276819286375726,0.25954450058661704,5.950356586077265,53.38006021691871,260
USDJPY,2017,60,15,1.6872264292241896,1.4276819286375726,0.25954450058661704,6.233082259226968,53.38006021691871,260
USDJPY,2018,1,5,-0.10358153956289341,-2.0352067630265256,1.9316252234636322,3.215714800982508,42.44839529719488,261
USDJPY,2018,2,5,-0.10358153956289341,-2.0352067630265256,1.9316252234636322,3.5683977531198985,42.44839529719488,261
USDJPY,2018,4,15,1.4276819286375726,-2.5681018302505643,3.9957837588881366,3.8852034314168287,42.404457227863176,261
USDJPY,2018,8,35,2.5897199575576932,-0.6172635403135589,3.206983497871252,4.1693654330260665,42.284359124077916,261
USDJPY,2018,16,55,3.7752658798806578,-1.3605891887383572,5.135855068619015,4.442090359029427,42.2569288322839,261
USDJPY,2018,32,55,3.7752658798806578,-1.3605891887383572,5.135855068619015,4.70141169555506,42.2569288322839,261
USDJPY,2018,60,55,3.7752658798806578,-1.3605891887383572,5.135855068619015,4.924794910855098,42.2569288322839,261
USDJPY,2019,1,5,-2.0352067630265256,-4.154915671963864,2.1197089089373384,2.709613413476701,35.767705905604096,261
USDJPY,2019,2,5,-2.0352067630265256,-4.154915671963864,2.1197089089373384,3.0067897854373165,35.767705905604096,261
USDJPY,2019,4,20,-1.4208819525387761,-4.091882920558999,2.6710009680202225,3.281615925559994,35.816693928672166,261
USDJPY,2019,8,40,0.3794433698688144,-5.765000636450975,6.144444006319789,3.527949793961303,35.77932864265769,261
USDJPY,2019,16,45,0.7088253204082426,-2.827205954671257,3.5360312750794995,3.7647447248206447,35.81344300776938,261
USDJPY,2019,32,45,0.7088253204082426,-2.827205954671257,3.5360312750794995,3.9845238276328687,35.81344300776938,261
USDJPY,2019,60,210,1.2336602383339221,-5.425394256151845,6.659054494485767,4.171719870521502,35.795210332168594,261
USDJPY,2020,1,5,-4.154915671963864,-1.3767925417634095,-2.7781231302004548,4.085847429287057,54.037629571897924,262
USDJPY,2020,2,10,-0.25389386355999183,-0.3704452468968199,0.11655138333682807,4.535814672553089,54.059710206765466,262
USDJPY,2020,4,10,-0.25389386355999183,-0.3704452468968199,0.11655138333682807,4.943625642679704,54.059710206765466,262
USDJPY,2020,8,10,-0.25389386355999183,-0.3704452468968199,0.11655138333682807,5.320268249456294,54.059710206765466,262
USDJPY,2020,16,10,-0.25389386355999183,-0.3704452468968199,0.11655138333682807,5.671955041904438,54.059710206765466,262
USDJPY,2020,32,140,-0.11794380906979489,1.3594339321798574,-1.4773777412496523,6.00593413934379,54.08546950539269,262
USDJPY,2020,60,245,0.8616369449822034,0.19475021253199767,0.6668867324502058,6.288837693795124,54.06429684575512,262
USDJPY,2021,1,5,-1.3767925417634095,5.316637589753081,-6.69343013151649,2.5929461142705876,34.16202956722309,260
USDJPY,2021,2,10,-0.3704452468968199,5.549967563371937,-5.920412810268757,2.88046330424823,34.199266143518905,260
USDJPY,2021,4,10,-0.3704452468968199,5.549967563371937,-5.920412810268757,3.1394431390346424,34.199266143518905,260
USDJPY,2021,8,35,0.2335449483508265,10.717685435331006,-10.48414048698018,3.384984811481242,34.26359561857473,260
USDJPY,2021,16,50,2.109989274125494,8.713073789425332,-6.603084515299837,3.593648434149247,34.12027711481866,260
USDJPY,2021,32,150,2.706802972080244,5.280207346122064,-2.57340437404182,3.801800660860349,34.10557758576851,260
USDJPY,2021,60,150,2.706802972080244,5.280207346122064,-2.57340437404182,3.9824396923996894,34.10557758576851,260
USDJPY,2022,1,5,5.316637589753081,-0.2979033572535558,5.6145409470066365,5.657621944102539,74.53909168065023,260
USDJPY,2022,2,10,5.549967563371937,2.476395031177594,3.0735725321943432,6.2818020030286705,74.58280001193654,260
USDJPY,2022,4,15,9.812830245221408,5.95264048458097,3.860189760640438,6.803661563802486,74.11512878760367,260
USDJPY,2022,8,35,10.717685435331006,-2.0484011656482575,12.766086600979264,7.305267691958934,73.9456015382203,260
USDJPY,2022,16,35,10.717685435331006,-2.0484011656482575,12.766086600979264,7.788169313098553,73.9456015382203,260
USDJPY,2022,32,35,10.717685435331006,-2.0484011656482575,12.766086600979264,8.242828789184024,73.9456015382203,260
USDJPY,2022,60,35,10.717685435331006,-2.0484011656482575,12.766086600979264,8.634479152379509,73.9456015382203,260
USDJPY,2023,1,5,-0.2979033572535558,5.992510034575266,-6.290413391828822,4.638492225537452,61.11207158684852,260
USDJPY,2023,2,10,2.476395031177594,2.3242236723597545,0.1521713588178395,5.147553150130055,61.11605029287193,260
USDJPY,2023,4,15,5.95264048458097,5.069435513075783,0.8832049715051866,5.582297652679266,60.81030127369109,260
USDJPY,2023,8,15,5.95264048458097,5.069435513075783,0.8832049715051866,6.007599099770288,60.81030127369109,260
USDJPY,2023,16,15,5.95264048458097,5.069435513075783,0.8832049715051866,6.404720665572629,60.81030127369109,260
USDJPY,2023,32,15,5.95264048458097,5.069435513075783,0.8832049715051866,6.778616869573426,60.81030127369109,260
USDJPY,2023,60,295,6.039291845597912,-0.6436821810873572,6.682974026685269,7.106253782499091,60.85789326219366,260
USDJPY,2024,1,5,5.992510034575266,-7.146640672011333,13.1391507065866,4.820468731504524,63.75340934387525,262
USDJPY,2024,2,5,5.992510034575266,-7.146640672011333,13.1391507065866,5.349152787190544,63.75340934387525,262
USDJPY,2024,4,5,5.992510034575266,-7.146640672011333,13.1391507065866,5.830090247157749,63.75340934387525,262
USDJPY,2024,8,5,5.992510034575266,-7.146640672011333,13.1391507065866,6.274270398962689,63.75340934387525,262
USDJPY,2024,16,5,5.992510034575266,-7.146640672011333,13.1391507065866,6.6890197928093285,63.75340934387525,262
USDJPY,2024,32,5,5.992510034575266,-7.146640672011333,13.1391507065866,7.0795128743360936,63.75340934387525,262
USDJPY,2024,60,195,7.450800541842094,-0.49219446460328026,7.942995006445374,7.398793933663029,63.606442240479566,262
USDJPY,2025,1,5,-7.146640672011333,1.9410989886035106,-9.087739660614844,4.683001421421674,61.81701668726872,261
USDJPY,2025,2,10,-1.8445285344146993,-4.297985885337645,2.453457350922945,5.222748586302007,62.12796663022792,261
USDJPY,2025,4,20,-0.5647151290480117,0.21898673410991734,-0.783701863157929,5.696651612504714,62.175230694780446,261
USDJPY,2025,8,35,1.9609845433750837,-3.4940332794379003,5.455017822812984,6.12810339755619,62.149247643107216,261
USDJPY,2025,16,70,3.388226586995351,-1.4159879260664343,4.804214513061785,6.526494555147516,62.08554839064901,261
USDJPY,2025,32,70,3.388226586995351,-1.4159879260664343,4.804214513061785,6.90749970229133,62.08554839064901,261
USDJPY,2025,60,70,3.388226586995351,-1.4159879260664343,4.804214513061785,7.235703142683656,62.08554839064901,261
USDCHF,2008,1,5,1.8327283400412337,-11.813817669294377,13.64654600933561,6.835309406976272,90.4008101467322,262
USDCHF,2008,2,10,3.3211370398853006,-10.786802309943717,14.107939349829017,7.620993027271794,90.83013841705221,262
USDCHF,2008,4,20,7.093710696802674,-5.951880837877259,13.045591534679932,8.351184016607595,91.32216321631948,262
USDCHF,2008,8,35,8.013055750238236,-4.853927974883057,12.866983725121292,9.146664172503948,92.94005327169353,262
USDCHF,2008,16,35,8.013055750238236,-4.853927974883057,12.866983725121292,9.75128800604035,92.94005327169353,262
USDCHF,2008,32,35,8.013055750238236,-4.853927974883057,12.866983725121292,10.320550860730517,92.94005327169353,262
USDCHF,2009,1,5,-11.813817669294377,6.726758284139356,-18.54057595343373,5.965839397903388,78.75086091727063,261
USDCHF,2009,2,10,-10.786802309943717,2.477271567969445,-13.264073877913162,6.63015231907959,78.86994275647595,261
USDCHF,2009,4,20,-5.951880837877259,4.618942576524379,-10.570823414401637,7.278169885965902,79.4364694345014,261
USDCHF,2009,8,40,-0.6880306545661107,0.687684357172467,-1.3757150117385777,7.843649182810562,79.54775953724096,261
USDCHF,2009,16,70,0.34625552068301035,5.062851262666617,-4.716595741983606,8.363537922158871,79.56106206718289,261
USDCHF,2009,32,130,6.1458858984974745,0.9906576944430482,5.155228204054426,8.82435254855717,79.31448292178102,261
USDCHF,2009,60,130,6.1458858984974745,0.9906576944430482,5.155228204054426,9.24363347371024,79.31448292178102,261
USDCHF,2010,1,5,6.726758284139356,-3.9239480380436302,10.650706322182986,5.0185231797313,66.24600405368112,261
USDCHF,2010,2,5,6.726758284139356,-3.9239480380436302,10.650706322182986,5.568928822003053,66.24600405368112,261
USDCHF,2010,4,5,6.726758284139356,-3.9239480380436302,10.650706322182986,6.069626145288708,66.24600405368112,261
USDCHF,2010,8,5,6.726758284139356,-3.9239480380436302,10.650706322182986,6.532055944540601,66.24600405368112,261
USDCHF,2010,16,5,6.726758284139356,-3.9239480380436302,10.650706322182986,6.963845789622581,66.24600405368112,261
USDCHF,2010,32,5,6.726758284139356,-3.9239480380436302,10.650706322182986,7.370382724165692,66.24600405368112,261
USDCHF,2010,60,5,6.726758284139356,-3.9239480380436302,10.650706322182986,7.720579621934204,66.24600405368112,261
USDCHF,2011,1,5,-3.9239480380436302,-4.068882101273494,0.14493406322986369,8.239577330944087,108.55631856442004,260
USDCHF,2011,2,5,-3.9239480380436302,-4.068882101273494,0.14493406322986369,9.143251517645536,108.55631856442004,260
USDCHF,2011,4,20,3.568347266673126,-1.4530634741467754,5.021410740819901,9.963348144586742,108.5349152022012,260
USDCHF,2011,8,25,6.642245760348299,1.811674580720687,4.830571179627611,10.707450127452507,108.38327546661792,260
USDCHF,2011,16,25,6.642245760348299,1.811674580720687,4.830571179627611,11.41524691777545,108.38327546661792,260
USDCHF,2011,32,25,6.642245760348299,1.811674580720687,4.830571179627611,12.081648734989821,108.38327546661792,260
USDCHF,2011,60,25,6.642245760348299,1.811674580720687,4.830571179627611,12.655697066706711,108.38327546661792,260
USDCHF,2012,1,5,-4.068882101273494,3.4929115355294225,-7.561793636802916,3.860606714687198,50.9611610650227,261
USDCHF,2012,2,10,-0.45421482577665484,0.4382699710758268,-0.8924847968524816,4.292426704063563,51.06118715578153,261
USDCHF,2012,4,10,-0.45421482577665484,0.4382699710758268,-0.8924847968524816,4.678354883399038,51.06118715578153,261
USDCHF,2012,8,25,1.811674580720687,-8.810133208839364,10.621807789560052,5.0389977113999125,51.10388913537781,261
USDCHF,2012,16,25,1.811674580720687,-8.810133208839364,10.621807789560052,5.372091619297671,51.10388913537781,261
USDCHF,2012,32,25,1.811674580720687,-8.810133208839364,10.621807789560052,5.6857047757303585,51.10388913537781,261
USDCHF,2012,60,25,1.811674580720687,-8.810133208839364,10.621807789560052,5.9558557636241085,51.10388913537781,261
USDCHF,2013,1,5,3.4929115355294225,0.6342685815495793,2.8586429539798432,4.300599128664543,56.76919227182342,261
USDCHF,2013,2,5,3.4929115355294225,0.6342685815495793,2.8586429539798432,4.772266577591756,56.76919227182342,261
USDCHF,2013,4,5,3.4929115355294225,0.6342685815495793,2.8586429539798432,5.201336723355683,56.76919227182342,261
USDCHF,2013,8,5,3.4929115355294225,0.6342685815495793,2.8586429539798432,5.597613699770425,56.76919227182342,261
USDCHF,2013,16,5,3.4929115355294225,0.6342685815495793,2.8586429539798432,5.967633915882126,56.76919227182342,261
USDCHF,2013,32,5,3.4929115355294225,0.6342685815495793,2.8586429539798432,6.316013772635058,56.76919227182342,261
USDCHF,2013,60,5,3.4929115355294225,0.6342685815495793,2.8586429539798432,6.616113307790523,56.76919227182342,261
USDCHF,2014,1,5,0.6342685815495793,-4.038000060909034,4.672268642458613,3.224574573479469,42.56534693888875,261
USDCHF,2014,2,5,0.6342685815495793,-4.038000060909034,4.672268642458613,3.578229219598719,42.56534693888875,261
USDCHF,2014,4,20,1.1514377930609219,-8.666791816707034,9.818229609767956,3.910318914328158,42.67857631574893,261
USDCHF,2014,8,40,2.789877683310334,-10.431637608380084,13.221515291690418,4.201694783396039,42.612232965613536,261
USDCHF,2014,16,50,5.054528407299051,-9.24755606051385,14.3020844678129,4.4580727371962965,42.40896676086751,261
USDCHF,2014,32,50,5.054528407299051,-9.24755606051385,14.3020844678129,4.718327096540492,42.40896676086751,261
USDCHF,2014,60,50,5.054528407299051,-9.24755606051385,14.3020844678129,4.942514031426243,42.40896676086751,261
USDCHF,2015,1,5,-4.038000060909034,-0.16426268479946854,-3.873737376109565,9.33159892909373,123.17989144311733,261
USDCHF,2015,2,5,-4.038000060909034,-0.16426268479946854,-3.873737376109565,10.355040391461396,123.17989144311733,261
USDCHF,2015,4,5,-4.038000060909034,-0.16426268479946854,-3.873737376109565,11.286052651132312,123.17989144311733,261
USDCHF,2015,8,5,-4.038000060909034,-0.16426268479946854,-3.873737376109565,12.145909079993329,123.17989144311733,261
USDCHF,2015,16,5,-4.038000060909034,-0.16426268479946854,-3.873737376109565,12.948792619962608,123.17989144311733,261
USDCHF,2015,32,5,-4.038000060909034,-0.16426268479946854,-3.873737376109565,13.704720108420013,123.17989144311733,261
USDCHF,2015,60,230,-1.1840272114000892,-4.57902188355401,3.3949946721539215,14.354053407868129,123.16415694268336,261
USDCHF,2016,1,5,-0.16426268479946854,-0.9574631230140496,0.793200438214581,3.7150051135685165,48.94514152594097,260
USDCHF,2016,2,5,-0.16426268479946854,-0.9574631230140496,0.793200438214581,4.122447642445309,48.94514152594097,260
USDCHF,2016,4,5,-0.16426268479946854,-0.9574631230140496,0.793200438214581,4.4930931590125684,48.94514152594097,260
USDCHF,2016,8,5,-0.16426268479946854,-0.9574631230140496,0.793200438214581,4.835410810513229,48.94514152594097,260
USDCHF,2016,16,5,-0.16426268479946854,-0.9574631230140496,0.793200438214581,5.155046971395205,48.94514152594097,260
USDCHF,2016,32,130,0.3375924946687209,-2.1008785782443997,2.4384710729131207,5.453105273406256,48.91926788803093,260
USDCHF,2016,60,260,0.5359487492058382,-1.3473311986517191,1.8832799478575573,5.707138309514291,48.875880978015374,260
USDCHF,2017,1,5,-0.9574631230140496,-0.9740405011353177,0.016577378121268138,3.3398773925540444,44.002838935751434,260
USDCHF,2017,2,5,-0.9574631230140496,-0.9740405011353177,0.016577378121268138,3.7061778549653863,44.002838935751434,260
USDCHF,2017,4,15,-0.2683547749404818,1.2677407946122319,-1.5360955695527136,4.031844273326571,43.92056464991973,260
USDCHF,2017,8,15,-0.2683547749404818,1.2677407946122319,-1.5360955695527136,4.33902051339475,43.92056464991973,260
USDCHF,2017,16,45,0.2445679591682174,1.312828368802007,-1.0682604096337895,4.627346894841311,43.93483704695194,260
USDCHF,2017,32,85,0.5215545000176611,-3.4031117787044947,3.924666278722156,4.897172353741265,43.932048668644924,260
USDCHF,2017,60,85,0.5215545000176611,-3.4031117787044947,3.924666278722156,5.129856955111412,43.932048668644924,260
USDCHF,2018,1,5,-0.9740405011353177,-2.346373496633803,1.372332995498485,3.061965046403278,40.4188526408524,261
USDCHF,2018,2,10,1.1550796030120962,0.413216257457418,0.7418633455546781,3.3962374315470525,40.40043711253709,261
USDCHF,2018,4,20,3.1623398743431306,0.433008520993045,2.7293313533500854,3.6916440735505858,40.29188329021003,261
USDCHF,2018,8,20,3.1623398743431306,0.433008520993045,2.7293313533500854,3.972901302081296,40.29188329021003,261
USDCHF,2018,16,20,3.1623398743431306,0.433008520993045,2.7293313533500854,4.2355228185405105,40.29188329021003,261
USDCHF,2018,32,20,3.1623398743431306,0.433008520993045,2.7293313533500854,4.482785109357289,40.29188329021003,261
USDCHF,2018,60,20,3.1623398743431306,0.433008520993045,2.7293313533500854,4.6957804852300535,40.29188329021003,261
USDCHF,2019,1,5,-2.346373496633803,-2.057092188107758,-0.2892813085260446,2.623900116073545,34.63626479357403,261
USDCHF,2019,2,10,0.413216257457418,-1.6671272947325981,2.080343552190016,2.9138069283029266,34.66161478332035,261
USDCHF,2019,4,20,0.433008520993045,-1.4016329965433418,1.8346415175363868,3.1820493708004034,34.72999003088191,261
USDCHF,2019,8,20,0.433008520993045,-1.4016329965433418,1.8346415175363868,3.4244818397080667,34.72999003088191,261
USDCHF,2019,16,20,0.433008520993045,-1.4016329965433418,1.8346415175363868,3.650851071020214,34.72999003088191,261
USDCHF,2019,32,20,0.433008520993045,-1.4016329965433418,1.8346415175363868,3.863981264841814,34.72999003088191,261
USDCHF,2019,60,260,0.48546622664752925,3.2914622744065936,-2.805996047759064,4.044034571919821,34.699613728938,261
USDCHF,2020,1,5,-2.057092188107758,-0.7562740142967095,-1.3008181738110487,3.4274114596989644,45.32944366011432,262
USDCHF,2020,2,10,-1.6671272947325981,-0.915473057603265,-0.7516542371293331,3.8032913097878094,45.32919461705188,262
USDCHF,2020,4,15,-0.9838685311116185,0.49321444249112595,-1.4770829736027444,4.146084817505821,45.33841353034597,262
USDCHF,2020,8,40,-0.7812869668970746,-3.9511441846477937,3.169857217750719,4.4571051061188385,45.28903414268687,262
USDCHF,2020,16,80,1.8664513672630259,-3.8036559732407063,5.670107340503732,4.753493066307648,45.305799452912865,262
USDCHF,2020,32,120,3.4876949165187354,-2.5071459217231857,5.994840838241921,5.021202850264246,45.21763098588191,262
USDCHF,2020,60,290,3.51397782234029,-3.0687287962189846,6.582706618559275,5.25988290330228,45.218510081540515,262
USDCHF,2021,1,5,-0.7562740142967095,1.1203760494746131,-1.8766500637713226,3.079749109079131,40.575652361208675,260
USDCHF,2021,2,5,-0.7562740142967095,1.1203760494746131,-1.8766500637713226,3.4175200480009105,40.575652361208675,260
USDCHF,2021,4,20,2.784952194638506,-4.952343348953757,7.737295543592263,3.702648861402132,40.33450145111593,260
USDCHF,2021,8,20,2.784952194638506,-4.952343348953757,7.737295543592263,3.984744517492495,40.33450145111593,260
USDCHF,2021,16,20,2.784952194638506,-4.952343348953757,7.737295543592263,4.248148908469487,40.33450145111593,260
USDCHF,2021,32,20,2.784952194638506,-4.952343348953757,7.737295543592263,4.496148287965432,40.33450145111593,260
USDCHF,2021,60,20,2.784952194638506,-4.952343348953757,7.737295543592263,4.709778602872984,40.33450145111593,260
USDCHF,2022,1,5,1.1203760494746131,1.7135259434389591,-0.593149893964346,4.456571407110947,58.715267293934026,260
USDCHF,2022,2,5,1.1203760494746131,1.7135259434389591,-0.593149893964346,4.945345088094953,58.715267293934026,260
USDCHF,2022,4,5,1.1203760494746131,1.7135259434389591,-0.593149893964346,5.389976565256189,58.715267293934026,260
USDCHF,2022,8,25,1.1577760454828658,1.2216072249658223,-0.06383117948295647,5.79551552603685,58.663542510373375,260
USDCHF,2022,16,25,1.1577760454828658,1.2216072249658223,-0.06383117948295647,6.178617687500909,58.663542510373375,260
USDCHF,2022,32,130,4.155466011343394,0.6028047142723382,3.5526612970710563,6.528492740927104,58.56646246240281,260
USDCHF,2022,60,130,4.155466011343394,0.6028047142723382,3.5526612970710563,6.838688017148085,58.56646246240281,260
USDCHF,2023,1,5,1.7135259434389591,-3.445542934389931,5.15906887782889,3.709208664678274,48.86877339114498,260
USDCHF,2023,2,10,3.7739390898408742,-0.850163276057353,4.624102365898227,4.107630489853256,48.76921991491493,260
USDCHF,2023,4,10,3.7739390898408742,-0.850163276057353,4.624102365898227,4.476943809712911,48.76921991491493,260
USDCHF,2023,8,10,3.7739390898408742,-0.850163276057353,4.624102365898227,4.818031082245259,48.76921991491493,260
USDCHF,2023,16,10,3.7739390898408742,-0.850163276057353,4.624102365898227,5.136518387355006,48.76921991491493,260
USDCHF,2023,32,10,3.7739390898408742,-0.850163276057353,4.624102365898227,5.436379197387792,48.76921991491493,260
USDCHF,2023,60,10,3.7739390898408742,-0.850163276057353,4.624102365898227,5.694683711721407,48.76921991491493,260
USDCHF,2024,1,5,-3.445542934389931,-4.626994202832594,1.1814512684426632,3.4101468668529593,45.101109712489446,262
USDCHF,2024,2,10,-0.850163276057353,-3.3934275343084113,2.5432642582510585,3.7966434518216645,45.24996270369347,262
USDCHF,2024,4,15,1.2838308303835018,2.2149966133824353,-0.9311657829989335,4.135641183184944,45.22420993045809,262
USDCHF,2024,8,30,4.391384344159285,3.0244732739166125,1.366911070242672,4.427478533947823,44.98799595609758,262
USDCHF,2024,16,30,4.391384344159285,3.0244732739166125,1.366911070242672,4.72014906318218,44.98799595609758,262
USDCHF,2024,32,30,4.391384344159285,3.0244732739166125,1.366911070242672,4.995702972430451,44.98799595609758,262
USDCHF,2024,60,30,4.391384344159285,3.0244732739166125,1.366911070242672,5.23306916474255,44.98799595609758,262
USDCHF,2025,1,5,-4.626994202832594,-0.7963733797479873,-3.830620823084607,4.252353527503102,56.13233593467998,261
USDCHF,2025,2,10,-3.3934275343084113,2.1336402880916223,-5.527067822400033,4.7251818961632015,56.20908958484737,261
USDCHF,2025,4,20,2.2450623805609267,-1.8458041264922602,4.090866507053187,5.148065462931471,56.18777126671814,261
USDCHF,2025,8,30,3.0244732739166125,3.540311322431455,-0.5158380485148424,5.5352681295481,56.136903612212485,261
USDCHF,2025,16,30,3.0244732739166125,3.540311322431455,-0.5158380485148424,5.901167103536891,56.136903612212485,261
USDCHF,2025,32,85,3.1467165268339308,-0.31230992980254724,3.459026456636478,6.251639131644647,56.19058422830587,261
USDCHF,2025,60,205,5.18089920703491,-1.3365036349267931,6.517402841961704,6.529229589577973,56.02369135987692,261
USDCAD,2008,1,5,6.322325135967778,-2.240398860138493,8.562723996106271,7.322737915719938,96.8473262377329,262
USDCAD,2008,2,5,6.322325135967778,-2.240398860138493,8.562723996106271,8.125857901688669,96.8473262377329,262
USDCAD,2008,4,5,6.322325135967778,-2.240398860138493,8.562723996106271,8.856446392010168,96.8473262377329,262
USDCAD,2008,8,5,6.322325135967778,-2.240398860138493,8.562723996106271,9.531197131035729,96.8473262377329,262
USDCAD,2008,16,80,9.869129131328892,-2.2117661043602106,12.080895235689102,11.12157761708472,106.00035765089176,262
USDCAD,2008,32,145,17.54012634381361,2.0815737485847663,15.458552595228845,14.067227451729606,126.68014395660245,262
USDCAD,2009,1,5,-2.240398860138493,-2.7865928492224152,0.546193989083922,6.660277024128899,87.91764488028242,261
USDCAD,2009,2,5,-2.240398860138493,-2.7865928492224152,0.546193989083922,7.390741728960597,87.91764488028242,261
USDCAD,2009,4,15,1.3649398512488007,-5.769228963054919,7.13416881430372,8.051599443156487,87.87794776519803,261
USDCAD,2009,8,15,1.3649398512488007,-5.769228963054919,7.13416881430372,8.665030884406878,87.87794776519803,261
USDCAD,2009,16,70,5.303991432426885,-1.3026920679024718,6.606683500329357,9.225275578967288,87.75864111053416,261
USDCAD,2009,32,120,6.213042060027474,-1.9834536544339605,8.196495714461435,9.7565478945566,87.69318169239219,261
USDCAD,2009,60,120,6.213042060027474,-1.9834536544339605,8.196495714461435,10.220121216794137,87.69318169239219,261
USDCAD,2010,1,5,-2.7865928492224152,-2.7579431232503833,-0.02864972597203197,5.179316108110817,68.36851870664782,261
USDCAD,2010,2,5,-2.7865928492224152,-2.7579431232503833,-0.02864972597203197,5.747356686368303,68.36851870664782,261
USDCAD,2010,4,5,-2.7865928492224152,-2.7579431232503833,-0.02864972597203197,6.264096296589693,68.36851870664782,261
USDCAD,2010,8,5,-2.7865928492224152,-2.7579431232503833,-0.02864972597203197,6.7413422955339515,68.36851870664782,261
USDCAD,2010,16,70,-1.3026920679024718,-1.9977293714811022,0.6950373035786304,7.200701660427223,68.49917786761661,261
USDCAD,2010,32,155,-1.249601093377413,-0.8553272513366588,-0.39427384204075433,7.619803979024441,68.48783627309511,261
USDCAD,2010,60,255,1.7846956825435227,-4.006229129884574,5.790924812428097,7.979485459031245,68.46753118943202,261
USDCAD,2011,1,5,-2.7579431232503833,-2.456615286035901,-0.3013278372144823,4.669977916376806,61.52689513272889,260
USDCAD,2011,2,5,-2.7579431232503833,-2.456615286035901,-0.3013278372144823,5.182156918526179,61.52689513272889,260
USDCAD,2011,4,5,-2.7579431232503833,-2.456615286035901,-0.3013278372144823,5.648079931889281,61.52689513272889,260
USDCAD,2011,8,40,1.1633529156513625,-2.188982567553262,3.3523354832046244,6.085380799828618,61.59762555009092,260
USDCAD,2011,16,75,3.116828820185725,-0.6741606934054248,3.7909895135911498,6.47812077323789,61.507206399411636,260
USDCAD,2011,32,75,3.116828820185725,-0.6741606934054248,3.7909895135911498,6.856301945008915,61.507206399411636,260
USDCAD,2011,60,75,3.116828820185725,-0.6741606934054248,3.7909895135911498,7.182072771459197,61.507206399411636,260
USDCAD,2012,1,5,-2.456615286035901,2.5389977882935053,-4.995613074329406,2.931341914575209,38.69458830836204,261
USDCAD,2012,2,5,-2.456615286035901,2.5389977882935053,-4.995613074329406,3.252836320683793,38.69458830836204,261
USDCAD,2012,4,20,-1.5399414128482074,-4.093045695352843,2.5531042825046355,3.558325783439536,38.83680125126406,261
USDCAD,2012,8,30,0.4801377139162418,0.4897555481347257,-0.00961783421848389,3.820461486560038,38.74588786048566,261
USDCAD,2012,16,45,0.5149755104402989,-0.29407954631428823,0.8090550567545871,4.069106464989399,38.70878987243587,261
USDCAD,2012,32,45,0.5149755104402989,-0.29407954631428823,0.8090550567545871,4.306653664996537,38.70878987243587,261
USDCAD,2012,60,210,1.1171386439204096,1.762472440550397,-0.6453337966299875,4.513275434779747,38.72590885513006,261
USDCAD,2013,1,5,2.5389977882935053,1.0959712244286015,1.4430265638649038,2.8201674680103412,37.22705242698024,261
USDCAD,2013,2,5,2.5389977882935053,1.0959712244286015,1.4430265638649038,3.1294688363517826,37.22705242698024,261
USDCAD,2013,4,5,2.5389977882935053,1.0959712244286015,1.4430265638649038,3.4108365319625187,37.22705242698024,261
USDCAD,2013,8,5,2.5389977882935053,1.0959712244286015,1.4430265638649038,3.6706997286407432,37.22705242698024,261
USDCAD,2013,16,5,2.5389977882935053,1.0959712244286015,1.4430265638649038,3.9133447519885527,37.22705242698024,261
USDCAD,2013,32,5,2.5389977882935053,1.0959712244286015,1.4430265638649038,4.141798860155991,37.22705242698024,261
USDCAD,2013,60,5,2.5389977882935053,1.0959712244286015,1.4430265638649038,4.3385925907247085,37.22705242698024,261
USDCAD,2014,1,5,1.0959712244286015,-3.755059840636175,4.8510310650647765,2.874794128252684,37.94814064880391,261
USDCAD,2014,2,5,1.0959712244286015,-3.755059840636175,4.8510310650647765,3.1900866658961387,37.94814064880391,261
USDCAD,2014,4,5,1.0959712244286015,-3.755059840636175,4.8510310650647765,3.4769044554057817,37.94814064880391,261
USDCAD,2014,8,40,4.926407668910971,2.9240906461575538,2.0023170227534175,3.7203271323778058,37.73035754516234,261
USDCAD,2014,16,40,4.926407668910971,2.9240906461575538,2.0023170227534175,3.9662526862589393,37.73035754516234,261
USDCAD,2014,32,40,4.926407668910971,2.9240906461575538,2.0023170227534175,4.197795465551655,37.73035754516234,261
USDCAD,2014,60,40,4.926407668910971,2.9240906461575538,2.0023170227534175,4.397249822878713,37.73035754516234,261
USDCAD,2015,1,5,-3.755059840636175,-1.4039683447724896,-2.3510914958636855,4.208470965576356,55.55307301784699,261
USDCAD,2015,2,10,4.982855243778134,3.707624320948049,1.2752309228300853,4.6523316590301125,55.34248897660069,261
USDCAD,2015,4,15,5.2277345623227465,0.6444219842115406,4.583312578111206,5.069565217433244,55.33099237177301,261
USDCAD,2015,8,35,5.658324920064657,-3.6158990904627304,9.274224010527387,5.449868129675274,55.27080436477907,261
USDCAD,2015,16,45,6.741420216918735,-3.684143177636146,10.425563394554882,5.798369392251757,55.159004646004455,261
USDCAD,2015,32,120,6.84743620613881,-4.077337585844962,10.924773791983771,6.1386642900242485,55.175150960314205,261
USDCAD,2015,60,120,6.84743620613881,-4.077337585844962,10.924773791983771,6.430337229037356,55.175150960314205,261
USDCAD,2016,1,5,-1.4039683447724896,1.7391850753077307,-3.1431534200802203,4.324788428972974,56.97902836061066,260
USDCAD,2016,2,10,3.707624320948049,-1.6090140117214515,5.3166383326695,4.795692217840929,56.93846342651083,260
USDCAD,2016,4,10,3.707624320948049,-1.6090140117214515,5.3166383326695,5.226868541604954,56.93846342651083,260
USDCAD,2016,8,10,3.707624320948049,-1.6090140117214515,5.3166383326695,5.625090724084275,56.93846342651083,260
USDCAD,2016,16,10,3.707624320948049,-1.6090140117214515,5.3166383326695,5.996927259617078,56.93846342651083,260
USDCAD,2016,32,10,3.707624320948049,-1.6090140117214515,5.3166383326695,6.347017209689749,56.93846342651083,260
USDCAD,2016,60,10,3.707624320948049,-1.6090140117214515,5.3166383326695,6.648589844395543,56.93846342651083,260
USDCAD,2017,1,5,1.7391850753077307,-2.1359987238623095,3.87518379917004,3.407364506325858,44.89198073603439,260
USDCAD,2017,2,5,1.7391850753077307,-2.1359987238623095,3.87518379917004,3.7810666060058415,44.89198073603439,260
USDCAD,2017,4,15,3.5072167738286524,-4.101072047211816,7.608288821040468,4.107590356752162,44.745698392331626,260
USDCAD,2017,8,35,4.090087258808365,0.9645039542883491,3.125583304520016,4.417423539925253,44.71417813592471,260
USDCAD,2017,16,35,4.090087258808365,0.9645039542883491,3.125583304520016,4.70942940181013,44.71417813592471,260
USDCAD,2017,32,35,4.090087258808365,0.9645039542883491,3.125583304520016,4.984357516288503,44.71417813592471,260
USDCAD,2017,60,35,4.090087258808365,0.9645039542883491,3.125583304520016,5.22118463977699,44.71417813592471,260
USDCAD,2018,1,5,-2.1359987238623095,-3.9357596085564284,1.7997608846941189,3.2338871974741146,42.68827635553294,261
USDCAD,2018,2,5,-2.1359987238623095,-3.9357596085564284,1.7997608846941189,3.5885632039831528,42.68827635553294,261
USDCAD,2018,4,20,2.570822684195672,-0.5835509603029599,3.154373644498632,3.906526660896718,42.63718634704604,261
USDCAD,2018,8,20,2.570822684195672,-0.5835509603029599,3.154373644498632,4.2041552621200164,42.63718634704604,261
USDCAD,2018,16,20,2.570822684195672,-0.5835509603029599,3.154373644498632,4.482063406928329,42.63718634704604,261
USDCAD,2018,32,130,3.0961132672359186,-0.35309244052118677,3.4492057077571054,4.745833534095419,42.65619836904322,261
USDCAD,2018,60,130,3.0961132672359186,-0.35309244052118677,3.4492057077571054,4.971327411844369,42.65619836904322,261
USDCAD,2019,1,5,-3.9357596085564284,1.1762111884506163,-5.111970797007045,2.455837656756786,32.417790162205335,261
USDCAD,2019,2,10,-2.5583804678201156,0.7292001163006187,-3.287580584120734,2.738851369589945,32.580405448067,261
USDCAD,2019,4,20,-0.5835509603029599,1.1626857659274836,-1.7462367262304435,2.987745557992697,32.60929085389944,261
USDCAD,2019,8,20,-0.5835509603029599,1.1626857659274836,-1.7462367262304435,3.2153745001262624,32.60929085389944,261
USDCAD,2019,16,20,-0.5835509603029599,1.1626857659274836,-1.7462367262304435,3.427921065721807,32.60929085389944,261
USDCAD,2019,32,130,-0.35309244052118677,-0.33326441088099784,-0.019828029640188927,3.6273199659536015,32.602846034126614,261
USDCAD,2019,60,130,-0.35309244052118677,-0.33326441088099784,-0.019828029640188927,3.79966870913702,32.602846034126614,261
USDCAD,2020,1,5,1.1762111884506163,-1.5655197093281996,2.741730897778816,3.892562899203723,51.48133298486553,262
USDCAD,2020,2,5,1.1762111884506163,-1.5655197093281996,2.741730897778816,4.319479046821104,51.48133298486553,262
USDCAD,2020,4,5,1.1762111884506163,-1.5655197093281996,2.741730897778816,4.707839477679313,51.48133298486553,262
USDCAD,2020,8,35,2.6088532747970343,-0.6351932496321443,3.2440465244291787,5.06165595676452,51.43192812073,262
USDCAD,2020,16,50,4.389408833775204,-3.0246194882524793,7.414028322027683,5.379853013215567,51.27566997635726,262
USDCAD,2020,32,50,4.389408833775204,-3.0246194882524793,7.414028322027683,5.693919266024378,51.27566997635726,262
USDCAD,2020,60,50,4.389408833775204,-3.0246194882524793,7.414028322027683,5.964460557804014,51.27566997635726,262
USDCAD,2021,1,5,-1.5655197093281996,-1.9384377689185188,0.3729180595903192,3.2865822111174112,43.30067564974696,260
USDCAD,2021,2,5,-1.5655197093281996,-1.9384377689185188,0.3729180595903192,3.6470375339293004,43.30067564974696,260
USDCAD,2021,4,15,2.320416874485012,-5.040774215801494,7.361191090286506,3.964005984225159,43.18157381589127,260
USDCAD,2021,8,15,2.320416874485012,-5.040774215801494,7.361191090286506,4.266013792884246,43.18157381589127,260
USDCAD,2021,16,15,2.320416874485012,-5.040774215801494,7.361191090286506,4.54801098494544,43.18157381589127,260
USDCAD,2021,32,15,2.320416874485012,-5.040774215801494,7.361191090286506,4.813515779270922,43.18157381589127,260
USDCAD,2021,60,15,2.320416874485012,-5.040774215801494,7.361191090286506,5.042225516111796,43.18157381589127,260
USDCAD,2022,1,5,-1.9384377689185188,0.2824006091974895,-2.2208383781160084,3.907590980474032,51.4824576865995,260
USDCAD,2022,2,10,-0.10307535332536438,0.0021093851141944404,-0.10518473843955882,4.337364004695235,51.496808079145126,260
USDCAD,2022,4,10,-0.10307535332536438,0.0021093851141944404,-0.10518473843955882,4.7273324558426,51.496808079145126,260
USDCAD,2022,8,10,-0.10307535332536438,0.0021093851141944404,-0.10518473843955882,5.087496219841325,51.496808079145126,260
USDCAD,2022,16,55,1.2029788470163458,-3.1976426437214736,4.400621490737819,5.423175900953849,51.49092015361757,260
USDCAD,2022,32,125,3.114038749729934,-0.46790366813893025,3.581942417868864,5.732616806962933,51.42673820123696,260
USDCAD,2022,60,125,3.114038749729934,-0.46790366813893025,3.581942417868864,6.004996776501259,51.42673820123696,260
USDCAD,2023,1,5,0.2824006091974895,-0.35692698806239276,0.6393275972598822,2.8150129155694357,37.08775663502371,260
USDCAD,2023,2,5,0.2824006091974895,-0.35692698806239276,0.6393275972598822,3.1237489592834415,37.08775663502371,260
USDCAD,2023,4,5,0.2824006091974895,-0.35692698806239276,0.6393275972598822,3.4046023859514096,37.08775663502371,260
USDCAD,2023,8,5,0.2824006091974895,-0.35692698806239276,0.6393275972598822,3.663990618468841,37.08775663502371,260
USDCAD,2023,16,70,1.2912927358708444,-1.0015281563022307,2.292820892173075,3.907680955804481,37.10189227787189,260
USDCAD,2023,32,70,1.2912927358708444,-1.0015281563022307,2.292820892173075,4.135804421621685,37.10189227787189,260
USDCAD,2023,60,295,1.745386294735205,-0.047558216966661716,1.7929445117018667,4.329403789309735,37.07697498049245,260
USDCAD,2024,1,5,-0.35692698806239276,-0.1899424192101616,-0.16698456885223115,2.3160978954291274,30.631696922488906,262
USDCAD,2024,2,10,-0.2466199276434762,-1.6947238080727316,1.4481038804292554,2.563649832333335,30.554636159672334,262
USDCAD,2024,4,10,-0.2466199276434762,-1.6947238080727316,1.4481038804292554,2.7941452561246063,30.554636159672334,262
USDCAD,2024,8,30,1.5340389278703863,2.0601417032256992,-0.5261027753553129,3.002556743132038,30.50924122663844,262
USDCAD,2024,16,30,1.5340389278703863,2.0601417032256992,-0.5261027753553129,3.2010353725213667,30.50924122663844,262
USDCAD,2024,32,30,1.5340389278703863,2.0601417032256992,-0.5261027753553129,3.387906125697455,30.50924122663844,262
USDCAD,2024,60,200,2.936201745033622,-2.829030914860721,5.765232659894343,3.5395340747902777,30.428901210780868,262
USDCAD,2025,1,5,-0.1899424192101616,5.03168981611951,-5.221632235329672,2.544965408745639,33.594303094016716,261
USDCAD,2025,2,5,-0.1899424192101616,5.03168981611951,-5.221632235329672,2.824084039903388,33.594303094016716,261
USDCAD,2025,4,5,-0.1899424192101616,5.03168981611951,-5.221632235329672,3.0779948663313634,33.594303094016716,261
USDCAD,2025,8,30,2.0601417032256992,-0.14079921689148572,2.200940920117185,3.3054537755909816,33.52284580478376,261
USDCAD,2025,16,30,2.0601417032256992,-0.14079921689148572,2.200940920117185,3.523954870163045,33.52284580478376,261
USDCAD,2025,32,30,2.0601417032256992,-0.14079921689148572,2.200940920117185,3.7296770894171267,33.52284580478376,261
USDCAD,2025,60,30,2.0601417032256992,-0.14079921689148572,2.200940920117185,3.90688923636707,33.52284580478376,261
EURJPY,2008,1,5,-8.546823126932614,-0.4433945546825213,-8.103428572250092,10.637430869193556,140.68600427560622,262
EURJPY,2008,2,10,2.182870254147458,1.5991370834141134,0.5837331707333446,11.880146082736848,141.59248135358575,262
EURJPY,2008,4,20,13.797976311530988,-3.8887913914499306,17.68676770298092,12.87777451388759,140.8214959317739,262
EURJPY,2008,8,40,14.132529857109247,-11.038418495472232,25.17094835258148,14.3985040030762,146.3044563395461,262
EURJPY,2008,16,40,14.132529857109247,-11.038418495472232,25.17094835258148,15.350291291134674,146.3044563395461,262
EURJPY,2008,32,40,14.132529857109247,-11.038418495472232,25.17094835258148,16.246414001827258,146.3044563395461,262
EURJPY,2009,1,5,-0.4433945546825213,0.19143608569880058,-0.6348306403813219,8.108461490685796,107.03411213691925,261
EURJPY,2009,2,10,1.5991370834141134,0.4957565963320771,1.1033804870820363,8.993002034688033,106.97756575571103,261
EURJPY,2009,4,10,1.5991370834141134,0.4957565963320771,1.1033804870820363,9.8015546650036,106.97756575571103,261
EURJPY,2009,8,10,1.5991370834141134,0.4957565963320771,1.1033804870820363,10.548310865072406,106.97756575571103,261
EURJPY,2009,16,65,6.177711343113573,3.131532576556113,3.0461787665574596,11.233359466087093,106.86123719680964,261
EURJPY,2009,32,65,6.177711343113573,3.131532576556113,3.0461787665574596,11.889143017292266,106.86123719680964,261
EURJPY,2009,60,65,6.177711343113573,3.131532576556113,3.0461787665574596,12.454044618416816,106.86123719680964,261
EURJPY,2010,1,5,0.19143608569880058,-0.5703829764745902,0.7618190621733908,6.9892969813015515,92.2608065308317,261
EURJPY,2010,2,10,0.4957565963320771,-8.953172843092402,9.448929439424479,7.758384955982059,92.29099844360057,261
EURJPY,2010,4,15,3.0381568754966,-2.4413541191803034,5.479510994676904,8.45064985497564,92.23332230824369,261
EURJPY,2010,8,15,3.0381568754966,-2.4413541191803034,5.479510994676904,9.094483959818774,92.23332230824369,261
EURJPY,2010,16,55,4.308842323402106,3.040620464058139,1.2682218593439671,9.687490262488925,92.15561897639594,261
EURJPY,2010,32,155,7.45177537860407,-2.4445000586715113,9.896275437275582,10.236320719376973,92.00544520534216,261
EURJPY,2010,60,155,7.45177537860407,-2.4445000586715113,9.896275437275582,10.722690002309312,92.00544520534216,261
EURJPY,2011,1,5,-0.5703829764745902,6.702817117200536,-7.273200093675126,6.286049019634394,82.81860979983102,260
EURJPY,2011,2,5,-0.5703829764745902,6.702817117200536,-7.273200093675126,6.975470334250866,82.81860979983102,260
EURJPY,2011,4,20,1.989861228209705,4.7901750749627015,-2.8003138467529967,7.598520624572265,82.7738607225327,260
EURJPY,2011,8,25,2.863061705118839,7.8580497891156,-4.994988083996761,8.169056268960336,82.68906839276401,260
EURJPY,2011,16,60,3.9269789665797363,4.157525569652109,-0.23054660307237285,8.706043384017372,82.66045448784419,260
EURJPY,2011,32,60,3.9269789665797363,4.157525569652109,-0.23054660307237285,9.214286716259451,82.66045448784419,260
EURJPY,2011,60,60,3.9269789665797363,4.157525569652109,-0.23054660307237285,9.652095001656047,82.66045448784419,260
EURJPY,2012,1,5,6.702817117200536,-2.0811124634722313,8.783929580672767,5.433786875351838,71.72760879639303,261
EURJPY,2012,2,10,7.268906200724686,1.003588890581744,6.265317310142942,6.028987371387695,71.71869754673668,261
EURJPY,2012,4,15,10.362406417054103,0.19559846051664165,10.166807956537461,6.529590099749709,71.26621011949003,261
EURJPY,2012,8,15,10.362406417054103,0.19559846051664165,10.166807956537461,7.027063414703077,71.26621011949003,261
EURJPY,2012,16,15,10.362406417054103,0.19559846051664165,10.166807956537461,7.491574840964183,71.26621011949003,261
EURJPY,2012,32,15,10.362406417054103,0.19559846051664165,10.166807956537461,7.9289196591513385,71.26621011949003,261
EURJPY,2012,60,15,10.362406417054103,0.19559846051664165,10.166807956537461,8.305654921241121,71.26621011949003,261
EURJPY,2013,1,5,-2.0811124634722313,1.662496205754521,-3.7436086692267523,6.349958593338081,83.821348960573,261
EURJPY,2013,2,10,1.003588890581744,-1.1624195500562635,2.1660084406380076,7.047045192269365,83.82915266021234,261
EURJPY,2013,4,10,1.003588890581744,-1.1624195500562635,2.1660084406380076,7.680638613485547,83.82915266021234,261
EURJPY,2013,8,30,3.4790058380221622,-3.8752370332753894,7.354242871297552,8.256009767889623,83.72978755761594,261
EURJPY,2013,16,60,8.024510033130419,-2.0235878321862626,10.04809786531668,8.770889665837343,83.43613714469413,261
EURJPY,2013,32,110,9.303759254230526,-0.8100988551966942,10.11385810942722,9.26726530687358,83.29544313523823,261
EURJPY,2013,60,110,9.303759254230526,-0.8100988551966942,10.11385810942722,9.70759082085593,83.29544313523823,261
EURJPY,2014,1,5,1.662496205754521,4.541017780539023,-2.878521574784502,3.543055363102064,46.76938843172642,261
EURJPY,2014,2,5,1.662496205754521,4.541017780539023,-2.878521574784502,3.9316393335036874,46.76938843172642,261
EURJPY,2014,4,5,1.662496205754521,4.541017780539023,-2.878521574784502,4.285129448628167,46.76938843172642,261
EURJPY,2014,8,5,1.662496205754521,4.541017780539023,-2.878521574784502,4.611602859554079,46.76938843172642,261
EURJPY,2014,16,5,1.662496205754521,4.541017780539023,-2.878521574784502,4.916444597165148,46.76938843172642,261
EURJPY,2014,32,5,1.662496205754521,4.541017780539023,-2.878521574784502,5.203457890647468,46.76938843172642,261
EURJPY,2014,60,5,1.662496205754521,4.541017780539023,-2.878521574784502,5.450695365168182,46.76938843172642,261
EURJPY,2015,1,5,4.541017780539023,1.932711209339582,2.608306571199441,4.899819482848733,64.67907982054636,261
EURJPY,2015,2,10,4.824725972134166,5.630125396653537,-0.8053994245193712,5.430461341230625,64.59884396495622,261
EURJPY,2015,4,10,4.824725972134166,5.630125396653537,-0.8053994245193712,5.918709179309909,64.59884396495622,261
EURJPY,2015,8,10,4.824725972134166,5.630125396653537,-0.8053994245193712,6.369640988304948,64.59884396495622,261
EURJPY,2015,16,10,4.824725972134166,5.630125396653537,-0.8053994245193712,6.790694683943719,64.59884396495622,261
EURJPY,2015,32,10,4.824725972134166,5.630125396653537,-0.8053994245193712,7.187123364823267,64.59884396495622,261
EURJPY,2015,60,10,4.824725972134166,5.630125396653537,-0.8053994245193712,7.528612864139005,64.59884396495622,261
EURJPY,2016,1,5,1.932711209339582,-1.8077057756933894,3.7404169850329714,5.397615776938848,71.11351398683648,260
EURJPY,2016,2,10,5.630125396653537,-1.8554440149010099,7.485569411554547,5.968418742088351,70.86205219681415,260
EURJPY,2016,4,10,5.630125396653537,-1.8554440149010099,7.485569411554547,6.505033840597853,70.86205219681415,260
EURJPY,2016,8,10,5.630125396653537,-1.8554440149010099,7.485569411554547,7.00063627492066,70.86205219681415,260
EURJPY,2016,16,60,9.06020408963934,2.0813792051521425,6.978824884487198,7.429855053095161,70.54354870263144,260
EURJPY,2016,32,60,9.06020408963934,2.0813792051521425,6.978824884487198,7.863596779812612,70.54354870263144,260
EURJPY,2016,60,60,9.06020408963934,2.0813792051521425,6.978824884487198,8.237228285889465,70.54354870263144,260
EURJPY,2017,1,5,-1.8077057756933894,-1.743919701298227,-0.06378607439516237,3.8334114098996968,50.50514285953947,260
EURJPY,2017,2,5,-1.8077057756933894,-1.743919701298227,-0.06378607439516237,4.253840128387886,50.50514285953947,260
EURJPY,2017,4,20,-1.7303618703769887,-3.3241733511638336,1.5938114807868449,4.635989237260452,50.501768225148254,260
EURJPY,2017,8,40,0.897760398905439,-3.6132166891883215,4.51097708809376,4.9889186762080415,50.49898348605774,260
EURJPY,2017,16,75,3.007117896347226,-2.819685512955142,5.826803409302368,5.3097792964644,50.41426403659386,260
EURJPY,2017,32,120,3.7105481437392687,-1.7404466383285884,5.450994782067857,5.615164703058724,50.37308699759646,260
EURJPY,2017,60,210,8.485796922903068,-2.2876547003626655,10.773451623265734,5.811628990198827,49.77073822441069,260
EURJPY,2018,1,5,-1.743919701298227,0.2868036046519154,-2.0307233059501426,3.880117781991429,51.21871297769454,261
EURJPY,2018,2,5,-1.743919701298227,0.2868036046519154,-2.0307233059501426,4.305669013579322,51.21871297769454,261
EURJPY,2018,4,5,-1.743919701298227,0.2868036046519154,-2.0307233059501426,4.692787796914342,51.21871297769454,261
EURJPY,2018,8,5,-1.743919701298227,0.2868036046519154,-2.0307233059501426,5.050319688815669,51.21871297769454,261
EURJPY,2018,16,60,0.35489939564190076,1.7100491500232637,-1.355149754381363,5.378378958828238,51.16369963845492,261
EURJPY,2018,32,160,0.7420673894879032,1.0954944927044994,-0.3534271032165962,5.693716093931206,51.175895954815914,261
EURJPY,2018,60,160,0.7420673894879032,1.0954944927044994,-0.3534271032165962,5.964247732177315,51.175895954815914,261
EURJPY,2019,1,5,0.2868036046519154,-1.0668843361270812,1.3536879407789966,3.214775185050498,42.43599208640724,261
EURJPY,2019,2,5,0.2868036046519154,-1.0668843361270812,1.3536879407789966,3.567355084976705,42.43599208640724,261
EURJPY,2019,4,5,0.2868036046519154,-1.0668843361270812,1.3536879407789966,3.8880927347739327,42.43599208640724,261
EURJPY,2019,8,40,2.271372463497062,-0.09964694295026598,2.371019406447328,4.182586974612295,42.41844773338464,261
EURJPY,2019,16,40,2.271372463497062,-0.09964694295026598,2.371019406447328,4.459069386450665,42.41844773338464,261
EURJPY,2019,32,40,2.271372463497062,-0.09964694295026598,2.371019406447328,4.719381928406154,42.41844773338464,261
EURJPY,2019,60,40,2.271372463497062,-0.09964694295026598,2.371019406447328,4.943618982649453,42.41844773338464,261
EURJPY,2020,1,5,-1.0668843361270812,1.2855564645331394,-2.3524408006602204,3.835641818742587,50.72851969116705,262
EURJPY,2020,2,5,-1.0668843361270812,1.2855564645331394,-2.3524408006602204,4.2563151569262,50.72851969116705,262
EURJPY,2020,4,5,-1.0668843361270812,1.2855564645331394,-2.3524408006602204,4.638996579916013,50.72851969116705,262
EURJPY,2020,8,25,1.0308650419261305,-0.013415570632792969,1.0442806125589235,4.991786881758243,50.721982349172315,262
EURJPY,2020,16,25,1.0308650419261305,-0.013415570632792969,1.0442806125589235,5.32176000241991,50.721982349172315,262
EURJPY,2020,32,25,1.0308650419261305,-0.013415570632792969,1.0442806125589235,5.632434888555662,50.721982349172315,262
EURJPY,2020,60,195,3.736093405528334,1.6493983174822147,2.0866950880461195,5.88067995849326,50.555419365418295,262
EURJPY,2021,1,5,1.2855564645331394,1.0752377335780017,0.21031873095513776,2.6222189566718157,34.54769886521724,260
EURJPY,2021,2,5,1.2855564645331394,1.0752377335780017,0.21031873095513776,2.9098103570370104,34.54769886521724,260
EURJPY,2021,4,15,2.730073250433961,-5.491144855490401,8.221218105924363,3.159988080432534,34.423070776268375,260
EURJPY,2021,8,15,2.730073250433961,-5.491144855490401,8.221218105924363,3.4007397542085287,34.423070776268375,260
EURJPY,2021,16,15,2.730073250433961,-5.491144855490401,8.221218105924363,3.6255395575324885,34.423070776268375,260
EURJPY,2021,32,15,2.730073250433961,-5.491144855490401,8.221218105924363,3.8371921102039526,34.423070776268375,260
EURJPY,2021,60,15,2.730073250433961,-5.491144855490401,8.221218105924363,4.019512733626849,34.423070776268375,260
EURJPY,2022,1,5,1.0752377335780017,-5.789642916669727,6.864880650247729,5.617298199637335,74.00782689921108,260
EURJPY,2022,2,5,1.0752377335780017,-5.789642916669727,6.864880650247729,6.2333743863311435,74.00782689921108,260
EURJPY,2022,4,5,1.0752377335780017,-5.789642916669727,6.864880650247729,6.793811405734594,74.00782689921108,260
EURJPY,2022,8,5,1.0752377335780017,-5.789642916669727,6.864880650247729,7.311415088285563,74.00782689921108,260
EURJPY,2022,16,5,1.0752377335780017,-5.789642916669727,6.864880650247729,7.794723072035985,74.00782689921108,260
EURJPY,2022,32,85,1.8942360974212522,-1.6801091292115202,3.574345226632772,8.24805892731845,73.99252058996449,260
EURJPY,2022,60,170,2.70243243173329,1.8490962407038318,0.8533361910294581,8.638503908562924,73.98006951385324,260
EURJPY,2023,1,5,-5.789642916669727,5.211474300949966,-11.001117217619694,4.532255762806346,59.71240764436888,260
EURJPY,2023,2,10,-3.642159106557284,3.1228892995628823,-6.765048406120166,5.0426997133383145,59.87114271650575,260
EURJPY,2023,4,20,-0.44904050411064583,-0.3707804039980047,-0.07826010011264112,5.5080491983679805,60.0014818311076,260
EURJPY,2023,8,20,-0.44904050411064583,-0.3707804039980047,-0.07826010011264112,5.927693839421849,60.0014818311076,260
EURJPY,2023,16,60,0.2790169320498623,-3.3494010496130473,3.6284179816629094,6.316988801335732,59.977321761528195,260
EURJPY,2023,32,140,4.411790920399977,-3.267957307039498,7.679748227439474,6.6645665015446625,59.78716670602804,260
EURJPY,2023,60,140,4.411790920399977,-3.267957307039498,7.679748227439474,6.98122719626823,59.78716670602804,260
EURJPY,2024,1,5,5.211474300949966,-2.587629299150719,7.799103600100685,4.254752905902977,56.27149946939152,262
EURJPY,2024,2,5,5.211474300949966,-2.587629299150719,7.799103600100685,4.721392178456166,56.27149946939152,262
EURJPY,2024,4,5,5.211474300949966,-2.587629299150719,7.799103600100685,5.14588825328381,56.27149946939152,262
EURJPY,2024,8,5,5.211474300949966,-2.587629299150719,7.799103600100685,5.53794074794788,56.27149946939152,262
EURJPY,2024,16,5,5.211474300949966,-2.587629299150719,7.799103600100685,5.904016390583513,56.27149946939152,262
EURJPY,2024,32,5,5.211474300949966,-2.587629299150719,7.799103600100685,6.248682369330034,56.27149946939152,262
EURJPY,2024,60,5,5.211474300949966,-2.587629299150719,7.799103600100685,6.545582715319581,56.27149946939152,262
GBPJPY,2008,1,5,3.727261394860328,3.8090231324789463,-0.08176173761861838,11.604325865394248,153.47373424934426,262
GBPJPY,2008,2,10,8.641050914596617,-0.6177208251321014,9.258771739728719,12.957117868912079,154.42827533207398,262
GBPJPY,2008,4,20,18.46369416500537,-2.6149157115863804,21.078609876591752,14.178697391442787,155.04739385471294,262
GBPJPY,2008,8,40,23.482857233602694,-4.334517931461584,27.817375165064277,15.785902454109495,160.40193313723205,262
GBPJPY,2008,16,40,23.482857233602694,-4.334517931461584,27.817375165064277,16.829401228922663,160.40193313723205,262
GBPJPY,2008,32,155,41.86318340596348,-14.390845802724453,56.25402920868794,23.498211255455576,211.60934482492976,262
GBPJPY,2009,1,5,3.8090231324789463,3.4138450885319798,0.39517804394696654,9.693841155907403,127.96159697012018,261
GBPJPY,2009,2,5,3.8090231324789463,3.4138450885319798,0.39517804394696654,10.757011470442691,127.96159697012018,261
GBPJPY,2009,4,5,3.8090231324789463,3.4138450885319798,0.39517804394696654,11.724164584076217,127.96159697012018,261
GBPJPY,2009,8,5,3.8090231324789463,3.4138450885319798,0.39517804394696654,12.617399677183034,127.96159697012018,261
GBPJPY,2009,16,45,3.9553941915662634,-5.66576969172215,9.621163883288414,13.451917867641965,127.96604527308064,261
GBPJPY,2009,32,45,3.9553941915662634,-5.66576969172215,9.621163883288414,14.237216913434485,127.96604527308064,261
GBPJPY,2009,60,45,3.9553941915662634,-5.66576969172215,9.621163883288414,14.913685067468716,127.96604527308064,261
GBPJPY,2010,1,5,3.4138450885319798,-1.0251923755131536,4.439037464045134,6.798285335109608,89.73939578214024,261
GBPJPY,2010,2,5,3.4138450885319798,-1.0251923755131536,4.439037464045134,7.543886077043012,89.73939578214024,261
GBPJPY,2010,4,5,3.4138450885319798,-1.0251923755131536,4.439037464045134,8.22215001013971,89.73939578214024,261
GBPJPY,2010,8,5,3.4138450885319798,-1.0251923755131536,4.439037464045134,8.84857527713233,89.73939578214024,261
GBPJPY,2010,16,5,3.4138450885319798,-1.0251923755131536,4.439037464045134,9.433494478766313,89.73939578214024,261
GBPJPY,2010,32,155,6.366090781840155,-1.966619577040981,8.332710358881137,9.967185591456646,89.5864220090649,261
GBPJPY,2010,60,155,6.366090781840155,-1.966619577040981,8.332710358881137,10.440767168457622,89.5864220090649,261
GBPJPY,2011,1,5,-1.0251923755131536,4.795891946625177,-5.82108432213833,5.357715325955622,70.587826091229,260
GBPJPY,2011,2,5,-1.0251923755131536,4.795891946625177,-5.82108432213833,5.945321806882489,70.587826091229,260
GBPJPY,2011,4,20,0.5682618294930639,2.1068060198150698,-1.5385441903220058,6.478637518692677,70.57450603080119,260
GBPJPY,2011,8,20,0.5682618294930639,2.1068060198150698,-1.5385441903220058,6.972228882556215,70.57450603080119,260
GBPJPY,2011,16,65,1.0558804721187944,3.64802299648312,-2.5921425243643257,7.4309141591606025,70.55360449776806,260
GBPJPY,2011,32,65,1.0558804721187944,3.64802299648312,-2.5921425243643257,7.864717714606921,70.55360449776806,260
GBPJPY,2011,60,300,2.518480183736229,0.09630882924110647,2.4221713544951227,8.235794971840715,70.53127381405304,260
GBPJPY,2012,1,5,4.795891946625177,-2.401248440785497,7.197140387410673,4.758353561431985,62.81168742880027,261
GBPJPY,2012,2,10,5.738706062865748,-2.0873072355115867,7.826013298377335,5.27957939265255,62.80400576597644,261
GBPJPY,2012,4,10,5.738706062865748,-2.0873072355115867,7.826013298377335,5.754261572020829,62.80400576597644,261
GBPJPY,2012,8,35,5.760825050328147,1.09945040062003,4.661374649708117,6.189543611534438,62.77235447177175,261
GBPJPY,2012,16,45,7.5347348832483005,4.000588536467265,3.5341463467810357,6.577451071508219,62.57028996755512,261
GBPJPY,2012,32,45,7.5347348832483005,4.000588536467265,3.5341463467810357,6.961430969469626,62.57028996755512,261
GBPJPY,2012,60,45,7.5347348832483005,4.000588536467265,3.5341463467810357,7.292196903990872,62.57028996755512,261
GBPJPY,2013,1,5,-2.401248440785497,-1.7261399996671727,-0.6751084411183241,5.707337309100042,75.33855617951143,261
GBPJPY,2013,2,10,-2.0873072355115867,-0.22292589127209037,-1.8643813442394963,6.33837484051424,75.39906125563094,261
GBPJPY,2013,4,20,-1.6101830826786523,-2.2701938866659304,0.6600108039872781,6.906209026456711,75.37675965715654,261
GBPJPY,2013,8,25,4.848661880129786,-8.502032435215062,13.350694315344848,7.415145612262963,75.20201456620497,261
GBPJPY,2013,16,55,7.103013435942508,-0.22337620204803232,7.32638963799054,7.882698695641143,74.98691176125133,261
GBPJPY,2013,32,110,8.494801949401914,1.5494797325965914,6.945322216805323,8.33318071899435,74.8997636012242,261
GBPJPY,2013,60,110,8.494801949401914,1.5494797325965914,6.945322216805323,8.72912407031693,74.8997636012242,261
GBPJPY,2014,1,5,-1.7261399996671727,2.030553159758022,-3.756693159425195,4.096840592904456,54.07951877575368,261
GBPJPY,2014,2,10,-0.22292589127209037,5.286599156673573,-5.509525047945663,4.544443922944309,54.05909469548796,261
GBPJPY,2014,4,10,-0.22292589127209037,5.286599156673573,-5.509525047945663,4.953030741121948,54.05909469548796,261
GBPJPY,2014,8,35,0.7375463835838506,-4.098747876153252,4.836294259737103,5.329479131517479,54.04985798469708,261
GBPJPY,2014,16,35,0.7375463835838506,-4.098747876153252,4.836294259737103,5.681774792807535,54.04985798469708,261
GBPJPY,2014,32,140,3.581852312025735,-1.431337361121995,5.01318967314773,6.0047353592732335,53.97137948446574,261
GBPJPY,2014,60,140,3.581852312025735,-1.431337361121995,5.01318967314773,6.290044789385143,53.97137948446574,261
GBPJPY,2015,1,5,2.030553159758022,7.556824505431564,-5.526271345673542,4.417365025638588,58.31053696771231,261
GBPJPY,2015,2,10,5.286599156673573,10.192725978598162,-4.906126821924589,4.878595400741403,58.03404227701008,261
GBPJPY,2015,4,20,6.146073450060589,6.356373918908806,-0.2103004688482173,5.309883222809625,57.9539063993023,261
GBPJPY,2015,8,20,6.146073450060589,6.356373918908806,-0.2103004688482173,5.714430088464734,57.9539063993023,261
GBPJPY,2015,16,20,6.146073450060589,6.356373918908806,-0.2103004688482173,6.092172242478623,57.9539063993023,261
GBPJPY,2015,32,20,6.146073450060589,6.356373918908806,-0.2103004688482173,6.447822425292352,57.9539063993023,261
GBPJPY,2015,60,20,6.146073450060589,6.356373918908806,-0.2103004688482173,6.754184726302335,57.9539063993023,261
GBPJPY,2016,1,5,7.556824505431564,-1.514668306698233,9.071492812129797,8.623698474742364,113.61710937669794,260
GBPJPY,2016,2,10,10.192725978598162,1.6635774211851109,8.529148557413052,9.55213565425054,113.4109325388435,260
GBPJPY,2016,4,10,10.192725978598162,1.6635774211851109,8.529148557413052,10.410959479552087,113.4109325388435,260
GBPJPY,2016,8,10,10.192725978598162,1.6635774211851109,8.529148557413052,11.204144724723374,113.4109325388435,260
GBPJPY,2016,16,60,13.676894155150991,1.1963803230623693,12.480513832088622,11.903309368776348,113.01723629574131,260
GBPJPY,2016,32,60,13.676894155150991,1.1963803230623693,12.480513832088622,12.598203404039426,113.01723629574131,260
GBPJPY,2016,60,60,13.676894155150991,1.1963803230623693,12.480513832088622,13.196795351657823,113.01723629574131,260
GBPJPY,2017,1,5,-1.514668306698233,0.47013770523047776,-1.9848060119287108,4.848954620343599,63.884910757931216,260
GBPJPY,2017,2,10,1.6635774211851109,-0.2475310018451547,1.9111084230302655,5.378784538696347,63.86142246499821,260
GBPJPY,2017,4,10,1.6635774211851109,-0.2475310018451547,1.9111084230302655,5.862386162479867,63.86142246499821,260
GBPJPY,2017,8,10,1.6635774211851109,-0.2475310018451547,1.9111084230302655,6.309026860170432,63.86142246499821,260
GBPJPY,2017,16,55,2.5421683875931094,-1.8433500006673227,4.385518388260432,6.719150639568779,63.79569009025007,260
GBPJPY,2017,32,115,3.353757634007559,-1.8576471198145303,5.211404753822089,7.10963350973177,63.77981880240497,260
GBPJPY,2017,60,170,6.0941736070531505,0.3354033488361467,5.7587702582170035,7.421836228166888,63.56053847888598,260
GBPJPY,2018,1,5,0.47013770523047776,5.435153296268656,-4.965015591038179,4.497975105825818,59.37461408912887,261
GBPJPY,2018,2,5,0.47013770523047776,5.435153296268656,-4.965015591038179,4.991289730144633,59.37461408912887,261
GBPJPY,2018,4,5,0.47013770523047776,5.435153296268656,-4.965015591038179,5.440052048268085,59.37461408912887,261
GBPJPY,2018,8,5,0.47013770523047776,5.435153296268656,-4.965015591038179,5.854516154686422,59.37461408912887,261
GBPJPY,2018,16,5,0.47013770523047776,5.435153296268656,-4.965015591038179,6.241518446908796,59.37461408912887,261
GBPJPY,2018,32,155,2.3114638745300238,-2.910706142570881,5.222170017100905,6.602523724932726,59.344382756721856,261
GBPJPY,2018,60,270,2.766760260676824,-3.8909577517289393,6.657718012405763,6.915676990447033,59.339581790146546,261
GBPJPY,2019,1,5,5.435153296268656,1.9209676488652245,3.5141856474034316,4.88807925427256,64.52410529876086,261
GBPJPY,2019,2,5,5.435153296268656,1.9209676488652245,3.5141856474034316,5.4241784820870595,64.52410529876086,261
GBPJPY,2019,4,5,5.435153296268656,1.9209676488652245,3.5141856474034316,5.911861434017442,64.52410529876086,261
GBPJPY,2019,8,30,6.398124064028455,-1.7710607866122037,8.169184850640658,6.357449261631617,64.47519940626289,261
GBPJPY,2019,16,30,6.398124064028455,-1.7710607866122037,8.169184850640658,6.777697045040569,64.47519940626289,261
GBPJPY,2019,32,30,6.398124064028455,-1.7710607866122037,8.169184850640658,7.173366946872504,64.47519940626289,261
GBPJPY,2019,60,30,6.398124064028455,-1.7710607866122037,8.169184850640658,7.51420282275089,64.47519940626289,261
GBPJPY,2020,1,5,1.9209676488652245,2.5422953786034252,-0.6213277297382007,5.156473399868282,68.19726000587546,262
GBPJPY,2020,2,5,1.9209676488652245,2.5422953786034252,-0.6213277297382007,5.722008708138725,68.19726000587546,262
GBPJPY,2020,4,5,1.9209676488652245,2.5422953786034252,-0.6213277297382007,6.236469304701311,68.19726000587546,262
GBPJPY,2020,8,5,1.9209676488652245,2.5422953786034252,-0.6213277297382007,6.711610471485058,68.19726000587546,262
GBPJPY,2020,16,50,5.025703812880396,-1.8483436196681968,6.8740474325485925,7.133945436288049,67.99401971055092,262
GBPJPY,2020,32,50,5.025703812880396,-1.8483436196681968,6.8740474325485925,7.5504124857434265,67.99401971055092,262
GBPJPY,2020,60,50,5.025703812880396,-1.8483436196681968,6.8740474325485925,7.909163330622963,67.99401971055092,262
GBPJPY,2021,1,5,2.5422953786034252,1.5581212904021684,0.9841740882012568,3.4937836727867833,46.03055207138333,260
GBPJPY,2021,2,10,2.6992655843475255,2.421758203619393,0.2775073807281325,3.8781717019145034,46.04489353793484,260
GBPJPY,2021,4,15,3.0308059017120508,-4.919582257275962,7.950388158988013,4.222248266924122,45.99471492544721,260
GBPJPY,2021,8,15,3.0308059017120508,-4.919582257275962,7.950388158988013,4.543930916189254,45.99471492544721,260
GBPJPY,2021,16,15,3.0308059017120508,-4.919582257275962,7.950388158988013,4.844299321331958,45.99471492544721,260
GBPJPY,2021,32,110,3.6126603591133684,0.20560647148882877,3.4070538876245395,5.125575749063539,45.98103293029054,260
GBPJPY,2021,60,220,4.489578008064652,-0.018971027275026624,4.508549035339678,5.362483671129541,45.92426176526011,260
GBPJPY,2022,1,5,1.5581212904021684,-5.3781534303455665,6.936274720747734,5.902643691803562,77.76724985312721,260
GBPJPY,2022,2,10,2.421758203619393,-1.2744928232268062,3.696251026846199,6.54519197005623,77.70998568676293,260
GBPJPY,2022,4,10,2.421758203619393,-1.2744928232268062,3.696251026846199,7.133664224693375,77.70998568676293,260
GBPJPY,2022,8,10,2.421758203619393,-1.2744928232268062,3.696251026846199,7.677160452696799,77.70998568676293,260
GBPJPY,2022,16,10,2.421758203619393,-1.2744928232268062,3.696251026846199,8.184645377915484,77.70998568676293,260
GBPJPY,2022,32,10,2.421758203619393,-1.2744928232268062,3.696251026846199,8.662450421677162,77.70998568676293,260
GBPJPY,2022,60,10,2.421758203619393,-1.2744928232268062,3.696251026846199,9.074038717465191,77.70998568676293,260
GBPJPY,2023,1,5,-5.3781534303455665,4.461957001154468,-9.840110431500033,4.642461200146161,61.16436277299699,260
GBPJPY,2023,2,10,-1.2744928232268062,-0.7461677609478526,-0.5283250622789536,5.17011701870882,61.3839473862369,260
GBPJPY,2023,4,20,3.213808400606757,1.1582431519930187,2.055565248613738,5.625167602641885,61.27730155476061,260
GBPJPY,2023,8,20,3.213808400606757,1.1582431519930187,2.055565248613738,6.053735205156754,61.27730155476061,260
GBPJPY,2023,16,70,5.4013588899901945,-2.238402509751795,7.63976139974199,6.43656358863862,61.112637292104274,260
GBPJPY,2023,32,70,5.4013588899901945,-2.238402509751795,7.63976139974199,6.812318725867007,61.112637292104274,260
GBPJPY,2023,60,70,5.4013588899901945,-2.238402509751795,7.63976139974199,7.135999730462195,61.112637292104274,260
GBPJPY,2024,1,5,4.461957001154468,-6.4087805343263895,10.870737535480856,4.573212838942244,60.48331114197522,262
GBPJPY,2024,2,5,4.461957001154468,-6.4087805343263895,10.870737535480856,5.074779148335717,60.48331114197522,262
GBPJPY,2024,4,5,4.461957001154468,-6.4087805343263895,10.870737535480856,5.531047924082724,60.48331114197522,262
GBPJPY,2024,8,5,4.461957001154468,-6.4087805343263895,10.870737535480856,5.9524447811480465,60.48331114197522,262
GBPJPY,2024,16,5,4.461957001154468,-6.4087805343263895,10.870737535480856,6.345920469619315,60.48331114197522,262
GBPJPY,2024,32,5,4.461957001154468,-6.4087805343263895,10.870737535480856,6.71638402273502,60.48331114197522,262
GBPJPY,2024,60,5,4.461957001154468,-6.4087805343263895,10.870737535480856,7.035506778907774,60.48331114197522,262
GBPJPY,2025,1,5,-6.4087805343263895,-7.3855699610763565,0.976789426749967,3.9678631386813543,52.37697787890073,261
GBPJPY,2025,2,10,-1.4672142742279486,-6.7399629646280665,5.2727486904001175,4.4334472297115575,52.73871736173758,261
GBPJPY,2025,4,15,-0.6951831307360753,-3.717448178298316,3.022265047562241,4.831438894210009,52.731999123106576,261
GBPJPY,2025,8,15,-0.6951831307360753,-3.717448178298316,3.022265047562241,5.199534270179998,52.731999123106576,261
GBPJPY,2025,16,80,3.1526894436620725,-0.151929555464112,3.3046189991261845,5.533368231806268,52.638088979654874,261
GBPJPY,2025,32,80,3.1526894436620725,-0.151929555464112,3.3046189991261845,5.856396430105684,52.638088979654874,261
GBPJPY,2025,60,185,4.122623183992534,1.691768932026549,2.430854251965985,6.129401260657839,52.59298662066667,261
XAUUSD,2008,1,5,2.9149260654302314,13.181050175669629,-10.266124110239398,20.38409943509441,220.3302119699674,175
XAUUSD,2008,2,5,2.9149260654302314,13.181050175669629,-10.266124110239398,22.619721935956328,220.3302119699674,175
XAUUSD,2008,4,20,15.447399891641448,0.37013284814314396,15.077267043498304,25.22228413116573,225.41402271449218,175
XAUUSD,2008,8,20,15.447399891641448,0.37013284814314396,15.077267043498304,27.14390755709988,225.41402271449218,175
XAUUSD,2009,1,5,13.181050175669629,-3.46810829661673,16.64915847228636,9.161435870488983,120.93368827409654,261
XAUUSD,2009,2,5,13.181050175669629,-3.46810829661673,16.64915847228636,10.166214729495458,120.93368827409654,261
XAUUSD,2009,4,5,13.181050175669629,-3.46810829661673,16.64915847228636,11.080249845709192,120.93368827409654,261
XAUUSD,2009,8,5,13.181050175669629,-3.46810829661673,16.64915847228636,11.924426667998205,120.93368827409654,261
XAUUSD,2009,16,5,13.181050175669629,-3.46810829661673,16.64915847228636,12.712669510279692,120.93368827409654,261
XAUUSD,2009,32,5,13.181050175669629,-3.46810829661673,16.64915847228636,13.454812551452475,120.93368827409654,261
XAUUSD,2009,60,5,13.181050175669629,-3.46810829661673,16.64915847228636,14.09410548804945,120.93368827409654,261
XAUUSD,2010,1,5,-3.46810829661673,7.679301160991505,-11.147409457608235,7.302264742863736,96.39207440757588,261
XAUUSD,2010,2,5,-3.46810829661673,7.679301160991505,-11.147409457608235,8.103139337219895,96.39207440757588,261
XAUUSD,2010,4,20,0.986631821511852,11.80557366966793,-10.81894184815608,8.831052323039524,96.38516672801093,261
XAUUSD,2010,8,35,4.6147114042736375,-0.5273523724854835,5.142063776759121,9.49503059880987,96.29553709874466,261
XAUUSD,2010,16,80,10.34576024272839,9.648919776503998,0.6968404662243923,10.070070821343336,95.7950495465698,261
XAUUSD,2010,32,120,11.630387655829379,4.123220529349931,7.507167126479448,10.637321515852241,95.60969499575408,261
XAUUSD,2010,60,120,11.630387655829379,4.123220529349931,7.507167126479448,11.142743979627944,95.60969499575408,261
XAUUSD,2011,1,5,7.679301160991505,-3.4332975365591034,11.11259869755061,9.866679084189935,129.99336189414677,260
XAUUSD,2011,2,10,8.212270174452902,-0.6393863324175909,8.851656506870492,10.9410095023603,129.9008028667266,260
XAUUSD,2011,4,20,11.80557366966793,-0.15152238275392568,11.957096052421857,11.896898406918831,129.59788627537668,260
XAUUSD,2011,8,20,11.80557366966793,-0.15152238275392568,11.957096052421857,12.803293662630248,129.59788627537668,260
XAUUSD,2011,16,70,12.725428552944091,1.8367016111438141,10.888726941800277,13.643039120271938,129.5352853797433,260
XAUUSD,2011,32,70,12.725428552944091,1.8367016111438141,10.888726941800277,14.439495484953687,129.5352853797433,260
XAUUSD,2011,60,70,12.725428552944091,1.8367016111438141,10.888726941800277,15.125574717663495,129.5352853797433,260
XAUUSD,2012,1,5,-3.4332975365591034,0.1466288329599089,-3.579926369519012,6.813538477525286,89.94074181524842,261
XAUUSD,2012,2,10,-0.6393863324175909,-1.7247458685076331,1.085359536090042,7.571942711736789,90.07314756727942,261
XAUUSD,2012,4,15,3.736838373062637,4.205900502709679,-0.4690621296470421,8.234947546857459,89.87907253470911,261
XAUUSD,2012,8,15,3.736838373062637,4.205900502709679,-0.4690621296470421,8.862347826510437,89.87907253470911,261
XAUUSD,2012,16,15,3.736838373062637,4.205900502709679,-0.4690621296470421,9.448177437824443,89.87907253470911,261
XAUUSD,2012,32,15,3.736838373062637,4.205900502709679,-0.4690621296470421,9.99974523651355,89.87907253470911,261
XAUUSD,2012,60,290,7.7075153229828,7.610142823729111,0.09737249925368907,10.447584668707705,89.64491919079461,261
XAUUSD,2013,1,5,0.1466288329599089,-0.28690570817098937,0.4335345411308983,10.13355368116902,133.25243480104544,259
XAUUSD,2013,2,5,0.1466288329599089,-0.28690570817098937,0.4335345411308983,11.24494938915452,133.25243480104544,259
XAUUSD,2013,4,15,4.205900502709679,-1.4076148901459724,5.613515392855652,12.25130227535954,133.20165740178334,259
XAUUSD,2013,8,30,10.823454922936294,-4.814063272915578,15.637518195851872,13.153685539417106,132.88833948005365,259
XAUUSD,2013,16,30,10.823454922936294,-4.814063272915578,15.637518195851872,14.02318633511512,132.88833948005365,259
XAUUSD,2013,32,110,11.588732431169426,-1.5740431870233316,13.162775618192757,14.827505284159047,132.76003630421778,259
XAUUSD,2013,60,245,12.531464190046355,-0.001390227735757977,12.532854417782113,15.523145280734541,132.68417580645928,259
XAUUSD,2014,1,5,-0.28690570817098937,1.466684501732804,-1.7535902099037934,6.630493866251209,87.35666593977182,260
XAUUSD,2014,2,5,-0.28690570817098937,1.466684501732804,-1.7535902099037934,7.357692108509465,87.35666593977182,260
XAUUSD,2014,4,5,-0.28690570817098937,1.466684501732804,-1.7535902099037934,8.01921551131094,87.35666593977182,260
XAUUSD,2014,8,40,2.2675739557544654,4.379915433695918,-2.1123414779414524,8.612086383197418,87.17352121204499,260
XAUUSD,2014,16,40,2.2675739557544654,4.379915433695918,-2.1123414779414524,9.181372910564257,87.17352121204499,260
XAUUSD,2014,32,140,3.0718379038055024,1.3606911073748684,1.711146796430634,9.716301066533465,87.16397555582279,260
XAUUSD,2014,60,140,3.0718379038055024,1.3606911073748684,1.711146796430634,10.177962098073733,87.16397555582279,260
XAUUSD,2015,1,5,1.466684501732804,6.9009715175298165,-5.434287015797013,6.351438877885901,83.51904194686033,259
XAUUSD,2015,2,5,1.466684501732804,6.9009715175298165,-5.434287015797013,7.048031813642699,83.51904194686033,259
XAUUSD,2015,4,5,1.466684501732804,6.9009715175298165,-5.434287015797013,7.681713941088842,83.51904194686033,259
XAUUSD,2015,8,40,4.379915433695918,4.544254275020172,-0.16433884132425458,8.230684714580672,83.15251426886049,259
XAUUSD,2015,16,40,4.379915433695918,4.544254275020172,-0.16433884132425458,8.774759368564267,83.15251426886049,259
XAUUSD,2015,32,40,4.379915433695918,4.544254275020172,-0.16433884132425458,9.287014217797926,83.15251426886049,259
XAUUSD,2015,60,265,6.47374596624809,-8.602437943300238,15.076183909548327,9.712043547710518,83.01374948308376,259
XAUUSD,2016,1,5,6.9009715175298165,9.782231965432413,-2.881260447902596,7.175269312718564,94.35210355175946,259
XAUUSD,2016,2,10,8.029635378107788,6.377418581912177,1.652216796195611,7.9443549544477285,94.14045399127421,259
XAUUSD,2016,4,10,8.029635378107788,6.377418581912177,1.652216796195611,8.65862467993012,94.14045399127421,259
XAUUSD,2016,8,10,8.029635378107788,6.377418581912177,1.652216796195611,9.318303872139596,94.14045399127421,259
XAUUSD,2016,16,50,10.984022400299045,-1.5691259003910136,12.553148300690058,9.924992015046296,94.05249824924803,259
XAUUSD,2016,32,50,10.984022400299045,-1.5691259003910136,12.553148300690058,10.504395400913124,94.05249824924803,259
XAUUSD,2016,60,50,10.984022400299045,-1.5691259003910136,12.553148300690058,11.003502003650638,94.05249824924803,259
XAUUSD,2017,1,5,9.782231965432413,-5.4951889547769905,15.277420920209403,4.716805472506193,62.02422501223068,259
XAUUSD,2017,2,5,9.782231965432413,-5.4951889547769905,15.277420920209403,5.234120278593168,62.02422501223068,259
XAUUSD,2017,4,5,9.782231965432413,-5.4951889547769905,15.277420920209403,5.704715270379063,62.02422501223068,259
XAUUSD,2017,8,5,9.782231965432413,-5.4951889547769905,15.277420920209403,6.13934341289131,62.02422501223068,259
XAUUSD,2017,16,5,9.782231965432413,-5.4951889547769905,15.277420920209403,6.545173700271656,62.02422501223068,259
XAUUSD,2017,32,5,9.782231965432413,-5.4951889547769905,15.277420920209403,6.927269302693784,62.02422501223068,259
XAUUSD,2017,60,5,9.782231965432413,-5.4951889547769905,15.277420920209403,7.256412077309333,62.02422501223068,259
XAUUSD,2018,1,5,-5.4951889547769905,-3.4919633677028927,-2.003225587074098,4.547508467817247,59.913361824131734,260
XAUUSD,2018,2,5,-5.4951889547769905,-3.4919633677028927,-2.003225587074098,5.046255654853095,59.913361824131734,260
XAUUSD,2018,4,15,-0.5139463843843486,-1.996299898745261,1.4823535143609123,5.54398625707879,60.39295923039063,260
XAUUSD,2018,8,40,2.768465652520752,2.162554501117532,0.60591115140322,5.936760522794385,60.093256887711846,260
XAUUSD,2018,16,60,5.382462171285299,4.993025491547307,0.389436679737992,6.309559260593539,59.90678119708384,260
XAUUSD,2018,32,60,5.382462171285299,4.993025491547307,0.389436679737992,6.677900110981441,59.90678119708384,260
XAUUSD,2018,60,60,5.382462171285299,4.993025491547307,0.389436679737992,6.99519433978805,59.90678119708384,260
XAUUSD,2019,1,5,-3.4919633677028927,-15.715846565626798,12.223883197923906,5.630467109984748,74.18132711280228,260
XAUUSD,2019,2,5,-3.4919633677028927,-15.715846565626798,12.223883197923906,6.2479875945921455,74.18132711280228,260
XAUUSD,2019,4,20,4.652179655377407,-3.083625992455485,7.735805647832892,6.789948319587197,73.96574468735398,260
XAUUSD,2019,8,20,4.652179655377407,-3.083625992455485,7.735805647832892,7.30725768316219,73.96574468735398,260
XAUUSD,2019,16,60,4.993025491547307,2.0758305695482067,2.9171949219991005,7.788580462822167,73.94950524298231,260
XAUUSD,2019,32,110,6.738731580853194,7.123018048533179,-0.38428646767998575,8.229504939927368,73.82607460477475,260
XAUUSD,2019,60,110,6.738731580853194,7.123018048533179,-0.38428646767998575,8.620522232785717,73.82607460477475,260
XAUUSD,2020,1,5,-15.715846565626798,-0.7576785333760078,-14.95816803225079,9.212842278938593,121.37907093368136,260
XAUUSD,2020,2,10,-0.8202721764384229,0.8065760943081209,-1.6268482707465437,10.301029737159174,122.30242857593095,260
XAUUSD,2020,4,15,1.8308071908736618,-2.436220323403923,4.267027514277585,11.230597595560491,122.3395930781018,260
XAUUSD,2020,8,35,4.8592594126587105,-11.266158556102923,16.12541796876163,12.07776820488335,122.25395054754017,260
XAUUSD,2020,16,65,8.091264886991677,-3.5426048593988684,11.633869746390545,12.853427293081719,122.03823193933164,260
XAUUSD,2020,32,115,9.265507892921496,1.058118682915992,8.207389210005504,13.588429362525854,121.90045539828053,260
XAUUSD,2020,60,165,9.363415292830547,-4.188278531255416,13.551693824085962,14.242495765202937,121.97260520030922,260
XAUUSD,2021,1,5,-0.7576785333760078,0.7090864683598063,-1.466765001735814,6.283048115404941,82.46007724043614,258
XAUUSD,2021,2,10,0.8065760943081209,0.7762787941483544,0.030297300159766505,6.975076361538407,82.49480220643595,258
XAUUSD,2021,4,10,0.8065760943081209,0.7762787941483544,0.030297300159766505,7.602199130667132,82.49480220643595,258
XAUUSD,2021,8,10,0.8065760943081209,0.7762787941483544,0.030297300159766505,8.181391873962543,82.49480220643595,258
XAUUSD,2021,16,10,0.8065760943081209,0.7762787941483544,0.030297300159766505,8.72220811310786,82.49480220643595,258
XAUUSD,2021,32,115,1.058118682915992,-1.6010414054608664,2.6591600883768587,9.222263346058114,82.41319771015728,258
XAUUSD,2021,60,115,1.058118682915992,-1.6010414054608664,2.6591600883768587,9.660450633619817,82.41319771015728,258
XAUUSD,2022,1,5,0.7090864683598063,8.692620671050955,-7.983534202691149,7.100062809241104,93.3631662039594,259
XAUUSD,2022,2,10,0.7762787941483544,5.325730948388582,-4.549452154240227,7.876992943711559,93.3422154547499,259
XAUUSD,2022,4,20,4.301760530054723,2.2893303609717983,2.0124301690829243,8.564382983186523,93.11581596337648,259
XAUUSD,2022,8,30,6.838360718733813,-5.319855887679811,12.158216606413625,9.217732464507783,93.12440663942643,259
XAUUSD,2022,16,30,6.838360718733813,-5.319855887679811,12.158216606413625,9.827054140049077,93.12440663942643,259
XAUUSD,2022,32,30,6.838360718733813,-5.319855887679811,12.158216606413625,10.400740086920292,93.12440663942643,259
XAUUSD,2022,60,30,6.838360718733813,-5.319855887679811,12.158216606413625,10.89492160357259,93.12440663942643,259
XAUUSD,2023,1,5,8.692620671050955,2.598395377052972,6.094225293997983,6.1813288769377115,81.28215915889255,259
XAUUSD,2023,2,5,8.692620671050955,2.598395377052972,6.094225293997983,6.859265028422418,81.28215915889255,259
XAUUSD,2023,4,5,8.692620671050955,2.598395377052972,6.094225293997983,7.475975305966009,81.28215915889255,259
XAUUSD,2023,8,5,8.692620671050955,2.598395377052972,6.094225293997983,8.045551368345635,81.28215915889255,259
XAUUSD,2023,16,5,8.692620671050955,2.598395377052972,6.094225293997983,8.577388114453203,81.28215915889255,259
XAUUSD,2023,32,5,8.692620671050955,2.598395377052972,6.094225293997983,9.078120780824511,81.28215915889255,259
XAUUSD,2023,60,5,8.692620671050955,2.598395377052972,6.094225293997983,9.509459268117581,81.28215915889255,259
XAUUSD,2024,1,5,2.598395377052972,1.0830084617830127,1.5153869152699593,7.16562579278112,94.58839947834134,261
XAUUSD,2024,2,5,2.598395377052972,1.0830084617830127,1.5153869152699593,7.9515145344499185,94.58839947834134,261
XAUUSD,2024,4,15,3.2306667619101197,5.417050753644316,-2.1863839917341967,8.663238538747477,94.55358890618682,261
XAUUSD,2024,8,15,3.2306667619101197,5.417050753644316,-2.1863839917341967,9.323269249445179,94.55358890618682,261
XAUUSD,2024,16,80,9.67285353999637,19.340304764410533,-9.667451224414163,9.898553933084766,94.16343551919086,261
XAUUSD,2024,32,80,9.67285353999637,19.340304764410533,-9.667451224414163,10.476413910737147,94.16343551919086,261
XAUUSD,2024,60,80,9.67285353999637,19.340304764410533,-9.667451224414163,10.974190998926872,94.16343551919086,261
XAUUSD,2025,1,5,1.0830084617830127,18.57733257964531,-17.4943241178623,9.258304008219525,121.97802859474685,260
XAUUSD,2025,2,10,2.3623082007879748,-1.821644741268446,4.183952942056421,10.268496991362213,121.9161726461127,260
XAUUSD,2025,4,15,5.417050753644316,15.380587495615508,-9.963536741971192,11.185039216865722,121.84330661931001,260
XAUUSD,2025,8,40,17.62118903220345,13.688285729586664,3.9329033026167863,11.922603365237102,120.68333631558633,260
XAUUSD,2025,16,80,19.340304764410533,16.915449597908662,2.424855166501871,12.683645411455204,120.42621981395983,260
XAUUSD,2025,32,95,19.900934127386453,14.625143630108465,5.275790497277988,13.414382459456982,120.33909785071388,260
XAUUSD,2025,60,95,19.900934127386453,14.625143630108465,5.275790497277988,14.051754397739053,120.33909785071388,260
XAGUSD,2008,1,5,-31.91577155088983,-3.0497295146526673,-28.86604203623716,25.306137099712256,334.6878918404762,262
XAGUSD,2008,2,10,-8.391713296875668,6.7818343982031495,-15.173547695078817,28.382732873503663,338.27711773638055,262
XAGUSD,2008,4,10,-8.391713296875668,6.7818343982031495,-15.173547695078817,30.93459856105676,338.27711773638055,262
XAGUSD,2008,8,40,13.245223474130645,8.318942935569012,4.926280538561633,34.72890658416582,352.8834520570834,262
XAGUSD,2008,16,40,13.245223474130645,8.318942935569012,4.926280538561633,37.0245986788388,352.8834520570834,262
XAGUSD,2008,32,115,24.200472248050044,-0.44535847472689205,24.645830722776935,43.839666317934814,394.79103179515056,262
XAGUSD,2009,1,5,-3.0497295146526673,-13.04648025718007,9.996750742527404,15.92415444241486,210.20359216516374,261
XAGUSD,2009,2,10,6.7818343982031495,0.42505921982391476,6.356775178379235,17.698274740849737,210.5324053690789,261
XAGUSD,2009,4,10,6.7818343982031495,0.42505921982391476,6.356775178379235,19.289510519354486,210.5324053690789,261
XAGUSD,2009,8,40,8.318942935569012,12.18137821972039,-3.8624352841513776,20.775120051654522,210.69456520927122,261
XAGUSD,2009,16,75,14.080464780714987,8.245460687895815,5.835004092819172,22.15913153783282,210.79644237223766,261
XAGUSD,2009,32,75,14.080464780714987,8.245460687895815,5.835004092819172,23.452742235093304,210.79644237223766,261
XAGUSD,2009,60,75,14.080464780714987,8.245460687895815,5.835004092819172,24.567077525710648,210.79644237223766,261
XAGUSD,2010,1,5,-13.04648025718007,35.19748699721793,-48.243967254398,14.069612977472945,185.7230912280654,261
XAGUSD,2010,2,10,0.42505921982391476,17.79590720976452,-17.370847989940604,15.608283076065904,185.6706050619186,261
XAGUSD,2010,4,20,6.456780829169768,19.91945865892209,-13.462677829752321,16.9955766279551,185.4956155848389,261
XAGUSD,2010,8,35,16.835385591174415,1.1953958115013188,15.639989779673096,18.23090029930583,184.89190928309011,261
XAGUSD,2010,16,35,16.835385591174415,1.1953958115013188,15.639989779673096,19.436021272362026,184.89190928309011,261
XAGUSD,2010,32,130,23.362754595019805,16.001670150280173,7.361084444739632,20.489156467087366,184.1593297353255,261
XAGUSD,2010,60,215,25.113726787722225,3.017939762170966,22.09578702555126,21.46300196819795,184.16209468910316,261
XAGUSD,2011,1,5,35.19748699721793,-3.0091209721912437,38.20660796940917,21.282272403126992,280.3936476319111,260
XAGUSD,2011,2,5,35.19748699721793,-3.0091209721912437,38.20660796940917,23.616401865426834,280.3936476319111,260
XAGUSD,2011,4,5,35.19748699721793,-3.0091209721912437,38.20660796940917,25.73973106887038,280.3936476319111,260
XAGUSD,2011,8,5,35.19748699721793,-3.0091209721912437,38.20660796940917,27.700777496781683,280.3936476319111,260
XAGUSD,2011,16,5,35.19748699721793,-3.0091209721912437,38.20660796940917,29.531887720811916,280.3936476319111,260
XAGUSD,2011,32,5,35.19748699721793,-3.0091209721912437,38.20660796940917,31.255906814281946,280.3936476319111,260
XAGUSD,2011,60,5,35.19748699721793,-3.0091209721912437,38.20660796940917,32.741002231025355,280.3936476319111,260
XAGUSD,2012,1,5,-3.0091209721912437,-8.414923015177143,5.405802042985899,11.966004350248852,157.95482939971072,261
XAGUSD,2012,2,10,3.295062029320523,2.439342988997743,0.8557190403227799,13.265696056129698,157.8040199108129,261
XAGUSD,2012,4,15,14.757918783216875,5.322500245249977,9.435418537966898,14.34275312351219,156.5417801389053,261
XAGUSD,2012,8,15,14.757918783216875,5.322500245249977,9.435418537966898,15.435491998833765,156.5417801389053,261
XAGUSD,2012,16,15,14.757918783216875,5.322500245249977,9.435418537966898,16.455827518848867,156.5417801389053,261
XAGUSD,2012,32,15,14.757918783216875,5.322500245249977,9.435418537966898,17.4164894687232,156.5417801389053,261
XAGUSD,2012,60,15,14.757918783216875,5.322500245249977,9.435418537966898,18.244017808868556,156.5417801389053,261
XAGUSD,2013,1,5,-8.414923015177143,-0.9167477200095899,-7.498175295167553,15.282304922932688,200.95658486883957,259
XAGUSD,2013,2,10,2.439342988997743,-2.532282858471469,4.9716258474692125,16.982530438396598,201.24266029883472,259
XAGUSD,2013,4,20,11.168819509163887,6.042892345011097,5.12592716415279,18.417979697344034,200.2485422805082,259
XAGUSD,2013,8,30,16.641562035053838,-0.21605774393842933,16.857619778992266,19.807582939481623,200.11097255239662,259
XAGUSD,2013,16,30,16.641562035053838,-0.21605774393842933,16.857619778992266,21.11692769119574,200.11097255239662,259
XAGUSD,2013,32,30,16.641562035053838,-0.21605774393842933,16.857619778992266,22.34969638106826,200.11097255239662,259
XAGUSD,2013,60,270,19.043262523182605,1.5869124780630628,17.456350045119542,23.388472039926352,199.913102652042,259
XAGUSD,2014,1,5,-0.9167477200095899,-18.876334283024832,17.959586563015243,10.472688407744688,137.97752643784924,260
XAGUSD,2014,2,5,-0.9167477200095899,-18.876334283024832,17.959586563015243,11.62127865689549,137.97752643784924,260
XAGUSD,2014,4,20,6.042892345011097,-11.746945094425403,17.7898374394365,12.641524052713978,137.70940462753526,260
XAGUSD,2014,8,20,6.042892345011097,-11.746945094425403,17.7898374394365,13.604650494113022,137.70940462753526,260
XAGUSD,2014,16,20,6.042892345011097,-11.746945094425403,17.7898374394365,14.503961519481265,137.70940462753526,260
XAGUSD,2014,32,135,10.018266835487152,1.3587943364403166,8.659472499046835,15.345469760345534,137.66269096893973,260
XAGUSD,2014,60,245,12.872781328191921,1.2713420363816383,11.601439291810284,16.006977654800483,137.08361217907174,260
XAGUSD,2015,1,5,-18.876334283024832,9.749724838560622,-28.626059121585456,11.15037590724348,146.6232661645805,259
XAGUSD,2015,2,10,-13.412422899126453,0.7927655797803538,-14.205188478906807,12.376252929850649,146.65836008179383,259
XAGUSD,2015,4,15,-6.2319615728971485,-7.198405365320499,0.9664437924233509,13.470628668991743,146.45872125467747,259
XAGUSD,2015,8,15,-6.2319615728971485,-7.198405365320499,0.9664437924233509,14.496922539831516,146.45872125467747,259
XAGUSD,2015,16,55,-2.684326613823086,9.065618597697695,-11.749945211520782,15.431651258613265,146.23541769942273,259
XAGUSD,2015,32,95,4.619395940932602,8.99757792696801,-4.378181986035408,16.342857138354127,146.32794023149077,259
XAGUSD,2015,60,95,4.619395940932602,8.99757792696801,-4.378181986035408,17.11937283431121,146.32794023149077,259
XAGUSD,2016,1,5,9.749724838560622,11.201303453642659,-1.4515786150820364,11.603732324269345,152.58473321770668,259
XAGUSD,2016,2,5,9.749724838560622,11.201303453642659,-1.4515786150820364,12.876369614953518,152.58473321770668,259
XAGUSD,2016,4,5,9.749724838560622,11.201303453642659,-1.4515786150820364,14.0340722909818,152.58473321770668,259
XAGUSD,2016,8,5,9.749724838560622,11.201303453642659,-1.4515786150820364,15.103293537374821,152.58473321770668,259
XAGUSD,2016,16,60,17.334156485545368,-11.787998388785066,29.122154874330434,16.021944819255427,151.82923419768017,259
XAGUSD,2016,32,60,17.334156485545368,-11.787998388785066,29.122154874330434,16.95727746862933,151.82923419768017,259
XAGUSD,2016,60,60,17.334156485545368,-11.787998388785066,29.122154874330434,17.762986776592857,151.82923419768017,259
XAGUSD,2017,1,5,11.201303453642659,-18.203985410806837,29.405288864449496,7.767250490607885,102.1364342803497,259
XAGUSD,2017,2,5,11.201303453642659,-18.203985410806837,29.405288864449496,8.619122314620764,102.1364342803497,259
XAGUSD,2017,4,5,11.201303453642659,-18.203985410806837,29.405288864449496,9.394059759493697,102.1364342803497,259
XAGUSD,2017,8,5,11.201303453642659,-18.203985410806837,29.405288864449496,10.109769930887838,102.1364342803497,259
XAGUSD,2017,16,5,11.201303453642659,-18.203985410806837,29.405288864449496,10.778058143563202,102.1364342803497,259
XAGUSD,2017,32,5,11.201303453642659,-18.203985410806837,29.405288864449496,11.40726201314646,102.1364342803497,259
XAGUSD,2017,60,5,11.201303453642659,-18.203985410806837,29.405288864449496,11.949267485391278,102.1364342803497,259
XAGUSD,2018,1,5,-18.203985410806837,-11.537209037009406,-6.666776373797431,7.659873225027694,100.91872490307725,260
XAGUSD,2018,2,10,-13.188927085667824,-4.038181448902164,-9.15074563676566,8.513374748702347,101.07789548333518,260
XAGUSD,2018,4,15,-6.035235429402037,-0.35776072270581805,-5.677474706696219,9.275769716820585,101.04483603709559,260
XAGUSD,2018,8,25,-4.749307302575431,0.3258289178963232,-5.075136220471754,9.959152458264839,100.80883417151837,260
XAGUSD,2018,16,75,3.313778803384667,-3.006720429218775,6.320499232603442,10.571828440656274,100.3753490680309,260
XAGUSD,2018,32,75,3.313778803384667,-3.006720429218775,6.320499232603442,11.188992986887992,100.3753490680309,260
XAGUSD,2018,60,75,3.313778803384667,-3.006720429218775,6.320499232603442,11.720627608834352,100.3753490680309,260
XAGUSD,2019,1,5,-11.537209037009406,-14.289731852980163,2.7525228159707567,9.016281276745937,118.78938242002035,260
XAGUSD,2019,2,10,-4.038181448902164,19.519228345848372,-23.557409794750537,9.956838449041127,118.21590213094233,260
XAGUSD,2019,4,20,7.895523549488523,9.529345174410794,-1.6338216249222715,10.848953976053796,118.18218963505083,260
XAGUSD,2019,8,20,7.895523549488523,9.529345174410794,-1.6338216249222715,11.675508938278897,118.18218963505083,260
XAGUSD,2019,16,20,7.895523549488523,9.529345174410794,-1.6338216249222715,12.447297520390814,118.18218963505083,260
XAGUSD,2019,32,20,7.895523549488523,9.529345174410794,-1.6338216249222715,13.173948616660999,118.18218963505083,260
XAGUSD,2019,60,185,10.223138856822384,-1.9785900372282474,12.201728894050632,13.747376842639044,117.7324112157244,260
XAGUSD,2020,1,5,-14.289731852980163,-17.116628706695472,2.8268968537153096,22.380384670158573,294.8612617207662,260
XAGUSD,2020,2,10,19.519228345848372,-1.9773865727236979,21.49661491857207,24.76357698739805,294.01386881357155,260
XAGUSD,2020,4,10,19.519228345848372,-1.9773865727236979,21.49661491857207,26.99004766225733,294.01386881357155,260
XAGUSD,2020,8,30,30.274465833539235,-7.851569972450044,38.126035805989275,28.90784263889954,292.6118389143428,260
XAGUSD,2020,16,30,30.274465833539235,-7.851569972450044,38.126035805989275,30.818743739668136,292.6118389143428,260
XAGUSD,2020,32,30,30.274465833539235,-7.851569972450044,38.126035805989275,32.6178871993158,292.6118389143428,260
XAGUSD,2020,60,30,30.274465833539235,-7.851569972450044,38.126035805989275,34.167695850569615,292.6118389143428,260
XAGUSD,2021,1,5,-17.116628706695472,2.025072896613918,-19.14170160330939,12.262039104092889,160.9296432363197,258
XAGUSD,2021,2,10,-1.9773865727236979,-10.098853802237697,8.121467229514,13.605123861631851,160.90891967121607,258
XAGUSD,2021,4,15,4.753651581468819,-8.38995454470399,13.14360612617281,14.804851830820372,160.65395058547227,258
XAGUSD,2021,8,15,4.753651581468819,-8.38995454470399,13.14360612617281,15.932796863381292,160.65395058547227,258
XAGUSD,2021,16,15,4.753651581468819,-8.38995454470399,13.14360612617281,16.98600582971171,160.65395058547227,258
XAGUSD,2021,32,135,8.920680164802192,-0.9463583423528446,9.867038507155037,18.0015379853512,160.86770171313498,258
XAGUSD,2021,60,135,8.920680164802192,-0.9463583423528446,9.867038507155037,18.856864363025245,160.86770171313498,258
XAGUSD,2022,1,5,2.025072896613918,12.260046874257297,-10.234973977643378,14.273411477607098,187.69001400197055,259
XAGUSD,2022,2,5,2.025072896613918,12.260046874257297,-10.234973977643378,15.83884535733304,187.69001400197055,259
XAGUSD,2022,4,5,2.025072896613918,12.260046874257297,-10.234973977643378,17.262901531837997,187.69001400197055,259
XAGUSD,2022,8,40,15.666722061639438,-13.587709293091269,29.254431354730706,18.48500586533783,186.74931275821356,259
XAGUSD,2022,16,40,15.666722061639438,-13.587709293091269,29.254431354730706,19.70692403118034,186.74931275821356,259
XAGUSD,2022,32,40,15.666722061639438,-13.587709293091269,29.254431354730706,20.857379214557433,186.74931275821356,259
XAGUSD,2022,60,40,15.666722061639438,-13.587709293091269,29.254431354730706,21.848398238925164,186.74931275821356,259
XAGUSD,2023,1,5,12.260046874257297,-1.9634134501368787,14.223460324394175,11.82562310287797,155.5025138344358,259
XAGUSD,2023,2,5,12.260046874257297,-1.9634134501368787,14.223460324394175,13.122596225467337,155.5025138344358,259
XAGUSD,2023,4,5,12.260046874257297,-1.9634134501368787,14.223460324394175,14.302436912008316,155.5025138344358,259
XAGUSD,2023,8,5,12.260046874257297,-1.9634134501368787,14.223460324394175,15.392104194921053,155.5025138344358,259
XAGUSD,2023,16,5,12.260046874257297,-1.9634134501368787,14.223460324394175,16.409571641960515,155.5025138344358,259
XAGUSD,2023,32,5,12.260046874257297,-1.9634134501368787,14.223460324394175,17.36753325599128,155.5025138344358,259
XAGUSD,2023,60,5,12.260046874257297,-1.9634134501368787,14.223460324394175,18.192735487104468,155.5025138344358,259
XAGUSD,2024,1,5,-1.9634134501368787,0.7741567192195786,-2.7375701693564576,14.715797802167126,194.25292380690186,261
XAGUSD,2024,2,5,-1.9634134501368787,0.7741567192195786,-2.7375701693564576,16.329750323808504,194.25292380690186,261
XAGUSD,2024,4,5,-1.9634134501368787,0.7741567192195786,-2.7375701693564576,17.79794331718081,194.25292380690186,261
XAGUSD,2024,8,35,9.494665366654365,23.447822993696374,-13.953157627042009,19.1005721238991,193.71184035938924,261
XAGUSD,2024,16,35,9.494665366654365,23.447822993696374,-13.953157627042009,20.363181193444603,193.71184035938924,261
XAGUSD,2024,32,35,9.494665366654365,23.447822993696374,-13.953157627042009,21.551947503041124,193.71184035938924,261
XAGUSD,2024,60,260,12.100090569149984,36.895955252428465,-24.79586468327848,22.564414848330788,193.61270665025242,261
XAGUSD,2025,1,5,0.7741567192195786,27.17701925345087,-26.40286253423129,15.263002841777999,201.08985354371987,260
XAGUSD,2025,2,10,11.14906713283668,37.83161974188161,-26.68255260904493,16.969869565636973,201.4804649099626,260
XAGUSD,2025,4,20,15.418077014800376,-57.917122951281044,73.33519996608142,18.396846530752658,200.40453763406737,260
XAGUSD,2025,8,35,23.447822993696374,31.652079561952796,-8.204256568256422,19.744549372835916,199.85887472440203,260
XAGUSD,2025,16,80,26.166576708857235,28.78229641421863,-2.6157197053613963,21.022600984253966,199.60132005144692,260
XAGUSD,2025,32,105,35.1985656128664,33.0766158027215,2.121949810144905,22.06964309331994,197.9845846623393,260
XAGUSD,2025,60,210,36.895955252428465,-1.3009894120086851,38.19694466443715,23.104606842652895,197.8676444905448,260
WTI,2012,1,5,-9.283186883533524,-3.4856363866586015,-5.797550496874923,11.707437837120674,153.94842186282733,259
WTI,2012,2,10,-5.0522657694209565,0.37332629370471887,-5.425592063125675,13.011050272491946,154.18069642896936,259
WTI,2012,4,15,6.960833899297487,-4.3161686944202575,11.277002593717745,14.124918695055682,153.57245609970357,259
WTI,2012,8,25,11.352035887071468,-11.828640106259941,23.18067599333141,15.2080155692737,153.64271327084973,259
WTI,2012,16,25,11.352035887071468,-11.828640106259941,23.18067599333141,16.213314167818215,153.64271327084973,259
WTI,2012,32,25,11.352035887071468,-11.828640106259941,23.18067599333141,17.159818619480756,153.64271327084973,259
WTI,2013,1,5,-3.4856363866586015,9.804701112363748,-13.29033749902235,9.001806691447262,117.68284632859354,256
WTI,2013,2,10,0.37332629370471887,19.070847700136436,-18.69752140643172,10.018232263300055,118.02631420036982,256
WTI,2013,4,20,2.0187720224414174,16.936828398485808,-14.91805637604439,10.892795142306825,117.74346440968347,256
WTI,2013,8,40,2.057483555805072,20.568469718359434,-18.510986162554364,11.748103464093152,117.99871634176573,256
WTI,2013,16,70,2.910020367582283,26.782086729852296,-23.87206636227001,12.50310310072595,117.79533262928561,256
WTI,2013,32,70,2.910020367582283,26.782086729852296,-23.87206636227001,13.233012027546268,117.79533262928561,256
WTI,2013,60,70,2.910020367582283,26.782086729852296,-23.87206636227001,13.861766318010158,117.79533262928561,256
WTI,2014,1,5,9.804701112363748,0.47973934482747277,9.324961767536275,11.108345647034419,144.93823680139883,255
WTI,2014,2,10,19.070847700136436,0.4688089690252597,18.602038731111175,12.212223249609528,143.592775900622,255
WTI,2014,4,10,19.070847700136436,0.4688089690252597,18.602038731111175,13.310213130228435,143.592775900622,255
WTI,2014,8,40,20.568469718359434,9.9619388038764,10.606530914483034,14.307930958236224,143.42883258754645,255
WTI,2014,16,70,26.782086729852296,2.802210449536232,23.979876280316063,15.139930410601021,142.35877984246207,255
WTI,2014,32,70,26.782086729852296,2.802210449536232,23.979876280316063,16.023772627138005,142.35877984246207,255
WTI,2014,60,225,28.305870423333182,9.88368163457012,18.422188788763062,16.75228215913934,142.0802119931273,255
WTI,2015,1,5,0.47973934482747277,5.74599374533841,-5.266254400510937,20.08019026835343,263.53674365015763,258
WTI,2015,2,5,0.47973934482747277,5.74599374533841,-5.266254400510937,22.282481585095702,263.53674365015763,258
WTI,2015,4,5,0.47973934482747277,5.74599374533841,-5.266254400510937,24.285879229852526,263.53674365015763,258
WTI,2015,8,35,17.673027381092684,6.415729880454322,11.257297500638362,26.024420940347895,262.4100508916484,258
WTI,2015,16,45,19.107403221165665,2.5908464274658853,16.51655679369978,27.73600844340754,262.32766988171124,258
WTI,2015,32,45,19.107403221165665,2.5908464274658853,16.51655679369978,29.35518729797776,262.32766988171124,258
WTI,2015,60,45,19.107403221165665,2.5908464274658853,16.51655679369978,30.74997179016695,262.32766988171124,258
WTI,2016,1,5,5.74599374533841,11.446699848672282,-5.7007061033338715,21.897163834329625,287.38309622334197,258
WTI,2016,2,10,12.901534882397831,1.733153894735026,11.168380987662806,24.212116703875616,286.3586970171645,258
WTI,2016,4,10,12.901534882397831,1.733153894735026,11.168380987662806,26.3890060864104,286.3586970171645,258
WTI,2016,8,10,12.901534882397831,1.733153894735026,11.168380987662806,28.39951917154792,286.3586970171645,258
WTI,2016,16,10,12.901534882397831,1.733153894735026,11.168380987662806,30.276818461021143,286.3586970171645,258
WTI,2016,32,10,12.901534882397831,1.733153894735026,11.168380987662806,32.04432528651748,286.3586970171645,258
WTI,2016,60,10,12.901534882397831,1.733153894735026,11.168380987662806,33.56688167556765,286.3586970171645,258
WTI,2017,1,5,11.446699848672282,16.113309277911586,-4.666609429239305,11.34353905891072,148.87505073918993,258
WTI,2017,2,5,11.446699848672282,16.113309277911586,-4.666609429239305,12.587639699228726,148.87505073918993,258
WTI,2017,4,5,11.446699848672282,16.113309277911586,-4.666609429239305,13.719382931246031,148.87505073918993,258
WTI,2017,8,5,11.446699848672282,16.113309277911586,-4.666609429239305,14.764628773888317,148.87505073918993,258
WTI,2017,16,5,11.446699848672282,16.113309277911586,-4.666609429239305,15.740618083394846,148.87505073918993,258
WTI,2017,32,5,11.446699848672282,16.113309277911586,-4.666609429239305,16.659527378166008,148.87505073918993,258
WTI,2017,60,5,11.446699848672282,16.113309277911586,-4.666609429239305,17.45108936679852,148.87505073918993,258
WTI,2018,1,5,16.113309277911586,-11.235952248501071,27.349261526412658,14.361312939145366,189.21010141749113,260
WTI,2018,2,5,16.113309277911586,-11.235952248501071,27.349261526412658,15.936387396121203,189.21010141749113,260
WTI,2018,4,5,16.113309277911586,-11.235952248501071,27.349261526412658,17.369213486581287,189.21010141749113,260
WTI,2018,8,5,16.113309277911586,-11.235952248501071,27.349261526412658,18.692530889251568,189.21010141749113,260
WTI,2018,16,75,20.185099974862432,-14.30817593035074,34.493275905213174,19.900862730703473,188.95085694611635,260
WTI,2018,32,115,22.158669912144074,-25.896348989438636,48.05501890158271,21.019989625289675,188.56824725132526,260
WTI,2018,60,115,22.158669912144074,-25.896348989438636,48.05501890158271,22.018734932472622,188.56824725132526,260
WTI,2019,1,5,-11.235952248501071,45.58239139821825,-56.81834364671932,14.714200722566853,193.85939313427943,260
WTI,2019,2,10,-10.493380514130738,25.822373085638393,-36.31575359976913,16.34928036134951,194.1123115535494,260
WTI,2019,4,15,4.071802785095977,9.111380992663324,-5.039578207567348,17.80775687431856,193.98733781531902,260
WTI,2019,8,15,4.071802785095977,9.111380992663324,-5.039578207567348,19.164485812707888,193.98733781531902,260
WTI,2019,16,15,4.071802785095977,9.111380992663324,-5.039578207567348,20.431319782043545,193.98733781531902,260
WTI,2019,32,15,4.071802785095977,9.111380992663324,-5.039578207567348,21.62406390128289,193.98733781531902,260
WTI,2019,60,15,4.071802785095977,9.111380992663324,-5.039578207567348,22.65151123730092,193.98733781531902,260
WTI,2020,1,5,45.58239139821825,-7.032178552850139,52.61456995106839,41.988842506768556,553.2024253474367,260
WTI,2020,2,5,45.58239139821825,-7.032178552850139,52.61456995106839,46.593961383478174,553.2024253474367,260
WTI,2020,4,20,45.95587933833644,17.606166427984668,28.34971291035177,50.8304982077194,553.717859960347,260
WTI,2020,8,20,45.95587933833644,17.606166427984668,28.34971291035177,54.70314810730417,553.717859960347,260
WTI,2020,16,20,45.95587933833644,17.606166427984668,28.34971291035177,58.31920162051558,553.717859960347,260
WTI,2020,32,20,45.95587933833644,17.606166427984668,28.34971291035177,61.72377291173181,553.717859960347,260
WTI,2020,60,20,45.95587933833644,17.606166427984668,28.34971291035177,64.6565207216094,553.717859960347,260
WTI,2021,1,5,-7.032178552850139,-5.53568726760921,-1.4964912852409293,16.61374086737916,218.0423148149617,258
WTI,2021,2,10,-6.241457112768554,-22.750446029917953,16.5089889171494,18.459825769877764,218.32587870270444,258
WTI,2021,4,15,19.32230357699691,1.6261521657124687,17.69615141128444,20.029037841984874,217.3438878356197,258
WTI,2021,8,15,19.32230357699691,1.6261521657124687,17.69615141128444,21.555000681667657,217.3438878356197,258
WTI,2021,16,15,19.32230357699691,1.6261521657124687,17.69615141128444,22.97985534979984,217.3438878356197,258
WTI,2021,32,140,19.572405861844114,8.61311720172498,10.959288660119133,24.316297269046526,217.29848077581244,258
WTI,2021,60,140,19.572405861844114,8.61311720172498,10.959288660119133,25.47166357599783,217.29848077581244,258
WTI,2022,1,5,-5.53568726760921,12.8916034973762,-18.42729076498541,22.525070782119734,296.1962427219396,259
WTI,2022,2,5,-5.53568726760921,12.8916034973762,-18.42729076498541,24.995503936861702,296.1962427219396,259
WTI,2022,4,20,8.467697204810715,-1.4975440514557603,9.965241256266475,27.266562680246842,296.45430820552536,259
WTI,2022,8,20,8.467697204810715,-1.4975440514557603,9.965241256266475,29.343934631121083,296.45430820552536,259
WTI,2022,16,75,22.014317577331703,-3.8439408394676065,25.85825841679931,31.190326299614494,295.5698206346903,259
WTI,2022,32,85,26.069201320094933,-6.266506428538541,32.335707748633475,32.98298508475312,295.31753409330486,259
WTI,2022,60,85,26.069201320094933,-6.266506428538541,32.335707748633475,34.5501410233388,295.31753409330486,259
WTI,2023,1,5,12.8916034973762,-25.958056234918164,38.84965973229436,15.755961389760401,207.1849899723069,259
WTI,2023,2,5,12.8916034973762,-25.958056234918164,38.84965973229436,17.48399366893069,207.1849899723069,259
WTI,2023,4,5,12.8916034973762,-25.958056234918164,38.84965973229436,19.05596363123094,207.1849899723069,259
WTI,2023,8,5,12.8916034973762,-25.958056234918164,38.84965973229436,20.507790354262553,207.1849899723069,259
WTI,2023,16,5,12.8916034973762,-25.958056234918164,38.84965973229436,21.863421061534996,207.1849899723069,259
WTI,2023,32,5,12.8916034973762,-25.958056234918164,38.84965973229436,23.13976870700224,207.1849899723069,259
WTI,2023,60,5,12.8916034973762,-25.958056234918164,38.84965973229436,24.239233350772196,207.1849899723069,259
WTI,2024,1,5,-25.958056234918164,-4.220760890420347,-21.737295344497817,12.88674698450006,170.10890702305417,261
WTI,2024,2,10,-15.727476821986446,-19.759856738221327,4.032379916234881,14.470356573294113,172.1342345811953,261
WTI,2024,4,20,-3.008137236802247,2.960469329412233,-5.96860656621448,15.807827484376675,172.53210964612018,261
WTI,2024,8,20,-3.008137236802247,2.960469329412233,-5.96860656621448,17.012186750537236,172.53210964612018,261
WTI,2024,16,75,1.7116785208901004,-6.3754375269909,8.087116047881,18.12837663434695,172.45248506151844,261
WTI,2024,32,75,1.7116785208901004,-6.3754375269909,8.087116047881,19.186679027566633,172.45248506151844,261
WTI,2024,60,75,1.7116785208901004,-6.3754375269909,8.087116047881,20.09831628242772,172.45248506151844,261
WTI,2025,1,5,-4.220760890420347,38.903773426244726,-43.12453431666507,15.564382837549186,205.0605308631755,260
WTI,2025,2,5,-4.220760890420347,38.903773426244726,-43.12453431666507,17.271403772884064,205.0605308631755,260
WTI,2025,4,20,2.960469329412233,43.80615187580646,-40.84568254639422,18.775676507189246,204.53129088728338,260
WTI,2025,8,35,13.256446682542846,67.63516755521336,-54.37872087267051,20.168180414242528,204.14696566206274,260
WTI,2025,16,35,13.256446682542846,67.63516755521336,-54.37872087267051,21.50136181541065,204.14696566206274,260
WTI,2025,32,35,13.256446682542846,67.63516755521336,-54.37872087267051,22.756573085879218,204.14696566206274,260
WTI,2025,60,35,13.256446682542846,67.63516755521336,-54.37872087267051,23.837830545195136,204.14696566206274,260
UKOIL,2011,1,5,1.982360451873598,-4.473171139347437,6.455531591221035,14.816152091354018,187.15346696885425,239
UKOIL,2011,2,5,1.982360451873598,-4.473171139347437,6.455531591221035,16.44111095191552,187.15346696885425,239
UKOIL,2011,4,15,8.642622723217857,-1.506907799588538,10.149530522806394,17.88408913320871,186.7855465536216,239
UKOIL,2011,8,15,8.642622723217857,-1.506907799588538,10.149530522806394,19.246633637550552,186.7855465536216,239
UKOIL,2011,16,15,8.642622723217857,-1.506907799588538,10.149530522806394,20.518897841541847,186.7855465536216,239
UKOIL,2012,1,5,-4.473171139347437,-11.434635066072234,6.961463926724797,11.859121190364773,149.1729845789428,237
UKOIL,2012,2,10,5.295760082725647,-15.039412699538483,20.33517278226413,13.126628908215942,148.79733293814624,237
UKOIL,2012,4,10,5.295760082725647,-15.039412699538483,20.33517278226413,14.306832169593559,148.79733293814624,237
UKOIL,2012,8,25,8.93174996174553,-7.616158001726682,16.547907963472213,15.378504346768034,148.62018934328276,237
UKOIL,2012,16,25,8.93174996174553,-7.616158001726682,16.547907963472213,16.395072800232274,148.62018934328276,237
UKOIL,2012,32,25,8.93174996174553,-7.616158001726682,16.547907963472213,17.352187997663837,148.62018934328276,237
UKOIL,2012,60,25,8.93174996174553,-7.616158001726682,16.547907963472213,18.176661113063112,148.62018934328276,237
UKOIL,2013,1,5,-11.434635066072234,10.797947101757797,-22.23258216783003,10.200849376368318,125.02333879273436,225
UKOIL,2013,2,5,-11.434635066072234,10.797947101757797,-22.23258216783003,11.319625727824368,125.02333879273436,225
UKOIL,2013,4,20,-8.173871900223302,24.281418548158527,-32.45529044838183,12.35113024735981,125.16285240327534,225
UKOIL,2013,8,25,-7.616158001726682,22.76132568053806,-30.377483682264742,13.305632001580511,125.28996976254814,225
UKOIL,2013,16,45,-3.6550400041962807,14.498571543857405,-18.153611548053686,14.195816468732083,125.38394289555623,225
UKOIL,2013,32,105,0.2055959306524884,24.12680461941945,-23.92120868876696,15.032710525814132,125.45210321036882,225
UKOIL,2013,60,225,1.7833892519407573,22.444630494542103,-20.661241242601346,15.746123809176787,125.44531545246582,225
UKOIL,2014,1,5,10.797947101757797,5.428568490300177,5.369378611457621,9.775556526747236,128.29651014249382,258
UKOIL,2014,2,10,18.969256175807264,19.92105119659753,-0.9517950207902679,10.72591923862318,126.8563296240772,258
UKOIL,2014,4,20,24.281418548158527,3.553976210919364,20.72744233723916,11.6079989633606,125.96349583004307,258
UKOIL,2014,8,20,24.281418548158527,3.553976210919364,20.72744233723916,12.492383685228457,125.96349583004307,258
UKOIL,2014,16,20,24.281418548158527,3.553976210919364,20.72744233723916,13.318170307686545,125.96349583004307,258
UKOIL,2014,32,20,24.281418548158527,3.553976210919364,20.72744233723916,14.095661408750031,125.96349583004307,258
UKOIL,2014,60,220,26.39577370762284,12.50538682240039,13.890386885222451,14.722371503548072,125.59638877111644,258
UKOIL,2015,1,5,5.428568490300177,6.419579573406731,-0.991011083106554,19.924017678085136,261.48710092582644,258
UKOIL,2015,2,10,19.92105119659753,9.254561665267596,10.666489531329935,22.010435686700355,260.3192344192986,258
UKOIL,2015,4,10,19.92105119659753,9.254561665267596,10.666489531329935,23.989373932263707,260.3192344192986,258
UKOIL,2015,8,10,19.92105119659753,9.254561665267596,10.666489531329935,25.817064980465428,260.3192344192986,258
UKOIL,2015,16,10,19.92105119659753,9.254561665267596,10.666489531329935,27.523655766434363,260.3192344192986,258
UKOIL,2015,32,10,19.92105119659753,9.254561665267596,10.666489531329935,29.130437849314532,260.3192344192986,258
UKOIL,2015,60,10,19.92105119659753,9.254561665267596,10.666489531329935,30.514543579946473,260.3192344192986,258
UKOIL,2016,1,5,6.419579573406731,6.328507551217103,0.09107202218962751,21.00066863835262,275.6173001084448,258
UKOIL,2016,2,10,9.254561665267596,-0.801028446541113,10.055590111808709,23.23472820027589,274.7990427418498,258
UKOIL,2016,4,10,9.254561665267596,-0.801028446541113,10.055590111808709,25.323741471765942,274.7990427418498,258
UKOIL,2016,8,10,9.254561665267596,-0.801028446541113,10.055590111808709,27.25309468146656,274.7990427418498,258
UKOIL,2016,16,50,10.198013758021613,0.9594354594124677,9.238578298609145,29.0891035849763,275.1252682217985,258
UKOIL,2016,32,50,10.198013758021613,0.9594354594124677,9.238578298609145,30.787273727926035,275.1252682217985,258
UKOIL,2016,60,50,10.198013758021613,0.9594354594124677,9.238578298609145,32.25010247831364,275.1252682217985,258
UKOIL,2017,1,5,6.328507551217103,14.784298922129542,-8.45579137091244,11.39994281317677,149.3250721130325,257
UKOIL,2017,2,5,6.328507551217103,14.784298922129542,-8.45579137091244,12.65022952526958,149.3250721130325,257
UKOIL,2017,4,5,6.328507551217103,14.784298922129542,-8.45579137091244,13.787600151596498,149.3250721130325,257
UKOIL,2017,8,35,8.464523549882268,-0.027874529110553613,8.49239807899282,14.8522207631204,149.46774937413022,257
UKOIL,2017,16,35,8.464523549882268,-0.027874529110553613,8.49239807899282,15.834000184007179,149.46774937413022,257
UKOIL,2017,32,35,8.464523549882268,-0.027874529110553613,8.49239807899282,16.758360959766147,149.46774937413022,257
UKOIL,2017,60,245,10.790179754215655,3.887771734858405,6.90240801935725,17.519751633253698,149.17087383157633,257
UKOIL,2018,1,5,14.784298922129542,-11.047791279683292,25.832090201812832,13.88708415759252,182.2570846579794,258
UKOIL,2018,2,5,14.784298922129542,-11.047791279683292,25.832090201812832,15.410147656813187,182.2570846579794,258
UKOIL,2018,4,20,15.62726083692289,-11.379500208726045,27.006761045648936,16.797536447715046,182.27744669561798,258
UKOIL,2018,8,25,16.071604990620806,-2.0352118972295448,18.10681688785035,18.067439190765324,182.17802610854605,258
UKOIL,2018,16,25,16.071604990620806,-2.0352118972295448,18.10681688785035,19.261754860356138,182.17802610854605,258
UKOIL,2018,32,115,18.76562808900728,-19.545313387546738,38.31094147655402,20.36197186298013,181.9613201166839,258
UKOIL,2018,60,115,18.76562808900728,-19.545313387546738,38.31094147655402,21.329452066618067,181.9613201166839,258
UKOIL,2019,1,5,-11.047791279683292,47.41435007018488,-58.462141349868176,14.401098476818575,189.0031193353438,258
UKOIL,2019,2,5,-11.047791279683292,47.41435007018488,-58.462141349868176,15.98053640560313,189.0031193353438,258
UKOIL,2019,4,15,-7.608795139881082,-24.00577642820149,16.396981288320408,17.490033949206307,189.7920412796406,258
UKOIL,2019,8,25,-2.0352118972295448,41.438289938421896,-43.47350183565144,18.83116998815073,189.878894376424,258
UKOIL,2019,16,25,-2.0352118972295448,41.438289938421896,-43.47350183565144,20.075970712598277,189.878894376424,258
UKOIL,2019,32,25,-2.0352118972295448,41.438289938421896,-43.47350183565144,21.247970185021877,189.878894376424,258
UKOIL,2019,60,260,0.39122678436222663,-5.016211641434431,5.4074384257966575,22.272979569026408,190.0105428237837,258
UKOIL,2020,1,5,47.41435007018488,-14.45330060534352,61.8676506755284,32.87704116457817,432.3207753243824,259
UKOIL,2020,2,5,47.41435007018488,-14.45330060534352,61.8676506755284,36.4828248403952,432.3207753243824,259
UKOIL,2020,4,5,47.41435007018488,-14.45330060534352,61.8676506755284,39.762962426516296,432.3207753243824,259
UKOIL,2020,8,5,47.41435007018488,-14.45330060534352,61.8676506755284,42.79240415693111,432.3207753243824,259
UKOIL,2020,16,5,47.41435007018488,-14.45330060534352,61.8676506755284,45.62111929937411,432.3207753243824,259
UKOIL,2020,32,5,47.41435007018488,-14.45330060534352,61.8676506755284,48.28439912358146,432.3207753243824,259
UKOIL,2020,60,5,47.41435007018488,-14.45330060534352,61.8676506755284,50.57858755537812,432.3207753243824,259
UKOIL,2021,1,5,-14.45330060534352,-9.89584372382166,-4.55745688152186,15.875216117861278,208.75314497310475,259
UKOIL,2021,2,10,-9.032417898473437,-19.13907952995129,10.106661631477852,17.644656655832826,209.08884328869144,259
UKOIL,2021,4,20,8.43257547113034,-3.031303287689916,11.463878758820256,19.2059019468532,208.81518664038563,259
UKOIL,2021,8,20,8.43257547113034,-3.031303287689916,11.463878758820256,20.66915209919226,208.81518664038563,259
UKOIL,2021,16,75,15.973911243662219,18.156511044511944,-2.182599800849726,21.99774447039151,208.45788290331964,259
UKOIL,2021,32,140,17.998451824061593,12.430597940933373,5.567853883128221,23.273048006078383,208.37832386393958,259
UKOIL,2021,60,140,17.998451824061593,12.430597940933373,5.567853883128221,24.378845292103158,208.37832386393958,259
UKOIL,2022,1,5,-9.89584372382166,12.757468692063318,-22.653312415884976,22.55494882233569,296.0160081352514,258
UKOIL,2022,2,5,-9.89584372382166,12.757468692063318,-22.653312415884976,25.02865884585477,296.0160081352514,258
UKOIL,2022,4,20,-3.031303287689916,1.7716911380915883,-4.802994425781504,27.30906905440399,296.34270444153157,258
UKOIL,2022,8,30,4.7241984262946755,-8.011540804470016,12.735739230764691,29.377300710422976,296.21788673613037,258
UKOIL,2022,16,75,18.156511044511944,-4.052726916886445,22.20923796139839,31.256974601999833,295.6290315394452,258
UKOIL,2022,32,85,25.6421775220154,-9.15268188122914,34.79485940324454,33.01861474733172,295.06527011619954,258
UKOIL,2022,60,85,25.6421775220154,-9.15268188122914,34.79485940324454,34.587463596281836,295.06527011619954,258
UKOIL,2023,1,5,12.757468692063318,-20.762134309408996,33.51960300147231,14.79336461308074,193.77467710533952,257
UKOIL,2023,2,5,12.757468692063318,-20.762134309408996,33.51960300147231,16.415824260992313,193.77467710533952,257
UKOIL,2023,4,5,12.757468692063318,-20.762134309408996,33.51960300147231,17.891756083739185,193.77467710533952,257
UKOIL,2023,8,5,12.757468692063318,-20.762134309408996,33.51960300147231,19.25488471407327,193.77467710533952,257
UKOIL,2023,16,5,12.757468692063318,-20.762134309408996,33.51960300147231,20.527694340682462,193.77467710533952,257
UKOIL,2023,32,5,12.757468692063318,-20.762134309408996,33.51960300147231,21.726064635288214,193.77467710533952,257
UKOIL,2023,60,5,12.757468692063318,-20.762134309408996,33.51960300147231,22.75835844155828,193.77467710533952,257
UKOIL,2024,1,5,-20.762134309408996,-0.2973437226429611,-20.464790586766036,11.820484757443921,155.43494651684136,259
UKOIL,2024,2,10,-15.329307610801525,-11.653537497995842,-3.675770112805683,13.216306618757933,156.6129801993782,259
UKOIL,2024,4,15,-5.725169270185726,-11.784004867227646,6.058835597041919,14.451592702778518,157.1242025410824,259
UKOIL,2024,8,25,-4.57848978723657,-5.100388596410313,0.5218988091737424,15.540691790568735,157.00365652131114,259
UKOIL,2024,16,80,2.1218784157587174,-10.371911649034772,12.493790064793489,16.55280111046956,156.85980352451975,259
UKOIL,2024,32,150,3.3531184455086125,0.6633934570232846,2.689724988485328,17.531675388597627,156.97218220185505,259
UKOIL,2024,60,250,4.989133296679942,4.096933283322585,0.8922000133573569,18.3443114032469,156.7981098713052,259
UKOIL,2025,1,5,-0.2973437226429611,11.017583271603197,-11.314926994246157,14.227158530515426,186.72029400217656,258
UKOIL,2025,2,5,-0.2973437226429611,11.017583271603197,-11.314926994246157,15.787519626448363,186.72029400217656,258
UKOIL,2025,4,5,-0.2973437226429611,11.017583271603197,-11.314926994246157,17.20696115119014,186.72029400217656,258
UKOIL,2025,8,35,1.5691710713467322,57.14224082677275,-55.57306975542602,18.52035801683059,186.74490782591437,258
UKOIL,2025,16,35,1.5691710713467322,57.14224082677275,-55.57306975542602,19.744613073254868,186.74490782591437,258
UKOIL,2025,32,35,1.5691710713467322,57.14224082677275,-55.57306975542602,20.89726847589208,186.74490782591437,258
UKOIL,2025,60,275,9.01113380906732,-19.132566174020152,28.143699983087473,21.870789881515464,186.57946703954715,258
US500,2012,1,5,-3.4105262422577023,-3.660384466521382,0.24985822426367976,6.196078612502081,79.72715343157881,248
US500,2012,2,5,-3.4105262422577023,-3.660384466521382,0.24985822426367976,6.8756324386264955,79.72715343157881,248
US500,2012,4,15,-0.8034022575888036,2.8962810280722002,-3.6996832856610036,7.628047533383471,81.1552691494831,248
US500,2012,8,25,2.141043570931027,2.110532457573808,0.030511113357219344,8.272861942767513,81.78452860977467,248
US500,2012,16,25,2.141043570931027,2.110532457573808,0.030511113357219344,8.819724646789165,81.78452860977467,248
US500,2013,1,5,-3.660384466521382,-2.102003532330094,-1.558380934191288,5.261590145812078,68.78606992993463,256
US500,2013,2,10,-2.6247652401529886,-1.0177363933404857,-1.607028846812503,5.831786691521595,68.70516377670128,256
US500,2013,4,15,2.8962810280722002,-1.177482403394184,4.073763431466384,6.328100400457943,68.40232048322827,256
US500,2013,8,30,4.979548231915236,-9.352130969042973,14.33167920095821,6.80547106291235,68.35459459299855,256
US500,2013,16,45,9.048504076456682,-2.294741651939619,11.343245728396301,7.205945133250921,67.88928292772295,256
US500,2013,32,85,10.362306045479986,0.10560906911379449,10.256696976366191,7.61891724402564,67.82075684407991,256
US500,2013,60,85,10.362306045479986,0.10560906911379449,10.256696976366191,7.9809230289443365,67.82075684407991,256
US500,2014,1,5,-2.102003532330094,-6.318717495568545,4.216713963238451,5.307260163055184,69.6536259061283,258
US500,2014,2,10,-1.0177363933404857,-10.312555645595953,9.294819252255468,5.888455338219407,69.64324593009935,258
US500,2014,4,10,-1.0177363933404857,-10.312555645595953,9.294819252255468,6.4178809998447806,69.64324593009935,258
US500,2014,8,10,-1.0177363933404857,-10.312555645595953,9.294819252255468,6.906843474853955,69.64324593009935,258
US500,2014,16,55,4.351286459657759,-10.694035007561654,15.045321467219413,7.338272265940643,69.40551191457931,258
US500,2014,32,130,4.704100347510459,-3.258330791447321,7.96243113895778,7.770491315377041,69.43968232624277,258
US500,2014,60,130,4.704100347510459,-3.258330791447321,7.96243113895778,8.139699001683486,69.43968232624277,258
US500,2015,1,5,-6.318717495568545,-7.59110062037761,1.272383124809065,7.455125614144069,98.03210907920457,259
US500,2015,2,5,-6.318717495568545,-7.59110062037761,1.272383124809065,8.272765197526297,98.03210907920457,259
US500,2015,4,5,-6.318717495568545,-7.59110062037761,1.272383124809065,9.016561989147396,98.03210907920457,259
US500,2015,8,25,3.713234639870202,-1.7466631367140835,5.4598977765842855,9.699861997057464,97.9952386813532,259
US500,2015,16,25,3.713234639870202,-1.7466631367140835,5.4598977765842855,10.341053980804412,97.9952386813532,259
US500,2015,32,25,3.713234639870202,-1.7466631367140835,5.4598977765842855,10.944746324418029,97.9952386813532,259
US500,2015,60,25,3.713234639870202,-1.7466631367140835,5.4598977765842855,11.464775792780323,97.9952386813532,259
US500,2016,1,5,-7.59110062037761,-1.3930536307077233,-6.198046989669886,6.229898548275977,81.76253086959036,258
US500,2016,2,10,-2.769216977248496,0.09793026157438713,-2.8671472388228834,6.917609566912828,81.81513769663704,258
US500,2016,4,20,0.41275199934458195,4.417858317148644,-4.005106317804062,7.546497378312565,81.89035802336986,258
US500,2016,8,35,4.153619974389759,3.7251915605121395,0.42842841387761954,8.093907642582662,81.61267915512074,258
US500,2016,16,35,4.153619974389759,3.7251915605121395,0.42842841387761954,8.628940893487316,81.61267915512074,258
US500,2016,32,120,4.416826313579122,6.998727539904813,-2.581901226325691,9.15865414072225,81.84476479745248,258
US500,2016,60,120,4.416826313579122,6.998727539904813,-2.581901226325691,9.593819095901527,81.84476479745248,258
US500,2017,1,5,-1.3930536307077233,6.770045706646866,-8.16309933735459,3.1627669563942886,41.42831342052015,257
US500,2017,2,10,0.09793026157438713,1.404310362274032,-1.306380100699645,3.5346984397788175,41.72407293981865,257
US500,2017,4,20,4.417858317148644,-2.1736561927930773,6.591514509941721,3.813627588951881,41.30307003909956,257
US500,2017,8,40,5.339758767538904,0.5573708006188163,4.782387966920088,4.086103627494268,41.12117121417761,257
US500,2017,16,65,6.998727539904813,1.249934190187672,5.7487933497171415,4.335295294991403,40.92376045751896,257
US500,2017,32,65,6.998727539904813,1.249934190187672,5.7487933497171415,4.588382125574494,40.92376045751896,257
US500,2017,60,65,6.998727539904813,1.249934190187672,5.7487933497171415,4.806394845712385,40.92376045751896,257
US500,2018,1,5,6.770045706646866,1.7176895985638436,5.052356108083022,7.964522314943538,104.73048487083686,259
US500,2018,2,5,6.770045706646866,1.7176895985638436,5.052356108083022,8.838029891405286,104.73048487083686,259
US500,2018,4,5,6.770045706646866,1.7176895985638436,5.052356108083022,9.632649117325572,104.73048487083686,259
US500,2018,8,5,6.770045706646866,1.7176895985638436,5.052356108083022,10.366536821603098,104.73048487083686,259
US500,2018,16,5,6.770045706646866,1.7176895985638436,5.052356108083022,11.051798149160735,104.73048487083686,259
US500,2018,32,5,6.770045706646866,1.7176895985638436,5.052356108083022,11.696982473524205,104.73048487083686,259
US500,2018,60,205,6.931595350167937,0.20171318680212802,6.729882163365809,12.24950196071528,104.70269022826575,259
US500,2019,1,5,1.7176895985638436,3.6449863973533656,-1.927296798789522,6.455830344724691,85.05547643418784,260
US500,2019,2,10,8.467715243854276,7.227211849105591,1.2405033947486848,7.118050473246264,84.51144029452679,260
US500,2019,4,10,8.467715243854276,7.227211849105591,1.2405033947486848,7.758027914668236,84.51144029452679,260
US500,2019,8,10,8.467715243854276,7.227211849105591,1.2405033947486848,8.349092867483378,84.51144029452679,260
US500,2019,16,10,8.467715243854276,7.227211849105591,1.2405033947486848,8.90099468008784,84.51144029452679,260
US500,2019,32,10,8.467715243854276,7.227211849105591,1.2405033947486848,9.420618922344872,84.51144029452679,260
US500,2019,60,10,8.467715243854276,7.227211849105591,1.2405033947486848,9.868230891102975,84.51144029452679,260
US500,2020,1,5,3.6449863973533656,-11.286140966985421,14.931127364338787,15.095586903517479,198.88415084847153,260
US500,2020,2,10,7.227211849105591,-6.536977181614486,13.764189030720077,16.75295490707061,198.90507291389002,260
US500,2020,4,10,7.227211849105591,-6.536977181614486,13.764189030720077,18.259197839455304,198.90507291389002,260
US500,2020,8,30,13.786169948699868,2.469917723111714,11.316252225588155,19.598715109649657,198.38270673564222,260
US500,2020,16,30,13.786169948699868,2.469917723111714,11.316252225588155,20.8942530280097,198.38270673564222,260
US500,2020,32,30,13.786169948699868,2.469917723111714,11.316252225588155,22.114022366990934,198.38270673564222,260
US500,2020,60,30,13.786169948699868,2.469917723111714,11.316252225588155,23.164749624981507,198.38270673564222,260
US500,2021,1,5,-11.286140966985421,4.881565932574623,-16.167706899560045,6.345021136550321,83.4346510524322,259
US500,2021,2,10,-6.536977181614486,2.147318918862143,-8.68429610047663,7.03943294172614,83.417145479409,259
US500,2021,4,15,-4.278279721171876,0.37006105978353154,-4.648340780955408,7.743494035179465,84.19074286014691,259
US500,2021,8,40,3.9283584186368037,-5.8051709964478295,9.733529415084632,8.331304627019515,84.16905165243692,259
US500,2021,16,70,9.614124212386752,-10.520136701018181,20.134260913404933,8.830742846255863,83.6830321704964,259
US500,2021,32,70,9.614124212386752,-10.520136701018181,20.134260913404933,9.346265911370999,83.6830321704964,259
US500,2021,60,70,9.614124212386752,-10.520136701018181,20.134260913404933,9.790345065788618,83.6830321704964,259
US500,2022,1,5,4.881565932574623,1.2283396380673615,3.6532262945072613,11.236323698465956,147.75344742245937,259
US500,2022,2,5,4.881565932574623,1.2283396380673615,3.6532262945072613,12.468665513086924,147.75344742245937,259
US500,2022,4,5,4.881565932574623,1.2283396380673615,3.6532262945072613,13.589711884281387,147.75344742245937,259
US500,2022,8,5,4.881565932574623,1.2283396380673615,3.6532262945072613,14.625078410672343,147.75344742245937,259
US500,2022,16,5,4.881565932574623,1.2283396380673615,3.6532262945072613,15.591842993656964,147.75344742245937,259
US500,2022,32,5,4.881565932574623,1.2283396380673615,3.6532262945072613,16.50206706323136,147.75344742245937,259
US500,2022,60,5,4.881565932574623,1.2283396380673615,3.6532262945072613,17.286147471072834,147.75344742245937,259
US500,2023,1,5,1.2283396380673615,-5.3356312380075845,6.563970876074946,5.934521726033458,78.18724251780817,260
US500,2023,2,10,3.8952264327340314,0.008940268346781131,3.88628616438725,6.5737556968495,78.04911810799986,260
US500,2023,4,20,4.318716151498918,2.4948392530945496,1.823876898404368,7.159188797277523,77.98803552310216,260
US500,2023,8,25,5.094265744906951,0.7606085493442095,4.333657195562742,7.698874713560374,77.92978243470174,260
US500,2023,16,60,6.9408437695591445,4.6041739457494195,2.336669823809725,8.203485649998985,77.88886665305307,260
US500,2023,32,145,9.36328554243095,8.384555690940248,0.9787298514907015,8.654135998487396,77.63539781894049,260
US500,2023,60,145,9.36328554243095,8.384555690940248,0.9787298514907015,9.065329242170701,77.63539781894049,260
US500,2024,1,5,-5.3356312380075845,-7.512908946393888,2.1772777083863035,5.837586587367399,77.05788553340122,261
US500,2024,2,10,0.008940268346781131,-0.5135123826893526,0.5224526510361337,6.492325339817533,77.23040184677247,261
US500,2024,4,20,2.4948392530945496,4.085884782281407,-1.5910455291868573,7.068289806906432,77.1457654874465,261
US500,2024,8,35,5.9951275829876,-4.821010575010134,10.816138157997734,7.584086469841042,76.91535824099446,261
US500,2024,16,70,8.384555690940248,3.797002014028755,4.587553676911493,8.068645751154397,76.75579777128584,261
US500,2024,32,70,8.384555690940248,3.797002014028755,4.587553676911493,8.539678942968713,76.75579777128584,261
US500,2024,60,70,8.384555690940248,3.797002014028755,4.587553676911493,8.945433865838782,76.75579777128584,261
US500,2025,1,5,-7.512908946393888,6.8990562126847665,-14.411965159078655,9.292093445276187,122.42320396551007,260
US500,2025,2,10,-0.5135123826893526,-0.06555273350839974,-0.4479596491809529,10.325729947327519,122.59569010094403,260
US500,2025,4,20,4.085884782281407,-1.0840193088550856,5.169904091136493,11.245970904110626,122.50706095292183,260
US500,2025,8,20,4.085884782281407,-1.0840193088550856,5.169904091136493,12.102773603831624,122.50706095292183,260
US500,2025,16,60,4.903040232788645,-0.2787587402314221,5.181798973020067,12.898970354391723,122.4706453768254,260
US500,2025,32,60,4.903040232788645,-0.2787587402314221,5.181798973020067,13.651989307575793,122.4706453768254,260
US500,2025,60,195,5.2546270356434395,7.343479151787227,-2.088852116143787,14.2980083383945,122.44801437614274,260
USTECH,2012,1,5,-5.304639753981652,-10.933092912287194,5.6284531583055415,7.776055265108764,98.01923659607982,238
USTECH,2012,2,5,-5.304639753981652,-10.933092912287194,5.6284531583055415,8.628892751208008,98.01923659607982,238
USTECH,2012,4,20,4.305935162253699,-2.97686838148067,7.282803543734369,9.629467715513101,100.36175597930662,238
USTECH,2012,8,20,4.305935162253699,-2.97686838148067,7.282803543734369,10.36311303665759,100.36175597930662,238
USTECH,2012,16,20,4.305935162253699,-2.97686838148067,7.282803543734369,11.048148041050856,100.36175597930662,238
USTECH,2013,1,5,-10.933092912287194,-3.1589142978364535,-7.77417861445074,6.0373090763033535,77.52742958870517,247
USTECH,2013,2,10,-7.386668531013947,-1.2931438463002791,-6.0935246847136675,6.728695710020006,77.86586840711276,247
USTECH,2013,4,15,-0.3329292552599622,1.3702686891726872,-1.7031979444326493,7.308870788685776,77.60259643734948,247
USTECH,2013,8,35,7.931200880133895,0.3101856135520163,7.621015266581879,7.825161824190908,77.20249602127507,247
USTECH,2013,16,65,10.601507645840867,-0.5143240252231872,11.115831671064054,8.329195414631325,77.08001949300072,247
USTECH,2013,32,160,12.548763081112584,7.14215585238277,5.406607228729814,8.76082565778793,76.60249364631221,247
USTECH,2013,60,280,13.744215271108573,7.14215585238277,6.602059418725802,8.96623220225635,74.84244819334397,247
USTECH,2014,1,5,-3.1589142978364535,-4.322052037306214,1.1631377394697608,6.593561908576613,86.36746022461645,257
USTECH,2014,2,10,-1.2931438463002791,-6.4052251045221915,5.112081258221912,7.308997346373111,86.27642317801104,257
USTECH,2014,4,15,1.3702686891726872,-14.515067214300217,15.885335903472903,7.955043580861908,86.15621597040384,257
USTECH,2014,8,15,1.3702686891726872,-14.515067214300217,15.885335903472903,8.561118669851274,86.15621597040384,257
USTECH,2014,16,55,3.6345051249871587,-10.619651533719841,14.254156658707,9.115664292569056,86.04887015452884,257
USTECH,2014,32,100,7.14215585238277,-7.170980945103656,14.313136797486425,9.635362258630181,85.93775457274707,257
USTECH,2014,60,100,7.14215585238277,-7.170980945103656,14.313136797486425,10.093177557798386,85.93775457274707,257
USTECH,2015,1,5,-4.322052037306214,-9.087150682844758,4.765098645538544,8.503126469958584,111.59686391368527,258
USTECH,2015,2,5,-4.322052037306214,-9.087150682844758,4.765098645538544,9.43570536187596,111.59686391368527,258
USTECH,2015,4,5,-4.322052037306214,-9.087150682844758,4.765098645538544,10.284061045528619,111.59686391368527,258
USTECH,2015,8,25,0.6590633783307932,1.8912361204135277,-1.2321727420827346,11.075932192411246,111.68109895490448,258
USTECH,2015,16,25,0.6590633783307932,1.8912361204135277,-1.2321727420827346,11.80808682888476,111.68109895490448,258
USTECH,2015,32,130,1.1461889551194482,-0.37465445104428463,1.5208434061637328,12.476562570026221,111.49469270645132,258
USTECH,2015,60,275,3.7608534443388137,-6.65289228168167,10.413745726020483,13.083153389868308,111.6122371392436,258
USTECH,2016,1,5,-9.087150682844758,-1.730652702895955,-7.356497979948803,7.7032230962128985,101.0987596858612,258
USTECH,2016,2,10,-3.8422708456070875,-5.008366834132693,1.1660959885256057,8.54821599846657,101.10045416848418,258
USTECH,2016,4,15,2.1562177210879283,1.2123695688442668,0.9438481522436615,9.320151069600854,101.13705334542495,258
USTECH,2016,8,15,2.1562177210879283,1.2123695688442668,0.9438481522436615,10.030230320768279,101.13705334542495,258
USTECH,2016,16,15,2.1562177210879283,1.2123695688442668,0.9438481522436615,10.693260710145282,101.13705334542495,258
USTECH,2016,32,120,5.514584363482466,10.859762886978197,-5.345178523495732,11.302589995148807,101.00368520762197,258
USTECH,2016,60,120,5.514584363482466,10.859762886978197,-5.345178523495732,11.839622073560797,101.00368520762197,258
USTECH,2017,1,5,-1.730652702895955,5.533489104012363,-7.2641418069083175,4.961380931184152,64.98791945455787,257
USTECH,2017,2,5,-1.730652702895955,5.533489104012363,-7.2641418069083175,5.505519507451412,64.98791945455787,257
USTECH,2017,4,20,4.940649200568687,-2.848461563335109,7.789110763903796,5.971015640608337,64.66842172084905,257
USTECH,2017,8,40,7.443619526606053,7.757610358308113,-0.31399083170205966,6.402102361021889,64.42860272726676,257
USTECH,2017,16,65,10.859762886978197,-0.512769578873026,11.372532465851224,6.780608180282631,64.00670912700312,257
USTECH,2017,32,65,10.859762886978197,-0.512769578873026,11.372532465851224,7.176448029013607,64.00670912700312,257
USTECH,2017,60,65,10.859762886978197,-0.512769578873026,11.372532465851224,7.517430299651663,64.00670912700312,257
USTECH,2018,1,5,5.533489104012363,-0.8956312540560061,6.429120358068369,10.597870003491295,139.35802050315547,259
USTECH,2018,2,5,5.533489104012363,-0.8956312540560061,6.429120358068369,11.76018952201875,139.35802050315547,259
USTECH,2018,4,5,5.533489104012363,-0.8956312540560061,6.429120358068369,12.817537461489966,139.35802050315547,259
USTECH,2018,8,40,7.757610358308113,-8.743641303540532,16.501251661848645,13.799340496282555,139.4112272925836,259
USTECH,2018,16,45,8.697009988991665,-3.5692696956041807,12.266279684595846,14.702580097845821,139.32649888440469,259
USTECH,2018,32,100,8.885516026445957,-3.0027991493661017,11.888315175812059,15.560383080422628,139.3219549124988,259
USTECH,2018,60,100,8.885516026445957,-3.0027991493661017,11.888315175812059,16.299720247404075,139.3219549124988,259
USTECH,2019,1,5,-0.8956312540560061,-10.190575477919216,9.29494422386321,8.244846348146789,108.62573779395134,260
USTECH,2019,2,10,5.388720240253445,13.906175256591114,-8.517455016337669,9.144071476469378,108.56605380041556,260
USTECH,2019,4,15,9.444257121000257,4.038570818804955,5.405686302195302,9.936967545298137,108.24754030922129,260
USTECH,2019,8,15,9.444257121000257,4.038570818804955,5.405686302195302,10.694040517693907,108.24754030922129,260
USTECH,2019,16,15,9.444257121000257,4.038570818804955,5.405686302195302,11.40095088980956,108.24754030922129,260
USTECH,2019,32,15,9.444257121000257,4.038570818804955,5.405686302195302,12.066518130331543,108.24754030922129,260
USTECH,2019,60,280,11.236818390563995,15.96733646604496,-4.7305180754809655,12.612528440047088,108.01357973748468,260
USTECH,2020,1,5,-10.190575477919216,-2.625859624407437,-7.564715853511779,16.191582905241347,213.32388317086173,260
USTECH,2020,2,10,13.906175256591114,-2.1409767460860687,16.047152002677183,17.946554679997522,213.0764863260893,260
USTECH,2020,4,20,17.518058403125604,-3.3765489318234225,20.894607334949026,19.525009380225853,212.6940870330185,260
USTECH,2020,8,20,17.518058403125604,-3.3765489318234225,20.894607334949026,21.01257153841537,212.6940870330185,260
USTECH,2020,16,20,17.518058403125604,-3.3765489318234225,20.894607334949026,22.40156990070427,212.6940870330185,260
USTECH,2020,32,20,17.518058403125604,-3.3765489318234225,20.894607334949026,23.70933371850115,212.6940870330185,260
USTECH,2020,60,20,17.518058403125604,-3.3765489318234225,20.894607334949026,24.83586071541736,212.6940870330185,260
USTECH,2021,1,5,-2.625859624407437,2.6294690474030875,-5.255328671810524,9.038430973360438,118.851981434663,259
USTECH,2021,2,10,-2.1409767460860687,2.5876355676841256,-4.728612313770194,10.042318538322684,119.00128226186588,259
USTECH,2021,4,15,5.8031317922409285,-0.2066899346605621,6.009821726901491,10.931594199878715,118.85319884696372,259
USTECH,2021,8,15,5.8031317922409285,-0.2066899346605621,6.009821726901491,11.764445316298278,118.85319884696372,259
USTECH,2021,16,75,6.622481984873524,1.8937241546373556,4.728757830236168,12.537766885938462,118.81201479069469,259
USTECH,2021,32,90,9.8887277033606,-3.4990890053109656,13.387816708671565,13.2429286699787,118.57231930167222,259
USTECH,2021,60,90,9.8887277033606,-3.4990890053109656,13.387816708671565,13.872154140508277,118.57231930167222,259
USTECH,2022,1,5,2.6294690474030875,4.32245268473896,-1.6929836373358724,14.959595316919614,196.71307443924195,259
USTECH,2022,2,5,2.6294690474030875,4.32245268473896,-1.6929836373358724,16.600286287878824,196.71307443924195,259
USTECH,2022,4,5,2.6294690474030875,4.32245268473896,-1.6929836373358724,18.092802923623307,196.71307443924195,259
USTECH,2022,8,5,2.6294690474030875,4.32245268473896,-1.6929836373358724,19.47124881528163,196.71307443924195,259
USTECH,2022,16,5,2.6294690474030875,4.32245268473896,-1.6929836373358724,20.758360802822093,196.71307443924195,259
USTECH,2022,32,105,7.244617469230968,3.031985479978121,4.212631989252847,21.9732479176871,196.7403912774371,259
USTECH,2022,60,105,7.244617469230968,3.031985479978121,4.212631989252847,23.017286408312902,196.7403912774371,259
USTECH,2023,1,5,4.32245268473896,-6.050982737855571,10.37343542259453,8.237227684378018,108.52536200307044,260
USTECH,2023,2,10,12.614466882738165,-5.303009064873155,17.917475947611322,9.077552626651402,107.77628645808191,260
USTECH,2023,4,10,12.614466882738165,-5.303009064873155,17.917475947611322,9.89370712375884,107.77628645808191,260
USTECH,2023,8,10,12.614466882738165,-5.303009064873155,17.917475947611322,10.647484191667397,107.77628645808191,260
USTECH,2023,16,55,13.88487839706397,-0.03248076192940352,13.917359158993373,11.335313782716533,107.62434181775302,260
USTECH,2023,32,55,13.88487839706397,-0.03248076192940352,13.917359158993373,11.997049245638035,107.62434181775302,260
USTECH,2023,60,55,13.88487839706397,-0.03248076192940352,13.917359158993373,12.567077911099785,107.62434181775302,260
USTECH,2024,1,5,-6.050982737855571,-4.573744225334806,-1.4772385125207643,8.465902322648764,111.7524378186266,261
USTECH,2024,2,10,-5.303009064873155,1.1856100018659574,-6.488619066739113,9.39802048754581,111.79552176258659,261
USTECH,2024,4,15,2.1839360911884853,2.288195874747837,-0.1042597835593515,10.249296426633753,111.86437457160106,261
USTECH,2024,8,25,6.535415211435802,0.3754242767324502,6.159990934703352,11.017606289577197,111.73700854953799,261
USTECH,2024,16,25,6.535415211435802,0.3754242767324502,6.159990934703352,11.745905396832525,111.73700854953799,261
USTECH,2024,32,120,9.181006084424991,-3.570312923284313,12.751319007709304,12.410315105570183,111.54560292988391,261
USTECH,2024,60,120,9.181006084424991,-3.570312923284313,12.751319007709304,12.999979714987376,111.54560292988391,261
USTECH,2025,1,5,-4.573744225334806,7.601401189292139,-12.175145414626947,11.689645534722501,154.01091992992878,260
USTECH,2025,2,10,1.1856100018659574,-8.113846474912553,9.29945647677851,12.97431102654936,154.0418567982964,260
USTECH,2025,4,20,2.3727265204115415,-11.483090079989756,13.855816600401297,14.141123502156185,154.04516814001548,260
USTECH,2025,8,30,5.7149188162129985,12.899597991775147,-7.184679175562149,15.20756173981852,153.9344413098375,260
USTECH,2025,16,60,6.547740847735272,1.3767414356085417,5.170999412126731,16.209660546920723,153.9043453840283,260
USTECH,2025,32,60,6.547740847735272,1.3767414356085417,5.170999412126731,17.155951706691898,153.9043453840283,260
USTECH,2025,60,195,7.123156298054925,15.070497754803585,-7.94734145674866,17.96634330554505,153.86360192954848,260
BTCUSD,2017,1,5,30.078113140876663,37.83097003408674,-7.752856893210076,51.37629036376573,593.6647181493588,200
BTCUSD,2017,2,10,45.63042952202867,26.749284866000025,18.881144656028646,57.1161019190074,594.7594125148677,200
BTCUSD,2017,4,15,72.60097507620436,28.137635261222595,44.463339814981765,61.617520784572505,588.703624201768,200
BTCUSD,2017,8,35,80.48385197083059,-10.329897068263055,90.81374903909364,66.42617999280084,589.7172250930826,200
BTCUSD,2017,16,60,162.61366923976462,0.9459739117993652,161.66769532796525,71.75667767251056,597.5408607625177,200
BTCUSD,2018,1,5,37.83097003408674,-13.985741012719293,51.816711046806034,31.101743386854654,448.8751151477434,312
BTCUSD,2018,2,5,37.83097003408674,-13.985741012719293,51.816711046806034,34.51282159283985,448.8751151477434,312
BTCUSD,2018,4,5,37.83097003408674,-13.985741012719293,51.816711046806034,37.61583797945524,448.8751151477434,312
BTCUSD,2018,8,5,37.83097003408674,-13.985741012719293,51.816711046806034,40.48169561041215,448.8751151477434,312
BTCUSD,2018,16,5,37.83097003408674,-13.985741012719293,51.816711046806034,43.15766550789672,448.8751151477434,312
BTCUSD,2018,32,5,37.83097003408674,-13.985741012719293,51.816711046806034,45.67713328011002,448.8751151477434,312
BTCUSD,2018,60,5,37.83097003408674,-13.985741012719293,51.816711046806034,47.84743989406731,448.8751151477434,312
BTCUSD,2019,1,5,-13.985741012719293,20.202063425248635,-34.18780443796793,28.094156570289883,406.117464362835,313
BTCUSD,2019,2,10,15.416485428306384,27.693127945875336,-12.276642517568952,31.207041376191103,406.52993599283496,313
BTCUSD,2019,4,15,24.460270469862444,53.18984116105181,-28.729570691189366,33.93972416096037,405.6560602734478,313
BTCUSD,2019,8,40,45.61579472927157,19.935897059121533,25.679897670150037,36.35675644526956,403.78189058236893,313
BTCUSD,2019,16,40,45.61579472927157,19.935897059121533,25.679897670150037,38.76005463598803,403.78189058236893,313
BTCUSD,2019,32,40,45.61579472927157,19.935897059121533,25.679897670150037,41.022797705043274,403.78189058236893,313
BTCUSD,2019,60,40,45.61579472927157,19.935897059121533,25.679897670150037,42.97195788189387,403.78189058236893,313
BTCUSD,2020,1,5,20.202063425248635,-0.3910471606319584,20.593110585880595,27.779793593246513,414.82578787242414,334
BTCUSD,2020,2,10,27.693127945875336,22.134163244926075,5.558964700949261,30.875774793295424,415.4883624833804,334
BTCUSD,2020,4,15,53.18984116105181,-11.443324588507018,64.63316574955883,33.460221511210605,413.12315424474474,334
BTCUSD,2020,8,15,53.18984116105181,-11.443324588507018,64.63316574955883,36.00947300479118,413.12315424474474,334
BTCUSD,2020,16,15,53.18984116105181,-11.443324588507018,64.63316574955883,38.38981464641747,413.12315424474474,334
BTCUSD,2020,32,15,53.18984116105181,-11.443324588507018,64.63316574955883,40.63094376321812,413.12315424474474,334
BTCUSD,2020,60,15,53.18984116105181,-11.443324588507018,64.63316574955883,42.561485363538694,413.12315424474474,334
BTCUSD,2021,1,5,-0.3910471606319584,-36.20690030751852,35.81585314688656,27.28394845852774,425.9093276005164,365
BTCUSD,2021,2,10,22.134163244926075,-13.337394571454883,35.47155781638096,30.21764652152784,425.08407471792003,365
BTCUSD,2021,4,10,22.134163244926075,-13.337394571454883,35.47155781638096,32.93448762560916,425.08407471792003,365
BTCUSD,2021,8,40,36.24706009353434,0.27926470266251463,35.96779539087182,35.37326214802028,424.23948056807774,365
BTCUSD,2021,16,40,36.24706009353434,0.27926470266251463,35.96779539087182,37.71154821179834,424.23948056807774,365
BTCUSD,2021,32,40,36.24706009353434,0.27926470266251463,35.96779539087182,39.91308134019494,424.23948056807774,365
BTCUSD,2021,60,40,36.24706009353434,0.27926470266251463,35.96779539087182,41.809514373433494,424.23948056807774,365
BTCUSD,2022,1,5,-36.20690030751852,2.0798169010601564,-38.28671720857867,21.373233214698832,333.64156954622143,365
BTCUSD,2022,2,10,-13.337394571454883,-2.936600348768982,-10.400794222685901,23.825000258780218,335.1560877827665,365
BTCUSD,2022,4,15,-1.8647286289932343,6.416087571914704,-8.280816200907939,25.969486920060923,335.18709760431693,365
BTCUSD,2022,8,25,10.161904266072336,14.790465419425248,-4.628561153352912,27.94745043948234,335.18005232411525,365
BTCUSD,2022,16,75,17.95420863093294,-0.10274449212846654,18.056953123061405,29.76991234588938,334.89932789940616,365
BTCUSD,2022,32,115,23.03210422481995,5.170075266957546,17.862028957862403,31.45992786641781,334.3902051310053,365
BTCUSD,2022,60,250,29.93130387198579,5.685535536829536,24.245768335156253,32.93221885902578,334.1619158242332,365
BTCUSD,2023,1,5,2.0798169010601564,-2.9305875098088237,5.01040441086898,14.944136894959183,233.28175194938726,365
BTCUSD,2023,2,5,2.0798169010601564,-2.9305875098088237,5.01040441086898,16.583132466223514,233.28175194938726,365
BTCUSD,2023,4,20,18.020965603824138,0.27211605714828,17.748849546675856,17.95654305949602,231.76436136941948,365
BTCUSD,2023,8,30,27.414644317300944,-2.591081593658138,30.005725910959082,19.25517788930698,230.93167465932203,365
BTCUSD,2023,16,30,27.414644317300944,-2.591081593658138,30.005725910959082,20.528006895739285,230.93167465932203,365
BTCUSD,2023,32,30,27.414644317300944,-2.591081593658138,30.005725910959082,21.72639543675349,230.93167465932203,365
BTCUSD,2023,60,30,27.414644317300944,-2.591081593658138,30.005725910959082,22.758704960748297,230.93167465932203,365
BTCUSD,2024,1,5,-2.9305875098088237,-3.100683210448916,0.1700957006400925,17.96015613467069,280.74636978084567,366
BTCUSD,2024,2,10,6.912834296187836,-8.973305808313851,15.886140104501688,19.930222705160862,280.75044959652286,366
BTCUSD,2024,4,10,6.912834296187836,-8.973305808313851,15.886140104501688,21.722130894314507,280.75044959652286,366
BTCUSD,2024,8,35,10.629486751417733,4.72874952524898,5.900737226168753,23.368043905416013,280.6418536124077,366
BTCUSD,2024,16,75,28.673031642916722,5.9158789483074345,22.75715269460929,24.786374696985373,279.21827594558954,366
BTCUSD,2024,32,75,28.673031642916722,5.9158789483074345,22.75715269460929,26.233359178285255,279.21827594558954,366
BTCUSD,2024,60,75,28.673031642916722,5.9158789483074345,22.75715269460929,27.479812903430513,279.21827594558954,366
BTCUSD,2025,1,5,-3.100683210448916,13.068989750802732,-16.16967296125165,14.047156591376226,219.27966282542403,365
BTCUSD,2025,2,5,-3.100683210448916,13.068989750802732,-16.16967296125165,15.587776006465242,219.27966282542403,365
BTCUSD,2025,4,5,-3.100683210448916,13.068989750802732,-16.16967296125165,16.989258764078624,219.27966282542403,365
BTCUSD,2025,8,40,8.065197708431153,5.598560795909974,2.466636912521179,18.273578362726266,219.15913099230315,365
BTCUSD,2025,16,40,8.065197708431153,5.598560795909974,2.466636912521179,19.48152049263555,219.15913099230315,365
BTCUSD,2025,32,85,10.688272630262157,4.376836409900479,6.311436220361678,20.604318904385252,219.0050293273782,365
BTCUSD,2025,60,85,10.688272630262157,4.376836409900479,6.311436220361678,21.58331400287461,219.0050293273782,365
